y_val,x_val,data_channel
0,0,77
0,1,79
0,2,76
0,3,71
0,4,75
0,5,103
0,6,113
0,7,101
0,8,105
0,9,111
0,10,112
0,11,112
0,12,99
0,13,97
0,14,114
0,15,132
0,16,143
0,17,150
0,18,145
0,19,130
0,20,132
0,21,140
0,22,137
0,23,136
0,24,159
0,25,167
0,26,158
0,27,152
0,28,159
0,29,163
0,30,163
0,31,166
0,32,168
0,33,173
0,34,175
0,35,175
0,36,173
0,37,168
0,38,166
0,39,169
0,40,172
0,41,172
0,42,171
0,43,169
0,44,168
0,45,168
0,46,169
0,47,170
0,48,167
0,49,171
0,50,172
0,51,169
0,52,166
0,53,168
0,54,168
0,55,155
0,56,144
0,57,153
0,58,166
0,59,166
0,60,157
0,61,129
0,62,96
0,63,89
0,64,117
0,65,155
0,66,170
0,67,161
0,68,161
0,69,165
0,70,161
0,71,161
0,72,155
0,73,146
0,74,149
0,75,161
0,76,166
0,77,167
0,78,167
0,79,165
0,80,164
0,81,168
0,82,170
0,83,167
0,84,163
0,85,160
0,86,157
0,87,155
0,88,150
0,89,146
0,90,144
0,91,144
0,92,142
0,93,143
0,94,146
0,95,146
0,96,143
0,97,149
0,98,155
0,99,158
0,100,160
0,101,164
0,102,168
0,103,170
0,104,171
0,105,178
0,106,178
0,107,177
0,108,176
0,109,173
0,110,173
0,111,173
0,112,175
0,113,175
0,114,172
0,115,168
0,116,167
0,117,168
0,118,168
0,119,166
0,120,162
0,121,164
0,122,163
0,123,159
0,124,156
0,125,158
0,126,161
0,127,162
0,128,161
0,129,163
0,130,164
0,131,165
0,132,167
0,133,165
0,134,157
0,135,147
0,136,132
0,137,123
0,138,119
0,139,130
0,140,154
0,141,175
0,142,183
0,143,183
0,144,165
0,145,151
0,146,141
0,147,143
0,148,143
0,149,140
1,0,72
1,1,71
1,2,69
1,3,68
1,4,71
1,5,98
1,6,110
1,7,101
1,8,104
1,9,111
1,10,110
1,11,110
1,12,105
1,13,100
1,14,104
1,15,117
1,16,137
1,17,149
1,18,152
1,19,145
1,20,143
1,21,141
1,22,135
1,23,135
1,24,159
1,25,165
1,26,157
1,27,152
1,28,159
1,29,163
1,30,166
1,31,169
1,32,168
1,33,172
1,34,171
1,35,167
1,36,167
1,37,169
1,38,169
1,39,168
1,40,169
1,41,169
1,42,169
1,43,167
1,44,166
1,45,166
1,46,167
1,47,168
1,48,170
1,49,172
1,50,171
1,51,168
1,52,165
1,53,166
1,54,163
1,55,151
1,56,131
1,57,135
1,58,147
1,59,157
1,60,162
1,61,150
1,62,131
1,63,131
1,64,144
1,65,163
1,66,166
1,67,157
1,68,161
1,69,166
1,70,165
1,71,167
1,72,165
1,73,157
1,74,159
1,75,167
1,76,168
1,77,167
1,78,168
1,79,168
1,80,170
1,81,172
1,82,171
1,83,170
1,84,168
1,85,166
1,86,164
1,87,162
1,88,162
1,89,158
1,90,156
1,91,155
1,92,153
1,93,155
1,94,156
1,95,155
1,96,151
1,97,148
1,98,148
1,99,149
1,100,148
1,101,146
1,102,145
1,103,146
1,104,156
1,105,162
1,106,165
1,107,170
1,108,173
1,109,172
1,110,175
1,111,178
1,112,180
1,113,179
1,114,177
1,115,174
1,116,174
1,117,176
1,118,174
1,119,171
1,120,169
1,121,166
1,122,162
1,123,157
1,124,156
1,125,158
1,126,160
1,127,159
1,128,159
1,129,162
1,130,165
1,131,166
1,132,167
1,133,167
1,134,164
1,135,159
1,136,147
1,137,136
1,138,124
1,139,123
1,140,136
1,141,156
1,142,174
1,143,184
1,144,188
1,145,171
1,146,149
1,147,136
1,148,138
1,149,143
2,0,71
2,1,65
2,2,65
2,3,66
2,4,69
2,5,97
2,6,113
2,7,103
2,8,96
2,9,99
2,10,99
2,11,103
2,12,107
2,13,109
2,14,106
2,15,113
2,16,130
2,17,145
2,18,150
2,19,150
2,20,150
2,21,147
2,22,146
2,23,147
2,24,155
2,25,159
2,26,156
2,27,156
2,28,161
2,29,164
2,30,166
2,31,168
2,32,169
2,33,168
2,34,167
2,35,164
2,36,165
2,37,169
2,38,170
2,39,166
2,40,166
2,41,167
2,42,168
2,43,167
2,44,166
2,45,166
2,46,167
2,47,169
2,48,171
2,49,170
2,50,168
2,51,168
2,52,167
2,53,167
2,54,165
2,55,154
2,56,139
2,57,135
2,58,143
2,59,155
2,60,166
2,61,165
2,62,158
2,63,162
2,64,167
2,65,170
2,66,166
2,67,162
2,68,166
2,69,168
2,70,166
2,71,168
2,72,168
2,73,163
2,74,166
2,75,171
2,76,170
2,77,168
2,78,169
2,79,170
2,80,172
2,81,171
2,82,170
2,83,169
2,84,170
2,85,171
2,86,169
2,87,166
2,88,166
2,89,164
2,90,162
2,91,160
2,92,160
2,93,163
2,94,163
2,95,161
2,96,160
2,97,159
2,98,156
2,99,154
2,100,154
2,101,153
2,102,147
2,103,141
2,104,139
2,105,140
2,106,140
2,107,143
2,108,146
2,109,146
2,110,152
2,111,157
2,112,164
2,113,167
2,114,169
2,115,168
2,116,167
2,117,169
2,118,172
2,119,174
2,120,169
2,121,171
2,122,171
2,123,170
2,124,168
2,125,167
2,126,168
2,127,169
2,128,169
2,129,173
2,130,175
2,131,174
2,132,172
2,133,171
2,134,171
2,135,171
2,136,168
2,137,160
2,138,149
2,139,140
2,140,140
2,141,152
2,142,168
2,143,180
2,144,193
2,145,186
2,146,169
2,147,141
2,148,131
2,149,138
3,0,73
3,1,67
3,2,66
3,3,67
3,4,72
3,5,107
3,6,124
3,7,109
3,8,99
3,9,94
3,10,96
3,11,105
3,12,114
3,13,127
3,14,128
3,15,130
3,16,141
3,17,150
3,18,146
3,19,142
3,20,144
3,21,147
3,22,152
3,23,151
3,24,153
3,25,157
3,26,158
3,27,162
3,28,166
3,29,166
3,30,168
3,31,167
3,32,170
3,33,166
3,34,167
3,35,169
3,36,169
3,37,169
3,38,168
3,39,164
3,40,167
3,41,168
3,42,169
3,43,169
3,44,168
3,45,168
3,46,170
3,47,172
3,48,171
3,49,170
3,50,168
3,51,170
3,52,170
3,53,171
3,54,171
3,55,163
3,56,162
3,57,155
3,58,157
3,59,163
3,60,168
3,61,170
3,62,167
3,63,169
3,64,174
3,65,172
3,66,170
3,67,170
3,68,171
3,69,168
3,70,166
3,71,168
3,72,171
3,73,168
3,74,169
3,75,171
3,76,170
3,77,168
3,78,169
3,79,172
3,80,170
3,81,170
3,82,170
3,83,170
3,84,172
3,85,174
3,86,172
3,87,169
3,88,166
3,89,166
3,90,164
3,91,162
3,92,164
3,93,168
3,94,169
3,95,165
3,96,167
3,97,168
3,98,166
3,99,163
3,100,165
3,101,167
3,102,162
3,103,153
3,104,149
3,105,147
3,106,141
3,107,138
3,108,134
3,109,130
3,110,132
3,111,133
3,112,131
3,113,136
3,114,140
3,115,141
3,116,140
3,117,144
3,118,149
3,119,153
3,120,153
3,121,158
3,122,162
3,123,163
3,124,163
3,125,163
3,126,167
3,127,173
3,128,174
3,129,176
3,130,178
3,131,178
3,132,178
3,133,179
3,134,181
3,135,182
3,136,180
3,137,178
3,138,174
3,139,169
3,140,166
3,141,167
3,142,171
3,143,175
3,144,184
3,145,185
3,146,184
3,147,165
3,148,137
3,149,129
4,0,73
4,1,70
4,2,69
4,3,66
4,4,75
4,5,120
4,6,138
4,7,116
4,8,106
4,9,100
4,10,102
4,11,112
4,12,123
4,13,138
4,14,139
4,15,142
4,16,155
4,17,156
4,18,146
4,19,140
4,20,141
4,21,142
4,22,147
4,23,148
4,24,156
4,25,159
4,26,161
4,27,166
4,28,168
4,29,168
4,30,170
4,31,169
4,32,170
4,33,167
4,34,169
4,35,172
4,36,171
4,37,170
4,38,169
4,39,166
4,40,168
4,41,169
4,42,171
4,43,170
4,44,169
4,45,169
4,46,169
4,47,171
4,48,172
4,49,173
4,50,171
4,51,172
4,52,171
4,53,170
4,54,171
4,55,168
4,56,170
4,57,168
4,58,170
4,59,171
4,60,171
4,61,172
4,62,172
4,63,171
4,64,174
4,65,172
4,66,172
4,67,173
4,68,171
4,69,168
4,70,168
4,71,170
4,72,173
4,73,171
4,74,170
4,75,171
4,76,171
4,77,170
4,78,170
4,79,174
4,80,173
4,81,175
4,82,176
4,83,173
4,84,171
4,85,171
4,86,170
4,87,168
4,88,167
4,89,167
4,90,165
4,91,164
4,92,167
4,93,171
4,94,171
4,95,168
4,96,175
4,97,171
4,98,167
4,99,167
4,100,168
4,101,167
4,102,165
4,103,164
4,104,163
4,105,164
4,106,161
4,107,157
4,108,152
4,109,145
4,110,141
4,111,136
4,112,130
4,113,131
4,114,132
4,115,133
4,116,135
4,117,137
4,118,137
4,119,137
4,120,140
4,121,145
4,122,149
4,123,153
4,124,155
4,125,155
4,126,156
4,127,159
4,128,160
4,129,157
4,130,155
4,131,156
4,132,158
4,133,160
4,134,162
4,135,164
4,136,162
4,137,163
4,138,165
4,139,166
4,140,168
4,141,170
4,142,172
4,143,173
4,144,177
4,145,178
4,146,182
4,147,185
4,148,164
4,149,140
5,0,71
5,1,70
5,2,68
5,3,65
5,4,78
5,5,128
5,6,148
5,7,124
5,8,114
5,9,115
5,10,115
5,11,126
5,12,138
5,13,146
5,14,143
5,15,149
5,16,152
5,17,150
5,18,146
5,19,148
5,20,149
5,21,145
5,22,145
5,23,148
5,24,156
5,25,161
5,26,163
5,27,167
5,28,169
5,29,168
5,30,169
5,31,167
5,32,170
5,33,171
5,34,170
5,35,168
5,36,167
5,37,170
5,38,172
5,39,170
5,40,168
5,41,169
5,42,170
5,43,170
5,44,168
5,45,167
5,46,167
5,47,167
5,48,171
5,49,173
5,50,171
5,51,171
5,52,169
5,53,168
5,54,170
5,55,169
5,56,169
5,57,172
5,58,175
5,59,173
5,60,171
5,61,172
5,62,172
5,63,171
5,64,173
5,65,172
5,66,172
5,67,172
5,68,171
5,69,170
5,70,170
5,71,170
5,72,169
5,73,170
5,74,171
5,75,173
5,76,176
5,77,175
5,78,174
5,79,177
5,80,181
5,81,190
5,82,191
5,83,181
5,84,171
5,85,168
5,86,167
5,87,166
5,88,169
5,89,169
5,90,167
5,91,165
5,92,168
5,93,171
5,94,170
5,95,169
5,96,173
5,97,172
5,98,170
5,99,169
5,100,168
5,101,167
5,102,167
5,103,168
5,104,169
5,105,172
5,106,172
5,107,172
5,108,169
5,109,165
5,110,161
5,111,153
5,112,151
5,113,152
5,114,153
5,115,154
5,116,153
5,117,151
5,118,148
5,119,147
5,120,147
5,121,154
5,122,157
5,123,158
5,124,159
5,125,156
5,126,154
5,127,156
5,128,155
5,129,148
5,130,140
5,131,137
5,132,137
5,133,137
5,134,137
5,135,138
5,136,140
5,137,140
5,138,139
5,139,139
5,140,142
5,141,148
5,142,155
5,143,160
5,144,169
5,145,179
5,146,179
5,147,187
5,148,183
5,149,165
6,0,72
6,1,71
6,2,69
6,3,67
6,4,82
6,5,132
6,6,153
6,7,133
6,8,121
6,9,125
6,10,126
6,11,138
6,12,146
6,13,147
6,14,144
6,15,148
6,16,150
6,17,147
6,18,150
6,19,155
6,20,158
6,21,152
6,22,148
6,23,152
6,24,156
6,25,163
6,26,164
6,27,167
6,28,170
6,29,168
6,30,167
6,31,166
6,32,168
6,33,171
6,34,169
6,35,165
6,36,165
6,37,168
6,38,169
6,39,169
6,40,167
6,41,168
6,42,168
6,43,169
6,44,168
6,45,168
6,46,167
6,47,166
6,48,169
6,49,172
6,50,170
6,51,169
6,52,168
6,53,168
6,54,171
6,55,171
6,56,169
6,57,173
6,58,173
6,59,170
6,60,169
6,61,169
6,62,170
6,63,170
6,64,172
6,65,173
6,66,173
6,67,173
6,68,172
6,69,170
6,70,168
6,71,167
6,72,167
6,73,169
6,74,166
6,75,164
6,76,165
6,77,164
6,78,164
6,79,169
6,80,180
6,81,197
6,82,205
6,83,192
6,84,175
6,85,169
6,86,170
6,87,170
6,88,173
6,89,172
6,90,170
6,91,168
6,92,171
6,93,172
6,94,171
6,95,172
6,96,169
6,97,172
6,98,173
6,99,171
6,100,169
6,101,168
6,102,168
6,103,167
6,104,174
6,105,173
6,106,172
6,107,173
6,108,173
6,109,171
6,110,171
6,111,166
6,112,162
6,113,165
6,114,167
6,115,167
6,116,164
6,117,161
6,118,161
6,119,162
6,120,161
6,121,165
6,122,164
6,123,160
6,124,161
6,125,161
6,126,162
6,127,166
6,128,169
6,129,162
6,130,155
6,131,152
6,132,151
6,133,149
6,134,148
6,135,150
6,136,150
6,137,148
6,138,144
6,139,139
6,140,136
6,141,135
6,142,136
6,143,138
6,144,156
6,145,173
6,146,175
6,147,179
6,148,183
6,149,180
7,0,75
7,1,73
7,2,71
7,3,71
7,4,86
7,5,133
7,6,155
7,7,140
7,8,135
7,9,136
7,10,137
7,11,150
7,12,150
7,13,147
7,14,147
7,15,147
7,16,151
7,17,148
7,18,151
7,19,155
7,20,160
7,21,160
7,22,154
7,23,156
7,24,161
7,25,168
7,26,166
7,27,165
7,28,169
7,29,169
7,30,170
7,31,170
7,32,167
7,33,168
7,34,166
7,35,166
7,36,167
7,37,165
7,38,164
7,39,166
7,40,166
7,41,167
7,42,168
7,43,169
7,44,170
7,45,170
7,46,169
7,47,168
7,48,169
7,49,172
7,50,170
7,51,169
7,52,169
7,53,170
7,54,173
7,55,173
7,56,168
7,57,170
7,58,167
7,59,166
7,60,168
7,61,169
7,62,171
7,63,174
7,64,172
7,65,174
7,66,173
7,67,172
7,68,170
7,69,167
7,70,165
7,71,167
7,72,169
7,73,166
7,74,153
7,75,140
7,76,136
7,77,135
7,78,138
7,79,147
7,80,163
7,81,188
7,82,203
7,83,192
7,84,174
7,85,169
7,86,172
7,87,173
7,88,172
7,89,172
7,90,169
7,91,169
7,92,171
7,93,171
7,94,171
7,95,173
7,96,177
7,97,173
7,98,173
7,99,174
7,100,170
7,101,164
7,102,164
7,103,168
7,104,164
7,105,161
7,106,160
7,107,165
7,108,168
7,109,169
7,110,173
7,111,172
7,112,171
7,113,171
7,114,171
7,115,171
7,116,171
7,117,171
7,118,172
7,119,173
7,120,168
7,121,169
7,122,165
7,123,163
7,124,170
7,125,175
7,126,174
7,127,173
7,128,175
7,129,172
7,130,170
7,131,170
7,132,168
7,133,165
7,134,165
7,135,168
7,136,167
7,137,167
7,138,168
7,139,165
7,140,158
7,141,147
7,142,137
7,143,130
7,144,138
7,145,151
7,146,163
7,147,173
7,148,181
7,149,183
8,0,76
8,1,76
8,2,73
8,3,75
8,4,89
8,5,136
8,6,162
8,7,145
8,8,142
8,9,146
8,10,147
8,11,153
8,12,157
8,13,153
8,14,150
8,15,150
8,16,145
8,17,148
8,18,151
8,19,154
8,20,153
8,21,155
8,22,154
8,23,160
8,24,157
8,25,162
8,26,160
8,27,164
8,28,166
8,29,169
8,30,177
8,31,170
8,32,159
8,33,163
8,34,163
8,35,167
8,36,167
8,37,161
8,38,161
8,39,162
8,40,160
8,41,164
8,42,168
8,43,169
8,44,170
8,45,170
8,46,169
8,47,168
8,48,167
8,49,172
8,50,171
8,51,167
8,52,168
8,53,170
8,54,170
8,55,172
8,56,164
8,57,166
8,58,167
8,59,167
8,60,166
8,61,168
8,62,171
8,63,173
8,64,169
8,65,168
8,66,166
8,67,166
8,68,167
8,69,165
8,70,166
8,71,170
8,72,171
8,73,168
8,74,150
8,75,123
8,76,107
8,77,106
8,78,112
8,79,117
8,80,134
8,81,167
8,82,191
8,83,185
8,84,171
8,85,169
8,86,172
8,87,171
8,88,168
8,89,171
8,90,172
8,91,170
8,92,170
8,93,173
8,94,175
8,95,175
8,96,174
8,97,176
8,98,175
8,99,171
8,100,168
8,101,168
8,102,160
8,103,149
8,104,136
8,105,139
8,106,138
8,107,139
8,108,149
8,109,161
8,110,169
8,111,173
8,112,171
8,113,173
8,114,173
8,115,172
8,116,172
8,117,174
8,118,175
8,119,173
8,120,171
8,121,171
8,122,170
8,123,171
8,124,177
8,125,184
8,126,185
8,127,181
8,128,174
8,129,174
8,130,175
8,131,175
8,132,175
8,133,174
8,134,172
8,135,171
8,136,174
8,137,174
8,138,174
8,139,175
8,140,172
8,141,163
8,142,154
8,143,142
8,144,135
8,145,136
8,146,148
8,147,161
8,148,173
8,149,181
9,0,81
9,1,76
9,2,74
9,3,78
9,4,91
9,5,136
9,6,162
9,7,150
9,8,144
9,9,142
9,10,144
9,11,154
9,12,158
9,13,156
9,14,156
9,15,150
9,16,149
9,17,145
9,18,149
9,19,149
9,20,142
9,21,150
9,22,151
9,23,147
9,24,150
9,25,154
9,26,155
9,27,160
9,28,162
9,29,162
9,30,166
9,31,163
9,32,159
9,33,159
9,34,156
9,35,160
9,36,162
9,37,158
9,38,157
9,39,157
9,40,161
9,41,164
9,42,168
9,43,170
9,44,169
9,45,167
9,46,167
9,47,169
9,48,170
9,49,170
9,50,169
9,51,167
9,52,167
9,53,170
9,54,170
9,55,168
9,56,164
9,57,167
9,58,170
9,59,170
9,60,169
9,61,170
9,62,172
9,63,173
9,64,173
9,65,174
9,66,173
9,67,170
9,68,165
9,69,165
9,70,169
9,71,172
9,72,173
9,73,168
9,74,154
9,75,135
9,76,118
9,77,106
9,78,104
9,79,110
9,80,127
9,81,155
9,82,179
9,83,178
9,84,171
9,85,171
9,86,172
9,87,170
9,88,173
9,89,171
9,90,171
9,91,173
9,92,173
9,93,170
9,94,169
9,95,168
9,96,168
9,97,176
9,98,175
9,99,168
9,100,170
9,101,168
9,102,152
9,103,133
9,104,126
9,105,125
9,106,124
9,107,129
9,108,137
9,109,147
9,110,159
9,111,169
9,112,174
9,113,173
9,114,173
9,115,174
9,116,175
9,117,174
9,118,173
9,119,172
9,120,173
9,121,172
9,122,170
9,123,171
9,124,175
9,125,180
9,126,181
9,127,180
9,128,178
9,129,178
9,130,178
9,131,177
9,132,177
9,133,175
9,134,174
9,135,173
9,136,174
9,137,180
9,138,186
9,139,189
9,140,182
9,141,170
9,142,163
9,143,154
9,144,142
9,145,136
9,146,138
9,147,147
9,148,163
9,149,176
10,0,81
10,1,78
10,2,77
10,3,75
10,4,87
10,5,138
10,6,163
10,7,150
10,8,149
10,9,146
10,10,148
10,11,155
10,12,154
10,13,151
10,14,151
10,15,148
10,16,147
10,17,141
10,18,144
10,19,145
10,20,139
10,21,150
10,22,153
10,23,147
10,24,148
10,25,149
10,26,149
10,27,152
10,28,155
10,29,154
10,30,154
10,31,156
10,32,156
10,33,157
10,34,155
10,35,156
10,36,156
10,37,153
10,38,154
10,39,156
10,40,159
10,41,162
10,42,166
10,43,168
10,44,167
10,45,166
10,46,167
10,47,170
10,48,169
10,49,169
10,50,171
10,51,170
10,52,165
10,53,166
10,54,169
10,55,167
10,56,166
10,57,169
10,58,171
10,59,170
10,60,170
10,61,171
10,62,172
10,63,173
10,64,168
10,65,179
10,66,188
10,67,184
10,68,170
10,69,165
10,70,168
10,71,169
10,72,171
10,73,165
10,74,158
10,75,155
10,76,150
10,77,139
10,78,131
10,79,132
10,80,143
10,81,160
10,82,173
10,83,173
10,84,171
10,85,173
10,86,173
10,87,170
10,88,172
10,89,174
10,90,174
10,91,174
10,92,174
10,93,172
10,94,164
10,95,155
10,96,155
10,97,173
10,98,176
10,99,169
10,100,171
10,101,167
10,102,145
10,103,122
10,104,120
10,105,119
10,106,120
10,107,122
10,108,123
10,109,133
10,110,151
10,111,166
10,112,168
10,113,169
10,114,169
10,115,170
10,116,172
10,117,171
10,118,168
10,119,165
10,120,166
10,121,166
10,122,167
10,123,169
10,124,172
10,125,175
10,126,176
10,127,176
10,128,178
10,129,178
10,130,178
10,131,178
10,132,177
10,133,176
10,134,176
10,135,175
10,136,174
10,137,188
10,138,203
10,139,210
10,140,198
10,141,181
10,142,171
10,143,164
10,144,157
10,145,145
10,146,137
10,147,139
10,148,153
10,149,167
11,0,79
11,1,77
11,2,78
11,3,71
11,4,82
11,5,134
11,6,160
11,7,148
11,8,151
11,9,150
11,10,146
11,11,148
11,12,149
11,13,142
11,14,140
11,15,143
11,16,139
11,17,138
11,18,139
11,19,143
11,20,148
11,21,156
11,22,154
11,23,155
11,24,156
11,25,152
11,26,149
11,27,146
11,28,149
11,29,151
11,30,149
11,31,154
11,32,154
11,33,156
11,34,156
11,35,155
11,36,154
11,37,151
11,38,152
11,39,155
11,40,157
11,41,163
11,42,165
11,43,164
11,44,163
11,45,166
11,46,168
11,47,166
11,48,166
11,49,166
11,50,168
11,51,168
11,52,164
11,53,164
11,54,166
11,55,164
11,56,168
11,57,169
11,58,170
11,59,168
11,60,168
11,61,169
11,62,171
11,63,172
11,64,169
11,65,178
11,66,188
11,67,184
11,68,169
11,69,163
11,70,167
11,71,169
11,72,165
11,73,162
11,74,162
11,75,165
11,76,170
11,77,168
11,78,162
11,79,158
11,80,166
11,81,171
11,82,174
11,83,172
11,84,170
11,85,172
11,86,172
11,87,170
11,88,170
11,89,173
11,90,173
11,91,171
11,92,173
11,93,174
11,94,166
11,95,155
11,96,161
11,97,175
11,98,178
11,99,172
11,100,172
11,101,166
11,102,145
11,103,123
11,104,116
11,105,118
11,106,120
11,107,118
11,108,119
11,109,135
11,110,156
11,111,166
11,112,160
11,113,165
11,114,168
11,115,168
11,116,172
11,117,177
11,118,174
11,119,166
11,120,159
11,121,161
11,122,164
11,123,169
11,124,171
11,125,171
11,126,171
11,127,172
11,128,175
11,129,175
11,130,175
11,131,176
11,132,176
11,133,176
11,134,177
11,135,178
11,136,178
11,137,192
11,138,209
11,139,217
11,140,205
11,141,185
11,142,174
11,143,169
11,144,165
11,145,156
11,146,144
11,147,137
11,148,139
11,149,145
12,0,80
12,1,74
12,2,75
12,3,72
12,4,80
12,5,127
12,6,154
12,7,149
12,8,149
12,9,146
12,10,140
12,11,143
12,12,147
12,13,142
12,14,138
12,15,137
12,16,132
12,17,135
12,18,135
12,19,142
12,20,155
12,21,164
12,22,157
12,23,157
12,24,162
12,25,159
12,26,157
12,27,149
12,28,148
12,29,150
12,30,148
12,31,153
12,32,154
12,33,154
12,34,152
12,35,150
12,36,151
12,37,152
12,38,152
12,39,153
12,40,161
12,41,164
12,42,164
12,43,162
12,44,162
12,45,164
12,46,164
12,47,161
12,48,163
12,49,161
12,50,160
12,51,163
12,52,165
12,53,165
12,54,163
12,55,161
12,56,167
12,57,168
12,58,168
12,59,167
12,60,166
12,61,167
12,62,169
12,63,170
12,64,172
12,65,171
12,66,175
12,67,174
12,68,168
12,69,167
12,70,170
12,71,169
12,72,164
12,73,166
12,74,167
12,75,168
12,76,170
12,77,172
12,78,172
12,79,171
12,80,169
12,81,171
12,82,172
12,83,172
12,84,171
12,85,171
12,86,170
12,87,169
12,88,170
12,89,168
12,90,166
12,91,167
12,92,170
12,93,172
12,94,172
12,95,171
12,96,176
12,97,176
12,98,173
12,99,171
12,100,172
12,101,170
12,102,156
12,103,140
12,104,130
12,105,130
12,106,129
12,107,128
12,108,136
12,109,153
12,110,164
12,111,163
12,112,155
12,113,160
12,114,164
12,115,165
12,116,171
12,117,179
12,118,179
12,119,174
12,120,165
12,121,165
12,122,168
12,123,172
12,124,172
12,125,171
12,126,170
12,127,171
12,128,172
12,129,173
12,130,174
12,131,175
12,132,176
12,133,177
12,134,178
12,135,179
12,136,180
12,137,188
12,138,197
12,139,202
12,140,193
12,141,180
12,142,175
12,143,173
12,144,168
12,145,164
12,146,153
12,147,141
12,148,132
12,149,129
13,0,79
13,1,75
13,2,76
13,3,72
13,4,78
13,5,124
13,6,155
13,7,151
13,8,152
13,9,148
13,10,146
13,11,149
13,12,148
13,13,144
13,14,143
13,15,137
13,16,130
13,17,134
13,18,134
13,19,142
13,20,159
13,21,175
13,22,167
13,23,159
13,24,161
13,25,163
13,26,165
13,27,157
13,28,151
13,29,150
13,30,148
13,31,151
13,32,152
13,33,152
13,34,150
13,35,145
13,36,145
13,37,149
13,38,151
13,39,155
13,40,163
13,41,161
13,42,160
13,43,162
13,44,162
13,45,160
13,46,159
13,47,159
13,48,159
13,49,158
13,50,159
13,51,163
13,52,166
13,53,165
13,54,163
13,55,163
13,56,165
13,57,166
13,58,167
13,59,167
13,60,166
13,61,166
13,62,167
13,63,167
13,64,169
13,65,167
13,66,170
13,67,173
13,68,172
13,69,173
13,70,173
13,71,171
13,72,173
13,73,171
13,74,172
13,75,172
13,76,171
13,77,173
13,78,175
13,79,176
13,80,170
13,81,171
13,82,172
13,83,173
13,84,173
13,85,172
13,86,171
13,87,171
13,88,169
13,89,168
13,90,166
13,91,166
13,92,168
13,93,171
13,94,174
13,95,175
13,96,175
13,97,172
13,98,171
13,99,171
13,100,171
13,101,170
13,102,165
13,103,158
13,104,155
13,105,152
13,106,151
13,107,151
13,108,156
13,109,162
13,110,164
13,111,160
13,112,159
13,113,160
13,114,161
13,115,163
13,116,166
13,117,170
13,118,172
13,119,172
13,120,171
13,121,170
13,122,169
13,123,171
13,124,171
13,125,171
13,126,171
13,127,172
13,128,172
13,129,174
13,130,175
13,131,176
13,132,176
13,133,176
13,134,177
13,135,178
13,136,176
13,137,177
13,138,179
13,139,183
13,140,179
13,141,174
13,142,175
13,143,173
13,144,171
13,145,170
13,146,161
13,147,150
13,148,138
13,149,131
14,0,75
14,1,76
14,2,75
14,3,70
14,4,75
14,5,121
14,6,157
14,7,154
14,8,158
14,9,156
14,10,154
14,11,154
14,12,151
14,13,148
14,14,148
14,15,142
14,16,139
14,17,142
14,18,141
14,19,146
14,20,160
14,21,177
14,22,171
14,23,164
14,24,160
14,25,162
14,26,165
14,27,163
14,28,156
14,29,151
14,30,149
14,31,151
14,32,152
14,33,153
14,34,153
14,35,146
14,36,145
14,37,150
14,38,154
14,39,161
14,40,162
14,41,159
14,42,159
14,43,162
14,44,161
14,45,158
14,46,157
14,47,159
14,48,153
14,49,153
14,50,159
14,51,164
14,52,161
14,53,160
14,54,163
14,55,164
14,56,162
14,57,164
14,58,165
14,59,165
14,60,164
14,61,165
14,62,166
14,63,166
14,64,167
14,65,169
14,66,171
14,67,171
14,68,171
14,69,173
14,70,174
14,71,174
14,72,173
14,73,171
14,74,172
14,75,174
14,76,173
14,77,173
14,78,174
14,79,173
14,80,173
14,81,173
14,82,174
14,83,175
14,84,174
14,85,172
14,86,172
14,87,173
14,88,168
14,89,170
14,90,169
14,91,168
14,92,168
14,93,171
14,94,171
14,95,169
14,96,173
14,97,177
14,98,177
14,99,173
14,100,168
14,101,166
14,102,165
14,103,166
14,104,165
14,105,165
14,106,164
14,107,164
14,108,164
14,109,162
14,110,162
14,111,164
14,112,166
14,113,166
14,114,167
14,115,166
14,116,165
14,117,164
14,118,165
14,119,167
14,120,171
14,121,168
14,122,166
14,123,166
14,124,168
14,125,170
14,126,171
14,127,171
14,128,171
14,129,173
14,130,175
14,131,175
14,132,175
14,133,174
14,134,174
14,135,174
14,136,172
14,137,173
14,138,172
14,139,175
14,140,174
14,141,172
14,142,174
14,143,172
14,144,171
14,145,170
14,146,164
14,147,158
14,148,149
14,149,141
15,0,74
15,1,72
15,2,70
15,3,71
15,4,75
15,5,116
15,6,156
15,7,159
15,8,159
15,9,158
15,10,151
15,11,150
15,12,154
15,13,153
15,14,151
15,15,148
15,16,153
15,17,155
15,18,151
15,19,151
15,20,160
15,21,169
15,22,163
15,23,163
15,24,163
15,25,159
15,26,161
15,27,163
15,28,158
15,29,153
15,30,152
15,31,152
15,32,156
15,33,156
15,34,154
15,35,148
15,36,150
15,37,157
15,38,159
15,39,163
15,40,162
15,41,161
15,42,161
15,43,161
15,44,159
15,45,156
15,46,156
15,47,156
15,48,148
15,49,145
15,50,153
15,51,160
15,52,156
15,53,157
15,54,161
15,55,159
15,56,161
15,57,162
15,58,162
15,59,161
15,60,161
15,61,163
15,62,165
15,63,166
15,64,165
15,65,170
15,66,170
15,67,168
15,68,169
15,69,172
15,70,171
15,71,168
15,72,161
15,73,166
15,74,173
15,75,175
15,76,172
15,77,173
15,78,175
15,79,173
15,80,169
15,81,170
15,82,172
15,83,174
15,84,175
15,85,173
15,86,172
15,87,173
15,88,171
15,89,167
15,90,167
15,91,170
15,92,171
15,93,168
15,94,168
15,95,171
15,96,175
15,97,183
15,98,180
15,99,170
15,100,168
15,101,169
15,102,170
15,103,174
15,104,171
15,105,172
15,106,170
15,107,168
15,108,168
15,109,166
15,110,165
15,111,169
15,112,165
15,113,169
15,114,172
15,115,169
15,116,166
15,117,165
15,118,164
15,119,163
15,120,170
15,121,167
15,122,164
15,123,164
15,124,167
15,125,169
15,126,169
15,127,168
15,128,168
15,129,170
15,130,172
15,131,173
15,132,172
15,133,171
15,134,171
15,135,170
15,136,175
15,137,175
15,138,173
15,139,174
15,140,173
15,141,173
15,142,175
15,143,173
15,144,170
15,145,171
15,146,167
15,147,165
15,148,159
15,149,150
16,0,77
16,1,72
16,2,70
16,3,70
16,4,75
16,5,111
16,6,154
16,7,163
16,8,156
16,9,156
16,10,153
16,11,152
16,12,153
16,13,152
16,14,151
16,15,152
16,16,156
16,17,161
16,18,161
16,19,160
16,20,162
16,21,161
16,22,159
16,23,158
16,24,157
16,25,168
16,26,163
16,27,161
16,28,163
16,29,157
16,30,152
16,31,151
16,32,154
16,33,157
16,34,151
16,35,154
16,36,155
16,37,159
16,38,157
16,39,158
16,40,158
16,41,155
16,42,155
16,43,159
16,44,159
16,45,157
16,46,155
16,47,157
16,48,148
16,49,150
16,50,155
16,51,158
16,52,156
16,53,155
16,54,156
16,55,154
16,56,155
16,57,160
16,58,160
16,59,159
16,60,164
16,61,169
16,62,169
16,63,167
16,64,168
16,65,172
16,66,172
16,67,168
16,68,168
16,69,171
16,70,170
16,71,168
16,72,142
16,73,143
16,74,159
16,75,170
16,76,171
16,77,173
16,78,172
16,79,171
16,80,169
16,81,170
16,82,173
16,83,176
16,84,176
16,85,170
16,86,167
16,87,168
16,88,174
16,89,171
16,90,171
16,91,171
16,92,168
16,93,165
16,94,165
16,95,163
16,96,165
16,97,174
16,98,172
16,99,171
16,100,172
16,101,171
16,102,173
16,103,175
16,104,171
16,105,174
16,106,175
16,107,172
16,108,170
16,109,171
16,110,173
16,111,174
16,112,168
16,113,173
16,114,174
16,115,171
16,116,168
16,117,164
16,118,164
16,119,167
16,120,172
16,121,172
16,122,170
16,123,168
16,124,166
16,125,166
16,126,166
16,127,166
16,128,168
16,129,172
16,130,173
16,131,171
16,132,171
16,133,171
16,134,171
16,135,173
16,136,170
16,137,171
16,138,172
16,139,173
16,140,173
16,141,172
16,142,171
16,143,171
16,144,171
16,145,172
16,146,171
16,147,169
16,148,166
16,149,164
17,0,79
17,1,72
17,2,71
17,3,72
17,4,75
17,5,111
17,6,156
17,7,162
17,8,157
17,9,158
17,10,157
17,11,157
17,12,159
17,13,156
17,14,151
17,15,148
17,16,155
17,17,158
17,18,157
17,19,156
17,20,158
17,21,161
17,22,163
17,23,164
17,24,162
17,25,164
17,26,163
17,27,163
17,28,157
17,29,151
17,30,153
17,31,158
17,32,158
17,33,157
17,34,153
17,35,156
17,36,158
17,37,163
17,38,157
17,39,155
17,40,154
17,41,154
17,42,153
17,43,153
17,44,155
17,45,157
17,46,154
17,47,150
17,48,155
17,49,155
17,50,160
17,51,162
17,52,156
17,53,150
17,54,151
17,55,153
17,56,153
17,57,155
17,58,157
17,59,162
17,60,169
17,61,172
17,62,171
17,63,170
17,64,170
17,65,169
17,66,171
17,67,171
17,68,167
17,69,169
17,70,171
17,71,166
17,72,149
17,73,134
17,74,137
17,75,156
17,76,171
17,77,175
17,78,171
17,79,170
17,80,175
17,81,173
17,82,171
17,83,174
17,84,178
17,85,173
17,86,167
17,87,167
17,88,180
17,89,174
17,90,171
17,91,169
17,92,167
17,93,167
17,94,168
17,95,168
17,96,172
17,97,173
17,98,167
17,99,169
17,100,174
17,101,175
17,102,175
17,103,175
17,104,176
17,105,176
17,106,177
17,107,179
17,108,179
17,109,177
17,110,175
17,111,174
17,112,170
17,113,172
17,114,171
17,115,169
17,116,169
17,117,167
17,118,166
17,119,168
17,120,172
17,121,172
17,122,172
17,123,170
17,124,168
17,125,168
17,126,169
17,127,169
17,128,172
17,129,173
17,130,172
17,131,170
17,132,172
17,133,171
17,134,169
17,135,168
17,136,172
17,137,171
17,138,171
17,139,171
17,140,170
17,141,169
17,142,171
17,143,174
17,144,173
17,145,172
17,146,171
17,147,169
17,148,168
17,149,167
18,0,79
18,1,71
18,2,72
18,3,73
18,4,71
18,5,107
18,6,156
18,7,162
18,8,155
18,9,157
18,10,158
18,11,157
18,12,154
18,13,151
18,14,149
18,15,150
18,16,155
18,17,156
18,18,153
18,19,150
18,20,152
18,21,156
18,22,159
18,23,162
18,24,163
18,25,162
18,26,163
18,27,162
18,28,157
18,29,153
18,30,152
18,31,156
18,32,158
18,33,152
18,34,155
18,35,161
18,36,163
18,37,164
18,38,156
18,39,156
18,40,156
18,41,152
18,42,150
18,43,152
18,44,152
18,45,148
18,46,146
18,47,146
18,48,155
18,49,161
18,50,168
18,51,165
18,52,157
18,53,151
18,54,149
18,55,148
18,56,151
18,57,150
18,58,154
18,59,165
18,60,173
18,61,171
18,62,169
18,63,170
18,64,168
18,65,165
18,66,169
18,67,172
18,68,169
18,69,170
18,70,172
18,71,169
18,72,163
18,73,149
18,74,144
18,75,152
18,76,167
18,77,176
18,78,173
18,79,170
18,80,172
18,81,173
18,82,171
18,83,172
18,84,176
18,85,175
18,86,172
18,87,175
18,88,180
18,89,175
18,90,170
18,91,168
18,92,167
18,93,169
18,94,171
18,95,171
18,96,172
18,97,172
18,98,172
18,99,175
18,100,177
18,101,175
18,102,177
18,103,179
18,104,178
18,105,178
18,106,179
18,107,185
18,108,191
18,109,191
18,110,183
18,111,175
18,112,170
18,113,173
18,114,173
18,115,170
18,116,168
18,117,167
18,118,169
18,119,173
18,120,172
18,121,173
18,122,172
18,123,171
18,124,169
18,125,170
18,126,171
18,127,171
18,128,171
18,129,172
18,130,171
18,131,170
18,132,171
18,133,171
18,134,169
18,135,168
18,136,170
18,137,168
18,138,167
18,139,166
18,140,164
18,141,163
18,142,167
18,143,172
18,144,175
18,145,174
18,146,173
18,147,171
18,148,170
18,149,169
19,0,76
19,1,72
19,2,72
19,3,71
19,4,67
19,5,101
19,6,153
19,7,163
19,8,156
19,9,157
19,10,157
19,11,155
19,12,152
19,13,151
19,14,152
19,15,155
19,16,154
19,17,155
19,18,152
19,19,149
19,20,148
19,21,150
19,22,152
19,23,153
19,24,163
19,25,171
19,26,172
19,27,160
19,28,157
19,29,158
19,30,153
19,31,155
19,32,151
19,33,146
19,34,158
19,35,167
19,36,166
19,37,162
19,38,155
19,39,158
19,40,157
19,41,153
19,42,153
19,43,154
19,44,150
19,45,144
19,46,144
19,47,149
19,48,152
19,49,162
19,50,169
19,51,165
19,52,157
19,53,154
19,54,151
19,55,148
19,56,151
19,57,149
19,58,155
19,59,167
19,60,173
19,61,169
19,62,167
19,63,169
19,64,165
19,65,167
19,66,167
19,67,169
19,68,172
19,69,172
19,70,171
19,71,171
19,72,170
19,73,172
19,74,168
19,75,164
19,76,169
19,77,175
19,78,173
19,79,170
19,80,169
19,81,171
19,82,172
19,83,173
19,84,174
19,85,175
19,86,176
19,87,179
19,88,175
19,89,173
19,90,172
19,91,171
19,92,171
19,93,172
19,94,174
19,95,175
19,96,175
19,97,172
19,98,173
19,99,177
19,100,178
19,101,177
19,102,177
19,103,175
19,104,178
19,105,180
19,106,182
19,107,188
19,108,199
19,109,205
19,110,195
19,111,181
19,112,173
19,113,175
19,114,175
19,115,173
19,116,170
19,117,169
19,118,171
19,119,174
19,120,171
19,121,172
19,122,172
19,123,170
19,124,168
19,125,169
19,126,171
19,127,172
19,128,169
19,129,170
19,130,171
19,131,170
19,132,169
19,133,168
19,134,169
19,135,171
19,136,167
19,137,165
19,138,164
19,139,163
19,140,161
19,141,160
19,142,163
19,143,168
19,144,173
19,145,174
19,146,175
19,147,175
19,148,173
19,149,172
20,0,75
20,1,72
20,2,68
20,3,67
20,4,66
20,5,98
20,6,150
20,7,163
20,8,157
20,9,154
20,10,152
20,11,153
20,12,154
20,13,154
20,14,152
20,15,149
20,16,152
20,17,154
20,18,155
20,19,154
20,20,153
20,21,154
20,22,153
20,23,151
20,24,159
20,25,180
20,26,189
20,27,172
20,28,160
20,29,158
20,30,153
20,31,154
20,32,145
20,33,145
20,34,161
20,35,167
20,36,166
20,37,162
20,38,155
20,39,157
20,40,156
20,41,157
20,42,157
20,43,154
20,44,150
20,45,146
20,46,145
20,47,146
20,48,154
20,49,157
20,50,161
20,51,161
20,52,157
20,53,153
20,54,153
20,55,155
20,56,152
20,57,152
20,58,158
20,59,167
20,60,170
20,61,167
20,62,166
20,63,168
20,64,166
20,65,168
20,66,168
20,67,168
20,68,170
20,69,171
20,70,169
20,71,167
20,72,167
20,73,173
20,74,174
20,75,175
20,76,176
20,77,173
20,78,170
20,79,170
20,80,164
20,81,149
20,82,146
20,83,158
20,84,169
20,85,174
20,86,175
20,87,173
20,88,172
20,89,174
20,90,175
20,91,175
20,92,175
20,93,176
20,94,177
20,95,178
20,96,177
20,97,174
20,98,175
20,99,175
20,100,176
20,101,177
20,102,176
20,103,174
20,104,175
20,105,178
20,106,180
20,107,182
20,108,190
20,109,196
20,110,190
20,111,179
20,112,176
20,113,173
20,114,172
20,115,172
20,116,174
20,117,175
20,118,173
20,119,171
20,120,171
20,121,172
20,122,171
20,123,169
20,124,169
20,125,171
20,126,173
20,127,174
20,128,172
20,129,172
20,130,170
20,131,169
20,132,166
20,133,166
20,134,167
20,135,168
20,136,167
20,137,164
20,138,164
20,139,165
20,140,165
20,141,163
20,142,163
20,143,165
20,144,170
20,145,172
20,146,175
20,147,176
20,148,175
20,149,174
21,0,75
21,1,72
21,2,65
21,3,65
21,4,67
21,5,98
21,6,149
21,7,162
21,8,157
21,9,153
21,10,150
21,11,150
21,12,151
21,13,152
21,14,152
21,15,149
21,16,156
21,17,159
21,18,162
21,19,162
21,20,160
21,21,160
21,22,158
21,23,155
21,24,157
21,25,174
21,26,189
21,27,181
21,28,163
21,29,155
21,30,152
21,31,149
21,32,148
21,33,153
21,34,164
21,35,162
21,36,164
21,37,165
21,38,160
21,39,154
21,40,153
21,41,151
21,42,150
21,43,152
21,44,151
21,45,147
21,46,145
21,47,146
21,48,153
21,49,156
21,50,157
21,51,157
21,52,157
21,53,155
21,54,154
21,55,154
21,56,155
21,57,156
21,58,160
21,59,164
21,60,163
21,61,162
21,62,162
21,63,162
21,64,166
21,65,164
21,66,167
21,67,167
21,68,166
21,69,169
21,70,169
21,71,163
21,72,164
21,73,170
21,74,172
21,75,175
21,76,175
21,77,171
21,78,171
21,79,173
21,80,162
21,81,128
21,82,112
21,83,134
21,84,162
21,85,176
21,86,174
21,87,169
21,88,171
21,89,174
21,90,174
21,91,174
21,92,174
21,93,175
21,94,175
21,95,177
21,96,175
21,97,176
21,98,178
21,99,176
21,100,175
21,101,175
21,102,175
21,103,177
21,104,176
21,105,176
21,106,176
21,107,175
21,108,175
21,109,175
21,110,175
21,111,174
21,112,173
21,113,171
21,114,172
21,115,174
21,116,175
21,117,176
21,118,174
21,119,171
21,120,172
21,121,172
21,122,171
21,123,171
21,124,172
21,125,174
21,126,176
21,127,176
21,128,175
21,129,171
21,130,168
21,131,167
21,132,166
21,133,166
21,134,167
21,135,166
21,136,165
21,137,164
21,138,164
21,139,167
21,140,168
21,141,167
21,142,164
21,143,162
21,144,170
21,145,171
21,146,173
21,147,174
21,148,174
21,149,174
22,0,72
22,1,69
22,2,64
22,3,66
22,4,65
22,5,96
22,6,149
22,7,161
22,8,157
22,9,153
22,10,151
22,11,150
22,12,150
22,13,155
22,14,160
22,15,161
22,16,162
22,17,164
22,18,166
22,19,165
22,20,162
22,21,162
22,22,161
22,23,157
22,24,160
22,25,163
22,26,168
22,27,168
22,28,159
22,29,152
22,30,153
22,31,153
22,32,159
22,33,164
22,34,166
22,35,160
22,36,164
22,37,165
22,38,164
22,39,158
22,40,152
22,41,145
22,42,144
22,43,149
22,44,150
22,45,147
22,46,148
22,47,155
22,48,153
22,49,157
22,50,157
22,51,155
22,52,155
22,53,155
22,54,152
22,55,150
22,56,155
22,57,154
22,58,157
22,59,159
22,60,158
22,61,158
22,62,159
22,63,158
22,64,164
22,65,160
22,66,162
22,67,165
22,68,163
22,69,165
22,70,166
22,71,161
22,72,163
22,73,170
22,74,171
22,75,172
22,76,171
22,77,170
22,78,174
22,79,173
22,80,170
22,81,144
22,82,125
22,83,138
22,84,166
22,85,178
22,86,174
22,87,169
22,88,170
22,89,172
22,90,171
22,91,170
22,92,173
22,93,174
22,94,173
22,95,173
22,96,176
22,97,172
22,98,168
22,99,161
22,100,159
22,101,158
22,102,159
22,103,167
22,104,177
22,105,176
22,106,176
22,107,174
22,108,172
22,109,171
22,110,172
22,111,175
22,112,171
22,113,172
22,114,175
22,115,176
22,116,174
22,117,174
22,118,175
22,119,174
22,120,173
22,121,173
22,122,173
22,123,173
22,124,175
22,125,177
22,126,177
22,127,175
22,128,174
22,129,169
22,130,168
22,131,168
22,132,167
22,133,166
22,134,167
22,135,165
22,136,163
22,137,163
22,138,164
22,139,166
22,140,168
22,141,168
22,142,165
22,143,161
22,144,164
22,145,165
22,146,166
22,147,169
22,148,173
22,149,176
23,0,68
23,1,66
23,2,66
23,3,69
23,4,63
23,5,93
23,6,149
23,7,161
23,8,153
23,9,148
23,10,145
23,11,147
23,12,152
23,13,160
23,14,166
23,15,166
23,16,165
23,17,165
23,18,165
23,19,163
23,20,160
23,21,161
23,22,162
23,23,159
23,24,157
23,25,157
23,26,153
23,27,157
23,28,158
23,29,152
23,30,155
23,31,159
23,32,168
23,33,170
23,34,167
23,35,161
23,36,165
23,37,164
23,38,167
23,39,167
23,40,160
23,41,156
23,42,151
23,43,149
23,44,146
23,45,146
23,46,151
23,47,158
23,48,158
23,49,156
23,50,154
23,51,155
23,52,155
23,53,150
23,54,148
23,55,152
23,56,152
23,57,150
23,58,153
23,59,157
23,60,158
23,61,160
23,62,162
23,63,161
23,64,163
23,65,161
23,66,159
23,67,161
23,68,164
23,69,162
23,70,159
23,71,159
23,72,157
23,73,162
23,74,166
23,75,173
23,76,174
23,77,172
23,78,173
23,79,170
23,80,170
23,81,168
23,82,159
23,83,159
23,84,174
23,85,179
23,86,171
23,87,167
23,88,170
23,89,171
23,90,170
23,91,170
23,92,174
23,93,175
23,94,173
23,95,171
23,96,172
23,97,168
23,98,159
23,99,141
23,100,128
23,101,123
23,102,133
23,103,155
23,104,170
23,105,172
23,106,172
23,107,171
23,108,172
23,109,175
23,110,175
23,111,173
23,112,175
23,113,174
23,114,176
23,115,177
23,116,176
23,117,176
23,118,176
23,119,174
23,120,175
23,121,175
23,122,175
23,123,176
23,124,177
23,125,178
23,126,176
23,127,172
23,128,173
23,129,170
23,130,170
23,131,170
23,132,166
23,133,164
23,134,165
23,135,165
23,136,162
23,137,164
23,138,165
23,139,166
23,140,168
23,141,169
23,142,166
23,143,162
23,144,155
23,145,155
23,146,158
23,147,165
23,148,173
23,149,178
24,0,61
24,1,66
24,2,64
24,3,60
24,4,63
24,5,93
24,6,147
24,7,164
24,8,152
24,9,151
24,10,149
24,11,152
24,12,159
24,13,162
24,14,162
24,15,165
24,16,164
24,17,164
24,18,161
24,19,161
24,20,161
24,21,156
24,22,155
24,23,161
24,24,155
24,25,159
24,26,157
24,27,160
24,28,160
24,29,160
24,30,168
24,31,166
24,32,166
24,33,169
24,34,162
24,35,163
24,36,165
24,37,168
24,38,163
24,39,165
24,40,164
24,41,165
24,42,161
24,43,159
24,44,154
24,45,150
24,46,155
24,47,157
24,48,154
24,49,150
24,50,152
24,51,158
24,52,157
24,53,149
24,54,146
24,55,149
24,56,144
24,57,146
24,58,152
24,59,157
24,60,161
24,61,162
24,62,160
24,63,157
24,64,162
24,65,163
24,66,163
24,67,161
24,68,162
24,69,162
24,70,158
24,71,152
24,72,150
24,73,160
24,74,167
24,75,170
24,76,170
24,77,169
24,78,167
24,79,165
24,80,167
24,81,171
24,82,168
24,83,167
24,84,165
24,85,170
24,86,168
24,87,167
24,88,165
24,89,169
24,90,170
24,91,172
24,92,175
24,93,175
24,94,173
24,95,173
24,96,169
24,97,171
24,98,167
24,99,155
24,100,138
24,101,126
24,102,136
24,103,156
24,104,172
24,105,173
24,106,173
24,107,172
24,108,172
24,109,173
24,110,174
24,111,173
24,112,174
24,113,176
24,114,178
24,115,177
24,116,174
24,117,175
24,118,177
24,119,176
24,120,173
24,121,176
24,122,178
24,123,179
24,124,179
24,125,178
24,126,175
24,127,171
24,128,168
24,129,170
24,130,170
24,131,168
24,132,165
24,133,166
24,134,167
24,135,168
24,136,166
24,137,168
24,138,168
24,139,168
24,140,168
24,141,167
24,142,164
24,143,160
24,144,152
24,145,154
24,146,159
24,147,166
24,148,173
24,149,176
25,0,62
25,1,65
25,2,63
25,3,61
25,4,62
25,5,82
25,6,137
25,7,161
25,8,155
25,9,155
25,10,154
25,11,154
25,12,156
25,13,157
25,14,158
25,15,161
25,16,164
25,17,163
25,18,161
25,19,160
25,20,159
25,21,157
25,22,156
25,23,156
25,24,161
25,25,162
25,26,159
25,27,160
25,28,164
25,29,167
25,30,168
25,31,164
25,32,163
25,33,162
25,34,160
25,35,162
25,36,164
25,37,173
25,38,168
25,39,162
25,40,166
25,41,168
25,42,166
25,43,162
25,44,156
25,45,152
25,46,153
25,47,153
25,48,151
25,49,149
25,50,152
25,51,158
25,52,158
25,53,150
25,54,145
25,55,146
25,56,148
25,57,141
25,58,147
25,59,161
25,60,166
25,61,166
25,62,166
25,63,166
25,64,165
25,65,166
25,66,167
25,67,166
25,68,166
25,69,166
25,70,163
25,71,158
25,72,160
25,73,165
25,74,167
25,75,167
25,76,169
25,77,168
25,78,167
25,79,166
25,80,165
25,81,169
25,82,168
25,83,169
25,84,166
25,85,168
25,86,166
25,87,168
25,88,170
25,89,170
25,90,169
25,91,170
25,92,173
25,93,173
25,94,173
25,95,174
25,96,175
25,97,174
25,98,175
25,99,174
25,100,169
25,101,165
25,102,170
25,103,176
25,104,174
25,105,175
25,106,175
25,107,173
25,108,172
25,109,173
25,110,173
25,111,173
25,112,179
25,113,178
25,114,177
25,115,176
25,116,175
25,117,176
25,118,178
25,119,177
25,120,181
25,121,181
25,122,181
25,123,179
25,124,178
25,125,179
25,126,179
25,127,177
25,128,171
25,129,172
25,130,171
25,131,168
25,132,167
25,133,168
25,134,169
25,135,170
25,136,172
25,137,169
25,138,167
25,139,168
25,140,167
25,141,165
25,142,164
25,143,164
25,144,164
25,145,157
25,146,155
25,147,161
25,148,167
25,149,168
26,0,62
26,1,61
26,2,59
26,3,59
26,4,63
26,5,74
26,6,132
26,7,165
26,8,151
26,9,151
26,10,149
26,11,150
26,12,152
26,13,152
26,14,153
26,15,154
26,16,159
26,17,157
26,18,158
26,19,160
26,20,159
26,21,158
26,22,158
26,23,156
26,24,154
26,25,153
26,26,157
26,27,162
26,28,170
26,29,173
26,30,165
26,31,160
26,32,158
26,33,157
26,34,159
26,35,160
26,36,163
26,37,173
26,38,168
26,39,163
26,40,166
26,41,166
26,42,164
26,43,159
26,44,157
26,45,159
26,46,157
26,47,154
26,48,148
26,49,145
26,50,146
26,51,152
26,52,153
26,53,149
26,54,147
26,55,149
26,56,145
26,57,140
26,58,149
26,59,163
26,60,166
26,61,168
26,62,170
26,63,167
26,64,168
26,65,169
26,66,169
26,67,168
26,68,168
26,69,166
26,70,163
26,71,162
26,72,162
26,73,164
26,74,164
26,75,164
26,76,167
26,77,170
26,78,168
26,79,167
26,80,166
26,81,169
26,82,169
26,83,172
26,84,173
26,85,174
26,86,170
26,87,171
26,88,171
26,89,169
26,90,168
26,91,171
26,92,174
26,93,175
26,94,175
26,95,178
26,96,177
26,97,173
26,98,174
26,99,176
26,100,176
26,101,178
26,102,178
26,103,175
26,104,174
26,105,175
26,106,176
26,107,175
26,108,174
26,109,175
26,110,177
26,111,178
26,112,181
26,113,178
26,114,176
26,115,177
26,116,177
26,117,178
26,118,179
26,119,178
26,120,177
26,121,179
26,122,179
26,123,179
26,124,179
26,125,179
26,126,179
26,127,178
26,128,172
26,129,172
26,130,172
26,131,171
26,132,170
26,133,170
26,134,170
26,135,170
26,136,168
26,137,166
26,138,166
26,139,168
26,140,168
26,141,166
26,142,165
26,143,166
26,144,167
26,145,158
26,146,152
26,147,151
26,148,151
26,149,148
27,0,60
27,1,57
27,2,54
27,3,57
27,4,65
27,5,70
27,6,123
27,7,163
27,8,151
27,9,144
27,10,141
27,11,146
27,12,151
27,13,151
27,14,149
27,15,148
27,16,150
27,17,146
27,18,148
27,19,154
27,20,157
27,21,156
27,22,156
27,23,157
27,24,153
27,25,145
27,26,153
27,27,161
27,28,168
27,29,170
27,30,162
27,31,161
27,32,158
27,33,160
27,34,162
27,35,159
27,36,161
27,37,165
27,38,160
27,39,163
27,40,169
27,41,166
27,42,164
27,43,159
27,44,164
27,45,172
27,46,166
27,47,160
27,48,155
27,49,150
27,50,146
27,51,145
27,52,144
27,53,143
27,54,146
27,55,150
27,56,148
27,57,146
27,58,152
27,59,161
27,60,165
27,61,169
27,62,170
27,63,166
27,64,169
27,65,168
27,66,167
27,67,167
27,68,164
27,69,161
27,70,159
27,71,160
27,72,159
27,73,162
27,74,164
27,75,163
27,76,166
27,77,170
27,78,169
27,79,169
27,80,170
27,81,171
27,82,171
27,83,175
27,84,179
27,85,176
27,86,172
27,87,173
27,88,174
27,89,172
27,90,172
27,91,175
27,92,177
27,93,175
27,94,174
27,95,175
27,96,175
27,97,174
27,98,175
27,99,177
27,100,177
27,101,177
27,102,178
27,103,177
27,104,174
27,105,176
27,106,178
27,107,178
27,108,178
27,109,179
27,110,181
27,111,182
27,112,179
27,113,176
27,114,176
27,115,179
27,116,179
27,117,179
27,118,179
27,119,178
27,120,185
27,121,184
27,122,174
27,123,164
27,124,163
27,125,163
27,126,167
27,127,175
27,128,171
27,129,171
27,130,172
27,131,172
27,132,172
27,133,171
27,134,169
27,135,167
27,136,162
27,137,166
27,138,168
27,139,168
27,140,167
27,141,168
27,142,168
27,143,167
27,144,164
27,145,157
27,146,147
27,147,138
27,148,133
27,149,131
28,0,57
28,1,55
28,2,55
28,3,56
28,4,63
28,5,64
28,6,108
28,7,153
28,8,153
28,9,141
28,10,136
28,11,144
28,12,152
28,13,151
28,14,150
28,15,152
28,16,143
28,17,140
28,18,140
28,19,145
28,20,152
28,21,158
28,22,160
28,23,160
28,24,150
28,25,138
28,26,144
28,27,155
28,28,161
28,29,161
28,30,156
28,31,157
28,32,159
28,33,162
28,34,165
28,35,162
28,36,163
28,37,163
28,38,160
28,39,163
28,40,167
28,41,165
28,42,165
28,43,162
28,44,167
28,45,173
28,46,166
28,47,159
28,48,161
28,49,157
28,50,152
28,51,147
28,52,142
28,53,141
28,54,144
28,55,148
28,56,150
28,57,147
28,58,148
28,59,156
28,60,164
28,61,166
28,62,165
28,63,166
28,64,168
28,65,166
28,66,165
28,67,164
28,68,161
28,69,157
28,70,157
28,71,159
28,72,161
28,73,164
28,74,169
28,75,169
28,76,170
28,77,170
28,78,168
28,79,171
28,80,173
28,81,172
28,82,174
28,83,178
28,84,175
28,85,160
28,86,157
28,87,168
28,88,174
28,89,172
28,90,174
28,91,177
28,92,178
28,93,175
28,94,174
28,95,174
28,96,169
28,97,172
28,98,175
28,99,178
28,100,180
28,101,178
28,102,177
28,103,180
28,104,177
28,105,180
28,106,181
28,107,181
28,108,181
28,109,181
28,110,181
28,111,181
28,112,178
28,113,176
28,114,177
28,115,179
28,116,178
28,117,178
28,118,179
28,119,179
28,120,183
28,121,178
28,122,153
28,123,129
28,124,125
28,125,126
28,126,137
28,127,159
28,128,171
28,129,171
28,130,171
28,131,171
28,132,171
28,133,169
28,134,167
28,135,166
28,136,167
28,137,171
28,138,172
28,139,169
28,140,165
28,141,164
28,142,165
28,143,165
28,144,164
28,145,155
28,146,143
28,147,135
28,148,133
28,149,133
29,0,53
29,1,53
29,2,53
29,3,53
29,4,57
29,5,60
29,6,98
29,7,153
29,8,157
29,9,144
29,10,138
29,11,145
29,12,147
29,13,145
29,14,145
29,15,148
29,16,143
29,17,140
29,18,135
29,19,133
29,20,140
29,21,154
29,22,155
29,23,144
29,24,146
29,25,141
29,26,139
29,27,148
29,28,156
29,29,154
29,30,149
29,31,148
29,32,155
29,33,155
29,34,163
29,35,166
29,36,165
29,37,165
29,38,170
29,39,168
29,40,163
29,41,164
29,42,164
29,43,161
29,44,161
29,45,164
29,46,162
29,47,159
29,48,159
29,49,159
29,50,158
29,51,154
29,52,149
29,53,146
29,54,144
29,55,144
29,56,142
29,57,149
29,58,154
29,59,159
29,60,164
29,61,164
29,62,164
29,63,166
29,64,166
29,65,164
29,66,162
29,67,160
29,68,158
29,69,157
29,70,159
29,71,162
29,72,163
29,73,165
29,74,171
29,75,171
29,76,172
29,77,173
29,78,169
29,79,173
29,80,173
29,81,171
29,82,175
29,83,177
29,84,166
29,85,140
29,86,141
29,87,163
29,88,172
29,89,171
29,90,173
29,91,176
29,92,176
29,93,174
29,94,175
29,95,175
29,96,174
29,97,176
29,98,175
29,99,178
29,100,181
29,101,179
29,102,176
29,103,179
29,104,179
29,105,181
29,106,182
29,107,182
29,108,182
29,109,182
29,110,181
29,111,180
29,112,179
29,113,178
29,114,178
29,115,178
29,116,176
29,117,176
29,118,178
29,119,179
29,120,178
29,121,170
29,122,137
29,123,104
29,124,96
29,125,99
29,126,118
29,127,149
29,128,173
29,129,172
29,130,170
29,131,170
29,132,169
29,133,167
29,134,167
29,135,167
29,136,170
29,137,171
29,138,172
29,139,171
29,140,167
29,141,161
29,142,159
29,143,161
29,144,157
29,145,152
29,146,149
29,147,150
29,148,150
29,149,147
30,0,51
30,1,50
30,2,50
30,3,51
30,4,53
30,5,60
30,6,89
30,7,153
30,8,165
30,9,155
30,10,150
30,11,150
30,12,146
30,13,139
30,14,136
30,15,136
30,16,139
30,17,131
30,18,127
30,19,122
30,20,126
30,21,144
30,22,142
30,23,115
30,24,144
30,25,158
30,26,146
30,27,146
30,28,157
30,29,156
30,30,154
30,31,151
30,32,151
30,33,151
30,34,160
30,35,165
30,36,155
30,37,142
30,38,156
30,39,165
30,40,163
30,41,165
30,42,164
30,43,162
30,44,159
30,45,159
30,46,163
30,47,165
30,48,161
30,49,162
30,50,162
30,51,159
30,52,157
30,53,154
30,54,151
30,55,147
30,56,146
30,57,156
30,58,164
30,59,166
30,60,166
30,61,166
30,62,165
30,63,164
30,64,162
30,65,160
30,66,157
30,67,155
30,68,154
30,69,155
30,70,158
30,71,161
30,72,162
30,73,163
30,74,162
30,75,151
30,76,156
30,77,171
30,78,172
30,79,172
30,80,170
30,81,171
30,82,174
30,83,172
30,84,166
30,85,145
30,86,147
30,87,165
30,88,172
30,89,172
30,90,175
30,91,176
30,92,174
30,93,173
30,94,174
30,95,173
30,96,175
30,97,175
30,98,175
30,99,174
30,100,175
30,101,176
30,102,177
30,103,178
30,104,179
30,105,179
30,106,180
30,107,180
30,108,180
30,109,181
30,110,181
30,111,180
30,112,180
30,113,179
30,114,179
30,115,178
30,116,176
30,117,177
30,118,179
30,119,178
30,120,179
30,121,171
30,122,142
30,123,110
30,124,96
30,125,100
30,126,124
30,127,155
30,128,177
30,129,174
30,130,172
30,131,170
30,132,169
30,133,167
30,134,168
30,135,170
30,136,169
30,137,169
30,138,170
30,139,172
30,140,170
30,141,164
30,142,161
30,143,160
30,144,155
30,145,155
30,146,160
30,147,164
30,148,163
30,149,158
31,0,50
31,1,47
31,2,48
31,3,52
31,4,54
31,5,58
31,6,76
31,7,141
31,8,168
31,9,161
31,10,159
31,11,158
31,12,153
31,13,146
31,14,140
31,15,136
31,16,128
31,17,116
31,18,116
31,19,120
31,20,126
31,21,146
31,22,143
31,23,109
31,24,124
31,25,160
31,26,151
31,27,148
31,28,165
31,29,165
31,30,164
31,31,159
31,32,152
31,33,154
31,34,158
31,35,159
31,36,137
31,37,105
31,38,123
31,39,150
31,40,161
31,41,164
31,42,163
31,43,164
31,44,161
31,45,157
31,46,161
31,47,163
31,48,163
31,49,163
31,50,162
31,51,161
31,52,163
31,53,165
31,54,165
31,55,162
31,56,160
31,57,156
31,58,158
31,59,165
31,60,165
31,61,161
31,62,159
31,63,158
31,64,158
31,65,156
31,66,153
31,67,150
31,68,150
31,69,152
31,70,156
31,71,158
31,72,164
31,73,164
31,74,150
31,75,123
31,76,131
31,77,164
31,78,174
31,79,170
31,80,169
31,81,171
31,82,171
31,83,168
31,84,172
31,85,165
31,86,166
31,87,172
31,88,168
31,89,171
31,90,176
31,91,177
31,92,175
31,93,175
31,94,176
31,95,175
31,96,175
31,97,179
31,98,182
31,99,178
31,100,173
31,101,176
31,102,181
31,103,181
31,104,179
31,105,179
31,106,178
31,107,177
31,108,178
31,109,180
31,110,180
31,111,179
31,112,179
31,113,179
31,114,180
31,115,179
31,116,178
31,117,179
31,118,180
31,119,177
31,120,177
31,121,177
31,122,163
31,123,141
31,124,126
31,125,127
31,126,148
31,127,174
31,128,178
31,129,176
31,130,174
31,131,173
31,132,171
31,133,169
31,134,169
31,135,171
31,136,172
31,137,172
31,138,171
31,139,170
31,140,170
31,141,171
31,142,168
31,143,164
31,144,163
31,145,164
31,146,164
31,147,164
31,148,163
31,149,160
32,0,45
32,1,46
32,2,47
32,3,46
32,4,49
32,5,54
32,6,66
32,7,108
32,8,160
32,9,168
32,10,162
32,11,164
32,12,155
32,13,153
32,14,157
32,15,172
32,16,153
32,17,133
32,18,120
32,19,126
32,20,128
32,21,128
32,22,134
32,23,133
32,24,135
32,25,154
32,26,148
32,27,154
32,28,167
32,29,171
32,30,167
32,31,165
32,32,157
32,33,159
32,34,156
32,35,150
32,36,150
32,37,123
32,38,88
32,39,115
32,40,148
32,41,164
32,42,163
32,43,164
32,44,166
32,45,162
32,46,162
32,47,161
32,48,159
32,49,159
32,50,161
32,51,163
32,52,163
32,53,164
32,54,165
32,55,164
32,56,163
32,57,160
32,58,159
32,59,161
32,60,161
32,61,157
32,62,153
32,63,151
32,64,149
32,65,149
32,66,146
32,67,144
32,68,149
32,69,153
32,70,155
32,71,158
32,72,165
32,73,169
32,74,156
32,75,127
32,76,128
32,77,158
32,78,173
32,79,170
32,80,167
32,81,172
32,82,170
32,83,165
32,84,164
32,85,163
32,86,164
32,87,167
32,88,163
32,89,168
32,90,172
32,91,174
32,92,177
32,93,181
32,94,181
32,95,179
32,96,178
32,97,181
32,98,180
32,99,179
32,100,179
32,101,180
32,102,183
32,103,180
32,104,181
32,105,179
32,106,177
32,107,177
32,108,179
32,109,180
32,110,179
32,111,181
32,112,184
32,113,189
32,114,186
32,115,180
32,116,179
32,117,180
32,118,179
32,119,178
32,120,177
32,121,177
32,122,174
32,123,169
32,124,166
32,125,167
32,126,173
32,127,182
32,128,176
32,129,175
32,130,174
32,131,173
32,132,171
32,133,170
32,134,170
32,135,171
32,136,167
32,137,172
32,138,175
32,139,171
32,140,166
32,141,166
32,142,170
32,143,173
32,144,173
32,145,169
32,146,165
32,147,161
32,148,161
32,149,161
33,0,45
33,1,45
33,2,47
33,3,45
33,4,45
33,5,51
33,6,57
33,7,84
33,8,144
33,9,170
33,10,166
33,11,165
33,12,163
33,13,157
33,14,156
33,15,179
33,16,181
33,17,149
33,18,142
33,19,142
33,20,129
33,21,122
33,22,125
33,23,134
33,24,147
33,25,152
33,26,147
33,27,159
33,28,170
33,29,167
33,30,163
33,31,167
33,32,170
33,33,165
33,34,159
33,35,155
33,36,160
33,37,149
33,38,109
33,39,103
33,40,145
33,41,161
33,42,160
33,43,160
33,44,166
33,45,168
33,46,169
33,47,165
33,48,162
33,49,160
33,50,160
33,51,162
33,52,162
33,53,164
33,54,164
33,55,162
33,56,160
33,57,160
33,58,159
33,59,155
33,60,153
33,61,153
33,62,152
33,63,151
33,64,154
33,65,147
33,66,142
33,67,145
33,68,152
33,69,155
33,70,156
33,71,158
33,72,170
33,73,184
33,74,178
33,75,153
33,76,153
33,77,171
33,78,174
33,79,169
33,80,170
33,81,170
33,82,166
33,83,161
33,84,162
33,85,161
33,86,159
33,87,161
33,88,161
33,89,166
33,90,170
33,91,172
33,92,174
33,93,177
33,94,179
33,95,178
33,96,179
33,97,179
33,98,177
33,99,178
33,100,178
33,101,177
33,102,179
33,103,178
33,104,178
33,105,178
33,106,177
33,107,177
33,108,180
33,109,180
33,110,180
33,111,182
33,112,194
33,113,195
33,114,190
33,115,183
33,116,179
33,117,178
33,118,178
33,119,178
33,120,178
33,121,178
33,122,176
33,123,176
33,124,178
33,125,178
33,126,178
33,127,181
33,128,178
33,129,176
33,130,175
33,131,174
33,132,174
33,133,173
33,134,173
33,135,174
33,136,173
33,137,170
33,138,168
33,139,168
33,140,168
33,141,170
33,142,171
33,143,171
33,144,173
33,145,171
33,146,168
33,147,167
33,148,167
33,149,168
34,0,43
34,1,42
34,2,44
34,3,42
34,4,43
34,5,52
34,6,53
34,7,65
34,8,113
34,9,160
34,10,172
34,11,169
34,12,168
34,13,161
34,14,150
34,15,164
34,16,161
34,17,153
34,18,146
34,19,148
34,20,143
34,21,140
34,22,144
34,23,139
34,24,143
34,25,145
34,26,148
34,27,160
34,28,166
34,29,164
34,30,157
34,31,157
34,32,161
34,33,164
34,34,167
34,35,163
34,36,162
34,37,168
34,38,154
34,39,142
34,40,158
34,41,167
34,42,163
34,43,162
34,44,167
34,45,168
34,46,168
34,47,165
34,48,165
34,49,163
34,50,163
34,51,164
34,52,163
34,53,164
34,54,164
34,55,162
34,56,158
34,57,161
34,58,159
34,59,151
34,60,148
34,61,151
34,62,151
34,63,149
34,64,148
34,65,143
34,66,142
34,67,146
34,68,148
34,69,150
34,70,152
34,71,154
34,72,164
34,73,184
34,74,180
34,75,160
34,76,163
34,77,174
34,78,173
34,79,172
34,80,168
34,81,166
34,82,160
34,83,158
34,84,162
34,85,162
34,86,161
34,87,163
34,88,163
34,89,165
34,90,168
34,91,169
34,92,170
34,93,172
34,94,175
34,95,178
34,96,177
34,97,177
34,98,174
34,99,176
34,100,176
34,101,174
34,102,175
34,103,174
34,104,175
34,105,177
34,106,177
34,107,178
34,108,180
34,109,179
34,110,179
34,111,182
34,112,195
34,113,191
34,114,186
34,115,182
34,116,177
34,117,176
34,118,177
34,119,179
34,120,177
34,121,176
34,122,175
34,123,176
34,124,179
34,125,179
34,126,177
34,127,177
34,128,180
34,129,178
34,130,177
34,131,176
34,132,176
34,133,175
34,134,175
34,135,176
34,136,177
34,137,172
34,138,172
34,139,174
34,140,173
34,141,171
34,142,171
34,143,170
34,144,173
34,145,173
34,146,172
34,147,172
34,148,172
34,149,172
35,0,44
35,1,44
35,2,43
35,3,40
35,4,42
35,5,51
35,6,50
35,7,56
35,8,81
35,9,134
35,10,166
35,11,169
35,12,165
35,13,166
35,14,158
35,15,155
35,16,159
35,17,151
35,18,151
35,19,150
35,20,152
35,21,160
35,22,156
35,23,149
35,24,148
35,25,151
35,26,157
35,27,163
35,28,163
35,29,165
35,30,160
35,31,156
35,32,158
35,33,165
35,34,168
35,35,167
35,36,162
35,37,169
35,38,169
35,39,163
35,40,163
35,41,165
35,42,161
35,43,162
35,44,165
35,45,163
35,46,165
35,47,166
35,48,166
35,49,165
35,50,167
35,51,167
35,52,166
35,53,166
35,54,166
35,55,165
35,56,163
35,57,164
35,58,162
35,59,156
35,60,151
35,61,148
35,62,146
35,63,143
35,64,137
35,65,140
35,66,146
35,67,149
35,68,146
35,69,144
35,70,142
35,71,138
35,72,144
35,73,161
35,74,157
35,75,143
35,76,148
35,77,160
35,78,164
35,79,168
35,80,168
35,81,165
35,82,158
35,83,157
35,84,160
35,85,160
35,86,159
35,87,162
35,88,168
35,89,167
35,90,166
35,91,166
35,92,166
35,93,167
35,94,170
35,95,174
35,96,173
35,97,176
35,98,173
35,99,172
35,100,172
35,101,173
35,102,174
35,103,169
35,104,173
35,105,175
35,106,178
35,107,179
35,108,180
35,109,178
35,110,177
35,111,179
35,112,186
35,113,182
35,114,180
35,115,179
35,116,175
35,117,176
35,118,180
35,119,180
35,120,177
35,121,177
35,122,178
35,123,179
35,124,179
35,125,178
35,126,177
35,127,178
35,128,181
35,129,180
35,130,178
35,131,178
35,132,176
35,133,175
35,134,175
35,135,177
35,136,178
35,137,178
35,138,181
35,139,181
35,140,176
35,141,173
35,142,172
35,143,171
35,144,174
35,145,174
35,146,175
35,147,175
35,148,175
35,149,174
36,0,41
36,1,43
36,2,41
36,3,39
36,4,42
36,5,49
36,6,47
36,7,56
36,8,64
36,9,88
36,10,128
36,11,163
36,12,169
36,13,164
36,14,158
36,15,159
36,16,164
36,17,158
36,18,162
36,19,161
36,20,159
36,21,164
36,22,161
36,23,157
36,24,151
36,25,154
36,26,163
36,27,174
36,28,173
36,29,172
36,30,165
36,31,162
36,32,164
36,33,169
36,34,163
36,35,163
36,36,162
36,37,164
36,38,163
36,39,161
36,40,163
36,41,164
36,42,162
36,43,163
36,44,164
36,45,164
36,46,167
36,47,169
36,48,165
36,49,164
36,50,166
36,51,167
36,52,167
36,53,168
36,54,167
36,55,165
36,56,162
36,57,162
36,58,162
36,59,161
36,60,155
36,61,148
36,62,145
36,63,146
36,64,144
36,65,141
36,66,141
36,67,143
36,68,142
36,69,142
36,70,137
36,71,130
36,72,135
36,73,146
36,74,146
36,75,140
36,76,144
36,77,154
36,78,160
36,79,161
36,80,162
36,81,161
36,82,156
36,83,154
36,84,157
36,85,157
36,86,159
36,87,165
36,88,172
36,89,169
36,90,166
36,91,166
36,92,165
36,93,164
36,94,165
36,95,167
36,96,171
36,97,174
36,98,171
36,99,170
36,100,171
36,101,172
36,102,173
36,103,168
36,104,170
36,105,173
36,106,176
36,107,178
36,108,178
36,109,175
36,110,174
36,111,177
36,112,180
36,113,179
36,114,180
36,115,179
36,116,178
36,117,180
36,118,182
36,119,181
36,120,176
36,121,178
36,122,180
36,123,182
36,124,181
36,125,180
36,126,180
36,127,181
36,128,179
36,129,179
36,130,178
36,131,177
36,132,175
36,133,175
36,134,178
36,135,182
36,136,182
36,137,183
36,138,183
36,139,180
36,140,178
36,141,176
36,142,175
36,143,173
36,144,174
36,145,175
36,146,177
36,147,178
36,148,178
36,149,178
37,0,36
37,1,39
37,2,39
37,3,39
37,4,42
37,5,47
37,6,46
37,7,55
37,8,57
37,9,55
37,10,82
37,11,128
37,12,159
37,13,165
37,14,159
37,15,160
37,16,163
37,17,167
37,18,159
37,19,151
37,20,145
37,21,133
37,22,131
37,23,140
37,24,163
37,25,167
37,26,167
37,27,170
37,28,166
37,29,164
37,30,158
37,31,153
37,32,153
37,33,163
37,34,159
37,35,160
37,36,161
37,37,162
37,38,162
37,39,167
37,40,167
37,41,170
37,42,170
37,43,166
37,44,164
37,45,166
37,46,168
37,47,165
37,48,163
37,49,161
37,50,162
37,51,164
37,52,166
37,53,168
37,54,166
37,55,162
37,56,160
37,57,159
37,58,160
37,59,162
37,60,158
37,61,150
37,62,149
37,63,154
37,64,149
37,65,140
37,66,136
37,67,138
37,68,141
37,69,141
37,70,140
37,71,138
37,72,139
37,73,146
37,74,149
37,75,150
37,76,152
37,77,157
37,78,160
37,79,156
37,80,154
37,81,155
37,82,153
37,83,152
37,84,157
37,85,161
37,86,166
37,87,173
37,88,174
37,89,171
37,90,170
37,91,171
37,92,170
37,93,168
37,94,166
37,95,165
37,96,171
37,97,171
37,98,170
37,99,172
37,100,173
37,101,171
37,102,172
37,103,171
37,104,168
37,105,171
37,106,173
37,107,175
37,108,175
37,109,173
37,110,173
37,111,176
37,112,177
37,113,177
37,114,179
37,115,180
37,116,180
37,117,182
37,118,182
37,119,181
37,120,180
37,121,179
37,122,179
37,123,180
37,124,179
37,125,179
37,126,179
37,127,179
37,128,178
37,129,177
37,130,177
37,131,177
37,132,176
37,133,178
37,134,183
37,135,188
37,136,183
37,137,183
37,138,177
37,139,173
37,140,176
37,141,178
37,142,176
37,143,175
37,144,176
37,145,177
37,146,177
37,147,178
37,148,178
37,149,178
38,0,38
38,1,38
38,2,39
38,3,41
38,4,41
38,5,45
38,6,45
38,7,49
38,8,50
38,9,53
38,10,60
38,11,76
38,12,118
38,13,158
38,14,169
38,15,166
38,16,170
38,17,166
38,18,163
38,19,152
38,20,143
38,21,119
38,22,91
38,23,104
38,24,148
38,25,168
38,26,170
38,27,167
38,28,163
38,29,164
38,30,158
38,31,149
38,32,149
38,33,157
38,34,158
38,35,162
38,36,161
38,37,160
38,38,157
38,39,158
38,40,165
38,41,167
38,42,170
38,43,166
38,44,163
38,45,167
38,46,167
38,47,163
38,48,163
38,49,161
38,50,162
38,51,164
38,52,164
38,53,165
38,54,166
38,55,164
38,56,165
38,57,163
38,58,162
38,59,163
38,60,161
38,61,158
38,62,156
38,63,157
38,64,145
38,65,143
38,66,143
38,67,147
38,68,149
38,69,146
38,70,144
38,71,144
38,72,146
38,73,149
38,74,150
38,75,152
38,76,154
38,77,155
38,78,157
38,79,154
38,80,155
38,81,155
38,82,152
38,83,151
38,84,158
38,85,164
38,86,168
38,87,172
38,88,171
38,89,171
38,90,172
38,91,173
38,92,173
38,93,172
38,94,171
38,95,170
38,96,171
38,97,172
38,98,171
38,99,174
38,100,174
38,101,172
38,102,173
38,103,172
38,104,169
38,105,170
38,106,170
38,107,170
38,108,170
38,109,170
38,110,171
38,111,175
38,112,175
38,113,176
38,114,177
38,115,179
38,116,182
38,117,181
38,118,180
38,119,182
38,120,184
38,121,180
38,122,179
38,123,178
38,124,177
38,125,176
38,126,177
38,127,177
38,128,178
38,129,177
38,130,177
38,131,178
38,132,179
38,133,180
38,134,182
38,135,184
38,136,181
38,137,170
38,138,152
38,139,149
38,140,166
38,141,177
38,142,178
38,143,180
38,144,180
38,145,178
38,146,177
38,147,176
38,148,176
38,149,176
39,0,38
39,1,36
39,2,38
39,3,42
39,4,41
39,5,49
39,6,50
39,7,49
39,8,47
39,9,52
39,10,54
39,11,55
39,12,84
39,13,127
39,14,156
39,15,170
39,16,169
39,17,166
39,18,167
39,19,164
39,20,159
39,21,152
39,22,131
39,23,111
39,24,129
39,25,161
39,26,166
39,27,164
39,28,162
39,29,165
39,30,164
39,31,159
39,32,159
39,33,158
39,34,159
39,35,163
39,36,158
39,37,158
39,38,158
39,39,159
39,40,164
39,41,164
39,42,168
39,43,169
39,44,167
39,45,169
39,46,169
39,47,166
39,48,163
39,49,164
39,50,167
39,51,166
39,52,163
39,53,163
39,54,166
39,55,168
39,56,166
39,57,164
39,58,161
39,59,162
39,60,167
39,61,171
39,62,168
39,63,162
39,64,153
39,65,154
39,66,152
39,67,151
39,68,153
39,69,152
39,70,150
39,71,149
39,72,153
39,73,155
39,74,152
39,75,153
39,76,154
39,77,153
39,78,155
39,79,155
39,80,157
39,81,156
39,82,150
39,83,149
39,84,157
39,85,164
39,86,166
39,87,167
39,88,167
39,89,169
39,90,170
39,91,171
39,92,171
39,93,172
39,94,173
39,95,174
39,96,170
39,97,174
39,98,174
39,99,173
39,100,173
39,101,174
39,102,175
39,103,172
39,104,171
39,105,171
39,106,169
39,107,167
39,108,167
39,109,167
39,110,169
39,111,174
39,112,177
39,113,176
39,114,175
39,115,179
39,116,182
39,117,179
39,118,178
39,119,183
39,120,177
39,121,176
39,122,178
39,123,179
39,124,175
39,125,174
39,126,174
39,127,173
39,128,178
39,129,178
39,130,179
39,131,181
39,132,182
39,133,181
39,134,177
39,135,175
39,136,178
39,137,152
39,138,118
39,139,118
39,140,153
39,141,177
39,142,182
39,143,187
39,144,182
39,145,180
39,146,177
39,147,175
39,148,176
39,149,176
40,0,33
40,1,37
40,2,40
40,3,40
40,4,40
40,5,42
40,6,47
40,7,50
40,8,45
40,9,48
40,10,51
40,11,50
40,12,57
40,13,71
40,14,100
40,15,139
40,16,165
40,17,174
40,18,171
40,19,169
40,20,165
40,21,163
40,22,164
40,23,154
40,24,154
40,25,166
40,26,166
40,27,166
40,28,165
40,29,163
40,30,170
40,31,172
40,32,169
40,33,172
40,34,170
40,35,166
40,36,162
40,37,158
40,38,160
40,39,159
40,40,159
40,41,164
40,42,166
40,43,166
40,44,155
40,45,157
40,46,171
40,47,167
40,48,160
40,49,166
40,50,168
40,51,166
40,52,161
40,53,156
40,54,158
40,55,165
40,56,164
40,57,161
40,58,164
40,59,170
40,60,171
40,61,170
40,62,168
40,63,164
40,64,161
40,65,160
40,66,153
40,67,150
40,68,148
40,69,152
40,70,149
40,71,153
40,72,152
40,73,155
40,74,155
40,75,154
40,76,155
40,77,154
40,78,152
40,79,152
40,80,151
40,81,152
40,82,152
40,83,150
40,84,152
40,85,161
40,86,165
40,87,160
40,88,162
40,89,166
40,90,169
40,91,167
40,92,165
40,93,167
40,94,170
40,95,172
40,96,170
40,97,174
40,98,177
40,99,174
40,100,172
40,101,174
40,102,175
40,103,170
40,104,172
40,105,172
40,106,172
40,107,170
40,108,168
40,109,168
40,110,171
40,111,176
40,112,179
40,113,180
40,114,179
40,115,178
40,116,178
40,117,178
40,118,178
40,119,181
40,120,174
40,121,171
40,122,175
40,123,179
40,124,174
40,125,172
40,126,176
40,127,179
40,128,176
40,129,181
40,130,181
40,131,180
40,132,179
40,133,178
40,134,179
40,135,176
40,136,175
40,137,165
40,138,148
40,139,148
40,140,168
40,141,180
40,142,180
40,143,182
40,144,175
40,145,177
40,146,175
40,147,173
40,148,174
40,149,176
41,0,35
41,1,37
41,2,39
41,3,40
41,4,41
41,5,43
41,6,46
41,7,48
41,8,46
41,9,47
41,10,48
41,11,45
41,12,44
41,13,46
41,14,59
41,15,83
41,16,123
41,17,141
41,18,157
41,19,169
41,20,173
41,21,172
41,22,173
41,23,166
41,24,171
41,25,169
41,26,165
41,27,171
41,28,169
41,29,163
41,30,168
41,31,171
41,32,172
41,33,173
41,34,170
41,35,169
41,36,168
41,37,165
41,38,166
41,39,164
41,40,162
41,41,167
41,42,166
41,43,161
41,44,145
41,45,140
41,46,162
41,47,178
41,48,171
41,49,170
41,50,166
41,51,161
41,52,158
41,53,154
41,54,155
41,55,159
41,56,166
41,57,164
41,58,167
41,59,169
41,60,168
41,61,165
41,62,164
41,63,163
41,64,164
41,65,162
41,66,160
41,67,158
41,68,148
41,69,150
41,70,151
41,71,150
41,72,150
41,73,153
41,74,154
41,75,155
41,76,161
41,77,164
41,78,162
41,79,159
41,80,151
41,81,149
41,82,150
41,83,152
41,84,154
41,85,158
41,86,160
41,87,158
41,88,160
41,89,161
41,90,161
41,91,161
41,92,162
41,93,163
41,94,164
41,95,163
41,96,165
41,97,168
41,98,171
41,99,171
41,100,170
41,101,173
41,102,175
41,103,173
41,104,173
41,105,173
41,106,173
41,107,172
41,108,172
41,109,171
41,110,174
41,111,176
41,112,177
41,113,178
41,114,178
41,115,177
41,116,179
41,117,179
41,118,179
41,119,181
41,120,180
41,121,179
41,122,182
41,123,182
41,124,178
41,125,178
41,126,182
41,127,182
41,128,181
41,129,181
41,130,180
41,131,181
41,132,181
41,133,178
41,134,180
41,135,181
41,136,182
41,137,180
41,138,172
41,139,171
41,140,180
41,141,183
41,142,181
41,143,182
41,144,180
41,145,179
41,146,175
41,147,173
41,148,175
41,149,177
42,0,36
42,1,37
42,2,38
42,3,39
42,4,41
42,5,44
42,6,45
42,7,45
42,8,46
42,9,42
42,10,41
42,11,40
42,12,42
42,13,42
42,14,44
42,15,52
42,16,56
42,17,80
42,18,114
42,19,143
42,20,160
42,21,167
42,22,171
42,23,172
42,24,175
42,25,171
42,26,168
42,27,173
42,28,170
42,29,165
42,30,170
42,31,169
42,32,170
42,33,170
42,34,170
42,35,174
42,36,176
42,37,173
42,38,171
42,39,166
42,40,169
42,41,172
42,42,169
42,43,172
42,44,168
42,45,160
42,46,170
42,47,184
42,48,176
42,49,178
42,50,177
42,51,175
42,52,172
42,53,169
42,54,171
42,55,175
42,56,174
42,57,174
42,58,174
42,59,173
42,60,169
42,61,164
42,62,162
42,63,165
42,64,166
42,65,164
42,66,164
42,67,162
42,68,152
42,69,152
42,70,152
42,71,149
42,72,149
42,73,153
42,74,155
42,75,156
42,76,162
42,77,166
42,78,164
42,79,160
42,80,149
42,81,148
42,82,152
42,83,156
42,84,154
42,85,151
42,86,153
42,87,156
42,88,157
42,89,155
42,90,154
42,91,156
42,92,158
42,93,159
42,94,159
42,95,159
42,96,162
42,97,164
42,98,167
42,99,167
42,100,167
42,101,169
42,102,171
42,103,171
42,104,170
42,105,170
42,106,171
42,107,173
42,108,175
42,109,176
42,110,177
42,111,178
42,112,178
42,113,179
42,114,179
42,115,179
42,116,182
42,117,182
42,118,180
42,119,181
42,120,179
42,121,180
42,122,182
42,123,180
42,124,177
42,125,180
42,126,182
42,127,179
42,128,182
42,129,183
42,130,181
42,131,180
42,132,180
42,133,181
42,134,184
42,135,182
42,136,180
42,137,182
42,138,182
42,139,183
42,140,183
42,141,180
42,142,177
42,143,179
42,144,184
42,145,183
42,146,178
42,147,176
42,148,178
42,149,179
43,0,36
43,1,38
43,2,39
43,3,40
43,4,42
43,5,44
43,6,44
43,7,43
43,8,47
43,9,43
43,10,41
43,11,41
43,12,41
43,13,40
43,14,40
43,15,40
43,16,39
43,17,46
43,18,64
43,19,82
43,20,100
43,21,119
43,22,135
43,23,151
43,24,151
43,25,155
43,26,156
43,27,157
43,28,154
43,29,153
43,30,153
43,31,147
43,32,144
43,33,144
43,34,144
43,35,150
43,36,154
43,37,152
43,38,148
43,39,143
43,40,143
43,41,146
43,42,143
43,43,145
43,44,147
43,45,143
43,46,146
43,47,153
43,48,144
43,49,149
43,50,154
43,51,156
43,52,155
43,53,154
43,54,156
43,55,159
43,56,155
43,57,158
43,58,161
43,59,164
43,60,168
43,61,168
43,62,171
43,63,178
43,64,170
43,65,170
43,66,162
43,67,159
43,68,160
43,69,158
43,70,153
43,71,149
43,72,151
43,73,156
43,74,158
43,75,156
43,76,156
43,77,158
43,78,157
43,79,155
43,80,151
43,81,149
43,82,152
43,83,158
43,84,157
43,85,152
43,86,151
43,87,153
43,88,152
43,89,151
43,90,153
43,91,154
43,92,155
43,93,154
43,94,156
43,95,159
43,96,161
43,97,162
43,98,163
43,99,164
43,100,163
43,101,164
43,102,167
43,103,169
43,104,168
43,105,168
43,106,170
43,107,173
43,108,174
43,109,175
43,110,176
43,111,178
43,112,177
43,113,178
43,114,178
43,115,179
43,116,182
43,117,180
43,118,177
43,119,176
43,120,178
43,121,180
43,122,181
43,123,180
43,124,178
43,125,180
43,126,181
43,127,178
43,128,180
43,129,183
43,130,181
43,131,180
43,132,180
43,133,182
43,134,185
43,135,182
43,136,181
43,137,180
43,138,181
43,139,184
43,140,182
43,141,179
43,142,179
43,143,181
43,144,183
43,145,184
43,146,182
43,147,180
43,148,179
43,149,178
44,0,35
44,1,38
44,2,40
44,3,41
44,4,42
44,5,43
44,6,43
44,7,43
44,8,40
44,9,41
44,10,43
44,11,43
44,12,39
44,13,36
44,14,38
44,15,38
44,16,38
44,17,35
44,18,40
44,19,45
44,20,53
44,21,67
44,22,83
44,23,101
44,24,110
44,25,115
44,26,113
44,27,110
44,28,109
44,29,109
44,30,109
44,31,107
44,32,110
44,33,110
44,34,108
44,35,112
44,36,114
44,37,114
44,38,115
44,39,112
44,40,111
44,41,111
44,42,107
44,43,107
44,44,108
44,45,109
44,46,113
44,47,116
44,48,110
44,49,111
44,50,112
44,51,114
44,52,115
44,53,116
44,54,116
44,55,115
44,56,114
44,57,117
44,58,121
44,59,128
44,60,137
44,61,143
44,62,148
44,63,156
44,64,165
44,65,174
44,66,168
44,67,162
44,68,162
44,69,156
44,70,153
44,71,155
44,72,151
44,73,155
44,74,157
44,75,154
44,76,151
44,77,153
44,78,154
44,79,152
44,80,154
44,81,152
44,82,153
44,83,158
44,84,161
44,85,159
44,86,155
44,87,153
44,88,150
44,89,151
44,90,152
44,91,153
44,92,151
44,93,150
44,94,153
44,95,158
44,96,158
44,97,159
44,98,160
44,99,161
44,100,161
44,101,162
44,102,165
44,103,169
44,104,170
44,105,170
44,106,171
44,107,172
44,108,172
44,109,171
44,110,172
44,111,174
44,112,172
44,113,174
44,114,174
44,115,176
44,116,178
44,117,176
44,118,171
44,119,169
44,120,176
44,121,177
44,122,178
44,123,180
44,124,180
44,125,180
44,126,180
44,127,178
44,128,181
44,129,180
44,130,178
44,131,182
44,132,182
44,133,179
44,134,182
44,135,184
44,136,184
44,137,181
44,138,181
44,139,183
44,140,182
44,141,181
44,142,182
44,143,182
44,144,181
44,145,182
44,146,181
44,147,179
44,148,179
44,149,177
45,0,35
45,1,38
45,2,40
45,3,42
45,4,43
45,5,44
45,6,44
45,7,43
45,8,44
45,9,44
45,10,42
45,11,41
45,12,38
45,13,35
45,14,34
45,15,33
45,16,32
45,17,29
45,18,32
45,19,31
45,20,32
45,21,39
45,22,49
45,23,63
45,24,84
45,25,99
45,26,103
45,27,98
45,28,97
45,29,100
45,30,103
45,31,104
45,32,103
45,33,105
45,34,103
45,35,105
45,36,107
45,37,107
45,38,110
45,39,108
45,40,109
45,41,104
45,42,103
45,43,107
45,44,110
45,45,109
45,46,107
45,47,105
45,48,108
45,49,108
45,50,109
45,51,109
45,52,107
45,53,108
45,54,109
45,55,107
45,56,115
45,57,113
45,58,111
45,59,112
45,60,114
45,61,114
45,62,114
45,63,116
45,64,130
45,65,147
45,66,159
45,67,167
45,68,171
45,69,165
45,70,163
45,71,156
45,72,149
45,73,149
45,74,150
45,75,150
45,76,151
45,77,154
45,78,155
45,79,152
45,80,151
45,81,155
45,82,157
45,83,158
45,84,159
45,85,159
45,86,158
45,87,159
45,88,155
45,89,154
45,90,154
45,91,153
45,92,151
45,93,151
45,94,153
45,95,155
45,96,156
45,97,158
45,98,158
45,99,158
45,100,159
45,101,160
45,102,163
45,103,167
45,104,170
45,105,170
45,106,171
45,107,172
45,108,171
45,109,170
45,110,171
45,111,172
45,112,171
45,113,173
45,114,174
45,115,176
45,116,178
45,117,175
45,118,170
45,119,168
45,120,170
45,121,170
45,122,172
45,123,176
45,124,177
45,125,176
45,126,175
45,127,175
45,128,178
45,129,179
45,130,178
45,131,180
45,132,179
45,133,178
45,134,181
45,135,182
45,136,179
45,137,178
45,138,179
45,139,180
45,140,180
45,141,179
45,142,180
45,143,180
45,144,183
45,145,182
45,146,179
45,147,178
45,148,180
45,149,179
46,0,36
46,1,38
46,2,40
46,3,42
46,4,45
46,5,47
46,6,45
46,7,43
46,8,45
46,9,42
46,10,36
46,11,36
46,12,37
46,13,34
46,14,34
46,15,32
46,16,30
46,17,31
46,18,32
46,19,30
46,20,27
46,21,26
46,22,28
46,23,32
46,24,49
46,25,67
46,26,84
46,27,90
46,28,95
46,29,102
46,30,104
46,31,102
46,32,98
46,33,103
46,34,102
46,35,103
46,36,105
46,37,107
46,38,108
46,39,104
46,40,109
46,41,107
46,42,107
46,43,109
46,44,109
46,45,106
46,46,103
46,47,105
46,48,102
46,49,104
46,50,108
46,51,107
46,52,103
46,53,104
46,54,107
46,55,107
46,56,113
46,57,109
46,58,108
46,59,110
46,60,111
46,61,112
46,62,112
46,63,112
46,64,114
46,65,117
46,66,124
46,67,136
46,68,153
46,69,163
46,70,174
46,71,165
46,72,154
46,73,150
46,74,149
46,75,152
46,76,154
46,77,156
46,78,155
46,79,150
46,80,148
46,81,156
46,82,159
46,83,155
46,84,152
46,85,152
46,86,156
46,87,161
46,88,159
46,89,158
46,90,155
46,91,152
46,92,151
46,93,152
46,94,153
46,95,153
46,96,155
46,97,158
46,98,158
46,99,156
46,100,156
46,101,157
46,102,160
46,103,164
46,104,168
46,105,167
46,106,168
46,107,170
46,108,172
46,109,171
46,110,171
46,111,172
46,112,172
46,113,174
46,114,174
46,115,174
46,116,175
46,117,172
46,118,168
46,119,167
46,120,165
46,121,166
46,122,168
46,123,170
46,124,172
46,125,172
46,126,172
46,127,173
46,128,172
46,129,177
46,130,177
46,131,177
46,132,176
46,133,176
46,134,178
46,135,177
46,136,173
46,137,174
46,138,174
46,139,175
46,140,176
46,141,177
46,142,178
46,143,179
46,144,181
46,145,181
46,146,179
46,147,180
46,148,182
46,149,181
47,0,38
47,1,38
47,2,39
47,3,43
47,4,47
47,5,49
47,6,47
47,7,43
47,8,42
47,9,43
47,10,39
47,11,39
47,12,38
47,13,32
47,14,33
47,15,35
47,16,30
47,17,30
47,18,29
47,19,27
47,20,26
47,21,25
47,22,24
47,23,22
47,24,28
47,25,28
47,26,41
47,27,62
47,28,79
47,29,90
47,30,96
47,31,97
47,32,96
47,33,101
47,34,99
47,35,99
47,36,101
47,37,105
47,38,107
47,39,103
47,40,101
47,41,103
47,42,104
47,43,104
47,44,106
47,45,106
47,46,104
47,47,106
47,48,104
47,49,104
47,50,104
47,51,103
47,52,102
47,53,105
47,54,108
47,55,106
47,56,108
47,57,104
47,58,104
47,59,107
47,60,107
47,61,108
47,62,109
47,63,108
47,64,111
47,65,114
47,66,114
47,67,114
47,68,122
47,69,134
47,70,159
47,71,164
47,72,164
47,73,158
47,74,156
47,75,158
47,76,158
47,77,157
47,78,153
47,79,148
47,80,150
47,81,154
47,82,153
47,83,149
47,84,148
47,85,149
47,86,151
47,87,155
47,88,157
47,89,157
47,90,154
47,91,150
47,92,148
47,93,150
47,94,152
47,95,152
47,96,153
47,97,157
47,98,156
47,99,154
47,100,154
47,101,156
47,102,159
47,103,162
47,104,168
47,105,167
47,106,167
47,107,170
47,108,172
47,109,172
47,110,170
47,111,168
47,112,170
47,113,171
47,114,169
47,115,168
47,116,167
47,117,164
47,118,161
47,119,160
47,120,160
47,121,162
47,122,163
47,123,164
47,124,165
47,125,167
47,126,168
47,127,169
47,128,169
47,129,171
47,130,174
47,131,178
47,132,177
47,133,171
47,134,172
47,135,174
47,136,171
47,137,171
47,138,168
47,139,167
47,140,171
47,141,174
47,142,175
47,143,177
47,144,176
47,145,178
47,146,179
47,147,181
47,148,181
47,149,179
48,0,35
48,1,42
48,2,42
48,3,41
48,4,45
48,5,45
48,6,42
48,7,43
48,8,40
48,9,42
48,10,41
48,11,38
48,12,35
48,13,35
48,14,34
48,15,33
48,16,28
48,17,27
48,18,27
48,19,26
48,20,23
48,21,20
48,22,18
48,23,18
48,24,18
48,25,20
48,26,23
48,27,29
48,28,40
48,29,54
48,30,69
48,31,79
48,32,90
48,33,94
48,34,97
48,35,98
48,36,99
48,37,99
48,38,98
48,39,98
48,40,99
48,41,102
48,42,99
48,43,100
48,44,101
48,45,101
48,46,105
48,47,106
48,48,102
48,49,107
48,50,109
48,51,105
48,52,102
48,53,103
48,54,105
48,55,106
48,56,103
48,57,103
48,58,104
48,59,106
48,60,108
48,61,107
48,62,106
48,63,106
48,64,106
48,65,109
48,66,108
48,67,107
48,68,110
48,69,116
48,70,124
48,71,132
48,72,156
48,73,170
48,74,157
48,75,152
48,76,160
48,77,154
48,78,144
48,79,136
48,80,147
48,81,157
48,82,158
48,83,155
48,84,151
48,85,150
48,86,156
48,87,157
48,88,153
48,89,158
48,90,158
48,91,156
48,92,154
48,93,149
48,94,148
48,95,153
48,96,150
48,97,155
48,98,158
48,99,158
48,100,158
48,101,162
48,102,164
48,103,164
48,104,163
48,105,162
48,106,162
48,107,164
48,108,167
48,109,167
48,110,165
48,111,163
48,112,162
48,113,163
48,114,162
48,115,160
48,116,159
48,117,159
48,118,158
48,119,156
48,120,156
48,121,160
48,122,160
48,123,157
48,124,159
48,125,162
48,126,164
48,127,166
48,128,167
48,129,170
48,130,168
48,131,172
48,132,157
48,133,146
48,134,167
48,135,183
48,136,171
48,137,173
48,138,174
48,139,173
48,140,173
48,141,175
48,142,176
48,143,177
48,144,175
48,145,179
48,146,179
48,147,177
48,148,177
48,149,176
49,0,37
49,1,43
49,2,43
49,3,41
49,4,44
49,5,44
49,6,40
49,7,41
49,8,44
49,9,41
49,10,39
49,11,38
49,12,38
49,13,36
49,14,34
49,15,32
49,16,28
49,17,27
49,18,26
49,19,24
49,20,21
49,21,18
49,22,16
49,23,16
49,24,17
49,25,16
49,26,16
49,27,17
49,28,20
49,29,28
49,30,37
49,31,44
49,32,59
49,33,80
49,34,103
49,35,115
49,36,110
49,37,99
49,38,95
49,39,98
49,40,102
49,41,99
49,42,101
49,43,96
49,44,97
49,45,101
49,46,98
49,47,103
49,48,103
49,49,105
49,50,108
49,51,110
49,52,108
49,53,105
49,54,102
49,55,98
49,56,103
49,57,103
49,58,101
49,59,101
49,60,102
49,61,105
49,62,105
49,63,105
49,64,106
49,65,109
49,66,109
49,67,108
49,68,109
49,69,111
49,70,115
49,71,119
49,72,137
49,73,153
49,74,167
49,75,159
49,76,154
49,77,149
49,78,139
49,79,144
49,80,155
49,81,157
49,82,158
49,83,157
49,84,154
49,85,155
49,86,159
49,87,158
49,88,158
49,89,157
49,90,156
49,91,159
49,92,160
49,93,153
49,94,148
49,95,153
49,96,153
49,97,155
49,98,156
49,99,156
49,100,157
49,101,160
49,102,164
49,103,167
49,104,162
49,105,163
49,106,163
49,107,162
49,108,161
49,109,162
49,110,162
49,111,160
49,112,159
49,113,157
49,114,157
49,115,158
49,116,156
49,117,152
49,118,150
49,119,152
49,120,154
49,121,161
49,122,165
49,123,165
49,124,164
49,125,163
49,126,159
49,127,157
49,128,160
49,129,162
49,130,159
49,131,155
49,132,127
49,133,110
49,134,146
49,135,186
49,136,174
49,137,174
49,138,174
49,139,174
49,140,174
49,141,172
49,142,172
49,143,173
49,144,175
49,145,177
49,146,175
49,147,172
49,148,173
49,149,173
50,0,37
50,1,42
50,2,43
50,3,43
50,4,45
50,5,45
50,6,43
50,7,43
50,8,44
50,9,41
50,10,38
50,11,39
50,12,38
50,13,35
50,14,32
50,15,32
50,16,28
50,17,27
50,18,25
50,19,23
50,20,20
50,21,17
50,22,15
50,23,14
50,24,14
50,25,16
50,26,17
50,27,18
50,28,18
50,29,18
50,30,20
50,31,21
50,32,27
50,33,51
50,34,84
50,35,109
50,36,114
50,37,103
50,38,95
50,39,97
50,40,97
50,41,98
50,42,95
50,43,95
50,44,96
50,45,98
50,46,101
50,47,105
50,48,107
50,49,107
50,50,107
50,51,106
50,52,105
50,53,108
50,54,107
50,55,101
50,56,97
50,57,100
50,58,101
50,59,100
50,60,100
50,61,102
50,62,102
50,63,102
50,64,104
50,65,103
50,66,104
50,67,105
50,68,105
50,69,107
50,70,111
50,71,113
50,72,117
50,73,125
50,74,151
50,75,164
50,76,156
50,77,151
50,78,154
50,79,159
50,80,162
50,81,155
50,82,157
50,83,159
50,84,157
50,85,159
50,86,160
50,87,158
50,88,158
50,89,159
50,90,158
50,91,160
50,92,162
50,93,159
50,94,153
50,95,153
50,96,153
50,97,154
50,98,156
50,99,159
50,100,159
50,101,158
50,102,158
50,103,160
50,104,159
50,105,158
50,106,160
50,107,163
50,108,162
50,109,157
50,110,154
50,111,155
50,112,157
50,113,156
50,114,153
50,115,148
50,116,144
50,117,143
50,118,144
50,119,144
50,120,146
50,121,153
50,122,163
50,123,168
50,124,169
50,125,167
50,126,164
50,127,159
50,128,154
50,129,157
50,130,155
50,131,153
50,132,128
50,133,103
50,134,125
50,135,160
50,136,170
50,137,171
50,138,171
50,139,170
50,140,170
50,141,170
50,142,170
50,143,169
50,144,174
50,145,174
50,146,172
50,147,170
50,148,171
50,149,171
51,0,37
51,1,40
51,2,42
51,3,43
51,4,44
51,5,45
51,6,44
51,7,44
51,8,41
51,9,40
51,10,40
51,11,38
51,12,35
51,13,32
51,14,31
51,15,32
51,16,29
51,17,27
51,18,25
51,19,23
51,20,20
51,21,17
51,22,15
51,23,15
51,24,15
51,25,16
51,26,16
51,27,17
51,28,16
51,29,17
51,30,18
51,31,18
51,32,22
51,33,23
51,34,33
51,35,55
51,36,78
51,37,88
51,38,90
51,39,92
51,40,95
51,41,99
51,42,96
51,43,97
51,44,98
51,45,97
51,46,104
51,47,106
51,48,109
51,49,113
51,50,122
51,51,122
51,52,112
51,53,105
51,54,103
51,55,101
51,56,95
51,57,97
51,58,99
51,59,100
51,60,101
51,61,101
51,62,100
51,63,99
51,64,103
51,65,100
51,66,102
51,67,103
51,68,101
51,69,103
51,70,108
51,71,110
51,72,108
51,73,118
51,74,124
51,75,143
51,76,164
51,77,166
51,78,164
51,79,171
51,80,164
51,81,155
51,82,158
51,83,161
51,84,161
51,85,162
51,86,159
51,87,159
51,88,157
51,89,161
51,90,161
51,91,160
51,92,161
51,93,161
51,94,159
51,95,158
51,96,159
51,97,161
51,98,164
51,99,166
51,100,166
51,101,163
51,102,158
51,103,156
51,104,154
51,105,151
51,106,153
51,107,159
51,108,162
51,109,157
51,110,153
51,111,153
51,112,153
51,113,152
51,114,148
51,115,143
51,116,142
51,117,144
51,118,146
51,119,145
51,120,147
51,121,148
51,122,154
51,123,160
51,124,162
51,125,165
51,126,166
51,127,162
51,128,161
51,129,161
51,130,156
51,131,159
51,132,153
51,133,138
51,134,142
51,135,155
51,136,164
51,137,166
51,138,166
51,139,162
51,140,163
51,141,167
51,142,167
51,143,164
51,144,165
51,145,165
51,146,165
51,147,165
51,148,166
51,149,166
52,0,37
52,1,39
52,2,41
52,3,43
52,4,42
52,5,43
52,6,43
52,7,41
52,8,40
52,9,41
52,10,40
52,11,37
52,12,34
52,13,33
52,14,32
52,15,31
52,16,29
52,17,27
52,18,25
52,19,23
52,20,20
52,21,17
52,22,15
52,23,15
52,24,15
52,25,15
52,26,14
52,27,14
52,28,13
52,29,13
52,30,14
52,31,14
52,32,16
52,33,16
52,34,16
52,35,20
52,36,31
52,37,47
52,38,65
52,39,80
52,40,88
52,41,91
52,42,99
52,43,97
52,44,97
52,45,99
52,46,98
52,47,105
52,48,108
52,49,122
52,50,151
52,51,167
52,52,150
52,53,118
52,54,103
52,55,105
52,56,101
52,57,97
52,58,94
52,59,95
52,60,98
52,61,99
52,62,98
52,63,98
52,64,97
52,65,97
52,66,101
52,67,103
52,68,101
52,69,103
52,70,108
52,71,109
52,72,110
52,73,114
52,74,112
52,75,117
52,76,143
52,77,164
52,78,165
52,79,166
52,80,164
52,81,160
52,82,163
52,83,164
52,84,165
52,85,164
52,86,160
52,87,163
52,88,161
52,89,160
52,90,160
52,91,161
52,92,161
52,93,160
52,94,160
52,95,164
52,96,166
52,97,168
52,98,169
52,99,168
52,100,167
52,101,167
52,102,164
52,103,160
52,104,152
52,105,152
52,106,151
52,107,150
52,108,154
52,109,159
52,110,160
52,111,157
52,112,150
52,113,148
52,114,149
52,115,154
52,116,158
52,117,157
52,118,156
52,119,157
52,120,157
52,121,150
52,122,147
52,123,148
52,124,149
52,125,154
52,126,156
52,127,154
52,128,163
52,129,163
52,130,157
52,131,156
52,132,161
52,133,162
52,134,164
52,135,170
52,136,165
52,137,164
52,138,161
52,139,159
52,140,159
52,141,162
52,142,163
52,143,161
52,144,158
52,145,159
52,146,160
52,147,161
52,148,161
52,149,161
53,0,38
53,1,38
53,2,42
53,3,44
53,4,43
53,5,44
53,6,45
53,7,43
53,8,41
53,9,42
53,10,40
53,11,36
53,12,35
53,13,35
53,14,33
53,15,30
53,16,28
53,17,26
53,18,23
53,19,21
53,20,19
53,21,16
53,22,15
53,23,15
53,24,15
53,25,15
53,26,15
53,27,15
53,28,15
53,29,14
53,30,14
53,31,13
53,32,14
53,33,16
53,34,16
53,35,16
53,36,21
53,37,29
53,38,37
53,39,43
53,40,65
53,41,74
53,42,85
53,43,91
53,44,96
53,45,101
53,46,106
53,47,113
53,48,112
53,49,122
53,50,140
53,51,153
53,52,142
53,53,117
53,54,103
53,55,103
53,56,101
53,57,99
53,58,96
53,59,95
53,60,94
53,61,94
53,62,96
53,63,99
53,64,96
53,65,97
53,66,99
53,67,99
53,68,100
53,69,104
53,70,108
53,71,110
53,72,107
53,73,103
53,74,105
53,75,111
53,76,117
53,77,140
53,78,166
53,79,167
53,80,167
53,81,167
53,82,168
53,83,169
53,84,169
53,85,167
53,86,164
53,87,167
53,88,164
53,89,163
53,90,161
53,91,159
53,92,161
53,93,163
53,94,163
53,95,163
53,96,163
53,97,166
53,98,167
53,99,165
53,100,166
53,101,168
53,102,167
53,103,164
53,104,158
53,105,158
53,106,156
53,107,153
53,108,153
53,109,156
53,110,159
53,111,160
53,112,158
53,113,159
53,114,161
53,115,165
53,116,168
53,117,167
53,118,165
53,119,163
53,120,159
53,121,149
53,122,141
53,123,140
53,124,142
53,125,146
53,126,149
53,127,149
53,128,151
53,129,154
53,130,155
53,131,155
53,132,158
53,133,158
53,134,159
53,135,167
53,136,166
53,137,161
53,138,158
53,139,160
53,140,161
53,141,160
53,142,160
53,143,162
53,144,157
53,145,157
53,146,158
53,147,159
53,148,158
53,149,159
54,0,38
54,1,37
54,2,42
54,3,45
54,4,43
54,5,45
54,6,47
54,7,44
54,8,43
54,9,42
54,10,40
54,11,37
54,12,35
54,13,33
54,14,31
54,15,30
54,16,28
54,17,25
54,18,22
54,19,20
54,20,18
54,21,16
54,22,14
54,23,14
54,24,17
54,25,15
54,26,13
54,27,11
54,28,12
54,29,14
54,30,15
54,31,16
54,32,10
54,33,15
54,34,16
54,35,15
54,36,16
54,37,17
54,38,18
54,39,21
54,40,38
54,41,49
54,42,55
54,43,69
54,44,81
54,45,90
54,46,106
54,47,113
54,48,122
54,49,123
54,50,116
54,51,108
54,52,106
54,53,104
54,54,102
54,55,103
54,56,98
54,57,101
54,58,101
54,59,98
54,60,95
54,61,96
54,62,99
54,63,99
54,64,100
54,65,101
54,66,98
54,67,95
54,68,97
54,69,102
54,70,104
54,71,104
54,72,100
54,73,102
54,74,99
54,75,108
54,76,113
54,77,119
54,78,149
54,79,172
54,80,171
54,81,171
54,82,170
54,83,170
54,84,169
54,85,169
54,86,169
54,87,166
54,88,165
54,89,166
54,90,163
54,91,159
54,92,162
54,93,167
54,94,167
54,95,160
54,96,160
54,97,162
54,98,164
54,99,164
54,100,165
54,101,166
54,102,166
54,103,166
54,104,164
54,105,161
54,106,161
54,107,162
54,108,162
54,109,158
54,110,158
54,111,161
54,112,168
54,113,170
54,114,170
54,115,167
54,116,165
54,117,166
54,118,164
54,119,161
54,120,157
54,121,149
54,122,142
54,123,141
54,124,144
54,125,145
54,126,145
54,127,147
54,128,146
54,129,148
54,130,153
54,131,155
54,132,156
54,133,154
54,134,152
54,135,160
54,136,160
54,137,158
54,138,157
54,139,160
54,140,162
54,141,162
54,142,161
54,143,160
54,144,155
54,145,153
54,146,155
54,147,157
54,148,157
54,149,158
55,0,39
55,1,37
55,2,41
55,3,43
55,4,40
55,5,41
55,6,43
55,7,40
55,8,42
55,9,41
55,10,40
55,11,38
55,12,34
55,13,29
55,14,29
55,15,30
55,16,28
55,17,26
55,18,22
55,19,20
55,20,18
55,21,16
55,22,14
55,23,14
55,24,16
55,25,15
55,26,14
55,27,13
55,28,13
55,29,12
55,30,11
55,31,10
55,32,13
55,33,15
55,34,14
55,35,13
55,36,13
55,37,13
55,38,14
55,39,17
55,40,19
55,41,22
55,42,29
55,43,35
55,44,49
55,45,66
55,46,79
55,47,92
55,48,110
55,49,118
55,50,115
55,51,107
55,52,106
55,53,105
55,54,101
55,55,101
55,56,100
55,57,102
55,58,100
55,59,96
55,60,99
55,61,105
55,62,104
55,63,99
55,64,97
55,65,99
55,66,96
55,67,94
55,68,99
55,69,104
55,70,102
55,71,99
55,72,100
55,73,95
55,74,97
55,75,98
55,76,104
55,77,108
55,78,121
55,79,157
55,80,173
55,81,172
55,82,169
55,83,169
55,84,167
55,85,169
55,86,172
55,87,162
55,88,166
55,89,164
55,90,163
55,91,164
55,92,165
55,93,167
55,94,166
55,95,163
55,96,158
55,97,158
55,98,158
55,99,159
55,100,159
55,101,159
55,102,161
55,103,163
55,104,163
55,105,162
55,106,162
55,107,165
55,108,167
55,109,167
55,110,165
55,111,164
55,112,169
55,113,168
55,114,167
55,115,166
55,116,162
55,117,159
55,118,160
55,119,162
55,120,161
55,121,156
55,122,149
55,123,147
55,124,147
55,125,144
55,126,140
55,127,142
55,128,148
55,129,148
55,130,154
55,131,155
55,132,154
55,133,151
55,134,147
55,135,153
55,136,154
55,137,157
55,138,158
55,139,157
55,140,160
55,141,164
55,142,161
55,143,153
55,144,155
55,145,153
55,146,155
55,147,160
55,148,161
55,149,162
56,0,36
56,1,37
56,2,39
56,3,41
56,4,42
56,5,43
56,6,43
56,7,43
56,8,41
56,9,41
56,10,40
56,11,38
56,12,34
56,13,31
56,14,29
56,15,28
56,16,25
56,17,24
56,18,22
56,19,19
56,20,15
56,21,13
56,22,13
56,23,15
56,24,13
56,25,14
56,26,15
56,27,14
56,28,12
56,29,12
56,30,12
56,31,12
56,32,12
56,33,13
56,34,14
56,35,14
56,36,13
56,37,13
56,38,13
56,39,13
56,40,13
56,41,16
56,42,18
56,43,18
56,44,20
56,45,30
56,46,44
56,47,56
56,48,72
56,49,98
56,50,106
56,51,101
56,52,103
56,53,108
56,54,112
56,55,108
56,56,98
56,57,96
56,58,97
56,59,95
56,60,98
56,61,108
56,62,115
56,63,120
56,64,124
56,65,116
56,66,104
56,67,98
56,68,99
56,69,98
56,70,95
56,71,97
56,72,94
56,73,97
56,74,96
56,75,95
56,76,104
56,77,108
56,78,106
56,79,116
56,80,148
56,81,171
56,82,176
56,83,171
56,84,170
56,85,170
56,86,168
56,87,164
56,88,161
56,89,163
56,90,164
56,91,165
56,92,163
56,93,163
56,94,166
56,95,162
56,96,161
56,97,158
56,98,160
56,99,163
56,100,162
56,101,161
56,102,160
56,103,158
56,104,156
56,105,161
56,106,163
56,107,163
56,108,166
56,109,167
56,110,164
56,111,163
56,112,160
56,113,163
56,114,165
56,115,162
56,116,158
56,117,157
56,118,158
56,119,159
56,120,159
56,121,160
56,122,155
56,123,151
56,124,145
56,125,142
56,126,149
56,127,153
56,128,149
56,129,151
56,130,150
56,131,149
56,132,148
56,133,148
56,134,149
56,135,153
56,136,152
56,137,154
56,138,157
56,139,160
56,140,161
56,141,162
56,142,161
56,143,161
56,144,160
56,145,161
56,146,160
56,147,161
56,148,165
56,149,166
57,0,40
57,1,40
57,2,40
57,3,40
57,4,41
57,5,42
57,6,43
57,7,43
57,8,42
57,9,41
57,10,39
57,11,36
57,12,33
57,13,30
57,14,29
57,15,29
57,16,27
57,17,25
57,18,22
57,19,19
57,20,16
57,21,13
57,22,13
57,23,14
57,24,13
57,25,13
57,26,13
57,27,13
57,28,13
57,29,12
57,30,12
57,31,11
57,32,12
57,33,13
57,34,14
57,35,14
57,36,13
57,37,13
57,38,13
57,39,13
57,40,14
57,41,15
57,42,16
57,43,16
57,44,17
57,45,20
57,46,24
57,47,27
57,48,37
57,49,59
57,50,85
57,51,92
57,52,95
57,53,99
57,54,99
57,55,103
57,56,98
57,57,92
57,58,94
57,59,99
57,60,101
57,61,102
57,62,110
57,63,125
57,64,140
57,65,141
57,66,128
57,67,114
57,68,109
57,69,100
57,70,93
57,71,96
57,72,98
57,73,97
57,74,96
57,75,97
57,76,102
57,77,104
57,78,105
57,79,111
57,80,127
57,81,147
57,82,172
57,83,186
57,84,177
57,85,169
57,86,170
57,87,165
57,88,163
57,89,161
57,90,161
57,91,166
57,92,166
57,93,163
57,94,166
57,95,165
57,96,164
57,97,162
57,98,162
57,99,164
57,100,163
57,101,161
57,102,160
57,103,158
57,104,159
57,105,162
57,106,162
57,107,162
57,108,163
57,109,164
57,110,162
57,111,163
57,112,161
57,113,158
57,114,157
57,115,158
57,116,159
57,117,159
57,118,158
57,119,157
57,120,160
57,121,159
57,122,154
57,123,153
57,124,150
57,125,147
57,126,152
57,127,156
57,128,151
57,129,147
57,130,142
57,131,142
57,132,146
57,133,151
57,134,155
57,135,160
57,136,155
57,137,157
57,138,160
57,139,161
57,140,156
57,141,152
57,142,154
57,143,160
57,144,158
57,145,160
57,146,161
57,147,163
57,148,167
57,149,168
58,0,41
58,1,40
58,2,40
58,3,41
58,4,42
58,5,43
58,6,44
58,7,44
58,8,42
58,9,41
58,10,38
58,11,34
58,12,31
58,13,30
58,14,29
58,15,29
58,16,27
58,17,24
58,18,21
58,19,19
58,20,16
58,21,14
58,22,13
58,23,14
58,24,13
58,25,12
58,26,11
58,27,12
58,28,13
58,29,13
58,30,12
58,31,11
58,32,12
58,33,13
58,34,14
58,35,14
58,36,13
58,37,13
58,38,12
58,39,13
58,40,10
58,41,10
58,42,11
58,43,12
58,44,14
58,45,16
58,46,16
58,47,16
58,48,21
58,49,27
58,50,44
58,51,59
58,52,75
58,53,92
58,54,96
58,55,96
58,56,92
58,57,94
58,58,97
58,59,98
58,60,100
58,61,99
58,62,101
58,63,111
58,64,124
58,65,128
58,66,124
58,67,119
58,68,116
58,69,110
58,70,101
58,71,98
58,72,99
58,73,99
58,74,98
58,75,99
58,76,98
58,77,98
58,78,104
58,79,107
58,80,113
58,81,118
58,82,139
58,83,168
58,84,179
58,85,173
58,86,168
58,87,166
58,88,167
58,89,165
58,90,164
58,91,168
58,92,168
58,93,166
58,94,169
58,95,171
58,96,169
58,97,167
58,98,166
58,99,165
58,100,163
58,101,161
58,102,160
58,103,158
58,104,161
58,105,162
58,106,161
58,107,161
58,108,162
58,109,162
58,110,162
58,111,163
58,112,166
58,113,159
58,114,153
58,115,156
58,116,160
58,117,161
58,118,157
58,119,155
58,120,155
58,121,154
58,122,152
58,123,155
58,124,155
58,125,153
58,126,155
58,127,156
58,128,149
58,129,146
58,130,143
58,131,143
58,132,146
58,133,148
58,134,153
58,135,160
58,136,159
58,137,166
58,138,170
58,139,167
58,140,163
58,141,161
58,142,160
58,143,159
58,144,162
58,145,165
58,146,168
58,147,171
58,148,175
58,149,176
59,0,40
59,1,40
59,2,41
59,3,43
59,4,44
59,5,45
59,6,44
59,7,44
59,8,41
59,9,39
59,10,36
59,11,33
59,12,31
59,13,29
59,14,29
59,15,28
59,16,25
59,17,23
59,18,20
59,19,18
59,20,17
59,21,15
59,22,14
59,23,14
59,24,12
59,25,12
59,26,11
59,27,12
59,28,13
59,29,13
59,30,12
59,31,12
59,32,12
59,33,13
59,34,14
59,35,14
59,36,13
59,37,13
59,38,12
59,39,12
59,40,14
59,41,15
59,42,14
59,43,13
59,44,12
59,45,11
59,46,12
59,47,14
59,48,19
59,49,20
59,50,21
59,51,30
59,52,42
59,53,60
59,54,84
59,55,95
59,56,94
59,57,94
59,58,96
59,59,99
59,60,103
59,61,103
59,62,106
59,63,120
59,64,130
59,65,121
59,66,107
59,67,110
59,68,127
59,69,130
59,70,115
59,71,105
59,72,102
59,73,103
59,74,100
59,75,100
59,76,99
59,77,101
59,78,108
59,79,108
59,80,107
59,81,111
59,82,113
59,83,124
59,84,151
59,85,173
59,86,175
59,87,168
59,88,169
59,89,170
59,90,167
59,91,168
59,92,168
59,93,169
59,94,172
59,95,171
59,96,169
59,97,167
59,98,165
59,99,164
59,100,162
59,101,163
59,102,164
59,103,163
59,104,163
59,105,162
59,106,162
59,107,163
59,108,164
59,109,163
59,110,163
59,111,164
59,112,164
59,113,160
59,114,156
59,115,157
59,116,160
59,117,159
59,118,154
59,119,149
59,120,147
59,121,148
59,122,150
59,123,154
59,124,156
59,125,155
59,126,152
59,127,150
59,128,150
59,129,147
59,130,144
59,131,144
59,132,146
59,133,147
59,134,151
59,135,159
59,136,169
59,137,170
59,138,169
59,139,167
59,140,170
59,141,174
59,142,172
59,143,167
59,144,169
59,145,172
59,146,174
59,147,175
59,148,178
59,149,178
60,0,42
60,1,42
60,2,42
60,3,43
60,4,44
60,5,44
60,6,43
60,7,42
60,8,40
60,9,37
60,10,34
60,11,33
60,12,31
60,13,30
60,14,28
60,15,26
60,16,24
60,17,22
60,18,19
60,19,18
60,20,16
60,21,14
60,22,13
60,23,13
60,24,11
60,25,12
60,26,13
60,27,13
60,28,12
60,29,12
60,30,13
60,31,13
60,32,12
60,33,13
60,34,13
60,35,13
60,36,13
60,37,12
60,38,12
60,39,12
60,40,10
60,41,12
60,42,14
60,43,14
60,44,13
60,45,12
60,46,14
60,47,15
60,48,15
60,49,17
60,50,16
60,51,20
60,52,20
60,53,25
60,54,52
60,55,79
60,56,94
60,57,95
60,58,96
60,59,96
60,60,99
60,61,102
60,62,109
60,63,126
60,64,150
60,65,156
60,66,135
60,67,112
60,68,121
60,69,133
60,70,122
60,71,106
60,72,102
60,73,102
60,74,96
60,75,97
60,76,102
60,77,105
60,78,107
60,79,104
60,80,107
60,81,110
60,82,109
60,83,107
60,84,121
60,85,148
60,86,168
60,87,176
60,88,172
60,89,172
60,90,167
60,91,166
60,92,168
60,93,170
60,94,171
60,95,167
60,96,165
60,97,163
60,98,163
60,99,163
60,100,162
60,101,166
60,102,170
60,103,171
60,104,167
60,105,165
60,106,164
60,107,164
60,108,163
60,109,162
60,110,162
60,111,164
60,112,160
60,113,161
60,114,160
60,115,158
60,116,157
60,117,155
60,118,150
60,119,143
60,120,140
60,121,143
60,122,147
60,123,148
60,124,149
60,125,149
60,126,145
60,127,141
60,128,142
60,129,141
60,130,143
60,131,151
60,132,160
60,133,163
60,134,165
60,135,169
60,136,169
60,137,162
60,138,159
60,139,164
60,140,170
60,141,171
60,142,170
60,143,171
60,144,171
60,145,173
60,146,172
60,147,171
60,148,173
60,149,172
61,0,42
61,1,41
61,2,40
61,3,41
61,4,43
61,5,44
61,6,44
61,7,43
61,8,38
61,9,36
61,10,34
61,11,33
61,12,33
61,13,31
61,14,28
61,15,25
61,16,24
61,17,22
61,18,20
61,19,18
61,20,15
61,21,13
61,22,12
61,23,12
61,24,12
61,25,13
61,26,14
61,27,13
61,28,12
61,29,12
61,30,12
61,31,13
61,32,12
61,33,12
61,34,13
61,35,13
61,36,13
61,37,12
61,38,12
61,39,12
61,40,11
61,41,12
61,42,13
61,43,13
61,44,13
61,45,13
61,46,13
61,47,13
61,48,14
61,49,13
61,50,16
61,51,15
61,52,16
61,53,19
61,54,26
61,55,42
61,56,63
61,57,74
61,58,87
61,59,91
61,60,93
61,61,95
61,62,99
61,63,109
61,64,136
61,65,159
61,66,164
61,67,139
61,68,117
61,69,117
61,70,118
61,71,111
61,72,102
61,73,102
61,74,99
61,75,99
61,76,101
61,77,101
61,78,103
61,79,103
61,80,105
61,81,104
61,82,105
61,83,108
61,84,113
61,85,118
61,86,136
61,87,165
61,88,180
61,89,177
61,90,169
61,91,168
61,92,170
61,93,170
61,94,170
61,95,169
61,96,165
61,97,164
61,98,164
61,99,164
61,100,163
61,101,166
61,102,170
61,103,170
61,104,172
61,105,168
61,106,165
61,107,163
61,108,160
61,109,159
61,110,161
61,111,161
61,112,155
61,113,156
61,114,158
61,115,158
61,116,155
61,117,153
61,118,155
61,119,157
61,120,156
61,121,157
61,122,158
61,123,156
61,124,155
61,125,156
61,126,152
61,127,150
61,128,153
61,129,156
61,130,161
61,131,168
61,132,173
61,133,170
61,134,167
61,135,167
61,136,163
61,137,161
61,138,160
61,139,163
61,140,163
61,141,163
61,142,164
61,143,167
61,144,170
61,145,171
61,146,169
61,147,168
61,148,169
61,149,169
62,0,41
62,1,40
62,2,39
62,3,40
62,4,42
62,5,43
62,6,43
62,7,43
62,8,39
62,9,37
62,10,34
62,11,34
62,12,34
62,13,32
62,14,29
62,15,25
62,16,24
62,17,22
62,18,21
62,19,18
62,20,15
62,21,12
62,22,12
62,23,12
62,24,12
62,25,13
62,26,13
62,27,13
62,28,12
62,29,12
62,30,12
62,31,12
62,32,12
62,33,12
62,34,12
62,35,12
62,36,12
62,37,12
62,38,12
62,39,12
62,40,13
62,41,12
62,42,12
62,43,12
62,44,12
62,45,13
62,46,14
62,47,15
62,48,13
62,49,13
62,50,17
62,51,14
62,52,13
62,53,17
62,54,18
62,55,20
62,56,28
62,57,37
62,58,55
62,59,70
62,60,79
62,61,85
62,62,92
62,63,103
62,64,119
62,65,128
62,66,146
62,67,152
62,68,132
62,69,113
62,70,115
62,71,127
62,72,116
62,73,106
62,74,105
62,75,105
62,76,101
62,77,99
62,78,101
62,79,105
62,80,101
62,81,103
62,82,102
62,83,103
62,84,111
62,85,112
62,86,115
62,87,134
62,88,164
62,89,170
62,90,170
62,91,170
62,92,172
62,93,171
62,94,171
62,95,170
62,96,168
62,97,168
62,98,169
62,99,167
62,100,165
62,101,165
62,102,167
62,103,166
62,104,170
62,105,166
62,106,163
62,107,160
62,108,156
62,109,157
62,110,159
62,111,158
62,112,151
62,113,150
62,114,156
62,115,160
62,116,151
62,117,139
62,118,147
62,119,164
62,120,166
62,121,162
62,122,162
62,123,161
62,124,161
62,125,161
62,126,157
62,127,158
62,128,163
62,129,166
62,130,169
62,131,171
62,132,170
62,133,167
62,134,166
62,135,169
62,136,167
62,137,168
62,138,165
62,139,160
62,140,157
62,141,159
62,142,163
62,143,164
62,144,165
62,145,166
62,146,166
62,147,168
62,148,170
62,149,171
63,0,42
63,1,41
63,2,41
63,3,41
63,4,42
63,5,42
63,6,40
63,7,38
63,8,40
63,9,37
63,10,35
63,11,34
63,12,35
63,13,33
63,14,30
63,15,26
63,16,22
63,17,22
63,18,21
63,19,19
63,20,16
63,21,13
63,22,13
63,23,14
63,24,13
63,25,12
63,26,12
63,27,12
63,28,13
63,29,13
63,30,11
63,31,10
63,32,12
63,33,12
63,34,12
63,35,12
63,36,12
63,37,12
63,38,12
63,39,11
63,40,11
63,41,12
63,42,13
63,43,14
63,44,13
63,45,13
63,46,13
63,47,14
63,48,14
63,49,14
63,50,14
63,51,17
63,52,11
63,53,9
63,54,18
63,55,17
63,56,21
63,57,26
63,58,31
63,59,32
63,60,45
63,61,71
63,62,89
63,63,96
63,64,114
63,65,127
63,66,128
63,67,128
63,68,131
63,69,119
63,70,117
63,71,138
63,72,130
63,73,106
63,74,100
63,75,103
63,76,98
63,77,97
63,78,98
63,79,100
63,80,105
63,81,101
63,82,105
63,83,106
63,84,107
63,85,112
63,86,113
63,87,117
63,88,128
63,89,151
63,90,166
63,91,171
63,92,171
63,93,170
63,94,170
63,95,166
63,96,167
63,97,169
63,98,171
63,99,170
63,100,167
63,101,167
63,102,167
63,103,165
63,104,163
63,105,161
63,106,160
63,107,158
63,108,155
63,109,157
63,110,159
63,111,157
63,112,154
63,113,153
63,114,161
63,115,165
63,116,142
63,117,112
63,118,115
63,119,140
63,120,164
63,121,156
63,122,156
63,123,158
63,124,160
63,125,159
63,126,155
63,127,158
63,128,156
63,129,159
63,130,161
63,131,164
63,132,167
63,133,167
63,134,165
63,135,165
63,136,169
63,137,168
63,138,165
63,139,162
63,140,160
63,141,159
63,142,159
63,143,159
63,144,157
63,145,160
63,146,162
63,147,165
63,148,170
63,149,171
64,0,39
64,1,41
64,2,41
64,3,42
64,4,46
64,5,45
64,6,41
64,7,40
64,8,39
64,9,36
64,10,36
64,11,35
64,12,32
64,13,31
64,14,30
64,15,27
64,16,23
64,17,23
64,18,19
64,19,14
64,20,11
64,21,11
64,22,12
64,23,12
64,24,12
64,25,15
64,26,13
64,27,10
64,28,12
64,29,14
64,30,13
64,31,12
64,32,9
64,33,12
64,34,13
64,35,13
64,36,13
64,37,15
64,38,13
64,39,10
64,40,13
64,41,13
64,42,13
64,43,14
64,44,14
64,45,13
64,46,13
64,47,14
64,48,15
64,49,14
64,50,13
64,51,12
64,52,13
64,53,13
64,54,14
64,55,14
64,56,14
64,57,19
64,58,20
64,59,20
64,60,23
64,61,33
64,62,55
64,63,78
64,64,98
64,65,111
64,66,119
64,67,117
64,68,113
64,69,107
64,70,107
64,71,113
64,72,116
64,73,112
64,74,100
64,75,97
64,76,99
64,77,96
64,78,98
64,79,98
64,80,98
64,81,105
64,82,105
64,83,104
64,84,106
64,85,104
64,86,106
64,87,114
64,88,111
64,89,123
64,90,157
64,91,176
64,92,173
64,93,165
64,94,169
64,95,168
64,96,167
64,97,169
64,98,172
64,99,173
64,100,171
64,101,169
64,102,172
64,103,175
64,104,162
64,105,160
64,106,172
64,107,164
64,108,153
64,109,158
64,110,156
64,111,159
64,112,156
64,113,164
64,114,170
64,115,167
64,116,135
64,117,77
64,118,70
64,119,121
64,120,152
64,121,160
64,122,152
64,123,152
64,124,155
64,125,150
64,126,153
64,127,152
64,128,144
64,129,153
64,130,158
64,131,160
64,132,161
64,133,161
64,134,160
64,135,161
64,136,161
64,137,163
64,138,160
64,139,157
64,140,160
64,141,164
64,142,163
64,143,159
64,144,154
64,145,159
64,146,158
64,147,159
64,148,162
64,149,162
65,0,41
65,1,41
65,2,41
65,3,41
65,4,43
65,5,42
65,6,39
65,7,38
65,8,39
65,9,36
65,10,35
65,11,34
65,12,31
65,13,30
65,14,29
65,15,26
65,16,24
65,17,23
65,18,19
65,19,15
65,20,12
65,21,12
65,22,12
65,23,12
65,24,12
65,25,14
65,26,12
65,27,10
65,28,12
65,29,13
65,30,12
65,31,12
65,32,12
65,33,13
65,34,13
65,35,11
65,36,11
65,37,13
65,38,14
65,39,13
65,40,13
65,41,13
65,42,13
65,43,14
65,44,14
65,45,13
65,46,13
65,47,14
65,48,14
65,49,14
65,50,13
65,51,12
65,52,13
65,53,13
65,54,14
65,55,14
65,56,14
65,57,15
65,58,16
65,59,16
65,60,17
65,61,19
65,62,28
65,63,38
65,64,70
65,65,84
65,66,97
65,67,104
65,68,107
65,69,105
65,70,105
65,71,110
65,72,111
65,73,104
65,74,97
65,75,97
65,76,101
65,77,99
65,78,94
65,79,96
65,80,100
65,81,99
65,82,100
65,83,102
65,84,101
65,85,102
65,86,105
65,87,106
65,88,111
65,89,114
65,90,132
65,91,165
65,92,180
65,93,167
65,94,167
65,95,168
65,96,172
65,97,171
65,98,172
65,99,173
65,100,172
65,101,170
65,102,170
65,103,170
65,104,170
65,105,170
65,106,174
65,107,165
65,108,158
65,109,162
65,110,161
65,111,166
65,112,170
65,113,168
65,114,171
65,115,164
65,116,148
65,117,112
65,118,91
65,119,121
65,120,161
65,121,156
65,122,148
65,123,149
65,124,154
65,125,153
65,126,148
65,127,146
65,128,149
65,129,152
65,130,157
65,131,162
65,132,163
65,133,160
65,134,158
65,135,160
65,136,161
65,137,160
65,138,160
65,139,162
65,140,163
65,141,162
65,142,160
65,143,156
65,144,157
65,145,159
65,146,154
65,147,154
65,148,156
65,149,156
66,0,41
66,1,40
66,2,40
66,3,41
66,4,41
66,5,41
66,6,42
66,7,41
66,8,38
66,9,37
66,10,36
66,11,35
66,12,33
66,13,30
66,14,27
66,15,23
66,16,24
66,17,22
66,18,19
66,19,15
66,20,13
66,21,13
66,22,12
66,23,11
66,24,12
66,25,12
66,26,11
66,27,11
66,28,12
66,29,12
66,30,11
66,31,12
66,32,13
66,33,14
66,34,13
66,35,10
66,36,10
66,37,12
66,38,14
66,39,15
66,40,13
66,41,13
66,42,13
66,43,14
66,44,14
66,45,13
66,46,13
66,47,14
66,48,13
66,49,13
66,50,13
66,51,13
66,52,13
66,53,14
66,54,14
66,55,14
66,56,13
66,57,12
66,58,14
66,59,16
66,60,16
66,61,17
66,62,20
66,63,23
66,64,34
66,65,48
66,66,65
66,67,82
66,68,96
66,69,102
66,70,107
66,71,114
66,72,120
66,73,110
66,74,102
66,75,98
66,76,102
66,77,103
66,78,95
66,79,97
66,80,90
66,81,93
66,82,101
66,83,103
66,84,100
66,85,102
66,86,106
66,87,105
66,88,111
66,89,113
66,90,117
66,91,136
66,92,167
66,93,178
66,94,178
66,95,173
66,96,176
66,97,174
66,98,172
66,99,172
66,100,171
66,101,169
66,102,168
66,103,168
66,104,172
66,105,173
66,106,174
66,107,168
66,108,168
66,109,170
66,110,169
66,111,173
66,112,170
66,113,167
66,114,168
66,115,165
66,116,165
66,117,153
66,118,139
66,119,153
66,120,164
66,121,148
66,122,145
66,123,147
66,124,154
66,125,157
66,126,148
66,127,149
66,128,151
66,129,151
66,130,155
66,131,158
66,132,157
66,133,154
66,134,152
66,135,152
66,136,154
66,137,152
66,138,154
66,139,158
66,140,159
66,141,160
66,142,158
66,143,154
66,144,151
66,145,153
66,146,151
66,147,150
66,148,148
66,149,145
67,0,41
67,1,39
67,2,40
67,3,42
67,4,40
67,5,41
67,6,43
67,7,43
67,8,40
67,9,38
67,10,36
67,11,34
67,12,32
67,13,30
67,14,27
67,15,25
67,16,23
67,17,21
67,18,18
67,19,15
67,20,14
67,21,13
67,22,12
67,23,11
67,24,12
67,25,11
67,26,10
67,27,11
67,28,12
67,29,11
67,30,11
67,31,12
67,32,12
67,33,13
67,34,14
67,35,12
67,36,11
67,37,12
67,38,13
67,39,14
67,40,13
67,41,13
67,42,13
67,43,14
67,44,14
67,45,12
67,46,13
67,47,14
67,48,13
67,49,13
67,50,13
67,51,13
67,52,14
67,53,14
67,54,14
67,55,14
67,56,14
67,57,12
67,58,15
67,59,17
67,60,14
67,61,15
67,62,18
67,63,19
67,64,18
67,65,24
67,66,35
67,67,50
67,68,65
67,69,76
67,70,89
67,71,101
67,72,120
67,73,121
67,74,115
67,75,103
67,76,100
67,77,100
67,78,96
67,79,99
67,80,99
67,81,93
67,82,93
67,83,100
67,84,102
67,85,100
67,86,103
67,87,109
67,88,110
67,89,113
67,90,119
67,91,116
67,92,144
67,93,176
67,94,181
67,95,178
67,96,177
67,97,175
67,98,172
67,99,170
67,100,168
67,101,167
67,102,169
67,103,170
67,104,169
67,105,169
67,106,169
67,107,172
67,108,174
67,109,173
67,110,173
67,111,175
67,112,173
67,113,174
67,114,171
67,115,173
67,116,173
67,117,168
67,118,167
67,119,174
67,120,165
67,121,149
67,122,147
67,123,148
67,124,150
67,125,152
67,126,146
67,127,147
67,128,149
67,129,151
67,130,155
67,131,156
67,132,152
67,133,150
67,134,147
67,135,141
67,136,143
67,137,145
67,138,149
67,139,151
67,140,153
67,141,158
67,142,157
67,143,150
67,144,141
67,145,144
67,146,147
67,147,150
67,148,149
67,149,146
68,0,39
68,1,37
68,2,40
68,3,42
68,4,39
68,5,39
68,6,40
68,7,40
68,8,42
68,9,39
68,10,34
68,11,31
68,12,29
68,13,29
68,14,28
68,15,29
68,16,22
68,17,20
68,18,17
68,19,15
68,20,14
68,21,13
68,22,12
68,23,11
68,24,12
68,25,10
68,26,10
68,27,12
68,28,12
68,29,11
68,30,11
68,31,12
68,32,11
68,33,13
68,34,14
68,35,13
68,36,12
68,37,12
68,38,13
68,39,13
68,40,13
68,41,13
68,42,13
68,43,14
68,44,14
68,45,12
68,46,13
68,47,14
68,48,12
68,49,13
68,50,13
68,51,14
68,52,14
68,53,14
68,54,14
68,55,14
68,56,13
68,57,12
68,58,15
68,59,16
68,60,13
68,61,12
68,62,14
68,63,13
68,64,17
68,65,16
68,66,17
68,67,23
68,68,32
68,69,43
68,70,59
68,71,74
68,72,99
68,73,115
68,74,114
68,75,106
68,76,105
68,77,105
68,78,103
68,79,99
68,80,103
68,81,97
68,82,94
68,83,95
68,84,97
68,85,99
68,86,103
68,87,105
68,88,102
68,89,114
68,90,128
68,91,114
68,92,123
68,93,157
68,94,174
68,95,173
68,96,175
68,97,173
68,98,171
68,99,168
68,100,168
68,101,169
68,102,171
68,103,172
68,104,169
68,105,165
68,106,164
68,107,172
68,108,174
68,109,171
68,110,174
68,111,175
68,112,175
68,113,175
68,114,174
68,115,176
68,116,175
68,117,170
68,118,168
68,119,166
68,120,160
68,121,152
68,122,149
68,123,149
68,124,148
68,125,148
68,126,147
68,127,146
68,128,147
68,129,149
68,130,153
68,131,153
68,132,150
68,133,148
68,134,145
68,135,139
68,136,140
68,137,143
68,138,147
68,139,147
68,140,148
68,141,152
68,142,152
68,143,146
68,144,141
68,145,139
68,146,141
68,147,146
68,148,151
68,149,153
69,0,38
69,1,37
69,2,40
69,3,42
69,4,42
69,5,40
69,6,40
69,7,40
69,8,39
69,9,37
69,10,34
69,11,31
69,12,30
69,13,29
69,14,26
69,15,26
69,16,22
69,17,19
69,18,16
69,19,15
69,20,13
69,21,12
69,22,11
69,23,12
69,24,12
69,25,10
69,26,11
69,27,12
69,28,12
69,29,12
69,30,12
69,31,12
69,32,13
69,33,13
69,34,13
69,35,12
69,36,12
69,37,12
69,38,13
69,39,14
69,40,13
69,41,13
69,42,13
69,43,14
69,44,14
69,45,13
69,46,13
69,47,14
69,48,13
69,49,13
69,50,14
69,51,14
69,52,14
69,53,14
69,54,14
69,55,14
69,56,13
69,57,12
69,58,13
69,59,14
69,60,14
69,61,15
69,62,15
69,63,15
69,64,15
69,65,14
69,66,14
69,67,17
69,68,20
69,69,25
69,70,35
69,71,45
69,72,61
69,73,85
69,74,94
69,75,99
69,76,109
69,77,117
69,78,125
69,79,127
69,80,110
69,81,102
69,82,100
69,83,98
69,84,92
69,85,95
69,86,100
69,87,97
69,88,98
69,89,114
69,90,124
69,91,113
69,92,109
69,93,131
69,94,166
69,95,174
69,96,171
69,97,170
69,98,169
69,99,170
69,100,172
69,101,173
69,102,172
69,103,170
69,104,165
69,105,162
69,106,164
69,107,172
69,108,174
69,109,173
69,110,175
69,111,175
69,112,173
69,113,171
69,114,175
69,115,173
69,116,171
69,117,172
69,118,165
69,119,161
69,120,162
69,121,159
69,122,155
69,123,155
69,124,153
69,125,150
69,126,151
69,127,147
69,128,151
69,129,146
69,130,143
69,131,143
69,132,141
69,133,141
69,134,142
69,135,143
69,136,146
69,137,145
69,138,143
69,139,142
69,140,141
69,141,142
69,142,144
69,143,146
69,144,149
69,145,144
69,146,143
69,147,142
69,148,143
69,149,145
70,0,39
70,1,39
70,2,39
70,3,42
70,4,44
70,5,42
70,6,40
70,7,42
70,8,36
70,9,36
70,10,34
70,11,32
70,12,32
70,13,29
70,14,25
70,15,24
70,16,22
70,17,20
70,18,17
70,19,15
70,20,13
70,21,11
70,22,11
70,23,12
70,24,12
70,25,11
70,26,11
70,27,13
70,28,12
70,29,12
70,30,13
70,31,12
70,32,13
70,33,13
70,34,12
70,35,12
70,36,12
70,37,12
70,38,13
70,39,14
70,40,13
70,41,13
70,42,13
70,43,14
70,44,14
70,45,13
70,46,13
70,47,14
70,48,13
70,49,14
70,50,14
70,51,14
70,52,14
70,53,13
70,54,14
70,55,14
70,56,14
70,57,13
70,58,12
70,59,11
70,60,13
70,61,14
70,62,14
70,63,15
70,64,14
70,65,13
70,66,15
70,67,18
70,68,17
70,69,16
70,70,19
70,71,22
70,72,24
70,73,47
70,74,63
70,75,76
70,76,93
70,77,109
70,78,131
70,79,154
70,80,142
70,81,116
70,82,102
70,83,101
70,84,95
70,85,88
70,86,91
70,87,95
70,88,99
70,89,105
70,90,108
70,91,108
70,92,107
70,93,111
70,94,147
70,95,176
70,96,170
70,97,170
70,98,171
70,99,172
70,100,174
70,101,174
70,102,172
70,103,169
70,104,163
70,105,164
70,106,167
70,107,170
70,108,174
70,109,177
70,110,176
70,111,177
70,112,177
70,113,175
70,114,177
70,115,172
70,116,168
70,117,168
70,118,164
70,119,160
70,120,158
70,121,159
70,122,159
70,123,162
70,124,163
70,125,161
70,126,163
70,127,161
70,128,161
70,129,152
70,130,141
70,131,136
70,132,137
70,133,138
70,134,140
70,135,143
70,136,145
70,137,146
70,138,142
70,139,138
70,140,138
70,141,139
70,142,143
70,143,149
70,144,152
70,145,150
70,146,151
70,147,146
70,148,142
70,149,143
71,0,40
71,1,40
71,2,39
71,3,41
71,4,43
71,5,40
71,6,37
71,7,39
71,8,39
71,9,38
71,10,34
71,11,30
71,12,30
71,13,29
71,14,26
71,15,27
71,16,23
71,17,21
71,18,18
71,19,16
71,20,12
71,21,10
71,22,11
71,23,13
71,24,12
71,25,11
71,26,12
71,27,13
71,28,12
71,29,13
71,30,14
71,31,12
71,32,13
71,33,12
71,34,12
71,35,12
71,36,13
71,37,13
71,38,13
71,39,13
71,40,13
71,41,13
71,42,13
71,43,14
71,44,14
71,45,13
71,46,13
71,47,14
71,48,14
71,49,14
71,50,14
71,51,14
71,52,13
71,53,13
71,54,14
71,55,14
71,56,11
71,57,14
71,58,14
71,59,13
71,60,15
71,61,15
71,62,13
71,63,15
71,64,16
71,65,14
71,66,14
71,67,15
71,68,15
71,69,15
71,70,17
71,71,19
71,72,21
71,73,25
71,74,34
71,75,48
71,76,70
71,77,88
71,78,107
71,79,135
71,80,150
71,81,135
71,82,116
71,83,102
71,84,96
71,85,92
71,86,91
71,87,94
71,88,92
71,89,100
71,90,103
71,91,99
71,92,105
71,93,109
71,94,131
71,95,160
71,96,170
71,97,172
71,98,174
71,99,173
71,100,172
71,101,172
71,102,172
71,103,170
71,104,168
71,105,172
71,106,170
71,107,165
71,108,171
71,109,177
71,110,175
71,111,178
71,112,175
71,113,174
71,114,169
71,115,172
71,116,171
71,117,167
71,118,168
71,119,163
71,120,158
71,121,159
71,122,163
71,123,167
71,124,168
71,125,166
71,126,166
71,127,168
71,128,170
71,129,163
71,130,150
71,131,142
71,132,144
71,133,145
71,134,141
71,135,138
71,136,138
71,137,146
71,138,145
71,139,141
71,140,143
71,141,146
71,142,147
71,143,151
71,144,151
71,145,150
71,146,155
71,147,155
71,148,154
71,149,158
72,0,38
72,1,37
72,2,39
72,3,41
72,4,40
72,5,41
72,6,40
72,7,38
72,8,37
72,9,35
72,10,34
72,11,32
72,12,31
72,13,28
72,14,26
72,15,24
72,16,21
72,17,19
72,18,16
72,19,14
72,20,13
72,21,13
72,22,13
72,23,12
72,24,11
72,25,12
72,26,13
72,27,13
72,28,13
72,29,13
72,30,13
72,31,14
72,32,13
72,33,13
72,34,13
72,35,13
72,36,13
72,37,13
72,38,13
72,39,12
72,40,12
72,41,14
72,42,13
72,43,12
72,44,16
72,45,15
72,46,12
72,47,14
72,48,12
72,49,12
72,50,13
72,51,14
72,52,14
72,53,14
72,54,14
72,55,15
72,56,12
72,57,13
72,58,14
72,59,15
72,60,15
72,61,15
72,62,14
72,63,14
72,64,13
72,65,13
72,66,14
72,67,15
72,68,16
72,69,16
72,70,16
72,71,15
72,72,14
72,73,20
72,74,24
72,75,27
72,76,37
72,77,55
72,78,80
72,79,100
72,80,111
72,81,120
72,82,119
72,83,108
72,84,100
72,85,98
72,86,96
72,87,94
72,88,89
72,89,97
72,90,100
72,91,98
72,92,101
72,93,99
72,94,111
72,95,145
72,96,167
72,97,172
72,98,175
72,99,174
72,100,173
72,101,173
72,102,172
72,103,173
72,104,165
72,105,169
72,106,168
72,107,170
72,108,172
72,109,174
72,110,175
72,111,168
72,112,158
72,113,142
72,114,137
72,115,157
72,116,168
72,117,165
72,118,164
72,119,158
72,120,153
72,121,165
72,122,167
72,123,170
72,124,170
72,125,167
72,126,168
72,127,165
72,128,166
72,129,165
72,130,165
72,131,154
72,132,144
72,133,140
72,134,139
72,135,144
72,136,145
72,137,155
72,138,156
72,139,156
72,140,155
72,141,152
72,142,151
72,143,147
72,144,147
72,145,151
72,146,157
72,147,163
72,148,165
72,149,163
73,0,41
73,1,40
73,2,41
73,3,41
73,4,39
73,5,40
73,6,41
73,7,40
73,8,37
73,9,35
73,10,33
73,11,31
73,12,29
73,13,28
73,14,26
73,15,24
73,16,23
73,17,21
73,18,17
73,19,15
73,20,13
73,21,12
73,22,12
73,23,11
73,24,10
73,25,11
73,26,13
73,27,13
73,28,12
73,29,12
73,30,13
73,31,14
73,32,14
73,33,14
73,34,13
73,35,13
73,36,14
73,37,14
73,38,13
73,39,13
73,40,13
73,41,15
73,42,13
73,43,13
73,44,16
73,45,15
73,46,13
73,47,15
73,48,12
73,49,13
73,50,14
73,51,14
73,52,14
73,53,14
73,54,14
73,55,14
73,56,12
73,57,13
73,58,14
73,59,14
73,60,14
73,61,14
73,62,14
73,63,14
73,64,14
73,65,13
73,66,13
73,67,14
73,68,15
73,69,15
73,70,16
73,71,16
73,72,14
73,73,15
73,74,16
73,75,18
73,76,23
73,77,32
73,78,50
73,79,68
73,80,86
73,81,101
73,82,108
73,83,104
73,84,101
73,85,101
73,86,99
73,87,97
73,88,96
73,89,93
73,90,97
73,91,100
73,92,101
73,93,102
73,94,110
73,95,125
73,96,163
73,97,171
73,98,168
73,99,171
73,100,177
73,101,175
73,102,174
73,103,174
73,104,168
73,105,166
73,106,169
73,107,171
73,108,170
73,109,166
73,110,152
73,111,136
73,112,119
73,113,104
73,114,97
73,115,122
73,116,156
73,117,164
73,118,159
73,119,158
73,120,157
73,121,167
73,122,173
73,123,175
73,124,172
73,125,165
73,126,162
73,127,162
73,128,163
73,129,160
73,130,157
73,131,152
73,132,148
73,133,147
73,134,148
73,135,152
73,136,163
73,137,165
73,138,164
73,139,162
73,140,164
73,141,163
73,142,156
73,143,150
73,144,156
73,145,156
73,146,157
73,147,158
73,148,157
73,149,155
74,0,39
74,1,40
74,2,42
74,3,43
74,4,42
74,5,41
74,6,40
74,7,38
74,8,37
74,9,35
74,10,32
74,11,30
74,12,29
74,13,27
74,14,26
74,15,24
74,16,22
74,17,20
74,18,17
74,19,14
74,20,13
74,21,13
74,22,12
74,23,12
74,24,11
74,25,12
74,26,13
74,27,13
74,28,12
74,29,12
74,30,13
74,31,14
74,32,15
74,33,14
74,34,14
74,35,14
74,36,14
74,37,14
74,38,13
74,39,13
74,40,13
74,41,15
74,42,13
74,43,13
74,44,16
74,45,15
74,46,13
74,47,15
74,48,13
74,49,14
74,50,14
74,51,14
74,52,14
74,53,14
74,54,14
74,55,14
74,56,13
74,57,13
74,58,13
74,59,13
74,60,14
74,61,14
74,62,14
74,63,14
74,64,14
74,65,14
74,66,13
74,67,13
74,68,14
74,69,15
74,70,15
74,71,16
74,72,16
74,73,16
74,74,15
74,75,16
74,76,17
74,77,20
74,78,30
74,79,44
74,80,62
74,81,79
74,82,93
74,83,95
74,84,96
74,85,99
74,86,100
74,87,100
74,88,95
74,89,90
74,90,94
74,91,98
74,92,97
74,93,100
74,94,106
74,95,110
74,96,145
74,97,171
74,98,168
74,99,164
74,100,175
74,101,179
74,102,177
74,103,171
74,104,163
74,105,167
74,106,174
74,107,178
74,108,175
74,109,145
74,110,102
74,111,85
74,112,84
74,113,81
74,114,80
74,115,103
74,116,145
74,117,162
74,118,156
74,119,158
74,120,160
74,121,173
74,122,186
74,123,185
74,124,178
74,125,170
74,126,162
74,127,159
74,128,157
74,129,153
74,130,151
74,131,157
74,132,162
74,133,162
74,134,162
74,135,161
74,136,163
74,137,162
74,138,164
74,139,160
74,140,163
74,141,167
74,142,161
74,143,159
74,144,157
74,145,156
74,146,157
74,147,158
74,148,159
74,149,160
75,0,37
75,1,37
75,2,40
75,3,43
75,4,43
75,5,42
75,6,40
75,7,36
75,8,36
75,9,34
75,10,32
75,11,30
75,12,29
75,13,27
75,14,26
75,15,24
75,16,20
75,17,18
75,18,16
75,19,13
75,20,12
75,21,12
75,22,12
75,23,12
75,24,13
75,25,13
75,26,13
75,27,13
75,28,13
75,29,13
75,30,13
75,31,14
75,32,15
75,33,14
75,34,14
75,35,14
75,36,14
75,37,14
75,38,13
75,39,13
75,40,12
75,41,13
75,42,12
75,43,12
75,44,14
75,45,14
75,46,13
75,47,14
75,48,14
75,49,14
75,50,14
75,51,14
75,52,14
75,53,14
75,54,14
75,55,14
75,56,14
75,57,14
75,58,14
75,59,13
75,60,13
75,61,14
75,62,14
75,63,14
75,64,14
75,65,14
75,66,13
75,67,14
75,68,14
75,69,15
75,70,15
75,71,15
75,72,14
75,73,15
75,74,14
75,75,15
75,76,16
75,77,17
75,78,22
75,79,29
75,80,39
75,81,49
75,82,62
75,83,75
75,84,88
75,85,97
75,86,101
75,87,104
75,88,99
75,89,100
75,90,99
75,91,96
75,92,95
75,93,97
75,94,102
75,95,108
75,96,120
75,97,164
75,98,177
75,99,166
75,100,167
75,101,175
75,102,180
75,103,179
75,104,175
75,105,175
75,106,176
75,107,174
75,108,157
75,109,112
75,110,72
75,111,70
75,112,69
75,113,74
75,114,79
75,115,92
75,116,129
75,117,157
75,118,157
75,119,160
75,120,162
75,121,174
75,122,187
75,123,178
75,124,171
75,125,171
75,126,162
75,127,157
75,128,157
75,129,151
75,130,146
75,131,155
75,132,165
75,133,167
75,134,169
75,135,167
75,136,161
75,137,160
75,138,160
75,139,157
75,140,158
75,141,160
75,142,157
75,143,156
75,144,153
75,145,154
75,146,158
75,147,162
75,148,165
75,149,167
76,0,39
76,1,37
76,2,38
76,3,41
76,4,41
76,5,42
76,6,40
76,7,36
76,8,35
76,9,34
76,10,32
76,11,31
76,12,30
76,13,28
76,14,26
76,15,24
76,16,21
76,17,19
76,18,16
76,19,14
76,20,12
76,21,11
76,22,11
76,23,11
76,24,13
76,25,13
76,26,13
76,27,13
76,28,12
76,29,13
76,30,13
76,31,13
76,32,14
76,33,14
76,34,14
76,35,14
76,36,14
76,37,13
76,38,13
76,39,12
76,40,13
76,41,13
76,42,13
76,43,13
76,44,14
76,45,14
76,46,13
76,47,14
76,48,14
76,49,14
76,50,14
76,51,14
76,52,14
76,53,14
76,54,14
76,55,14
76,56,15
76,57,14
76,58,14
76,59,14
76,60,14
76,61,14
76,62,14
76,63,15
76,64,14
76,65,14
76,66,14
76,67,14
76,68,15
76,69,14
76,70,14
76,71,13
76,72,12
76,73,14
76,74,14
76,75,13
76,76,14
76,77,14
76,78,15
76,79,17
76,80,22
76,81,23
76,82,31
76,83,49
76,84,70
76,85,84
76,86,92
76,87,98
76,88,103
76,89,110
76,90,106
76,91,98
76,92,97
76,93,97
76,94,101
76,95,109
76,96,110
76,97,137
76,98,172
76,99,179
76,100,172
76,101,176
76,102,181
76,103,183
76,104,179
76,105,175
76,106,177
76,107,172
76,108,137
76,109,93
76,110,76
76,111,75
76,112,72
76,113,76
76,114,80
76,115,89
76,116,127
76,117,157
76,118,156
76,119,159
76,120,165
76,121,174
76,122,186
76,123,178
76,124,173
76,125,175
76,126,163
76,127,157
76,128,159
76,129,156
76,130,151
76,131,157
76,132,161
76,133,161
76,134,165
76,135,164
76,136,164
76,137,164
76,138,161
76,139,161
76,140,159
76,141,156
76,142,154
76,143,149
76,144,154
76,145,155
76,146,157
76,147,159
76,148,160
76,149,160
77,0,40
77,1,38
77,2,40
77,3,42
77,4,43
77,5,42
77,6,39
77,7,35
77,8,35
77,9,34
77,10,32
77,11,31
77,12,30
77,13,28
77,14,26
77,15,24
77,16,21
77,17,20
77,18,17
77,19,15
77,20,13
77,21,13
77,22,13
77,23,13
77,24,12
77,25,12
77,26,12
77,27,12
77,28,11
77,29,12
77,30,12
77,31,13
77,32,14
77,33,14
77,34,14
77,35,14
77,36,14
77,37,14
77,38,13
77,39,12
77,40,14
77,41,14
77,42,13
77,43,14
77,44,15
77,45,15
77,46,14
77,47,14
77,48,14
77,49,14
77,50,14
77,51,14
77,52,14
77,53,14
77,54,14
77,55,14
77,56,15
77,57,15
77,58,14
77,59,14
77,60,14
77,61,14
77,62,14
77,63,14
77,64,14
77,65,14
77,66,14
77,67,15
77,68,15
77,69,14
77,70,13
77,71,12
77,72,13
77,73,16
77,74,15
77,75,13
77,76,14
77,77,14
77,78,13
77,79,12
77,80,17
77,81,16
77,82,19
77,83,30
77,84,42
77,85,54
77,86,70
77,87,86
77,88,99
77,89,111
77,90,114
77,91,107
77,92,99
77,93,96
77,94,102
77,95,110
77,96,112
77,97,114
77,98,154
77,99,175
77,100,165
77,101,168
77,102,178
77,103,182
77,104,186
77,105,179
77,106,176
77,107,182
77,108,172
77,109,149
77,110,126
77,111,103
77,112,94
77,113,96
77,114,96
77,115,107
77,116,143
77,117,163
77,118,157
77,119,164
77,120,167
77,121,169
77,122,180
77,123,180
77,124,177
77,125,173
77,126,160
77,127,153
77,128,159
77,129,160
77,130,158
77,131,157
77,132,155
77,133,154
77,134,156
77,135,157
77,136,156
77,137,160
77,138,160
77,139,162
77,140,158
77,141,152
77,142,154
77,143,150
77,144,153
77,145,153
77,146,153
77,147,152
77,148,152
77,149,152
78,0,37
78,1,38
78,2,42
78,3,45
78,4,44
78,5,42
78,6,39
78,7,35
78,8,35
78,9,33
78,10,32
78,11,30
78,12,29
78,13,28
78,14,26
78,15,24
78,16,21
78,17,19
78,18,17
78,19,15
78,20,13
78,21,13
78,22,13
78,23,14
78,24,13
78,25,12
78,26,12
78,27,12
78,28,12
78,29,12
78,30,13
78,31,13
78,32,14
78,33,14
78,34,14
78,35,14
78,36,14
78,37,14
78,38,13
78,39,13
78,40,14
78,41,14
78,42,14
78,43,14
78,44,14
78,45,15
78,46,15
78,47,14
78,48,15
78,49,14
78,50,14
78,51,14
78,52,14
78,53,14
78,54,14
78,55,13
78,56,15
78,57,14
78,58,14
78,59,14
78,60,13
78,61,13
78,62,13
78,63,13
78,64,14
78,65,14
78,66,14
78,67,14
78,68,14
78,69,14
78,70,13
78,71,12
78,72,12
78,73,14
78,74,13
78,75,13
78,76,14
78,77,14
78,78,12
78,79,12
78,80,14
78,81,16
78,82,17
78,83,19
78,84,22
78,85,29
78,86,46
78,87,64
78,88,83
78,89,102
78,90,112
78,91,111
78,92,102
78,93,97
78,94,103
78,95,109
78,96,113
78,97,114
78,98,143
78,99,162
78,100,149
78,101,143
78,102,160
78,103,182
78,104,180
78,105,180
78,106,178
78,107,180
78,108,185
78,109,184
78,110,174
78,111,162
78,112,152
78,113,149
78,114,143
78,115,145
78,116,162
78,117,167
78,118,161
78,119,169
78,120,166
78,121,161
78,122,164
78,123,164
78,124,162
78,125,159
78,126,152
78,127,149
78,128,155
78,129,154
78,130,151
78,131,144
78,132,144
78,133,150
78,134,153
78,135,154
78,136,149
78,137,152
78,138,155
78,139,155
78,140,148
78,141,144
78,142,148
78,143,150
78,144,149
78,145,150
78,146,151
78,147,150
78,148,150
78,149,152
79,0,37
79,1,38
79,2,42
79,3,43
79,4,41
79,5,40
79,6,40
79,7,38
79,8,35
79,9,33
79,10,31
79,11,29
79,12,28
79,13,27
79,14,26
79,15,25
79,16,22
79,17,20
79,18,18
79,19,14
79,20,12
79,21,11
79,22,11
79,23,11
79,24,14
79,25,13
79,26,13
79,27,13
79,28,13
79,29,13
79,30,14
79,31,14
79,32,15
79,33,14
79,34,14
79,35,14
79,36,15
79,37,15
79,38,14
79,39,14
79,40,14
79,41,13
79,42,13
79,43,13
79,44,14
79,45,14
79,46,14
79,47,14
79,48,15
79,49,15
79,50,14
79,51,14
79,52,14
79,53,14
79,54,13
79,55,13
79,56,14
79,57,14
79,58,14
79,59,13
79,60,13
79,61,13
79,62,13
79,63,13
79,64,15
79,65,14
79,66,14
79,67,13
79,68,13
79,69,13
79,70,13
79,71,12
79,72,13
79,73,13
79,74,13
79,75,14
79,76,15
79,77,13
79,78,12
79,79,14
79,80,14
79,81,15
79,82,14
79,83,14
79,84,17
79,85,20
79,86,27
79,87,34
79,88,55
79,89,78
79,90,91
79,91,98
79,92,103
79,93,101
79,94,103
79,95,109
79,96,112
79,97,118
79,98,137
79,99,159
79,100,156
79,101,133
79,102,137
79,103,166
79,104,177
79,105,170
79,106,170
79,107,166
79,108,167
79,109,178
79,110,181
79,111,178
79,112,172
79,113,166
79,114,165
79,115,166
79,116,168
79,117,167
79,118,163
79,119,164
79,120,167
79,121,162
79,122,160
79,123,157
79,124,155
79,125,156
79,126,154
79,127,151
79,128,149
79,129,146
79,130,144
79,131,138
79,132,145
79,133,157
79,134,156
79,135,152
79,136,151
79,137,147
79,138,149
79,139,146
79,140,141
79,141,142
79,142,143
79,143,149
79,144,150
79,145,153
79,146,155
79,147,154
79,148,153
79,149,153
80,0,34
80,1,37
80,2,41
80,3,42
80,4,39
80,5,39
80,6,40
80,7,37
80,8,33
80,9,36
80,10,36
80,11,31
80,12,31
80,13,29
80,14,25
80,15,26
80,16,19
80,17,24
80,18,16
80,19,13
80,20,16
80,21,9
80,22,13
80,23,14
80,24,9
80,25,16
80,26,10
80,27,11
80,28,18
80,29,14
80,30,12
80,31,15
80,32,13
80,33,15
80,34,14
80,35,13
80,36,15
80,37,14
80,38,13
80,39,15
80,40,12
80,41,12
80,42,13
80,43,14
80,44,14
80,45,14
80,46,14
80,47,14
80,48,14
80,49,14
80,50,14
80,51,15
80,52,14
80,53,13
80,54,13
80,55,14
80,56,13
80,57,14
80,58,14
80,59,14
80,60,13
80,61,13
80,62,14
80,63,14
80,64,13
80,65,14
80,66,14
80,67,14
80,68,14
80,69,13
80,70,13
80,71,13
80,72,12
80,73,13
80,74,14
80,75,15
80,76,15
80,77,14
80,78,13
80,79,13
80,80,13
80,81,14
80,82,14
80,83,15
80,84,16
80,85,18
80,86,20
80,87,23
80,88,31
80,89,47
80,90,65
80,91,79
80,92,90
80,93,96
80,94,101
80,95,107
80,96,104
80,97,118
80,98,133
80,99,160
80,100,171
80,101,151
80,102,122
80,103,143
80,104,168
80,105,170
80,106,171
80,107,165
80,108,162
80,109,162
80,110,160
80,111,165
80,112,170
80,113,172
80,114,169
80,115,175
80,116,172
80,117,169
80,118,167
80,119,166
80,120,165
80,121,169
80,122,164
80,123,155
80,124,155
80,125,160
80,126,162
80,127,162
80,128,152
80,129,154
80,130,154
80,131,153
80,132,156
80,133,160
80,134,158
80,135,151
80,136,141
80,137,145
80,138,148
80,139,146
80,140,144
80,141,147
80,142,152
80,143,157
80,144,161
80,145,167
80,146,161
80,147,154
80,148,153
80,149,153
81,0,37
81,1,38
81,2,42
81,3,42
81,4,40
81,5,40
81,6,40
81,7,38
81,8,36
81,9,31
81,10,32
81,11,33
81,12,30
81,13,28
81,14,28
81,15,23
81,16,26
81,17,16
81,18,18
81,19,15
81,20,11
81,21,13
81,22,13
81,23,12
81,24,16
81,25,14
81,26,13
81,27,14
81,28,12
81,29,12
81,30,16
81,31,13
81,32,15
81,33,15
81,34,12
81,35,10
81,36,12
81,37,13
81,38,13
81,39,15
81,40,12
81,41,12
81,42,13
81,43,13
81,44,13
81,45,13
81,46,14
81,47,14
81,48,14
81,49,14
81,50,14
81,51,14
81,52,13
81,53,12
81,54,13
81,55,15
81,56,14
81,57,14
81,58,14
81,59,13
81,60,12
81,61,13
81,62,14
81,63,15
81,64,13
81,65,14
81,66,14
81,67,14
81,68,13
81,69,13
81,70,12
81,71,12
81,72,13
81,73,14
81,74,15
81,75,15
81,76,15
81,77,15
81,78,14
81,79,14
81,80,14
81,81,15
81,82,14
81,83,14
81,84,15
81,85,15
81,86,17
81,87,19
81,88,20
81,89,26
81,90,36
81,91,52
81,92,70
81,93,84
81,94,93
81,95,98
81,96,98
81,97,109
81,98,125
81,99,152
81,100,165
81,101,165
81,102,152
81,103,149
81,104,168
81,105,169
81,106,171
81,107,168
81,108,167
81,109,164
81,110,154
81,111,148
81,112,154
81,113,163
81,114,169
81,115,176
81,116,171
81,117,168
81,118,167
81,119,169
81,120,170
81,121,168
81,122,164
81,123,161
81,124,159
81,125,158
81,126,161
81,127,167
81,128,164
81,129,162
81,130,162
81,131,165
81,132,166
81,133,163
81,134,155
81,135,149
81,136,146
81,137,145
81,138,145
81,139,147
81,140,153
81,141,159
81,142,162
81,143,162
81,144,164
81,145,167
81,146,159
81,147,153
81,148,154
81,149,154
82,0,38
82,1,38
82,2,40
82,3,41
82,4,40
82,5,40
82,6,39
82,7,36
82,8,35
82,9,33
82,10,29
82,11,32
82,12,31
82,13,28
82,14,27
82,15,24
82,16,22
82,17,16
82,18,15
82,19,13
82,20,11
82,21,15
82,22,13
82,23,13
82,24,13
82,25,13
82,26,12
82,27,14
82,28,14
82,29,13
82,30,15
82,31,13
82,32,14
82,33,16
82,34,16
82,35,15
82,36,16
82,37,14
82,38,11
82,39,11
82,40,12
82,41,12
82,42,13
82,43,13
82,44,13
82,45,13
82,46,13
82,47,14
82,48,14
82,49,14
82,50,14
82,51,13
82,52,13
82,53,12
82,54,13
82,55,15
82,56,14
82,57,14
82,58,14
82,59,14
82,60,13
82,61,13
82,62,14
82,63,14
82,64,13
82,65,14
82,66,14
82,67,14
82,68,13
82,69,12
82,70,12
82,71,12
82,72,14
82,73,14
82,74,15
82,75,15
82,76,15
82,77,15
82,78,15
82,79,14
82,80,15
82,81,16
82,82,15
82,83,13
82,84,14
82,85,14
82,86,14
82,87,17
82,88,17
82,89,19
82,90,23
82,91,33
82,92,49
82,93,64
82,94,78
82,95,90
82,96,98
82,97,104
82,98,110
82,99,135
82,100,158
82,101,166
82,102,170
82,103,169
82,104,173
82,105,172
82,106,173
82,107,172
82,108,173
82,109,172
82,110,162
82,111,152
82,112,149
82,113,151
82,114,154
82,115,162
82,116,168
82,117,173
82,118,169
82,119,171
82,120,169
82,121,167
82,122,166
82,123,167
82,124,165
82,125,159
82,126,160
82,127,167
82,128,165
82,129,164
82,130,166
82,131,170
82,132,171
82,133,167
82,134,161
82,135,157
82,136,156
82,137,157
82,138,157
82,139,158
82,140,160
82,141,163
82,142,164
82,143,163
82,144,161
82,145,162
82,146,156
82,147,154
82,148,156
82,149,155
83,0,39
83,1,38
83,2,38
83,3,39
83,4,39
83,5,39
83,6,38
83,7,36
83,8,35
83,9,35
83,10,30
83,11,31
83,12,28
83,13,27
83,14,27
83,15,25
83,16,25
83,17,23
83,18,20
83,19,15
83,20,15
83,21,17
83,22,12
83,23,13
83,24,12
83,25,13
83,26,12
83,27,12
83,28,14
83,29,14
83,30,14
83,31,16
83,32,14
83,33,15
83,34,16
83,35,16
83,36,14
83,37,13
83,38,13
83,39,15
83,40,12
83,41,12
83,42,13
83,43,13
83,44,13
83,45,13
83,46,13
83,47,14
83,48,13
83,49,14
83,50,14
83,51,13
83,52,13
83,53,12
83,54,13
83,55,15
83,56,13
83,57,14
83,58,15
83,59,15
83,60,15
83,61,13
83,62,13
83,63,12
83,64,13
83,65,14
83,66,14
83,67,14
83,68,13
83,69,13
83,70,13
83,71,13
83,72,14
83,73,14
83,74,14
83,75,14
83,76,14
83,77,14
83,78,13
83,79,13
83,80,15
83,81,16
83,82,14
83,83,13
83,84,14
83,85,14
83,86,15
83,87,17
83,88,15
83,89,17
83,90,19
83,91,26
83,92,35
83,93,47
83,94,64
83,95,80
83,96,90
83,97,94
83,98,102
83,99,130
83,100,161
83,101,164
83,102,169
83,103,177
83,104,178
83,105,175
83,106,174
83,107,174
83,108,174
83,109,175
83,110,173
83,111,170
83,112,163
83,113,157
83,114,149
83,115,146
83,116,148
83,117,158
83,118,161
83,119,172
83,120,168
83,121,169
83,122,170
83,123,168
83,124,164
83,125,160
83,126,161
83,127,165
83,128,160
83,129,164
83,130,167
83,131,168
83,132,167
83,133,165
83,134,163
83,135,162
83,136,163
83,137,167
83,138,169
83,139,168
83,140,164
83,141,161
83,142,160
83,143,160
83,144,160
83,145,160
83,146,156
83,147,157
83,148,156
83,149,151
84,0,41
84,1,40
84,2,39
84,3,39
84,4,41
84,5,40
84,6,38
84,7,37
84,8,38
84,9,32
84,10,33
84,11,33
84,12,25
84,13,29
84,14,29
84,15,30
84,16,18
84,17,15
84,18,22
84,19,22
84,20,21
84,21,12
84,22,14
84,23,15
84,24,15
84,25,13
84,26,15
84,27,16
84,28,14
84,29,15
84,30,15
84,31,14
84,32,13
84,33,13
84,34,14
84,35,13
84,36,13
84,37,13
84,38,15
84,39,16
84,40,12
84,41,13
84,42,13
84,43,14
84,44,13
84,45,13
84,46,13
84,47,14
84,48,12
84,49,13
84,50,14
84,51,14
84,52,13
84,53,13
84,54,13
84,55,14
84,56,13
84,57,14
84,58,15
84,59,15
84,60,15
84,61,14
84,62,12
84,63,12
84,64,13
84,65,13
84,66,14
84,67,14
84,68,14
84,69,13
84,70,14
84,71,14
84,72,14
84,73,14
84,74,13
84,75,13
84,76,13
84,77,13
84,78,13
84,79,13
84,80,14
84,81,15
84,82,14
84,83,13
84,84,15
84,85,15
84,86,15
84,87,18
84,88,17
84,89,17
84,90,20
84,91,26
84,92,34
84,93,42
84,94,53
84,95,64
84,96,80
84,97,89
84,98,104
84,99,119
84,100,138
84,101,146
84,102,157
84,103,177
84,104,183
84,105,179
84,106,175
84,107,174
84,108,172
84,109,171
84,110,173
84,111,175
84,112,176
84,113,171
84,114,165
84,115,158
84,116,150
84,117,148
84,118,146
84,119,156
84,120,171
84,121,174
84,122,177
84,123,176
84,124,172
84,125,168
84,126,167
84,127,167
84,128,161
84,129,165
84,130,168
84,131,169
84,132,167
84,133,163
84,134,161
84,135,161
84,136,164
84,137,166
84,138,167
84,139,166
84,140,165
84,141,164
84,142,161
84,143,159
84,144,160
84,145,158
84,146,154
84,147,156
84,148,156
84,149,150
85,0,40
85,1,39
85,2,38
85,3,39
85,4,41
85,5,40
85,6,37
85,7,37
85,8,37
85,9,32
85,10,32
85,11,31
85,12,30
85,13,34
85,14,29
85,15,58
85,16,110
85,17,76
85,18,6
85,19,19
85,20,14
85,21,23
85,22,20
85,23,20
85,24,21
85,25,21
85,26,21
85,27,19
85,28,19
85,29,19
85,30,17
85,31,20
85,32,18
85,33,15
85,34,15
85,35,15
85,36,14
85,37,14
85,38,14
85,39,12
85,40,13
85,41,13
85,42,14
85,43,14
85,44,14
85,45,13
85,46,14
85,47,14
85,48,12
85,49,13
85,50,14
85,51,14
85,52,13
85,53,13
85,54,13
85,55,13
85,56,14
85,57,14
85,58,14
85,59,13
85,60,13
85,61,13
85,62,13
85,63,13
85,64,13
85,65,13
85,66,14
85,67,14
85,68,14
85,69,14
85,70,14
85,71,14
85,72,15
85,73,15
85,74,14
85,75,14
85,76,14
85,77,14
85,78,13
85,79,13
85,80,13
85,81,14
85,82,13
85,83,13
85,84,15
85,85,15
85,86,16
85,87,17
85,88,22
85,89,24
85,90,27
85,91,31
85,92,37
85,93,40
85,94,45
85,95,52
85,96,62
85,97,80
85,98,100
85,99,111
85,100,128
85,101,138
85,102,141
85,103,165
85,104,186
85,105,184
85,106,177
85,107,175
85,108,173
85,109,171
85,110,172
85,111,176
85,112,185
85,113,178
85,114,173
85,115,173
85,116,165
85,117,160
85,118,155
85,119,160
85,120,171
85,121,171
85,122,174
85,123,177
85,124,175
85,125,172
85,126,172
85,127,173
85,128,173
85,129,170
85,130,170
85,131,172
85,132,169
85,133,163
85,134,161
85,135,162
85,136,167
85,137,166
85,138,165
85,139,165
85,140,165
85,141,166
85,142,164
85,143,161
85,144,159
85,145,153
85,146,147
85,147,150
85,148,153
85,149,150
86,0,38
86,1,38
86,2,37
86,3,38
86,4,40
86,5,39
86,6,36
86,7,37
86,8,34
86,9,33
86,10,31
86,11,27
86,12,38
86,13,37
86,14,34
86,15,111
86,16,168
86,17,134
86,18,77
86,19,54
86,20,41
86,21,6
86,22,6
86,23,2
86,24,2
86,25,2
86,26,3
86,27,2
86,28,5
86,29,9
86,30,9
86,31,15
86,32,19
86,33,18
86,34,18
86,35,16
86,36,13
86,37,13
86,38,15
86,39,15
86,40,13
86,41,14
86,42,14
86,43,14
86,44,14
86,45,14
86,46,14
86,47,14
86,48,12
86,49,14
86,50,14
86,51,13
86,52,13
86,53,13
86,54,14
86,55,14
86,56,14
86,57,13
86,58,13
86,59,13
86,60,13
86,61,13
86,62,13
86,63,14
86,64,13
86,65,13
86,66,14
86,67,14
86,68,14
86,69,14
86,70,14
86,71,14
86,72,15
86,73,15
86,74,15
86,75,15
86,76,14
86,77,14
86,78,14
86,79,13
86,80,13
86,81,14
86,82,13
86,83,13
86,84,16
86,85,17
86,86,17
86,87,19
86,88,22
86,89,27
86,90,31
86,91,35
86,92,39
86,93,42
86,94,47
86,95,53
86,96,57
86,97,69
86,98,82
86,99,100
86,100,128
86,101,150
86,102,143
86,103,155
86,104,177
86,105,183
86,106,178
86,107,176
86,108,177
86,109,174
86,110,175
86,111,177
86,112,176
86,113,174
86,114,178
86,115,187
86,116,177
86,117,167
86,118,166
86,119,171
86,120,170
86,121,165
86,122,164
86,123,166
86,124,166
86,125,167
86,126,170
86,127,172
86,128,178
86,129,175
86,130,174
86,131,174
86,132,171
86,133,166
86,134,163
86,135,164
86,136,169
86,137,169
86,138,167
86,139,166
86,140,166
86,141,165
86,142,162
86,143,158
86,144,157
86,145,149
86,146,141
86,147,143
86,148,144
86,149,142
87,0,38
87,1,39
87,2,38
87,3,39
87,4,42
87,5,40
87,6,37
87,7,38
87,8,33
87,9,29
87,10,32
87,11,29
87,12,39
87,13,37
87,14,45
87,15,153
87,16,175
87,17,140
87,18,135
87,19,123
87,20,122
87,21,103
87,22,84
87,23,72
87,24,64
87,25,60
87,26,68
87,27,68
87,28,57
87,29,52
87,30,46
87,31,37
87,32,7
87,33,12
87,34,20
87,35,21
87,36,16
87,37,13
87,38,15
87,39,16
87,40,14
87,41,14
87,42,15
87,43,15
87,44,14
87,45,14
87,46,14
87,47,14
87,48,13
87,49,14
87,50,14
87,51,13
87,52,12
87,53,13
87,54,15
87,55,15
87,56,12
87,57,13
87,58,13
87,59,13
87,60,14
87,61,14
87,62,13
87,63,13
87,64,13
87,65,13
87,66,14
87,67,14
87,68,13
87,69,13
87,70,13
87,71,13
87,72,15
87,73,15
87,74,15
87,75,15
87,76,14
87,77,14
87,78,13
87,79,13
87,80,13
87,81,14
87,82,14
87,83,14
87,84,18
87,85,19
87,86,20
87,87,22
87,88,28
87,89,32
87,90,34
87,91,37
87,92,43
87,93,48
87,94,52
87,95,56
87,96,59
87,97,64
87,98,75
87,99,91
87,100,109
87,101,145
87,102,148
87,103,143
87,104,159
87,105,176
87,106,178
87,107,177
87,108,178
87,109,175
87,110,174
87,111,174
87,112,175
87,113,172
87,114,175
87,115,186
87,116,173
87,117,162
87,118,165
87,119,170
87,120,169
87,121,167
87,122,168
87,123,170
87,124,169
87,125,168
87,126,166
87,127,162
87,128,165
87,129,170
87,130,175
87,131,175
87,132,173
87,133,172
87,134,171
87,135,169
87,136,168
87,137,166
87,138,164
87,139,165
87,140,167
87,141,166
87,142,160
87,143,153
87,144,148
87,145,142
87,146,136
87,147,138
87,148,137
87,149,133
88,0,37
88,1,36
88,2,37
88,3,39
88,4,41
88,5,39
88,6,37
88,7,36
88,8,33
88,9,37
88,10,34
88,11,34
88,12,37
88,13,33
88,14,65
88,15,154
88,16,167
88,17,152
88,18,150
88,19,131
88,20,123
88,21,128
88,22,122
88,23,134
88,24,133
88,25,138
88,26,128
88,27,116
88,28,118
88,29,120
88,30,117
88,31,108
88,32,72
88,33,53
88,34,3
88,35,2
88,36,19
88,37,22
88,38,11
88,39,13
88,40,11
88,41,14
88,42,13
88,43,14
88,44,14
88,45,14
88,46,12
88,47,10
88,48,12
88,49,13
88,50,13
88,51,12
88,52,12
88,53,14
88,54,15
88,55,14
88,56,13
88,57,14
88,58,14
88,59,14
88,60,13
88,61,13
88,62,13
88,63,14
88,64,13
88,65,13
88,66,13
88,67,13
88,68,14
88,69,14
88,70,14
88,71,14
88,72,14
88,73,13
88,74,13
88,75,13
88,76,14
88,77,14
88,78,14
88,79,15
88,80,11
88,81,17
88,82,15
88,83,17
88,84,20
88,85,21
88,86,28
88,87,32
88,88,33
88,89,38
88,90,40
88,91,44
88,92,50
88,93,54
88,94,55
88,95,56
88,96,56
88,97,66
88,98,75
88,99,83
88,100,98
88,101,125
88,102,144
88,103,137
88,104,149
88,105,175
88,106,180
88,107,178
88,108,175
88,109,173
88,110,178
88,111,174
88,112,172
88,113,177
88,114,178
88,115,173
88,116,167
88,117,163
88,118,164
88,119,168
88,120,167
88,121,173
88,122,171
88,123,173
88,124,177
88,125,175
88,126,172
88,127,168
88,128,163
88,129,167
88,130,163
88,131,162
88,132,167
88,133,174
88,134,175
88,135,172
88,136,170
88,137,168
88,138,166
88,139,171
88,140,169
88,141,168
88,142,161
88,143,159
88,144,151
88,145,144
88,146,139
88,147,140
88,148,139
88,149,134
89,0,36
89,1,35
89,2,36
89,3,39
89,4,40
89,5,38
89,6,37
89,7,36
89,8,35
89,9,33
89,10,33
89,11,34
89,12,36
89,13,39
89,14,59
89,15,114
89,16,131
89,17,133
89,18,145
89,19,148
89,20,141
89,21,131
89,22,123
89,23,127
89,24,141
89,25,125
89,26,116
89,27,113
89,28,119
89,29,121
89,30,126
89,31,126
89,32,121
89,33,119
89,34,98
89,35,68
89,36,15
89,37,11
89,38,28
89,39,17
89,40,16
89,41,14
89,42,16
89,43,11
89,44,13
89,45,16
89,46,15
89,47,12
89,48,13
89,49,14
89,50,14
89,51,13
89,52,13
89,53,14
89,54,15
89,55,15
89,56,13
89,57,14
89,58,14
89,59,14
89,60,13
89,61,13
89,62,13
89,63,14
89,64,13
89,65,13
89,66,13
89,67,14
89,68,14
89,69,14
89,70,14
89,71,14
89,72,13
89,73,13
89,74,13
89,75,14
89,76,14
89,77,14
89,78,14
89,79,14
89,80,16
89,81,17
89,82,17
89,83,21
89,84,25
89,85,29
89,86,34
89,87,34
89,88,37
89,89,41
89,90,44
89,91,47
89,92,53
89,93,58
89,94,60
89,95,63
89,96,68
89,97,68
89,98,70
89,99,76
89,100,88
89,101,112
89,102,136
89,103,139
89,104,147
89,105,157
89,106,176
89,107,177
89,108,176
89,109,183
89,110,178
89,111,176
89,112,179
89,113,176
89,114,178
89,115,176
89,116,165
89,117,163
89,118,170
89,119,173
89,120,174
89,121,175
89,122,174
89,123,176
89,124,178
89,125,174
89,126,172
89,127,172
89,128,173
89,129,166
89,130,165
89,131,163
89,132,157
89,133,160
89,134,167
89,135,171
89,136,170
89,137,175
89,138,177
89,139,180
89,140,175
89,141,173
89,142,165
89,143,162
89,144,162
89,145,156
89,146,153
89,147,154
89,148,153
89,149,149
90,0,35
90,1,35
90,2,36
90,3,38
90,4,39
90,5,38
90,6,36
90,7,35
90,8,36
90,9,33
90,10,34
90,11,33
90,12,31
90,13,38
90,14,53
90,15,87
90,16,100
90,17,106
90,18,114
90,19,133
90,20,147
90,21,156
90,22,157
90,23,140
90,24,134
90,25,131
90,26,129
90,27,123
90,28,128
90,29,132
90,30,131
90,31,125
90,32,124
90,33,123
90,34,123
90,35,117
90,36,93
90,37,55
90,38,8
90,39,9
90,40,17
90,41,12
90,42,10
90,43,14
90,44,15
90,45,13
90,46,13
90,47,15
90,48,13
90,49,14
90,50,14
90,51,14
90,52,13
90,53,14
90,54,14
90,55,14
90,56,13
90,57,14
90,58,14
90,59,14
90,60,13
90,61,13
90,62,13
90,63,14
90,64,14
90,65,14
90,66,14
90,67,14
90,68,14
90,69,14
90,70,14
90,71,14
90,72,14
90,73,14
90,74,14
90,75,14
90,76,14
90,77,14
90,78,14
90,79,14
90,80,19
90,81,18
90,82,24
90,83,28
90,84,28
90,85,33
90,86,38
90,87,40
90,88,41
90,89,44
90,90,47
90,91,50
90,92,56
90,93,62
90,94,65
90,95,67
90,96,68
90,97,67
90,98,71
90,99,79
90,100,87
90,101,100
90,102,124
90,103,139
90,104,135
90,105,141
90,106,160
90,107,172
90,108,178
90,109,182
90,110,180
90,111,178
90,112,176
90,113,173
90,114,173
90,115,176
90,116,176
90,117,172
90,118,174
90,119,181
90,120,177
90,121,177
90,122,176
90,123,174
90,124,174
90,125,174
90,126,173
90,127,173
90,128,179
90,129,173
90,130,171
90,131,171
90,132,168
90,133,163
90,134,162
90,135,162
90,136,162
90,137,170
90,138,172
90,139,175
90,140,178
90,141,180
90,142,172
90,143,167
90,144,169
90,145,166
90,146,165
90,147,168
90,148,168
90,149,164
91,0,34
91,1,35
91,2,36
91,3,38
91,4,38
91,5,37
91,6,36
91,7,35
91,8,34
91,9,33
91,10,33
91,11,32
91,12,29
91,13,31
91,14,44
91,15,79
91,16,104
91,17,108
91,18,104
91,19,110
91,20,114
91,21,130
91,22,158
91,23,160
91,24,147
91,25,143
91,26,140
91,27,142
91,28,138
91,29,124
91,30,103
91,31,107
91,32,115
91,33,111
91,34,102
91,35,104
91,36,108
91,37,107
91,38,75
91,39,48
91,40,12
91,41,21
91,42,15
91,43,15
91,44,14
91,45,13
91,46,12
91,47,16
91,48,12
91,49,13
91,50,14
91,51,13
91,52,13
91,53,13
91,54,13
91,55,14
91,56,13
91,57,14
91,58,14
91,59,14
91,60,13
91,61,13
91,62,13
91,63,14
91,64,14
91,65,14
91,66,14
91,67,14
91,68,14
91,69,14
91,70,14
91,71,14
91,72,15
91,73,15
91,74,14
91,75,14
91,76,14
91,77,15
91,78,16
91,79,16
91,80,20
91,81,21
91,82,29
91,83,32
91,84,33
91,85,37
91,86,40
91,87,44
91,88,48
91,89,51
91,90,54
91,91,57
91,92,62
91,93,67
91,94,70
91,95,72
91,96,69
91,97,72
91,98,74
91,99,80
91,100,85
91,101,91
91,102,114
91,103,142
91,104,143
91,105,148
91,106,153
91,107,165
91,108,174
91,109,174
91,110,176
91,111,180
91,112,176
91,113,174
91,114,170
91,115,174
91,116,181
91,117,176
91,118,171
91,119,174
91,120,173
91,121,172
91,122,174
91,123,175
91,124,175
91,125,174
91,126,172
91,127,172
91,128,178
91,129,176
91,130,174
91,131,176
91,132,176
91,133,176
91,134,184
91,135,178
91,136,166
91,137,167
91,138,161
91,139,158
91,140,163
91,141,170
91,142,171
91,143,172
91,144,175
91,145,172
91,146,169
91,147,168
91,148,167
91,149,164
92,0,33
92,1,35
92,2,37
92,3,38
92,4,38
92,5,37
92,6,36
92,7,35
92,8,32
92,9,30
92,10,28
92,11,32
92,12,31
92,13,29
92,14,34
92,15,61
92,16,93
92,17,102
92,18,104
92,19,110
92,20,106
92,21,100
92,22,123
92,23,149
92,24,169
92,25,164
92,26,144
92,27,147
92,28,150
92,29,103
92,30,40
92,31,88
92,32,115
92,33,106
92,34,101
92,35,101
92,36,94
92,37,106
92,38,114
92,39,99
92,40,58
92,41,17
92,42,15
92,43,16
92,44,18
92,45,11
92,46,12
92,47,14
92,48,12
92,49,13
92,50,14
92,51,14
92,52,13
92,53,12
92,54,13
92,55,14
92,56,13
92,57,14
92,58,14
92,59,14
92,60,13
92,61,13
92,62,13
92,63,13
92,64,13
92,65,13
92,66,14
92,67,14
92,68,14
92,69,14
92,70,14
92,71,14
92,72,15
92,73,15
92,74,14
92,75,13
92,76,14
92,77,15
92,78,17
92,79,19
92,80,24
92,81,25
92,82,30
92,83,34
92,84,41
92,85,45
92,86,44
92,87,48
92,88,54
92,89,56
92,90,59
92,91,62
92,92,65
92,93,68
92,94,71
92,95,71
92,96,72
92,97,78
92,98,77
92,99,77
92,100,82
92,101,85
92,102,102
92,103,134
92,104,151
92,105,152
92,106,155
92,107,161
92,108,169
92,109,170
92,110,168
92,111,176
92,112,178
92,113,174
92,114,173
92,115,175
92,116,175
92,117,172
92,118,168
92,119,164
92,120,169
92,121,166
92,122,173
92,123,180
92,124,179
92,125,174
92,126,172
92,127,173
92,128,174
92,129,171
92,130,177
92,131,185
92,132,171
92,133,167
92,134,198
92,135,196
92,136,170
92,137,168
92,138,161
92,139,153
92,140,151
92,141,149
92,142,150
92,143,153
92,144,165
92,145,167
92,146,170
92,147,172
92,148,173
92,149,172
93,0,33
93,1,36
93,2,38
93,3,39
93,4,38
93,5,38
93,6,36
93,7,35
93,8,34
93,9,30
93,10,29
93,11,33
93,12,29
93,13,29
93,14,29
93,15,40
93,16,70
93,17,91
93,18,99
93,19,102
93,20,109
93,21,102
93,22,103
93,23,122
93,24,150
93,25,170
93,26,157
93,27,145
93,28,165
93,29,132
93,30,37
93,31,68
93,32,131
93,33,132
93,34,121
93,35,113
93,36,114
93,37,110
93,38,106
93,39,111
93,40,107
93,41,57
93,42,4
93,43,18
93,44,16
93,45,14
93,46,14
93,47,12
93,48,12
93,49,13
93,50,14
93,51,15
93,52,14
93,53,13
93,54,14
93,55,15
93,56,13
93,57,13
93,58,13
93,59,13
93,60,13
93,61,13
93,62,13
93,63,13
93,64,13
93,65,13
93,66,13
93,67,13
93,68,14
93,69,14
93,70,14
93,71,14
93,72,14
93,73,14
93,74,13
93,75,14
93,76,15
93,77,18
93,78,21
93,79,23
93,80,28
93,81,31
93,82,35
93,83,41
93,84,48
93,85,51
93,86,51
93,87,56
93,88,57
93,89,59
93,90,62
93,91,64
93,92,65
93,93,68
93,94,70
93,95,70
93,96,72
93,97,78
93,98,78
93,99,76
93,100,82
93,101,84
93,102,92
93,103,114
93,104,146
93,105,152
93,106,154
93,107,159
93,108,164
93,109,164
93,110,168
93,111,169
93,112,172
93,113,178
93,114,180
93,115,178
93,116,176
93,117,172
93,118,167
93,119,165
93,120,168
93,121,169
93,122,172
93,123,175
93,124,169
93,125,168
93,126,175
93,127,175
93,128,170
93,129,169
93,130,179
93,131,192
93,132,174
93,133,154
93,134,182
93,135,190
93,136,166
93,137,164
93,138,166
93,139,164
93,140,160
93,141,148
93,142,141
93,143,137
93,144,139
93,145,147
93,146,156
93,147,164
93,148,169
93,149,173
94,0,33
94,1,36
94,2,39
94,3,40
94,4,39
94,5,38
94,6,37
94,7,35
94,8,35
94,9,32
94,10,32
94,11,32
94,12,26
94,13,28
94,14,27
94,15,30
94,16,36
94,17,67
94,18,87
94,19,94
94,20,104
94,21,106
94,22,100
94,23,104
94,24,105
94,25,141
94,26,168
94,27,164
94,28,166
94,29,159
94,30,109
94,31,99
94,32,151
94,33,143
94,34,128
94,35,129
94,36,125
94,37,119
94,38,123
94,39,109
94,40,113
94,41,99
94,42,67
94,43,15
94,44,18
94,45,20
94,46,13
94,47,14
94,48,12
94,49,13
94,50,14
94,51,15
94,52,14
94,53,13
94,54,14
94,55,15
94,56,13
94,57,13
94,58,13
94,59,13
94,60,13
94,61,13
94,62,13
94,63,13
94,64,13
94,65,13
94,66,13
94,67,13
94,68,13
94,69,14
94,70,14
94,71,14
94,72,13
94,73,14
94,74,15
94,75,17
94,76,20
94,77,24
94,78,27
94,79,29
94,80,35
94,81,39
94,82,43
94,83,49
94,84,52
94,85,53
94,86,58
94,87,62
94,88,63
94,89,64
94,90,67
94,91,69
94,92,70
94,93,73
94,94,76
94,95,76
94,96,74
94,97,77
94,98,78
94,99,76
94,100,79
94,101,83
94,102,87
94,103,99
94,104,135
94,105,155
94,106,157
94,107,157
94,108,157
94,109,157
94,110,165
94,111,167
94,112,170
94,113,183
94,114,184
94,115,179
94,116,178
94,117,170
94,118,163
94,119,168
94,120,172
94,121,172
94,122,169
94,123,168
94,124,156
94,125,154
94,126,172
94,127,177
94,128,171
94,129,170
94,130,175
94,131,182
94,132,179
94,133,161
94,134,175
94,135,186
94,136,171
94,137,165
94,138,168
94,139,169
94,140,167
94,141,159
94,142,155
94,143,148
94,144,136
94,145,141
94,146,146
94,147,149
94,148,153
94,149,158
95,0,33
95,1,37
95,2,40
95,3,41
95,4,40
95,5,39
95,6,37
95,7,35
95,8,31
95,9,31
95,10,30
95,11,30
95,12,27
95,13,29
95,14,25
95,15,27
95,16,30
95,17,35
95,18,55
95,19,81
95,20,97
95,21,102
95,22,100
95,23,96
95,24,106
95,25,114
95,26,137
95,27,168
95,28,178
95,29,163
95,30,158
95,31,151
95,32,150
95,33,129
95,34,127
95,35,133
95,36,131
95,37,129
95,38,129
95,39,121
95,40,112
95,41,111
95,42,102
95,43,74
95,44,23
95,45,10
95,46,20
95,47,16
95,48,11
95,49,12
95,50,14
95,51,15
95,52,14
95,53,12
95,54,13
95,55,15
95,56,13
95,57,13
95,58,13
95,59,13
95,60,13
95,61,13
95,62,13
95,63,13
95,64,12
95,65,12
95,66,13
95,67,13
95,68,13
95,69,14
95,70,14
95,71,14
95,72,13
95,73,15
95,74,17
95,75,21
95,76,25
95,77,29
95,78,33
95,79,35
95,80,43
95,81,43
95,82,44
95,83,53
95,84,56
95,85,56
95,86,62
95,87,61
95,88,65
95,89,66
95,90,69
95,91,71
95,92,71
95,93,75
95,94,79
95,95,79
95,96,77
95,97,76
95,98,82
95,99,81
95,100,79
95,101,82
95,102,84
95,103,88
95,104,110
95,105,144
95,106,164
95,107,155
95,108,157
95,109,158
95,110,151
95,111,165
95,112,172
95,113,177
95,114,180
95,115,177
95,116,171
95,117,166
95,118,166
95,119,170
95,120,178
95,121,171
95,122,166
95,123,172
95,124,155
95,125,141
95,126,165
95,127,181
95,128,177
95,129,172
95,130,176
95,131,173
95,132,178
95,133,176
95,134,185
95,135,186
95,136,172
95,137,167
95,138,171
95,139,168
95,140,164
95,141,158
95,142,160
95,143,156
95,144,155
95,145,160
95,146,163
95,147,162
95,148,160
95,149,161
96,0,35
96,1,38
96,2,39
96,3,38
96,4,36
96,5,36
96,6,36
96,7,35
96,8,30
96,9,31
96,10,31
96,11,29
96,12,27
96,13,25
96,14,23
96,15,22
96,16,21
96,17,22
96,18,24
96,19,46
96,20,79
96,21,100
96,22,106
96,23,101
96,24,97
96,25,105
96,26,111
96,27,124
96,28,160
96,29,178
96,30,162
96,31,149
96,32,139
96,33,138
96,34,139
96,35,143
96,36,140
96,37,130
96,38,127
96,39,122
96,40,114
96,41,110
96,42,98
96,43,100
96,44,83
96,45,38
96,46,2
96,47,9
96,48,10
96,49,19
96,50,14
96,51,17
96,52,11
96,53,10
96,54,16
96,55,11
96,56,13
96,57,13
96,58,12
96,59,12
96,60,13
96,61,13
96,62,14
96,63,14
96,64,13
96,65,14
96,66,14
96,67,14
96,68,15
96,69,14
96,70,14
96,71,15
96,72,15
96,73,20
96,74,24
96,75,27
96,76,33
96,77,36
96,78,38
96,79,42
96,80,47
96,81,51
96,82,53
96,83,55
96,84,58
96,85,60
96,86,63
96,87,68
96,88,67
96,89,68
96,90,70
96,91,73
96,92,76
96,93,77
96,94,77
96,95,76
96,96,75
96,97,77
96,98,76
96,99,78
96,100,82
96,101,78
96,102,76
96,103,81
96,104,89
96,105,118
96,106,148
96,107,155
96,108,154
96,109,157
96,110,160
96,111,161
96,112,163
96,113,168
96,114,169
96,115,173
96,116,175
96,117,169
96,118,167
96,119,170
96,120,169
96,121,150
96,122,141
96,123,161
96,124,166
96,125,164
96,126,168
96,127,177
96,128,173
96,129,174
96,130,174
96,131,175
96,132,176
96,133,182
96,134,184
96,135,177
96,136,165
96,137,171
96,138,172
96,139,169
96,140,164
96,141,161
96,142,161
96,143,154
96,144,162
96,145,174
96,146,172
96,147,169
96,148,170
96,149,169
97,0,36
97,1,36
97,2,37
97,3,37
97,4,37
97,5,36
97,6,35
97,7,35
97,8,32
97,9,32
97,10,30
97,11,27
97,12,25
97,13,25
97,14,24
97,15,23
97,16,22
97,17,21
97,18,21
97,19,25
97,20,41
97,21,72
97,22,100
97,23,106
97,24,104
97,25,104
97,26,106
97,27,106
97,28,120
97,29,149
97,30,163
97,31,164
97,32,146
97,33,149
97,34,153
97,35,150
97,36,136
97,37,133
97,38,131
97,39,130
97,40,120
97,41,106
97,42,98
97,43,103
97,44,104
97,45,97
97,46,68
97,47,34
97,48,19
97,49,18
97,50,14
97,51,9
97,52,12
97,53,14
97,54,13
97,55,13
97,56,12
97,57,12
97,58,12
97,59,12
97,60,13
97,61,13
97,62,13
97,63,14
97,64,13
97,65,14
97,66,13
97,67,13
97,68,15
97,69,15
97,70,16
97,71,18
97,72,21
97,73,27
97,74,31
97,75,33
97,76,36
97,77,38
97,78,42
97,79,47
97,80,55
97,81,56
97,82,56
97,83,58
97,84,62
97,85,65
97,86,68
97,87,72
97,88,74
97,89,75
97,90,76
97,91,78
97,92,79
97,93,79
97,94,78
97,95,78
97,96,74
97,97,75
97,98,74
97,99,76
97,100,79
97,101,75
97,102,73
97,103,77
97,104,87
97,105,94
97,106,123
97,107,149
97,108,158
97,109,162
97,110,164
97,111,163
97,112,164
97,113,161
97,114,156
97,115,163
97,116,174
97,117,176
97,118,174
97,119,173
97,120,169
97,121,151
97,122,134
97,123,147
97,124,163
97,125,173
97,126,174
97,127,171
97,128,179
97,129,166
97,130,169
97,131,176
97,132,173
97,133,168
97,134,168
97,135,173
97,136,176
97,137,171
97,138,172
97,139,173
97,140,169
97,141,165
97,142,164
97,143,166
97,144,173
97,145,165
97,146,168
97,147,175
97,148,173
97,149,171
98,0,34
98,1,34
98,2,36
98,3,39
98,4,40
98,5,36
98,6,32
98,7,31
98,8,30
98,9,30
98,10,30
98,11,28
98,12,27
98,13,25
98,14,23
98,15,20
98,16,20
98,17,18
98,18,19
98,19,21
98,20,21
98,21,31
98,22,61
98,23,94
98,24,108
98,25,96
98,26,98
98,27,106
98,28,109
98,29,115
98,30,137
98,31,164
98,32,159
98,33,159
98,34,153
98,35,145
98,36,146
98,37,134
98,38,135
98,39,139
98,40,125
98,41,111
98,42,109
98,43,104
98,44,100
98,45,109
98,46,113
98,47,94
98,48,22
98,49,10
98,50,19
98,51,12
98,52,15
98,53,9
98,54,13
98,55,17
98,56,13
98,57,13
98,58,13
98,59,13
98,60,13
98,61,13
98,62,13
98,63,13
98,64,13
98,65,14
98,66,13
98,67,13
98,68,15
98,69,18
98,70,20
98,71,24
98,72,30
98,73,34
98,74,38
98,75,40
98,76,42
98,77,44
98,78,48
98,79,54
98,80,56
98,81,57
98,82,57
98,83,61
98,84,67
98,85,70
98,86,71
98,87,72
98,88,75
98,89,76
98,90,78
98,91,79
98,92,79
98,93,80
98,94,80
98,95,80
98,96,78
98,97,75
98,98,75
98,99,77
98,100,76
98,101,73
98,102,71
98,103,73
98,104,79
98,105,84
98,106,98
98,107,122
98,108,153
98,109,170
98,110,167
98,111,165
98,112,168
98,113,170
98,114,162
98,115,161
98,116,169
98,117,175
98,118,177
98,119,175
98,120,172
98,121,170
98,122,159
98,123,155
98,124,158
98,125,169
98,126,175
98,127,175
98,128,170
98,129,172
98,130,174
98,131,175
98,132,158
98,133,129
98,134,134
98,135,165
98,136,173
98,137,170
98,138,172
98,139,171
98,140,170
98,141,169
98,142,165
98,143,169
98,144,168
98,145,152
98,146,163
98,147,179
98,148,180
98,149,177
99,0,36
99,1,35
99,2,35
99,3,36
99,4,36
99,5,34
99,6,33
99,7,33
99,8,29
99,9,30
99,10,30
99,11,29
99,12,28
99,13,26
99,14,22
99,15,19
99,16,17
99,17,16
99,18,18
99,19,18
99,20,20
99,21,21
99,22,32
99,23,55
99,24,86
99,25,95
99,26,99
99,27,102
99,28,107
99,29,104
99,30,112
99,31,133
99,32,168
99,33,166
99,34,137
99,35,153
99,36,158
99,37,146
99,38,143
99,39,147
99,40,138
99,41,122
99,42,117
99,43,112
99,44,112
99,45,109
99,46,112
99,47,113
99,48,96
99,49,57
99,50,9
99,51,18
99,52,15
99,53,16
99,54,18
99,55,12
99,56,14
99,57,14
99,58,14
99,59,13
99,60,13
99,61,13
99,62,12
99,63,12
99,64,13
99,65,14
99,66,14
99,67,15
99,68,19
99,69,22
99,70,26
99,71,30
99,72,36
99,73,38
99,74,40
99,75,44
99,76,48
99,77,52
99,78,55
99,79,58
99,80,60
99,81,61
99,82,63
99,83,66
99,84,71
99,85,73
99,86,73
99,87,73
99,88,74
99,89,75
99,90,77
99,91,78
99,92,78
99,93,79
99,94,80
99,95,80
99,96,81
99,97,76
99,98,74
99,99,75
99,100,72
99,101,69
99,102,69
99,103,69
99,104,73
99,105,77
99,106,86
99,107,96
99,108,120
99,109,155
99,110,170
99,111,169
99,112,170
99,113,176
99,114,171
99,115,167
99,116,170
99,117,172
99,118,174
99,119,174
99,120,175
99,121,178
99,122,174
99,123,166
99,124,161
99,125,167
99,126,174
99,127,174
99,128,170
99,129,174
99,130,173
99,131,171
99,132,151
99,133,95
99,134,79
99,135,132
99,136,171
99,137,172
99,138,171
99,139,170
99,140,170
99,141,162
99,142,161
99,143,175
99,144,171
99,145,164
99,146,168
99,147,177
99,148,181
99,149,178
100,0,33
100,1,36
100,2,37
100,3,35
100,4,34
100,5,34
100,6,33
100,7,33
100,8,31
100,9,30
100,10,29
100,11,27
100,12,25
100,13,24
100,14,22
100,15,20
100,16,17
100,17,12
100,18,16
100,19,15
100,20,15
100,21,23
100,22,29
100,23,33
100,24,57
100,25,89
100,26,101
100,27,93
100,28,96
100,29,102
100,30,105
100,31,109
100,32,134
100,33,165
100,34,141
100,35,146
100,36,166
100,37,150
100,38,145
100,39,140
100,40,136
100,41,127
100,42,127
100,43,124
100,44,126
100,45,115
100,46,109
100,47,110
100,48,121
100,49,109
100,50,56
100,51,14
100,52,20
100,53,21
100,54,12
100,55,15
100,56,14
100,57,14
100,58,13
100,59,13
100,60,12
100,61,12
100,62,12
100,63,12
100,64,13
100,65,16
100,66,18
100,67,20
100,68,25
100,69,28
100,70,32
100,71,36
100,72,41
100,73,41
100,74,44
100,75,49
100,76,53
100,77,56
100,78,59
100,79,61
100,80,66
100,81,66
100,82,67
100,83,69
100,84,70
100,85,72
100,86,74
100,87,75
100,88,75
100,89,76
100,90,77
100,91,78
100,92,79
100,93,78
100,94,78
100,95,78
100,96,77
100,97,70
100,98,68
100,99,69
100,100,66
100,101,65
100,102,66
100,103,66
100,104,67
100,105,70
100,106,77
100,107,80
100,108,92
100,109,119
100,110,147
100,111,164
100,112,172
100,113,172
100,114,166
100,115,166
100,116,170
100,117,172
100,118,176
100,119,179
100,120,177
100,121,174
100,122,175
100,123,173
100,124,170
100,125,171
100,126,173
100,127,170
100,128,173
100,129,167
100,130,170
100,131,167
100,132,161
100,133,117
100,134,64
100,135,79
100,136,142
100,137,169
100,138,172
100,139,169
100,140,169
100,141,161
100,142,166
100,143,176
100,144,174
100,145,176
100,146,173
100,147,175
100,148,178
100,149,175
101,0,29
101,1,35
101,2,39
101,3,39
101,4,37
101,5,35
101,6,32
101,7,29
101,8,30
101,9,30
101,10,29
101,11,27
101,12,25
101,13,24
101,14,21
101,15,19
101,16,17
101,17,13
101,18,15
101,19,16
101,20,15
101,21,16
101,22,22
101,23,31
101,24,40
101,25,65
101,26,91
101,27,102
101,28,98
101,29,98
101,30,105
101,31,105
101,32,105
101,33,131
101,34,165
101,35,142
101,36,168
101,37,151
101,38,132
101,39,140
101,40,134
101,41,121
101,42,124
101,43,123
101,44,121
101,45,124
101,46,127
101,47,127
101,48,115
101,49,119
101,50,97
101,51,40
101,52,22
101,53,34
101,54,18
101,55,9
101,56,14
101,57,13
101,58,13
101,59,12
101,60,12
101,61,13
101,62,14
101,63,14
101,64,17
101,65,21
101,66,24
101,67,27
101,68,32
101,69,35
101,70,39
101,71,43
101,72,46
101,73,47
101,74,51
101,75,55
101,76,56
101,77,58
101,78,62
101,79,65
101,80,67
101,81,68
101,82,70
101,83,72
101,84,73
101,85,74
101,86,77
101,87,77
101,88,75
101,89,76
101,90,77
101,91,79
101,92,79
101,93,78
101,94,77
101,95,75
101,96,71
101,97,64
101,98,62
101,99,63
101,100,63
101,101,63
101,102,65
101,103,66
101,104,66
101,105,69
101,106,72
101,107,77
101,108,88
101,109,97
101,110,110
101,111,132
101,112,156
101,113,170
101,114,173
101,115,170
101,116,170
101,117,172
101,118,176
101,119,177
101,120,174
101,121,171
101,122,178
101,123,177
101,124,173
101,125,170
101,126,173
101,127,173
101,128,170
101,129,172
101,130,172
101,131,170
101,132,167
101,133,153
101,134,120
101,135,90
101,136,117
101,137,164
101,138,176
101,139,168
101,140,168
101,141,169
101,142,176
101,143,173
101,144,170
101,145,171
101,146,169
101,147,174
101,148,175
101,149,172
102,0,34
102,1,35
102,2,37
102,3,37
102,4,36
102,5,34
102,6,33
102,7,32
102,8,29
102,9,30
102,10,30
102,11,28
102,12,26
102,13,23
102,14,20
102,15,18
102,16,16
102,17,18
102,18,13
102,19,13
102,20,18
102,21,16
102,22,16
102,23,19
102,24,28
102,25,41
102,26,65
102,27,91
102,28,102
102,29,102
102,30,105
102,31,105
102,32,108
102,33,111
102,34,136
102,35,165
102,36,172
102,37,145
102,38,139
102,39,141
102,40,128
102,41,123
102,42,129
102,43,130
102,44,124
102,45,128
102,46,130
102,47,135
102,48,122
102,49,112
102,50,110
102,51,82
102,52,36
102,53,8
102,54,22
102,55,15
102,56,14
102,57,14
102,58,13
102,59,14
102,60,15
102,61,17
102,62,19
102,63,20
102,64,23
102,65,27
102,66,30
102,67,34
102,68,38
102,69,41
102,70,44
102,71,48
102,72,54
102,73,53
102,74,57
102,75,61
102,76,61
102,77,63
102,78,67
102,79,70
102,80,71
102,81,72
102,82,75
102,83,78
102,84,78
102,85,80
102,86,81
102,87,80
102,88,77
102,89,77
102,90,78
102,91,79
102,92,80
102,93,78
102,94,74
102,95,71
102,96,67
102,97,61
102,98,59
102,99,61
102,100,63
102,101,63
102,102,65
102,103,67
102,104,69
102,105,67
102,106,75
102,107,81
102,108,84
102,109,88
102,110,92
102,111,96
102,112,118
102,113,149
102,114,169
102,115,174
102,116,174
102,117,172
102,118,171
102,119,169
102,120,169
102,121,170
102,122,172
102,123,166
102,124,172
102,125,175
102,126,176
102,127,177
102,128,175
102,129,178
102,130,172
102,131,172
102,132,166
102,133,165
102,134,169
102,135,152
102,136,145
102,137,169
102,138,173
102,139,170
102,140,168
102,141,169
102,142,175
102,143,172
102,144,169
102,145,165
102,146,166
102,147,170
102,148,169
102,149,170
103,0,35
103,1,34
103,2,35
103,3,38
103,4,38
103,5,35
103,6,32
103,7,32
103,8,31
103,9,31
103,10,30
103,11,27
103,12,23
103,13,22
103,14,21
103,15,20
103,16,14
103,17,13
103,18,12
103,19,15
103,20,13
103,21,11
103,22,17
103,23,16
103,24,21
103,25,26
103,26,31
103,27,59
103,28,95
103,29,105
103,30,103
103,31,106
103,32,105
103,33,105
103,34,104
103,35,141
103,36,169
103,37,150
103,38,134
103,39,132
103,40,124
103,41,130
103,42,133
103,43,135
103,44,137
103,45,135
103,46,112
103,47,109
103,48,118
103,49,113
103,50,98
103,51,102
103,52,99
103,53,56
103,54,7
103,55,23
103,56,15
103,57,15
103,58,15
103,59,16
103,60,18
103,61,21
103,62,24
103,63,26
103,64,28
103,65,32
103,66,35
103,67,38
103,68,42
103,69,44
103,70,48
103,71,52
103,72,61
103,73,57
103,74,59
103,75,63
103,76,66
103,77,68
103,78,72
103,79,73
103,80,77
103,81,75
103,82,76
103,83,77
103,84,76
103,85,78
103,86,80
103,87,79
103,88,82
103,89,82
103,90,82
103,91,82
103,92,81
103,93,77
103,94,72
103,95,67
103,96,64
103,97,59
103,98,57
103,99,60
103,100,63
103,101,63
103,102,63
103,103,65
103,104,67
103,105,71
103,106,75
103,107,76
103,108,80
103,109,80
103,110,81
103,111,90
103,112,95
103,113,115
103,114,137
103,115,158
103,116,171
103,117,171
103,118,170
103,119,172
103,120,172
103,121,175
103,122,169
103,123,156
103,124,170
103,125,180
103,126,179
103,127,178
103,128,175
103,129,175
103,130,176
103,131,169
103,132,170
103,133,175
103,134,171
103,135,175
103,136,173
103,137,173
103,138,170
103,139,166
103,140,165
103,141,169
103,142,171
103,143,162
103,144,155
103,145,156
103,146,164
103,147,166
103,148,166
103,149,169
104,0,33
104,1,38
104,2,37
104,3,35
104,4,36
104,5,35
104,6,33
104,7,32
104,8,30
104,9,30
104,10,29
104,11,25
104,12,23
104,13,23
104,14,20
104,15,17
104,16,14
104,17,13
104,18,13
104,19,12
104,20,12
104,21,13
104,22,14
104,23,15
104,24,16
104,25,24
104,26,19
104,27,34
104,28,73
104,29,104
104,30,106
104,31,104
104,32,97
104,33,103
104,34,102
104,35,108
104,36,147
104,37,167
104,38,145
104,39,132
104,40,126
104,41,138
104,42,133
104,43,138
104,44,140
104,45,131
104,46,80
104,47,63
104,48,102
104,49,109
104,50,94
104,51,93
104,52,112
104,53,115
104,54,73
104,55,7
104,56,17
104,57,20
104,58,17
104,59,20
104,60,22
104,61,28
104,62,31
104,63,34
104,64,33
104,65,40
104,66,42
104,67,44
104,68,50
104,69,52
104,70,53
104,71,59
104,72,60
104,73,64
104,74,65
104,75,65
104,76,68
104,77,71
104,78,72
104,79,74
104,80,73
104,81,78
104,82,80
104,83,78
104,84,77
104,85,79
104,86,78
104,87,76
104,88,81
104,89,82
104,90,79
104,91,72
104,92,71
104,93,71
104,94,66
104,95,66
104,96,58
104,97,56
104,98,55
104,99,56
104,100,60
104,101,64
104,102,65
104,103,65
104,104,63
104,105,72
104,106,77
104,107,79
104,108,81
104,109,80
104,110,82
104,111,88
104,112,89
104,113,101
104,114,108
104,115,120
104,116,148
104,117,169
104,118,171
104,119,169
104,120,164
104,121,174
104,122,172
104,123,162
104,124,160
104,125,171
104,126,181
104,127,177
104,128,170
104,129,173
104,130,173
104,131,171
104,132,171
104,133,171
104,134,171
104,135,173
104,136,172
104,137,173
104,138,173
104,139,167
104,140,162
104,141,166
104,142,165
104,143,154
104,144,147
104,145,151
104,146,154
104,147,159
104,148,166
104,149,168
105,0,35
105,1,39
105,2,38
105,3,36
105,4,36
105,5,35
105,6,33
105,7,32
105,8,30
105,9,31
105,10,30
105,11,26
105,12,24
105,13,24
105,14,21
105,15,18
105,16,14
105,17,14
105,18,13
105,19,12
105,20,13
105,21,13
105,22,14
105,23,15
105,24,18
105,25,18
105,26,19
105,27,25
105,28,41
105,29,82
105,30,106
105,31,100
105,32,103
105,33,101
105,34,103
105,35,110
105,36,114
105,37,143
105,38,170
105,39,143
105,40,141
105,41,138
105,42,142
105,43,146
105,44,138
105,45,93
105,46,36
105,47,79
105,48,113
105,49,96
105,50,83
105,51,88
105,52,92
105,53,105
105,54,109
105,55,78
105,56,30
105,57,19
105,58,27
105,59,26
105,60,32
105,61,32
105,62,33
105,63,36
105,64,42
105,65,46
105,66,50
105,67,53
105,68,56
105,69,59
105,70,61
105,71,65
105,72,65
105,73,68
105,74,69
105,75,69
105,76,72
105,77,74
105,78,75
105,79,77
105,80,78
105,81,79
105,82,80
105,83,80
105,84,80
105,85,80
105,86,80
105,87,80
105,88,82
105,89,80
105,90,77
105,91,70
105,92,67
105,93,67
105,94,62
105,95,61
105,96,60
105,97,58
105,98,57
105,99,57
105,100,60
105,101,62
105,102,64
105,103,64
105,104,65
105,105,72
105,106,76
105,107,78
105,108,81
105,109,81
105,110,83
105,111,89
105,112,96
105,113,97
105,114,94
105,115,98
105,116,113
105,117,129
105,118,147
105,119,166
105,120,176
105,121,175
105,122,169
105,123,168
105,124,170
105,125,168
105,126,172
105,127,175
105,128,173
105,129,174
105,130,171
105,131,169
105,132,170
105,133,171
105,134,174
105,135,178
105,136,178
105,137,175
105,138,173
105,139,170
105,140,168
105,141,167
105,142,162
105,143,151
105,144,152
105,145,155
105,146,158
105,147,161
105,148,163
105,149,163
106,0,36
106,1,39
106,2,38
106,3,36
106,4,35
106,5,34
106,6,32
106,7,31
106,8,30
106,9,30
106,10,29
106,11,26
106,12,25
106,13,24
106,14,22
106,15,19
106,16,14
106,17,14
106,18,13
106,19,13
106,20,13
106,21,14
106,22,15
106,23,15
106,24,15
106,25,13
106,26,16
106,27,22
106,28,25
106,29,55
106,30,86
106,31,100
106,32,108
106,33,105
106,34,102
106,35,104
106,36,104
106,37,116
106,38,146
106,39,170
106,40,152
106,41,152
106,42,154
106,43,152
106,44,145
106,45,101
106,46,63
106,47,119
106,48,123
106,49,93
106,50,66
106,51,79
106,52,88
106,53,77
106,54,88
106,55,110
106,56,95
106,57,55
106,58,33
106,59,32
106,60,38
106,61,45
106,62,43
106,63,47
106,64,48
106,65,50
106,66,56
106,67,59
106,68,60
106,69,63
106,70,66
106,71,67
106,72,70
106,73,73
106,74,73
106,75,73
106,76,76
106,77,77
106,78,77
106,79,78
106,80,79
106,81,77
106,82,77
106,83,78
106,84,80
106,85,79
106,86,80
106,87,80
106,88,76
106,89,73
106,90,72
106,91,67
106,92,63
106,93,64
106,94,61
106,95,58
106,96,57
106,97,56
106,98,56
106,99,57
106,100,58
106,101,60
106,102,62
106,103,63
106,104,68
106,105,73
106,106,74
106,107,75
106,108,79
106,109,82
106,110,84
106,111,89
106,112,91
106,113,94
106,114,96
106,115,98
106,116,97
106,117,96
106,118,109
106,119,132
106,120,154
106,121,170
106,122,176
106,123,174
106,124,175
106,125,172
106,126,170
106,127,171
106,128,171
106,129,171
106,130,171
106,131,172
106,132,173
106,133,173
106,134,171
106,135,172
106,136,176
106,137,173
106,138,173
106,139,174
106,140,171
106,141,163
106,142,156
106,143,152
106,144,152
106,145,155
106,146,160
106,147,160
106,148,156
106,149,154
107,0,36
107,1,37
107,2,37
107,3,36
107,4,34
107,5,34
107,6,32
107,7,31
107,8,29
107,9,29
107,10,28
107,11,25
107,12,24
107,13,23
107,14,20
107,15,18
107,16,14
107,17,14
107,18,13
107,19,13
107,20,13
107,21,14
107,22,14
107,23,15
107,24,15
107,25,14
107,26,13
107,27,18
107,28,22
107,29,34
107,30,58
107,31,91
107,32,110
107,33,103
107,34,104
107,35,102
107,36,104
107,37,109
107,38,115
107,39,150
107,40,170
107,41,161
107,42,153
107,43,157
107,44,149
107,45,127
107,46,127
107,47,142
107,48,113
107,49,64
107,50,37
107,51,62
107,52,82
107,53,78
107,54,82
107,55,85
107,56,105
107,57,93
107,58,70
107,59,55
107,60,40
107,61,46
107,62,52
107,63,54
107,64,55
107,65,58
107,66,63
107,67,66
107,68,67
107,69,68
107,70,70
107,71,72
107,72,73
107,73,75
107,74,75
107,75,75
107,76,77
107,77,78
107,78,78
107,79,78
107,80,81
107,81,79
107,82,78
107,83,78
107,84,80
107,85,81
107,86,80
107,87,79
107,88,72
107,89,68
107,90,69
107,91,64
107,92,59
107,93,58
107,94,55
107,95,51
107,96,52
107,97,53
107,98,55
107,99,57
107,100,58
107,101,60
107,102,63
107,103,65
107,104,70
107,105,72
107,106,72
107,107,73
107,108,78
107,109,81
107,110,84
107,111,88
107,112,92
107,113,93
107,114,93
107,115,95
107,116,95
107,117,90
107,118,85
107,119,86
107,120,105
107,121,121
107,122,141
107,123,163
107,124,178
107,125,179
107,126,175
107,127,177
107,128,175
107,129,175
107,130,173
107,131,174
107,132,177
107,133,176
107,134,173
107,135,172
107,136,172
107,137,172
107,138,172
107,139,174
107,140,172
107,141,162
107,142,154
107,143,152
107,144,148
107,145,151
107,146,157
107,147,158
107,148,153
107,149,150
108,0,36
108,1,37
108,2,37
108,3,36
108,4,35
108,5,34
108,6,33
108,7,32
108,8,28
108,9,28
108,10,27
108,11,25
108,12,23
108,13,22
108,14,19
108,15,17
108,16,14
108,17,13
108,18,13
108,19,12
108,20,12
108,21,13
108,22,14
108,23,14
108,24,14
108,25,16
108,26,16
108,27,17
108,28,18
108,29,24
108,30,36
108,31,60
108,32,95
108,33,97
108,34,101
108,35,105
108,36,101
108,37,103
108,38,104
108,39,110
108,40,150
108,41,166
108,42,151
108,43,136
108,44,136
108,45,129
108,46,124
108,47,112
108,48,98
108,49,91
108,50,70
108,51,66
108,52,81
108,53,88
108,54,87
108,55,82
108,56,75
108,57,87
108,58,95
108,59,82
108,60,72
108,61,60
108,62,59
108,63,53
108,64,61
108,65,66
108,66,67
108,67,69
108,68,73
108,69,73
108,70,72
108,71,75
108,72,75
108,73,77
108,74,77
108,75,77
108,76,78
108,77,79
108,78,77
108,79,77
108,80,82
108,81,81
108,82,79
108,83,77
108,84,78
108,85,79
108,86,76
108,87,72
108,88,67
108,89,63
108,90,63
108,91,59
108,92,55
108,93,54
108,94,52
108,95,49
108,96,50
108,97,54
108,98,57
108,99,60
108,100,61
108,101,62
108,102,64
108,103,65
108,104,69
108,105,70
108,106,70
108,107,72
108,108,76
108,109,81
108,110,85
108,111,88
108,112,92
108,113,91
108,114,86
108,115,83
108,116,83
108,117,82
108,118,76
108,119,69
108,120,74
108,121,73
108,122,88
108,123,115
108,124,138
108,125,152
108,126,166
108,127,181
108,128,182
108,129,181
108,130,177
108,131,175
108,132,177
108,133,177
108,134,175
108,135,174
108,136,175
108,137,173
108,138,172
108,139,174
108,140,175
108,141,169
108,142,159
108,143,154
108,144,150
108,145,151
108,146,156
108,147,158
108,148,155
108,149,154
109,0,38
109,1,37
109,2,38
109,3,38
109,4,35
109,5,35
109,6,35
109,7,33
109,8,29
109,9,28
109,10,27
109,11,25
109,12,23
109,13,21
109,14,19
109,15,17
109,16,14
109,17,13
109,18,13
109,19,12
109,20,12
109,21,13
109,22,13
109,23,14
109,24,12
109,25,15
109,26,16
109,27,17
109,28,19
109,29,22
109,30,22
109,31,37
109,32,77
109,33,93
109,34,93
109,35,99
109,36,106
109,37,114
109,38,109
109,39,113
109,40,127
109,41,168
109,42,157
109,43,101
109,44,104
109,45,123
109,46,106
109,47,100
109,48,100
109,49,106
109,50,100
109,51,94
109,52,95
109,53,100
109,54,97
109,55,84
109,56,80
109,57,74
109,58,82
109,59,91
109,60,99
109,61,91
109,62,68
109,63,58
109,64,63
109,65,68
109,66,69
109,67,69
109,68,74
109,69,73
109,70,72
109,71,76
109,72,77
109,73,79
109,74,79
109,75,78
109,76,80
109,77,80
109,78,78
109,79,78
109,80,81
109,81,81
109,82,78
109,83,74
109,84,74
109,85,74
109,86,69
109,87,62
109,88,61
109,89,57
109,90,56
109,91,53
109,92,51
109,93,52
109,94,51
109,95,51
109,96,51
109,97,54
109,98,58
109,99,61
109,100,61
109,101,61
109,102,62
109,103,63
109,104,66
109,105,67
109,106,69
109,107,72
109,108,76
109,109,81
109,110,85
109,111,88
109,112,87
109,113,89
109,114,88
109,115,82
109,116,75
109,117,71
109,118,70
109,119,68
109,120,67
109,121,62
109,122,64
109,123,68
109,124,76
109,125,98
109,126,126
109,127,148
109,128,155
109,129,166
109,130,174
109,131,179
109,132,183
109,133,183
109,134,180
109,135,177
109,136,174
109,137,174
109,138,174
109,139,174
109,140,175
109,141,173
109,142,167
109,143,161
109,144,156
109,145,155
109,146,156
109,147,156
109,148,156
109,149,156
110,0,39
110,1,38
110,2,38
110,3,38
110,4,35
110,5,34
110,6,34
110,7,32
110,8,30
110,9,29
110,10,27
110,11,26
110,12,23
110,13,21
110,14,18
110,15,17
110,16,14
110,17,14
110,18,13
110,19,13
110,20,12
110,21,13
110,22,13
110,23,13
110,24,15
110,25,14
110,26,12
110,27,12
110,28,15
110,29,18
110,30,17
110,31,33
110,32,63
110,33,80
110,34,92
110,35,93
110,36,103
110,37,133
110,38,130
110,39,125
110,40,144
110,41,150
110,42,163
110,43,130
110,44,107
110,45,113
110,46,91
110,47,85
110,48,87
110,49,91
110,50,96
110,51,101
110,52,101
110,53,96
110,54,91
110,55,83
110,56,84
110,57,80
110,58,81
110,59,88
110,60,89
110,61,97
110,62,80
110,63,74
110,64,69
110,65,72
110,66,73
110,67,74
110,68,77
110,69,77
110,70,76
110,71,79
110,72,78
110,73,80
110,74,80
110,75,80
110,76,81
110,77,81
110,78,79
110,79,78
110,80,80
110,81,78
110,82,75
110,83,72
110,84,71
110,85,69
110,86,64
110,87,59
110,88,56
110,89,54
110,90,53
110,91,49
110,92,49
110,93,49
110,94,46
110,95,48
110,96,50
110,97,53
110,98,57
110,99,59
110,100,60
110,101,60
110,102,61
110,103,62
110,104,65
110,105,67
110,106,71
110,107,74
110,108,76
110,109,79
110,110,84
110,111,86
110,112,90
110,113,86
110,114,84
110,115,80
110,116,73
110,117,68
110,118,66
110,119,63
110,120,59
110,121,54
110,122,52
110,123,51
110,124,53
110,125,61
110,126,75
110,127,93
110,128,104
110,129,126
110,130,148
110,131,161
110,132,170
110,133,177
110,134,181
110,135,182
110,136,175
110,137,175
110,138,176
110,139,175
110,140,172
110,141,172
110,142,172
110,143,167
110,144,162
110,145,161
110,146,157
110,147,155
110,148,155
110,149,155
111,0,39
111,1,37
111,2,38
111,3,37
111,4,33
111,5,32
111,6,31
111,7,30
111,8,30
111,9,29
111,10,27
111,11,25
111,12,23
111,13,20
111,14,18
111,15,16
111,16,15
111,17,14
111,18,14
111,19,13
111,20,13
111,21,13
111,22,13
111,23,14
111,24,14
111,25,10
111,26,13
111,27,13
111,28,9
111,29,16
111,30,16
111,31,24
111,32,37
111,33,63
111,34,91
111,35,96
111,36,91
111,37,121
111,38,130
111,39,126
111,40,146
111,41,119
111,42,143
111,43,163
111,44,139
111,45,108
111,46,77
111,47,75
111,48,81
111,49,97
111,50,96
111,51,91
111,52,95
111,53,93
111,54,88
111,55,89
111,56,84
111,57,83
111,58,86
111,59,84
111,60,84
111,61,86
111,62,95
111,63,92
111,64,73
111,65,74
111,66,76
111,67,78
111,68,78
111,69,79
111,70,80
111,71,80
111,72,79
111,73,81
111,74,80
111,75,80
111,76,82
111,77,81
111,78,79
111,79,78
111,80,75
111,81,71
111,82,68
111,83,67
111,84,66
111,85,63
111,86,59
111,87,57
111,88,49
111,89,49
111,90,50
111,91,48
111,92,50
111,93,50
111,94,46
111,95,48
111,96,49
111,97,52
111,98,56
111,99,59
111,100,60
111,101,62
111,102,64
111,103,66
111,104,66
111,105,69
111,106,73
111,107,75
111,108,76
111,109,78
111,110,81
111,111,84
111,112,87
111,113,82
111,114,79
111,115,76
111,116,69
111,117,65
111,118,62
111,119,58
111,120,49
111,121,48
111,122,46
111,123,43
111,124,45
111,125,45
111,126,47
111,127,60
111,128,72
111,129,94
111,130,113
111,131,121
111,132,130
111,133,147
111,134,165
111,135,177
111,136,185
111,137,179
111,138,177
111,139,175
111,140,172
111,141,173
111,142,172
111,143,165
111,144,166
111,145,166
111,146,160
111,147,155
111,148,155
111,149,152
112,0,41
112,1,41
112,2,40
112,3,38
112,4,34
112,5,32
112,6,31
112,7,31
112,8,29
112,9,29
112,10,27
112,11,26
112,12,24
112,13,22
112,14,19
112,15,18
112,16,12
112,17,13
112,18,13
112,19,13
112,20,13
112,21,14
112,22,14
112,23,13
112,24,14
112,25,13
112,26,13
112,27,14
112,28,14
112,29,14
112,30,17
112,31,20
112,32,22
112,33,35
112,34,70
112,35,92
112,36,97
112,37,106
112,38,115
112,39,120
112,40,130
112,41,117
112,42,104
112,43,154
112,44,161
112,45,112
112,46,81
112,47,84
112,48,85
112,49,109
112,50,106
112,51,103
112,52,102
112,53,102
112,54,99
112,55,98
112,56,90
112,57,97
112,58,95
112,59,96
112,60,95
112,61,87
112,62,89
112,63,95
112,64,92
112,65,82
112,66,77
112,67,78
112,68,80
112,69,80
112,70,80
112,71,79
112,72,78
112,73,80
112,74,79
112,75,77
112,76,77
112,77,79
112,78,77
112,79,74
112,80,70
112,81,67
112,82,64
112,83,60
112,84,57
112,85,56
112,86,53
112,87,48
112,88,45
112,89,49
112,90,49
112,91,47
112,92,46
112,93,46
112,94,47
112,95,49
112,96,52
112,97,51
112,98,55
112,99,61
112,100,61
112,101,62
112,102,65
112,103,68
112,104,65
112,105,71
112,106,75
112,107,75
112,108,74
112,109,76
112,110,79
112,111,80
112,112,78
112,113,77
112,114,75
112,115,71
112,116,67
112,117,63
112,118,57
112,119,52
112,120,46
112,121,44
112,122,41
112,123,36
112,124,37
112,125,38
112,126,35
112,127,37
112,128,37
112,129,60
112,130,82
112,131,103
112,132,108
112,133,111
112,134,123
112,135,138
112,136,156
112,137,172
112,138,179
112,139,175
112,140,172
112,141,169
112,142,168
112,143,170
112,144,169
112,145,168
112,146,167
112,147,165
112,148,161
112,149,156
113,0,44
113,1,41
113,2,37
113,3,34
113,4,34
113,5,34
113,6,33
113,7,32
113,8,31
113,9,31
113,10,29
113,11,28
113,12,26
113,13,24
113,14,21
113,15,19
113,16,15
113,17,15
113,18,14
113,19,14
113,20,14
113,21,14
113,22,14
113,23,15
113,24,14
113,25,13
113,26,13
113,27,14
113,28,14
113,29,14
113,30,16
113,31,18
113,32,19
113,33,27
113,34,50
113,35,83
113,36,98
113,37,100
113,38,108
113,39,113
113,40,114
113,41,106
113,42,107
113,43,125
113,44,165
113,45,132
113,46,92
113,47,100
113,48,108
113,49,115
113,50,111
113,51,112
113,52,110
113,53,109
113,54,102
113,55,99
113,56,103
113,57,104
113,58,104
113,59,103
113,60,98
113,61,95
113,62,95
113,63,92
113,64,96
113,65,88
113,66,81
113,67,78
113,68,79
113,69,81
113,70,81
113,71,78
113,72,81
113,73,82
113,74,81
113,75,78
113,76,76
113,77,74
113,78,70
113,79,66
113,80,63
113,81,60
113,82,57
113,83,54
113,84,52
113,85,51
113,86,49
113,87,45
113,88,44
113,89,47
113,90,47
113,91,45
113,92,45
113,93,45
113,94,45
113,95,46
113,96,51
113,97,51
113,98,56
113,99,61
113,100,61
113,101,63
113,102,66
113,103,68
113,104,69
113,105,72
113,106,73
113,107,74
113,108,76
113,109,79
113,110,80
113,111,78
113,112,75
113,113,74
113,114,71
113,115,67
113,116,63
113,117,59
113,118,53
113,119,47
113,120,44
113,121,42
113,122,38
113,123,32
113,124,32
113,125,32
113,126,29
113,127,30
113,128,30
113,129,41
113,130,54
113,131,80
113,132,96
113,133,105
113,134,109
113,135,111
113,136,119
113,137,132
113,138,152
113,139,171
113,140,180
113,141,178
113,142,173
113,143,173
113,144,182
113,145,173
113,146,166
113,147,165
113,148,164
113,149,160
114,0,45
114,1,41
114,2,36
114,3,34
114,4,34
114,5,36
114,6,35
114,7,34
114,8,34
114,9,33
114,10,32
114,11,31
114,12,29
114,13,27
114,14,24
114,15,21
114,16,17
114,17,16
114,18,15
114,19,14
114,20,13
114,21,13
114,22,14
114,23,14
114,24,14
114,25,13
114,26,13
114,27,14
114,28,14
114,29,14
114,30,15
114,31,16
114,32,18
114,33,23
114,34,36
114,35,66
114,36,90
114,37,98
114,38,103
114,39,103
114,40,101
114,41,101
114,42,109
114,43,111
114,44,141
114,45,154
114,46,111
114,47,96
114,48,110
114,49,111
114,50,119
114,51,123
114,52,116
114,53,115
114,54,110
114,55,108
114,56,106
114,57,110
114,58,119
114,59,114
114,60,101
114,61,98
114,62,94
114,63,84
114,64,85
114,65,91
114,66,92
114,67,85
114,68,79
114,69,81
114,70,82
114,71,77
114,72,81
114,73,81
114,74,79
114,75,76
114,76,72
114,77,69
114,78,64
114,79,59
114,80,57
114,81,52
114,82,49
114,83,48
114,84,46
114,85,46
114,86,45
114,87,43
114,88,42
114,89,43
114,90,42
114,91,42
114,92,44
114,93,46
114,94,46
114,95,47
114,96,49
114,97,51
114,98,56
114,99,60
114,100,61
114,101,64
114,102,67
114,103,67
114,104,69
114,105,71
114,106,73
114,107,74
114,108,77
114,109,80
114,110,78
114,111,75
114,112,72
114,113,70
114,114,67
114,115,62
114,116,59
114,117,54
114,118,47
114,119,42
114,120,39
114,121,38
114,122,35
114,123,29
114,124,27
114,125,27
114,126,23
114,127,24
114,128,26
114,129,31
114,130,38
114,131,57
114,132,70
114,133,87
114,134,98
114,135,104
114,136,105
114,137,111
114,138,122
114,139,141
114,140,161
114,141,174
114,142,180
114,143,182
114,144,179
114,145,177
114,146,173
114,147,169
114,148,168
114,149,169
115,0,42
115,1,41
115,2,38
115,3,37
115,4,36
115,5,36
115,6,36
115,7,36
115,8,36
115,9,35
115,10,34
115,11,34
115,12,33
115,13,31
115,14,28
115,15,25
115,16,22
115,17,20
115,18,18
115,19,16
115,20,14
115,21,14
115,22,14
115,23,15
115,24,15
115,25,14
115,26,14
115,27,14
115,28,14
115,29,15
115,30,16
115,31,17
115,32,18
115,33,22
115,34,31
115,35,44
115,36,70
115,37,95
115,38,97
115,39,94
115,40,100
115,41,102
115,42,106
115,43,112
115,44,113
115,45,160
115,46,144
115,47,110
115,48,112
115,49,115
115,50,123
115,51,126
115,52,119
115,53,117
115,54,119
115,55,117
115,56,117
115,57,113
115,58,118
115,59,116
115,60,106
115,61,99
115,62,93
115,63,94
115,64,77
115,65,87
115,66,96
115,67,94
115,68,85
115,69,81
115,70,80
115,71,77
115,72,78
115,73,77
115,74,74
115,75,70
115,76,67
115,77,62
115,78,57
115,79,53
115,80,50
115,81,45
115,82,43
115,83,43
115,84,42
115,85,41
115,86,42
115,87,42
115,88,40
115,89,41
115,90,40
115,91,41
115,92,45
115,93,47
115,94,48
115,95,49
115,96,49
115,97,53
115,98,57
115,99,59
115,100,61
115,101,64
115,102,66
115,103,66
115,104,64
115,105,69
115,106,74
115,107,75
115,108,76
115,109,76
115,110,74
115,111,72
115,112,70
115,113,68
115,114,63
115,115,59
115,116,55
115,117,50
115,118,44
115,119,38
115,120,36
115,121,34
115,122,33
115,123,27
115,124,24
115,125,23
115,126,21
115,127,22
115,128,23
115,129,27
115,130,32
115,131,39
115,132,43
115,133,61
115,134,81
115,135,93
115,136,99
115,137,109
115,138,113
115,139,115
115,140,124
115,141,140
115,142,159
115,143,177
115,144,179
115,145,177
115,146,175
115,147,174
115,148,174
115,149,173
116,0,43
116,1,41
116,2,40
116,3,39
116,4,39
116,5,39
116,6,38
116,7,38
116,8,38
116,9,37
116,10,37
116,11,38
116,12,37
116,13,36
116,14,33
116,15,31
116,16,28
116,17,26
116,18,23
116,19,20
116,20,18
116,21,17
116,22,17
116,23,17
116,24,17
116,25,16
116,26,15
116,27,15
116,28,16
116,29,18
116,30,20
116,31,20
116,32,22
116,33,25
116,34,31
116,35,35
116,36,55
116,37,85
116,38,96
116,39,95
116,40,99
116,41,101
116,42,105
116,43,109
116,44,112
116,45,146
116,46,163
116,47,134
116,48,128
116,49,124
116,50,114
116,51,115
116,52,118
116,53,119
116,54,124
116,55,123
116,56,117
116,57,120
116,58,112
116,59,100
116,60,106
116,61,111
116,62,98
116,63,89
116,64,85
116,65,82
116,66,87
116,67,97
116,68,95
116,69,86
116,70,79
116,71,78
116,72,73
116,73,70
116,74,67
116,75,64
116,76,61
116,77,55
116,78,49
116,79,46
116,80,44
116,81,39
116,82,37
116,83,37
116,84,36
116,85,37
116,86,38
116,87,39
116,88,41
116,89,41
116,90,40
116,91,41
116,92,45
116,93,47
116,94,47
116,95,49
116,96,51
116,97,55
116,98,58
116,99,59
116,100,61
116,101,64
116,102,65
116,103,65
116,104,63
116,105,69
116,106,73
116,107,74
116,108,72
116,109,72
116,110,70
116,111,69
116,112,67
116,113,65
116,114,60
116,115,55
116,116,51
116,117,46
116,118,41
116,119,36
116,120,34
116,121,32
116,122,30
116,123,25
116,124,21
116,125,21
116,126,20
116,127,20
116,128,24
116,129,23
116,130,25
116,131,30
116,132,33
116,133,47
116,134,57
116,135,63
116,136,85
116,137,99
116,138,105
116,139,105
116,140,108
116,141,111
116,142,125
116,143,149
116,144,167
116,145,179
116,146,182
116,147,176
116,148,171
116,149,170
117,0,46
117,1,43
117,2,39
117,3,39
117,4,40
117,5,42
117,6,41
117,7,40
117,8,40
117,9,41
117,10,41
117,11,42
117,12,42
117,13,41
117,14,39
117,15,38
117,16,33
117,17,32
117,18,29
117,19,26
117,20,23
117,21,22
117,22,21
117,23,21
117,24,21
117,25,21
117,26,21
117,27,21
117,28,22
117,29,24
117,30,26
117,31,26
117,32,31
117,33,33
117,34,33
117,35,42
117,36,55
117,37,71
117,38,92
117,39,101
117,40,98
117,41,103
117,42,110
117,43,108
117,44,112
117,45,133
117,46,165
117,47,147
117,48,141
117,49,132
117,50,112
117,51,113
117,52,126
117,53,123
117,54,128
117,55,128
117,56,127
117,57,124
117,58,114
117,59,113
117,60,124
117,61,115
117,62,95
117,63,91
117,64,90
117,65,87
117,66,89
117,67,96
117,68,101
117,69,97
117,70,84
117,71,72
117,72,65
117,73,61
117,74,59
117,75,58
117,76,55
117,77,49
117,78,43
117,79,40
117,80,39
117,81,35
117,82,33
117,83,33
117,84,33
117,85,34
117,86,37
117,87,36
117,88,38
117,89,39
117,90,39
117,91,42
117,92,46
117,93,48
117,94,49
117,95,52
117,96,54
117,97,58
117,98,59
117,99,59
117,100,62
117,101,64
117,102,65
117,103,66
117,104,68
117,105,70
117,106,71
117,107,69
117,108,69
117,109,69
117,110,68
117,111,66
117,112,62
117,113,60
117,114,56
117,115,51
117,116,46
117,117,42
117,118,38
117,119,35
117,120,33
117,121,29
117,122,27
117,123,22
117,124,18
117,125,19
117,126,19
117,127,19
117,128,24
117,129,23
117,130,24
117,131,27
117,132,28
117,133,38
117,134,43
117,135,48
117,136,66
117,137,83
117,138,93
117,139,99
117,140,108
117,141,111
117,142,114
117,143,125
117,144,136
117,145,158
117,146,176
117,147,179
117,148,176
117,149,172
118,0,47
118,1,44
118,2,41
118,3,40
118,4,41
118,5,43
118,6,44
118,7,44
118,8,44
118,9,45
118,10,46
118,11,46
118,12,46
118,13,45
118,14,45
118,15,44
118,16,39
118,17,38
118,18,36
118,19,33
118,20,31
118,21,30
118,22,29
118,23,28
118,24,29
118,25,30
118,26,30
118,27,30
118,28,32
118,29,34
118,30,35
118,31,34
118,32,37
118,33,41
118,34,41
118,35,49
118,36,56
118,37,60
118,38,78
118,39,95
118,40,102
118,41,104
118,42,110
118,43,108
118,44,103
118,45,130
118,46,172
118,47,160
118,48,150
118,49,147
118,50,136
118,51,132
118,52,142
118,53,135
118,54,131
118,55,132
118,56,128
118,57,125
118,58,117
118,59,117
118,60,118
118,61,107
118,62,94
118,63,91
118,64,90
118,65,94
118,66,97
118,67,98
118,68,103
118,69,105
118,70,89
118,71,65
118,72,60
118,73,56
118,74,52
118,75,50
118,76,47
118,77,42
118,78,38
118,79,36
118,80,35
118,81,32
118,82,31
118,83,30
118,84,30
118,85,32
118,86,34
118,87,33
118,88,35
118,89,38
118,90,40
118,91,44
118,92,48
118,93,50
118,94,52
118,95,57
118,96,57
118,97,60
118,98,60
118,99,60
118,100,63
118,101,65
118,102,65
118,103,68
118,104,72
118,105,72
118,106,69
118,107,66
118,108,65
118,109,66
118,110,65
118,111,62
118,112,57
118,113,56
118,114,52
118,115,47
118,116,42
118,117,39
118,118,36
118,119,35
118,120,32
118,121,26
118,122,24
118,123,19
118,124,16
118,125,19
118,126,19
118,127,19
118,128,20
118,129,22
118,130,24
118,131,24
118,132,22
118,133,29
118,134,32
118,135,42
118,136,43
118,137,60
118,138,77
118,139,89
118,140,100
118,141,107
118,142,110
118,143,114
118,144,117
118,145,123
118,146,138
118,147,162
118,148,178
118,149,176
119,0,44
119,1,44
119,2,44
119,3,42
119,4,42
119,5,43
119,6,45
119,7,48
119,8,46
119,9,48
119,10,49
119,11,50
119,12,49
119,13,48
119,14,48
119,15,49
119,16,46
119,17,45
119,18,43
119,19,41
119,20,39
119,21,38
119,22,36
119,23,36
119,24,35
119,25,37
119,26,38
119,27,39
119,28,40
119,29,42
119,30,42
119,31,40
119,32,43
119,33,50
119,34,55
119,35,54
119,36,58
119,37,61
119,38,67
119,39,87
119,40,100
119,41,98
119,42,105
119,43,106
119,44,105
119,45,124
119,46,172
119,47,163
119,48,148
119,49,155
119,50,154
119,51,146
119,52,152
119,53,145
119,54,136
119,55,133
119,56,124
119,57,120
119,58,114
119,59,115
119,60,109
119,61,99
119,62,96
119,63,92
119,64,95
119,65,96
119,66,97
119,67,100
119,68,106
119,69,106
119,70,89
119,71,66
119,72,63
119,73,56
119,74,48
119,75,44
119,76,41
119,77,36
119,78,33
119,79,33
119,80,31
119,81,29
119,82,28
119,83,26
119,84,25
119,85,29
119,86,31
119,87,29
119,88,36
119,89,40
119,90,43
119,91,46
119,92,49
119,93,50
119,94,53
119,95,59
119,96,59
119,97,61
119,98,61
119,99,61
119,100,65
119,101,66
119,102,66
119,103,69
119,104,73
119,105,73
119,106,70
119,107,66
119,108,63
119,109,62
119,110,61
119,111,59
119,112,55
119,113,54
119,114,51
119,115,45
119,116,39
119,117,37
119,118,36
119,119,35
119,120,30
119,121,24
119,122,22
119,123,17
119,124,16
119,125,20
119,126,21
119,127,21
119,128,19
119,129,20
119,130,22
119,131,24
119,132,25
119,133,28
119,134,23
119,135,29
119,136,35
119,137,36
119,138,50
119,139,70
119,140,84
119,141,92
119,142,100
119,143,105
119,144,109
119,145,113
119,146,114
119,147,126
119,148,153
119,149,172
120,0,45
120,1,44
120,2,44
120,3,44
120,4,44
120,5,44
120,6,45
120,7,47
120,8,46
120,9,48
120,10,50
120,11,51
120,12,52
120,13,54
120,14,56
120,15,56
120,16,49
120,17,56
120,18,51
120,19,47
120,20,47
120,21,47
120,22,46
120,23,40
120,24,42
120,25,46
120,26,47
120,27,46
120,28,48
120,29,49
120,30,50
120,31,51
120,32,51
120,33,58
120,34,63
120,35,64
120,36,64
120,37,65
120,38,72
120,39,81
120,40,96
120,41,105
120,42,105
120,43,106
120,44,106
120,45,117
120,46,154
120,47,170
120,48,157
120,49,156
120,50,150
120,51,149
120,52,141
120,53,147
120,54,139
120,55,140
120,56,130
120,57,127
120,58,118
120,59,122
120,60,118
120,61,103
120,62,98
120,63,92
120,64,94
120,65,104
120,66,109
120,67,105
120,68,117
120,69,119
120,70,81
120,71,68
120,72,88
120,73,94
120,74,73
120,75,48
120,76,29
120,77,35
120,78,31
120,79,30
120,80,23
120,81,30
120,82,26
120,83,25
120,84,27
120,85,27
120,86,31
120,87,33
120,88,34
120,89,38
120,90,44
120,91,48
120,92,49
120,93,50
120,94,54
120,95,58
120,96,60
120,97,62
120,98,62
120,99,65
120,100,65
120,101,63
120,102,67
120,103,70
120,104,69
120,105,70
120,106,70
120,107,66
120,108,61
120,109,59
120,110,57
120,111,54
120,112,52
120,113,51
120,114,47
120,115,44
120,116,39
120,117,36
120,118,35
120,119,29
120,120,28
120,121,24
120,122,19
120,123,16
120,124,15
120,125,17
120,126,17
120,127,17
120,128,19
120,129,20
120,130,22
120,131,23
120,132,23
120,133,24
120,134,25
120,135,27
120,136,29
120,137,33
120,138,35
120,139,45
120,140,65
120,141,82
120,142,91
120,143,97
120,144,100
120,145,108
120,146,111
120,147,118
120,148,124
120,149,134
121,0,46
121,1,45
121,2,45
121,3,45
121,4,46
121,5,46
121,6,47
121,7,49
121,8,50
121,9,52
121,10,53
121,11,54
121,12,55
121,13,58
121,14,59
121,15,59
121,16,57
121,17,58
121,18,54
121,19,56
121,20,57
121,21,53
121,22,53
121,23,53
121,24,50
121,25,51
121,26,54
121,27,58
121,28,59
121,29,56
121,30,56
121,31,60
121,32,60
121,33,65
121,34,68
121,35,69
121,36,68
121,37,67
121,38,72
121,39,80
121,40,91
121,41,100
121,42,101
121,43,104
121,44,114
121,45,124
121,46,142
121,47,169
121,48,160
121,49,155
121,50,154
121,51,155
121,52,148
121,53,149
121,54,143
121,55,147
121,56,144
121,57,141
121,58,131
121,59,132
121,60,126
121,61,109
121,62,103
121,63,105
121,64,106
121,65,107
121,66,112
121,67,108
121,68,118
121,69,124
121,70,81
121,71,49
121,72,89
121,73,105
121,74,93
121,75,88
121,76,73
121,77,49
121,78,30
121,79,29
121,80,27
121,81,25
121,82,24
121,83,26
121,84,27
121,85,29
121,86,34
121,87,34
121,88,35
121,89,39
121,90,44
121,91,49
121,92,52
121,93,54
121,94,56
121,95,59
121,96,65
121,97,66
121,98,66
121,99,68
121,100,68
121,101,66
121,102,69
121,103,70
121,104,72
121,105,70
121,106,68
121,107,63
121,108,58
121,109,58
121,110,57
121,111,53
121,112,52
121,113,50
121,114,45
121,115,42
121,116,38
121,117,34
121,118,34
121,119,28
121,120,25
121,121,22
121,122,18
121,123,16
121,124,17
121,125,18
121,126,18
121,127,18
121,128,18
121,129,19
121,130,20
121,131,20
121,132,20
121,133,22
121,134,24
121,135,26
121,136,28
121,137,31
121,138,32
121,139,35
121,140,47
121,141,60
121,142,74
121,143,88
121,144,101
121,145,105
121,146,104
121,147,110
121,148,116
121,149,120
122,0,45
122,1,45
122,2,45
122,3,46
122,4,47
122,5,48
122,6,49
122,7,51
122,8,53
122,9,55
122,10,56
122,11,57
122,12,60
122,13,62
122,14,62
122,15,62
122,16,60
122,17,57
122,18,54
122,19,59
122,20,60
122,21,56
122,22,55
122,23,58
122,24,55
122,25,59
122,26,60
122,27,61
122,28,63
122,29,64
122,30,65
122,31,67
122,32,68
122,33,71
122,34,73
122,35,73
122,36,73
122,37,72
122,38,74
122,39,79
122,40,82
122,41,92
122,42,99
122,43,103
122,44,113
122,45,122
122,46,127
122,47,167
122,48,163
122,49,156
122,50,155
122,51,150
122,52,146
122,53,150
122,54,148
122,55,151
122,56,147
122,57,140
122,58,140
122,59,140
122,60,129
122,61,119
122,62,117
122,63,115
122,64,118
122,65,122
122,66,117
122,67,118
122,68,121
122,69,122
122,70,87
122,71,35
122,72,86
122,73,112
122,74,98
122,75,103
122,76,107
122,77,84
122,78,51
122,79,28
122,80,23
122,81,24
122,82,24
122,83,23
122,84,26
122,85,28
122,86,30
122,87,37
122,88,37
122,89,40
122,90,45
122,91,51
122,92,54
122,93,57
122,94,60
122,95,62
122,96,66
122,97,68
122,98,68
122,99,70
122,100,71
122,101,69
122,102,71
122,103,70
122,104,72
122,105,69
122,106,66
122,107,62
122,108,59
122,109,59
122,110,56
122,111,51
122,112,47
122,113,46
122,114,43
122,115,43
122,116,39
122,117,36
122,118,33
122,119,27
122,120,21
122,121,19
122,122,17
122,123,17
122,124,18
122,125,18
122,126,18
122,127,18
122,128,18
122,129,18
122,130,18
122,131,18
122,132,18
122,133,20
122,134,22
122,135,24
122,136,25
122,137,28
122,138,29
122,139,31
122,140,34
122,141,39
122,142,51
122,143,65
122,144,88
122,145,98
122,146,102
122,147,107
122,148,113
122,149,120
123,0,44
123,1,44
123,2,45
123,3,46
123,4,47
123,5,48
123,6,50
123,7,52
123,8,53
123,9,55
123,10,58
123,11,60
123,12,62
123,13,63
123,14,64
123,15,63
123,16,63
123,17,61
123,18,60
123,19,61
123,20,62
123,21,61
123,22,60
123,23,60
123,24,59
123,25,63
123,26,64
123,27,62
123,28,64
123,29,68
123,30,70
123,31,71
123,32,72
123,33,73
123,34,74
123,35,75
123,36,77
123,37,77
123,38,78
123,39,81
123,40,81
123,41,85
123,42,97
123,43,105
123,44,106
123,45,115
123,46,119
123,47,160
123,48,167
123,49,158
123,50,157
123,51,151
123,52,150
123,53,153
123,54,151
123,55,151
123,56,145
123,57,136
123,58,141
123,59,140
123,60,127
123,61,120
123,62,122
123,63,128
123,64,124
123,65,132
123,66,120
123,67,120
123,68,118
123,69,115
123,70,96
123,71,57
123,72,109
123,73,128
123,74,108
123,75,105
123,76,114
123,77,112
123,78,96
123,79,76
123,80,46
123,81,25
123,82,22
123,83,26
123,84,26
123,85,30
123,86,33
123,87,34
123,88,40
123,89,42
123,90,47
123,91,51
123,92,55
123,93,58
123,94,62
123,95,65
123,96,69
123,97,71
123,98,71
123,99,75
123,100,76
123,101,74
123,102,76
123,103,74
123,104,70
123,105,68
123,106,65
123,107,63
123,108,60
123,109,59
123,110,56
123,111,51
123,112,45
123,113,44
123,114,41
123,115,42
123,116,40
123,117,36
123,118,33
123,119,26
123,120,19
123,121,18
123,122,17
123,123,17
123,124,17
123,125,18
123,126,18
123,127,18
123,128,18
123,129,17
123,130,17
123,131,17
123,132,18
123,133,19
123,134,21
123,135,23
123,136,24
123,137,27
123,138,28
123,139,29
123,140,30
123,141,31
123,142,34
123,143,41
123,144,66
123,145,87
123,146,98
123,147,104
123,148,111
123,149,120
124,0,44
124,1,44
124,2,45
124,3,46
124,4,48
124,5,48
124,6,50
124,7,52
124,8,54
124,9,57
124,10,60
124,11,61
124,12,62
124,13,63
124,14,65
124,15,66
124,16,66
124,17,65
124,18,65
124,19,64
124,20,64
124,21,66
124,22,65
124,23,64
124,24,63
124,25,64
124,26,66
124,27,70
124,28,72
124,29,70
124,30,71
124,31,76
124,32,73
124,33,74
124,34,75
124,35,78
124,36,81
124,37,82
124,38,82
124,39,84
124,40,88
124,41,85
124,42,90
124,43,104
124,44,105
124,45,114
124,46,117
124,47,145
124,48,169
124,49,158
124,50,156
124,51,158
124,52,159
124,53,153
124,54,147
124,55,148
124,56,145
124,57,139
124,58,136
124,59,132
124,60,126
124,61,112
124,62,105
124,63,121
124,64,131
124,65,134
124,66,128
124,67,119
124,68,117
124,69,120
124,70,110
124,71,108
124,72,132
124,73,125
124,74,111
124,75,111
124,76,110
124,77,109
124,78,113
124,79,113
124,80,96
124,81,80
124,82,58
124,83,35
124,84,28
124,85,31
124,86,33
124,87,39
124,88,42
124,89,45
124,90,49
124,91,53
124,92,54
124,93,57
124,94,63
124,95,68
124,96,70
124,97,72
124,98,73
124,99,76
124,100,77
124,101,76
124,102,77
124,103,75
124,104,73
124,105,69
124,106,66
124,107,62
124,108,58
124,109,57
124,110,56
124,111,53
124,112,49
124,113,45
124,114,40
124,115,38
124,116,35
124,117,32
124,118,30
124,119,25
124,120,19
124,121,18
124,122,17
124,123,17
124,124,17
124,125,17
124,126,17
124,127,17
124,128,17
124,129,17
124,130,17
124,131,18
124,132,19
124,133,20
124,134,21
124,135,21
124,136,24
124,137,25
124,138,24
124,139,23
124,140,25
124,141,27
124,142,28
124,143,29
124,144,42
124,145,58
124,146,72
124,147,90
124,148,104
124,149,112
125,0,44
125,1,44
125,2,45
125,3,47
125,4,49
125,5,50
125,6,52
125,7,54
125,8,57
125,9,59
125,10,60
125,11,60
125,12,61
125,13,65
125,14,69
125,15,71
125,16,67
125,17,65
125,18,67
125,19,66
125,20,65
125,21,67
125,22,67
125,23,68
125,24,66
125,25,68
125,26,69
125,27,71
125,28,73
125,29,74
125,30,75
125,31,79
125,32,78
125,33,79
125,34,79
125,35,82
125,36,85
125,37,85
125,38,85
125,39,86
125,40,89
125,41,86
125,42,86
125,43,98
125,44,103
125,45,110
125,46,115
125,47,130
125,48,169
125,49,168
125,50,161
125,51,159
125,52,159
125,53,155
125,54,151
125,55,148
125,56,139
125,57,136
125,58,132
125,59,127
125,60,127
125,61,118
125,62,99
125,63,93
125,64,134
125,65,138
125,66,129
125,67,124
125,68,123
125,69,123
125,70,123
125,71,137
125,72,135
125,73,120
125,74,117
125,75,119
125,76,112
125,77,110
125,78,113
125,79,111
125,80,109
125,81,105
125,82,95
125,83,65
125,84,35
125,85,30
125,86,37
125,87,38
125,88,44
125,89,47
125,90,52
125,91,55
125,92,56
125,93,59
125,94,65
125,95,70
125,96,70
125,97,74
125,98,74
125,99,76
125,100,76
125,101,75
125,102,76
125,103,73
125,104,73
125,105,71
125,106,69
125,107,65
125,108,59
125,109,56
125,110,54
125,111,51
125,112,47
125,113,43
125,114,38
125,115,37
125,116,33
125,117,29
125,118,27
125,119,23
125,120,20
125,121,19
125,122,18
125,123,17
125,124,16
125,125,16
125,126,16
125,127,16
125,128,17
125,129,17
125,130,17
125,131,18
125,132,19
125,133,20
125,134,19
125,135,19
125,136,19
125,137,21
125,138,20
125,139,18
125,140,19
125,141,23
125,142,24
125,143,24
125,144,26
125,145,26
125,146,39
125,147,72
125,148,95
125,149,103
126,0,44
126,1,44
126,2,45
126,3,48
126,4,50
126,5,51
126,6,53
126,7,55
126,8,59
126,9,60
126,10,60
126,11,61
126,12,64
126,13,68
126,14,71
126,15,72
126,16,68
126,17,66
126,18,70
126,19,69
126,20,67
126,21,68
126,22,68
126,23,70
126,24,68
126,25,72
126,26,72
126,27,69
126,28,71
126,29,76
126,30,79
126,31,80
126,32,83
126,33,84
126,34,84
126,35,86
126,36,88
126,37,87
126,38,85
126,39,87
126,40,85
126,41,85
126,42,85
126,43,91
126,44,97
126,45,106
126,46,116
126,47,121
126,48,159
126,49,180
126,50,170
126,51,162
126,52,156
126,53,155
126,54,150
126,55,143
126,56,130
126,57,127
126,58,127
126,59,124
126,60,125
126,61,130
126,62,118
126,63,98
126,64,133
126,65,139
126,66,125
126,67,127
126,68,124
126,69,118
126,70,125
126,71,134
126,72,130
126,73,124
126,74,124
126,75,120
126,76,114
126,77,116
126,78,117
126,79,110
126,80,106
126,81,108
126,82,105
126,83,99
126,84,87
126,85,63
126,86,46
126,87,43
126,88,46
126,89,49
126,90,54
126,91,58
126,92,61
126,93,64
126,94,68
126,95,72
126,96,75
126,97,80
126,98,80
126,99,81
126,100,80
126,101,78
126,102,79
126,103,77
126,104,73
126,105,71
126,106,71
126,107,68
126,108,62
126,109,56
126,110,52
126,111,48
126,112,43
126,113,41
126,114,38
126,115,37
126,116,33
126,117,28
126,118,26
126,119,21
126,120,20
126,121,20
126,122,19
126,123,18
126,124,16
126,125,15
126,126,15
126,127,15
126,128,16
126,129,15
126,130,15
126,131,16
126,132,17
126,133,18
126,134,17
126,135,17
126,136,16
126,137,16
126,138,17
126,139,17
126,140,17
126,141,17
126,142,18
126,143,18
126,144,21
126,145,17
126,146,24
126,147,49
126,148,67
126,149,78
127,0,42
127,1,43
127,2,45
127,3,47
127,4,49
127,5,51
127,6,53
127,7,55
127,8,59
127,9,59
127,10,60
127,11,62
127,12,67
127,13,71
127,14,71
127,15,70
127,16,66
127,17,66
127,18,71
127,19,68
127,20,65
127,21,68
127,22,68
127,23,68
127,24,70
127,25,71
127,26,72
127,27,74
127,28,76
127,29,76
127,30,78
127,31,82
127,32,85
127,33,87
127,34,87
127,35,88
127,36,89
127,37,87
127,38,85
127,39,87
127,40,86
127,41,82
127,42,85
127,43,87
127,44,92
127,45,106
127,46,121
127,47,118
127,48,140
127,49,174
127,50,171
127,51,168
127,52,156
127,53,147
127,54,136
127,55,125
127,56,123
127,57,120
127,58,115
127,59,113
127,60,116
127,61,125
127,62,133
127,63,135
127,64,139
127,65,138
127,66,129
127,67,128
127,68,121
127,69,120
127,70,126
127,71,131
127,72,131
127,73,123
127,74,119
127,75,122
127,76,123
127,77,120
127,78,118
127,79,111
127,80,109
127,81,109
127,82,103
127,83,108
127,84,115
127,85,108
127,86,85
127,87,59
127,88,47
127,89,50
127,90,55
127,91,61
127,92,65
127,93,68
127,94,71
127,95,74
127,96,77
127,97,82
127,98,83
127,99,83
127,100,82
127,101,80
127,102,81
127,103,80
127,104,74
127,105,71
127,106,69
127,107,67
127,108,61
127,109,57
127,110,53
127,111,49
127,112,46
127,113,43
127,114,38
127,115,37
127,116,31
127,117,26
127,118,25
127,119,22
127,120,20
127,121,20
127,122,20
127,123,19
127,124,17
127,125,15
127,126,14
127,127,14
127,128,15
127,129,14
127,130,13
127,131,14
127,132,15
127,133,16
127,134,16
127,135,15
127,136,18
127,137,15
127,138,15
127,139,17
127,140,16
127,141,14
127,142,13
127,143,14
127,144,16
127,145,19
127,146,21
127,147,25
127,148,30
127,149,45
128,0,40
128,1,44
128,2,47
128,3,48
128,4,49
128,5,51
128,6,53
128,7,53
128,8,56
128,9,62
128,10,63
128,11,63
128,12,68
128,13,69
128,14,67
128,15,67
128,16,65
128,17,69
128,18,69
128,19,69
128,20,71
128,21,71
128,22,70
128,23,73
128,24,72
128,25,73
128,26,77
128,27,80
128,28,78
128,29,77
128,30,78
128,31,79
128,32,81
128,33,87
128,34,85
128,35,84
128,36,92
128,37,92
128,38,85
128,39,84
128,40,81
128,41,89
128,42,87
128,43,88
128,44,87
128,45,95
128,46,114
128,47,115
128,48,111
128,49,159
128,50,170
128,51,163
128,52,152
128,53,143
128,54,132
128,55,123
128,56,119
128,57,115
128,58,102
128,59,107
128,60,110
128,61,134
128,62,143
128,63,136
128,64,134
128,65,136
128,66,126
128,67,122
128,68,127
128,69,130
128,70,131
128,71,128
128,72,121
128,73,118
128,74,122
128,75,120
128,76,118
128,77,125
128,78,121
128,79,112
128,80,111
128,81,114
128,82,112
128,83,109
128,84,112
128,85,116
128,86,112
128,87,103
128,88,83
128,89,70
128,90,56
128,91,64
128,92,65
128,93,70
128,94,77
128,95,80
128,96,76
128,97,82
128,98,84
128,99,86
128,100,90
128,101,89
128,102,83
128,103,78
128,104,74
128,105,74
128,106,70
128,107,65
128,108,61
128,109,54
128,110,49
128,111,51
128,112,43
128,113,41
128,114,37
128,115,33
128,116,29
128,117,25
128,118,22
128,119,19
128,120,19
128,121,18
128,122,17
128,123,16
128,124,16
128,125,15
128,126,15
128,127,15
128,128,14
128,129,15
128,130,16
128,131,16
128,132,15
128,133,15
128,134,15
128,135,16
128,136,16
128,137,16
128,138,16
128,139,15
128,140,15
128,141,16
128,142,15
128,143,13
128,144,13
128,145,16
128,146,17
128,147,18
128,148,22
128,149,30
129,0,39
129,1,42
129,2,45
129,3,47
129,4,48
129,5,51
129,6,53
129,7,53
129,8,57
129,9,61
129,10,62
129,11,63
129,12,67
129,13,67
129,14,65
129,15,66
129,16,68
129,17,71
129,18,72
129,19,72
129,20,73
129,21,73
129,22,73
129,23,75
129,24,77
129,25,74
129,26,74
129,27,77
129,28,78
129,29,80
129,30,81
129,31,80
129,32,83
129,33,86
129,34,85
129,35,85
129,36,87
129,37,87
129,38,83
129,39,82
129,40,87
129,41,86
129,42,81
129,43,84
129,44,83
129,45,84
129,46,100
129,47,111
129,48,113
129,49,140
129,50,171
129,51,160
129,52,144
129,53,137
129,54,123
129,55,122
129,56,114
129,57,104
129,58,105
129,59,110
129,60,117
129,61,136
129,62,140
129,63,133
129,64,135
129,65,126
129,66,118
129,67,119
129,68,125
129,69,131
129,70,130
129,71,119
129,72,114
129,73,113
129,74,115
129,75,114
129,76,116
129,77,122
129,78,119
129,79,114
129,80,116
129,81,116
129,82,111
129,83,110
129,84,115
129,85,112
129,86,107
129,87,107
129,88,116
129,89,104
129,90,87
129,91,75
129,92,66
129,93,73
129,94,78
129,95,82
129,96,83
129,97,82
129,98,84
129,99,91
129,100,94
129,101,88
129,102,81
129,103,80
129,104,79
129,105,74
129,106,68
129,107,65
129,108,63
129,109,58
129,110,51
129,111,47
129,112,44
129,113,40
129,114,35
129,115,31
129,116,28
129,117,24
129,118,20
129,119,17
129,120,20
129,121,19
129,122,18
129,123,17
129,124,17
129,125,17
129,126,17
129,127,17
129,128,15
129,129,16
129,130,16
129,131,16
129,132,15
129,133,14
129,134,15
129,135,15
129,136,14
129,137,15
129,138,15
129,139,15
129,140,15
129,141,16
129,142,15
129,143,14
129,144,14
129,145,16
129,146,16
129,147,16
129,148,19
129,149,24
130,0,39
130,1,39
130,2,42
130,3,45
130,4,48
130,5,50
130,6,51
130,7,53
130,8,55
130,9,58
130,10,59
130,11,62
130,12,67
130,13,67
130,14,66
130,15,68
130,16,69
130,17,69
130,18,71
130,19,73
130,20,72
130,21,73
130,22,74
130,23,74
130,24,75
130,25,73
130,26,74
130,27,76
130,28,76
130,29,79
130,30,82
130,31,84
130,32,82
130,33,83
130,34,84
130,35,84
130,36,83
130,37,83
130,38,83
130,39,82
130,40,83
130,41,81
130,42,77
130,43,74
130,44,73
130,45,77
130,46,89
130,47,101
130,48,115
130,49,124
130,50,160
130,51,160
130,52,133
130,53,133
130,54,123
130,55,120
130,56,108
130,57,107
130,58,112
130,59,113
130,60,120
130,61,122
130,62,125
130,63,134
130,64,133
130,65,120
130,66,120
130,67,126
130,68,129
130,69,130
130,70,122
130,71,109
130,72,108
130,73,108
130,74,109
130,75,110
130,76,114
130,77,117
130,78,116
130,79,117
130,80,120
130,81,115
130,82,112
130,83,114
130,84,116
130,85,113
130,86,111
130,87,113
130,88,113
130,89,113
130,90,115
130,91,107
130,92,93
130,93,88
130,94,81
130,95,83
130,96,83
130,97,86
130,98,90
130,99,93
130,100,92
130,101,86
130,102,83
130,103,85
130,104,80
130,105,76
130,106,72
130,107,67
130,108,61
130,109,55
130,110,52
130,111,49
130,112,44
130,113,39
130,114,33
130,115,30
130,116,27
130,117,23
130,118,19
130,119,16
130,120,18
130,121,18
130,122,17
130,123,16
130,124,16
130,125,16
130,126,16
130,127,17
130,128,16
130,129,16
130,130,16
130,131,16
130,132,15
130,133,14
130,134,14
130,135,14
130,136,13
130,137,14
130,138,15
130,139,14
130,140,14
130,141,15
130,142,15
130,143,15
130,144,15
130,145,15
130,146,15
130,147,15
130,148,16
130,149,18
131,0,39
131,1,38
131,2,39
131,3,43
131,4,46
131,5,48
131,6,50
131,7,51
131,8,54
131,9,55
131,10,57
131,11,62
131,12,66
131,13,65
131,14,65
131,15,69
131,16,70
131,17,69
131,18,72
131,19,75
131,20,73
131,21,74
131,22,77
131,23,76
131,24,72
131,25,72
131,26,75
131,27,76
131,28,76
131,29,77
131,30,80
131,31,81
131,32,81
131,33,82
131,34,83
131,35,83
131,36,82
131,37,80
131,38,80
131,39,81
131,40,77
131,41,70
131,42,69
131,43,69
131,44,69
131,45,68
131,46,72
131,47,89
131,48,106
131,49,113
131,50,138
131,51,166
131,52,139
131,53,127
131,54,127
131,55,119
131,56,115
131,57,114
131,58,116
131,59,123
131,60,125
131,61,132
131,62,142
131,63,139
131,64,131
131,65,123
131,66,129
131,67,134
131,68,132
131,69,125
131,70,113
131,71,108
131,72,106
131,73,107
131,74,108
131,75,110
131,76,112
131,77,113
131,78,115
131,79,120
131,80,120
131,81,115
131,82,117
131,83,119
131,84,115
131,85,116
131,86,119
131,87,114
131,88,116
131,89,112
131,90,114
131,91,118
131,92,120
131,93,116
131,94,98
131,95,86
131,96,84
131,97,89
131,98,93
131,99,94
131,100,92
131,101,88
131,102,86
131,103,86
131,104,85
131,105,76
131,106,70
131,107,66
131,108,60
131,109,57
131,110,53
131,111,47
131,112,43
131,113,38
131,114,32
131,115,29
131,116,26
131,117,22
131,118,19
131,119,19
131,120,17
131,121,17
131,122,16
131,123,15
131,124,15
131,125,15
131,126,16
131,127,16
131,128,16
131,129,16
131,130,16
131,131,16
131,132,15
131,133,14
131,134,14
131,135,14
131,136,12
131,137,13
131,138,14
131,139,14
131,140,14
131,141,14
131,142,15
131,143,15
131,144,16
131,145,15
131,146,15
131,147,15
131,148,16
131,149,16
132,0,39
132,1,37
132,2,37
132,3,41
132,4,44
132,5,46
132,6,48
132,7,50
132,8,54
132,9,55
132,10,57
132,11,61
132,12,64
132,13,63
132,14,63
132,15,66
132,16,68
132,17,66
132,18,69
132,19,73
132,20,72
132,21,73
132,22,76
132,23,76
132,24,75
132,25,74
132,26,74
132,27,76
132,28,76
132,29,78
132,30,78
132,31,75
132,32,81
132,33,82
132,34,81
132,35,80
132,36,81
132,37,77
132,38,73
132,39,74
132,40,70
132,41,65
132,42,64
132,43,62
132,44,61
132,45,59
132,46,59
132,47,70
132,48,103
132,49,115
132,50,122
132,51,161
132,52,161
132,53,131
132,54,135
132,55,126
132,56,122
132,57,120
132,58,117
132,59,135
132,60,141
132,61,145
132,62,146
132,63,150
132,64,139
132,65,129
132,66,132
132,67,134
132,68,127
132,69,119
132,70,112
132,71,111
132,72,109
132,73,114
132,74,117
132,75,115
132,76,114
132,77,118
132,78,123
132,79,123
132,80,119
132,81,118
132,82,123
132,83,123
132,84,116
132,85,118
132,86,120
132,87,112
132,88,114
132,89,118
132,90,116
132,91,113
132,92,114
132,93,115
132,94,115
132,95,109
132,96,98
132,97,94
132,98,93
132,99,96
132,100,97
132,101,93
132,102,87
132,103,84
132,104,85
132,105,77
132,106,73
132,107,69
132,108,61
132,109,57
132,110,54
132,111,48
132,112,42
132,113,38
132,114,32
132,115,28
132,116,23
132,117,20
132,118,19
132,119,19
132,120,17
132,121,17
132,122,17
132,123,16
132,124,16
132,125,16
132,126,17
132,127,17
132,128,16
132,129,16
132,130,16
132,131,16
132,132,15
132,133,15
132,134,14
132,135,14
132,136,13
132,137,13
132,138,14
132,139,14
132,140,13
132,141,13
132,142,14
132,143,15
132,144,15
132,145,14
132,146,14
132,147,16
132,148,17
132,149,16
133,0,39
133,1,38
133,2,37
133,3,39
133,4,42
133,5,44
133,6,46
133,7,48
133,8,52
133,9,52
133,10,55
133,11,60
133,12,62
133,13,61
133,14,61
133,15,63
133,16,63
133,17,62
133,18,64
133,19,67
133,20,68
133,21,69
133,22,71
133,23,72
133,24,73
133,25,73
133,26,75
133,27,75
133,28,74
133,29,75
133,30,78
133,31,77
133,32,76
133,33,78
133,34,75
133,35,73
133,36,75
133,37,71
133,38,67
133,39,67
133,40,61
133,41,60
133,42,59
133,43,51
133,44,49
133,45,52
133,46,51
133,47,54
133,48,84
133,49,108
133,50,113
133,51,136
133,52,177
133,53,157
133,54,149
133,55,132
133,56,118
133,57,127
133,58,126
133,59,138
133,60,145
133,61,142
133,62,128
133,63,149
133,64,154
133,65,137
133,66,133
133,67,133
133,68,125
133,69,120
133,70,116
133,71,108
133,72,109
133,73,118
133,74,121
133,75,117
133,76,115
133,77,123
133,78,128
133,79,122
133,80,118
133,81,121
133,82,125
133,83,125
133,84,122
133,85,119
133,86,118
133,87,116
133,88,111
133,89,115
133,90,113
133,91,114
133,92,117
133,93,115
133,94,119
133,95,116
133,96,112
133,97,107
133,98,102
133,99,98
133,100,95
133,101,94
133,102,91
133,103,86
133,104,82
133,105,78
133,106,78
133,107,74
133,108,62
133,109,55
133,110,53
133,111,50
133,112,42
133,113,38
133,114,33
133,115,26
133,116,20
133,117,17
133,118,17
133,119,17
133,120,16
133,121,16
133,122,16
133,123,16
133,124,16
133,125,16
133,126,16
133,127,16
133,128,16
133,129,16
133,130,16
133,131,16
133,132,16
133,133,15
133,134,15
133,135,15
133,136,14
133,137,14
133,138,14
133,139,14
133,140,13
133,141,13
133,142,13
133,143,14
133,144,14
133,145,13
133,146,13
133,147,15
133,148,16
133,149,17
134,0,38
134,1,38
134,2,38
134,3,38
134,4,40
134,5,43
134,6,46
134,7,47
134,8,49
134,9,50
134,10,54
134,11,58
134,12,60
134,13,60
134,14,60
134,15,61
134,16,60
134,17,60
134,18,61
134,19,64
134,20,67
134,21,67
134,22,67
134,23,70
134,24,67
134,25,70
134,26,74
134,27,72
134,28,68
134,29,69
134,30,74
134,31,76
134,32,69
134,33,69
134,34,68
134,35,65
134,36,64
134,37,63
134,38,61
134,39,58
134,40,54
134,41,48
134,42,47
134,43,46
134,44,43
134,45,41
134,46,43
134,47,47
134,48,62
134,49,96
134,50,111
134,51,118
134,52,164
134,53,170
134,54,147
134,55,125
134,56,125
134,57,131
134,58,136
134,59,139
134,60,140
134,61,147
134,62,142
134,63,142
134,64,159
134,65,142
134,66,132
134,67,131
134,68,126
134,69,123
134,70,119
134,71,107
134,72,110
134,73,118
134,74,117
134,75,116
134,76,119
134,77,123
134,78,125
134,79,120
134,80,120
134,81,124
134,82,128
134,83,128
134,84,125
134,85,121
134,86,120
134,87,120
134,88,116
134,89,113
134,90,115
134,91,119
134,92,124
134,93,116
134,94,114
134,95,115
134,96,116
134,97,116
134,98,113
134,99,106
134,100,98
134,101,95
134,102,93
134,103,89
134,104,84
134,105,79
134,106,75
134,107,71
134,108,64
134,109,58
134,110,52
134,111,47
134,112,42
134,113,39
134,114,32
134,115,24
134,116,19
134,117,18
134,118,18
134,119,16
134,120,16
134,121,16
134,122,16
134,123,16
134,124,16
134,125,16
134,126,15
134,127,15
134,128,16
134,129,16
134,130,16
134,131,16
134,132,16
134,133,16
134,134,15
134,135,15
134,136,15
134,137,13
134,138,13
134,139,13
134,140,13
134,141,13
134,142,13
134,143,13
134,144,14
134,145,14
134,146,14
134,147,14
134,148,16
134,149,17
135,0,38
135,1,39
135,2,38
135,3,37
135,4,39
135,5,43
135,6,46
135,7,47
135,8,49
135,9,50
135,10,54
135,11,57
135,12,58
135,13,58
135,14,57
135,15,57
135,16,57
135,17,57
135,18,57
135,19,60
135,20,64
135,21,63
135,22,63
135,23,67
135,24,66
135,25,67
135,26,69
135,27,68
135,28,65
135,29,66
135,30,67
135,31,67
135,32,66
135,33,65
135,34,64
135,35,60
135,36,55
135,37,55
135,38,55
135,39,50
135,40,48
135,41,45
135,42,43
135,43,40
135,44,36
135,45,37
135,46,40
135,47,38
135,48,50
135,49,85
135,50,108
135,51,115
135,52,140
135,53,169
135,54,151
135,55,144
135,56,138
135,57,134
135,58,134
135,59,141
135,60,146
135,61,145
135,62,154
135,63,155
135,64,153
135,65,143
135,66,127
135,67,124
135,68,125
135,69,122
135,70,119
135,71,112
135,72,120
135,73,123
135,74,118
135,75,124
135,76,132
135,77,128
135,78,125
135,79,127
135,80,126
135,81,129
135,82,134
135,83,131
135,84,123
135,85,122
135,86,123
135,87,120
135,88,117
135,89,113
135,90,116
135,91,113
135,92,118
135,93,114
135,94,111
135,95,114
135,96,115
135,97,112
135,98,116
135,99,118
135,100,110
135,101,98
135,102,91
135,103,88
135,104,84
135,105,80
135,106,75
135,107,69
135,108,60
135,109,54
135,110,50
135,111,48
135,112,43
135,113,40
135,114,32
135,115,23
135,116,20
135,117,21
135,118,20
135,119,17
135,120,17
135,121,17
135,122,18
135,123,18
135,124,18
135,125,18
135,126,17
135,127,16
135,128,17
135,129,17
135,130,16
135,131,16
135,132,16
135,133,16
135,134,15
135,135,15
135,136,15
135,137,13
135,138,12
135,139,13
135,140,14
135,141,13
135,142,13
135,143,13
135,144,15
135,145,15
135,146,15
135,147,14
135,148,15
135,149,17
136,0,37
136,1,39
136,2,36
136,3,38
136,4,38
136,5,42
136,6,41
136,7,48
136,8,45
136,9,47
136,10,50
136,11,52
136,12,54
136,13,54
136,14,52
136,15,51
136,16,52
136,17,55
136,18,55
136,19,53
136,20,56
136,21,59
136,22,59
136,23,59
136,24,61
136,25,63
136,26,62
136,27,60
136,28,61
136,29,60
136,30,57
136,31,56
136,32,56
136,33,56
136,34,56
136,35,56
136,36,53
136,37,48
136,38,46
136,39,45
136,40,41
136,41,39
136,42,37
136,43,35
136,44,34
136,45,34
136,46,33
136,47,32
136,48,45
136,49,68
136,50,101
136,51,113
136,52,111
136,53,155
136,54,169
136,55,148
136,56,134
136,57,134
136,58,138
136,59,141
136,60,135
136,61,140
136,62,139
136,63,136
136,64,133
136,65,145
136,66,128
136,67,119
136,68,110
136,69,88
136,70,98
136,71,118
136,72,120
136,73,123
136,74,124
136,75,131
136,76,141
136,77,140
136,78,132
136,79,131
136,80,132
136,81,138
136,82,134
136,83,134
136,84,124
136,85,122
136,86,121
136,87,120
136,88,119
136,89,121
136,90,123
136,91,121
136,92,115
136,93,112
136,94,116
136,95,122
136,96,114
136,97,120
136,98,117
136,99,118
136,100,121
136,101,111
136,102,97
136,103,88
136,104,86
136,105,83
136,106,79
136,107,67
136,108,59
136,109,56
136,110,49
136,111,47
136,112,41
136,113,38
136,114,28
136,115,20
136,116,20
136,117,20
136,118,19
136,119,19
136,120,17
136,121,18
136,122,17
136,123,16
136,124,17
136,125,18
136,126,18
136,127,16
136,128,15
136,129,16
136,130,17
136,131,17
136,132,16
136,133,15
136,134,15
136,135,16
136,136,14
136,137,15
136,138,15
136,139,14
136,140,12
136,141,12
136,142,12
136,143,13
136,144,14
136,145,15
136,146,14
136,147,14
136,148,16
136,149,20
137,0,39
137,1,38
137,2,37
137,3,39
137,4,38
137,5,42
137,6,40
137,7,43
137,8,47
137,9,48
137,10,50
137,11,52
137,12,53
137,13,53
137,14,51
137,15,50
137,16,51
137,17,54
137,18,53
137,19,52
137,20,54
137,21,56
137,22,56
137,23,56
137,24,56
137,25,58
137,26,57
137,27,55
137,28,55
137,29,54
137,30,52
137,31,52
137,32,50
137,33,49
137,34,49
137,35,49
137,36,46
137,37,42
137,38,40
137,39,39
137,40,39
137,41,37
137,42,34
137,43,31
137,44,30
137,45,30
137,46,31
137,47,31
137,48,37
137,49,58
137,50,89
137,51,111
137,52,109
137,53,131
137,54,160
137,55,154
137,56,143
137,57,140
137,58,139
137,59,147
137,60,139
137,61,132
137,62,137
137,63,134
137,64,137
137,65,146
137,66,138
137,67,122
137,68,98
137,69,47
137,70,74
137,71,127
137,72,136
137,73,130
137,74,131
137,75,135
137,76,134
137,77,137
137,78,140
137,79,137
137,80,135
137,81,138
137,82,138
137,83,136
137,84,122
137,85,121
137,86,124
137,87,123
137,88,131
137,89,126
137,90,124
137,91,124
137,92,123
137,93,120
137,94,119
137,95,121
137,96,124
137,97,128
137,98,126
137,99,122
137,100,118
137,101,116
137,102,112
137,103,103
137,104,89
137,105,77
137,106,76
137,107,71
137,108,60
137,109,54
137,110,49
137,111,45
137,112,40
137,113,36
137,114,26
137,115,18
137,116,17
137,117,18
137,118,17
137,119,17
137,120,19
137,121,19
137,122,18
137,123,17
137,124,17
137,125,17
137,126,16
137,127,15
137,128,17
137,129,18
137,130,19
137,131,18
137,132,16
137,133,15
137,134,15
137,135,15
137,136,16
137,137,15
137,138,14
137,139,12
137,140,12
137,141,12
137,142,14
137,143,15
137,144,14
137,145,15
137,146,14
137,147,14
137,148,17
137,149,20
138,0,39
138,1,35
138,2,36
138,3,37
138,4,37
138,5,41
138,6,39
138,7,42
138,8,47
138,9,47
138,10,48
138,11,52
138,12,53
138,13,52
138,14,52
138,15,52
138,16,49
138,17,50
138,18,50
138,19,50
138,20,51
138,21,51
138,22,50
138,23,51
138,24,52
138,25,53
138,26,52
138,27,49
138,28,48
138,29,47
138,30,46
138,31,47
138,32,44
138,33,43
138,34,43
138,35,43
138,36,41
138,37,38
138,38,35
138,39,35
138,40,34
138,41,32
138,42,30
138,43,28
138,44,26
138,45,26
138,46,27
138,47,28
138,48,28
138,49,41
138,50,71
138,51,101
138,52,109
138,53,118
138,54,154
138,55,167
138,56,155
138,57,153
138,58,145
138,59,144
138,60,142
138,61,134
138,62,139
138,63,140
138,64,144
138,65,149
138,66,138
138,67,122
138,68,119
138,69,92
138,70,110
138,71,134
138,72,137
138,73,136
138,74,138
138,75,137
138,76,133
138,77,133
138,78,136
138,79,138
138,80,141
138,81,140
138,82,140
138,83,136
138,84,125
138,85,124
138,86,123
138,87,122
138,88,128
138,89,126
138,90,124
138,91,124
138,92,123
138,93,122
138,94,122
138,95,123
138,96,127
138,97,128
138,98,125
138,99,120
138,100,116
138,101,117
138,102,120
138,103,116
138,104,104
138,105,88
138,106,74
138,107,66
138,108,62
138,109,57
138,110,48
138,111,44
138,112,36
138,113,31
138,114,23
138,115,18
138,116,18
138,117,18
138,118,16
138,119,16
138,120,18
138,121,18
138,122,18
138,123,17
138,124,17
138,125,18
138,126,17
138,127,16
138,128,17
138,129,18
138,130,18
138,131,17
138,132,16
138,133,15
138,134,14
138,135,15
138,136,15
138,137,15
138,138,14
138,139,14
138,140,14
138,141,14
138,142,14
138,143,13
138,144,14
138,145,15
138,146,14
138,147,14
138,148,17
138,149,22
139,0,44
139,1,35
139,2,36
139,3,37
139,4,35
139,5,39
139,6,40
139,7,43
139,8,46
139,9,45
139,10,46
139,11,50
139,12,52
139,13,51
139,14,51
139,15,52
139,16,48
139,17,48
139,18,47
139,19,48
139,20,49
139,21,47
139,22,46
139,23,48
139,24,50
139,25,51
139,26,50
139,27,47
139,28,44
139,29,42
139,30,41
139,31,41
139,32,40
139,33,40
139,34,40
139,35,39
139,36,37
139,37,35
139,38,32
139,39,31
139,40,28
139,41,28
139,42,27
139,43,26
139,44,24
139,45,22
139,46,23
139,47,23
139,48,25
139,49,29
139,50,60
139,51,94
139,52,109
139,53,115
139,54,132
139,55,163
139,56,165
139,57,157
139,58,151
139,59,142
139,60,143
139,61,141
139,62,144
139,63,146
139,64,146
139,65,148
139,66,136
139,67,131
139,68,134
139,69,133
139,70,138
139,71,138
139,72,135
139,73,136
139,74,136
139,75,135
139,76,136
139,77,137
139,78,139
139,79,144
139,80,143
139,81,143
139,82,140
139,83,131
139,84,127
139,85,126
139,86,121
139,87,125
139,88,127
139,89,128
139,90,125
139,91,121
139,92,119
139,93,122
139,94,125
139,95,126
139,96,131
139,97,127
139,98,120
139,99,120
139,100,121
139,101,114
139,102,112
139,103,114
139,104,115
139,105,100
139,106,79
139,107,63
139,108,60
139,109,57
139,110,48
139,111,42
139,112,34
139,113,28
139,114,21
139,115,17
139,116,17
139,117,17
139,118,18
139,119,18
139,120,17
139,121,17
139,122,17
139,123,17
139,124,17
139,125,18
139,126,17
139,127,17
139,128,16
139,129,16
139,130,16
139,131,16
139,132,16
139,133,16
139,134,15
139,135,15
139,136,15
139,137,15
139,138,15
139,139,15
139,140,16
139,141,16
139,142,14
139,143,13
139,144,15
139,145,15
139,146,14
139,147,14
139,148,18
139,149,23
140,0,52
140,1,36
140,2,38
140,3,38
140,4,36
140,5,39
140,6,40
140,7,43
140,8,46
140,9,45
140,10,46
140,11,48
140,12,50
140,13,49
140,14,49
140,15,50
140,16,48
140,17,48
140,18,47
140,19,48
140,20,49
140,21,46
140,22,45
140,23,47
140,24,49
140,25,49
140,26,48
140,27,46
140,28,43
140,29,40
140,30,38
140,31,37
140,32,37
140,33,37
140,34,36
140,35,35
140,36,33
140,37,31
140,38,29
140,39,27
140,40,25
140,41,25
140,42,24
140,43,23
140,44,21
140,45,20
140,46,20
140,47,20
140,48,26
140,49,25
140,50,45
140,51,77
140,52,97
140,53,107
140,54,111
140,55,148
140,56,170
140,57,156
140,58,153
140,59,148
140,60,145
140,61,143
140,62,148
140,63,146
140,64,150
140,65,148
140,66,136
140,67,134
140,68,141
140,69,138
140,70,138
140,71,137
140,72,135
140,73,133
140,74,134
140,75,136
140,76,137
140,77,140
140,78,142
140,79,141
140,80,141
140,81,142
140,82,138
140,83,127
140,84,126
140,85,125
140,86,123
140,87,129
140,88,128
140,89,124
140,90,119
140,91,118
140,92,120
140,93,124
140,94,127
140,95,128
140,96,132
140,97,126
140,98,121
140,99,126
140,100,127
140,101,116
140,102,111
140,103,113
140,104,104
140,105,109
140,106,108
140,107,89
140,108,64
140,109,54
140,110,48
140,111,36
140,112,37
140,113,28
140,114,19
140,115,15
140,116,14
140,117,15
140,118,17
140,119,18
140,120,19
140,121,18
140,122,18
140,123,18
140,124,17
140,125,16
140,126,16
140,127,16
140,128,16
140,129,16
140,130,16
140,131,16
140,132,17
140,133,17
140,134,17
140,135,16
140,136,17
140,137,15
140,138,14
140,139,14
140,140,15
140,141,15
140,142,15
140,143,15
140,144,15
140,145,15
140,146,14
140,147,15
140,148,19
140,149,25
141,0,60
141,1,35
141,2,35
141,3,37
141,4,36
141,5,38
141,6,39
141,7,41
141,8,43
141,9,43
141,10,45
141,11,47
141,12,48
141,13,49
141,14,50
141,15,49
141,16,49
141,17,49
141,18,48
141,19,49
141,20,50
141,21,47
141,22,46
141,23,48
141,24,46
141,25,45
141,26,44
141,27,44
141,28,40
141,29,38
141,30,36
141,31,34
141,32,34
141,33,34
141,34,33
141,35,31
141,36,29
141,37,28
141,38,26
141,39,24
141,40,24
141,41,23
141,42,21
141,43,20
141,44,18
141,45,18
141,46,19
141,47,20
141,48,23
141,49,27
141,50,28
141,51,52
141,52,77
141,53,102
141,54,108
141,55,125
141,56,160
141,57,167
141,58,157
141,59,149
141,60,149
141,61,146
141,62,150
141,63,148
141,64,154
141,65,148
141,66,138
141,67,136
141,68,165
141,69,150
141,70,137
141,71,134
141,72,132
141,73,137
141,74,140
141,75,140
141,76,140
141,77,139
141,78,137
141,79,139
141,80,141
141,81,141
141,82,138
141,83,129
141,84,128
141,85,127
141,86,125
141,87,123
141,88,125
141,89,120
141,90,119
141,91,125
141,92,128
141,93,126
141,94,125
141,95,127
141,96,128
141,97,123
141,98,123
141,99,128
141,100,123
141,101,117
141,102,117
141,103,114
141,104,118
141,105,114
141,106,114
141,107,112
141,108,89
141,109,59
141,110,43
141,111,38
141,112,34
141,113,25
141,114,18
141,115,17
141,116,16
141,117,15
141,118,16
141,119,16
141,120,18
141,121,17
141,122,18
141,123,18
141,124,18
141,125,17
141,126,17
141,127,18
141,128,18
141,129,17
141,130,17
141,131,17
141,132,17
141,133,17
141,134,17
141,135,16
141,136,15
141,137,15
141,138,14
141,139,14
141,140,15
141,141,15
141,142,15
141,143,15
141,144,16
141,145,15
141,146,15
141,147,15
141,148,20
141,149,26
142,0,77
142,1,40
142,2,34
142,3,36
142,4,37
142,5,38
142,6,39
142,7,40
142,8,40
142,9,42
142,10,44
142,11,45
142,12,48
142,13,51
142,14,51
142,15,50
142,16,48
142,17,49
142,18,48
142,19,48
142,20,49
142,21,48
142,22,47
142,23,48
142,24,45
142,25,42
142,26,41
142,27,40
142,28,37
142,29,35
142,30,33
142,31,31
142,32,31
142,33,31
142,34,30
142,35,28
142,36,27
142,37,26
142,38,24
142,39,22
142,40,22
142,41,21
142,42,19
142,43,18
142,44,18
142,45,18
142,46,19
142,47,19
142,48,20
142,49,28
142,50,25
142,51,37
142,52,58
142,53,90
142,54,108
142,55,106
142,56,134
142,57,166
142,58,163
142,59,153
142,60,152
142,61,153
142,62,152
142,63,149
142,64,152
142,65,151
142,66,146
142,67,147
142,68,175
142,69,152
142,70,133
142,71,139
142,72,138
142,73,143
142,74,143
142,75,143
142,76,146
142,77,143
142,78,136
142,79,135
142,80,136
142,81,143
142,82,141
142,83,131
142,84,131
142,85,127
142,86,127
142,87,122
142,88,129
142,89,130
142,90,132
142,91,134
142,92,131
142,93,126
142,94,123
142,95,123
142,96,126
142,97,123
142,98,123
142,99,123
142,100,116
142,101,114
142,102,117
142,103,112
142,104,119
142,105,124
142,106,117
142,107,113
142,108,114
142,109,101
142,110,68
142,111,33
142,112,33
142,113,24
142,114,19
142,115,19
142,116,18
142,117,17
142,118,17
142,119,16
142,120,16
142,121,16
142,122,17
142,123,18
142,124,18
142,125,18
142,126,18
142,127,20
142,128,18
142,129,17
142,130,16
142,131,16
142,132,17
142,133,17
142,134,16
142,135,15
142,136,13
142,137,14
142,138,15
142,139,16
142,140,15
142,141,15
142,142,14
142,143,14
142,144,16
142,145,16
142,146,15
142,147,16
142,148,20
142,149,26
143,0,97
143,1,50
143,2,39
143,3,37
143,4,38
143,5,39
143,6,40
143,7,39
143,8,40
143,9,44
143,10,45
143,11,45
143,12,47
143,13,51
143,14,51
143,15,48
143,16,46
143,17,47
143,18,46
143,19,46
143,20,47
143,21,47
143,22,46
143,23,47
143,24,46
143,25,41
143,26,39
143,27,38
143,28,35
143,29,33
143,30,31
143,31,29
143,32,27
143,33,27
143,34,26
143,35,24
143,36,24
143,37,24
143,38,22
143,39,20
143,40,19
143,41,19
143,42,18
143,43,18
143,44,19
143,45,19
143,46,19
143,47,18
143,48,23
143,49,23
143,50,24
143,51,27
143,52,39
143,53,69
143,54,106
143,55,115
143,56,112
143,57,144
143,58,167
143,59,165
143,60,153
143,61,157
143,62,152
143,63,145
143,64,149
143,65,156
143,66,148
143,67,147
143,68,169
143,69,165
143,70,147
143,71,150
143,72,149
143,73,141
143,74,142
143,75,149
143,76,151
143,77,147
143,78,129
143,79,106
143,80,127
143,81,147
143,82,146
143,83,131
143,84,128
143,85,122
143,86,129
143,87,136
143,88,132
143,89,135
143,90,134
143,91,128
143,92,125
143,93,126
143,94,125
143,95,122
143,96,124
143,97,124
143,98,120
143,99,119
143,100,117
143,101,115
143,102,117
143,103,117
143,104,121
143,105,128
143,106,125
143,107,119
143,108,117
143,109,120
143,110,107
143,111,75
143,112,39
143,113,27
143,114,19
143,115,17
143,116,16
143,117,15
143,118,18
143,119,19
143,120,17
143,121,17
143,122,17
143,123,18
143,124,18
143,125,17
143,126,17
143,127,19
143,128,16
143,129,15
143,130,15
143,131,15
143,132,16
143,133,16
143,134,15
143,135,14
143,136,15
143,137,15
143,138,14
143,139,14
143,140,13
143,141,13
143,142,15
143,143,17
143,144,16
143,145,16
143,146,15
143,147,16
143,148,21
143,149,26
144,0,106
144,1,85
144,2,39
144,3,36
144,4,38
144,5,42
144,6,39
144,7,41
144,8,40
144,9,44
144,10,44
144,11,46
144,12,47
144,13,48
144,14,50
144,15,47
144,16,47
144,17,47
144,18,46
144,19,49
144,20,47
144,21,43
144,22,45
144,23,43
144,24,41
144,25,40
144,26,39
144,27,36
144,28,32
144,29,32
144,30,32
144,31,29
144,32,26
144,33,28
144,34,26
144,35,22
144,36,22
144,37,22
144,38,20
144,39,20
144,40,17
144,41,18
144,42,18
144,43,17
144,44,18
144,45,19
144,46,20
144,47,20
144,48,19
144,49,19
144,50,22
144,51,27
144,52,32
144,53,48
144,54,80
144,55,108
144,56,105
144,57,109
144,58,140
144,59,174
144,60,163
144,61,150
144,62,147
144,63,147
144,64,153
144,65,164
144,66,145
144,67,142
144,68,145
144,69,146
144,70,152
144,71,148
144,72,142
144,73,149
144,74,147
144,75,149
144,76,149
144,77,142
144,78,134
144,79,92
144,80,91
144,81,134
144,82,157
144,83,140
144,84,130
144,85,128
144,86,135
144,87,141
144,88,132
144,89,130
144,90,128
144,91,122
144,92,120
144,93,127
144,94,127
144,95,122
144,96,119
144,97,123
144,98,124
144,99,123
144,100,122
144,101,121
144,102,120
144,103,121
144,104,123
144,105,130
144,106,130
144,107,125
144,108,119
144,109,114
144,110,113
144,111,116
144,112,80
144,113,35
144,114,15
144,115,19
144,116,17
144,117,17
144,118,18
144,119,17
144,120,13
144,121,20
144,122,20
144,123,17
144,124,18
144,125,18
144,126,16
144,127,16
144,128,16
144,129,17
144,130,16
144,131,16
144,132,16
144,133,17
144,134,16
144,135,14
144,136,13
144,137,14
144,138,13
144,139,13
144,140,15
144,141,14
144,142,13
144,143,14
144,144,13
144,145,14
144,146,13
144,147,16
144,148,24
144,149,27
145,0,119
145,1,103
145,2,69
145,3,36
145,4,39
145,5,37
145,6,38
145,7,40
145,8,40
145,9,42
145,10,42
145,11,44
145,12,45
145,13,46
145,14,47
145,15,45
145,16,45
145,17,45
145,18,45
145,19,48
145,20,46
145,21,43
145,22,44
145,23,41
145,24,40
145,25,38
145,26,37
145,27,34
145,28,31
145,29,31
145,30,30
145,31,28
145,32,25
145,33,26
145,34,24
145,35,21
145,36,21
145,37,19
145,38,18
145,39,18
145,40,18
145,41,19
145,42,19
145,43,18
145,44,18
145,45,19
145,46,19
145,47,19
145,48,16
145,49,18
145,50,22
145,51,26
145,52,30
145,53,42
145,54,66
145,55,90
145,56,108
145,57,110
145,58,120
145,59,140
145,60,167
145,61,159
145,62,148
145,63,150
145,64,162
145,65,151
145,66,146
145,67,140
145,68,143
145,69,140
145,70,152
145,71,150
145,72,151
145,73,146
145,74,151
145,75,150
145,76,150
145,77,151
145,78,138
145,79,115
145,80,95
145,81,121
145,82,152
145,83,149
145,84,134
145,85,134
145,86,143
145,87,135
145,88,133
145,89,135
145,90,127
145,91,122
145,92,123
145,93,126
145,94,129
145,95,125
145,96,119
145,97,120
145,98,119
145,99,117
145,100,117
145,101,121
145,102,125
145,103,125
145,104,134
145,105,132
145,106,124
145,107,118
145,108,120
145,109,122
145,110,119
145,111,113
145,112,102
145,113,74
145,114,37
145,115,15
145,116,17
145,117,20
145,118,15
145,119,19
145,120,21
145,121,18
145,122,18
145,123,19
145,124,18
145,125,16
145,126,16
145,127,17
145,128,17
145,129,18
145,130,18
145,131,17
145,132,16
145,133,17
145,134,15
145,135,14
145,136,13
145,137,15
145,138,14
145,139,14
145,140,15
145,141,14
145,142,13
145,143,14
145,144,14
145,145,14
145,146,14
145,147,17
145,148,25
145,149,28
146,0,123
146,1,117
146,2,97
146,3,47
146,4,38
146,5,37
146,6,40
146,7,42
146,8,41
146,9,41
146,10,40
146,11,42
146,12,44
146,13,43
146,14,44
146,15,44
146,16,43
146,17,44
146,18,45
146,19,46
146,20,44
146,21,42
146,22,42
146,23,38
146,24,38
146,25,35
146,26,33
146,27,31
146,28,29
146,29,29
146,30,28
146,31,26
146,32,24
146,33,23
146,34,21
146,35,20
146,36,19
146,37,17
146,38,16
146,39,17
146,40,19
146,41,20
146,42,21
146,43,19
146,44,18
146,45,19
146,46,20
146,47,20
146,48,19
146,49,19
146,50,18
146,51,20
146,52,27
146,53,38
146,54,61
146,55,85
146,56,97
146,57,109
146,58,116
146,59,122
146,60,160
146,61,171
146,62,153
146,63,150
146,64,146
146,65,148
146,66,152
146,67,150
146,68,149
146,69,147
146,70,147
146,71,146
146,72,146
146,73,147
146,74,148
146,75,147
146,76,145
146,77,146
146,78,135
146,79,128
146,80,142
146,81,162
146,82,166
146,83,148
146,84,139
146,85,136
146,86,137
146,87,136
146,88,133
146,89,136
146,90,127
146,91,125
146,92,123
146,93,123
146,94,131
146,95,129
146,96,125
146,97,123
146,98,118
146,99,110
146,100,108
146,101,118
146,102,126
146,103,125
146,104,126
146,105,124
146,106,123
146,107,123
146,108,123
146,109,124
146,110,120
146,111,114
146,112,104
146,113,94
146,114,87
146,115,65
146,116,31
146,117,16
146,118,17
146,119,20
146,120,15
146,121,18
146,122,21
146,123,20
146,124,18
146,125,18
146,126,17
146,127,16
146,128,19
146,129,19
146,130,19
146,131,18
146,132,17
146,133,16
146,134,15
146,135,14
146,136,14
146,137,15
146,138,15
146,139,14
146,140,15
146,141,15
146,142,14
146,143,15
146,144,14
146,145,14
146,146,14
146,147,18
146,148,25
146,149,29
147,0,121
147,1,119
147,2,108
147,3,71
147,4,41
147,5,42
147,6,43
147,7,44
147,8,42
147,9,40
147,10,39
147,11,43
147,12,44
147,13,42
147,14,43
147,15,43
147,16,43
147,17,44
147,18,44
147,19,43
147,20,40
147,21,40
147,22,39
147,23,35
147,24,36
147,25,32
147,26,30
147,27,29
147,28,26
147,29,26
147,30,26
147,31,24
147,32,23
147,33,21
147,34,20
147,35,19
147,36,19
147,37,17
147,38,16
147,39,18
147,40,18
147,41,20
147,42,21
147,43,20
147,44,19
147,45,20
147,46,22
147,47,23
147,48,20
147,49,20
147,50,18
147,51,19
147,52,25
147,53,31
147,54,46
147,55,65
147,56,86
147,57,106
147,58,111
147,59,107
147,60,137
147,61,173
147,62,155
147,63,141
147,64,142
147,65,146
147,66,143
147,67,142
147,68,140
147,69,143
147,70,147
147,71,150
147,72,151
147,73,137
147,74,141
147,75,152
147,76,144
147,77,135
147,78,121
147,79,127
147,80,143
147,81,147
147,82,149
147,83,147
147,84,143
147,85,135
147,86,134
147,87,140
147,88,137
147,89,138
147,90,134
147,91,133
147,92,126
147,93,121
147,94,128
147,95,129
147,96,123
147,97,125
147,98,122
147,99,116
147,100,116
147,101,123
147,102,125
147,103,121
147,104,110
147,105,109
147,106,116
147,107,124
147,108,123
147,109,119
147,110,114
147,111,111
147,112,114
147,113,101
147,114,103
147,115,104
147,116,81
147,117,46
147,118,26
147,119,21
147,120,19
147,121,20
147,122,17
147,123,17
147,124,19
147,125,20
147,126,19
147,127,19
147,128,19
147,129,19
147,130,18
147,131,18
147,132,17
147,133,17
147,134,16
147,135,15
147,136,15
147,137,15
147,138,15
147,139,15
147,140,15
147,141,15
147,142,15
147,143,16
147,144,14
147,145,14
147,146,15
147,147,19
147,148,26
147,149,31
148,0,127
148,1,118
148,2,110
148,3,94
148,4,53
148,5,45
148,6,46
148,7,44
148,8,44
148,9,42
148,10,41
148,11,45
148,12,47
148,13,44
148,14,44
148,15,44
148,16,43
148,17,42
148,18,43
148,19,40
148,20,37
148,21,38
148,22,37
148,23,35
148,24,33
148,25,30
148,26,28
148,27,27
148,28,25
148,29,24
148,30,24
148,31,23
148,32,21
148,33,19
148,34,18
148,35,19
148,36,18
148,37,17
148,38,17
148,39,18
148,40,18
148,41,20
148,42,22
148,43,21
148,44,20
148,45,21
148,46,23
148,47,24
148,48,21
148,49,22
148,50,20
148,51,20
148,52,24
148,53,26
148,54,33
148,55,45
148,56,81
148,57,99
148,58,113
148,59,114
148,60,116
148,61,156
148,62,171
148,63,141
148,64,138
148,65,137
148,66,126
148,67,114
148,68,134
148,69,136
148,70,134
148,71,147
148,72,144
148,73,136
148,74,137
148,75,136
148,76,145
148,77,136
148,78,94
148,79,107
148,80,156
148,81,148
148,82,144
148,83,146
148,84,142
148,85,136
148,86,135
148,87,139
148,88,137
148,89,136
148,90,136
148,91,136
148,92,132
148,93,125
148,94,123
148,95,129
148,96,121
148,97,125
148,98,122
148,99,119
148,100,127
148,101,132
148,102,127
148,103,122
148,104,111
148,105,105
148,106,107
148,107,115
148,108,118
148,109,117
148,110,115
148,111,111
148,112,116
148,113,119
148,114,112
148,115,102
148,116,99
148,117,91
148,118,60
148,119,24
148,120,21
148,121,21
148,122,20
148,123,18
148,124,16
148,125,19
148,126,21
148,127,18
148,128,17
148,129,17
148,130,17
148,131,18
148,132,17
148,133,17
148,134,17
148,135,17
148,136,15
148,137,15
148,138,15
148,139,15
148,140,16
148,141,16
148,142,16
148,143,16
148,144,15
148,145,15
148,146,17
148,147,22
148,148,28
148,149,33
149,0,133
149,1,113
149,2,105
149,3,100
149,4,71
149,5,51
149,6,52
149,7,47
149,8,49
149,9,46
149,10,44
149,11,48
149,12,49
149,13,46
149,14,45
149,15,44
149,16,42
149,17,40
149,18,40
149,19,38
149,20,36
149,21,37
149,22,36
149,23,35
149,24,31
149,25,28
149,26,27
149,27,26
149,28,23
149,29,22
149,30,23
149,31,22
149,32,19
149,33,17
149,34,17
149,35,18
149,36,17
149,37,17
149,38,19
149,39,19
149,40,20
149,41,22
149,42,23
149,43,22
149,44,21
149,45,22
149,46,24
149,47,24
149,48,25
149,49,24
149,50,21
149,51,22
149,52,25
149,53,27
149,54,32
149,55,42
149,56,63
149,57,88
149,58,111
149,59,116
149,60,107
149,61,126
149,62,171
149,63,157
149,64,134
149,65,135
149,66,121
149,67,95
149,68,109
149,69,143
149,70,134
149,71,142
149,72,144
149,73,137
149,74,145
149,75,138
149,76,137
149,77,147
149,78,127
149,79,114
149,80,163
149,81,161
149,82,146
149,83,138
149,84,142
149,85,144
149,86,136
149,87,136
149,88,131
149,89,132
149,90,129
149,91,126
149,92,129
149,93,123
149,94,114
149,95,119
149,96,126
149,97,127
149,98,119
149,99,115
149,100,124
149,101,125
149,102,117
149,103,112
149,104,109
149,105,107
149,106,107
149,107,107
149,108,108
149,109,112
149,110,116
149,111,118
149,112,115
149,113,119
149,114,117
149,115,103
149,116,88
149,117,86
149,118,79
149,119,55
149,120,33
149,121,20
149,122,19
149,123,22
149,124,18
149,125,17
149,126,19
149,127,15
149,128,17
149,129,16
149,130,17
149,131,18
149,132,18
149,133,17
149,134,17
149,135,18
149,136,15
149,137,15
149,138,15
149,139,16
149,140,15
149,141,16
149,142,17
149,143,16
149,144,14
149,145,13
149,146,16
149,147,22
149,148,28
149,149,34
150,0,124
150,1,104
150,2,92
150,3,91
150,4,83
150,5,63
150,6,57
150,7,55
150,8,54
150,9,52
150,10,48
150,11,49
150,12,50
150,13,47
150,14,45
150,15,43
150,16,42
150,17,38
150,18,39
150,19,38
150,20,35
150,21,35
150,22,33
150,23,33
150,24,29
150,25,27
150,26,26
150,27,26
150,28,22
150,29,20
150,30,21
150,31,21
150,32,19
150,33,18
150,34,18
150,35,18
150,36,17
150,37,19
150,38,21
150,39,20
150,40,22
150,41,23
150,42,24
150,43,23
150,44,23
150,45,25
150,46,26
150,47,26
150,48,26
150,49,25
150,50,25
150,51,26
150,52,27
150,53,27
150,54,30
150,55,35
150,56,54
150,57,85
150,58,96
150,59,102
150,60,115
150,61,116
150,62,143
150,63,166
150,64,146
150,65,135
150,66,131
150,67,116
150,68,100
150,69,150
150,70,141
150,71,132
150,72,148
150,73,141
150,74,144
150,75,143
150,76,142
150,77,149
150,78,155
150,79,151
150,80,165
150,81,152
150,82,140
150,83,140
150,84,137
150,85,140
150,86,137
150,87,134
150,88,132
150,89,135
150,90,128
150,91,122
150,92,120
150,93,117
150,94,113
150,95,109
150,96,117
150,97,120
150,98,117
150,99,116
150,100,118
150,101,112
150,102,103
150,103,99
150,104,101
150,105,105
150,106,106
150,107,103
150,108,101
150,109,103
150,110,109
150,111,113
150,112,112
150,113,119
150,114,109
150,115,94
150,116,86
150,117,83
150,118,82
150,119,78
150,120,71
150,121,38
150,122,17
150,123,20
150,124,23
150,125,17
150,126,16
150,127,19
150,128,17
150,129,17
150,130,17
150,131,18
150,132,18
150,133,17
150,134,17
150,135,18
150,136,16
150,137,15
150,138,16
150,139,16
150,140,15
150,141,16
150,142,17
150,143,16
150,144,14
150,145,13
150,146,16
150,147,23
150,148,29
150,149,35
151,0,111
151,1,97
151,2,80
151,3,80
151,4,87
151,5,72
151,6,56
151,7,60
151,8,58
151,9,55
151,10,50
151,11,50
151,12,49
151,13,46
151,14,45
151,15,41
151,16,42
151,17,38
151,18,40
151,19,38
151,20,35
151,21,33
151,22,30
151,23,31
151,24,28
151,25,26
151,26,26
151,27,25
151,28,21
151,29,19
151,30,20
151,31,20
151,32,20
151,33,20
151,34,20
151,35,19
151,36,18
151,37,20
151,38,23
151,39,21
151,40,22
151,41,23
151,42,23
151,43,24
151,44,25
151,45,27
151,46,28
151,47,28
151,48,27
151,49,25
151,50,26
151,51,29
151,52,29
151,53,29
151,54,31
151,55,34
151,56,50
151,57,67
151,58,87
151,59,100
151,60,109
151,61,113
151,62,112
151,63,143
151,64,168
151,65,143
151,66,133
151,67,134
151,68,128
151,69,145
151,70,128
151,71,133
151,72,149
151,73,143
151,74,152
151,75,149
151,76,152
151,77,150
151,78,145
151,79,148
151,80,152
151,81,144
151,82,143
151,83,148
151,84,141
151,85,146
151,86,144
151,87,134
151,88,135
151,89,137
151,90,134
151,91,127
151,92,116
151,93,120
151,94,129
151,95,115
151,96,103
151,97,108
151,98,114
151,99,116
151,100,113
151,101,106
151,102,103
151,103,105
151,104,108
151,105,106
151,106,102
151,107,103
151,108,107
151,109,106
151,110,103
151,111,103
151,112,105
151,113,113
151,114,104
151,115,98
151,116,99
151,117,89
151,118,82
151,119,82
151,120,86
151,121,76
151,122,45
151,123,20
151,124,19
151,125,21
151,126,18
151,127,19
151,128,19
151,129,18
151,130,18
151,131,19
151,132,18
151,133,16
151,134,17
151,135,18
151,136,17
151,137,15
151,138,16
151,139,16
151,140,15
151,141,15
151,142,16
151,143,15
151,144,17
151,145,15
151,146,19
151,147,26
151,148,32
151,149,38
152,0,89
152,1,103
152,2,95
152,3,84
152,4,89
152,5,80
152,6,72
152,7,61
152,8,54
152,9,56
152,10,52
152,11,52
152,12,51
152,13,49
152,14,49
152,15,46
152,16,40
152,17,40
152,18,35
152,19,32
152,20,34
152,21,34
152,22,30
152,23,27
152,24,23
152,25,23
152,26,23
152,27,22
152,28,19
152,29,17
152,30,18
152,31,20
152,32,18
152,33,20
152,34,20
152,35,17
152,36,18
152,37,22
152,38,23
152,39,21
152,40,20
152,41,23
152,42,25
152,43,25
152,44,26
152,45,30
152,46,32
152,47,32
152,48,31
152,49,27
152,50,26
152,51,29
152,52,31
152,53,31
152,54,32
152,55,35
152,56,41
152,57,56
152,58,79
152,59,97
152,60,101
152,61,109
152,62,108
152,63,113
152,64,139
152,65,170
152,66,138
152,67,129
152,68,132
152,69,130
152,70,124
152,71,136
152,72,154
152,73,157
152,74,153
152,75,153
152,76,144
152,77,151
152,78,143
152,79,141
152,80,141
152,81,142
152,82,140
152,83,149
152,84,159
152,85,174
152,86,153
152,87,132
152,88,138
152,89,136
152,90,132
152,91,125
152,92,110
152,93,125
152,94,154
152,95,142
152,96,110
152,97,114
152,98,113
152,99,112
152,100,104
152,101,97
152,102,104
152,103,112
152,104,105
152,105,111
152,106,108
152,107,113
152,108,109
152,109,104
152,110,111
152,111,104
152,112,102
152,113,104
152,114,105
152,115,102
152,116,98
152,117,93
152,118,89
152,119,87
152,120,77
152,121,89
152,122,78
152,123,44
152,124,16
152,125,19
152,126,18
152,127,21
152,128,17
152,129,19
152,130,19
152,131,16
152,132,17
152,133,19
152,134,16
152,135,17
152,136,18
152,137,17
152,138,17
152,139,17
152,140,17
152,141,17
152,142,16
152,143,16
152,144,20
152,145,20
152,146,19
152,147,27
152,148,35
152,149,37
153,0,95
153,1,111
153,2,124
153,3,114
153,4,92
153,5,79
153,6,83
153,7,73
153,8,57
153,9,56
153,10,53
153,11,52
153,12,49
153,13,47
153,14,47
153,15,45
153,16,41
153,17,39
153,18,35
153,19,33
153,20,34
153,21,31
153,22,28
153,23,28
153,24,25
153,25,24
153,26,22
153,27,21
153,28,18
153,29,17
153,30,18
153,31,20
153,32,18
153,33,19
153,34,19
153,35,18
153,36,19
153,37,21
153,38,23
153,39,23
153,40,24
153,41,25
153,42,26
153,43,27
153,44,30
153,45,33
153,46,34
153,47,33
153,48,32
153,49,30
153,50,29
153,51,30
153,52,32
153,53,34
153,54,35
153,55,36
153,56,46
153,57,57
153,58,75
153,59,92
153,60,95
153,61,103
153,62,108
153,63,112
153,64,122
153,65,149
153,66,170
153,67,136
153,68,137
153,69,137
153,70,140
153,71,141
153,72,163
153,73,160
153,74,149
153,75,147
153,76,149
153,77,143
153,78,139
153,79,140
153,80,145
153,81,141
153,82,138
153,83,148
153,84,158
153,85,176
153,86,158
153,87,134
153,88,137
153,89,130
153,90,125
153,91,131
153,92,135
153,93,147
153,94,157
153,95,140
153,96,125
153,97,122
153,98,111
153,99,104
153,100,102
153,101,102
153,102,105
153,103,105
153,104,106
153,105,108
153,106,108
153,107,112
153,108,111
153,109,108
153,110,111
153,111,108
153,112,104
153,113,105
153,114,103
153,115,100
153,116,94
153,117,89
153,118,86
153,119,86
153,120,88
153,121,76
153,122,90
153,123,74
153,124,34
153,125,15
153,126,21
153,127,16
153,128,23
153,129,16
153,130,18
153,131,18
153,132,17
153,133,22
153,134,22
153,135,18
153,136,19
153,137,19
153,138,18
153,139,18
153,140,17
153,141,17
153,142,16
153,143,16
153,144,20
153,145,20
153,146,20
153,147,28
153,148,36
153,149,38
154,0,101
154,1,106
154,2,119
154,3,109
154,4,86
154,5,80
154,6,89
154,7,84
154,8,61
154,9,55
154,10,54
154,11,53
154,12,51
154,13,51
154,14,49
154,15,47
154,16,42
154,17,39
154,18,36
154,19,34
154,20,33
154,21,29
154,22,26
154,23,28
154,24,26
154,25,24
154,26,21
154,27,19
154,28,18
154,29,17
154,30,17
154,31,19
154,32,18
154,33,17
154,34,18
154,35,20
154,36,21
154,37,21
154,38,23
154,39,25
154,40,27
154,41,27
154,42,27
154,43,29
154,44,33
154,45,36
154,46,36
154,47,35
154,48,32
154,49,33
154,50,33
154,51,34
154,52,36
154,53,39
154,54,40
154,55,39
154,56,37
154,57,44
154,58,63
154,59,89
154,60,96
154,61,102
154,62,109
154,63,114
154,64,115
154,65,129
154,66,152
154,67,159
154,68,144
154,69,142
154,70,148
154,71,146
154,72,156
154,73,154
154,74,141
154,75,140
154,76,155
154,77,142
154,78,141
154,79,140
154,80,143
154,81,141
154,82,137
154,83,140
154,84,145
154,85,159
154,86,148
154,87,134
154,88,129
154,89,128
154,90,123
154,91,125
154,92,135
154,93,145
154,94,142
154,95,125
154,96,133
154,97,131
154,98,118
154,99,109
154,100,111
154,101,114
154,102,112
154,103,105
154,104,106
154,105,102
154,106,102
154,107,105
154,108,110
154,109,113
154,110,109
154,111,102
154,112,97
154,113,96
154,114,95
154,115,94
154,116,90
154,117,85
154,118,84
154,119,85
154,120,89
154,121,84
154,122,79
154,123,86
154,124,76
154,125,31
154,126,17
154,127,24
154,128,14
154,129,20
154,130,23
154,131,21
154,132,24
154,133,23
154,134,17
154,135,20
154,136,20
154,137,20
154,138,20
154,139,19
154,140,18
154,141,17
154,142,17
154,143,18
154,144,20
154,145,20
154,146,22
154,147,30
154,148,38
154,149,41
155,0,108
155,1,106
155,2,104
155,3,97
155,4,92
155,5,92
155,6,93
155,7,95
155,8,77
155,9,61
155,10,56
155,11,56
155,12,55
155,13,53
155,14,48
155,15,47
155,16,43
155,17,41
155,18,37
155,19,34
155,20,32
155,21,29
155,22,27
155,23,26
155,24,25
155,25,22
155,26,19
155,27,18
155,28,17
155,29,17
155,30,17
155,31,18
155,32,18
155,33,18
155,34,19
155,35,20
155,36,22
155,37,23
155,38,24
155,39,26
155,40,27
155,41,27
155,42,28
155,43,31
155,44,35
155,45,37
155,46,38
155,47,38
155,48,34
155,49,36
155,50,38
155,51,39
155,52,41
155,53,42
155,54,41
155,55,40
155,56,43
155,57,43
155,58,54
155,59,81
155,60,94
155,61,98
155,62,109
155,63,118
155,64,113
155,65,111
155,66,117
155,67,159
155,68,167
155,69,140
155,70,141
155,71,140
155,72,152
155,73,152
155,74,139
155,75,132
155,76,149
155,77,144
155,78,144
155,79,142
155,80,140
155,81,145
155,82,139
155,83,135
155,84,137
155,85,141
155,86,134
155,87,137
155,88,134
155,89,128
155,90,127
155,91,132
155,92,134
155,93,130
155,94,127
155,95,130
155,96,140
155,97,139
155,98,132
155,99,121
155,100,116
155,101,118
155,102,115
155,103,108
155,104,107
155,105,110
155,106,109
155,107,106
155,108,105
155,109,106
155,110,104
155,111,98
155,112,88
155,113,84
155,114,83
155,115,84
155,116,83
155,117,82
155,118,84
155,119,86
155,120,85
155,121,79
155,122,77
155,123,86
155,124,89
155,125,63
155,126,19
155,127,20
155,128,24
155,129,17
155,130,20
155,131,23
155,132,22
155,133,20
155,134,19
155,135,21
155,136,20
155,137,20
155,138,20
155,139,19
155,140,18
155,141,18
155,142,19
155,143,20
155,144,20
155,145,21
155,146,25
155,147,32
155,148,40
155,149,44
156,0,113
156,1,112
156,2,107
156,3,104
156,4,105
156,5,103
156,6,98
156,7,100
156,8,94
156,9,71
156,10,58
156,11,56
156,12,57
156,13,56
156,14,50
156,15,49
156,16,46
156,17,43
156,18,39
156,19,34
156,20,33
156,21,33
156,22,30
156,23,25
156,24,23
156,25,20
156,26,18
156,27,18
156,28,18
156,29,17
156,30,17
156,31,17
156,32,18
156,33,19
156,34,20
156,35,20
156,36,22
156,37,24
156,38,26
156,39,27
156,40,27
156,41,28
156,42,30
156,43,33
156,44,36
156,45,38
156,46,40
156,47,42
156,48,40
156,49,40
156,50,41
156,51,43
156,52,43
156,53,42
156,54,42
156,55,43
156,56,45
156,57,45
156,58,50
156,59,70
156,60,91
156,61,104
156,62,120
156,63,131
156,64,109
156,65,108
156,66,109
156,67,128
156,68,160
156,69,151
156,70,137
156,71,137
156,72,142
156,73,147
156,74,145
156,75,140
156,76,148
156,77,150
156,78,144
156,79,139
156,80,138
156,81,143
156,82,139
156,83,136
156,84,138
156,85,137
156,86,129
156,87,136
156,88,137
156,89,133
156,90,136
156,91,136
156,92,132
156,93,130
156,94,130
156,95,132
156,96,144
156,97,140
156,98,137
156,99,127
156,100,117
156,101,117
156,102,118
156,103,112
156,104,105
156,105,109
156,106,106
156,107,105
156,108,102
156,109,98
156,110,98
156,111,95
156,112,87
156,113,79
156,114,76
156,115,77
156,116,79
156,117,81
156,118,85
156,119,86
156,120,81
156,121,82
156,122,91
156,123,88
156,124,80
156,125,81
156,126,49
156,127,20
156,128,26
156,129,21
156,130,22
156,131,20
156,132,17
156,133,22
156,134,23
156,135,20
156,136,20
156,137,20
156,138,21
156,139,20
156,140,19
156,141,19
156,142,20
156,143,21
156,144,20
156,145,22
156,146,26
156,147,33
156,148,41
156,149,46
157,0,130
157,1,116
157,2,106
157,3,107
157,4,105
157,5,109
157,6,111
157,7,107
157,8,103
157,9,82
157,10,62
157,11,55
157,12,57
157,13,57
157,14,53
157,15,53
157,16,48
157,17,46
157,18,42
157,19,37
157,20,35
157,21,36
157,22,33
157,23,26
157,24,22
157,25,20
157,26,18
157,27,18
157,28,18
157,29,17
157,30,17
157,31,17
157,32,18
157,33,20
157,34,21
157,35,21
157,36,22
157,37,25
157,38,27
157,39,28
157,40,29
157,41,31
157,42,34
157,43,36
157,44,38
157,45,40
157,46,42
157,47,44
157,48,42
157,49,42
157,50,42
157,51,44
157,52,44
157,53,45
157,54,47
157,55,50
157,56,47
157,57,50
157,58,55
157,59,63
157,60,83
157,61,102
157,62,119
157,63,122
157,64,108
157,65,110
157,66,110
157,67,112
157,68,124
157,69,161
157,70,151
157,71,138
157,72,136
157,73,143
157,74,144
157,75,143
157,76,143
157,77,150
157,78,146
157,79,147
157,80,140
157,81,141
157,82,142
157,83,141
157,84,140
157,85,138
157,86,132
157,87,132
157,88,139
157,89,127
157,90,131
157,91,138
157,92,131
157,93,126
157,94,133
157,95,140
157,96,134
157,97,129
157,98,131
157,99,128
157,100,121
157,101,118
157,102,113
157,103,105
157,104,114
157,105,112
157,106,105
157,107,107
157,108,106
157,109,98
157,110,97
157,111,95
157,112,85
157,113,79
157,114,78
157,115,81
157,116,83
157,117,85
157,118,86
157,119,84
157,120,85
157,121,95
157,122,90
157,123,80
157,124,82
157,125,82
157,126,80
157,127,55
157,128,21
157,129,23
157,130,24
157,131,20
157,132,22
157,133,25
157,134,22
157,135,22
157,136,21
157,137,21
157,138,21
157,139,21
157,140,21
157,141,21
157,142,21
157,143,22
157,144,19
157,145,21
157,146,28
157,147,34
157,148,41
157,149,48
158,0,159
158,1,137
158,2,112
158,3,109
158,4,105
158,5,110
158,6,113
158,7,105
158,8,104
158,9,95
158,10,74
158,11,60
158,12,57
158,13,56
158,14,54
158,15,51
158,16,51
158,17,48
158,18,45
158,19,41
158,20,37
158,21,37
158,22,35
158,23,29
158,24,24
158,25,22
158,26,20
158,27,18
158,28,17
158,29,16
158,30,16
158,31,17
158,32,19
158,33,19
158,34,21
158,35,23
158,36,24
158,37,25
158,38,28
158,39,30
158,40,33
158,41,35
158,42,37
158,43,38
158,44,40
158,45,43
158,46,44
158,47,43
158,48,41
158,49,43
158,50,44
158,51,44
158,52,46
158,53,49
158,54,52
158,55,54
158,56,52
158,57,51
158,58,57
158,59,55
158,60,65
158,61,87
158,62,107
158,63,108
158,64,103
158,65,103
158,66,108
158,67,114
158,68,114
158,69,144
158,70,166
158,71,141
158,72,132
158,73,146
158,74,149
158,75,149
158,76,147
158,77,150
158,78,148
158,79,147
158,80,145
158,81,144
158,82,144
158,83,137
158,84,135
158,85,137
158,86,136
158,87,134
158,88,136
158,89,133
158,90,135
158,91,135
158,92,129
158,93,134
158,94,146
158,95,146
158,96,134
158,97,134
158,98,137
158,99,136
158,100,133
158,101,127
158,102,116
158,103,112
158,104,118
158,105,118
158,106,114
158,107,107
158,108,99
158,109,89
158,110,86
158,111,88
158,112,83
158,113,80
158,114,83
158,115,86
158,116,86
158,117,87
158,118,87
158,119,83
158,120,89
158,121,83
158,122,83
158,123,75
158,124,81
158,125,84
158,126,84
158,127,85
158,128,54
158,129,26
158,130,20
158,131,27
158,132,26
158,133,24
158,134,24
158,135,25
158,136,22
158,137,22
158,138,22
158,139,22
158,140,23
158,141,23
158,142,23
158,143,22
158,144,20
158,145,22
158,146,31
158,147,36
158,148,44
158,149,50
159,0,142
159,1,134
159,2,111
159,3,110
159,4,112
159,5,112
159,6,112
159,7,111
159,8,98
159,9,100
159,10,82
159,11,65
159,12,60
159,13,59
159,14,57
159,15,52
159,16,52
159,17,49
159,18,47
159,19,44
159,20,39
159,21,37
159,22,35
159,23,32
159,24,27
159,25,24
159,26,21
159,27,19
159,28,17
159,29,15
159,30,16
159,31,18
159,32,19
159,33,18
159,34,20
159,35,24
159,36,26
159,37,25
159,38,28
159,39,32
159,40,36
159,41,38
159,42,38
159,43,38
159,44,41
159,45,44
159,46,44
159,47,41
159,48,42
159,49,46
159,50,48
159,51,47
159,52,47
159,53,50
159,54,52
159,55,51
159,56,56
159,57,48
159,58,57
159,59,54
159,60,55
159,61,74
159,62,96
159,63,97
159,64,99
159,65,101
159,66,102
159,67,116
159,68,117
159,69,121
159,70,163
159,71,155
159,72,134
159,73,153
159,74,153
159,75,149
159,76,151
159,77,152
159,78,156
159,79,153
159,80,145
159,81,144
159,82,134
159,83,120
159,84,125
159,85,135
159,86,135
159,87,135
159,88,140
159,89,137
159,90,137
159,91,136
159,92,129
159,93,133
159,94,142
159,95,138
159,96,132
159,97,136
159,98,136
159,99,130
159,100,130
159,101,128
159,102,123
159,103,129
159,104,120
159,105,121
159,106,119
159,107,103
159,108,95
159,109,93
159,110,84
159,111,83
159,112,87
159,113,84
159,114,85
159,115,85
159,116,83
159,117,85
159,118,87
159,119,84
159,120,82
159,121,80
159,122,80
159,123,85
159,124,85
159,125,87
159,126,79
159,127,85
159,128,79
159,129,53
159,130,34
159,131,26
159,132,25
159,133,25
159,134,24
159,135,26
159,136,24
159,137,23
159,138,23
159,139,23
159,140,25
159,141,25
159,142,23
159,143,21
159,144,21
159,145,24
159,146,33
159,147,39
159,148,46
159,149,53
160,0,108
160,1,117
160,2,111
160,3,116
160,4,113
160,5,108
160,6,116
160,7,106
160,8,94
160,9,95
160,10,88
160,11,77
160,12,61
160,13,62
160,14,60
160,15,55
160,16,52
160,17,50
160,18,49
160,19,46
160,20,44
160,21,43
160,22,38
160,23,33
160,24,29
160,25,28
160,26,25
160,27,20
160,28,16
160,29,15
160,30,16
160,31,18
160,32,17
160,33,21
160,34,21
160,35,22
160,36,26
160,37,27
160,38,28
160,39,32
160,40,31
160,41,37
160,42,39
160,43,37
160,44,40
160,45,45
160,46,48
160,47,49
160,48,46
160,49,47
160,50,49
160,51,52
160,52,52
160,53,53
160,54,55
160,55,57
160,56,57
160,57,55
160,58,55
160,59,55
160,60,56
160,61,64
160,62,82
160,63,98
160,64,98
160,65,100
160,66,103
160,67,109
160,68,113
160,69,117
160,70,126
160,71,163
160,72,147
160,73,154
160,74,157
160,75,148
160,76,153
160,77,146
160,78,155
160,79,153
160,80,150
160,81,149
160,82,130
160,83,106
160,84,118
160,85,141
160,86,140
160,87,140
160,88,139
160,89,140
160,90,138
160,91,135
160,92,137
160,93,140
160,94,137
160,95,132
160,96,133
160,97,134
160,98,134
160,99,133
160,100,133
160,101,128
160,102,123
160,103,122
160,104,109
160,105,111
160,106,106
160,107,97
160,108,96
160,109,99
160,110,98
160,111,95
160,112,84
160,113,81
160,114,78
160,115,78
160,116,80
160,117,82
160,118,82
160,119,81
160,120,81
160,121,86
160,122,90
160,123,90
160,124,88
160,125,85
160,126,83
160,127,82
160,128,84
160,129,87
160,130,71
160,131,47
160,132,35
160,133,28
160,134,24
160,135,26
160,136,22
160,137,26
160,138,27
160,139,26
160,140,25
160,141,24
160,142,23
160,143,23
160,144,21
160,145,27
160,146,34
160,147,40
160,148,45
160,149,49
161,0,96
161,1,100
161,2,107
161,3,113
161,4,114
161,5,111
161,6,108
161,7,108
161,8,103
161,9,99
161,10,93
161,11,84
161,12,66
161,13,63
161,14,61
161,15,57
161,16,55
161,17,52
161,18,50
161,19,48
161,20,46
161,21,42
161,22,37
161,23,34
161,24,32
161,25,29
161,26,25
161,27,20
161,28,16
161,29,15
161,30,17
161,31,19
161,32,20
161,33,20
161,34,21
161,35,23
161,36,24
161,37,28
161,38,33
161,39,36
161,40,35
161,41,39
161,42,41
161,43,40
161,44,44
161,45,48
161,46,50
161,47,50
161,48,56
161,49,55
161,50,55
161,51,56
161,52,56
161,53,56
161,54,57
161,55,58
161,56,58
161,57,57
161,58,58
161,59,59
161,60,60
161,61,64
161,62,74
161,63,84
161,64,95
161,65,96
161,66,104
161,67,110
161,68,110
161,69,114
161,70,121
161,71,144
161,72,164
161,73,154
161,74,155
161,75,148
161,76,146
161,77,149
161,78,149
161,79,146
161,80,152
161,81,148
161,82,132
161,83,103
161,84,107
161,85,142
161,86,150
161,87,137
161,88,135
161,89,136
161,90,135
161,91,134
161,92,139
161,93,142
161,94,139
161,95,134
161,96,135
161,97,136
161,98,132
161,99,126
161,100,122
161,101,120
161,102,119
161,103,120
161,104,111
161,105,105
161,106,99
161,107,100
161,108,102
161,109,99
161,110,93
161,111,90
161,112,79
161,113,78
161,114,79
161,115,84
161,116,88
161,117,88
161,118,87
161,119,88
161,120,95
161,121,93
161,122,94
161,123,96
161,124,95
161,125,90
161,126,87
161,127,87
161,128,90
161,129,86
161,130,93
161,131,89
161,132,56
161,133,27
161,134,24
161,135,30
161,136,27
161,137,24
161,138,27
161,139,28
161,140,24
161,141,27
161,142,29
161,143,23
161,144,23
161,145,27
161,146,34
161,147,42
161,148,49
161,149,53
162,0,58
162,1,73
162,2,86
162,3,84
162,4,96
162,5,109
162,6,103
162,7,104
162,8,106
162,9,99
162,10,95
162,11,89
162,12,70
162,13,61
162,14,59
162,15,58
162,16,56
162,17,53
162,18,54
162,19,53
162,20,47
162,21,46
162,22,46
162,23,38
162,24,35
162,25,32
162,26,27
162,27,22
162,28,19
162,29,18
162,30,18
162,31,18
162,32,21
162,33,19
162,34,21
162,35,23
162,36,22
162,37,27
162,38,32
162,39,33
162,40,36
162,41,38
162,42,40
162,43,42
162,44,46
162,45,50
162,46,51
162,47,52
162,48,59
162,49,57
162,50,57
162,51,58
162,52,60
162,53,61
162,54,61
162,55,62
162,56,63
162,57,61
162,58,59
162,59,60
162,60,61
162,61,62
162,62,68
162,63,74
162,64,87
162,65,95
162,66,106
162,67,111
162,68,110
162,69,114
162,70,115
162,71,124
162,72,166
162,73,163
162,74,155
162,75,150
162,76,146
162,77,149
162,78,145
162,79,143
162,80,144
162,81,143
162,82,138
162,83,119
162,84,119
162,85,147
162,86,150
162,87,130
162,88,127
162,89,130
162,90,131
162,91,136
162,92,145
162,93,147
162,94,140
162,95,133
162,96,131
162,97,135
162,98,133
162,99,127
162,100,124
162,101,122
162,102,119
162,103,117
162,104,122
162,105,118
162,106,108
162,107,101
162,108,102
162,109,101
162,110,93
162,111,84
162,112,80
162,113,88
162,114,92
162,115,92
162,116,94
162,117,93
162,118,91
162,119,90
162,120,97
162,121,98
162,122,101
162,123,103
162,124,101
162,125,97
162,126,96
162,127,99
162,128,93
162,129,93
162,130,94
162,131,98
162,132,89
162,133,56
162,134,29
162,135,28
162,136,29
162,137,26
162,138,24
162,139,25
162,140,24
162,141,23
162,142,23
162,143,24
162,144,26
162,145,29
162,146,35
162,147,44
162,148,52
162,149,56
163,0,50
163,1,58
163,2,63
163,3,62
163,4,74
163,5,84
163,6,89
163,7,107
163,8,106
163,9,101
163,10,98
163,11,94
163,12,81
163,13,68
163,14,61
163,15,59
163,16,61
163,17,55
163,18,52
163,19,53
163,20,50
163,21,47
163,22,48
163,23,44
163,24,37
163,25,34
163,26,30
163,27,27
163,28,24
163,29,21
163,30,19
163,31,17
163,32,18
163,33,18
163,34,20
163,35,23
163,36,24
163,37,27
163,38,30
163,39,31
163,40,34
163,41,37
163,42,40
163,43,44
163,44,49
163,45,50
163,46,52
163,47,56
163,48,57
163,49,58
163,50,59
163,51,61
163,52,63
163,53,64
163,54,66
163,55,67
163,56,66
163,57,63
163,58,61
163,59,61
163,60,61
163,61,62
163,62,66
163,63,71
163,64,81
163,65,96
163,66,104
163,67,103
163,68,106
163,69,111
163,70,113
163,71,118
163,72,138
163,73,169
163,74,156
163,75,146
163,76,144
163,77,137
163,78,140
163,79,140
163,80,140
163,81,141
163,82,145
163,83,144
163,84,147
163,85,152
163,86,144
163,87,133
163,88,137
163,89,137
163,90,132
163,91,135
163,92,143
163,93,144
163,94,138
163,95,131
163,96,136
163,97,134
163,98,130
163,99,126
163,100,127
163,101,127
163,102,124
163,103,123
163,104,129
163,105,132
163,106,122
163,107,107
163,108,104
163,109,106
163,110,102
163,111,96
163,112,95
163,113,101
163,114,101
163,115,99
163,116,100
163,117,99
163,118,94
163,119,92
163,120,88
163,121,94
163,122,100
163,123,102
163,124,102
163,125,103
163,126,105
163,127,107
163,128,100
163,129,99
163,130,96
163,131,96
163,132,95
163,133,81
163,134,57
163,135,40
163,136,29
163,137,31
163,138,28
163,139,25
163,140,26
163,141,27
163,142,26
163,143,26
163,144,28
163,145,31
163,146,38
163,147,47
163,148,53
163,149,56
164,0,47
164,1,50
164,2,56
164,3,56
164,4,61
164,5,63
164,6,74
164,7,107
164,8,112
164,9,106
164,10,101
164,11,99
164,12,97
164,13,86
164,14,76
164,15,70
164,16,72
164,17,81
164,18,71
164,19,59
164,20,56
164,21,53
164,22,51
164,23,47
164,24,41
164,25,38
164,26,34
164,27,31
164,28,28
164,29,25
164,30,21
164,31,18
164,32,16
164,33,18
164,34,20
164,35,22
164,36,27
164,37,30
164,38,31
164,39,34
164,40,34
164,41,38
164,42,43
164,43,47
164,44,50
164,45,50
164,46,53
164,47,59
164,48,59
164,49,62
164,50,65
164,51,66
164,52,65
164,53,65
164,54,66
164,55,67
164,56,64
164,57,64
164,58,64
164,59,65
164,60,64
164,61,63
164,62,66
164,63,69
164,64,75
164,65,91
164,66,100
164,67,100
164,68,102
164,69,107
164,70,114
164,71,115
164,72,117
164,73,160
164,74,168
164,75,145
164,76,134
164,77,131
164,78,138
164,79,139
164,80,142
164,81,140
164,82,141
164,83,144
164,84,147
164,85,143
164,86,136
164,87,136
164,88,139
164,89,140
164,90,135
164,91,137
164,92,143
164,93,140
164,94,137
164,95,135
164,96,140
164,97,136
164,98,129
164,99,126
164,100,127
164,101,127
164,102,127
164,103,129
164,104,129
164,105,132
164,106,126
164,107,115
164,108,108
164,109,103
164,110,102
164,111,105
164,112,108
164,113,102
164,114,98
164,115,103
164,116,108
164,117,104
164,118,100
164,119,102
164,120,95
164,121,98
164,122,99
164,123,100
164,124,100
164,125,101
164,126,102
164,127,102
164,128,102
164,129,98
164,130,98
164,131,94
164,132,85
164,133,84
164,134,82
164,135,74
164,136,46
164,137,30
164,138,24
164,139,27
164,140,26
164,141,25
164,142,27
164,143,26
164,144,28
164,145,33
164,146,42
164,147,49
164,148,54
164,149,55
165,0,69
165,1,62
165,2,63
165,3,61
165,4,76
165,5,90
165,6,87
165,7,99
165,8,125
165,9,113
165,10,104
165,11,103
165,12,111
165,13,109
165,14,103
165,15,98
165,16,89
165,17,101
165,18,103
165,19,89
165,20,67
165,21,55
165,22,55
165,23,47
165,24,46
165,25,42
165,26,37
165,27,33
165,28,30
165,29,27
165,30,24
165,31,22
165,32,18
165,33,20
165,34,19
165,35,20
165,36,26
165,37,29
165,38,30
165,39,34
165,40,34
165,41,39
165,42,43
165,43,47
165,44,49
165,45,48
165,46,51
165,47,58
165,48,60
165,49,64
165,50,67
165,51,67
165,52,65
165,53,65
165,54,65
165,55,66
165,56,63
165,57,64
165,58,66
165,59,68
165,60,67
165,61,65
165,62,66
165,63,69
165,64,74
165,65,84
165,66,98
165,67,102
165,68,100
165,69,104
165,70,118
165,71,115
165,72,116
165,73,136
165,74,173
165,75,151
165,76,128
165,77,136
165,78,137
165,79,140
165,80,147
165,81,145
165,82,143
165,83,141
165,84,139
165,85,140
165,86,138
165,87,137
165,88,128
165,89,134
165,90,133
165,91,138
165,92,143
165,93,137
165,94,137
165,95,139
165,96,137
165,97,135
165,98,133
165,99,133
165,100,132
165,101,129
165,102,128
165,103,132
165,104,135
165,105,133
165,106,126
165,107,120
165,108,115
165,109,105
165,110,102
165,111,108
165,112,109
165,113,104
165,114,103
165,115,108
165,116,110
165,117,109
165,118,111
165,119,115
165,120,111
165,121,109
165,122,107
165,123,106
165,124,103
165,125,99
165,126,101
165,127,106
165,128,104
165,129,103
165,130,95
165,131,86
165,132,82
165,133,82
165,134,85
165,135,91
165,136,81
165,137,56
165,138,36
165,139,31
165,140,28
165,141,25
165,142,26
165,143,28
165,144,29
165,145,36
165,146,45
165,147,51
165,148,55
165,149,58
166,0,102
166,1,97
166,2,99
166,3,96
166,4,96
166,5,101
166,6,106
166,7,119
166,8,135
166,9,119
166,10,114
166,11,114
166,12,117
166,13,114
166,14,114
166,15,109
166,16,103
166,17,97
166,18,102
166,19,108
166,20,84
166,21,56
166,22,53
166,23,50
166,24,48
166,25,45
166,26,40
166,27,36
166,28,32
166,29,29
166,30,26
166,31,24
166,32,22
166,33,21
166,34,20
166,35,21
166,36,24
166,37,28
166,38,30
166,39,32
166,40,34
166,41,38
166,42,42
166,43,46
166,44,47
166,45,47
166,46,50
166,47,56
166,48,58
166,49,61
166,50,64
166,51,65
166,52,64
166,53,64
166,54,65
166,55,65
166,56,63
166,57,64
166,58,66
166,59,67
166,60,67
166,61,67
166,62,68
166,63,70
166,64,77
166,65,81
166,66,93
166,67,101
166,68,99
166,69,102
166,70,122
166,71,121
166,72,114
166,73,113
166,74,156
166,75,161
166,76,138
166,77,141
166,78,135
166,79,140
166,80,145
166,81,145
166,82,143
166,83,139
166,84,138
166,85,140
166,86,138
166,87,132
166,88,131
166,89,134
166,90,129
166,91,134
166,92,139
166,93,134
166,94,137
166,95,141
166,96,137
166,97,137
166,98,135
166,99,134
166,100,133
166,101,132
166,102,132
166,103,136
166,104,136
166,105,134
166,106,128
166,107,128
166,108,130
166,109,121
166,110,114
166,111,117
166,112,111
166,113,112
166,114,116
166,115,118
166,116,115
166,117,116
166,118,120
166,119,119
166,120,114
166,121,113
166,122,113
166,123,112
166,124,108
166,125,106
166,126,112
166,127,120
166,128,112
166,129,109
166,130,103
166,131,92
166,132,83
166,133,84
166,134,87
166,135,85
166,136,83
166,137,81
166,138,63
166,139,39
166,140,28
166,141,27
166,142,25
166,143,22
166,144,33
166,145,40
166,146,48
166,147,53
166,148,58
166,149,63
167,0,74
167,1,81
167,2,86
167,3,92
167,4,83
167,5,76
167,6,90
167,7,101
167,8,106
167,9,96
167,10,107
167,11,117
167,12,118
167,13,114
167,14,119
167,15,115
167,16,109
167,17,99
167,18,86
167,19,95
167,20,96
167,21,75
167,22,59
167,23,53
167,24,48
167,25,46
167,26,43
167,27,39
167,28,35
167,29,31
167,30,27
167,31,25
167,32,24
167,33,21
167,34,22
167,35,24
167,36,25
167,37,30
167,38,34
167,39,33
167,40,35
167,41,39
167,42,42
167,43,45
167,44,48
167,45,50
167,46,52
167,47,57
167,48,59
167,49,61
167,50,63
167,51,63
167,52,64
167,53,65
167,54,66
167,55,65
167,56,61
167,57,62
167,58,64
167,59,67
167,60,68
167,61,68
167,62,69
167,63,69
167,64,69
167,65,76
167,66,89
167,67,103
167,68,107
167,69,102
167,70,117
167,71,118
167,72,107
167,73,107
167,74,135
167,75,173
167,76,159
167,77,144
167,78,137
167,79,144
167,80,147
167,81,147
167,82,141
167,83,140
167,84,143
167,85,142
167,86,139
167,87,136
167,88,135
167,89,135
167,90,127
167,91,135
167,92,145
167,93,140
167,94,140
167,95,141
167,96,137
167,97,137
167,98,135
167,99,133
167,100,133
167,101,133
167,102,132
167,103,133
167,104,131
167,105,128
167,106,126
167,107,135
167,108,141
167,109,128
167,110,116
167,111,118
167,112,121
167,113,117
167,114,122
167,115,127
167,116,126
167,117,124
167,118,124
167,119,120
167,120,116
167,121,117
167,122,115
167,123,112
167,124,110
167,125,112
167,126,115
167,127,118
167,128,112
167,129,107
167,130,102
167,131,96
167,132,91
167,133,92
167,134,89
167,135,82
167,136,70
167,137,77
167,138,82
167,139,67
167,140,41
167,141,26
167,142,26
167,143,26
167,144,38
167,145,45
167,146,51
167,147,55
167,148,61
167,149,68
168,0,61
168,1,70
168,2,63
168,3,67
168,4,71
168,5,84
168,6,103
168,7,83
168,8,54
168,9,79
168,10,109
168,11,125
168,12,122
168,13,117
168,14,125
168,15,122
168,16,107
168,17,96
168,18,82
168,19,77
168,20,86
168,21,92
168,22,65
168,23,55
168,24,48
168,25,49
168,26,45
168,27,43
168,28,37
168,29,33
168,30,32
168,31,23
168,32,23
168,33,28
168,34,27
168,35,23
168,36,23
168,37,26
168,38,29
168,39,32
168,40,34
168,41,39
168,42,42
168,43,43
168,44,44
168,45,48
168,46,51
168,47,52
168,48,56
168,49,59
168,50,62
168,51,64
168,52,65
168,53,64
168,54,63
168,55,62
168,56,57
168,57,60
168,58,66
168,59,68
168,60,66
168,61,68
168,62,69
168,63,67
168,64,71
168,65,72
168,66,82
168,67,95
168,68,100
168,69,102
168,70,106
168,71,109
168,72,112
168,73,117
168,74,119
168,75,150
168,76,170
168,77,151
168,78,145
168,79,144
168,80,144
168,81,149
168,82,140
168,83,139
168,84,146
168,85,139
168,86,132
168,87,135
168,88,130
168,89,141
168,90,133
168,91,142
168,92,148
168,93,143
168,94,144
168,95,150
168,96,142
168,97,140
168,98,133
168,99,131
168,100,135
168,101,139
168,102,140
168,103,136
168,104,128
168,105,129
168,106,131
168,107,134
168,108,130
168,109,118
168,110,113
168,111,117
168,112,116
168,113,118
168,114,122
168,115,118
168,116,115
168,117,124
168,118,128
168,119,124
168,120,117
168,121,119
168,122,120
168,123,116
168,124,112
168,125,115
168,126,119
168,127,117
168,128,106
168,129,109
168,130,96
168,131,101
168,132,96
168,133,87
168,134,86
168,135,80
168,136,70
168,137,74
168,138,73
168,139,77
168,140,64
168,141,42
168,142,25
168,143,31
168,144,36
168,145,49
168,146,59
168,147,62
168,148,64
168,149,65
169,0,74
169,1,75
169,2,68
169,3,74
169,4,74
169,5,82
169,6,101
169,7,91
169,8,64
169,9,88
169,10,108
169,11,118
169,12,130
169,13,118
169,14,116
169,15,106
169,16,97
169,17,87
169,18,78
169,19,79
169,20,71
169,21,82
169,22,85
169,23,61
169,24,53
169,25,50
169,26,46
169,27,42
169,28,41
169,29,40
169,30,36
169,31,34
169,32,31
169,33,32
169,34,28
169,35,24
169,36,26
169,37,29
169,38,29
169,39,30
169,40,34
169,41,37
169,42,38
169,43,37
169,44,39
169,45,44
169,46,49
169,47,51
169,48,54
169,49,56
169,50,60
169,51,62
169,52,62
169,53,61
169,54,61
169,55,61
169,56,62
169,57,64
169,58,66
169,59,66
169,60,64
169,61,66
169,62,68
169,63,67
169,64,70
169,65,71
169,66,77
169,67,89
169,68,99
169,69,103
169,70,104
169,71,106
169,72,112
169,73,113
169,74,118
169,75,122
169,76,162
169,77,170
169,78,145
169,79,145
169,80,149
169,81,147
169,82,141
169,83,142
169,84,142
169,85,135
169,86,135
169,87,139
169,88,139
169,89,141
169,90,132
169,91,144
169,92,151
169,93,146
169,94,147
169,95,151
169,96,147
169,97,144
169,98,137
169,99,136
169,100,138
169,101,138
169,102,139
169,103,135
169,104,134
169,105,136
169,106,136
169,107,131
169,108,124
169,109,115
169,110,112
169,111,116
169,112,119
169,113,124
169,114,123
169,115,120
169,116,133
169,117,132
169,118,118
169,119,125
169,120,119
169,121,117
169,122,118
169,123,121
169,124,120
169,125,120
169,126,121
169,127,121
169,128,110
169,129,106
169,130,102
169,131,102
169,132,100
169,133,96
169,134,83
169,135,82
169,136,85
169,137,75
169,138,64
169,139,72
169,140,73
169,141,55
169,142,33
169,143,33
169,144,44
169,145,52
169,146,59
169,147,63
169,148,68
169,149,69
170,0,78
170,1,85
170,2,77
170,3,78
170,4,78
170,5,74
170,6,89
170,7,103
170,8,96
170,9,106
170,10,95
170,11,110
170,12,113
170,13,102
170,14,93
170,15,99
170,16,91
170,17,82
170,18,74
170,19,82
170,20,74
170,21,72
170,22,86
170,23,84
170,24,60
170,25,51
170,26,48
170,27,41
170,28,38
170,29,40
170,30,37
170,31,37
170,32,35
170,33,33
170,34,29
170,35,28
170,36,29
170,37,30
170,38,29
170,39,29
170,40,32
170,41,35
170,42,36
170,43,36
170,44,38
170,45,42
170,46,46
170,47,47
170,48,52
170,49,54
170,50,57
170,51,59
170,52,59
170,53,59
170,54,59
170,55,60
170,56,63
170,57,65
170,58,64
170,59,63
170,60,63
170,61,64
170,62,65
170,63,66
170,64,67
170,65,69
170,66,71
170,67,79
170,68,94
170,69,102
170,70,102
170,71,102
170,72,104
170,73,112
170,74,118
170,75,114
170,76,133
170,77,169
170,78,151
170,79,145
170,80,148
170,81,146
170,82,140
170,83,138
170,84,135
170,85,130
170,86,133
170,87,137
170,88,143
170,89,139
170,90,131
170,91,145
170,92,147
170,93,142
170,94,147
170,95,153
170,96,150
170,97,148
170,98,143
170,99,141
170,100,139
170,101,140
170,102,141
170,103,136
170,104,126
170,105,131
170,106,131
170,107,124
170,108,116
170,109,112
170,110,114
170,111,119
170,112,119
170,113,123
170,114,129
170,115,134
170,116,137
170,117,104
170,118,78
170,119,111
170,120,118
170,121,114
170,122,114
170,123,121
170,124,125
170,125,126
170,126,122
170,127,117
170,128,114
170,129,111
170,130,102
170,131,102
170,132,108
170,133,108
170,134,90
170,135,80
170,136,81
170,137,76
170,138,70
170,139,68
170,140,67
170,141,71
170,142,60
170,143,41
170,144,44
170,145,55
170,146,61
170,147,62
170,148,66
170,149,71
171,0,82
171,1,89
171,2,86
171,3,87
171,4,91
171,5,79
171,6,75
171,7,86
171,8,109
171,9,123
171,10,110
171,11,106
171,12,106
171,13,101
171,14,104
171,15,107
171,16,90
171,17,87
171,18,80
171,19,80
171,20,80
171,21,69
171,22,68
171,23,90
171,24,75
171,25,55
171,26,46
171,27,45
171,28,42
171,29,40
171,30,39
171,31,38
171,32,33
171,33,32
171,34,32
171,35,34
171,36,34
171,37,32
171,38,31
171,39,32
171,40,33
171,41,35
171,42,37
171,43,38
171,44,40
171,45,43
171,46,45
171,47,45
171,48,49
171,49,51
171,50,54
171,51,55
171,52,56
171,53,56
171,54,57
171,55,58
171,56,60
171,57,62
171,58,61
171,59,61
171,60,63
171,61,63
171,62,61
171,63,62
171,64,64
171,65,65
171,66,65
171,67,72
171,68,87
171,69,99
171,70,100
171,71,99
171,72,100
171,73,106
171,74,109
171,75,117
171,76,113
171,77,149
171,78,166
171,79,142
171,80,141
171,81,145
171,82,141
171,83,135
171,84,135
171,85,134
171,86,134
171,87,137
171,88,144
171,89,144
171,90,137
171,91,145
171,92,147
171,93,148
171,94,152
171,95,153
171,96,144
171,97,143
171,98,143
171,99,142
171,100,137
171,101,136
171,102,138
171,103,129
171,104,127
171,105,129
171,106,126
171,107,117
171,108,108
171,109,106
171,110,111
171,111,116
171,112,127
171,113,125
171,114,126
171,115,127
171,116,126
171,117,108
171,118,96
171,119,116
171,120,115
171,121,110
171,122,112
171,123,119
171,124,122
171,125,119
171,126,115
171,127,113
171,128,111
171,129,110
171,130,99
171,131,96
171,132,108
171,133,115
171,134,92
171,135,72
171,136,77
171,137,71
171,138,69
171,139,63
171,140,57
171,141,67
171,142,74
171,143,67
171,144,52
171,145,58
171,146,62
171,147,64
171,148,67
171,149,72
172,0,90
172,1,91
172,2,94
172,3,98
172,4,97
172,5,91
172,6,82
172,7,77
172,8,84
172,9,105
172,10,99
172,11,98
172,12,104
172,13,108
172,14,109
172,15,104
172,16,97
172,17,99
172,18,96
172,19,82
172,20,78
172,21,74
172,22,65
172,23,73
172,24,88
172,25,67
172,26,47
172,27,46
172,28,48
172,29,43
172,30,40
172,31,38
172,32,34
172,33,33
172,34,34
172,35,37
172,36,37
172,37,36
172,38,35
172,39,35
172,40,36
172,41,38
172,42,38
172,43,39
172,44,41
172,45,44
172,46,46
172,47,47
172,48,47
172,49,48
172,50,51
172,51,52
172,52,53
172,53,54
172,54,55
172,55,56
172,56,56
172,57,58
172,58,57
172,59,58
172,60,61
172,61,60
172,62,59
172,63,60
172,64,62
172,65,61
172,66,63
172,67,68
172,68,78
172,69,91
172,70,98
172,71,97
172,72,98
172,73,99
172,74,106
172,75,112
172,76,112
172,77,125
172,78,170
172,79,157
172,80,145
172,81,145
172,82,143
172,83,139
172,84,138
172,85,137
172,86,133
172,87,132
172,88,139
172,89,142
172,90,134
172,91,139
172,92,144
172,93,145
172,94,139
172,95,130
172,96,120
172,97,118
172,98,126
172,99,138
172,100,136
172,101,132
172,102,131
172,103,122
172,104,125
172,105,123
172,106,119
172,107,114
172,108,110
172,109,111
172,110,119
172,111,125
172,112,121
172,113,117
172,114,117
172,115,122
172,116,127
172,117,133
172,118,132
172,119,122
172,120,111
172,121,108
172,122,110
172,123,114
172,124,113
172,125,106
172,126,107
172,127,114
172,128,109
172,129,106
172,130,106
172,131,97
172,132,104
172,133,114
172,134,86
172,135,73
172,136,72
172,137,67
172,138,59
172,139,57
172,140,60
172,141,60
172,142,65
172,143,74
172,144,73
172,145,67
172,146,64
172,147,67
172,148,72
172,149,73
173,0,99
173,1,100
173,2,101
173,3,99
173,4,99
173,5,99
173,6,92
173,7,83
173,8,91
173,9,101
173,10,89
173,11,91
173,12,85
173,13,83
173,14,87
173,15,104
173,16,104
173,17,102
173,18,100
173,19,92
173,20,86
173,21,78
173,22,72
173,23,66
173,24,82
173,25,86
173,26,66
173,27,49
173,28,47
173,29,46
173,30,43
173,31,39
173,32,38
173,33,34
173,34,33
173,35,36
173,36,37
173,37,37
173,38,37
173,39,35
173,40,37
173,41,38
173,42,40
173,43,41
173,44,43
173,45,45
173,46,46
173,47,45
173,48,47
173,49,49
173,50,51
173,51,52
173,52,54
173,53,55
173,54,57
173,55,58
173,56,56
173,57,56
173,58,55
173,59,56
173,60,58
173,61,58
173,62,58
173,63,60
173,64,61
173,65,59
173,66,62
173,67,66
173,68,71
173,69,82
173,70,92
173,71,95
173,72,93
173,73,103
173,74,109
173,75,107
173,76,113
173,77,114
173,78,146
173,79,176
173,80,155
173,81,144
173,82,144
173,83,145
173,84,139
173,85,137
173,86,135
173,87,130
173,88,138
173,89,135
173,90,130
173,91,141
173,92,140
173,93,126
173,94,108
173,95,101
173,96,95
173,97,92
173,98,102
173,99,128
173,100,139
173,101,129
173,102,123
173,103,121
173,104,125
173,105,122
173,106,120
173,107,119
173,108,116
173,109,116
173,110,120
173,111,123
173,112,122
173,113,116
173,114,115
173,115,121
173,116,120
173,117,120
173,118,125
173,119,116
173,120,106
173,121,109
173,122,107
173,123,103
173,124,104
173,125,107
173,126,107
173,127,107
173,128,98
173,129,98
173,130,97
173,131,94
173,132,91
173,133,89
173,134,74
173,135,69
173,136,63
173,137,62
173,138,60
173,139,57
173,140,62
173,141,62
173,142,63
173,143,62
173,144,79
173,145,76
173,146,72
173,147,69
173,148,70
173,149,75
174,0,107
174,1,109
174,2,104
174,3,103
174,4,109
174,5,106
174,6,94
174,7,83
174,8,88
174,9,94
174,10,93
174,11,68
174,12,54
174,13,52
174,14,80
174,15,102
174,16,101
174,17,97
174,18,96
174,19,97
174,20,96
174,21,81
174,22,73
174,23,66
174,24,70
174,25,89
174,26,86
174,27,62
174,28,50
174,29,50
174,30,48
174,31,45
174,32,41
174,33,38
174,34,37
174,35,38
174,36,38
174,37,38
174,38,39
174,39,36
174,40,37
174,41,38
174,42,40
174,43,43
174,44,45
174,45,45
174,46,45
174,47,44
174,48,47
174,49,49
174,50,51
174,51,53
174,52,54
174,53,56
174,54,57
174,55,59
174,56,57
174,57,55
174,58,55
174,59,57
174,60,56
174,61,57
174,62,60
174,63,62
174,64,62
174,65,60
174,66,62
174,67,65
174,68,67
174,69,73
174,70,83
174,71,92
174,72,94
174,73,105
174,74,105
174,75,106
174,76,112
174,77,115
174,78,119
174,79,161
174,80,162
174,81,145
174,82,145
174,83,147
174,84,142
174,85,144
174,86,145
174,87,142
174,88,145
174,89,139
174,90,140
174,91,153
174,92,145
174,93,123
174,94,101
174,95,91
174,96,85
174,97,81
174,98,81
174,99,108
174,100,134
174,101,128
174,102,118
174,103,124
174,104,126
174,105,124
174,106,123
174,107,123
174,108,119
174,109,117
174,110,117
174,111,116
174,112,112
174,113,111
174,114,114
174,115,118
174,116,118
174,117,118
174,118,120
174,119,117
174,120,105
174,121,110
174,122,109
174,123,104
174,124,108
174,125,114
174,126,111
174,127,103
174,128,97
174,129,95
174,130,82
174,131,86
174,132,80
174,133,73
174,134,75
174,135,69
174,136,65
174,137,62
174,138,67
174,139,65
174,140,64
174,141,63
174,142,69
174,143,67
174,144,70
174,145,76
174,146,79
174,147,74
174,148,71
174,149,76
175,0,104
175,1,106
175,2,109
175,3,112
175,4,110
175,5,107
175,6,103
175,7,93
175,8,93
175,9,95
175,10,96
175,11,73
175,12,53
175,13,67
175,14,91
175,15,95
175,16,96
175,17,100
175,18,104
175,19,97
175,20,98
175,21,91
175,22,79
175,23,61
175,24,61
175,25,71
175,26,84
175,27,75
175,28,58
175,29,51
175,30,48
175,31,49
175,32,42
175,33,42
175,34,44
175,35,44
175,36,41
175,37,41
175,38,42
175,39,40
175,40,40
175,41,39
175,42,39
175,43,40
175,44,42
175,45,44
175,46,45
175,47,46
175,48,45
175,49,47
175,50,49
175,51,51
175,52,53
175,53,54
175,54,56
175,55,57
175,56,57
175,57,54
175,58,56
175,59,58
175,60,57
175,61,59
175,62,62
175,63,63
175,64,63
175,65,63
175,66,61
175,67,63
175,68,66
175,69,68
175,70,77
175,71,90
175,72,92
175,73,98
175,74,104
175,75,109
175,76,112
175,77,110
175,78,112
175,79,134
175,80,166
175,81,152
175,82,146
175,83,142
175,84,139
175,85,144
175,86,145
175,87,145
175,88,144
175,89,143
175,90,145
175,91,151
175,92,144
175,93,135
175,94,113
175,95,87
175,96,76
175,97,75
175,98,63
175,99,85
175,100,126
175,101,130
175,102,121
175,103,133
175,104,131
175,105,128
175,106,125
175,107,121
175,108,116
175,109,116
175,110,117
175,111,115
175,112,113
175,113,111
175,114,115
175,115,117
175,116,116
175,117,113
175,118,108
175,119,110
175,120,107
175,121,111
175,122,115
175,123,118
175,124,120
175,125,116
175,126,111
175,127,110
175,128,103
175,129,90
175,130,73
175,131,73
175,132,71
175,133,75
175,134,77
175,135,71
175,136,65
175,137,71
175,138,77
175,139,72
175,140,71
175,141,69
175,142,73
175,143,73
175,144,69
175,145,70
175,146,77
175,147,83
175,148,81
175,149,77
176,0,98
176,1,110
176,2,110
176,3,114
176,4,110
176,5,111
176,6,112
176,7,115
176,8,111
176,9,106
176,10,93
176,11,99
176,12,90
176,13,81
176,14,82
176,15,82
176,16,89
176,17,99
176,18,103
176,19,95
176,20,90
176,21,93
176,22,82
176,23,61
176,24,61
176,25,60
176,26,64
176,27,81
176,28,79
176,29,58
176,30,50
176,31,47
176,32,44
176,33,43
176,34,45
176,35,47
176,36,47
176,37,44
176,38,42
176,39,41
176,40,38
176,41,41
176,42,41
176,43,39
176,44,38
176,45,39
176,46,41
176,47,46
176,48,43
176,49,45
176,50,47
176,51,49
176,52,52
176,53,54
176,54,55
176,55,55
176,56,51
176,57,54
176,58,56
176,59,55
176,60,56
176,61,60
176,62,61
176,63,60
176,64,58
176,65,66
176,66,66
176,67,63
176,68,66
176,69,70
176,70,75
176,71,84
176,72,90
176,73,96
176,74,104
176,75,112
176,76,107
176,77,105
176,78,117
176,79,116
176,80,150
176,81,165
176,82,144
176,83,136
176,84,134
176,85,133
176,86,134
176,87,135
176,88,138
176,89,142
176,90,138
176,91,140
176,92,137
176,93,139
176,94,139
176,95,117
176,96,76
176,97,74
176,98,71
176,99,104
176,100,136
176,101,130
176,102,125
176,103,129
176,104,128
176,105,136
176,106,127
176,107,117
176,108,116
176,109,117
176,110,117
176,111,111
176,112,114
176,113,117
176,114,121
176,115,127
176,116,123
176,117,105
176,118,95
176,119,101
176,120,110
176,121,119
176,122,132
176,123,129
176,124,124
176,125,120
176,126,119
176,127,109
176,128,88
176,129,84
176,130,72
176,131,72
176,132,78
176,133,82
176,134,83
176,135,70
176,136,55
176,137,77
176,138,84
176,139,75
176,140,72
176,141,73
176,142,70
176,143,68
176,144,71
176,145,68
176,146,70
176,147,77
176,148,81
176,149,80
177,0,106
177,1,103
177,2,107
177,3,105
177,4,93
177,5,85
177,6,89
177,7,118
177,8,120
177,9,105
177,10,93
177,11,86
177,12,78
177,13,73
177,14,62
177,15,64
177,16,82
177,17,90
177,18,95
177,19,94
177,20,92
177,21,88
177,22,79
177,23,69
177,24,70
177,25,62
177,26,57
177,27,64
177,28,82
177,29,82
177,30,59
177,31,47
177,32,49
177,33,49
177,34,48
177,35,47
177,36,47
177,37,48
177,38,47
177,39,46
177,40,44
177,41,45
177,42,44
177,43,43
177,44,41
177,45,37
177,46,37
177,47,41
177,48,42
177,49,44
177,50,46
177,51,50
177,52,52
177,53,52
177,54,52
177,55,52
177,56,52
177,57,51
177,58,51
177,59,54
177,60,58
177,61,59
177,62,59
177,63,58
177,64,58
177,65,64
177,66,64
177,67,63
177,68,67
177,69,69
177,70,73
177,71,82
177,72,91
177,73,96
177,74,109
177,75,119
177,76,116
177,77,111
177,78,112
177,79,115
177,80,129
177,81,162
177,82,150
177,83,127
177,84,131
177,85,136
177,86,135
177,87,127
177,88,138
177,89,142
177,90,139
177,91,135
177,92,139
177,93,142
177,94,139
177,95,136
177,96,111
177,97,77
177,98,100
177,99,140
177,100,138
177,101,125
177,102,124
177,103,130
177,104,131
177,105,139
177,106,131
177,107,122
177,108,123
177,109,123
177,110,119
177,111,114
177,112,120
177,113,127
177,114,134
177,115,139
177,116,135
177,117,121
177,118,112
177,119,114
177,120,120
177,121,121
177,122,129
177,123,129
177,124,125
177,125,115
177,126,107
177,127,94
177,128,80
177,129,78
177,130,71
177,131,74
177,132,82
177,133,85
177,134,84
177,135,76
177,136,74
177,137,91
177,138,88
177,139,71
177,140,66
177,141,71
177,142,72
177,143,71
177,144,75
177,145,72
177,146,71
177,147,74
177,148,77
177,149,78
178,0,100
178,1,98
178,2,105
178,3,88
178,4,54
178,5,33
178,6,60
178,7,114
178,8,107
178,9,103
178,10,100
178,11,86
178,12,71
178,13,61
178,14,46
178,15,53
178,16,68
178,17,82
178,18,92
178,19,93
178,20,93
178,21,91
178,22,84
178,23,75
178,24,63
178,25,61
178,26,59
178,27,62
178,28,68
178,29,79
178,30,83
178,31,70
178,32,50
178,33,50
178,34,49
178,35,49
178,36,50
178,37,51
178,38,52
178,39,52
178,40,47
178,41,46
178,42,46
178,43,46
178,44,44
178,45,38
178,46,35
178,47,38
178,48,40
178,49,41
178,50,44
178,51,48
178,52,49
178,53,47
178,54,46
178,55,47
178,56,50
178,57,50
178,58,51
178,59,54
178,60,55
178,61,56
178,62,56
178,63,58
178,64,56
178,65,61
178,66,61
178,67,62
178,68,68
178,69,70
178,70,73
178,71,80
178,72,86
178,73,95
178,74,112
178,75,132
178,76,131
178,77,111
178,78,105
178,79,112
178,80,109
178,81,148
178,82,161
178,83,133
178,84,134
178,85,142
178,86,136
178,87,119
178,88,119
178,89,134
178,90,138
178,91,130
178,92,139
178,93,144
178,94,133
178,95,138
178,96,135
178,97,114
178,98,137
178,99,149
178,100,133
178,101,133
178,102,137
178,103,134
178,104,138
178,105,133
178,106,126
178,107,127
178,108,126
178,109,118
178,110,119
178,111,126
178,112,130
178,113,139
178,114,143
178,115,140
178,116,135
178,117,128
178,118,124
178,119,126
178,120,118
178,121,115
178,122,118
178,123,118
178,124,119
178,125,112
178,126,101
178,127,86
178,128,80
178,129,77
178,130,72
178,131,75
178,132,81
178,133,81
178,134,79
178,135,79
178,136,92
178,137,98
178,138,88
178,139,70
178,140,67
178,141,73
178,142,76
178,143,78
178,144,80
178,145,78
178,146,75
178,147,73
178,148,75
178,149,77
179,0,103
179,1,100
179,2,104
179,3,91
179,4,52
179,5,28
179,6,70
179,7,107
179,8,97
179,9,103
179,10,100
179,11,95
179,12,84
179,13,68
179,14,54
179,15,51
179,16,64
179,17,78
179,18,88
179,19,87
179,20,87
179,21,92
179,22,88
179,23,77
179,24,62
179,25,70
179,26,64
179,27,62
179,28,63
179,29,66
179,30,81
179,31,82
179,32,64
179,33,58
179,34,53
179,35,53
179,36,54
179,37,53
179,38,52
179,39,52
179,40,50
179,41,50
179,42,49
179,43,48
179,44,47
179,45,42
179,46,38
179,47,38
179,48,38
179,49,38
179,50,41
179,51,45
179,52,46
179,53,44
179,54,44
179,55,46
179,56,49
179,57,52
179,58,54
179,59,53
179,60,53
179,61,55
179,62,56
179,63,55
179,64,54
179,65,57
179,66,58
179,67,62
179,68,68
179,69,71
179,70,73
179,71,79
179,72,84
179,73,96
179,74,108
179,75,142
179,76,148
179,77,116
179,78,106
179,79,112
179,80,111
179,81,128
179,82,162
179,83,149
179,84,136
179,85,145
179,86,140
179,87,126
179,88,113
179,89,142
179,90,151
179,91,133
179,92,134
179,93,143
179,94,136
179,95,137
179,96,144
179,97,137
179,98,131
179,99,128
179,100,125
179,101,133
179,102,142
179,103,140
179,104,131
179,105,129
179,106,129
179,107,129
179,108,125
179,109,122
179,110,125
179,111,127
179,112,136
179,113,144
179,114,144
179,115,134
179,116,127
179,117,122
179,118,117
179,119,115
179,120,117
179,121,116
179,122,115
179,123,110
179,124,112
179,125,112
179,126,103
179,127,85
179,128,75
179,129,77
179,130,77
179,131,78
179,132,82
179,133,84
179,134,84
179,135,89
179,136,97
179,137,92
179,138,81
179,139,75
179,140,75
179,141,75
179,142,76
179,143,80
179,144,80
179,145,78
179,146,76
179,147,75
179,148,75
179,149,76
180,0,106
180,1,103
180,2,108
180,3,100
180,4,53
180,5,31
180,6,80
180,7,102
180,8,99
180,9,106
180,10,101
180,11,101
180,12,98
180,13,82
180,14,70
180,15,59
180,16,60
180,17,74
180,18,81
180,19,84
180,20,91
180,21,95
180,22,89
180,23,82
180,24,71
180,25,68
180,26,66
180,27,60
180,28,59
180,29,60
180,30,61
180,31,66
180,32,75
180,33,69
180,34,63
180,35,61
180,36,61
180,37,61
180,38,58
180,39,56
180,40,58
180,41,60
180,42,57
180,43,53
180,44,51
180,45,48
180,46,43
180,47,41
180,48,37
180,49,37
180,50,39
180,51,43
180,52,45
180,53,44
180,54,47
180,55,51
180,56,52
180,57,52
180,58,52
180,59,53
180,60,56
180,61,59
180,62,58
180,63,55
180,64,55
180,65,57
180,66,59
180,67,63
180,68,69
180,69,71
180,70,73
180,71,78
180,72,83
180,73,92
180,74,99
180,75,130
180,76,142
180,77,118
180,78,107
180,79,109
180,80,111
180,81,113
180,82,150
180,83,168
180,84,149
180,85,148
180,86,144
180,87,133
180,88,116
180,89,152
180,90,156
180,91,132
180,92,129
180,93,135
180,94,130
180,95,127
180,96,134
180,97,133
180,98,128
180,99,131
180,100,129
180,101,130
180,102,140
180,103,139
180,104,129
180,105,132
180,106,131
180,107,129
180,108,130
180,109,131
180,110,131
180,111,133
180,112,143
180,113,142
180,114,133
180,115,122
180,116,118
180,117,119
180,118,116
180,119,112
180,120,114
180,121,114
180,122,114
180,123,109
180,124,112
180,125,111
180,126,99
180,127,81
180,128,71
180,129,80
180,130,87
180,131,88
180,132,91
180,133,94
180,134,95
180,135,99
180,136,96
180,137,89
180,138,81
180,139,80
180,140,81
180,141,76
180,142,73
180,143,79
180,144,76
180,145,75
180,146,76
180,147,78
180,148,78
180,149,76
181,0,106
181,1,104
181,2,109
181,3,88
181,4,39
181,5,32
181,6,80
181,7,99
181,8,98
181,9,103
181,10,106
181,11,103
181,12,101
181,13,88
181,14,77
181,15,71
181,16,61
181,17,74
181,18,73
181,19,72
181,20,86
181,21,90
181,22,83
181,23,82
181,24,80
181,25,74
181,26,68
181,27,63
181,28,57
181,29,56
181,30,58
181,31,56
181,32,65
181,33,73
181,34,78
181,35,76
181,36,71
181,37,68
181,38,67
181,39,65
181,40,65
181,41,67
181,42,64
181,43,59
181,44,57
181,45,56
181,46,52
181,47,48
181,48,45
181,49,45
181,50,45
181,51,46
181,52,46
181,53,46
181,54,49
181,55,53
181,56,56
181,57,54
181,58,55
181,59,60
181,60,62
181,61,61
181,62,61
181,63,63
181,64,62
181,65,64
181,66,65
181,67,67
181,68,70
181,69,71
181,70,73
181,71,78
181,72,80
181,73,87
181,74,97
181,75,107
181,76,115
181,77,110
181,78,103
181,79,109
181,80,110
181,81,111
181,82,126
181,83,160
181,84,156
181,85,148
181,86,149
181,87,143
181,88,140
181,89,158
181,90,142
181,91,122
181,92,129
181,93,137
181,94,136
181,95,135
181,96,131
181,97,139
181,98,146
181,99,143
181,100,139
181,101,143
181,102,146
181,103,138
181,104,135
181,105,136
181,106,129
181,107,126
181,108,135
181,109,136
181,110,133
181,111,143
181,112,142
181,113,135
181,114,128
181,115,125
181,116,127
181,117,126
181,118,120
181,119,113
181,120,112
181,121,108
181,122,109
181,123,112
181,124,115
181,125,104
181,126,90
181,127,76
181,128,77
181,129,87
181,130,95
181,131,96
181,132,97
181,133,101
181,134,105
181,135,105
181,136,97
181,137,94
181,138,89
181,139,86
181,140,84
181,141,80
181,142,79
181,143,81
181,144,75
181,145,76
181,146,78
181,147,82
181,148,82
181,149,79
182,0,103
182,1,106
182,2,114
182,3,110
182,4,91
182,5,93
182,6,104
182,7,103
182,8,102
182,9,100
182,10,105
182,11,102
182,12,103
182,13,95
182,14,85
182,15,79
182,16,76
182,17,74
182,18,62
182,19,55
182,20,63
182,21,69
182,22,70
182,23,74
182,24,92
182,25,94
182,26,71
182,27,62
182,28,66
182,29,59
182,30,58
182,31,57
182,32,57
182,33,69
182,34,83
182,35,88
182,36,83
182,37,75
182,38,72
182,39,73
182,40,70
182,41,73
182,42,71
182,43,68
182,44,67
182,45,66
182,46,63
182,47,61
182,48,59
182,49,59
182,50,58
182,51,55
182,52,53
182,53,53
182,54,55
182,55,58
182,56,62
182,57,62
182,58,65
182,59,69
182,60,69
182,61,67
182,62,68
182,63,71
182,64,71
182,65,75
182,66,76
182,67,74
182,68,74
182,69,75
182,70,78
182,71,81
182,72,83
182,73,89
182,74,100
182,75,98
182,76,98
182,77,102
182,78,102
182,79,109
182,80,104
182,81,110
182,82,112
182,83,144
182,84,164
182,85,154
182,86,148
182,87,142
182,88,142
182,89,142
182,90,127
182,91,124
182,92,139
182,93,145
182,94,141
182,95,138
182,96,143
182,97,144
182,98,144
182,99,139
182,100,143
182,101,151
182,102,147
182,103,144
182,104,136
182,105,138
182,106,134
182,107,128
182,108,134
182,109,138
182,110,135
182,111,142
182,112,145
182,113,136
182,114,129
182,115,129
182,116,128
182,117,123
182,118,120
182,119,120
182,120,122
182,121,112
182,122,109
182,123,111
182,124,108
182,125,90
182,126,80
182,127,78
182,128,85
182,129,92
182,130,97
182,131,102
182,132,103
182,133,108
182,134,114
182,135,109
182,136,100
182,137,101
182,138,97
182,139,91
182,140,89
182,141,89
182,142,85
182,143,81
182,144,77
182,145,79
182,146,81
182,147,82
182,148,82
182,149,81
183,0,88
183,1,94
183,2,101
183,3,117
183,4,119
183,5,117
183,6,114
183,7,116
183,8,110
183,9,106
183,10,106
183,11,103
183,12,104
183,13,97
183,14,95
183,15,90
183,16,86
183,17,65
183,18,56
183,19,60
183,20,59
183,21,58
183,22,66
183,23,73
183,24,95
183,25,88
183,26,73
183,27,62
183,28,62
183,29,61
183,30,56
183,31,56
183,32,58
183,33,61
183,34,73
183,35,90
183,36,94
183,37,86
183,38,81
183,39,83
183,40,78
183,41,79
183,42,79
183,43,78
183,44,77
183,45,74
183,46,71
183,47,72
183,48,71
183,49,71
183,50,70
183,51,66
183,52,63
183,53,64
183,54,66
183,55,69
183,56,70
183,57,70
183,58,71
183,59,73
183,60,75
183,61,76
183,62,75
183,63,73
183,64,79
183,65,83
183,66,84
183,67,81
183,68,79
183,69,80
183,70,83
183,71,86
183,72,89
183,73,91
183,74,96
183,75,97
183,76,96
183,77,98
183,78,101
183,79,103
183,80,105
183,81,107
183,82,108
183,83,128
183,84,164
183,85,160
183,86,146
183,87,143
183,88,132
183,89,125
183,90,124
183,91,132
183,92,139
183,93,144
183,94,143
183,95,139
183,96,138
183,97,142
183,98,143
183,99,141
183,100,142
183,101,143
183,102,143
183,103,146
183,104,146
183,105,135
183,106,135
183,107,134
183,108,130
183,109,129
183,110,136
183,111,149
183,112,137
183,113,131
183,114,129
183,115,132
183,116,127
183,117,118
183,118,119
183,119,127
183,120,127
183,121,114
183,122,107
183,123,103
183,124,94
183,125,76
183,126,75
183,127,84
183,128,92
183,129,97
183,130,101
183,131,109
183,132,111
183,133,113
183,134,118
183,135,107
183,136,102
183,137,102
183,138,97
183,139,93
183,140,94
183,141,93
183,142,85
183,143,76
183,144,78
183,145,80
183,146,81
183,147,79
183,148,78
183,149,80
184,0,38
184,1,57
184,2,96
184,3,107
184,4,107
184,5,108
184,6,113
184,7,114
184,8,109
184,9,113
184,10,105
184,11,105
184,12,103
184,13,97
184,14,100
184,15,95
184,16,65
184,17,58
184,18,61
184,19,67
184,20,65
184,21,72
184,22,76
184,23,79
184,24,89
184,25,80
184,26,68
184,27,67
184,28,65
184,29,58
184,30,56
184,31,58
184,32,57
184,33,61
184,34,60
184,35,71
184,36,95
184,37,95
184,38,93
184,39,91
184,40,83
184,41,87
184,42,88
184,43,85
184,44,84
184,45,85
184,46,84
184,47,81
184,48,78
184,49,78
184,50,76
184,51,78
184,52,77
184,53,73
184,54,76
184,55,77
184,56,74
184,57,79
184,58,82
184,59,81
184,60,81
184,61,84
184,62,87
184,63,88
184,64,88
184,65,91
184,66,89
184,67,87
184,68,89
184,69,89
184,70,89
184,71,94
184,72,93
184,73,94
184,74,99
184,75,102
184,76,98
184,77,93
184,78,95
184,79,100
184,80,102
184,81,104
184,82,107
184,83,118
184,84,144
184,85,164
184,86,143
184,87,135
184,88,123
184,89,131
184,90,129
184,91,133
184,92,147
184,93,150
184,94,141
184,95,134
184,96,130
184,97,143
184,98,143
184,99,141
184,100,143
184,101,142
184,102,141
184,103,139
184,104,138
184,105,139
184,106,135
184,107,133
184,108,132
184,109,134
184,110,140
184,111,141
184,112,131
184,113,127
184,114,124
184,115,126
184,116,124
184,117,121
184,118,124
184,119,126
184,120,116
184,121,120
184,122,116
184,123,101
184,124,91
184,125,87
184,126,100
184,127,98
184,128,99
184,129,107
184,130,109
184,131,112
184,132,114
184,133,112
184,134,110
184,135,109
184,136,102
184,137,102
184,138,100
184,139,97
184,140,92
184,141,86
184,142,81
184,143,77
184,144,79
184,145,82
184,146,83
184,147,79
184,148,76
184,149,76
185,0,28
185,1,44
185,2,100
185,3,117
185,4,110
185,5,111
185,6,110
185,7,104
185,8,113
185,9,111
185,10,106
185,11,104
185,12,106
185,13,100
185,14,88
185,15,80
185,16,59
185,17,56
185,18,60
185,19,69
185,20,74
185,21,81
185,22,81
185,23,84
185,24,93
185,25,81
185,26,72
185,27,72
185,28,68
185,29,64
185,30,65
185,31,61
185,32,60
185,33,57
185,34,56
185,35,63
185,36,77
185,37,88
185,38,102
185,39,102
185,40,102
185,41,100
185,42,97
185,43,93
185,44,92
185,45,91
185,46,90
185,47,88
185,48,87
185,49,88
185,50,85
185,51,85
185,52,85
185,53,84
185,54,86
185,55,85
185,56,81
185,57,85
185,58,88
185,59,90
185,60,91
185,61,93
185,62,95
185,63,94
185,64,96
185,65,97
185,66,95
185,67,95
185,68,97
185,69,97
185,70,96
185,71,99
185,72,100
185,73,101
185,74,104
185,75,105
185,76,101
185,77,94
185,78,95
185,79,101
185,80,103
185,81,98
185,82,108
185,83,116
185,84,126
185,85,152
185,86,154
185,87,140
185,88,133
185,89,134
185,90,130
185,91,132
185,92,150
185,93,152
185,94,138
185,95,127
185,96,141
185,97,140
185,98,137
185,99,139
185,100,140
185,101,140
185,102,143
185,103,141
185,104,136
185,105,140
185,106,137
185,107,135
185,108,137
185,109,142
185,110,144
185,111,135
185,112,127
185,113,127
185,114,129
185,115,128
185,116,121
185,117,123
185,118,130
185,119,125
185,120,104
185,121,99
185,122,124
185,123,120
185,124,102
185,125,106
185,126,110
185,127,111
185,128,110
185,129,109
185,130,111
185,131,119
185,132,121
185,133,116
185,134,112
185,135,107
185,136,108
185,137,107
185,138,103
185,139,91
185,140,84
185,141,84
185,142,80
185,143,76
185,144,80
185,145,82
185,146,83
185,147,81
185,148,80
185,149,81
186,0,21
186,1,56
186,2,104
186,3,113
186,4,111
186,5,114
186,6,114
186,7,112
186,8,108
186,9,107
186,10,107
186,11,108
186,12,113
186,13,95
186,14,61
186,15,54
186,16,52
186,17,55
186,18,69
186,19,85
186,20,90
186,21,96
186,22,92
186,23,91
186,24,91
186,25,85
186,26,72
186,27,69
186,28,71
186,29,67
186,30,65
186,31,64
186,32,67
186,33,63
186,34,65
186,35,65
186,36,66
186,37,75
186,38,98
186,39,109
186,40,111
186,41,107
186,42,104
186,43,103
186,44,102
186,45,100
186,46,97
186,47,96
186,48,93
186,49,95
186,50,93
186,51,93
186,52,94
186,53,97
186,54,98
186,55,95
186,56,94
186,57,95
186,58,97
186,59,99
186,60,102
186,61,104
186,62,104
186,63,103
186,64,105
186,65,104
186,66,104
186,67,105
186,68,107
186,69,108
186,70,107
186,71,106
186,72,107
186,73,108
186,74,108
186,75,109
186,76,105
186,77,96
186,78,94
186,79,101
186,80,104
186,81,103
186,82,101
186,83,109
186,84,109
186,85,130
186,86,172
186,87,159
186,88,137
186,89,134
186,90,134
186,91,132
186,92,147
186,93,151
186,94,142
186,95,134
186,96,142
186,97,138
186,98,135
186,99,137
186,100,137
186,101,138
186,102,144
186,103,147
186,104,139
186,105,142
186,106,137
186,107,135
186,108,140
186,109,147
186,110,145
186,111,134
186,112,124
186,113,133
186,114,138
186,115,132
186,116,124
186,117,128
186,118,129
186,119,114
186,120,91
186,121,70
186,122,112
186,123,132
186,124,112
186,125,114
186,126,113
186,127,117
186,128,118
186,129,113
186,130,113
186,131,119
186,132,119
186,133,115
186,134,113
186,135,107
186,136,106
186,137,105
186,138,99
186,139,85
186,140,78
186,141,81
186,142,79
186,143,77
186,144,77
186,145,79
186,146,80
186,147,80
186,148,81
186,149,83
187,0,62
187,1,96
187,2,108
187,3,107
187,4,114
187,5,113
187,6,111
187,7,108
187,8,104
187,9,103
187,10,101
187,11,96
187,12,108
187,13,109
187,14,76
187,15,50
187,16,53
187,17,56
187,18,76
187,19,90
187,20,86
187,21,95
187,22,100
187,23,97
187,24,93
187,25,91
187,26,76
187,27,69
187,28,73
187,29,70
187,30,67
187,31,69
187,32,66
187,33,65
187,34,66
187,35,68
187,36,68
187,37,69
187,38,87
187,39,109
187,40,115
187,41,114
187,42,114
187,43,114
187,44,114
187,45,112
187,46,110
187,47,109
187,48,106
187,49,106
187,50,105
187,51,104
187,52,104
187,53,104
187,54,104
187,55,102
187,56,107
187,57,106
187,58,106
187,59,107
187,60,109
187,61,110
187,62,111
187,63,112
187,64,111
187,65,111
187,66,112
187,67,114
187,68,114
187,69,115
187,70,116
187,71,114
187,72,117
187,73,118
187,74,115
187,75,114
187,76,110
187,77,98
187,78,91
187,79,95
187,80,100
187,81,108
187,82,99
187,83,104
187,84,106
187,85,116
187,86,166
187,87,172
187,88,136
187,89,134
187,90,146
187,91,143
187,92,147
187,93,149
187,94,148
187,95,144
187,96,139
187,97,144
187,98,139
187,99,134
187,100,136
187,101,138
187,102,139
187,103,141
187,104,142
187,105,143
187,106,137
187,107,136
187,108,142
187,109,142
187,110,136
187,111,132
187,112,132
187,113,136
187,114,132
187,115,128
187,116,126
187,117,125
187,118,121
187,119,113
187,120,117
187,121,108
187,122,135
187,123,138
187,124,107
187,125,117
187,126,125
187,127,120
187,128,117
187,129,120
187,130,120
187,131,119
187,132,115
187,133,113
187,134,113
187,135,106
187,136,105
187,137,100
187,138,94
187,139,86
187,140,79
187,141,75
187,142,76
187,143,78
187,144,78
187,145,81
187,146,83
187,147,82
187,148,82
187,149,84
188,0,106
188,1,118
188,2,116
188,3,117
188,4,116
188,5,110
188,6,108
188,7,104
188,8,106
188,9,100
188,10,99
188,11,99
188,12,103
188,13,113
188,14,103
188,15,78
188,16,62
188,17,65
188,18,80
188,19,88
188,20,79
188,21,86
188,22,90
188,23,86
188,24,97
188,25,92
188,26,83
188,27,76
188,28,72
188,29,71
188,30,73
188,31,69
188,32,71
188,33,69
188,34,66
188,35,70
188,36,71
188,37,69
188,38,75
188,39,92
188,40,113
188,41,119
188,42,123
188,43,121
188,44,119
188,45,120
188,46,120
188,47,119
188,48,118
188,49,117
188,50,118
188,51,117
188,52,116
188,53,114
188,54,113
188,55,115
188,56,115
188,57,115
188,58,115
188,59,116
188,60,116
188,61,117
188,62,119
188,63,121
188,64,118
188,65,119
188,66,121
188,67,121
188,68,121
188,69,121
188,70,122
188,71,122
188,72,123
188,73,123
188,74,121
188,75,121
188,76,118
188,77,105
188,78,94
188,79,94
188,80,95
188,81,102
188,82,106
188,83,103
188,84,110
188,85,112
188,86,136
188,87,165
188,88,143
188,89,134
188,90,143
188,91,139
188,92,137
188,93,143
188,94,147
188,95,144
188,96,138
188,97,145
188,98,142
188,99,136
188,100,140
188,101,144
188,102,139
188,103,136
188,104,144
188,105,146
188,106,142
188,107,140
188,108,144
188,109,137
188,110,128
188,111,131
188,112,138
188,113,129
188,114,122
188,115,128
188,116,129
188,117,120
188,118,118
188,119,122
188,120,133
188,121,146
188,122,158
188,123,138
188,124,104
188,125,112
188,126,117
188,127,110
188,128,112
188,129,122
188,130,122
188,131,117
188,132,114
188,133,113
188,134,111
188,135,106
188,136,105
188,137,99
188,138,89
188,139,85
188,140,79
188,141,74
188,142,77
188,143,80
188,144,79
188,145,83
188,146,85
188,147,83
188,148,82
188,149,83
189,0,116
189,1,119
189,2,123
189,3,121
189,4,114
189,5,114
189,6,109
189,7,110
189,8,106
189,9,102
189,10,101
189,11,107
189,12,105
189,13,97
189,14,97
189,15,98
189,16,94
189,17,90
189,18,86
189,19,80
189,20,74
189,21,83
189,22,85
189,23,86
189,24,91
189,25,89
189,26,83
189,27,80
189,28,78
189,29,78
189,30,81
189,31,79
189,32,75
189,33,76
189,34,81
189,35,83
189,36,78
189,37,76
189,38,74
189,39,79
189,40,97
189,41,112
189,42,124
189,43,124
189,44,123
189,45,124
189,46,125
189,47,122
189,48,123
189,49,122
189,50,124
189,51,125
189,52,124
189,53,123
189,54,122
189,55,125
189,56,120
189,57,123
189,58,125
189,59,126
189,60,126
189,61,127
189,62,129
189,63,130
189,64,128
189,65,129
189,66,130
189,67,129
189,68,128
189,69,128
189,70,128
189,71,129
189,72,128
189,73,127
189,74,126
189,75,127
189,76,125
189,77,113
189,78,99
189,79,93
189,80,97
189,81,99
189,82,103
189,83,102
189,84,109
189,85,109
189,86,120
189,87,153
189,88,154
189,89,135
189,90,129
189,91,128
189,92,129
189,93,143
189,94,148
189,95,144
189,96,140
189,97,144
189,98,148
189,99,146
189,100,144
189,101,147
189,102,146
189,103,143
189,104,147
189,105,150
189,106,148
189,107,144
189,108,143
189,109,139
189,110,134
189,111,137
189,112,137
189,113,129
189,114,126
189,115,131
189,116,128
189,117,122
189,118,125
189,119,127
189,120,128
189,121,129
189,122,130
189,123,114
189,124,103
189,125,107
189,126,101
189,127,104
189,128,107
189,129,112
189,130,107
189,131,104
189,132,107
189,133,109
189,134,112
189,135,113
189,136,107
189,137,99
189,138,85
189,139,78
189,140,77
189,141,79
189,142,80
189,143,78
189,144,79
189,145,83
189,146,85
189,147,83
189,148,81
189,149,81
190,0,122
190,1,122
190,2,119
190,3,114
190,4,111
190,5,115
190,6,107
190,7,107
190,8,108
190,9,109
190,10,101
190,11,101
190,12,106
190,13,101
190,14,95
190,15,96
190,16,96
190,17,90
190,18,79
190,19,72
190,20,71
190,21,82
190,22,82
190,23,80
190,24,101
190,25,98
190,26,89
190,27,84
190,28,82
190,29,80
190,30,81
190,31,80
190,32,80
190,33,87
190,34,99
190,35,100
190,36,85
190,37,79
190,38,73
190,39,73
190,40,79
190,41,101
190,42,122
190,43,129
190,44,129
190,45,132
190,46,132
190,47,129
190,48,130
190,49,129
190,50,131
190,51,130
190,52,129
190,53,129
190,54,126
190,55,127
190,56,127
190,57,131
190,58,134
190,59,134
190,60,134
190,61,136
190,62,138
190,63,138
190,64,137
190,65,138
190,66,136
190,67,135
190,68,136
190,69,136
190,70,135
190,71,137
190,72,138
190,73,136
190,74,134
190,75,134
190,76,131
190,77,120
190,78,104
190,79,93
190,80,98
190,81,100
190,82,94
190,83,100
190,84,105
190,85,105
190,86,117
190,87,136
190,88,157
190,89,144
190,90,130
190,91,133
190,92,136
190,93,148
190,94,146
190,95,143
190,96,141
190,97,147
190,98,154
190,99,151
190,100,145
190,101,145
190,102,145
190,103,146
190,104,142
190,105,140
190,106,144
190,107,143
190,108,140
190,109,143
190,110,144
190,111,143
190,112,137
190,113,136
190,114,132
190,115,128
190,116,122
190,117,123
190,118,129
190,119,129
190,120,124
190,121,122
190,122,120
190,123,110
190,124,119
190,125,121
190,126,104
190,127,101
190,128,106
190,129,103
190,130,96
190,131,98
190,132,105
190,133,110
190,134,115
190,135,115
190,136,107
190,137,94
190,138,84
190,139,75
190,140,82
190,141,93
190,142,85
190,143,78
190,144,85
190,145,88
190,146,90
190,147,89
190,148,88
190,149,89
191,0,120
191,1,117
191,2,113
191,3,115
191,4,108
191,5,108
191,6,110
191,7,112
191,8,115
191,9,109
191,10,108
191,11,112
191,12,112
191,13,110
191,14,104
191,15,95
191,16,90
191,17,81
191,18,74
191,19,71
191,20,72
191,21,90
191,22,96
191,23,92
191,24,105
191,25,94
191,26,87
191,27,84
191,28,77
191,29,79
191,30,85
191,31,78
191,32,76
191,33,84
191,34,97
191,35,101
191,36,89
191,37,84
191,38,76
191,39,78
191,40,70
191,41,93
191,42,117
191,43,128
191,44,131
191,45,134
191,46,136
191,47,134
191,48,136
191,49,135
191,50,137
191,51,134
191,52,135
191,53,138
191,54,134
191,55,133
191,56,134
191,57,137
191,58,139
191,59,137
191,60,138
191,61,141
191,62,143
191,63,142
191,64,141
191,65,142
191,66,139
191,67,137
191,68,142
191,69,142
191,70,140
191,71,143
191,72,142
191,73,140
191,74,139
191,75,140
191,76,138
191,77,131
191,78,116
191,79,101
191,80,94
191,81,96
191,82,94
191,83,100
191,84,103
191,85,108
191,86,108
191,87,116
191,88,157
191,89,154
191,90,137
191,91,138
191,92,136
191,93,141
191,94,136
191,95,139
191,96,135
191,97,145
191,98,150
191,99,144
191,100,144
191,101,145
191,102,140
191,103,143
191,104,129
191,105,122
191,106,133
191,107,140
191,108,136
191,109,143
191,110,147
191,111,142
191,112,133
191,113,135
191,114,130
191,115,127
191,116,126
191,117,121
191,118,122
191,119,126
191,120,130
191,121,134
191,122,132
191,123,118
191,124,124
191,125,120
191,126,111
191,127,108
191,128,105
191,129,103
191,130,103
191,131,110
191,132,115
191,133,117
191,134,117
191,135,108
191,136,98
191,137,81
191,138,81
191,139,78
191,140,94
191,141,112
191,142,97
191,143,90
191,144,91
191,145,93
191,146,95
191,147,95
191,148,95
191,149,97
192,0,108
192,1,108
192,2,104
192,3,95
192,4,110
192,5,120
192,6,113
192,7,109
192,8,112
192,9,106
192,10,109
192,11,111
192,12,115
192,13,109
192,14,102
192,15,98
192,16,88
192,17,81
192,18,74
192,19,68
192,20,73
192,21,78
192,22,84
192,23,83
192,24,78
192,25,84
192,26,88
192,27,87
192,28,80
192,29,76
192,30,80
192,31,81
192,32,78
192,33,86
192,34,81
192,35,84
192,36,87
192,37,86
192,38,89
192,39,83
192,40,75
192,41,83
192,42,98
192,43,118
192,44,132
192,45,134
192,46,133
192,47,138
192,48,138
192,49,138
192,50,137
192,51,139
192,52,141
192,53,141
192,54,139
192,55,140
192,56,140
192,57,139
192,58,141
192,59,142
192,60,145
192,61,147
192,62,143
192,63,140
192,64,143
192,65,145
192,66,145
192,67,147
192,68,146
192,69,144
192,70,147
192,71,148
192,72,144
192,73,143
192,74,143
192,75,142
192,76,140
192,77,135
192,78,123
192,79,108
192,80,92
192,81,93
192,82,94
192,83,94
192,84,101
192,85,104
192,86,109
192,87,106
192,88,134
192,89,162
192,90,149
192,91,125
192,92,126
192,93,132
192,94,141
192,95,136
192,96,133
192,97,143
192,98,147
192,99,146
192,100,147
192,101,146
192,102,145
192,103,148
192,104,132
192,105,114
192,106,134
192,107,142
192,108,136
192,109,144
192,110,141
192,111,136
192,112,131
192,113,133
192,114,129
192,115,129
192,116,128
192,117,125
192,118,123
192,119,121
192,120,130
192,121,128
192,122,126
192,123,120
192,124,119
192,125,123
192,126,109
192,127,107
192,128,108
192,129,112
192,130,119
192,131,122
192,132,119
192,133,118
192,134,113
192,135,104
192,136,84
192,137,79
192,138,71
192,139,73
192,140,81
192,141,93
192,142,101
192,143,97
192,144,96
192,145,100
192,146,98
192,147,98
192,148,96
192,149,100
193,0,89
193,1,76
193,2,61
193,3,50
193,4,78
193,5,106
193,6,109
193,7,110
193,8,111
193,9,105
193,10,109
193,11,111
193,12,115
193,13,109
193,14,101
193,15,98
193,16,95
193,17,85
193,18,76
193,19,68
193,20,67
193,21,64
193,22,66
193,23,66
193,24,67
193,25,77
193,26,86
193,27,89
193,28,82
193,29,76
193,30,76
193,31,75
193,32,78
193,33,86
193,34,81
193,35,85
193,36,87
193,37,86
193,38,89
193,39,82
193,40,77
193,41,79
193,42,86
193,43,105
193,44,125
193,45,132
193,46,133
193,47,138
193,48,139
193,49,138
193,50,137
193,51,138
193,52,141
193,53,141
193,54,139
193,55,140
193,56,143
193,57,141
193,58,143
193,59,143
193,60,146
193,61,148
193,62,144
193,63,141
193,64,144
193,65,146
193,66,146
193,67,148
193,68,146
193,69,144
193,70,147
193,71,148
193,72,148
193,73,147
193,74,147
193,75,147
193,76,146
193,77,142
193,78,130
193,79,116
193,80,97
193,81,96
193,82,93
193,83,92
193,84,98
193,85,101
193,86,108
193,87,108
193,88,116
193,89,154
193,90,153
193,91,133
193,92,133
193,93,136
193,94,142
193,95,137
193,96,137
193,97,146
193,98,149
193,99,148
193,100,148
193,101,146
193,102,145
193,103,147
193,104,148
193,105,133
193,106,152
193,107,153
193,108,137
193,109,140
193,110,136
193,111,132
193,112,135
193,113,136
193,114,133
193,115,134
193,116,134
193,117,132
193,118,131
193,119,130
193,120,130
193,121,126
193,122,125
193,123,120
193,124,118
193,125,120
193,126,107
193,127,105
193,128,114
193,129,117
193,130,122
193,131,121
193,132,115
193,133,111
193,134,104
193,135,94
193,136,81
193,137,76
193,138,68
193,139,69
193,140,78
193,141,90
193,142,98
193,143,94
193,144,99
193,145,104
193,146,102
193,147,100
193,148,99
193,149,103
