y_val,x_val,data_channel
0,0,30
0,1,31
0,2,31
0,3,29
0,4,27
0,5,27
0,6,26
0,7,24
0,8,19
0,9,19
0,10,18
0,11,15
0,12,14
0,13,16
0,14,16
0,15,15
0,16,17
0,17,19
0,18,19
0,19,20
0,20,24
0,21,25
0,22,26
0,23,27
0,24,30
0,25,30
0,26,30
0,27,31
0,28,31
0,29,32
0,30,32
0,31,32
0,32,29
0,33,29
0,34,29
0,35,29
0,36,28
0,37,27
0,38,28
0,39,28
0,40,27
0,41,28
0,42,29
0,43,30
0,44,30
0,45,30
0,46,30
0,47,30
0,48,28
0,49,29
0,50,29
0,51,29
0,52,28
0,53,26
0,54,25
0,55,25
0,56,23
0,57,21
0,58,20
0,59,19
0,60,20
0,61,20
0,62,20
0,63,19
0,64,19
0,65,20
0,66,20
0,67,21
0,68,22
0,69,22
0,70,22
0,71,21
0,72,20
0,73,22
0,74,23
0,75,23
0,76,22
0,77,22
0,78,22
0,79,23
0,80,23
0,81,23
0,82,24
0,83,24
0,84,24
0,85,24
0,86,24
0,87,24
0,88,23
0,89,24
0,90,23
0,91,22
0,92,22
0,93,23
0,94,24
0,95,23
0,96,22
0,97,22
0,98,23
0,99,22
0,100,22
0,101,22
0,102,22
0,103,23
0,104,21
0,105,22
0,106,23
0,107,22
0,108,21
0,109,21
0,110,21
0,111,22
0,112,23
0,113,21
0,114,20
0,115,20
0,116,20
0,117,19
0,118,19
0,119,21
0,120,20
0,121,20
0,122,19
0,123,19
0,124,20
0,125,20
0,126,21
0,127,21
0,128,19
0,129,19
0,130,19
0,131,19
0,132,20
0,133,21
0,134,21
0,135,22
0,136,21
0,137,21
0,138,22
0,139,22
0,140,22
0,141,22
0,142,22
0,143,22
0,144,22
0,145,22
0,146,23
0,147,23
0,148,24
0,149,24
1,0,30
1,1,30
1,2,30
1,3,28
1,4,28
1,5,28
1,6,27
1,7,25
1,8,22
1,9,21
1,10,19
1,11,16
1,12,14
1,13,15
1,14,15
1,15,14
1,16,16
1,17,18
1,18,18
1,19,20
1,20,24
1,21,25
1,22,25
1,23,26
1,24,28
1,25,28
1,26,29
1,27,30
1,28,31
1,29,31
1,30,31
1,31,32
1,32,28
1,33,29
1,34,29
1,35,28
1,36,28
1,37,28
1,38,29
1,39,29
1,40,29
1,41,30
1,42,30
1,43,30
1,44,29
1,45,28
1,46,28
1,47,28
1,48,29
1,49,29
1,50,29
1,51,28
1,52,27
1,53,26
1,54,25
1,55,25
1,56,22
1,57,21
1,58,20
1,59,20
1,60,20
1,61,20
1,62,19
1,63,18
1,64,19
1,65,19
1,66,20
1,67,20
1,68,21
1,69,21
1,70,21
1,71,21
1,72,23
1,73,22
1,74,22
1,75,23
1,76,24
1,77,24
1,78,24
1,79,23
1,80,23
1,81,23
1,82,24
1,83,24
1,84,24
1,85,24
1,86,23
1,87,23
1,88,22
1,89,23
1,90,23
1,91,23
1,92,23
1,93,24
1,94,23
1,95,22
1,96,22
1,97,23
1,98,23
1,99,23
1,100,22
1,101,22
1,102,22
1,103,22
1,104,22
1,105,22
1,106,22
1,107,21
1,108,21
1,109,21
1,110,22
1,111,22
1,112,22
1,113,21
1,114,20
1,115,20
1,116,20
1,117,19
1,118,20
1,119,21
1,120,20
1,121,20
1,122,20
1,123,20
1,124,20
1,125,20
1,126,21
1,127,21
1,128,21
1,129,20
1,130,20
1,131,20
1,132,20
1,133,20
1,134,20
1,135,20
1,136,21
1,137,21
1,138,21
1,139,22
1,140,22
1,141,22
1,142,22
1,143,22
1,144,22
1,145,22
1,146,22
1,147,22
1,148,23
1,149,23
2,0,31
2,1,29
2,2,28
2,3,27
2,4,28
2,5,29
2,6,27
2,7,25
2,8,24
2,9,23
2,10,20
2,11,17
2,12,15
2,13,14
2,14,14
2,15,14
2,16,15
2,17,17
2,18,18
2,19,20
2,20,23
2,21,24
2,22,23
2,23,24
2,24,25
2,25,26
2,26,28
2,27,29
2,28,30
2,29,30
2,30,30
2,31,31
2,32,28
2,33,28
2,34,28
2,35,28
2,36,28
2,37,28
2,38,29
2,39,30
2,40,29
2,41,29
2,42,29
2,43,29
2,44,29
2,45,29
2,46,29
2,47,29
2,48,30
2,49,29
2,50,29
2,51,28
2,52,26
2,53,25
2,54,24
2,55,24
2,56,21
2,57,20
2,58,20
2,59,20
2,60,20
2,61,20
2,62,19
2,63,18
2,64,19
2,65,20
2,66,20
2,67,21
2,68,21
2,69,21
2,70,21
2,71,21
2,72,22
2,73,21
2,74,21
2,75,21
2,76,23
2,77,23
2,78,23
2,79,22
2,80,23
2,81,23
2,82,23
2,83,24
2,84,24
2,85,23
2,86,23
2,87,23
2,88,22
2,89,23
2,90,24
2,91,24
2,92,24
2,93,24
2,94,23
2,95,22
2,96,23
2,97,23
2,98,23
2,99,23
2,100,23
2,101,22
2,102,21
2,103,21
2,104,21
2,105,21
2,106,21
2,107,21
2,108,21
2,109,22
2,110,22
2,111,22
2,112,21
2,113,21
2,114,20
2,115,20
2,116,20
2,117,20
2,118,20
2,119,21
2,120,21
2,121,21
2,122,21
2,123,21
2,124,21
2,125,21
2,126,21
2,127,21
2,128,22
2,129,21
2,130,20
2,131,20
2,132,20
2,133,20
2,134,20
2,135,19
2,136,21
2,137,21
2,138,21
2,139,22
2,140,22
2,141,22
2,142,22
2,143,22
2,144,22
2,145,22
2,146,22
2,147,22
2,148,22
2,149,22
3,0,31
3,1,29
3,2,28
3,3,28
3,4,28
3,5,28
3,6,27
3,7,26
3,8,24
3,9,23
3,10,20
3,11,18
3,12,16
3,13,15
3,14,15
3,15,15
3,16,15
3,17,17
3,18,17
3,19,18
3,20,21
3,21,22
3,22,22
3,23,23
3,24,24
3,25,26
3,26,28
3,27,28
3,28,28
3,29,28
3,30,30
3,31,31
3,32,28
3,33,28
3,34,27
3,35,27
3,36,28
3,37,28
3,38,29
3,39,30
3,40,29
3,41,29
3,42,29
3,43,28
3,44,28
3,45,29
3,46,29
3,47,30
3,48,30
3,49,30
3,50,28
3,51,27
3,52,25
3,53,24
3,54,23
3,55,23
3,56,20
3,57,19
3,58,19
3,59,19
3,60,20
3,61,21
3,62,21
3,63,20
3,64,20
3,65,21
3,66,21
3,67,22
3,68,22
3,69,22
3,70,22
3,71,21
3,72,20
3,73,21
3,74,22
3,75,22
3,76,21
3,77,21
3,78,22
3,79,23
3,80,23
3,81,23
3,82,23
3,83,23
3,84,23
3,85,23
3,86,23
3,87,22
3,88,22
3,89,23
3,90,23
3,91,24
3,92,24
3,93,24
3,94,23
3,95,23
3,96,22
3,97,23
3,98,23
3,99,23
3,100,23
3,101,22
3,102,22
3,103,21
3,104,21
3,105,20
3,106,20
3,107,21
3,108,22
3,109,23
3,110,22
3,111,21
3,112,21
3,113,21
3,114,21
3,115,20
3,116,20
3,117,20
3,118,21
3,119,21
3,120,21
3,121,21
3,122,21
3,123,21
3,124,21
3,125,21
3,126,21
3,127,21
3,128,21
3,129,20
3,130,20
3,131,20
3,132,20
3,133,21
3,134,21
3,135,21
3,136,21
3,137,21
3,138,21
3,139,22
3,140,22
3,141,22
3,142,22
3,143,22
3,144,24
3,145,23
3,146,23
3,147,23
3,148,23
3,149,23
4,0,30
4,1,30
4,2,29
4,3,29
4,4,28
4,5,27
4,6,27
4,7,27
4,8,24
4,9,23
4,10,21
4,11,19
4,12,17
4,13,16
4,14,16
4,15,16
4,16,17
4,17,18
4,18,17
4,19,17
4,20,19
4,21,21
4,22,21
4,23,23
4,24,25
4,25,26
4,26,27
4,27,27
4,28,27
4,29,27
4,30,29
4,31,31
4,32,28
4,33,28
4,34,27
4,35,27
4,36,28
4,37,28
4,38,28
4,39,29
4,40,30
4,41,30
4,42,29
4,43,28
4,44,28
4,45,28
4,46,28
4,47,28
4,48,30
4,49,29
4,50,27
4,51,25
4,52,24
4,53,23
4,54,22
4,55,22
4,56,20
4,57,20
4,58,19
4,59,19
4,60,20
4,61,21
4,62,21
4,63,22
4,64,21
4,65,21
4,66,21
4,67,22
4,68,22
4,69,22
4,70,22
4,71,22
4,72,22
4,73,22
4,74,22
4,75,22
4,76,22
4,77,22
4,78,23
4,79,24
4,80,23
4,81,23
4,82,23
4,83,23
4,84,23
4,85,23
4,86,22
4,87,22
4,88,23
4,89,23
4,90,23
4,91,23
4,92,23
4,93,23
4,94,23
4,95,23
4,96,22
4,97,22
4,98,23
4,99,23
4,100,23
4,101,23
4,102,22
4,103,22
4,104,20
4,105,20
4,106,21
4,107,22
4,108,23
4,109,23
4,110,22
4,111,21
4,112,21
4,113,21
4,114,21
4,115,21
4,116,21
4,117,21
4,118,20
4,119,20
4,120,21
4,121,21
4,122,21
4,123,21
4,124,21
4,125,21
4,126,21
4,127,21
4,128,21
4,129,20
4,130,20
4,131,20
4,132,21
4,133,21
4,134,22
4,135,22
4,136,21
4,137,21
4,138,21
4,139,22
4,140,22
4,141,23
4,142,23
4,143,23
4,144,24
4,145,24
4,146,23
4,147,23
4,148,23
4,149,23
5,0,30
5,1,30
5,2,30
5,3,30
5,4,28
5,5,27
5,6,26
5,7,27
5,8,26
5,9,24
5,10,22
5,11,21
5,12,19
5,13,17
5,14,16
5,15,16
5,16,18
5,17,19
5,18,18
5,19,17
5,20,19
5,21,20
5,22,21
5,23,23
5,24,25
5,25,26
5,26,27
5,27,27
5,28,27
5,29,27
5,30,29
5,31,30
5,32,29
5,33,28
5,34,28
5,35,28
5,36,28
5,37,28
5,38,28
5,39,28
5,40,29
5,41,29
5,42,28
5,43,27
5,44,28
5,45,28
5,46,28
5,47,28
5,48,29
5,49,28
5,50,26
5,51,25
5,52,23
5,53,22
5,54,21
5,55,21
5,56,21
5,57,21
5,58,20
5,59,19
5,60,19
5,61,20
5,62,21
5,63,21
5,64,20
5,65,20
5,66,21
5,67,21
5,68,21
5,69,21
5,70,21
5,71,21
5,72,23
5,73,21
5,74,20
5,75,21
5,76,23
5,77,24
5,78,23
5,79,22
5,80,23
5,81,23
5,82,23
5,83,23
5,84,23
5,85,23
5,86,23
5,87,23
5,88,24
5,89,23
5,90,23
5,91,23
5,92,23
5,93,22
5,94,23
5,95,23
5,96,22
5,97,22
5,98,22
5,99,23
5,100,23
5,101,23
5,102,22
5,103,22
5,104,20
5,105,21
5,106,22
5,107,23
5,108,23
5,109,22
5,110,21
5,111,21
5,112,21
5,113,22
5,114,22
5,115,21
5,116,21
5,117,21
5,118,21
5,119,20
5,120,21
5,121,21
5,122,21
5,123,21
5,124,21
5,125,21
5,126,21
5,127,21
5,128,22
5,129,21
5,130,21
5,131,21
5,132,21
5,133,22
5,134,22
5,135,21
5,136,21
5,137,22
5,138,22
5,139,22
5,140,23
5,141,23
5,142,23
5,143,23
5,144,23
5,145,23
5,146,23
5,147,22
5,148,22
5,149,22
6,0,30
6,1,29
6,2,29
6,3,30
6,4,30
6,5,28
6,6,27
6,7,27
6,8,26
6,9,24
6,10,23
6,11,22
6,12,21
6,13,18
6,14,17
6,15,17
6,16,19
6,17,20
6,18,19
6,19,18
6,20,19
6,21,20
6,22,21
6,23,23
6,24,24
6,25,25
6,26,26
6,27,27
6,28,28
6,29,28
6,30,28
6,31,28
6,32,29
6,33,29
6,34,29
6,35,29
6,36,30
6,37,29
6,38,29
6,39,28
6,40,28
6,41,28
6,42,27
6,43,27
6,44,28
6,45,28
6,46,28
6,47,28
6,48,27
6,49,26
6,50,25
6,51,24
6,52,23
6,53,22
6,54,21
6,55,20
6,56,20
6,57,20
6,58,20
6,59,20
6,60,20
6,61,20
6,62,20
6,63,20
6,64,20
6,65,20
6,66,20
6,67,21
6,68,21
6,69,21
6,70,21
6,71,21
6,72,23
6,73,21
6,74,19
6,75,20
6,76,22
6,77,23
6,78,22
6,79,21
6,80,23
6,81,23
6,82,23
6,83,23
6,84,23
6,85,23
6,86,23
6,87,23
6,88,24
6,89,23
6,90,23
6,91,24
6,92,24
6,93,22
6,94,22
6,95,22
6,96,23
6,97,22
6,98,22
6,99,22
6,100,23
6,101,23
6,102,22
6,103,22
6,104,22
6,105,22
6,106,22
6,107,22
6,108,22
6,109,22
6,110,21
6,111,21
6,112,20
6,113,21
6,114,22
6,115,21
6,116,21
6,117,22
6,118,22
6,119,20
6,120,21
6,121,21
6,122,22
6,123,22
6,124,22
6,125,22
6,126,22
6,127,22
6,128,22
6,129,21
6,130,21
6,131,21
6,132,21
6,133,22
6,134,22
6,135,22
6,136,22
6,137,22
6,138,23
6,139,23
6,140,23
6,141,23
6,142,23
6,143,23
6,144,23
6,145,23
6,146,23
6,147,23
6,148,22
6,149,22
7,0,31
7,1,29
7,2,28
7,3,30
7,4,31
7,5,29
7,6,27
7,7,26
7,8,25
7,9,24
7,10,23
7,11,23
7,12,22
7,13,19
7,14,18
7,15,18
7,16,19
7,17,20
7,18,20
7,19,19
7,20,20
7,21,20
7,22,20
7,23,22
7,24,22
7,25,23
7,26,25
7,27,27
7,28,28
7,29,29
7,30,28
7,31,27
7,32,29
7,33,29
7,34,29
7,35,30
7,36,31
7,37,30
7,38,30
7,39,29
7,40,30
7,41,29
7,42,28
7,43,27
7,44,27
7,45,27
7,46,26
7,47,25
7,48,26
7,49,25
7,50,24
7,51,23
7,52,23
7,53,22
7,54,21
7,55,20
7,56,17
7,57,18
7,58,19
7,59,20
7,60,20
7,61,20
7,62,20
7,63,19
7,64,21
7,65,21
7,66,21
7,67,21
7,68,22
7,69,22
7,70,22
7,71,22
7,72,22
7,73,22
7,74,22
7,75,22
7,76,22
7,77,23
7,78,23
7,79,24
7,80,23
7,81,23
7,82,23
7,83,23
7,84,23
7,85,23
7,86,23
7,87,23
7,88,23
7,89,23
7,90,23
7,91,25
7,92,24
7,93,22
7,94,21
7,95,21
7,96,23
7,97,23
7,98,22
7,99,22
7,100,22
7,101,22
7,102,22
7,103,21
7,104,23
7,105,23
7,106,23
7,107,22
7,108,21
7,109,21
7,110,22
7,111,23
7,112,19
7,113,21
7,114,22
7,115,21
7,116,22
7,117,23
7,118,22
7,119,21
7,120,21
7,121,21
7,122,22
7,123,22
7,124,23
7,125,23
7,126,22
7,127,22
7,128,21
7,129,21
7,130,21
7,131,21
7,132,22
7,133,23
7,134,23
7,135,23
7,136,23
7,137,23
7,138,23
7,139,23
7,140,23
7,141,23
7,142,23
7,143,23
7,144,23
7,145,23
7,146,24
7,147,24
7,148,23
7,149,23
8,0,29
8,1,30
8,2,30
8,3,29
8,4,28
8,5,28
8,6,27
8,7,25
8,8,26
8,9,26
8,10,26
8,11,25
8,12,22
8,13,20
8,14,18
8,15,18
8,16,16
8,17,19
8,18,18
8,19,18
8,20,20
8,21,21
8,22,21
8,23,21
8,24,23
8,25,24
8,26,25
8,27,27
8,28,28
8,29,29
8,30,29
8,31,29
8,32,29
8,33,29
8,34,29
8,35,30
8,36,30
8,37,30
8,38,30
8,39,30
8,40,29
8,41,29
8,42,29
8,43,28
8,44,26
8,45,25
8,46,25
8,47,25
8,48,25
8,49,24
8,50,24
8,51,23
8,52,22
8,53,20
8,54,20
8,55,19
8,56,19
8,57,21
8,58,20
8,59,18
8,60,18
8,61,20
8,62,21
8,63,19
8,64,20
8,65,21
8,66,21
8,67,21
8,68,21
8,69,21
8,70,22
8,71,22
8,72,20
8,73,22
8,74,23
8,75,24
8,76,22
8,77,22
8,78,22
8,79,23
8,80,22
8,81,23
8,82,23
8,83,23
8,84,23
8,85,23
8,86,23
8,87,24
8,88,21
8,89,24
8,90,23
8,91,23
8,92,24
8,93,23
8,94,21
8,95,23
8,96,21
8,97,22
8,98,23
8,99,23
8,100,23
8,101,22
8,102,21
8,103,21
8,104,20
8,105,21
8,106,21
8,107,21
8,108,21
8,109,22
8,110,21
8,111,21
8,112,20
8,113,21
8,114,22
8,115,23
8,116,22
8,117,20
8,118,20
8,119,20
8,120,19
8,121,20
8,122,22
8,123,23
8,124,23
8,125,23
8,126,22
8,127,22
8,128,20
8,129,21
8,130,22
8,131,22
8,132,21
8,133,21
8,134,22
8,135,24
8,136,23
8,137,23
8,138,24
8,139,24
8,140,23
8,141,23
8,142,23
8,143,23
8,144,26
8,145,25
8,146,23
8,147,23
8,148,23
8,149,23
9,0,31
9,1,32
9,2,31
9,3,30
9,4,29
9,5,29
9,6,28
9,7,27
9,8,27
9,9,27
9,10,26
9,11,25
9,12,23
9,13,21
9,14,20
9,15,19
9,16,19
9,17,21
9,18,20
9,19,20
9,20,21
9,21,22
9,22,21
9,23,22
9,24,23
9,25,24
9,26,25
9,27,27
9,28,29
9,29,30
9,30,30
9,31,30
9,32,31
9,33,31
9,34,31
9,35,31
9,36,30
9,37,30
9,38,29
9,39,29
9,40,28
9,41,28
9,42,28
9,43,27
9,44,26
9,45,25
9,46,24
9,47,24
9,48,24
9,49,24
9,50,23
9,51,22
9,52,21
9,53,20
9,54,19
9,55,19
9,56,19
9,57,20
9,58,20
9,59,19
9,60,19
9,61,21
9,62,21
9,63,19
9,64,20
9,65,20
9,66,21
9,67,21
9,68,21
9,69,21
9,70,21
9,71,22
9,72,23
9,73,23
9,74,23
9,75,21
9,76,20
9,77,21
9,78,22
9,79,23
9,80,23
9,81,23
9,82,23
9,83,23
9,84,23
9,85,23
9,86,22
9,87,22
9,88,21
9,89,23
9,90,23
9,91,23
9,92,23
9,93,22
9,94,22
9,95,23
9,96,22
9,97,22
9,98,23
9,99,23
9,100,22
9,101,22
9,102,22
9,103,22
9,104,21
9,105,21
9,106,21
9,107,21
9,108,21
9,109,21
9,110,21
9,111,21
9,112,22
9,113,22
9,114,22
9,115,21
9,116,21
9,117,21
9,118,21
9,119,21
9,120,21
9,121,21
9,122,22
9,123,22
9,124,22
9,125,22
9,126,22
9,127,22
9,128,21
9,129,22
9,130,22
9,131,23
9,132,22
9,133,22
9,134,23
9,135,24
9,136,23
9,137,24
9,138,24
9,139,24
9,140,23
9,141,23
9,142,23
9,143,23
9,144,24
9,145,23
9,146,22
9,147,22
9,148,23
9,149,24
10,0,30
10,1,31
10,2,30
10,3,29
10,4,29
10,5,29
10,6,28
10,7,27
10,8,28
10,9,27
10,10,26
10,11,25
10,12,24
10,13,23
10,14,20
10,15,19
10,16,20
10,17,21
10,18,21
10,19,21
10,20,22
10,21,23
10,22,22
10,23,23
10,24,23
10,25,24
10,26,26
10,27,27
10,28,29
10,29,30
10,30,31
10,31,31
10,32,32
10,33,32
10,34,32
10,35,31
10,36,31
10,37,30
10,38,29
10,39,29
10,40,28
10,41,28
10,42,27
10,43,26
10,44,25
10,45,24
10,46,24
10,47,24
10,48,23
10,49,22
10,50,21
10,51,20
10,52,20
10,53,19
10,54,19
10,55,19
10,56,18
10,57,20
10,58,20
10,59,19
10,60,19
10,61,21
10,62,21
10,63,20
10,64,20
10,65,20
10,66,21
10,67,21
10,68,21
10,69,21
10,70,21
10,71,22
10,72,23
10,73,22
10,74,22
10,75,22
10,76,22
10,77,22
10,78,22
10,79,21
10,80,23
10,81,23
10,82,23
10,83,23
10,84,23
10,85,23
10,86,22
10,87,22
10,88,22
10,89,22
10,90,23
10,91,23
10,92,22
10,93,22
10,94,22
10,95,22
10,96,23
10,97,23
10,98,23
10,99,22
10,100,22
10,101,22
10,102,22
10,103,23
10,104,22
10,105,22
10,106,22
10,107,22
10,108,21
10,109,21
10,110,21
10,111,20
10,112,22
10,113,22
10,114,21
10,115,21
10,116,22
10,117,22
10,118,22
10,119,22
10,120,22
10,121,22
10,122,22
10,123,21
10,124,21
10,125,21
10,126,21
10,127,22
10,128,22
10,129,23
10,130,23
10,131,23
10,132,23
10,133,23
10,134,24
10,135,24
10,136,24
10,137,24
10,138,24
10,139,24
10,140,24
10,141,23
10,142,23
10,143,24
10,144,24
10,145,23
10,146,22
10,147,22
10,148,23
10,149,24
11,0,29
11,1,29
11,2,29
11,3,28
11,4,28
11,5,29
11,6,29
11,7,29
11,8,27
11,9,25
11,10,24
11,11,24
11,12,24
11,13,23
11,14,20
11,15,18
11,16,19
11,17,20
11,18,20
11,19,21
11,20,22
11,21,23
11,22,23
11,23,23
11,24,23
11,25,24
11,26,26
11,27,27
11,28,28
11,29,29
11,30,30
11,31,31
11,32,31
11,33,31
11,34,31
11,35,31
11,36,31
11,37,31
11,38,30
11,39,30
11,40,29
11,41,28
11,42,27
11,43,26
11,44,25
11,45,24
11,46,24
11,47,24
11,48,22
11,49,21
11,50,20
11,51,19
11,52,18
11,53,18
11,54,19
11,55,19
11,56,19
11,57,20
11,58,20
11,59,19
11,60,19
11,61,20
11,62,21
11,63,20
11,64,20
11,65,20
11,66,21
11,67,21
11,68,21
11,69,21
11,70,22
11,71,22
11,72,21
11,73,21
11,74,21
11,75,22
11,76,23
11,77,23
11,78,22
11,79,21
11,80,22
11,81,21
11,82,22
11,83,22
11,84,23
11,85,23
11,86,23
11,87,23
11,88,22
11,89,21
11,90,23
11,91,24
11,92,21
11,93,22
11,94,23
11,95,21
11,96,22
11,97,23
11,98,22
11,99,22
11,100,22
11,101,22
11,102,22
11,103,23
11,104,22
11,105,22
11,106,22
11,107,22
11,108,21
11,109,21
11,110,21
11,111,21
11,112,21
11,113,21
11,114,21
11,115,22
11,116,23
11,117,23
11,118,22
11,119,21
11,120,23
11,121,23
11,122,22
11,123,21
11,124,21
11,125,21
11,126,21
11,127,22
11,128,23
11,129,23
11,130,23
11,131,23
11,132,24
11,133,24
11,134,24
11,135,23
11,136,24
11,137,24
11,138,24
11,139,24
11,140,23
11,141,23
11,142,23
11,143,23
11,144,24
11,145,23
11,146,23
11,147,23
11,148,23
11,149,23
12,0,30
12,1,30
12,2,30
12,3,30
12,4,30
12,5,30
12,6,30
12,7,30
12,8,26
12,9,25
12,10,23
12,11,23
12,12,24
12,13,23
12,14,21
12,15,19
12,16,19
12,17,19
12,18,20
12,19,22
12,20,22
12,21,23
12,22,23
12,23,23
12,24,24
12,25,25
12,26,26
12,27,27
12,28,28
12,29,29
12,30,30
12,31,31
12,32,31
12,33,31
12,34,31
12,35,31
12,36,31
12,37,31
12,38,31
12,39,31
12,40,28
12,41,28
12,42,27
12,43,26
12,44,25
12,45,24
12,46,23
12,47,23
12,48,21
12,49,20
12,50,19
12,51,18
12,52,18
12,53,18
12,54,19
12,55,19
12,56,19
12,57,20
12,58,20
12,59,19
12,60,19
12,61,20
12,62,20
12,63,19
12,64,20
12,65,21
12,66,21
12,67,21
12,68,21
12,69,21
12,70,22
12,71,22
12,72,23
12,73,22
12,74,20
12,75,20
12,76,21
12,77,22
12,78,23
12,79,23
12,80,22
12,81,21
12,82,21
12,83,22
12,84,23
12,85,23
12,86,23
12,87,23
12,88,22
12,89,21
12,90,23
12,91,24
12,92,21
12,93,22
12,94,23
12,95,21
12,96,21
12,97,22
12,98,22
12,99,22
12,100,22
12,101,21
12,102,21
12,103,22
12,104,22
12,105,22
12,106,22
12,107,22
12,108,21
12,109,21
12,110,21
12,111,21
12,112,21
12,113,21
12,114,21
12,115,22
12,116,23
12,117,23
12,118,22
12,119,20
12,120,22
12,121,22
12,122,22
12,123,22
12,124,22
12,125,21
12,126,22
12,127,22
12,128,23
12,129,23
12,130,23
12,131,23
12,132,24
12,133,24
12,134,24
12,135,23
12,136,23
12,137,24
12,138,24
12,139,24
12,140,23
12,141,23
12,142,23
12,143,23
12,144,23
12,145,24
12,146,24
12,147,24
12,148,24
12,149,24
13,0,29
13,1,30
13,2,30
13,3,29
13,4,29
13,5,29
13,6,29
13,7,28
13,8,27
13,9,25
13,10,24
13,11,25
13,12,25
13,13,25
13,14,23
13,15,21
13,16,21
13,17,20
13,18,22
13,19,23
13,20,23
13,21,23
13,22,23
13,23,23
13,24,24
13,25,25
13,26,26
13,27,27
13,28,27
13,29,28
13,30,30
13,31,31
13,32,32
13,33,32
13,34,32
13,35,31
13,36,31
13,37,30
13,38,30
13,39,30
13,40,27
13,41,26
13,42,25
13,43,24
13,44,23
13,45,22
13,46,22
13,47,21
13,48,20
13,49,19
13,50,19
13,51,18
13,52,18
13,53,18
13,54,18
13,55,19
13,56,20
13,57,20
13,58,20
13,59,20
13,60,20
13,61,20
13,62,20
13,63,19
13,64,21
13,65,21
13,66,22
13,67,22
13,68,22
13,69,22
13,70,22
13,71,23
13,72,23
13,73,22
13,74,22
13,75,21
13,76,22
13,77,22
13,78,22
13,79,21
13,80,23
13,81,22
13,82,22
13,83,22
13,84,22
13,85,22
13,86,22
13,87,21
13,88,22
13,89,22
13,90,23
13,91,23
13,92,22
13,93,22
13,94,23
13,95,22
13,96,21
13,97,22
13,98,22
13,99,23
13,100,22
13,101,22
13,102,21
13,103,21
13,104,22
13,105,22
13,106,22
13,107,22
13,108,22
13,109,22
13,110,22
13,111,22
13,112,21
13,113,21
13,114,21
13,115,21
13,116,21
13,117,22
13,118,22
13,119,22
13,120,21
13,121,22
13,122,23
13,123,23
13,124,23
13,125,22
13,126,22
13,127,22
13,128,23
13,129,23
13,130,23
13,131,23
13,132,23
13,133,23
13,134,23
13,135,24
13,136,23
13,137,24
13,138,24
13,139,24
13,140,23
13,141,23
13,142,23
13,143,24
13,144,22
13,145,23
13,146,24
13,147,25
13,148,25
13,149,24
14,0,27
14,1,28
14,2,28
14,3,28
14,4,28
14,5,29
14,6,28
14,7,27
14,8,27
14,9,26
14,10,26
14,11,26
14,12,26
14,13,26
14,14,24
14,15,22
14,16,22
14,17,20
14,18,22
14,19,24
14,20,23
14,21,23
14,22,24
14,23,23
14,24,23
14,25,24
14,26,26
14,27,26
14,28,27
14,29,29
14,30,31
14,31,32
14,32,33
14,33,33
14,34,32
14,35,32
14,36,31
14,37,30
14,38,30
14,39,29
14,40,27
14,41,26
14,42,24
14,43,23
14,44,22
14,45,22
14,46,21
14,47,20
14,48,19
14,49,19
14,50,19
14,51,18
14,52,18
14,53,18
14,54,18
14,55,18
14,56,19
14,57,19
14,58,19
14,59,20
14,60,20
14,61,20
14,62,20
14,63,20
14,64,21
14,65,22
14,66,22
14,67,22
14,68,22
14,69,22
14,70,23
14,71,23
14,72,21
14,73,22
14,74,23
14,75,24
14,76,24
14,77,23
14,78,21
14,79,20
14,80,23
14,81,22
14,82,22
14,83,22
14,84,22
14,85,22
14,86,22
14,87,21
14,88,22
14,89,23
14,90,23
14,91,22
14,92,23
14,93,22
14,94,22
14,95,23
14,96,22
14,97,22
14,98,23
14,99,22
14,100,22
14,101,22
14,102,22
14,103,22
14,104,22
14,105,22
14,106,22
14,107,22
14,108,22
14,109,22
14,110,22
14,111,22
14,112,21
14,113,21
14,114,21
14,115,21
14,116,21
14,117,21
14,118,22
14,119,23
14,120,22
14,121,23
14,122,23
14,123,24
14,124,23
14,125,23
14,126,22
14,127,23
14,128,22
14,129,23
14,130,24
14,131,24
14,132,23
14,133,23
14,134,24
14,135,24
14,136,24
14,137,24
14,138,24
14,139,24
14,140,23
14,141,23
14,142,24
14,143,24
14,144,23
14,145,23
14,146,24
14,147,24
14,148,24
14,149,24
15,0,26
15,1,27
15,2,28
15,3,29
15,4,29
15,5,30
15,6,30
15,7,29
15,8,26
15,9,26
15,10,26
15,11,26
15,12,26
15,13,25
15,14,24
15,15,23
15,16,21
15,17,19
15,18,21
15,19,24
15,20,23
15,21,23
15,22,24
15,23,24
15,24,23
15,25,24
15,26,26
15,27,27
15,28,27
15,29,29
15,30,31
15,31,33
15,32,33
15,33,33
15,34,32
15,35,32
15,36,31
15,37,31
15,38,30
15,39,30
15,40,27
15,41,26
15,42,25
15,43,24
15,44,23
15,45,22
15,46,21
15,47,21
15,48,19
15,49,19
15,50,19
15,51,18
15,52,18
15,53,18
15,54,18
15,55,18
15,56,19
15,57,19
15,58,19
15,59,20
15,60,20
15,61,20
15,62,20
15,63,20
15,64,22
15,65,22
15,66,22
15,67,22
15,68,22
15,69,22
15,70,23
15,71,24
15,72,21
15,73,22
15,74,22
15,75,22
15,76,22
15,77,22
15,78,23
15,79,23
15,80,22
15,81,21
15,82,21
15,83,21
15,84,23
15,85,23
15,86,23
15,87,22
15,88,22
15,89,24
15,90,23
15,91,22
15,92,24
15,93,23
15,94,21
15,95,24
15,96,23
15,97,23
15,98,23
15,99,22
15,100,22
15,101,22
15,102,23
15,103,24
15,104,22
15,105,22
15,106,22
15,107,22
15,108,22
15,109,22
15,110,22
15,111,22
15,112,20
15,113,21
15,114,23
15,115,23
15,116,22
15,117,22
15,118,22
15,119,22
15,120,23
15,121,24
15,122,24
15,123,23
15,124,23
15,125,23
15,126,23
15,127,23
15,128,22
15,129,23
15,130,24
15,131,24
15,132,23
15,133,23
15,134,24
15,135,25
15,136,24
15,137,25
15,138,25
15,139,24
15,140,24
15,141,24
15,142,25
15,143,25
15,144,25
15,145,24
15,146,24
15,147,24
15,148,24
15,149,24
16,0,23
16,1,26
16,2,28
16,3,29
16,4,28
16,5,27
16,6,29
16,7,30
16,8,25
16,9,27
16,10,28
16,11,28
16,12,27
16,13,25
16,14,23
16,15,22
16,16,19
16,17,20
16,18,20
16,19,21
16,20,23
16,21,24
16,22,23
16,23,23
16,24,24
16,25,25
16,26,25
16,27,26
16,28,28
16,29,32
16,30,34
16,31,35
16,32,32
16,33,32
16,34,32
16,35,33
16,36,33
16,37,31
16,38,29
16,39,29
16,40,28
16,41,27
16,42,26
16,43,25
16,44,23
16,45,22
16,46,20
16,47,19
16,48,17
16,49,20
16,50,20
16,51,17
16,52,16
16,53,18
16,54,19
16,55,18
16,56,19
16,57,19
16,58,19
16,59,19
16,60,20
16,61,21
16,62,21
16,63,20
16,64,19
16,65,20
16,66,22
16,67,22
16,68,22
16,69,22
16,70,22
16,71,23
16,72,21
16,73,22
16,74,22
16,75,22
16,76,22
16,77,21
16,78,21
16,79,22
16,80,21
16,81,21
16,82,21
16,83,21
16,84,21
16,85,21
16,86,22
16,87,22
16,88,23
16,89,23
16,90,23
16,91,23
16,92,23
16,93,23
16,94,22
16,95,22
16,96,22
16,97,21
16,98,21
16,99,21
16,100,21
16,101,22
16,102,22
16,103,22
16,104,21
16,105,22
16,106,22
16,107,22
16,108,22
16,109,22
16,110,22
16,111,23
16,112,21
16,113,21
16,114,22
16,115,22
16,116,23
16,117,23
16,118,23
16,119,22
16,120,22
16,121,22
16,122,22
16,123,23
16,124,24
16,125,24
16,126,24
16,127,24
16,128,22
16,129,23
16,130,23
16,131,24
16,132,24
16,133,24
16,134,24
16,135,24
16,136,24
16,137,25
16,138,26
16,139,25
16,140,24
16,141,24
16,142,25
16,143,26
16,144,25
16,145,25
16,146,25
16,147,25
16,148,24
16,149,23
17,0,24
17,1,26
17,2,28
17,3,29
17,4,28
17,5,27
17,6,28
17,7,29
17,8,29
17,9,28
17,10,27
17,11,26
17,12,26
17,13,25
17,14,24
17,15,23
17,16,22
17,17,22
17,18,21
17,19,21
17,20,23
17,21,24
17,22,23
17,23,24
17,24,23
17,25,24
17,26,26
17,27,27
17,28,30
17,29,34
17,30,36
17,31,36
17,32,35
17,33,34
17,34,33
17,35,33
17,36,32
17,37,31
17,38,31
17,39,32
17,40,29
17,41,28
17,42,27
17,43,25
17,44,24
17,45,23
17,46,21
17,47,20
17,48,20
17,49,21
17,50,20
17,51,18
17,52,18
17,53,19
17,54,19
17,55,18
17,56,19
17,57,19
17,58,19
17,59,20
17,60,21
17,61,21
17,62,21
17,63,21
17,64,20
17,65,21
17,66,22
17,67,22
17,68,23
17,69,23
17,70,23
17,71,23
17,72,22
17,73,22
17,74,22
17,75,22
17,76,22
17,77,21
17,78,21
17,79,21
17,80,22
17,81,22
17,82,22
17,83,22
17,84,22
17,85,22
17,86,22
17,87,22
17,88,22
17,89,22
17,90,22
17,91,22
17,92,23
17,93,23
17,94,23
17,95,23
17,96,23
17,97,23
17,98,22
17,99,22
17,100,22
17,101,22
17,102,23
17,103,23
17,104,22
17,105,22
17,106,23
17,107,22
17,108,21
17,109,21
17,110,21
17,111,21
17,112,21
17,113,21
17,114,22
17,115,22
17,116,23
17,117,23
17,118,23
17,119,23
17,120,22
17,121,22
17,122,22
17,123,23
17,124,24
17,125,24
17,126,24
17,127,23
17,128,24
17,129,24
17,130,24
17,131,23
17,132,23
17,133,23
17,134,24
17,135,24
17,136,24
17,137,25
17,138,26
17,139,25
17,140,25
17,141,24
17,142,25
17,143,26
17,144,25
17,145,25
17,146,25
17,147,25
17,148,24
17,149,24
18,0,27
18,1,26
18,2,27
18,3,28
18,4,29
18,5,27
18,6,27
18,7,29
18,8,31
18,9,29
18,10,26
18,11,24
18,12,25
18,13,26
18,14,26
18,15,25
18,16,23
18,17,23
18,18,20
18,19,19
18,20,20
18,21,21
18,22,21
18,23,23
18,24,23
18,25,26
18,26,28
18,27,30
18,28,33
18,29,35
18,30,37
18,31,36
18,32,37
18,33,36
18,34,35
18,35,34
18,36,34
18,37,33
18,38,33
18,39,34
18,40,31
18,41,30
18,42,28
18,43,27
18,44,26
18,45,24
18,46,23
18,47,22
18,48,23
18,49,22
18,50,21
18,51,20
18,52,19
18,53,19
18,54,18
18,55,18
18,56,19
18,57,19
18,58,19
18,59,20
18,60,20
18,61,21
18,62,21
18,63,21
18,64,22
18,65,22
18,66,22
18,67,23
18,68,23
18,69,24
18,70,24
18,71,23
18,72,23
18,73,23
18,74,22
18,75,22
18,76,22
18,77,21
18,78,21
18,79,20
18,80,22
18,81,22
18,82,22
18,83,22
18,84,22
18,85,22
18,86,22
18,87,22
18,88,21
18,89,21
18,90,22
18,91,22
18,92,22
18,93,22
18,94,23
18,95,23
18,96,22
18,97,22
18,98,22
18,99,22
18,100,21
18,101,21
18,102,21
18,103,22
18,104,22
18,105,23
18,106,23
18,107,22
18,108,21
18,109,21
18,110,21
18,111,21
18,112,21
18,113,22
18,114,22
18,115,22
18,116,23
18,117,23
18,118,23
18,119,23
18,120,23
18,121,23
18,122,23
18,123,23
18,124,24
18,125,24
18,126,23
18,127,23
18,128,25
18,129,25
18,130,24
18,131,23
18,132,23
18,133,23
18,134,24
18,135,25
18,136,25
18,137,25
18,138,26
18,139,25
18,140,25
18,141,24
18,142,25
18,143,25
18,144,25
18,145,25
18,146,25
18,147,25
18,148,25
18,149,25
19,0,29
19,1,27
19,2,26
19,3,28
19,4,29
19,5,28
19,6,28
19,7,29
19,8,31
19,9,29
19,10,26
19,11,25
19,12,25
19,13,26
19,14,26
19,15,25
19,16,23
19,17,22
19,18,19
19,19,17
19,20,18
19,21,19
19,22,20
19,23,22
19,24,25
19,25,28
19,26,31
19,27,33
19,28,35
19,29,37
19,30,37
19,31,36
19,32,37
19,33,37
19,34,36
19,35,37
19,36,36
19,37,35
19,38,34
19,39,34
19,40,33
19,41,31
19,42,30
19,43,28
19,44,27
19,45,26
19,46,25
19,47,24
19,48,25
19,49,23
19,50,22
19,51,21
19,52,21
19,53,20
19,54,19
19,55,18
19,56,20
19,57,20
19,58,20
19,59,20
19,60,20
19,61,21
19,62,21
19,63,21
19,64,23
19,65,23
19,66,22
19,67,22
19,68,23
19,69,24
19,70,24
19,71,23
19,72,23
19,73,23
19,74,22
19,75,22
19,76,22
19,77,22
19,78,21
19,79,20
19,80,22
19,81,22
19,82,22
19,83,22
19,84,22
19,85,22
19,86,22
19,87,22
19,88,22
19,89,22
19,90,22
19,91,22
19,92,22
19,93,21
19,94,21
19,95,21
19,96,22
19,97,22
19,98,22
19,99,22
19,100,21
19,101,21
19,102,21
19,103,21
19,104,22
19,105,22
19,106,22
19,107,22
19,108,22
19,109,22
19,110,22
19,111,22
19,112,21
19,113,21
19,114,22
19,115,22
19,116,22
19,117,23
19,118,23
19,119,23
19,120,24
19,121,23
19,122,23
19,123,23
19,124,23
19,125,23
19,126,23
19,127,23
19,128,24
19,129,24
19,130,23
19,131,23
19,132,24
19,133,24
19,134,25
19,135,26
19,136,25
19,137,25
19,138,26
19,139,25
19,140,25
19,141,24
19,142,24
19,143,25
19,144,24
19,145,25
19,146,25
19,147,25
19,148,25
19,149,25
20,0,31
20,1,28
20,2,27
20,3,28
20,4,30
20,5,30
20,6,29
20,7,29
20,8,28
20,9,28
20,10,28
20,11,27
20,12,26
20,13,25
20,14,25
20,15,25
20,16,23
20,17,23
20,18,20
20,19,18
20,20,19
20,21,20
20,22,22
20,23,24
20,24,26
20,25,29
20,26,32
20,27,35
20,28,37
20,29,38
20,30,37
20,31,36
20,32,38
20,33,37
20,34,37
20,35,38
20,36,37
20,37,35
20,38,35
20,39,35
20,40,33
20,41,32
20,42,30
20,43,29
20,44,28
20,45,27
20,46,27
20,47,26
20,48,27
20,49,24
20,50,23
20,51,23
20,52,23
20,53,22
20,54,20
20,55,19
20,56,20
20,57,20
20,58,20
20,59,20
20,60,20
20,61,21
20,62,21
20,63,21
20,64,24
20,65,23
20,66,22
20,67,22
20,68,23
20,69,24
20,70,23
20,71,23
20,72,23
20,73,22
20,74,21
20,75,21
20,76,22
20,77,22
20,78,22
20,79,21
20,80,21
20,81,22
20,82,22
20,83,22
20,84,22
20,85,22
20,86,22
20,87,22
20,88,22
20,89,22
20,90,22
20,91,22
20,92,21
20,93,21
20,94,21
20,95,21
20,96,23
20,97,23
20,98,23
20,99,23
20,100,22
20,101,22
20,102,22
20,103,22
20,104,22
20,105,22
20,106,22
20,107,22
20,108,22
20,109,22
20,110,22
20,111,22
20,112,21
20,113,21
20,114,21
20,115,21
20,116,22
20,117,22
20,118,22
20,119,23
20,120,24
20,121,24
20,122,24
20,123,24
20,124,24
20,125,23
20,126,23
20,127,23
20,128,23
20,129,24
20,130,24
20,131,24
20,132,25
20,133,25
20,134,25
20,135,25
20,136,25
20,137,25
20,138,26
20,139,25
20,140,25
20,141,24
20,142,24
20,143,24
20,144,24
20,145,25
20,146,25
20,147,25
20,148,25
20,149,24
21,0,32
21,1,30
21,2,28
21,3,28
21,4,30
21,5,31
21,6,31
21,7,30
21,8,27
21,9,28
21,10,28
21,11,28
21,12,27
21,13,25
21,14,25
21,15,24
21,16,23
21,17,23
21,18,21
21,19,19
21,20,21
21,21,22
21,22,23
21,23,26
21,24,27
21,25,30
21,26,33
21,27,36
21,28,38
21,29,40
21,30,39
21,31,38
21,32,39
21,33,38
21,34,37
21,35,37
21,36,36
21,37,35
21,38,35
21,39,36
21,40,34
21,41,33
21,42,31
21,43,30
21,44,30
21,45,29
21,46,28
21,47,28
21,48,28
21,49,26
21,50,25
21,51,24
21,52,24
21,53,24
21,54,23
21,55,21
21,56,22
21,57,22
21,58,22
21,59,22
21,60,21
21,61,21
21,62,22
21,63,22
21,64,23
21,65,23
21,66,22
21,67,23
21,68,23
21,69,23
21,70,23
21,71,22
21,72,22
21,73,22
21,74,21
21,75,21
21,76,22
21,77,22
21,78,22
21,79,22
21,80,21
21,81,21
21,82,22
21,83,22
21,84,22
21,85,22
21,86,22
21,87,22
21,88,21
21,89,21
21,90,21
21,91,21
21,92,21
21,93,21
21,94,21
21,95,21
21,96,22
21,97,22
21,98,23
21,99,23
21,100,22
21,101,22
21,102,22
21,103,22
21,104,23
21,105,22
21,106,22
21,107,22
21,108,22
21,109,22
21,110,22
21,111,21
21,112,21
21,113,21
21,114,21
21,115,21
21,116,21
21,117,22
21,118,22
21,119,23
21,120,24
21,121,24
21,122,25
21,123,24
21,124,24
21,125,23
21,126,23
21,127,23
21,128,24
21,129,24
21,130,25
21,131,25
21,132,25
21,133,24
21,134,24
21,135,23
21,136,25
21,137,25
21,138,26
21,139,25
21,140,25
21,141,25
21,142,24
21,143,24
21,144,25
21,145,25
21,146,25
21,147,25
21,148,24
21,149,24
22,0,33
22,1,33
22,2,30
22,3,28
22,4,30
22,5,32
22,6,32
22,7,30
22,8,28
22,9,28
22,10,28
22,11,28
22,12,27
22,13,27
22,14,26
22,15,25
22,16,23
22,17,24
22,18,23
22,19,22
22,20,23
22,21,24
22,22,25
22,23,27
22,24,29
22,25,32
22,26,35
22,27,37
22,28,39
22,29,41
22,30,41
22,31,39
22,32,39
22,33,38
22,34,37
22,35,37
22,36,37
22,37,35
22,38,35
22,39,36
22,40,34
22,41,33
22,42,32
22,43,32
22,44,31
22,45,31
22,46,30
22,47,29
22,48,29
22,49,29
22,50,28
22,51,26
22,52,26
22,53,26
22,54,25
22,55,23
22,56,24
22,57,24
22,58,24
22,59,23
22,60,22
22,61,22
22,62,23
22,63,23
22,64,22
22,65,23
22,66,23
22,67,23
22,68,23
22,69,23
22,70,23
22,71,23
22,72,22
22,73,22
22,74,22
22,75,22
22,76,21
22,77,22
22,78,22
22,79,23
22,80,20
22,81,21
22,82,21
22,83,22
22,84,22
22,85,22
22,86,22
22,87,22
22,88,21
22,89,21
22,90,21
22,91,21
22,92,21
22,93,21
22,94,21
22,95,21
22,96,20
22,97,21
22,98,22
22,99,22
22,100,22
22,101,21
22,102,22
22,103,22
22,104,22
22,105,22
22,106,22
22,107,22
22,108,22
22,109,23
22,110,22
22,111,22
22,112,21
22,113,21
22,114,21
22,115,21
22,116,22
22,117,22
22,118,23
22,119,23
22,120,24
22,121,25
22,122,25
22,123,25
22,124,24
22,125,24
22,126,24
22,127,24
22,128,23
22,129,24
22,130,24
22,131,25
22,132,25
22,133,24
22,134,24
22,135,23
22,136,25
22,137,25
22,138,25
22,139,25
22,140,25
22,141,25
22,142,24
22,143,24
22,144,24
22,145,25
22,146,25
22,147,25
22,148,24
22,149,24
23,0,34
23,1,34
23,2,32
23,3,29
23,4,29
23,5,32
23,6,32
23,7,29
23,8,30
23,9,29
23,10,27
23,11,27
23,12,28
23,13,28
23,14,27
23,15,25
23,16,25
23,17,26
23,18,26
23,19,26
23,20,27
23,21,27
23,22,28
23,23,30
23,24,32
23,25,34
23,26,37
23,27,38
23,28,40
23,29,41
23,30,41
23,31,39
23,32,37
23,33,37
23,34,38
23,35,39
23,36,38
23,37,36
23,38,35
23,39,34
23,40,34
23,41,34
23,42,33
23,43,33
23,44,32
23,45,32
23,46,31
23,47,30
23,48,30
23,49,31
23,50,30
23,51,27
23,52,27
23,53,28
23,54,27
23,55,24
23,56,25
23,57,25
23,58,25
23,59,24
23,60,23
23,61,23
23,62,24
23,63,24
23,64,22
23,65,23
23,66,24
23,67,24
23,68,23
23,69,23
23,70,23
23,71,23
23,72,22
23,73,23
23,74,23
23,75,22
23,76,21
23,77,21
23,78,22
23,79,23
23,80,20
23,81,20
23,82,21
23,83,22
23,84,22
23,85,22
23,86,22
23,87,22
23,88,22
23,89,22
23,90,21
23,91,21
23,92,21
23,93,21
23,94,20
23,95,20
23,96,21
23,97,22
23,98,23
23,99,23
23,100,23
23,101,22
23,102,23
23,103,24
23,104,21
23,105,21
23,106,21
23,107,22
23,108,23
23,109,24
23,110,24
23,111,23
23,112,22
23,113,22
23,114,22
23,115,22
23,116,22
23,117,23
23,118,23
23,119,24
23,120,24
23,121,25
23,122,25
23,123,25
23,124,24
23,125,24
23,126,24
23,127,24
23,128,23
23,129,23
23,130,23
23,131,24
23,132,24
23,133,24
23,134,24
23,135,24
23,136,25
23,137,25
23,138,25
23,139,25
23,140,25
23,141,25
23,142,25
23,143,24
23,144,24
23,145,25
23,146,25
23,147,25
23,148,24
23,149,24
24,0,32
24,1,37
24,2,32
24,3,32
24,4,29
24,5,32
24,6,34
24,7,32
24,8,33
24,9,32
24,10,29
24,11,27
24,12,27
24,13,28
24,14,29
24,15,29
24,16,28
24,17,30
24,18,28
24,19,29
24,20,29
24,21,29
24,22,33
24,23,34
24,24,35
24,25,37
24,26,38
24,27,39
24,28,40
24,29,42
24,30,41
24,31,40
24,32,40
24,33,39
24,34,39
24,35,39
24,36,38
24,37,37
24,38,36
24,39,35
24,40,33
24,41,32
24,42,32
24,43,32
24,44,33
24,45,33
24,46,33
24,47,32
24,48,31
24,49,32
24,50,32
24,51,29
24,52,28
24,53,28
24,54,27
24,55,27
24,56,25
24,57,24
24,58,23
24,59,23
24,60,22
24,61,22
24,62,22
24,63,22
24,64,23
24,65,23
24,66,23
24,67,24
24,68,24
24,69,24
24,70,23
24,71,23
24,72,22
24,73,23
24,74,23
24,75,22
24,76,21
24,77,22
24,78,21
24,79,20
24,80,21
24,81,20
24,82,22
24,83,23
24,84,22
24,85,23
24,86,23
24,87,21
24,88,20
24,89,22
24,90,21
24,91,21
24,92,22
24,93,21
24,94,20
24,95,21
24,96,19
24,97,24
24,98,20
24,99,21
24,100,22
24,101,20
24,102,22
24,103,23
24,104,19
24,105,24
24,106,21
24,107,29
24,108,23
24,109,21
24,110,22
24,111,25
24,112,19
24,113,20
24,114,22
24,115,23
24,116,22
24,117,21
24,118,23
24,119,25
24,120,25
24,121,25
24,122,25
24,123,25
24,124,25
24,125,24
24,126,24
24,127,23
24,128,23
24,129,23
24,130,24
24,131,24
24,132,25
24,133,25
24,134,25
24,135,25
24,136,25
24,137,25
24,138,25
24,139,25
24,140,25
24,141,26
24,142,26
24,143,26
24,144,23
24,145,25
24,146,25
24,147,24
24,148,25
24,149,27
25,0,41
25,1,36
25,2,35
25,3,32
25,4,32
25,5,36
25,6,31
25,7,36
25,8,32
25,9,32
25,10,30
25,11,28
25,12,28
25,13,30
25,14,31
25,15,30
25,16,30
25,17,32
25,18,31
25,19,32
25,20,32
25,21,32
25,22,36
25,23,37
25,24,40
25,25,41
25,26,43
25,27,43
25,28,42
25,29,42
25,30,40
25,31,38
25,32,41
25,33,41
25,34,40
25,35,39
25,36,39
25,37,37
25,38,36
25,39,35
25,40,32
25,41,32
25,42,32
25,43,32
25,44,33
25,45,34
25,46,34
25,47,33
25,48,35
25,49,34
25,50,31
25,51,29
25,52,29
25,53,29
25,54,27
25,55,24
25,56,25
25,57,24
25,58,24
25,59,23
25,60,23
25,61,23
25,62,23
25,63,23
25,64,23
25,65,23
25,66,23
25,67,24
25,68,24
25,69,24
25,70,23
25,71,22
25,72,22
25,73,23
25,74,23
25,75,22
25,76,21
25,77,22
25,78,21
25,79,20
25,80,23
25,81,21
25,82,21
25,83,20
25,84,19
25,85,21
25,86,24
25,87,24
25,88,22
25,89,20
25,90,20
25,91,22
25,92,23
25,93,20
25,94,19
25,95,20
25,96,22
25,97,17
25,98,23
25,99,22
25,100,19
25,101,21
25,102,18
25,103,22
25,104,24
25,105,21
25,106,21
25,107,7
25,108,10
25,109,24
25,110,23
25,111,20
25,112,26
25,113,23
25,114,22
25,115,22
25,116,23
25,117,23
25,118,23
25,119,24
25,120,25
25,121,25
25,122,25
25,123,25
25,124,24
25,125,24
25,126,24
25,127,23
25,128,24
25,129,24
25,130,24
25,131,24
25,132,24
25,133,24
25,134,24
25,135,25
25,136,25
25,137,25
25,138,25
25,139,25
25,140,25
25,141,25
25,142,25
25,143,25
25,144,25
25,145,26
25,146,26
25,147,25
25,148,25
25,149,25
26,0,37
26,1,37
26,2,34
26,3,32
26,4,36
26,5,35
26,6,34
26,7,31
26,8,32
26,9,32
26,10,31
26,11,31
26,12,31
26,13,33
26,14,33
26,15,32
26,16,33
26,17,35
26,18,34
26,19,36
26,20,36
26,21,36
26,22,40
26,23,41
26,24,42
26,25,45
26,26,47
26,27,46
26,28,45
26,29,44
26,30,42
26,31,40
26,32,43
26,33,42
26,34,41
26,35,40
26,36,39
26,37,37
26,38,36
26,39,34
26,40,31
26,41,31
26,42,31
26,43,32
26,44,34
26,45,34
26,46,34
26,47,34
26,48,34
26,49,33
26,50,31
26,51,30
26,52,30
26,53,30
26,54,29
26,55,27
26,56,24
26,57,24
26,58,24
26,59,24
26,60,24
26,61,24
26,62,24
26,63,24
26,64,24
26,65,24
26,66,24
26,67,24
26,68,24
26,69,24
26,70,23
26,71,22
26,72,22
26,73,23
26,74,23
26,75,22
26,76,21
26,77,22
26,78,22
26,79,21
26,80,20
26,81,20
26,82,22
26,83,23
26,84,21
26,85,21
26,86,22
26,87,22
26,88,22
26,89,20
26,90,20
26,91,20
26,92,19
26,93,19
26,94,20
26,95,21
26,96,20
26,97,21
26,98,20
26,99,22
26,100,20
26,101,19
26,102,24
26,103,20
26,104,20
26,105,18
26,106,28
26,107,78
26,108,65
26,109,24
26,110,25
26,111,18
26,112,21
26,113,19
26,114,20
26,115,22
26,116,24
26,117,25
26,118,24
26,119,23
26,120,25
26,121,25
26,122,24
26,123,24
26,124,24
26,125,24
26,126,24
26,127,24
26,128,25
26,129,24
26,130,24
26,131,24
26,132,23
26,133,23
26,134,24
26,135,24
26,136,25
26,137,25
26,138,25
26,139,25
26,140,25
26,141,25
26,142,25
26,143,25
26,144,25
26,145,25
26,146,25
26,147,25
26,148,25
26,149,25
27,0,42
27,1,41
27,2,36
27,3,36
27,4,36
27,5,29
27,6,35
27,7,37
27,8,33
27,9,34
27,10,34
27,11,33
27,12,34
27,13,35
27,14,35
27,15,34
27,16,36
27,17,37
27,18,38
27,19,39
27,20,39
27,21,39
27,22,42
27,23,44
27,24,44
27,25,46
27,26,48
27,27,48
27,28,47
27,29,45
27,30,44
27,31,43
27,32,44
27,33,43
27,34,41
27,35,39
27,36,38
27,37,36
27,38,35
27,39,34
27,40,31
27,41,31
27,42,32
27,43,33
27,44,34
27,45,35
27,46,35
27,47,35
27,48,33
27,49,33
27,50,33
27,51,31
27,52,30
27,53,29
27,54,29
27,55,29
27,56,24
27,57,25
27,58,25
27,59,25
27,60,25
27,61,25
27,62,24
27,63,24
27,64,24
27,65,24
27,66,24
27,67,24
27,68,24
27,69,24
27,70,23
27,71,22
27,72,22
27,73,23
27,74,23
27,75,22
27,76,22
27,77,22
27,78,22
27,79,21
27,80,23
27,81,23
27,82,23
27,83,22
27,84,20
27,85,20
27,86,21
27,87,21
27,88,19
27,89,21
27,90,22
27,91,20
27,92,18
27,93,20
27,94,22
27,95,22
27,96,21
27,97,20
27,98,23
27,99,25
27,100,26
27,101,22
27,102,21
27,103,21
27,104,26
27,105,34
27,106,77
27,107,139
27,108,116
27,109,6
27,110,26
27,111,23
27,112,23
27,113,23
27,114,23
27,115,23
27,116,23
27,117,22
27,118,22
27,119,23
27,120,25
27,121,25
27,122,24
27,123,24
27,124,23
27,125,24
27,126,24
27,127,24
27,128,25
27,129,24
27,130,24
27,131,23
27,132,23
27,133,23
27,134,24
27,135,24
27,136,25
27,137,25
27,138,25
27,139,25
27,140,25
27,141,25
27,142,25
27,143,25
27,144,25
27,145,25
27,146,25
27,147,25
27,148,25
27,149,25
28,0,49
28,1,42
28,2,42
28,3,37
28,4,37
28,5,40
28,6,38
28,7,37
28,8,36
28,9,36
28,10,36
28,11,36
28,12,36
28,13,37
28,14,37
28,15,36
28,16,38
28,17,39
28,18,41
28,19,41
28,20,41
28,21,42
28,22,44
28,23,46
28,24,47
28,25,49
28,26,49
28,27,48
28,28,46
28,29,45
28,30,44
28,31,43
28,32,43
28,33,41
28,34,39
28,35,38
28,36,36
28,37,34
28,38,33
28,39,32
28,40,32
28,41,33
28,42,33
28,43,34
28,44,35
28,45,36
28,46,36
28,47,36
28,48,34
28,49,34
28,50,33
28,51,32
28,52,30
28,53,28
28,54,27
28,55,28
28,56,25
28,57,25
28,58,25
28,59,25
28,60,25
28,61,24
28,62,24
28,63,24
28,64,23
28,65,23
28,66,23
28,67,24
28,68,24
28,69,24
28,70,24
28,71,23
28,72,22
28,73,22
28,74,22
28,75,22
28,76,21
28,77,22
28,78,22
28,79,21
28,80,21
28,81,21
28,82,21
28,83,21
28,84,21
28,85,22
28,86,23
28,87,24
28,88,19
28,89,20
28,90,22
28,91,22
28,92,21
28,93,21
28,94,21
28,95,20
28,96,22
28,97,22
28,98,24
28,99,20
28,100,21
28,101,20
28,102,26
28,103,25
28,104,34
28,105,70
28,106,111
28,107,147
28,108,98
28,109,3
28,110,23
28,111,21
28,112,21
28,113,21
28,114,22
28,115,24
28,116,24
28,117,24
28,118,24
28,119,24
28,120,25
28,121,25
28,122,24
28,123,24
28,124,23
28,125,24
28,126,24
28,127,24
28,128,24
28,129,24
28,130,23
28,131,23
28,132,23
28,133,24
28,134,24
28,135,24
28,136,25
28,137,25
28,138,26
28,139,26
28,140,26
28,141,26
28,142,26
28,143,26
28,144,27
28,145,26
28,146,26
28,147,25
28,148,25
28,149,24
29,0,54
29,1,45
29,2,42
29,3,44
29,4,37
29,5,40
29,6,41
29,7,39
29,8,39
29,9,39
29,10,38
29,11,38
29,12,38
29,13,40
29,14,40
29,15,39
29,16,41
29,17,41
29,18,44
29,19,44
29,20,44
29,21,45
29,22,46
29,23,48
29,24,49
29,25,49
29,26,49
29,27,48
29,28,47
29,29,46
29,30,45
29,31,44
29,32,40
29,33,39
29,34,37
29,35,35
29,36,33
29,37,32
29,38,31
29,39,30
29,40,33
29,41,33
29,42,34
29,43,35
29,44,36
29,45,37
29,46,37
29,47,37
29,48,36
29,49,33
29,50,31
29,51,31
29,52,31
29,53,30
29,54,28
29,55,27
29,56,26
29,57,25
29,58,25
29,59,25
29,60,25
29,61,24
29,62,24
29,63,24
29,64,23
29,65,23
29,66,23
29,67,23
29,68,24
29,69,24
29,70,24
29,71,23
29,72,22
29,73,22
29,74,22
29,75,22
29,76,21
29,77,22
29,78,21
29,79,20
29,80,21
29,81,23
29,82,22
29,83,22
29,84,23
29,85,22
29,86,20
29,87,20
29,88,24
29,89,22
29,90,20
29,91,21
29,92,23
29,93,21
29,94,20
29,95,22
29,96,22
29,97,28
29,98,52
29,99,67
29,100,56
29,101,27
29,102,27
29,103,32
29,104,59
29,105,105
29,106,143
29,107,138
29,108,56
29,109,14
29,110,26
29,111,23
29,112,24
29,113,22
29,114,22
29,115,23
29,116,25
29,117,26
29,118,25
29,119,25
29,120,25
29,121,25
29,122,24
29,123,24
29,124,24
29,125,24
29,126,24
29,127,24
29,128,23
29,129,23
29,130,23
29,131,24
29,132,24
29,133,24
29,134,25
29,135,25
29,136,25
29,137,25
29,138,26
29,139,26
29,140,27
29,141,27
29,142,27
29,143,27
29,144,26
29,145,26
29,146,25
29,147,26
29,148,25
29,149,24
30,0,104
30,1,72
30,2,46
30,3,56
30,4,44
30,5,42
30,6,44
30,7,42
30,8,42
30,9,42
30,10,41
30,11,40
30,12,40
30,13,42
30,14,43
30,15,43
30,16,43
30,17,43
30,18,47
30,19,47
30,20,47
30,21,49
30,22,49
30,23,52
30,24,51
30,25,51
30,26,50
30,27,49
30,28,48
30,29,47
30,30,45
30,31,42
30,32,37
30,33,36
30,34,33
30,35,31
30,36,30
30,37,29
30,38,28
30,39,28
30,40,31
30,41,31
30,42,32
30,43,34
30,44,35
30,45,36
30,46,36
30,47,36
30,48,35
30,49,33
30,50,31
30,51,31
30,52,32
30,53,31
30,54,29
30,55,29
30,56,27
30,57,27
30,58,26
30,59,25
30,60,24
30,61,24
30,62,24
30,63,24
30,64,23
30,65,23
30,66,23
30,67,23
30,68,24
30,69,24
30,70,24
30,71,23
30,72,22
30,73,22
30,74,22
30,75,21
30,76,21
30,77,21
30,78,21
30,79,20
30,80,18
30,81,20
30,82,19
30,83,20
30,84,23
30,85,23
30,86,22
30,87,23
30,88,22
30,89,26
30,90,23
30,91,19
30,92,22
30,93,22
30,94,22
30,95,25
30,96,25
30,97,32
30,98,112
30,99,158
30,100,136
30,101,55
30,102,18
30,103,68
30,104,121
30,105,154
30,106,166
30,107,111
30,108,13
30,109,31
30,110,23
30,111,26
30,112,29
30,113,26
30,114,23
30,115,22
30,116,23
30,117,23
30,118,24
30,119,25
30,120,25
30,121,25
30,122,24
30,123,24
30,124,24
30,125,24
30,126,24
30,127,24
30,128,23
30,129,23
30,130,24
30,131,24
30,132,24
30,133,25
30,134,25
30,135,25
30,136,24
30,137,25
30,138,25
30,139,26
30,140,26
30,141,26
30,142,26
30,143,26
30,144,25
30,145,24
30,146,25
30,147,26
30,148,26
30,149,25
31,0,144
31,1,120
31,2,97
31,3,79
31,4,41
31,5,45
31,6,45
31,7,46
31,8,44
31,9,43
31,10,42
31,11,41
31,12,42
31,13,44
31,14,45
31,15,45
31,16,44
31,17,45
31,18,49
31,19,49
31,20,49
31,21,52
31,22,52
31,23,55
31,24,55
31,25,54
31,26,53
31,27,51
31,28,49
31,29,47
31,30,42
31,31,38
31,32,35
31,33,34
31,34,31
31,35,29
31,36,28
31,37,28
31,38,27
31,39,27
31,40,28
31,41,28
31,42,29
31,43,31
31,44,33
31,45,34
31,46,34
31,47,34
31,48,36
31,49,35
31,50,34
31,51,33
31,52,31
31,53,28
31,54,28
31,55,29
31,56,28
31,57,27
31,58,26
31,59,25
31,60,25
31,61,24
31,62,24
31,63,24
31,64,23
31,65,23
31,66,23
31,67,23
31,68,24
31,69,24
31,70,23
31,71,23
31,72,22
31,73,22
31,74,22
31,75,21
31,76,21
31,77,21
31,78,21
31,79,20
31,80,22
31,81,24
31,82,25
31,83,25
31,84,26
31,85,20
31,86,12
31,87,8
31,88,11
31,89,28
31,90,30
31,91,21
31,92,22
31,93,25
31,94,24
31,95,25
31,96,21
31,97,45
31,98,143
31,99,198
31,100,173
31,101,72
31,102,38
31,103,124
31,104,176
31,105,187
31,106,158
31,107,63
31,108,20
31,109,29
31,110,25
31,111,6
31,112,1
31,113,5
31,114,15
31,115,23
31,116,25
31,117,25
31,118,24
31,119,24
31,120,25
31,121,25
31,122,25
31,123,24
31,124,24
31,125,24
31,126,24
31,127,24
31,128,23
31,129,24
31,130,24
31,131,25
31,132,25
31,133,25
31,134,25
31,135,24
31,136,24
31,137,25
31,138,25
31,139,26
31,140,26
31,141,26
31,142,25
31,143,25
31,144,26
31,145,25
31,146,25
31,147,26
31,148,26
31,149,24
32,0,139
32,1,142
32,2,146
32,3,134
32,4,94
32,5,66
32,6,49
32,7,48
32,8,44
32,9,51
32,10,47
32,11,44
32,12,47
32,13,47
32,14,48
32,15,50
32,16,47
32,17,51
32,18,52
32,19,50
32,20,51
32,21,57
32,22,57
32,23,54
32,24,54
32,25,52
32,26,52
32,27,51
32,28,46
32,29,43
32,30,40
32,31,37
32,32,34
32,33,32
32,34,30
32,35,28
32,36,26
32,37,25
32,38,23
32,39,23
32,40,27
32,41,28
32,42,29
32,43,29
32,44,30
32,45,30
32,46,31
32,47,32
32,48,32
32,49,32
32,50,32
32,51,32
32,52,31
32,53,30
32,54,29
32,55,29
32,56,27
32,57,28
32,58,27
32,59,26
32,60,25
32,61,26
32,62,25
32,63,24
32,64,23
32,65,23
32,66,23
32,67,23
32,68,22
32,69,22
32,70,22
32,71,23
32,72,22
32,73,23
32,74,23
32,75,22
32,76,21
32,77,22
32,78,21
32,79,19
32,80,20
32,81,25
32,82,25
32,83,20
32,84,9
32,85,37
32,86,69
32,87,92
32,88,104
32,89,111
32,90,103
32,91,67
32,92,24
32,93,16
32,94,25
32,95,28
32,96,15
32,97,54
32,98,139
32,99,185
32,100,168
32,101,75
32,102,86
32,103,164
32,104,192
32,105,190
32,106,116
32,107,23
32,108,22
32,109,3
32,110,38
32,111,82
32,112,111
32,113,126
32,114,90
32,115,18
32,116,25
32,117,28
32,118,24
32,119,23
32,120,24
32,121,27
32,122,25
32,123,23
32,124,24
32,125,24
32,126,24
32,127,25
32,128,24
32,129,24
32,130,23
32,131,23
32,132,23
32,133,24
32,134,24
32,135,25
32,136,24
32,137,26
32,138,26
32,139,25
32,140,25
32,141,26
32,142,26
32,143,25
32,144,25
32,145,26
32,146,26
32,147,25
32,148,25
32,149,27
33,0,148
33,1,136
33,2,143
33,3,143
33,4,141
33,5,119
33,6,74
33,7,57
33,8,57
33,9,49
33,10,50
33,11,49
33,12,51
33,13,51
33,14,47
33,15,54
33,16,52
33,17,51
33,18,53
33,19,57
33,20,58
33,21,57
33,22,56
33,23,57
33,24,56
33,25,53
33,26,51
33,27,49
33,28,45
33,29,42
33,30,39
33,31,35
33,32,32
33,33,30
33,34,28
33,35,26
33,36,24
33,37,24
33,38,23
33,39,23
33,40,26
33,41,27
33,42,28
33,43,28
33,44,29
33,45,29
33,46,30
33,47,31
33,48,30
33,49,31
33,50,31
33,51,31
33,52,30
33,53,29
33,54,29
33,55,29
33,56,27
33,57,27
33,58,27
33,59,25
33,60,25
33,61,25
33,62,25
33,63,24
33,64,23
33,65,23
33,66,24
33,67,23
33,68,23
33,69,22
33,70,22
33,71,23
33,72,24
33,73,24
33,74,23
33,75,21
33,76,20
33,77,20
33,78,20
33,79,20
33,80,20
33,81,6
33,82,3
33,83,29
33,84,80
33,85,122
33,86,159
33,87,183
33,88,196
33,89,187
33,90,175
33,91,160
33,92,121
33,93,71
33,94,30
33,95,30
33,96,28
33,97,47
33,98,144
33,99,186
33,100,177
33,101,120
33,102,117
33,103,174
33,104,195
33,105,163
33,106,76
33,107,41
33,108,72
33,109,109
33,110,142
33,111,167
33,112,181
33,113,173
33,114,108
33,115,7
33,116,26
33,117,21
33,118,24
33,119,28
33,120,25
33,121,27
33,122,26
33,123,24
33,124,25
33,125,25
33,126,24
33,127,25
33,128,24
33,129,24
33,130,23
33,131,23
33,132,23
33,133,24
33,134,25
33,135,25
33,136,25
33,137,26
33,138,26
33,139,26
33,140,25
33,141,26
33,142,26
33,143,26
33,144,26
33,145,26
33,146,26
33,147,25
33,148,25
33,149,27
34,0,156
34,1,147
34,2,156
34,3,146
34,4,135
34,5,137
34,6,132
34,7,98
34,8,65
34,9,60
34,10,54
34,11,51
34,12,49
34,13,51
34,14,55
34,15,52
34,16,55
34,17,55
34,18,56
34,19,58
34,20,58
34,21,57
34,22,54
34,23,53
34,24,55
34,25,51
34,26,48
34,27,46
34,28,43
34,29,41
34,30,38
34,31,34
34,32,30
34,33,28
34,34,25
34,35,23
34,36,22
34,37,22
34,38,22
34,39,23
34,40,24
34,41,25
34,42,26
34,43,27
34,44,27
34,45,27
34,46,28
34,47,29
34,48,28
34,49,28
34,50,29
34,51,29
34,52,29
34,53,28
34,54,28
34,55,28
34,56,26
34,57,26
34,58,26
34,59,25
34,60,24
34,61,24
34,62,24
34,63,23
34,64,23
34,65,23
34,66,23
34,67,23
34,68,23
34,69,22
34,70,22
34,71,22
34,72,22
34,73,22
34,74,21
34,75,20
34,76,20
34,77,21
34,78,22
34,79,22
34,80,17
34,81,116
34,82,162
34,83,163
34,84,173
34,85,186
34,86,180
34,87,176
34,88,183
34,89,204
34,90,207
34,91,201
34,92,187
34,93,155
34,94,110
34,95,50
34,96,6
34,97,53
34,98,143
34,99,181
34,100,173
34,101,137
34,102,141
34,103,169
34,104,181
34,105,154
34,106,129
34,107,148
34,108,159
34,109,162
34,110,156
34,111,139
34,112,109
34,113,82
34,114,44
34,115,19
34,116,24
34,117,27
34,118,23
34,119,22
34,120,25
34,121,27
34,122,26
34,123,25
34,124,26
34,125,26
34,126,25
34,127,24
34,128,24
34,129,23
34,130,23
34,131,23
34,132,23
34,133,24
34,134,25
34,135,26
34,136,25
34,137,26
34,138,27
34,139,26
34,140,26
34,141,26
34,142,26
34,143,26
34,144,27
34,145,26
34,146,26
34,147,25
34,148,25
34,149,26
35,0,188
35,1,165
35,2,166
35,3,155
35,4,148
35,5,147
35,6,137
35,7,126
35,8,121
35,9,91
35,10,59
35,11,57
35,12,59
35,13,51
35,14,53
35,15,51
35,16,54
35,17,57
35,18,58
35,19,57
35,20,57
35,21,57
35,22,56
35,23,54
35,24,51
35,25,47
35,26,45
35,27,43
35,28,40
35,29,38
35,30,36
35,31,32
35,32,28
35,33,26
35,34,23
35,35,20
35,36,19
35,37,20
35,38,21
35,39,21
35,40,23
35,41,23
35,42,24
35,43,25
35,44,25
35,45,25
35,46,26
35,47,26
35,48,26
35,49,26
35,50,27
35,51,27
35,52,27
35,53,27
35,54,27
35,55,26
35,56,25
35,57,25
35,58,25
35,59,24
35,60,23
35,61,23
35,62,22
35,63,22
35,64,22
35,65,22
35,66,23
35,67,22
35,68,22
35,69,22
35,70,22
35,71,21
35,72,20
35,73,21
35,74,21
35,75,22
35,76,23
35,77,23
35,78,23
35,79,22
35,80,23
35,81,141
35,82,190
35,83,178
35,84,159
35,85,144
35,86,104
35,87,79
35,88,80
35,89,117
35,90,178
35,91,197
35,92,196
35,93,189
35,94,174
35,95,141
35,96,98
35,97,88
35,98,142
35,99,154
35,100,150
35,101,153
35,102,142
35,103,144
35,104,160
35,105,160
35,106,177
35,107,182
35,108,153
35,109,109
35,110,57
35,111,2
35,112,2
35,113,2
35,114,14
35,115,25
35,116,25
35,117,24
35,118,26
35,119,29
35,120,26
35,121,26
35,122,26
35,123,25
35,124,26
35,125,26
35,126,25
35,127,23
35,128,24
35,129,23
35,130,23
35,131,23
35,132,23
35,133,24
35,134,26
35,135,26
35,136,25
35,137,26
35,138,26
35,139,26
35,140,25
35,141,25
35,142,26
35,143,26
35,144,26
35,145,26
35,146,26
35,147,25
35,148,26
35,149,26
36,0,210
36,1,204
36,2,189
36,3,169
36,4,159
36,5,156
36,6,138
36,7,140
36,8,140
36,9,133
36,10,111
36,11,78
36,12,59
36,13,59
36,14,59
36,15,59
36,16,58
36,17,58
36,18,60
36,19,60
36,20,58
36,21,54
36,22,53
36,23,54
36,24,47
36,25,45
36,26,44
36,27,42
36,28,38
36,29,35
36,30,33
36,31,30
36,32,28
36,33,25
36,34,22
36,35,19
36,36,18
36,37,19
36,38,19
36,39,20
36,40,21
36,41,22
36,42,23
36,43,23
36,44,23
36,45,23
36,46,24
36,47,24
36,48,24
36,49,25
36,50,25
36,51,25
36,52,26
36,53,26
36,54,25
36,55,25
36,56,25
36,57,24
36,58,24
36,59,23
36,60,22
36,61,21
36,62,21
36,63,21
36,64,21
36,65,22
36,66,22
36,67,22
36,68,22
36,69,22
36,70,21
36,71,21
36,72,23
36,73,23
36,74,23
36,75,24
36,76,24
36,77,23
36,78,22
36,79,22
36,80,24
36,81,38
36,82,46
36,83,50
36,84,35
36,85,5
36,86,3
36,87,9
36,88,9
36,89,9
36,90,96
36,91,164
36,92,187
36,93,187
36,94,184
36,95,177
36,96,156
36,97,133
36,98,141
36,99,141
36,100,137
36,101,146
36,102,145
36,103,123
36,104,144
36,105,171
36,106,178
36,107,130
36,108,38
36,109,4
36,110,5
36,111,30
36,112,35
36,113,33
36,114,30
36,115,21
36,116,26
36,117,21
36,118,26
36,119,26
36,120,25
36,121,25
36,122,25
36,123,25
36,124,25
36,125,26
36,126,25
36,127,23
36,128,24
36,129,24
36,130,23
36,131,23
36,132,24
36,133,24
36,134,25
36,135,26
36,136,25
36,137,25
36,138,25
36,139,25
36,140,25
36,141,25
36,142,25
36,143,26
36,144,26
36,145,25
36,146,25
36,147,25
36,148,26
36,149,26
37,0,195
37,1,203
37,2,199
37,3,199
37,4,180
37,5,164
37,6,156
37,7,154
37,8,140
37,9,147
37,10,135
37,11,109
37,12,82
37,13,66
37,14,62
37,15,60
37,16,59
37,17,60
37,18,60
37,19,59
37,20,56
37,21,54
37,22,51
37,23,49
37,24,46
37,25,44
37,26,43
37,27,41
37,28,36
37,29,32
37,30,31
37,31,28
37,32,26
37,33,24
37,34,21
37,35,19
37,36,18
37,37,19
37,38,19
37,39,19
37,40,20
37,41,21
37,42,22
37,43,22
37,44,22
37,45,22
37,46,22
37,47,23
37,48,24
37,49,24
37,50,24
37,51,24
37,52,25
37,53,25
37,54,24
37,55,23
37,56,24
37,57,23
37,58,23
37,59,23
37,60,22
37,61,21
37,62,21
37,63,21
37,64,22
37,65,22
37,66,22
37,67,23
37,68,23
37,69,23
37,70,23
37,71,22
37,72,25
37,73,24
37,74,24
37,75,24
37,76,24
37,77,24
37,78,25
37,79,26
37,80,25
37,81,17
37,82,7
37,83,14
37,84,22
37,85,30
37,86,38
37,87,35
37,88,35
37,89,34
37,90,19
37,91,95
37,92,168
37,93,192
37,94,186
37,95,172
37,96,155
37,97,149
37,98,152
37,99,138
37,100,135
37,101,144
37,102,144
37,103,128
37,104,130
37,105,158
37,106,154
37,107,90
37,108,17
37,109,28
37,110,32
37,111,27
37,112,27
37,113,26
37,114,20
37,115,27
37,116,24
37,117,25
37,118,23
37,119,25
37,120,25
37,121,25
37,122,26
37,123,25
37,124,24
37,125,25
37,126,25
37,127,23
37,128,24
37,129,24
37,130,24
37,131,24
37,132,24
37,133,25
37,134,25
37,135,25
37,136,25
37,137,25
37,138,25
37,139,25
37,140,25
37,141,24
37,142,24
37,143,25
37,144,26
37,145,25
37,146,24
37,147,25
37,148,26
37,149,26
38,0,187
38,1,182
38,2,181
38,3,188
38,4,195
38,5,193
38,6,178
38,7,165
38,8,153
38,9,154
38,10,140
38,11,134
38,12,115
38,13,88
38,14,80
38,15,67
38,16,62
38,17,61
38,18,57
38,19,54
38,20,54
38,21,54
38,22,52
38,23,47
38,24,45
38,25,42
38,26,40
38,27,37
38,28,33
38,29,31
38,30,29
38,31,26
38,32,24
38,33,22
38,34,21
38,35,19
38,36,19
38,37,19
38,38,19
38,39,20
38,40,20
38,41,20
38,42,21
38,43,21
38,44,21
38,45,21
38,46,22
38,47,22
38,48,24
38,49,24
38,50,24
38,51,24
38,52,24
38,53,24
38,54,23
38,55,22
38,56,23
38,57,22
38,58,22
38,59,23
38,60,23
38,61,22
38,62,22
38,63,23
38,64,23
38,65,23
38,66,23
38,67,24
38,68,25
38,69,25
38,70,25
38,71,24
38,72,26
38,73,25
38,74,25
38,75,26
38,76,27
38,77,27
38,78,28
38,79,29
38,80,26
38,81,33
38,82,28
38,83,34
38,84,30
38,85,34
38,86,26
38,87,30
38,88,32
38,89,30
38,90,32
38,91,20
38,92,91
38,93,168
38,94,194
38,95,180
38,96,153
38,97,139
38,98,152
38,99,148
38,100,143
38,101,139
38,102,143
38,103,139
38,104,132
38,105,140
38,106,159
38,107,131
38,108,67
38,109,29
38,110,27
38,111,26
38,112,21
38,113,25
38,114,21
38,115,21
38,116,25
38,117,25
38,118,26
38,119,26
38,120,25
38,121,25
38,122,26
38,123,26
38,124,24
38,125,24
38,126,25
38,127,23
38,128,24
38,129,24
38,130,24
38,131,24
38,132,25
38,133,25
38,134,25
38,135,25
38,136,26
38,137,25
38,138,25
38,139,25
38,140,25
38,141,24
38,142,24
38,143,26
38,144,26
38,145,25
38,146,24
38,147,25
38,148,26
38,149,25
39,0,194
39,1,185
39,2,172
39,3,171
39,4,180
39,5,187
39,6,202
39,7,186
39,8,158
39,9,152
39,10,150
39,11,153
39,12,147
39,13,134
39,14,115
39,15,92
39,16,79
39,17,67
39,18,57
39,19,55
39,20,54
39,21,49
39,22,46
39,23,46
39,24,43
39,25,39
39,26,35
39,27,33
39,28,31
39,29,29
39,30,28
39,31,24
39,32,22
39,33,21
39,34,20
39,35,19
39,36,19
39,37,20
39,38,20
39,39,20
39,40,20
39,41,20
39,42,21
39,43,21
39,44,21
39,45,21
39,46,21
39,47,22
39,48,25
39,49,24
39,50,24
39,51,24
39,52,24
39,53,24
39,54,22
39,55,21
39,56,22
39,57,21
39,58,22
39,59,23
39,60,24
39,61,23
39,62,24
39,63,25
39,64,24
39,65,24
39,66,24
39,67,26
39,68,27
39,69,27
39,70,27
39,71,26
39,72,27
39,73,26
39,74,27
39,75,29
39,76,29
39,77,28
39,78,27
39,79,28
39,80,31
39,81,32
39,82,31
39,83,28
39,84,31
39,85,34
39,86,32
39,87,33
39,88,33
39,89,29
39,90,31
39,91,29
39,92,15
39,93,90
39,94,166
39,95,183
39,96,152
39,97,141
39,98,150
39,99,150
39,100,156
39,101,142
39,102,137
39,103,141
39,104,137
39,105,145
39,106,164
39,107,156
39,108,106
39,109,40
39,110,24
39,111,25
39,112,26
39,113,25
39,114,26
39,115,26
39,116,28
39,117,26
39,118,30
39,119,23
39,120,26
39,121,26
39,122,27
39,123,26
39,124,23
39,125,24
39,126,26
39,127,24
39,128,24
39,129,24
39,130,25
39,131,25
39,132,25
39,133,25
39,134,24
39,135,24
39,136,26
39,137,25
39,138,25
39,139,26
39,140,25
39,141,24
39,142,25
39,143,26
39,144,26
39,145,25
39,146,24
39,147,25
39,148,25
39,149,25
40,0,190
40,1,190
40,2,182
40,3,183
40,4,182
40,5,174
40,6,184
40,7,199
40,8,190
40,9,177
40,10,156
40,11,157
40,12,152
40,13,161
40,14,150
40,15,142
40,16,113
40,17,87
40,18,80
40,19,60
40,20,60
40,21,51
40,22,44
40,23,42
40,24,38
40,25,38
40,26,33
40,27,34
40,28,28
40,29,29
40,30,25
40,31,22
40,32,20
40,33,20
40,34,20
40,35,20
40,36,19
40,37,19
40,38,19
40,39,19
40,40,20
40,41,20
40,42,21
40,43,21
40,44,21
40,45,21
40,46,22
40,47,22
40,48,23
40,49,24
40,50,24
40,51,24
40,52,24
40,53,24
40,54,23
40,55,23
40,56,22
40,57,22
40,58,23
40,59,24
40,60,25
40,61,26
40,62,26
40,63,26
40,64,24
40,65,25
40,66,26
40,67,27
40,68,27
40,69,28
40,70,28
40,71,29
40,72,27
40,73,27
40,74,29
40,75,30
40,76,31
40,77,31
40,78,31
40,79,31
40,80,27
40,81,35
40,82,33
40,83,31
40,84,34
40,85,35
40,86,31
40,87,33
40,88,26
40,89,34
40,90,27
40,91,34
40,92,32
40,93,15
40,94,115
40,95,175
40,96,158
40,97,142
40,98,144
40,99,148
40,100,156
40,101,157
40,102,155
40,103,150
40,104,144
40,105,155
40,106,158
40,107,164
40,108,143
40,109,89
40,110,34
40,111,26
40,112,23
40,113,26
40,114,25
40,115,25
40,116,23
40,117,27
40,118,29
40,119,24
40,120,26
40,121,26
40,122,26
40,123,26
40,124,25
40,125,25
40,126,25
40,127,25
40,128,26
40,129,25
40,130,24
40,131,24
40,132,25
40,133,25
40,134,25
40,135,25
40,136,23
40,137,25
40,138,26
40,139,26
40,140,26
40,141,25
40,142,25
40,143,25
40,144,25
40,145,25
40,146,25
40,147,25
40,148,25
40,149,25
41,0,178
41,1,179
41,2,185
41,3,183
41,4,185
41,5,185
41,6,176
41,7,179
41,8,202
41,9,204
41,10,189
41,11,165
41,12,152
41,13,152
41,14,156
41,15,156
41,16,147
41,17,126
41,18,117
41,19,94
41,20,74
41,21,50
41,22,48
41,23,41
41,24,39
41,25,35
41,26,34
41,27,28
41,28,30
41,29,24
41,30,22
41,31,23
41,32,19
41,33,20
41,34,20
41,35,20
41,36,20
41,37,20
41,38,20
41,39,20
41,40,20
41,41,20
41,42,21
41,43,21
41,44,21
41,45,21
41,46,22
41,47,22
41,48,24
41,49,24
41,50,24
41,51,24
41,52,24
41,53,24
41,54,24
41,55,24
41,56,24
41,57,24
41,58,24
41,59,25
41,60,25
41,61,25
41,62,25
41,63,25
41,64,25
41,65,26
41,66,27
41,67,28
41,68,28
41,69,29
41,70,29
41,71,30
41,72,30
41,73,30
41,74,31
41,75,31
41,76,31
41,77,32
41,78,32
41,79,33
41,80,39
41,81,29
41,82,35
41,83,35
41,84,34
41,85,33
41,86,32
41,87,32
41,88,35
41,89,29
41,90,31
41,91,50
41,92,92
41,93,115
41,94,160
41,95,192
41,96,173
41,97,145
41,98,144
41,99,146
41,100,145
41,101,149
41,102,154
41,103,147
41,104,148
41,105,156
41,106,158
41,107,162
41,108,160
41,109,133
41,110,77
41,111,32
41,112,28
41,113,24
41,114,23
41,115,23
41,116,25
41,117,27
41,118,25
41,119,26
41,120,26
41,121,25
41,122,25
41,123,25
41,124,26
41,125,26
41,126,25
41,127,25
41,128,26
41,129,25
41,130,24
41,131,24
41,132,25
41,133,25
41,134,25
41,135,25
41,136,25
41,137,25
41,138,26
41,139,26
41,140,25
41,141,25
41,142,25
41,143,26
41,144,25
41,145,26
41,146,26
41,147,26
41,148,26
41,149,25
42,0,172
42,1,173
42,2,174
42,3,173
42,4,177
42,5,182
42,6,177
42,7,171
42,8,179
42,9,195
42,10,203
42,11,194
42,12,165
42,13,159
42,14,155
42,15,155
42,16,161
42,17,146
42,18,141
42,19,135
42,20,105
42,21,48
42,22,38
42,23,40
42,24,37
42,25,32
42,26,32
42,27,27
42,28,26
42,29,20
42,30,21
42,31,20
42,32,19
42,33,19
42,34,20
42,35,20
42,36,20
42,37,20
42,38,20
42,39,20
42,40,20
42,41,21
42,42,21
42,43,22
42,44,21
42,45,21
42,46,22
42,47,22
42,48,24
42,49,24
42,50,24
42,51,24
42,52,24
42,53,24
42,54,24
42,55,25
42,56,24
42,57,24
42,58,24
42,59,25
42,60,25
42,61,26
42,62,26
42,63,27
42,64,27
42,65,28
42,66,29
42,67,29
42,68,30
42,69,30
42,70,31
42,71,31
42,72,34
42,73,33
42,74,33
42,75,33
42,76,33
42,77,34
42,78,35
42,79,35
42,80,31
42,81,34
42,82,38
42,83,33
42,84,37
42,85,34
42,86,33
42,87,35
42,88,35
42,89,38
42,90,50
42,91,113
42,92,173
42,93,184
42,94,194
42,95,194
42,96,179
42,97,152
42,98,141
42,99,143
42,100,148
42,101,151
42,102,150
42,103,142
42,104,134
42,105,153
42,106,164
42,107,158
42,108,159
42,109,154
42,110,116
42,111,63
42,112,34
42,113,24
42,114,26
42,115,24
42,116,25
42,117,27
42,118,23
42,119,27
42,120,26
42,121,25
42,122,24
42,123,25
42,124,26
42,125,27
42,126,26
42,127,24
42,128,26
42,129,25
42,130,24
42,131,24
42,132,25
42,133,25
42,134,25
42,135,25
42,136,25
42,137,25
42,138,25
42,139,25
42,140,25
42,141,25
42,142,25
42,143,26
42,144,25
42,145,25
42,146,26
42,147,26
42,148,26
42,149,25
43,0,172
43,1,169
43,2,169
43,3,170
43,4,172
43,5,174
43,6,172
43,7,167
43,8,178
43,9,182
43,10,187
43,11,189
43,12,199
43,13,180
43,14,165
43,15,169
43,16,161
43,17,152
43,18,142
43,19,137
43,20,126
43,21,92
43,22,74
43,23,52
43,24,35
43,25,33
43,26,25
43,27,28
43,28,20
43,29,22
43,30,23
43,31,18
43,32,18
43,33,19
43,34,20
43,35,20
43,36,20
43,37,20
43,38,20
43,39,19
43,40,20
43,41,21
43,42,22
43,43,22
43,44,22
43,45,22
43,46,22
43,47,22
43,48,24
43,49,24
43,50,24
43,51,24
43,52,24
43,53,24
43,54,24
43,55,25
43,56,24
43,57,24
43,58,25
43,59,25
43,60,26
43,61,27
43,62,28
43,63,29
43,64,29
43,65,29
43,66,30
43,67,31
43,68,31
43,69,32
43,70,32
43,71,33
43,72,34
43,73,34
43,74,34
43,75,35
43,76,36
43,77,36
43,78,37
43,79,38
43,80,39
43,81,36
43,82,34
43,83,39
43,84,38
43,85,33
43,86,38
43,87,37
43,88,34
43,89,41
43,90,104
43,91,173
43,92,206
43,93,202
43,94,177
43,95,169
43,96,175
43,97,160
43,98,142
43,99,139
43,100,149
43,101,150
43,102,145
43,103,139
43,104,138
43,105,154
43,106,161
43,107,150
43,108,152
43,109,155
43,110,144
43,111,111
43,112,45
43,113,23
43,114,28
43,115,26
43,116,23
43,117,27
43,118,24
43,119,26
43,120,26
43,121,26
43,122,25
43,123,25
43,124,26
43,125,26
43,126,25
43,127,24
43,128,26
43,129,25
43,130,24
43,131,24
43,132,24
43,133,25
43,134,25
43,135,25
43,136,24
43,137,24
43,138,24
43,139,24
43,140,24
43,141,24
43,142,24
43,143,24
43,144,24
43,145,24
43,146,25
43,147,25
43,148,25
43,149,24
44,0,184
44,1,168
44,2,174
44,3,174
44,4,171
44,5,170
44,6,160
44,7,166
44,8,163
44,9,173
44,10,177
44,11,169
44,12,193
44,13,199
44,14,192
44,15,184
44,16,166
44,17,158
44,18,153
44,19,144
44,20,140
44,21,135
44,22,116
44,23,68
44,24,32
44,25,34
44,26,29
44,27,27
44,28,23
44,29,21
44,30,14
44,31,22
44,32,18
44,33,19
44,34,19
44,35,20
44,36,20
44,37,19
44,38,19
44,39,18
44,40,21
44,41,21
44,42,22
44,43,22
44,44,22
44,45,22
44,46,22
44,47,22
44,48,23
44,49,23
44,50,24
44,51,25
44,52,25
44,53,25
44,54,24
44,55,24
44,56,26
44,57,26
44,58,27
44,59,26
44,60,26
44,61,27
44,62,28
44,63,29
44,64,30
44,65,31
44,66,32
44,67,32
44,68,32
44,69,33
44,70,34
44,71,35
44,72,35
44,73,36
44,74,36
44,75,37
44,76,37
44,77,38
44,78,38
44,79,38
44,80,35
44,81,37
44,82,34
44,83,36
44,84,34
44,85,35
44,86,30
44,87,25
44,88,60
44,89,115
44,90,177
44,91,198
44,92,187
44,93,143
44,94,108
44,95,130
44,96,175
44,97,175
44,98,156
44,99,143
44,100,141
44,101,144
44,102,145
44,103,142
44,104,151
44,105,153
44,106,157
44,107,152
44,108,151
44,109,151
44,110,152
44,111,135
44,112,72
44,113,27
44,114,22
44,115,25
44,116,25
44,117,25
44,118,25
44,119,27
44,120,26
44,121,26
44,122,27
44,123,26
44,124,25
44,125,24
44,126,24
44,127,25
44,128,26
44,129,25
44,130,24
44,131,24
44,132,24
44,133,25
44,134,25
44,135,25
44,136,23
44,137,23
44,138,23
44,139,24
44,140,24
44,141,24
44,142,23
44,143,23
44,144,24
44,145,24
44,146,24
44,147,25
44,148,24
44,149,24
45,0,192
45,1,174
45,2,171
45,3,173
45,4,171
45,5,166
45,6,162
45,7,170
45,8,169
45,9,170
45,10,181
45,11,182
45,12,174
45,13,184
45,14,195
45,15,203
45,16,191
45,17,174
45,18,163
45,19,155
45,20,151
45,21,144
45,22,137
45,23,121
45,24,69
45,25,37
45,26,38
45,27,26
45,28,17
45,29,20
45,30,18
45,31,18
45,32,19
45,33,19
45,34,19
45,35,20
45,36,20
45,37,19
45,38,19
45,39,18
45,40,21
45,41,21
45,42,22
45,43,22
45,44,22
45,45,22
45,46,22
45,47,22
45,48,22
45,49,23
45,50,24
45,51,25
45,52,26
45,53,26
45,54,25
45,55,24
45,56,25
45,57,26
45,58,27
45,59,27
45,60,27
45,61,28
45,62,30
45,63,31
45,64,32
45,65,32
45,66,33
45,67,33
45,68,34
45,69,35
45,70,36
45,71,36
45,72,37
45,73,37
45,74,38
45,75,38
45,76,38
45,77,38
45,78,37
45,79,37
45,80,40
45,81,37
45,82,38
45,83,41
45,84,39
45,85,40
45,86,57
45,87,94
45,88,157
45,89,193
45,90,194
45,91,160
45,92,87
45,93,16
45,94,26
45,95,82
45,96,164
45,97,186
45,98,168
45,99,148
45,100,144
45,101,141
45,102,139
45,103,140
45,104,143
45,105,145
45,106,153
45,107,155
45,108,146
45,109,146
45,110,157
45,111,147
45,112,110
45,113,54
45,114,25
45,115,23
45,116,29
45,117,24
45,118,25
45,119,28
45,120,25
45,121,27
45,122,27
45,123,26
45,124,24
45,125,23
45,126,24
45,127,25
45,128,25
45,129,25
45,130,24
45,131,24
45,132,24
45,133,25
45,134,25
45,135,25
45,136,23
45,137,23
45,138,24
45,139,24
45,140,25
45,141,25
45,142,24
45,143,23
45,144,24
45,145,24
45,146,25
45,147,25
45,148,25
45,149,25
46,0,177
46,1,173
46,2,169
46,3,177
46,4,177
46,5,169
46,6,169
46,7,167
46,8,169
46,9,176
46,10,192
46,11,179
46,12,173
46,13,173
46,14,186
46,15,194
46,16,200
46,17,197
46,18,178
46,19,161
46,20,157
46,21,145
46,22,141
46,23,143
46,24,125
46,25,88
46,26,54
46,27,24
46,28,26
46,29,27
46,30,18
46,31,21
46,32,20
46,33,20
46,34,19
46,35,20
46,36,20
46,37,20
46,38,20
46,39,19
46,40,21
46,41,21
46,42,22
46,43,23
46,44,23
46,45,22
46,46,22
46,47,22
46,48,22
46,49,22
46,50,24
46,51,25
46,52,26
46,53,26
46,54,25
46,55,25
46,56,24
46,57,25
46,58,27
46,59,28
46,60,29
46,61,30
46,62,32
46,63,33
46,64,33
46,65,34
46,66,34
46,67,35
46,68,35
46,69,36
46,70,37
46,71,38
46,72,38
46,73,38
46,74,38
46,75,38
46,76,38
46,77,38
46,78,38
46,79,38
46,80,42
46,81,35
46,82,42
46,83,40
46,84,36
46,85,57
46,86,134
46,87,184
46,88,193
46,89,182
46,90,125
46,91,44
46,92,12
46,93,35
46,94,32
46,95,57
46,96,147
46,97,185
46,98,172
46,99,151
46,100,145
46,101,137
46,102,132
46,103,136
46,104,144
46,105,146
46,106,146
46,107,148
46,108,142
46,109,152
46,110,165
46,111,158
46,112,145
46,113,110
46,114,58
46,115,24
46,116,30
46,117,24
46,118,25
46,119,26
46,120,25
46,121,26
46,122,26
46,123,26
46,124,24
46,125,24
46,126,24
46,127,24
46,128,25
46,129,24
46,130,24
46,131,24
46,132,24
46,133,25
46,134,25
46,135,25
46,136,24
46,137,23
46,138,23
46,139,24
46,140,24
46,141,24
46,142,24
46,143,23
46,144,24
46,145,24
46,146,24
46,147,24
46,148,24
46,149,24
47,0,160
47,1,166
47,2,175
47,3,179
47,4,180
47,5,177
47,6,168
47,7,162
47,8,176
47,9,191
47,10,201
47,11,180
47,12,157
47,13,170
47,14,177
47,15,177
47,16,185
47,17,210
47,18,203
47,19,178
47,20,164
47,21,154
47,22,154
47,23,151
47,24,154
47,25,131
47,26,94
47,27,62
47,28,30
47,29,27
47,30,27
47,31,20
47,32,21
47,33,20
47,34,20
47,35,20
47,36,20
47,37,21
47,38,21
47,39,20
47,40,21
47,41,21
47,42,22
47,43,23
47,44,23
47,45,22
47,46,22
47,47,23
47,48,22
47,49,22
47,50,23
47,51,24
47,52,25
47,53,25
47,54,26
47,55,26
47,56,25
47,57,26
47,58,28
47,59,29
47,60,29
47,61,30
47,62,31
47,63,33
47,64,34
47,65,34
47,66,35
47,67,36
47,68,37
47,69,37
47,70,39
47,71,40
47,72,38
47,73,38
47,74,37
47,75,37
47,76,37
47,77,38
47,78,39
47,79,40
47,80,39
47,81,37
47,82,37
47,83,38
47,84,39
47,85,40
47,86,122
47,87,157
47,88,128
47,89,61
47,90,2
47,91,27
47,92,37
47,93,31
47,94,25
47,95,73
47,96,146
47,97,185
47,98,179
47,99,157
47,100,137
47,101,131
47,102,137
47,103,143
47,104,156
47,105,162
47,106,151
47,107,148
47,108,145
47,109,153
47,110,156
47,111,148
47,112,163
47,113,162
47,114,96
47,115,28
47,116,27
47,117,25
47,118,26
47,119,22
47,120,26
47,121,25
47,122,25
47,123,25
47,124,25
47,125,25
47,126,24
47,127,24
47,128,25
47,129,24
47,130,24
47,131,24
47,132,24
47,133,25
47,134,25
47,135,25
47,136,24
47,137,23
47,138,22
47,139,22
47,140,23
47,141,23
47,142,23
47,143,23
47,144,23
47,145,23
47,146,23
47,147,23
47,148,23
47,149,24
48,0,159
48,1,172
48,2,179
48,3,174
48,4,169
48,5,179
48,6,181
48,7,163
48,8,166
48,9,176
48,10,174
48,11,193
48,12,186
48,13,179
48,14,188
48,15,169
48,16,171
48,17,189
48,18,196
48,19,211
48,20,197
48,21,184
48,22,170
48,23,161
48,24,155
48,25,155
48,26,152
48,27,116
48,28,86
48,29,56
48,30,34
48,31,31
48,32,27
48,33,27
48,34,20
48,35,24
48,36,24
48,37,23
48,38,19
48,39,22
48,40,18
48,41,25
48,42,25
48,43,21
48,44,22
48,45,22
48,46,22
48,47,23
48,48,22
48,49,23
48,50,23
48,51,23
48,52,24
48,53,26
48,54,25
48,55,24
48,56,25
48,57,27
48,58,29
48,59,29
48,60,29
48,61,31
48,62,32
48,63,31
48,64,35
48,65,35
48,66,35
48,67,35
48,68,36
48,69,37
48,70,38
48,71,39
48,72,39
48,73,40
48,74,40
48,75,40
48,76,39
48,77,38
48,78,38
48,79,38
48,80,35
48,81,35
48,82,36
48,83,37
48,84,35
48,85,28
48,86,18
48,87,10
48,88,2
48,89,21
48,90,40
48,91,34
48,92,23
48,93,25
48,94,30
48,95,37
48,96,113
48,97,177
48,98,179
48,99,167
48,100,138
48,101,125
48,102,142
48,103,152
48,104,162
48,105,169
48,106,167
48,107,155
48,108,152
48,109,157
48,110,152
48,111,145
48,112,167
48,113,181
48,114,128
48,115,44
48,116,26
48,117,27
48,118,27
48,119,25
48,120,23
48,121,25
48,122,26
48,123,24
48,124,23
48,125,24
48,126,24
48,127,24
48,128,22
48,129,24
48,130,24
48,131,23
48,132,23
48,133,23
48,134,23
48,135,23
48,136,23
48,137,24
48,138,24
48,139,24
48,140,24
48,141,23
48,142,24
48,143,24
48,144,18
48,145,22
48,146,24
48,147,23
48,148,22
48,149,22
49,0,161
49,1,162
49,2,171
49,3,174
49,4,185
49,5,184
49,6,187
49,7,171
49,8,161
49,9,174
49,10,171
49,11,173
49,12,169
49,13,186
49,14,180
49,15,167
49,16,178
49,17,173
49,18,180
49,19,208
49,20,210
49,21,205
49,22,193
49,23,179
49,24,174
49,25,155
49,26,161
49,27,165
49,28,142
49,29,121
49,30,95
49,31,45
49,32,34
49,33,36
49,34,35
49,35,33
49,36,22
49,37,23
49,38,25
49,39,23
49,40,28
49,41,27
49,42,26
49,43,24
49,44,23
49,45,24
49,46,24
49,47,22
49,48,23
49,49,23
49,50,23
49,51,23
49,52,24
49,53,25
49,54,25
49,55,24
49,56,25
49,57,27
49,58,28
49,59,29
49,60,29
49,61,31
49,62,32
49,63,32
49,64,35
49,65,35
49,66,35
49,67,36
49,68,36
49,69,38
49,70,38
49,71,39
49,72,38
49,73,39
49,74,39
49,75,39
49,76,38
49,77,37
49,78,37
49,79,37
49,80,40
49,81,37
49,82,34
49,83,33
49,84,33
49,85,33
49,86,32
49,87,30
49,88,34
49,89,36
49,90,31
49,91,28
49,92,28
49,93,27
49,94,24
49,95,13
49,96,82
49,97,157
49,98,184
49,99,173
49,100,147
49,101,146
49,102,151
49,103,163
49,104,174
49,105,183
49,106,181
49,107,167
49,108,163
49,109,161
49,110,155
49,111,159
49,112,172
49,113,178
49,114,140
49,115,61
49,116,30
49,117,25
49,118,25
49,119,24
49,120,23
49,121,24
49,122,25
49,123,24
49,124,24
49,125,24
49,126,24
49,127,24
49,128,24
49,129,25
49,130,24
49,131,22
49,132,21
49,133,23
49,134,24
49,135,24
49,136,23
49,137,23
49,138,24
49,139,24
49,140,24
49,141,23
49,142,24
49,143,24
49,144,23
49,145,23
49,146,23
49,147,23
49,148,24
49,149,22
50,0,158
50,1,154
50,2,163
50,3,180
50,4,186
50,5,170
50,6,177
50,7,180
50,8,156
50,9,186
50,10,189
50,11,167
50,12,166
50,13,186
50,14,175
50,15,168
50,16,171
50,17,168
50,18,171
50,19,203
50,20,207
50,21,189
50,22,196
50,23,200
50,24,196
50,25,184
50,26,169
50,27,162
50,28,156
50,29,162
50,30,154
50,31,118
50,32,82
50,33,67
50,34,41
50,35,33
50,36,33
50,37,30
50,38,26
50,39,26
50,40,24
50,41,24
50,42,27
50,43,26
50,44,21
50,45,22
50,46,25
50,47,23
50,48,23
50,49,23
50,50,23
50,51,23
50,52,24
50,53,25
50,54,25
50,55,24
50,56,25
50,57,26
50,58,28
50,59,29
50,60,30
50,61,32
50,62,33
50,63,33
50,64,34
50,65,35
50,66,35
50,67,36
50,68,37
50,69,38
50,70,38
50,71,39
50,72,37
50,73,37
50,74,38
50,75,38
50,76,37
50,77,36
50,78,36
50,79,35
50,80,33
50,81,32
50,82,32
50,83,32
50,84,32
50,85,32
50,86,31
50,87,30
50,88,28
50,89,29
50,90,24
50,91,24
50,92,24
50,93,24
50,94,27
50,95,25
50,96,48
50,97,124
50,98,178
50,99,184
50,100,164
50,101,159
50,102,154
50,103,174
50,104,186
50,105,184
50,106,176
50,107,170
50,108,173
50,109,168
50,110,158
50,111,162
50,112,179
50,113,184
50,114,143
50,115,57
50,116,28
50,117,27
50,118,24
50,119,24
50,120,24
50,121,23
50,122,23
50,123,24
50,124,24
50,125,24
50,126,23
50,127,23
50,128,24
50,129,24
50,130,24
50,131,22
50,132,21
50,133,22
50,134,23
50,135,23
50,136,23
50,137,23
50,138,24
50,139,24
50,140,23
50,141,23
50,142,24
50,143,24
50,144,24
50,145,23
50,146,23
50,147,25
50,148,26
50,149,26
51,0,173
51,1,170
51,2,163
51,3,173
51,4,171
51,5,171
51,6,180
51,7,181
51,8,174
51,9,174
51,10,170
51,11,161
51,12,178
51,13,177
51,14,175
51,15,174
51,16,163
51,17,167
51,18,175
51,19,180
51,20,199
51,21,199
51,22,186
51,23,183
51,24,188
51,25,200
51,26,205
51,27,198
51,28,179
51,29,177
51,30,174
51,31,170
51,32,162
51,33,142
51,34,112
51,35,85
51,36,54
51,37,35
51,38,33
51,39,29
51,40,28
51,41,26
51,42,26
51,43,26
51,44,24
51,45,26
51,46,26
51,47,21
51,48,24
51,49,24
51,50,23
51,51,23
51,52,23
51,53,24
51,54,24
51,55,24
51,56,25
51,57,26
51,58,27
51,59,29
51,60,30
51,61,32
51,62,33
51,63,33
51,64,34
51,65,34
51,66,35
51,67,36
51,68,36
51,69,37
51,70,37
51,71,37
51,72,35
51,73,35
51,74,36
51,75,36
51,76,35
51,77,34
51,78,34
51,79,33
51,80,33
51,81,32
51,82,31
51,83,30
51,84,29
51,85,28
51,86,28
51,87,27
51,88,26
51,89,23
51,90,25
51,91,23
51,92,20
51,93,21
51,94,21
51,95,27
51,96,31
51,97,102
51,98,163
51,99,184
51,100,183
51,101,172
51,102,167
51,103,187
51,104,192
51,105,182
51,106,171
51,107,168
51,108,172
51,109,165
51,110,157
51,111,164
51,112,182
51,113,185
51,114,133
51,115,47
51,116,26
51,117,28
51,118,24
51,119,23
51,120,25
51,121,23
51,122,22
51,123,24
51,124,24
51,125,23
51,126,23
51,127,23
51,128,22
51,129,23
51,130,23
51,131,23
51,132,22
51,133,22
51,134,22
51,135,22
51,136,23
51,137,23
51,138,23
51,139,23
51,140,23
51,141,24
51,142,24
51,143,24
51,144,23
51,145,24
51,146,23
51,147,22
51,148,21
51,149,24
52,0,162
52,1,163
52,2,159
52,3,167
52,4,165
52,5,174
52,6,182
52,7,178
52,8,181
52,9,180
52,10,178
52,11,168
52,12,175
52,13,164
52,14,166
52,15,166
52,16,162
52,17,167
52,18,172
52,19,164
52,20,186
52,21,203
52,22,191
52,23,169
52,24,170
52,25,186
52,26,194
52,27,202
52,28,206
52,29,209
52,30,202
52,31,202
52,32,196
52,33,195
52,34,188
52,35,163
52,36,111
52,37,63
52,38,48
52,39,39
52,40,33
52,41,32
52,42,30
52,43,28
52,44,27
52,45,27
52,46,26
52,47,24
52,48,24
52,49,24
52,50,24
52,51,23
52,52,23
52,53,23
52,54,23
52,55,24
52,56,25
52,57,25
52,58,27
52,59,28
52,60,30
52,61,31
52,62,32
52,63,32
52,64,34
52,65,34
52,66,35
52,67,35
52,68,35
52,69,35
52,70,35
52,71,34
52,72,33
52,73,33
52,74,33
52,75,33
52,76,33
52,77,32
52,78,31
52,79,31
52,80,32
52,81,31
52,82,29
52,83,27
52,84,26
52,85,26
52,86,26
52,87,27
52,88,27
52,89,21
52,90,22
52,91,22
52,92,23
52,93,24
52,94,21
52,95,25
52,96,30
52,97,81
52,98,146
52,99,172
52,100,182
52,101,181
52,102,190
52,103,199
52,104,187
52,105,176
52,106,161
52,107,155
52,108,159
52,109,152
52,110,147
52,111,161
52,112,181
52,113,177
52,114,123
52,115,48
52,116,28
52,117,25
52,118,25
52,119,23
52,120,24
52,121,22
52,122,21
52,123,23
52,124,24
52,125,23
52,126,22
52,127,23
52,128,21
52,129,21
52,130,22
52,131,23
52,132,22
52,133,22
52,134,22
52,135,22
52,136,23
52,137,23
52,138,23
52,139,23
52,140,23
52,141,24
52,142,24
52,143,24
52,144,22
52,145,24
52,146,25
52,147,25
52,148,22
52,149,28
53,0,155
53,1,154
53,2,161
53,3,167
53,4,167
53,5,168
53,6,183
53,7,191
53,8,191
53,9,197
53,10,188
53,11,174
53,12,179
53,13,175
53,14,163
53,15,173
53,16,165
53,17,173
53,18,174
53,19,172
53,20,170
53,21,180
53,22,201
53,23,176
53,24,163
53,25,161
53,26,164
53,27,177
53,28,181
53,29,194
53,30,205
53,31,194
53,32,191
53,33,202
53,34,206
53,35,203
53,36,183
53,37,142
53,38,104
53,39,67
53,40,35
53,41,32
53,42,30
53,43,28
53,44,27
53,45,24
53,46,25
53,47,29
53,48,25
53,49,24
53,50,24
53,51,24
53,52,23
53,53,22
53,54,23
53,55,24
53,56,25
53,57,25
53,58,26
53,59,28
53,60,30
53,61,30
53,62,31
53,63,31
53,64,33
53,65,33
53,66,34
53,67,34
53,68,34
53,69,33
53,70,32
53,71,31
53,72,31
53,73,30
53,74,30
53,75,30
53,76,30
53,77,30
53,78,29
53,79,29
53,80,26
53,81,26
53,82,26
53,83,26
53,84,26
53,85,24
53,86,23
53,87,22
53,88,23
53,89,24
53,90,22
53,91,24
53,92,22
53,93,19
53,94,24
53,95,26
53,96,31
53,97,43
53,98,125
53,99,183
53,100,184
53,101,179
53,102,196
53,103,193
53,104,184
53,105,178
53,106,161
53,107,147
53,108,147
53,109,139
53,110,136
53,111,154
53,112,177
53,113,174
53,114,114
53,115,39
53,116,27
53,117,25
53,118,25
53,119,23
53,120,23
53,121,22
53,122,22
53,123,22
53,124,23
53,125,22
53,126,22
53,127,22
53,128,22
53,129,21
53,130,21
53,131,22
53,132,21
53,133,21
53,134,22
53,135,24
53,136,23
53,137,23
53,138,23
53,139,23
53,140,23
53,141,24
53,142,24
53,143,23
53,144,23
53,145,24
53,146,25
53,147,28
53,148,24
53,149,28
54,0,159
54,1,160
54,2,165
54,3,167
54,4,168
54,5,166
54,6,172
54,7,187
54,8,211
54,9,212
54,10,199
54,11,178
54,12,173
54,13,176
54,14,164
54,15,169
54,16,169
54,17,175
54,18,182
54,19,176
54,20,167
54,21,177
54,22,193
54,23,177
54,24,164
54,25,156
54,26,152
54,27,160
54,28,170
54,29,168
54,30,167
54,31,167
54,32,170
54,33,175
54,34,185
54,35,193
54,36,197
54,37,194
54,38,177
54,39,127
54,40,80
54,41,53
54,42,32
54,43,29
54,44,30
54,45,28
54,46,26
54,47,25
54,48,25
54,49,24
54,50,24
54,51,24
54,52,23
54,53,22
54,54,22
54,55,24
54,56,25
54,57,24
54,58,25
54,59,27
54,60,29
54,61,29
54,62,29
54,63,30
54,64,31
54,65,32
54,66,32
54,67,32
54,68,32
54,69,31
54,70,30
54,71,29
54,72,29
54,73,29
54,74,28
54,75,27
54,76,27
54,77,28
54,78,27
54,79,27
54,80,27
54,81,26
54,82,25
54,83,24
54,84,24
54,85,24
54,86,23
54,87,22
54,88,22
54,89,24
54,90,20
54,91,22
54,92,21
54,93,20
54,94,24
54,95,23
54,96,28
54,97,22
54,98,84
54,99,172
54,100,193
54,101,185
54,102,193
54,103,185
54,104,180
54,105,179
54,106,170
54,107,153
54,108,140
54,109,132
54,110,131
54,111,143
54,112,167
54,113,168
54,114,112
54,115,34
54,116,24
54,117,27
54,118,23
54,119,24
54,120,22
54,121,23
54,122,23
54,123,22
54,124,21
54,125,22
54,126,22
54,127,22
54,128,23
54,129,22
54,130,22
54,131,22
54,132,22
54,133,22
54,134,23
54,135,24
54,136,23
54,137,23
54,138,23
54,139,23
54,140,23
54,141,24
54,142,23
54,143,23
54,144,24
54,145,25
54,146,23
54,147,23
54,148,24
54,149,40
55,0,167
55,1,163
55,2,158
55,3,168
55,4,164
55,5,162
55,6,164
55,7,199
55,8,203
55,9,174
55,10,191
55,11,208
55,12,192
55,13,173
55,14,173
55,15,167
55,16,163
55,17,173
55,18,173
55,19,174
55,20,167
55,21,162
55,22,176
55,23,184
55,24,163
55,25,158
55,26,169
55,27,163
55,28,164
55,29,162
55,30,159
55,31,162
55,32,170
55,33,165
55,34,166
55,35,177
55,36,183
55,37,179
55,38,192
55,39,187
55,40,145
55,41,93
55,42,51
55,43,38
55,44,32
55,45,27
55,46,26
55,47,25
55,48,26
55,49,24
55,50,24
55,51,24
55,52,23
55,53,21
55,54,22
55,55,24
55,56,25
55,57,24
55,58,25
55,59,27
55,60,29
55,61,28
55,62,28
55,63,29
55,64,30
55,65,30
55,66,31
55,67,32
55,68,31
55,69,30
55,70,29
55,71,28
55,72,29
55,73,28
55,74,26
55,75,26
55,76,26
55,77,26
55,78,26
55,79,26
55,80,24
55,81,23
55,82,22
55,83,23
55,84,24
55,85,24
55,86,22
55,87,21
55,88,22
55,89,21
55,90,23
55,91,20
55,92,21
55,93,25
55,94,22
55,95,22
55,96,26
55,97,31
55,98,30
55,99,113
55,100,183
55,101,198
55,102,197
55,103,195
55,104,185
55,105,175
55,106,174
55,107,165
55,108,151
55,109,150
55,110,149
55,111,141
55,112,157
55,113,154
55,114,119
55,115,49
55,116,27
55,117,25
55,118,22
55,119,24
55,120,21
55,121,23
55,122,23
55,123,21
55,124,20
55,125,22
55,126,22
55,127,22
55,128,22
55,129,22
55,130,23
55,131,25
55,132,24
55,133,23
55,134,22
55,135,23
55,136,23
55,137,23
55,138,22
55,139,23
55,140,23
55,141,24
55,142,23
55,143,23
55,144,20
55,145,24
55,146,23
55,147,24
55,148,41
55,149,82
56,0,165
56,1,168
56,2,165
56,3,159
56,4,162
56,5,161
56,6,169
56,7,194
56,8,195
56,9,135
56,10,115
56,11,151
56,12,190
56,13,187
56,14,171
56,15,170
56,16,161
56,17,172
56,18,163
56,19,171
56,20,160
56,21,165
56,22,179
56,23,192
56,24,187
56,25,171
56,26,171
56,27,175
56,28,171
56,29,166
56,30,170
56,31,158
56,32,159
56,33,186
56,34,182
56,35,184
56,36,183
56,37,177
56,38,179
56,39,196
56,40,193
56,41,140
56,42,77
56,43,54
56,44,35
56,45,31
56,46,30
56,47,27
56,48,21
56,49,29
56,50,22
56,51,24
56,52,22
56,53,21
56,54,21
56,55,22
56,56,23
56,57,24
56,58,24
56,59,25
56,60,26
56,61,26
56,62,27
56,63,27
56,64,29
56,65,29
56,66,28
56,67,27
56,68,26
56,69,27
56,70,27
56,71,25
56,72,26
56,73,25
56,74,25
56,75,24
56,76,23
56,77,23
56,78,23
56,79,23
56,80,21
56,81,22
56,82,22
56,83,21
56,84,21
56,85,23
56,86,22
56,87,20
56,88,20
56,89,21
56,90,22
56,91,22
56,92,22
56,93,22
56,94,22
56,95,23
56,96,21
56,97,31
56,98,9
56,99,58
56,100,158
56,101,200
56,102,204
56,103,208
56,104,202
56,105,200
56,106,188
56,107,172
56,108,159
56,109,153
56,110,158
56,111,147
56,112,144
56,113,152
56,114,136
56,115,82
56,116,30
56,117,24
56,118,23
56,119,23
56,120,20
56,121,24
56,122,23
56,123,20
56,124,24
56,125,24
56,126,19
56,127,23
56,128,20
56,129,23
56,130,24
56,131,23
56,132,22
56,133,22
56,134,23
56,135,24
56,136,22
56,137,22
56,138,24
56,139,23
56,140,22
56,141,24
56,142,22
56,143,19
56,144,21
56,145,27
56,146,23
56,147,44
56,148,74
56,149,118
57,0,156
57,1,174
57,2,170
57,3,171
57,4,172
57,5,158
57,6,159
57,7,166
57,8,210
57,9,187
57,10,127
57,11,91
57,12,155
57,13,198
57,14,180
57,15,174
57,16,167
57,17,164
57,18,153
57,19,163
57,20,158
57,21,170
57,22,177
57,23,180
57,24,205
57,25,177
57,26,164
57,27,172
57,28,171
57,29,172
57,30,172
57,31,153
57,32,160
57,33,166
57,34,177
57,35,185
57,36,182
57,37,194
57,38,189
57,39,179
57,40,189
57,41,187
57,42,161
57,43,92
57,44,48
57,45,41
57,46,31
57,47,30
57,48,28
57,49,22
57,50,22
57,51,26
57,52,22
57,53,23
57,54,18
57,55,19
57,56,23
57,57,23
57,58,24
57,59,25
57,60,26
57,61,26
57,62,26
57,63,26
57,64,28
57,65,28
57,66,27
57,67,26
57,68,26
57,69,27
57,70,26
57,71,25
57,72,24
57,73,24
57,74,23
57,75,23
57,76,22
57,77,22
57,78,22
57,79,22
57,80,21
57,81,21
57,82,21
57,83,21
57,84,21
57,85,22
57,86,22
57,87,21
57,88,21
57,89,21
57,90,22
57,91,22
57,92,22
57,93,23
57,94,23
57,95,23
57,96,24
57,97,20
57,98,30
57,99,34
57,100,66
57,101,129
57,102,171
57,103,191
57,104,200
57,105,205
57,106,201
57,107,186
57,108,169
57,109,152
57,110,148
57,111,140
57,112,139
57,113,143
57,114,135
57,115,104
57,116,51
57,117,27
57,118,25
57,119,21
57,120,24
57,121,22
57,122,21
57,123,23
57,124,25
57,125,23
57,126,21
57,127,24
57,128,22
57,129,22
57,130,22
57,131,22
57,132,22
57,133,24
57,134,23
57,135,22
57,136,23
57,137,21
57,138,21
57,139,22
57,140,23
57,141,24
57,142,22
57,143,23
57,144,27
57,145,23
57,146,36
57,147,63
57,148,96
57,149,122
58,0,167
58,1,170
58,2,160
58,3,169
58,4,166
58,5,150
58,6,157
58,7,157
58,8,174
58,9,189
58,10,186
58,11,196
58,12,182
58,13,165
58,14,147
58,15,151
58,16,156
58,17,161
58,18,149
58,19,160
58,20,162
58,21,169
58,22,169
58,23,163
58,24,191
58,25,186
58,26,163
58,27,162
58,28,169
58,29,168
58,30,168
58,31,159
58,32,165
58,33,175
58,34,158
58,35,170
58,36,172
58,37,175
58,38,186
58,39,173
58,40,170
58,41,187
58,42,209
58,43,159
58,44,98
58,45,56
58,46,33
58,47,29
58,48,28
58,49,24
58,50,27
58,51,26
58,52,21
58,53,26
58,54,23
58,55,23
58,56,22
58,57,23
58,58,24
58,59,24
58,60,25
58,61,25
58,62,25
58,63,25
58,64,26
58,65,26
58,66,26
58,67,25
58,68,25
58,69,25
58,70,25
58,71,23
58,72,22
58,73,21
58,74,21
58,75,21
58,76,20
58,77,20
58,78,20
58,79,20
58,80,21
58,81,20
58,82,20
58,83,21
58,84,22
58,85,22
58,86,22
58,87,22
58,88,21
58,89,21
58,90,21
58,91,22
58,92,22
58,93,23
58,94,23
58,95,23
58,96,25
58,97,27
58,98,21
58,99,32
58,100,23
58,101,20
58,102,73
58,103,113
58,104,130
58,105,156
58,106,185
58,107,194
58,108,186
58,109,166
58,110,153
58,111,141
58,112,137
58,113,143
58,114,138
58,115,126
58,116,97
58,117,60
58,118,30
58,119,22
58,120,22
58,121,21
58,122,22
58,123,25
58,124,23
58,125,22
58,126,24
58,127,21
58,128,23
58,129,23
58,130,22
58,131,22
58,132,22
58,133,23
58,134,23
58,135,22
58,136,21
58,137,24
58,138,24
58,139,20
58,140,22
58,141,26
58,142,24
58,143,26
58,144,22
58,145,37
58,146,62
58,147,80
58,148,97
58,149,101
59,0,172
59,1,169
59,2,161
59,3,162
59,4,155
59,5,154
59,6,165
59,7,158
59,8,156
59,9,158
59,10,174
59,11,179
59,12,158
59,13,147
59,14,149
59,15,151
59,16,139
59,17,153
59,18,158
59,19,168
59,20,167
59,21,173
59,22,168
59,23,162
59,24,178
59,25,203
59,26,179
59,27,155
59,28,162
59,29,149
59,30,155
59,31,171
59,32,171
59,33,170
59,34,180
59,35,179
59,36,154
59,37,156
59,38,170
59,39,188
59,40,180
59,41,171
59,42,189
59,43,200
59,44,171
59,45,77
59,46,19
59,47,42
59,48,28
59,49,28
59,50,22
59,51,20
59,52,22
59,53,24
59,54,23
59,55,20
59,56,21
59,57,22
59,58,23
59,59,24
59,60,24
59,61,24
59,62,24
59,63,24
59,64,25
59,65,24
59,66,24
59,67,24
59,68,24
59,69,24
59,70,23
59,71,22
59,72,20
59,73,20
59,74,20
59,75,20
59,76,19
59,77,19
59,78,19
59,79,19
59,80,20
59,81,19
59,82,19
59,83,21
59,84,22
59,85,21
59,86,21
59,87,23
59,88,21
59,89,20
59,90,20
59,91,21
59,92,22
59,93,22
59,94,22
59,95,21
59,96,22
59,97,25
59,98,25
59,99,27
59,100,29
59,101,27
59,102,24
59,103,26
59,104,41
59,105,62
59,106,121
59,107,171
59,108,187
59,109,178
59,110,169
59,111,158
59,112,144
59,113,144
59,114,140
59,115,135
59,116,126
59,117,86
59,118,33
59,119,24
59,120,25
59,121,22
59,122,20
59,123,23
59,124,22
59,125,22
59,126,24
59,127,20
59,128,21
59,129,23
59,130,23
59,131,23
59,132,21
59,133,21
59,134,22
59,135,23
59,136,25
59,137,21
59,138,21
59,139,23
59,140,26
59,141,22
59,142,20
59,143,35
59,144,55
59,145,75
59,146,92
59,147,101
59,148,106
59,149,106
60,0,161
60,1,164
60,2,158
60,3,165
60,4,166
60,5,152
60,6,151
60,7,154
60,8,152
60,9,159
60,10,168
60,11,160
60,12,158
60,13,161
60,14,170
60,15,169
60,16,157
60,17,152
60,18,167
60,19,172
60,20,159
60,21,171
60,22,170
60,23,168
60,24,170
60,25,199
60,26,201
60,27,160
60,28,163
60,29,164
60,30,163
60,31,160
60,32,166
60,33,168
60,34,186
60,35,194
60,36,160
60,37,152
60,38,161
60,39,166
60,40,173
60,41,185
60,42,176
60,43,178
60,44,196
60,45,159
60,46,85
60,47,44
60,48,37
60,49,29
60,50,23
60,51,24
60,52,26
60,53,21
60,54,20
60,55,22
60,56,21
60,57,22
60,58,23
60,59,23
60,60,24
60,61,23
60,62,23
60,63,23
60,64,24
60,65,24
60,66,23
60,67,23
60,68,23
60,69,22
60,70,21
60,71,21
60,72,19
60,73,19
60,74,19
60,75,19
60,76,19
60,77,19
60,78,19
60,79,19
60,80,20
60,81,19
60,82,19
60,83,21
60,84,22
60,85,21
60,86,21
60,87,23
60,88,21
60,89,21
60,90,20
60,91,21
60,92,22
60,93,22
60,94,22
60,95,21
60,96,24
60,97,25
60,98,24
60,99,24
60,100,25
60,101,28
60,102,30
60,103,31
60,104,31
60,105,23
60,106,56
60,107,104
60,108,146
60,109,182
60,110,191
60,111,163
60,112,148
60,113,139
60,114,140
60,115,143
60,116,138
60,117,105
60,118,58
60,119,33
60,120,27
60,121,22
60,122,19
60,123,21
60,124,22
60,125,21
60,126,21
60,127,21
60,128,22
60,129,22
60,130,23
60,131,23
60,132,21
60,133,21
60,134,22
60,135,24
60,136,23
60,137,23
60,138,26
60,139,23
60,140,24
60,141,26
60,142,35
60,143,63
60,144,93
60,145,95
60,146,106
60,147,120
60,148,123
60,149,119
61,0,158
61,1,175
61,2,158
61,3,158
61,4,174
61,5,163
61,6,154
61,7,156
61,8,153
61,9,164
61,10,172
61,11,167
61,12,149
61,13,151
61,14,168
61,15,166
61,16,169
61,17,159
61,18,157
61,19,172
61,20,166
61,21,165
61,22,173
61,23,169
61,24,160
61,25,169
61,26,205
61,27,173
61,28,156
61,29,176
61,30,184
61,31,168
61,32,160
61,33,160
61,34,173
61,35,182
61,36,179
61,37,181
61,38,158
61,39,146
61,40,160
61,41,187
61,42,176
61,43,170
61,44,171
61,45,180
61,46,167
61,47,98
61,48,52
61,49,29
61,50,27
61,51,23
61,52,22
61,53,24
61,54,21
61,55,21
61,56,22
61,57,22
61,58,22
61,59,23
61,60,23
61,61,23
61,62,23
61,63,22
61,64,24
61,65,23
61,66,22
61,67,23
61,68,23
61,69,22
61,70,21
61,71,21
61,72,20
61,73,20
61,74,19
61,75,19
61,76,19
61,77,19
61,78,20
61,79,20
61,80,20
61,81,20
61,82,20
61,83,21
61,84,21
61,85,21
61,86,21
61,87,22
61,88,22
61,89,22
61,90,22
61,91,22
61,92,23
61,93,23
61,94,23
61,95,23
61,96,23
61,97,26
61,98,25
61,99,23
61,100,23
61,101,23
61,102,25
61,103,30
61,104,28
61,105,28
61,106,44
61,107,53
61,108,78
61,109,139
61,110,185
61,111,173
61,112,161
61,113,151
61,114,138
61,115,141
61,116,145
61,117,131
61,118,103
61,119,56
61,120,19
61,121,21
61,122,25
61,123,21
61,124,18
61,125,20
61,126,21
61,127,22
61,128,23
61,129,21
61,130,21
61,131,22
61,132,22
61,133,23
61,134,23
61,135,24
61,136,22
61,137,24
61,138,24
61,139,18
61,140,31
61,141,54
61,142,70
61,143,92
61,144,111
61,145,111
61,146,120
61,147,126
61,148,139
61,149,129
62,0,163
62,1,162
62,2,150
62,3,153
62,4,167
62,5,164
62,6,159
62,7,165
62,8,146
62,9,146
62,10,166
62,11,153
62,12,142
62,13,145
62,14,157
62,15,165
62,16,169
62,17,169
62,18,156
62,19,174
62,20,174
62,21,160
62,22,165
62,23,160
62,24,162
62,25,160
62,26,204
62,27,201
62,28,160
62,29,157
62,30,171
62,31,173
62,32,173
62,33,164
62,34,172
62,35,179
62,36,176
62,37,183
62,38,163
62,39,148
62,40,155
62,41,161
62,42,165
62,43,175
62,44,171
62,45,165
62,46,185
62,47,162
62,48,67
62,49,45
62,50,43
62,51,31
62,52,24
62,53,23
62,54,22
62,55,23
62,56,23
62,57,23
62,58,22
62,59,22
62,60,22
62,61,23
62,62,23
62,63,23
62,64,24
62,65,22
62,66,22
62,67,22
62,68,22
62,69,22
62,70,21
62,71,22
62,72,21
62,73,21
62,74,20
62,75,19
62,76,19
62,77,20
62,78,21
62,79,21
62,80,20
62,81,21
62,82,21
62,83,21
62,84,20
62,85,21
62,86,21
62,87,21
62,88,22
62,89,23
62,90,23
62,91,23
62,92,23
62,93,23
62,94,23
62,95,24
62,96,23
62,97,24
62,98,26
62,99,27
62,100,24
62,101,24
62,102,29
62,103,23
62,104,26
62,105,24
62,106,28
62,107,26
62,108,30
62,109,70
62,110,143
62,111,180
62,112,181
62,113,174
62,114,145
62,115,133
62,116,138
62,117,135
62,118,127
62,119,92
62,120,37
62,121,25
62,122,27
62,123,23
62,124,18
62,125,21
62,126,20
62,127,22
62,128,22
62,129,21
62,130,20
62,131,22
62,132,23
62,133,23
62,134,24
62,135,25
62,136,28
62,137,23
62,138,29
62,139,40
62,140,68
62,141,91
62,142,95
62,143,105
62,144,124
62,145,133
62,146,129
62,147,125
62,148,144
62,149,145
63,0,155
63,1,143
63,2,158
63,3,160
63,4,155
63,5,165
63,6,165
63,7,162
63,8,142
63,9,151
63,10,161
63,11,157
63,12,139
63,13,152
63,14,157
63,15,158
63,16,176
63,17,168
63,18,164
63,19,166
63,20,161
63,21,160
63,22,166
63,23,172
63,24,161
63,25,166
63,26,182
63,27,198
63,28,173
63,29,166
63,30,178
63,31,182
63,32,186
63,33,168
63,34,161
63,35,164
63,36,152
63,37,158
63,38,161
63,39,161
63,40,163
63,41,150
63,42,173
63,43,165
63,44,165
63,45,166
63,46,177
63,47,186
63,48,169
63,49,109
63,50,52
63,51,23
63,52,25
63,53,24
63,54,23
63,55,23
63,56,23
63,57,23
63,58,23
63,59,22
63,60,22
63,61,22
63,62,23
63,63,23
63,64,23
63,65,22
63,66,21
63,67,22
63,68,23
63,69,22
63,70,22
63,71,23
63,72,22
63,73,21
63,74,20
63,75,19
63,76,19
63,77,20
63,78,21
63,79,22
63,80,19
63,81,21
63,82,22
63,83,20
63,84,20
63,85,21
63,86,22
63,87,21
63,88,22
63,89,22
63,90,23
63,91,22
63,92,22
63,93,22
63,94,23
63,95,24
63,96,23
63,97,20
63,98,22
63,99,24
63,100,26
63,101,25
63,102,22
63,103,27
63,104,25
63,105,23
63,106,26
63,107,31
63,108,25
63,109,31
63,110,95
63,111,156
63,112,184
63,113,179
63,114,161
63,115,146
63,116,133
63,117,120
63,118,129
63,119,124
63,120,79
63,121,33
63,122,21
63,123,24
63,124,24
63,125,23
63,126,18
63,127,23
63,128,21
63,129,21
63,130,22
63,131,23
63,132,22
63,133,22
63,134,24
63,135,27
63,136,25
63,137,41
63,138,70
63,139,87
63,140,104
63,141,115
63,142,108
63,143,111
63,144,130
63,145,144
63,146,137
63,147,136
63,148,140
63,149,152
64,0,159
64,1,151
64,2,166
64,3,169
64,4,148
64,5,159
64,6,174
64,7,162
64,8,131
64,9,155
64,10,161
64,11,148
64,12,150
64,13,151
64,14,148
64,15,162
64,16,173
64,17,178
64,18,171
64,19,162
64,20,160
64,21,170
64,22,162
64,23,165
64,24,156
64,25,163
64,26,159
64,27,199
64,28,195
64,29,181
64,30,186
64,31,161
64,32,155
64,33,163
64,34,168
64,35,168
64,36,150
64,37,170
64,38,156
64,39,153
64,40,150
64,41,148
64,42,155
64,43,161
64,44,155
64,45,156
64,46,168
64,47,170
64,48,186
64,49,169
64,50,70
64,51,32
64,52,31
64,53,21
64,54,23
64,55,22
64,56,21
64,57,21
64,58,23
64,59,23
64,60,22
64,61,20
64,62,21
64,63,23
64,64,22
64,65,24
64,66,24
64,67,23
64,68,22
64,69,22
64,70,22
64,71,21
64,72,20
64,73,20
64,74,20
64,75,20
64,76,21
64,77,20
64,78,20
64,79,19
64,80,19
64,81,20
64,82,20
64,83,20
64,84,21
64,85,22
64,86,22
64,87,22
64,88,19
64,89,21
64,90,23
64,91,22
64,92,21
64,93,20
64,94,22
64,95,23
64,96,21
64,97,22
64,98,23
64,99,23
64,100,23
64,101,23
64,102,25
64,103,26
64,104,22
64,105,24
64,106,26
64,107,22
64,108,26
64,109,29
64,110,37
64,111,70
64,112,132
64,113,178
64,114,175
64,115,159
64,116,141
64,117,129
64,118,126
64,119,131
64,120,112
64,121,72
64,122,22
64,123,25
64,124,23
64,125,23
64,126,21
64,127,22
64,128,17
64,129,24
64,130,22
64,131,23
64,132,23
64,133,26
64,134,20
64,135,33
64,136,67
64,137,77
64,138,95
64,139,102
64,140,107
64,141,127
64,142,117
64,143,122
64,144,132
64,145,144
64,146,140
64,147,151
64,148,162
64,149,166
65,0,170
65,1,153
65,2,160
65,3,168
65,4,160
65,5,153
65,6,165
65,7,166
65,8,146
65,9,149
65,10,138
65,11,138
65,12,150
65,13,154
65,14,156
65,15,160
65,16,168
65,17,177
65,18,188
65,19,172
65,20,145
65,21,158
65,22,175
65,23,173
65,24,171
65,25,163
65,26,167
65,27,185
65,28,206
65,29,191
65,30,187
65,31,168
65,32,132
65,33,164
65,34,161
65,35,161
65,36,158
65,37,159
65,38,152
65,39,148
65,40,141
65,41,134
65,42,146
65,43,163
65,44,159
65,45,155
65,46,156
65,47,168
65,48,166
65,49,181
65,50,158
65,51,52
65,52,32
65,53,26
65,54,23
65,55,22
65,56,21
65,57,21
65,58,23
65,59,24
65,60,24
65,61,22
65,62,22
65,63,23
65,64,22
65,65,24
65,66,24
65,67,23
65,68,22
65,69,22
65,70,22
65,71,21
65,72,20
65,73,20
65,74,20
65,75,20
65,76,21
65,77,21
65,78,20
65,79,20
65,80,20
65,81,21
65,82,22
65,83,21
65,84,21
65,85,22
65,86,23
65,87,22
65,88,20
65,89,22
65,90,24
65,91,23
65,92,22
65,93,21
65,94,23
65,95,24
65,96,23
65,97,23
65,98,23
65,99,23
65,100,23
65,101,23
65,102,24
65,103,24
65,104,28
65,105,28
65,106,27
65,107,24
65,108,27
65,109,25
65,110,26
65,111,45
65,112,85
65,113,142
65,114,174
65,115,169
65,116,157
65,117,148
65,118,129
65,119,127
65,120,124
65,121,111
65,122,69
65,123,33
65,124,22
65,125,20
65,126,25
65,127,23
65,128,26
65,129,26
65,130,23
65,131,24
65,132,24
65,133,47
65,134,63
65,135,70
65,136,98
65,137,104
65,138,105
65,139,112
65,140,117
65,141,124
65,142,121
65,143,135
65,144,154
65,145,145
65,146,142
65,147,151
65,148,161
65,149,152
66,0,164
66,1,157
66,2,157
66,3,164
66,4,161
66,5,139
66,6,160
66,7,168
66,8,156
66,9,147
66,10,145
66,11,146
66,12,158
66,13,165
66,14,154
66,15,155
66,16,157
66,17,174
66,18,189
66,19,175
66,20,155
66,21,158
66,22,177
66,23,175
66,24,181
66,25,187
66,26,182
66,27,177
66,28,198
66,29,188
66,30,162
66,31,167
66,32,175
66,33,181
66,34,175
66,35,174
66,36,177
66,37,159
66,38,150
66,39,157
66,40,152
66,41,135
66,42,141
66,43,167
66,44,161
66,45,146
66,46,144
66,47,154
66,48,147
66,49,156
66,50,180
66,51,102
66,52,30
66,53,29
66,54,22
66,55,20
66,56,20
66,57,21
66,58,22
66,59,24
66,60,25
66,61,24
66,62,23
66,63,23
66,64,23
66,65,24
66,66,23
66,67,23
66,68,23
66,69,23
66,70,22
66,71,21
66,72,21
66,73,21
66,74,20
66,75,20
66,76,21
66,77,21
66,78,21
66,79,21
66,80,22
66,81,22
66,82,22
66,83,21
66,84,21
66,85,22
66,86,22
66,87,22
66,88,21
66,89,23
66,90,24
66,91,23
66,92,22
66,93,22
66,94,23
66,95,24
66,96,24
66,97,23
66,98,23
66,99,23
66,100,23
66,101,24
66,102,23
66,103,23
66,104,23
66,105,24
66,106,22
66,107,24
66,108,28
66,109,26
66,110,25
66,111,33
66,112,46
66,113,89
66,114,128
66,115,173
66,116,178
66,117,163
66,118,144
66,119,127
66,120,121
66,121,118
66,122,101
66,123,63
66,124,28
66,125,31
66,126,22
66,127,23
66,128,24
66,129,16
66,130,30
66,131,49
66,132,57
66,133,83
66,134,100
66,135,118
66,136,117
66,137,122
66,138,122
66,139,133
66,140,133
66,141,141
66,142,145
66,143,141
66,144,151
66,145,161
66,146,150
66,147,141
66,148,141
66,149,141
67,0,162
67,1,153
67,2,163
67,3,155
67,4,153
67,5,151
67,6,156
67,7,169
67,8,168
67,9,160
67,10,152
67,11,160
67,12,170
67,13,165
67,14,156
67,15,152
67,16,157
67,17,158
67,18,170
67,19,176
67,20,168
67,21,154
67,22,169
67,23,173
67,24,178
67,25,177
67,26,180
67,27,181
67,28,171
67,29,192
67,30,173
67,31,137
67,32,168
67,33,185
67,34,186
67,35,178
67,36,178
67,37,171
67,38,170
67,39,159
67,40,159
67,41,139
67,42,135
67,43,161
67,44,161
67,45,143
67,46,152
67,47,150
67,48,143
67,49,141
67,50,174
67,51,141
67,52,14
67,53,29
67,54,23
67,55,23
67,56,21
67,57,21
67,58,21
67,59,23
67,60,24
67,61,24
67,62,24
67,63,23
67,64,24
67,65,23
67,66,23
67,67,23
67,68,24
67,69,24
67,70,23
67,71,21
67,72,22
67,73,21
67,74,20
67,75,20
67,76,21
67,77,21
67,78,21
67,79,21
67,80,21
67,81,22
67,82,21
67,83,20
67,84,20
67,85,21
67,86,22
67,87,21
67,88,21
67,89,22
67,90,23
67,91,22
67,92,21
67,93,21
67,94,21
67,95,22
67,96,24
67,97,23
67,98,22
67,99,22
67,100,24
67,101,24
67,102,24
67,103,23
67,104,25
67,105,27
67,106,24
67,107,25
67,108,25
67,109,22
67,110,24
67,111,24
67,112,25
67,113,28
67,114,44
67,115,111
67,116,168
67,117,180
67,118,165
67,119,148
67,120,129
67,121,115
67,122,110
67,123,100
67,124,62
67,125,22
67,126,22
67,127,24
67,128,34
67,129,68
67,130,66
67,131,85
67,132,104
67,133,108
67,134,115
67,135,132
67,136,130
67,137,131
67,138,132
67,139,143
67,140,148
67,141,163
67,142,161
67,143,138
67,144,145
67,145,150
67,146,153
67,147,161
67,148,152
67,149,148
68,0,164
68,1,162
68,2,169
68,3,153
68,4,154
68,5,165
68,6,157
68,7,167
68,8,169
68,9,179
68,10,169
68,11,164
68,12,169
68,13,167
68,14,164
68,15,159
68,16,150
68,17,154
68,18,158
68,19,163
68,20,177
68,21,168
68,22,168
68,23,155
68,24,149
68,25,157
68,26,159
68,27,164
68,28,172
68,29,197
68,30,203
68,31,154
68,32,135
68,33,147
68,34,163
68,35,166
68,36,168
68,37,175
68,38,170
68,39,168
68,40,159
68,41,150
68,42,143
68,43,156
68,44,163
68,45,146
68,46,156
68,47,149
68,48,152
68,49,146
68,50,169
68,51,180
68,52,63
68,53,20
68,54,22
68,55,23
68,56,22
68,57,21
68,58,20
68,59,21
68,60,22
68,61,23
68,62,23
68,63,23
68,64,24
68,65,23
68,66,23
68,67,24
68,68,24
68,69,24
68,70,23
68,71,22
68,72,22
68,73,21
68,74,20
68,75,20
68,76,20
68,77,21
68,78,21
68,79,21
68,80,21
68,81,21
68,82,21
68,83,20
68,84,20
68,85,21
68,86,22
68,87,22
68,88,21
68,89,21
68,90,22
68,91,21
68,92,21
68,93,21
68,94,21
68,95,22
68,96,22
68,97,21
68,98,21
68,99,22
68,100,24
68,101,25
68,102,24
68,103,23
68,104,22
68,105,25
68,106,23
68,107,25
68,108,24
68,109,23
68,110,27
68,111,25
68,112,23
68,113,30
68,114,26
68,115,3
68,116,88
68,117,159
68,118,169
68,119,162
68,120,142
68,121,124
68,122,114
68,123,109
68,124,94
68,125,71
68,126,70
68,127,67
68,128,73
68,129,108
68,130,100
68,131,109
68,132,121
68,133,123
68,134,127
68,135,136
68,136,157
68,137,157
68,138,161
68,139,159
68,140,156
68,141,162
68,142,157
68,143,151
68,144,152
68,145,140
68,146,147
68,147,157
68,148,169
68,149,166
69,0,164
69,1,180
69,2,169
69,3,152
69,4,156
69,5,166
69,6,159
69,7,158
69,8,165
69,9,182
69,10,175
69,11,163
69,12,166
69,13,165
69,14,163
69,15,162
69,16,143
69,17,158
69,18,158
69,19,155
69,20,177
69,21,182
69,22,175
69,23,152
69,24,147
69,25,155
69,26,159
69,27,171
69,28,176
69,29,178
69,30,204
69,31,185
69,32,142
69,33,136
69,34,163
69,35,164
69,36,157
69,37,178
69,38,165
69,39,156
69,40,160
69,41,165
69,42,165
69,43,160
69,44,166
69,45,152
69,46,152
69,47,151
69,48,150
69,49,150
69,50,166
69,51,180
69,52,77
69,53,2
69,54,25
69,55,22
69,56,22
69,57,21
69,58,20
69,59,19
69,60,20
69,61,22
69,62,23
69,63,22
69,64,24
69,65,24
69,66,23
69,67,24
69,68,24
69,69,24
69,70,23
69,71,23
69,72,23
69,73,22
69,74,21
69,75,20
69,76,20
69,77,20
69,78,21
69,79,21
69,80,22
69,81,22
69,82,22
69,83,21
69,84,21
69,85,22
69,86,23
69,87,23
69,88,21
69,89,22
69,90,22
69,91,22
69,92,21
69,93,22
69,94,22
69,95,22
69,96,22
69,97,21
69,98,20
69,99,21
69,100,23
69,101,24
69,102,24
69,103,23
69,104,23
69,105,25
69,106,23
69,107,24
69,108,24
69,109,23
69,110,25
69,111,21
69,112,25
69,113,24
69,114,29
69,115,27
69,116,31
69,117,76
69,118,139
69,119,181
69,120,164
69,121,150
69,122,134
69,123,112
69,124,101
69,125,126
69,126,122
69,127,114
69,128,118
69,129,115
69,130,111
69,131,121
69,132,131
69,133,141
69,134,135
69,135,145
69,136,160
69,137,162
69,138,180
69,139,169
69,140,154
69,141,159
69,142,157
69,143,164
69,144,160
69,145,145
69,146,139
69,147,143
69,148,159
69,149,166
70,0,173
70,1,177
70,2,168
70,3,150
70,4,161
70,5,170
70,6,158
70,7,155
70,8,171
70,9,176
70,10,153
70,11,167
70,12,176
70,13,155
70,14,159
70,15,157
70,16,151
70,17,153
70,18,163
70,19,166
70,20,162
70,21,161
70,22,177
70,23,177
70,24,158
70,25,158
70,26,162
70,27,182
70,28,182
70,29,177
70,30,192
70,31,202
70,32,174
70,33,152
70,34,157
70,35,165
70,36,153
70,37,163
70,38,171
70,39,158
70,40,153
70,41,164
70,42,166
70,43,164
70,44,159
70,45,153
70,46,153
70,47,158
70,48,158
70,49,144
70,50,169
70,51,167
70,52,45
70,53,18
70,54,23
70,55,20
70,56,21
70,57,21
70,58,20
70,59,19
70,60,20
70,61,22
70,62,23
70,63,22
70,64,24
70,65,24
70,66,24
70,67,25
70,68,25
70,69,23
70,70,23
70,71,24
70,72,24
70,73,23
70,74,22
70,75,21
70,76,21
70,77,21
70,78,20
70,79,20
70,80,22
70,81,22
70,82,22
70,83,21
70,84,21
70,85,22
70,86,23
70,87,22
70,88,22
70,89,21
70,90,21
70,91,21
70,92,22
70,93,22
70,94,22
70,95,22
70,96,22
70,97,21
70,98,21
70,99,21
70,100,22
70,101,23
70,102,23
70,103,22
70,104,22
70,105,24
70,106,23
70,107,23
70,108,24
70,109,24
70,110,24
70,111,23
70,112,23
70,113,28
70,114,27
70,115,24
70,116,35
70,117,38
70,118,101
70,119,148
70,120,173
70,121,164
70,122,140
70,123,118
70,124,105
70,125,109
70,126,123
70,127,119
70,128,140
70,129,147
70,130,128
70,131,137
70,132,157
70,133,159
70,134,148
70,135,153
70,136,157
70,137,154
70,138,177
70,139,170
70,140,163
70,141,180
70,142,174
70,143,169
70,144,165
70,145,156
70,146,146
70,147,135
70,148,133
70,149,167
71,0,178
71,1,172
71,2,168
71,3,162
71,4,169
71,5,160
71,6,163
71,7,167
71,8,169
71,9,174
71,10,159
71,11,175
71,12,183
71,13,164
71,14,160
71,15,155
71,16,152
71,17,156
71,18,165
71,19,165
71,20,155
71,21,147
71,22,166
71,23,186
71,24,173
71,25,165
71,26,167
71,27,171
71,28,176
71,29,185
71,30,191
71,31,202
71,32,182
71,33,147
71,34,139
71,35,156
71,36,165
71,37,167
71,38,169
71,39,162
71,40,151
71,41,159
71,42,154
71,43,160
71,44,141
71,45,140
71,46,149
71,47,153
71,48,143
71,49,143
71,50,178
71,51,164
71,52,6
71,53,27
71,54,24
71,55,20
71,56,19
71,57,21
71,58,21
71,59,20
71,60,20
71,61,22
71,62,23
71,63,23
71,64,24
71,65,24
71,66,24
71,67,25
71,68,25
71,69,23
71,70,23
71,71,25
71,72,24
71,73,24
71,74,22
71,75,22
71,76,21
71,77,21
71,78,20
71,79,20
71,80,21
71,81,22
71,82,22
71,83,21
71,84,21
71,85,21
71,86,21
71,87,21
71,88,21
71,89,21
71,90,21
71,91,21
71,92,21
71,93,22
71,94,22
71,95,22
71,96,23
71,97,22
71,98,22
71,99,22
71,100,22
71,101,21
71,102,21
71,103,21
71,104,21
71,105,24
71,106,24
71,107,23
71,108,23
71,109,23
71,110,23
71,111,26
71,112,25
71,113,22
71,114,23
71,115,19
71,116,18
71,117,33
71,118,46
71,119,108
71,120,130
71,121,133
71,122,104
71,123,102
71,124,103
71,125,113
71,126,117
71,127,127
71,128,138
71,129,153
71,130,148
71,131,157
71,132,168
71,133,175
71,134,172
71,135,178
71,136,166
71,137,161
71,138,176
71,139,165
71,140,167
71,141,182
71,142,169
71,143,166
71,144,164
71,145,148
71,146,147
71,147,143
71,148,156
71,149,170
72,0,186
72,1,188
72,2,170
72,3,175
72,4,164
72,5,151
72,6,149
72,7,181
72,8,171
72,9,167
72,10,161
72,11,181
72,12,183
72,13,175
72,14,160
72,15,160
72,16,160
72,17,155
72,18,156
72,19,155
72,20,162
72,21,161
72,22,154
72,23,175
72,24,186
72,25,172
72,26,154
72,27,147
72,28,155
72,29,165
72,30,171
72,31,175
72,32,171
72,33,143
72,34,122
72,35,139
72,36,164
72,37,171
72,38,170
72,39,167
72,40,153
72,41,158
72,42,154
72,43,151
72,44,145
72,45,136
72,46,137
72,47,150
72,48,138
72,49,141
72,50,186
72,51,143
72,52,4
72,53,31
72,54,20
72,55,21
72,56,19
72,57,24
72,58,19
72,59,21
72,60,23
72,61,20
72,62,25
72,63,24
72,64,23
72,65,26
72,66,25
72,67,25
72,68,25
72,69,25
72,70,26
72,71,20
72,72,20
72,73,24
72,74,24
72,75,21
72,76,20
72,77,17
72,78,23
72,79,22
72,80,19
72,81,22
72,82,18
72,83,21
72,84,20
72,85,23
72,86,24
72,87,21
72,88,17
72,89,26
72,90,20
72,91,20
72,92,21
72,93,23
72,94,21
72,95,19
72,96,17
72,97,28
72,98,23
72,99,24
72,100,20
72,101,23
72,102,22
72,103,21
72,104,19
72,105,26
72,106,19
72,107,23
72,108,25
72,109,26
72,110,23
72,111,28
72,112,24
72,113,27
72,114,25
72,115,43
72,116,72
72,117,96
72,118,101
72,119,112
72,120,98
72,121,100
72,122,103
72,123,114
72,124,126
72,125,128
72,126,137
72,127,150
72,128,145
72,129,159
72,130,166
72,131,156
72,132,167
72,133,184
72,134,179
72,135,180
72,136,180
72,137,169
72,138,173
72,139,177
72,140,184
72,141,183
72,142,179
72,143,177
72,144,160
72,145,141
72,146,143
72,147,159
72,148,165
72,149,125
73,0,179
73,1,181
73,2,183
73,3,177
73,4,172
73,5,164
73,6,160
73,7,166
73,8,167
73,9,153
73,10,162
73,11,177
73,12,179
73,13,176
73,14,162
73,15,154
73,16,150
73,17,157
73,18,153
73,19,154
73,20,168
73,21,165
73,22,155
73,23,161
73,24,179
73,25,176
73,26,167
73,27,156
73,28,160
73,29,135
73,30,149
73,31,164
73,32,188
73,33,160
73,34,129
73,35,135
73,36,156
73,37,165
73,38,166
73,39,171
73,40,167
73,41,156
73,42,151
73,43,152
73,44,132
73,45,124
73,46,132
73,47,147
73,48,160
73,49,170
73,50,190
73,51,129
73,52,23
73,53,32
73,54,25
73,55,21
73,56,21
73,57,23
73,58,20
73,59,21
73,60,23
73,61,23
73,62,25
73,63,27
73,64,27
73,65,27
73,66,23
73,67,25
73,68,28
73,69,26
73,70,26
73,71,26
73,72,26
73,73,22
73,74,24
73,75,23
73,76,23
73,77,21
73,78,20
73,79,23
73,80,21
73,81,22
73,82,21
73,83,21
73,84,21
73,85,22
73,86,21
73,87,22
73,88,25
73,89,16
73,90,22
73,91,23
73,92,19
73,93,20
73,94,21
73,95,24
73,96,26
73,97,22
73,98,21
73,99,15
73,100,22
73,101,22
73,102,19
73,103,23
73,104,28
73,105,24
73,106,27
73,107,24
73,108,27
73,109,15
73,110,27
73,111,37
73,112,46
73,113,63
73,114,81
73,115,97
73,116,120
73,117,119
73,118,112
73,119,120
73,120,120
73,121,121
73,122,127
73,123,128
73,124,137
73,125,135
73,126,160
73,127,167
73,128,163
73,129,177
73,130,183
73,131,182
73,132,189
73,133,185
73,134,174
73,135,194
73,136,199
73,137,191
73,138,189
73,139,186
73,140,194
73,141,200
73,142,201
73,143,196
73,144,185
73,145,148
73,146,152
73,147,172
73,148,127
73,149,53
74,0,171
74,1,183
74,2,177
74,3,163
74,4,160
74,5,171
74,6,173
74,7,169
74,8,169
74,9,163
74,10,167
74,11,176
74,12,179
74,13,170
74,14,167
74,15,166
74,16,158
74,17,165
74,18,155
74,19,157
74,20,167
74,21,161
74,22,154
74,23,148
74,24,152
74,25,170
74,26,173
74,27,174
74,28,161
74,29,154
74,30,147
74,31,169
74,32,180
74,33,188
74,34,161
74,35,139
74,36,150
74,37,160
74,38,180
74,39,183
74,40,175
74,41,166
74,42,160
74,43,159
74,44,137
74,45,132
74,46,123
74,47,118
74,48,149
74,49,187
74,50,195
74,51,163
74,52,73
74,53,7
74,54,29
74,55,24
74,56,20
74,57,19
74,58,20
74,59,19
74,60,22
74,61,24
74,62,23
74,63,26
74,64,25
74,65,27
74,66,25
74,67,28
74,68,31
74,69,26
74,70,24
74,71,25
74,72,21
74,73,26
74,74,23
74,75,22
74,76,21
74,77,23
74,78,25
74,79,19
74,80,19
74,81,19
74,82,20
74,83,19
74,84,22
74,85,21
74,86,20
74,87,24
74,88,21
74,89,21
74,90,20
74,91,21
74,92,23
74,93,22
74,94,20
74,95,19
74,96,24
74,97,23
74,98,26
74,99,28
74,100,23
74,101,27
74,102,23
74,103,23
74,104,17
74,105,16
74,106,26
74,107,13
74,108,43
74,109,58
74,110,68
74,111,89
74,112,115
74,113,110
74,114,112
74,115,121
74,116,116
74,117,134
74,118,133
74,119,125
74,120,123
74,121,147
74,122,159
74,123,153
74,124,156
74,125,151
74,126,174
74,127,177
74,128,181
74,129,187
74,130,190
74,131,193
74,132,193
74,133,181
74,134,169
74,135,195
74,136,193
74,137,191
74,138,196
74,139,201
74,140,206
74,141,207
74,142,207
74,143,195
74,144,178
74,145,174
74,146,167
74,147,143
74,148,75
74,149,25
75,0,172
75,1,188
75,2,183
75,3,162
75,4,161
75,5,179
75,6,177
75,7,177
75,8,185
75,9,184
75,10,169
75,11,164
75,12,167
75,13,165
75,14,169
75,15,171
75,16,167
75,17,171
75,18,161
75,19,158
75,20,165
75,21,165
75,22,159
75,23,153
75,24,152
75,25,168
75,26,179
75,27,172
75,28,169
75,29,150
75,30,162
75,31,174
75,32,178
75,33,198
75,34,186
75,35,144
75,36,142
75,37,144
75,38,172
75,39,180
75,40,165
75,41,163
75,42,167
75,43,170
75,44,140
75,45,140
75,46,136
75,47,131
75,48,139
75,49,178
75,50,195
75,51,192
75,52,149
75,53,23
75,54,25
75,55,24
75,56,21
75,57,21
75,58,22
75,59,22
75,60,24
75,61,25
75,62,24
75,63,27
75,64,29
75,65,31
75,66,32
75,67,30
75,68,28
75,69,26
75,70,25
75,71,24
75,72,24
75,73,21
75,74,26
75,75,24
75,76,21
75,77,24
75,78,17
75,79,22
75,80,18
75,81,21
75,82,20
75,83,19
75,84,22
75,85,19
75,86,20
75,87,22
75,88,21
75,89,22
75,90,18
75,91,21
75,92,17
75,93,22
75,94,24
75,95,20
75,96,17
75,97,17
75,98,8
75,99,16
75,100,14
75,101,23
75,102,23
75,103,21
75,104,44
75,105,50
75,106,64
75,107,62
75,108,77
75,109,101
75,110,103
75,111,121
75,112,142
75,113,122
75,114,118
75,115,130
75,116,131
75,117,139
75,118,150
75,119,141
75,120,128
75,121,155
75,122,175
75,123,172
75,124,163
75,125,174
75,126,188
75,127,170
75,128,176
75,129,192
75,130,194
75,131,193
75,132,195
75,133,193
75,134,170
75,135,172
75,136,181
75,137,198
75,138,208
75,139,210
75,140,209
75,141,196
75,142,186
75,143,175
75,144,172
75,145,177
75,146,174
75,147,95
75,148,4
75,149,35
76,0,170
76,1,177
76,2,184
76,3,165
76,4,182
76,5,189
76,6,178
76,7,181
76,8,179
76,9,178
76,10,180
76,11,181
76,12,166
76,13,160
76,14,153
76,15,165
76,16,176
76,17,177
76,18,176
76,19,164
76,20,168
76,21,173
76,22,162
76,23,164
76,24,161
76,25,162
76,26,160
76,27,178
76,28,175
76,29,159
76,30,157
76,31,171
76,32,190
76,33,200
76,34,203
76,35,164
76,36,133
76,37,134
76,38,158
76,39,175
76,40,169
76,41,173
76,42,169
76,43,161
76,44,140
76,45,147
76,46,142
76,47,142
76,48,147
76,49,160
76,50,166
76,51,182
76,52,170
76,53,67
76,54,13
76,55,24
76,56,22
76,57,24
76,58,22
76,59,24
76,60,25
76,61,24
76,62,27
76,63,29
76,64,28
76,65,29
76,66,32
76,67,32
76,68,29
76,69,30
76,70,29
76,71,26
76,72,27
76,73,28
76,74,24
76,75,28
76,76,26
76,77,20
76,78,22
76,79,21
76,80,20
76,81,26
76,82,23
76,83,23
76,84,23
76,85,20
76,86,25
76,87,24
76,88,23
76,89,25
76,90,27
76,91,35
76,92,29
76,93,30
76,94,20
76,95,41
76,96,47
76,97,68
76,98,70
76,99,62
76,100,75
76,101,92
76,102,93
76,103,75
76,104,107
76,105,110
76,106,100
76,107,109
76,108,103
76,109,97
76,110,95
76,111,108
76,112,123
76,113,122
76,114,130
76,115,151
76,116,142
76,117,131
76,118,144
76,119,144
76,120,136
76,121,163
76,122,184
76,123,171
76,124,160
76,125,174
76,126,190
76,127,185
76,128,187
76,129,202
76,130,207
76,131,206
76,132,200
76,133,187
76,134,167
76,135,173
76,136,191
76,137,201
76,138,178
76,139,158
76,140,173
76,141,177
76,142,173
76,143,170
76,144,171
76,145,185
76,146,176
76,147,78
76,148,1
76,149,32
77,0,168
77,1,176
77,2,156
77,3,160
77,4,187
77,5,178
77,6,165
77,7,176
77,8,185
77,9,181
77,10,174
77,11,181
77,12,173
77,13,170
77,14,164
77,15,177
77,16,187
77,17,163
77,18,164
77,19,164
77,20,169
77,21,181
77,22,171
77,23,165
77,24,169
77,25,161
77,26,157
77,27,169
77,28,182
77,29,178
77,30,166
77,31,175
77,32,189
77,33,196
77,34,199
77,35,199
77,36,149
77,37,140
77,38,158
77,39,166
77,40,169
77,41,173
77,42,169
77,43,155
77,44,135
77,45,143
77,46,134
77,47,125
77,48,141
77,49,158
77,50,144
77,51,179
77,52,146
77,53,10
77,54,37
77,55,23
77,56,23
77,57,26
77,58,24
77,59,27
77,60,27
77,61,25
77,62,29
77,63,33
77,64,34
77,65,32
77,66,34
77,67,35
77,68,33
77,69,33
77,70,31
77,71,30
77,72,27
77,73,24
77,74,27
77,75,24
77,76,28
77,77,27
77,78,27
77,79,26
77,80,26
77,81,32
77,82,31
77,83,37
77,84,35
77,85,38
77,86,43
77,87,44
77,88,64
77,89,55
77,90,69
77,91,92
77,92,79
77,93,81
77,94,79
77,95,90
77,96,106
77,97,109
77,98,118
77,99,118
77,100,113
77,101,121
77,102,120
77,103,115
77,104,119
77,105,121
77,106,109
77,107,114
77,108,118
77,109,111
77,110,103
77,111,110
77,112,126
77,113,143
77,114,150
77,115,170
77,116,152
77,117,141
77,118,148
77,119,154
77,120,159
77,121,178
77,122,191
77,123,173
77,124,181
77,125,181
77,126,191
77,127,203
77,128,209
77,129,199
77,130,203
77,131,205
77,132,197
77,133,190
77,134,196
77,135,210
77,136,206
77,137,211
77,138,201
77,139,185
77,140,187
77,141,184
77,142,180
77,143,174
77,144,167
77,145,200
77,146,162
77,147,31
77,148,28
77,149,26
78,0,156
78,1,164
78,2,131
78,3,163
78,4,181
78,5,163
78,6,158
78,7,171
78,8,179
78,9,187
78,10,175
78,11,173
78,12,173
78,13,178
78,14,182
78,15,183
78,16,189
78,17,173
78,18,177
78,19,177
78,20,168
78,21,173
78,22,179
78,23,176
78,24,178
78,25,181
78,26,166
78,27,167
78,28,173
78,29,174
78,30,181
78,31,181
78,32,183
78,33,184
78,34,182
78,35,209
78,36,180
78,37,155
78,38,154
78,39,149
78,40,152
78,41,148
78,42,171
78,43,173
78,44,139
78,45,136
78,46,140
78,47,136
78,48,142
78,49,142
78,50,138
78,51,173
78,52,113
78,53,14
78,54,46
78,55,33
78,56,28
78,57,31
78,58,36
78,59,37
78,60,36
78,61,33
78,62,31
78,63,37
78,64,42
78,65,45
78,66,44
78,67,38
78,68,38
78,69,37
78,70,34
78,71,38
78,72,48
78,73,43
78,74,40
78,75,48
78,76,57
78,77,41
78,78,54
78,79,54
78,80,64
78,81,64
78,82,69
78,83,79
78,84,73
78,85,81
78,86,82
78,87,90
78,88,104
78,89,95
78,90,96
78,91,109
78,92,107
78,93,102
78,94,101
78,95,104
78,96,116
78,97,104
78,98,109
78,99,120
78,100,106
78,101,115
78,102,117
78,103,118
78,104,129
78,105,124
78,106,130
78,107,118
78,108,113
78,109,124
78,110,123
78,111,128
78,112,159
78,113,167
78,114,161
78,115,161
78,116,168
78,117,155
78,118,156
78,119,171
78,120,175
78,121,187
78,122,209
78,123,202
78,124,198
78,125,186
78,126,198
78,127,208
78,128,211
78,129,208
78,130,210
78,131,199
78,132,199
78,133,207
78,134,218
78,135,217
78,136,223
78,137,218
78,138,226
78,139,226
78,140,218
78,141,206
78,142,201
78,143,195
78,144,175
78,145,164
78,146,103
78,147,3
78,148,28
78,149,29
79,0,153
79,1,138
79,2,137
79,3,171
79,4,171
79,5,152
79,6,154
79,7,161
79,8,174
79,9,163
79,10,171
79,11,178
79,12,179
79,13,178
79,14,172
79,15,162
79,16,173
79,17,186
79,18,180
79,19,171
79,20,171
79,21,176
79,22,183
79,23,177
79,24,164
79,25,164
79,26,168
79,27,181
79,28,179
79,29,180
79,30,177
79,31,178
79,32,177
79,33,185
79,34,194
79,35,197
79,36,195
79,37,178
79,38,156
79,39,150
79,40,155
79,41,159
79,42,178
79,43,185
79,44,175
79,45,162
79,46,147
79,47,144
79,48,136
79,49,144
79,50,163
79,51,167
79,52,114
79,53,89
79,54,67
79,55,87
79,56,75
79,57,78
79,58,90
79,59,90
79,60,88
79,61,84
79,62,75
79,63,81
79,64,66
79,65,85
79,66,94
79,67,89
79,68,91
79,69,89
79,70,81
79,71,85
79,72,86
79,73,83
79,74,84
79,75,86
79,76,94
79,77,79
79,78,94
79,79,94
79,80,98
79,81,90
79,82,98
79,83,108
79,84,96
79,85,106
79,86,99
79,87,113
79,88,114
79,89,97
79,90,105
79,91,104
79,92,107
79,93,98
79,94,92
79,95,97
79,96,101
79,97,97
79,98,97
79,99,108
79,100,110
79,101,108
79,102,124
79,103,140
79,104,147
79,105,147
79,106,155
79,107,149
79,108,139
79,109,142
79,110,138
79,111,157
79,112,166
79,113,171
79,114,168
79,115,168
79,116,168
79,117,176
79,118,170
79,119,170
79,120,178
79,121,190
79,122,206
79,123,212
79,124,203
79,125,189
79,126,192
79,127,196
79,128,200
79,129,181
79,130,145
79,131,130
79,132,183
79,133,218
79,134,225
79,135,221
79,136,217
79,137,220
79,138,232
79,139,232
79,140,228
79,141,216
79,142,211
79,143,217
79,144,201
79,145,129
79,146,25
79,147,37
79,148,26
79,149,25
80,0,152
80,1,142
80,2,163
80,3,164
80,4,162
80,5,148
80,6,147
80,7,148
80,8,154
80,9,152
80,10,169
80,11,176
80,12,157
80,13,166
80,14,170
80,15,172
80,16,165
80,17,175
80,18,173
80,19,167
80,20,174
80,21,181
80,22,182
80,23,172
80,24,162
80,25,158
80,26,166
80,27,166
80,28,163
80,29,171
80,30,163
80,31,169
80,32,172
80,33,183
80,34,193
80,35,184
80,36,180
80,37,193
80,38,181
80,39,175
80,40,168
80,41,168
80,42,169
80,43,190
80,44,203
80,45,192
80,46,170
80,47,174
80,48,174
80,49,172
80,50,162
80,51,142
80,52,114
80,53,110
80,54,110
80,55,120
80,56,110
80,57,113
80,58,111
80,59,105
80,60,115
80,61,104
80,62,95
80,63,107
80,64,93
80,65,108
80,66,120
80,67,112
80,68,114
80,69,106
80,70,111
80,71,111
80,72,99
80,73,99
80,74,92
80,75,88
80,76,92
80,77,103
80,78,98
80,79,92
80,80,88
80,81,97
80,82,94
80,83,96
80,84,102
80,85,110
80,86,118
80,87,118
80,88,115
80,89,95
80,90,105
80,91,110
80,92,110
80,93,123
80,94,107
80,95,105
80,96,102
80,97,109
80,98,98
80,99,111
80,100,121
80,101,128
80,102,137
80,103,158
80,104,156
80,105,166
80,106,175
80,107,172
80,108,176
80,109,167
80,110,140
80,111,145
80,112,151
80,113,147
80,114,163
80,115,193
80,116,205
80,117,200
80,118,194
80,119,193
80,120,190
80,121,208
80,122,204
80,123,206
80,124,211
80,125,199
80,126,182
80,127,161
80,128,117
80,129,56
80,130,2
80,131,15
80,132,110
80,133,158
80,134,200
80,135,225
80,136,219
80,137,235
80,138,237
80,139,234
80,140,218
80,141,225
80,142,223
80,143,226
80,144,213
80,145,137
80,146,11
80,147,33
80,148,23
80,149,24
81,0,139
81,1,138
81,2,164
81,3,161
81,4,142
81,5,132
81,6,152
81,7,149
81,8,133
81,9,151
81,10,173
81,11,169
81,12,164
81,13,158
81,14,161
81,15,163
81,16,166
81,17,176
81,18,173
81,19,166
81,20,178
81,21,179
81,22,171
81,23,174
81,24,182
81,25,172
81,26,161
81,27,150
81,28,148
81,29,165
81,30,163
81,31,157
81,32,154
81,33,155
81,34,162
81,35,160
81,36,160
81,37,176
81,38,177
81,39,184
81,40,192
81,41,183
81,42,177
81,43,192
81,44,204
81,45,196
81,46,174
81,47,169
81,48,170
81,49,153
81,50,133
81,51,145
81,52,142
81,53,132
81,54,137
81,55,129
81,56,124
81,57,133
81,58,109
81,59,107
81,60,116
81,61,110
81,62,97
81,63,109
81,64,110
81,65,107
81,66,120
81,67,111
81,68,105
81,69,104
81,70,109
81,71,117
81,72,130
81,73,114
81,74,100
81,75,92
81,76,90
81,77,98
81,78,97
81,79,103
81,80,103
81,81,104
81,82,104
81,83,97
81,84,102
81,85,117
81,86,125
81,87,126
81,88,117
81,89,110
81,90,125
81,91,131
81,92,131
81,93,131
81,94,126
81,95,128
81,96,118
81,97,111
81,98,100
81,99,103
81,100,108
81,101,121
81,102,120
81,103,126
81,104,158
81,105,173
81,106,166
81,107,157
81,108,156
81,109,159
81,110,140
81,111,138
81,112,159
81,113,167
81,114,188
81,115,198
81,116,211
81,117,209
81,118,204
81,119,203
81,120,215
81,121,215
81,122,213
81,123,201
81,124,186
81,125,166
81,126,114
81,127,53
81,128,5
81,129,22
81,130,38
81,131,41
81,132,23
81,133,17
81,134,82
81,135,166
81,136,218
81,137,234
81,138,241
81,139,228
81,140,225
81,141,225
81,142,231
81,143,229
81,144,186
81,145,71
81,146,27
81,147,24
81,148,29
81,149,26
82,0,115
82,1,132
82,2,148
82,3,148
82,4,142
82,5,122
82,6,134
82,7,140
82,8,127
82,9,144
82,10,153
82,11,159
82,12,178
82,13,152
82,14,162
82,15,170
82,16,150
82,17,159
82,18,165
82,19,152
82,20,175
82,21,173
82,22,173
82,23,182
82,24,177
82,25,181
82,26,165
82,27,158
82,28,168
82,29,173
82,30,167
82,31,169
82,32,167
82,33,158
82,34,156
82,35,156
82,36,157
82,37,165
82,38,168
82,39,181
82,40,180
82,41,188
82,42,182
82,43,189
82,44,203
82,45,195
82,46,169
82,47,160
82,48,154
82,49,156
82,50,137
82,51,164
82,52,178
82,53,141
82,54,139
82,55,140
82,56,134
82,57,143
82,58,132
82,59,124
82,60,117
82,61,115
82,62,129
82,63,122
82,64,121
82,65,116
82,66,118
82,67,125
82,68,120
82,69,116
82,70,125
82,71,129
82,72,125
82,73,131
82,74,122
82,75,115
82,76,109
82,77,104
82,78,100
82,79,103
82,80,103
82,81,96
82,82,102
82,83,105
82,84,118
82,85,119
82,86,118
82,87,124
82,88,117
82,89,118
82,90,135
82,91,135
82,92,134
82,93,129
82,94,130
82,95,130
82,96,107
82,97,99
82,98,94
82,99,95
82,100,89
82,101,99
82,102,105
82,103,112
82,104,133
82,105,148
82,106,135
82,107,150
82,108,161
82,109,153
82,110,161
82,111,165
82,112,169
82,113,185
82,114,204
82,115,217
82,116,221
82,117,217
82,118,211
82,119,218
82,120,215
82,121,201
82,122,158
82,123,91
82,124,31
82,125,24
82,126,38
82,127,22
82,128,31
82,129,29
82,130,27
82,131,26
82,132,29
82,133,37
82,134,17
82,135,70
82,136,121
82,137,178
82,138,212
82,139,212
82,140,223
82,141,233
82,142,231
82,143,201
82,144,105
82,145,12
82,146,26
82,147,27
82,148,24
82,149,23
83,0,108
83,1,122
83,2,130
83,3,122
83,4,123
83,5,117
83,6,124
83,7,121
83,8,130
83,9,145
83,10,142
83,11,135
83,12,157
83,13,156
83,14,158
83,15,149
83,16,143
83,17,149
83,18,154
83,19,162
83,20,166
83,21,184
83,22,184
83,23,179
83,24,178
83,25,177
83,26,166
83,27,165
83,28,174
83,29,177
83,30,176
83,31,179
83,32,178
83,33,174
83,34,174
83,35,177
83,36,183
83,37,187
83,38,184
83,39,185
83,40,170
83,41,174
83,42,169
83,43,171
83,44,175
83,45,178
83,46,175
83,47,168
83,48,170
83,49,161
83,50,148
83,51,164
83,52,176
83,53,150
83,54,148
83,55,135
83,56,142
83,57,164
83,58,152
83,59,129
83,60,124
83,61,130
83,62,154
83,63,148
83,64,119
83,65,118
83,66,127
83,67,133
83,68,129
83,69,130
83,70,129
83,71,143
83,72,148
83,73,160
83,74,144
83,75,140
83,76,124
83,77,113
83,78,121
83,79,113
83,80,112
83,81,115
83,82,105
83,83,113
83,84,128
83,85,112
83,86,119
83,87,117
83,88,108
83,89,106
83,90,121
83,91,128
83,92,132
83,93,128
83,94,125
83,95,123
83,96,107
83,97,111
83,98,103
83,99,98
83,100,90
83,101,106
83,102,126
83,103,126
83,104,123
83,105,113
83,106,116
83,107,136
83,108,169
83,109,164
83,110,171
83,111,183
83,112,183
83,113,177
83,114,203
83,115,219
83,116,223
83,117,226
83,118,214
83,119,194
83,120,148
83,121,79
83,122,9
83,123,7
83,124,26
83,125,21
83,126,23
83,127,28
83,128,27
83,129,25
83,130,24
83,131,23
83,132,28
83,133,24
83,134,33
83,135,28
83,136,27
83,137,136
83,138,189
83,139,198
83,140,208
83,141,227
83,142,212
83,143,125
83,144,27
83,145,32
83,146,27
83,147,18
83,148,27
83,149,26
84,0,113
84,1,110
84,2,113
84,3,96
84,4,93
84,5,91
84,6,87
84,7,93
84,8,107
84,9,116
84,10,126
84,11,129
84,12,133
84,13,147
84,14,142
84,15,138
84,16,150
84,17,168
84,18,185
84,19,191
84,20,160
84,21,158
84,22,165
84,23,157
84,24,164
84,25,171
84,26,168
84,27,157
84,28,163
84,29,173
84,30,176
84,31,178
84,32,178
84,33,179
84,34,177
84,35,173
84,36,178
84,37,195
84,38,199
84,39,179
84,40,168
84,41,180
84,42,168
84,43,159
84,44,161
84,45,157
84,46,168
84,47,182
84,48,169
84,49,154
84,50,162
84,51,166
84,52,179
84,53,181
84,54,169
84,55,142
84,56,156
84,57,183
84,58,163
84,59,144
84,60,140
84,61,145
84,62,144
84,63,142
84,64,122
84,65,121
84,66,130
84,67,137
84,68,134
84,69,133
84,70,118
84,71,123
84,72,157
84,73,171
84,74,140
84,75,130
84,76,131
84,77,125
84,78,121
84,79,104
84,80,110
84,81,113
84,82,112
84,83,106
84,84,116
84,85,110
84,86,114
84,87,118
84,88,116
84,89,118
84,90,121
84,91,140
84,92,148
84,93,139
84,94,126
84,95,123
84,96,101
84,97,100
84,98,101
84,99,113
84,100,120
84,101,137
84,102,148
84,103,131
84,104,111
84,105,114
84,106,133
84,107,148
84,108,177
84,109,182
84,110,188
84,111,191
84,112,179
84,113,190
84,114,199
84,115,216
84,116,200
84,117,177
84,118,129
84,119,54
84,120,5
84,121,6
84,122,26
84,123,34
84,124,26
84,125,27
84,126,29
84,127,26
84,128,23
84,129,26
84,130,24
84,131,26
84,132,24
84,133,26
84,134,26
84,135,32
84,136,85
84,137,155
84,138,174
84,139,189
84,140,210
84,141,215
84,142,158
84,143,56
84,144,27
84,145,31
84,146,28
84,147,26
84,148,27
84,149,20
85,0,106
85,1,100
85,2,97
85,3,111
85,4,104
85,5,91
85,6,112
85,7,105
85,8,95
85,9,100
85,10,110
85,11,137
85,12,128
85,13,133
85,14,152
85,15,167
85,16,180
85,17,184
85,18,179
85,19,168
85,20,159
85,21,133
85,22,137
85,23,134
85,24,128
85,25,146
85,26,153
85,27,147
85,28,161
85,29,178
85,30,185
85,31,185
85,32,191
85,33,194
85,34,188
85,35,173
85,36,170
85,37,190
85,38,203
85,39,177
85,40,159
85,41,173
85,42,173
85,43,169
85,44,166
85,45,166
85,46,183
85,47,185
85,48,159
85,49,153
85,50,167
85,51,164
85,52,184
85,53,185
85,54,164
85,55,162
85,56,167
85,57,178
85,58,178
85,59,176
85,60,161
85,61,141
85,62,130
85,63,120
85,64,129
85,65,126
85,66,131
85,67,143
85,68,140
85,69,134
85,70,122
85,71,118
85,72,150
85,73,146
85,74,113
85,75,103
85,76,114
85,77,116
85,78,107
85,79,102
85,80,99
85,81,101
85,82,119
85,83,114
85,84,131
85,85,139
85,86,113
85,87,97
85,88,126
85,89,137
85,90,128
85,91,139
85,92,143
85,93,135
85,94,124
85,95,115
85,96,102
85,97,99
85,98,120
85,99,146
85,100,152
85,101,152
85,102,139
85,103,120
85,104,121
85,105,138
85,106,151
85,107,182
85,108,199
85,109,207
85,110,209
85,111,194
85,112,213
85,113,221
85,114,183
85,115,147
85,116,110
85,117,29
85,118,2
85,119,4
85,120,33
85,121,31
85,122,27
85,123,24
85,124,24
85,125,26
85,126,25
85,127,23
85,128,24
85,129,22
85,130,26
85,131,25
85,132,24
85,133,24
85,134,28
85,135,52
85,136,116
85,137,148
85,138,159
85,139,190
85,140,213
85,141,184
85,142,72
85,143,30
85,144,30
85,145,25
85,146,27
85,147,25
85,148,23
85,149,26
86,0,117
86,1,114
86,2,116
86,3,111
86,4,120
86,5,130
86,6,133
86,7,141
86,8,135
86,9,148
86,10,142
86,11,150
86,12,152
86,13,158
86,14,187
86,15,181
86,16,177
86,17,163
86,18,135
86,19,138
86,20,138
86,21,132
86,22,130
86,23,137
86,24,127
86,25,132
86,26,147
86,27,163
86,28,182
86,29,203
86,30,210
86,31,180
86,32,170
86,33,182
86,34,180
86,35,176
86,36,176
86,37,176
86,38,187
86,39,181
86,40,175
86,41,191
86,42,183
86,43,178
86,44,182
86,45,173
86,46,174
86,47,165
86,48,148
86,49,144
86,50,156
86,51,158
86,52,172
86,53,172
86,54,163
86,55,172
86,56,169
86,57,161
86,58,168
86,59,182
86,60,173
86,61,139
86,62,139
86,63,137
86,64,137
86,65,122
86,66,127
86,67,125
86,68,118
86,69,115
86,70,107
86,71,125
86,72,131
86,73,111
86,74,109
86,75,120
86,76,108
86,77,98
86,78,94
86,79,90
86,80,115
86,81,122
86,82,131
86,83,143
86,84,150
86,85,136
86,86,132
86,87,152
86,88,135
86,89,134
86,90,133
86,91,123
86,92,110
86,93,110
86,94,109
86,95,99
86,96,102
86,97,125
86,98,153
86,99,162
86,100,158
86,101,147
86,102,135
86,103,130
86,104,134
86,105,149
86,106,172
86,107,199
86,108,205
86,109,220
86,110,220
86,111,210
86,112,209
86,113,189
86,114,128
86,115,2
86,116,16
86,117,30
86,118,33
86,119,31
86,120,24
86,121,26
86,122,23
86,123,24
86,124,22
86,125,23
86,126,29
86,127,23
86,128,22
86,129,25
86,130,23
86,131,29
86,132,23
86,133,30
86,134,25
86,135,86
86,136,145
86,137,163
86,138,179
86,139,197
86,140,193
86,141,117
86,142,34
86,143,27
86,144,28
86,145,26
86,146,23
86,147,29
86,148,26
86,149,26
87,0,148
87,1,141
87,2,133
87,3,118
87,4,119
87,5,131
87,6,139
87,7,145
87,8,164
87,9,166
87,10,164
87,11,164
87,12,188
87,13,182
87,14,179
87,15,155
87,16,138
87,17,116
87,18,120
87,19,141
87,20,124
87,21,124
87,22,131
87,23,126
87,24,128
87,25,141
87,26,156
87,27,173
87,28,183
87,29,176
87,30,151
87,31,90
87,32,63
87,33,85
87,34,93
87,35,113
87,36,133
87,37,119
87,38,135
87,39,163
87,40,168
87,41,185
87,42,194
87,43,203
87,44,198
87,45,170
87,46,168
87,47,162
87,48,150
87,49,167
87,50,175
87,51,163
87,52,154
87,53,154
87,54,172
87,55,189
87,56,168
87,57,139
87,58,137
87,59,176
87,60,170
87,61,154
87,62,163
87,63,163
87,64,140
87,65,120
87,66,108
87,67,109
87,68,117
87,69,111
87,70,110
87,71,134
87,72,131
87,73,134
87,74,131
87,75,128
87,76,112
87,77,106
87,78,108
87,79,104
87,80,127
87,81,151
87,82,160
87,83,140
87,84,138
87,85,138
87,86,134
87,87,175
87,88,148
87,89,117
87,90,130
87,91,106
87,92,70
87,93,67
87,94,69
87,95,64
87,96,99
87,97,146
87,98,166
87,99,167
87,100,162
87,101,139
87,102,135
87,103,149
87,104,142
87,105,161
87,106,185
87,107,201
87,108,209
87,109,226
87,110,228
87,111,200
87,112,121
87,113,42
87,114,36
87,115,38
87,116,32
87,117,27
87,118,26
87,119,23
87,120,24
87,121,19
87,122,23
87,123,24
87,124,23
87,125,25
87,126,22
87,127,22
87,128,22
87,129,25
87,130,27
87,131,23
87,132,28
87,133,26
87,134,28
87,135,129
87,136,180
87,137,184
87,138,202
87,139,201
87,140,153
87,141,10
87,142,35
87,143,26
87,144,23
87,145,26
87,146,25
87,147,22
87,148,26
87,149,23
88,0,169
88,1,170
88,2,167
88,3,160
88,4,161
88,5,134
88,6,139
88,7,148
88,8,149
88,9,169
88,10,183
88,11,197
88,12,197
88,13,154
88,14,125
88,15,126
88,16,113
88,17,122
88,18,121
88,19,115
88,20,128
88,21,120
88,22,120
88,23,115
88,24,114
88,25,152
88,26,175
88,27,181
88,28,139
88,29,57
88,30,10
88,31,9
88,32,9
88,33,2
88,34,4
88,35,36
88,36,36
88,37,4
88,38,45
88,39,93
88,40,73
88,41,116
88,42,129
88,43,158
88,44,153
88,45,123
88,46,153
88,47,184
88,48,167
88,49,189
88,50,184
88,51,171
88,52,155
88,53,156
88,54,163
88,55,183
88,56,171
88,57,170
88,58,179
88,59,189
88,60,184
88,61,177
88,62,177
88,63,175
88,64,145
88,65,131
88,66,125
88,67,134
88,68,143
88,69,148
88,70,146
88,71,134
88,72,146
88,73,164
88,74,152
88,75,143
88,76,118
88,77,120
88,78,112
88,79,103
88,80,119
88,81,119
88,82,137
88,83,123
88,84,106
88,85,111
88,86,66
88,87,75
88,88,83
88,89,72
88,90,76
88,91,40
88,92,31
88,93,37
88,94,36
88,95,69
88,96,137
88,97,171
88,98,181
88,99,171
88,100,154
88,101,140
88,102,141
88,103,142
88,104,137
88,105,161
88,106,182
88,107,194
88,108,220
88,109,230
88,110,203
88,111,118
88,112,5
88,113,28
88,114,33
88,115,27
88,116,26
88,117,27
88,118,27
88,119,22
88,120,23
88,121,22
88,122,22
88,123,23
88,124,24
88,125,25
88,126,24
88,127,23
88,128,19
88,129,27
88,130,20
88,131,28
88,132,29
88,133,3
88,134,81
88,135,166
88,136,182
88,137,194
88,138,209
88,139,201
88,140,105
88,141,5
88,142,30
88,143,27
88,144,24
88,145,24
88,146,24
88,147,24
88,148,24
88,149,25
89,0,174
89,1,165
89,2,167
89,3,158
89,4,160
89,5,144
89,6,145
89,7,167
89,8,184
89,9,198
89,10,197
89,11,164
89,12,134
89,13,122
89,14,136
89,15,142
89,16,129
89,17,124
89,18,137
89,19,122
89,20,125
89,21,127
89,22,120
89,23,139
89,24,136
89,25,167
89,26,181
89,27,165
89,28,89
89,29,59
89,30,33
89,31,28
89,32,30
89,33,33
89,34,27
89,35,28
89,36,34
89,37,29
89,38,35
89,39,27
89,40,34
89,41,2
89,42,20
89,43,28
89,44,9
89,45,24
89,46,63
89,47,99
89,48,110
89,49,129
89,50,100
89,51,118
89,52,124
89,53,104
89,54,117
89,55,139
89,56,138
89,57,163
89,58,161
89,59,167
89,60,158
89,61,135
89,62,149
89,63,158
89,64,147
89,65,132
89,66,122
89,67,127
89,68,146
89,69,152
89,70,132
89,71,119
89,72,136
89,73,123
89,74,107
89,75,94
89,76,79
89,77,95
89,78,61
89,79,54
89,80,71
89,81,42
89,82,51
89,83,66
89,84,45
89,85,45
89,86,31
89,87,27
89,88,26
89,89,35
89,90,40
89,91,39
89,92,41
89,93,46
89,94,59
89,95,124
89,96,177
89,97,190
89,98,187
89,99,167
89,100,149
89,101,144
89,102,143
89,103,133
89,104,150
89,105,166
89,106,185
89,107,203
89,108,220
89,109,222
89,110,154
89,111,14
89,112,42
89,113,37
89,114,28
89,115,28
89,116,29
89,117,24
89,118,23
89,119,26
89,120,25
89,121,24
89,122,24
89,123,24
89,124,25
89,125,25
89,126,25
89,127,24
89,128,23
89,129,27
89,130,20
89,131,27
89,132,34
89,133,30
89,134,106
89,135,169
89,136,192
89,137,205
89,138,215
89,139,173
89,140,50
89,141,19
89,142,29
89,143,25
89,144,25
89,145,25
89,146,24
89,147,24
89,148,24
89,149,25
90,0,170
90,1,154
90,2,160
90,3,142
90,4,148
90,5,179
90,6,194
90,7,201
90,8,184
90,9,170
90,10,152
90,11,135
90,12,130
90,13,120
90,14,120
90,15,130
90,16,118
90,17,116
90,18,118
90,19,120
90,20,124
90,21,135
90,22,147
90,23,145
90,24,154
90,25,172
90,26,176
90,27,131
90,28,42
90,29,25
90,30,27
90,31,22
90,32,21
90,33,23
90,34,27
90,35,25
90,36,27
90,37,28
90,38,32
90,39,31
90,40,32
90,41,32
90,42,29
90,43,31
90,44,32
90,45,34
90,46,33
90,47,14
90,48,15
90,49,41
90,50,21
90,51,39
90,52,46
90,53,37
90,54,49
90,55,44
90,56,51
90,57,71
90,58,64
90,59,73
90,60,64
90,61,47
90,62,65
90,63,66
90,64,67
90,65,76
90,66,57
90,67,47
90,68,85
90,69,83
90,70,44
90,71,59
90,72,43
90,73,23
90,74,27
90,75,13
90,76,32
90,77,38
90,78,35
90,79,30
90,80,25
90,81,35
90,82,33
90,83,32
90,84,31
90,85,35
90,86,37
90,87,42
90,88,40
90,89,40
90,90,38
90,91,46
90,92,40
90,93,48
90,94,142
90,95,189
90,96,204
90,97,193
90,98,169
90,99,151
90,100,152
90,101,147
90,102,135
90,103,138
90,104,156
90,105,167
90,106,186
90,107,201
90,108,213
90,109,211
90,110,102
90,111,21
90,112,41
90,113,30
90,114,25
90,115,28
90,116,29
90,117,25
90,118,22
90,119,27
90,120,26
90,121,25
90,122,24
90,123,24
90,124,24
90,125,25
90,126,24
90,127,24
90,128,23
90,129,24
90,130,28
90,131,28
90,132,29
90,133,78
90,134,145
90,135,174
90,136,192
90,137,209
90,138,207
90,139,107
90,140,7
90,141,35
90,142,26
90,143,26
90,144,25
90,145,25
90,146,25
90,147,24
90,148,24
90,149,25
91,0,156
91,1,151
91,2,168
91,3,174
91,4,182
91,5,203
91,6,197
91,7,168
91,8,139
91,9,109
91,10,139
91,11,155
91,12,132
91,13,114
91,14,128
91,15,129
91,16,119
91,17,118
91,18,118
91,19,111
91,20,116
91,21,138
91,22,146
91,23,149
91,24,179
91,25,161
91,26,166
91,27,115
91,28,38
91,29,19
91,30,24
91,31,24
91,32,26
91,33,19
91,34,22
91,35,25
91,36,27
91,37,28
91,38,28
91,39,29
91,40,26
91,41,31
91,42,30
91,43,27
91,44,31
91,45,31
91,46,29
91,47,39
91,48,37
91,49,29
91,50,36
91,51,39
91,52,36
91,53,45
91,54,43
91,55,52
91,56,48
91,57,41
91,58,49
91,59,50
91,60,48
91,61,54
91,62,52
91,63,49
91,64,48
91,65,38
91,66,45
91,67,42
91,68,40
91,69,47
91,70,41
91,71,38
91,72,40
91,73,41
91,74,36
91,75,40
91,76,35
91,77,34
91,78,33
91,79,33
91,80,40
91,81,34
91,82,33
91,83,35
91,84,36
91,85,37
91,86,37
91,87,36
91,88,38
91,89,38
91,90,38
91,91,39
91,92,33
91,93,65
91,94,176
91,95,212
91,96,190
91,97,169
91,98,154
91,99,154
91,100,161
91,101,151
91,102,137
91,103,148
91,104,165
91,105,165
91,106,193
91,107,210
91,108,215
91,109,160
91,110,42
91,111,35
91,112,32
91,113,27
91,114,29
91,115,28
91,116,26
91,117,27
91,118,26
91,119,27
91,120,25
91,121,24
91,122,23
91,123,23
91,124,23
91,125,23
91,126,23
91,127,23
91,128,23
91,129,23
91,130,26
91,131,27
91,132,22
91,133,107
91,134,171
91,135,179
91,136,185
91,137,209
91,138,193
91,139,71
91,140,5
91,141,33
91,142,23
91,143,27
91,144,25
91,145,25
91,146,25
91,147,24
91,148,24
91,149,25
92,0,156
92,1,180
92,2,195
92,3,195
92,4,176
92,5,152
92,6,139
92,7,111
92,8,115
92,9,117
92,10,111
92,11,125
92,12,121
92,13,122
92,14,100
92,15,120
92,16,142
92,17,148
92,18,133
92,19,145
92,20,159
92,21,146
92,22,148
92,23,170
92,24,164
92,25,144
92,26,171
92,27,104
92,28,7
92,29,25
92,30,24
92,31,22
92,32,24
92,33,25
92,34,27
92,35,26
92,36,25
92,37,30
92,38,31
92,39,26
92,40,26
92,41,27
92,42,27
92,43,30
92,44,28
92,45,28
92,46,33
92,47,30
92,48,32
92,49,37
92,50,33
92,51,36
92,52,38
92,53,42
92,54,42
92,55,40
92,56,45
92,57,51
92,58,46
92,59,51
92,60,53
92,61,49
92,62,54
92,63,49
92,64,47
92,65,47
92,66,47
92,67,42
92,68,41
92,69,43
92,70,40
92,71,41
92,72,38
92,73,36
92,74,35
92,75,30
92,76,31
92,77,29
92,78,32
92,79,33
92,80,32
92,81,32
92,82,33
92,83,30
92,84,34
92,85,34
92,86,33
92,87,33
92,88,32
92,89,37
92,90,39
92,91,36
92,92,38
92,93,51
92,94,113
92,95,149
92,96,155
92,97,156
92,98,158
92,99,163
92,100,169
92,101,154
92,102,138
92,103,151
92,104,159
92,105,157
92,106,193
92,107,217
92,108,184
92,109,60
92,110,30
92,111,35
92,112,34
92,113,27
92,114,29
92,115,28
92,116,25
92,117,27
92,118,25
92,119,25
92,120,24
92,121,24
92,122,23
92,123,23
92,124,23
92,125,23
92,126,23
92,127,23
92,128,24
92,129,26
92,130,22
92,131,30
92,132,55
92,133,131
92,134,183
92,135,188
92,136,187
92,137,200
92,138,128
92,139,24
92,140,35
92,141,26
92,142,26
92,143,22
92,144,25
92,145,25
92,146,24
92,147,24
92,148,25
92,149,25
93,0,197
93,1,205
93,2,190
93,3,163
93,4,134
93,5,120
93,6,136
93,7,123
93,8,127
93,9,116
93,10,116
93,11,117
93,12,129
93,13,113
93,14,102
93,15,116
93,16,143
93,17,172
93,18,153
93,19,163
93,20,164
93,21,133
93,22,153
93,23,170
93,24,142
93,25,127
93,26,164
93,27,127
93,28,28
93,29,30
93,30,23
93,31,23
93,32,23
93,33,25
93,34,23
93,35,26
93,36,26
93,37,31
93,38,32
93,39,28
93,40,31
93,41,28
93,42,28
93,43,29
93,44,30
93,45,27
93,46,27
93,47,29
93,48,33
93,49,34
93,50,34
93,51,34
93,52,39
93,53,40
93,54,38
93,55,42
93,56,45
93,57,49
93,58,52
93,59,50
93,60,51
93,61,51
93,62,46
93,63,49
93,64,47
93,65,44
93,66,45
93,67,46
93,68,40
93,69,38
93,70,41
93,71,34
93,72,33
93,73,35
93,74,34
93,75,35
93,76,33
93,77,36
93,78,32
93,79,31
93,80,33
93,81,29
93,82,29
93,83,33
93,84,33
93,85,31
93,86,36
93,87,35
93,88,28
93,89,38
93,90,33
93,91,37
93,92,34
93,93,39
93,94,4
93,95,94
93,96,164
93,97,174
93,98,166
93,99,164
93,100,167
93,101,148
93,102,135
93,103,150
93,104,172
93,105,172
93,106,189
93,107,216
93,108,148
93,109,16
93,110,41
93,111,32
93,112,29
93,113,27
93,114,29
93,115,28
93,116,25
93,117,26
93,118,26
93,119,24
93,120,24
93,121,24
93,122,24
93,123,23
93,124,23
93,125,24
93,126,24
93,127,24
93,128,23
93,129,25
93,130,26
93,131,22
93,132,95
93,133,155
93,134,174
93,135,192
93,136,212
93,137,173
93,138,31
93,139,27
93,140,34
93,141,24
93,142,24
93,143,26
93,144,25
93,145,25
93,146,25
93,147,25
93,148,25
93,149,25
94,0,191
94,1,157
94,2,140
94,3,125
94,4,125
94,5,130
94,6,138
94,7,122
94,8,125
94,9,126
94,10,122
94,11,112
94,12,129
94,13,142
94,14,138
94,15,132
94,16,149
94,17,160
94,18,159
94,19,132
94,20,135
94,21,154
94,22,163
94,23,156
94,24,106
94,25,112
94,26,151
94,27,147
94,28,64
94,29,28
94,30,27
94,31,26
94,32,22
94,33,28
94,34,29
94,35,31
94,36,29
94,37,32
94,38,29
94,39,30
94,40,29
94,41,30
94,42,28
94,43,29
94,44,30
94,45,30
94,46,31
94,47,28
94,48,32
94,49,33
94,50,35
94,51,36
94,52,36
94,53,38
94,54,42
94,55,43
94,56,48
94,57,47
94,58,49
94,59,51
94,60,52
94,61,52
94,62,49
94,63,45
94,64,43
94,65,46
94,66,43
94,67,43
94,68,43
94,69,38
94,70,36
94,71,37
94,72,31
94,73,36
94,74,31
94,75,34
94,76,29
94,77,32
94,78,33
94,79,33
94,80,31
94,81,34
94,82,31
94,83,32
94,84,30
94,85,29
94,86,33
94,87,34
94,88,34
94,89,31
94,90,29
94,91,38
94,92,38
94,93,36
94,94,46
94,95,131
94,96,177
94,97,175
94,98,165
94,99,166
94,100,160
94,101,151
94,102,162
94,103,167
94,104,185
94,105,188
94,106,202
94,107,204
94,108,107
94,109,25
94,110,37
94,111,33
94,112,30
94,113,32
94,114,31
94,115,26
94,116,23
94,117,25
94,118,28
94,119,26
94,120,24
94,121,24
94,122,24
94,123,24
94,124,24
94,125,24
94,126,23
94,127,23
94,128,24
94,129,23
94,130,26
94,131,20
94,132,107
94,133,164
94,134,167
94,135,193
94,136,209
94,137,158
94,138,22
94,139,35
94,140,28
94,141,23
94,142,24
94,143,25
94,144,26
94,145,25
94,146,25
94,147,25
94,148,25
94,149,25
95,0,146
95,1,121
95,2,137
95,3,128
95,4,134
95,5,131
95,6,117
95,7,113
95,8,132
95,9,134
95,10,140
95,11,162
95,12,163
95,13,172
95,14,161
95,15,160
95,16,156
95,17,151
95,18,146
95,19,138
95,20,153
95,21,166
95,22,168
95,23,144
95,24,120
95,25,114
95,26,134
95,27,141
95,28,69
95,29,26
95,30,27
95,31,29
95,32,27
95,33,27
95,34,28
95,35,29
95,36,30
95,37,33
95,38,26
95,39,31
95,40,30
95,41,31
95,42,30
95,43,28
95,44,26
95,45,26
95,46,28
95,47,30
95,48,32
95,49,29
95,50,35
95,51,34
95,52,38
95,53,43
95,54,41
95,55,46
95,56,45
95,57,46
95,58,48
95,59,50
95,60,50
95,61,49
95,62,47
95,63,44
95,64,47
95,65,44
95,66,41
95,67,41
95,68,39
95,69,37
95,70,37
95,71,37
95,72,38
95,73,33
95,74,33
95,75,29
95,76,33
95,77,34
95,78,33
95,79,32
95,80,28
95,81,31
95,82,30
95,83,29
95,84,28
95,85,32
95,86,29
95,87,32
95,88,32
95,89,30
95,90,33
95,91,35
95,92,36
95,93,33
95,94,105
95,95,159
95,96,167
95,97,175
95,98,164
95,99,164
95,100,159
95,101,154
95,102,173
95,103,176
95,104,168
95,105,167
95,106,210
95,107,181
95,108,65
95,109,38
95,110,35
95,111,31
95,112,30
95,113,30
95,114,26
95,115,27
95,116,27
95,117,25
95,118,26
95,119,24
95,120,24
95,121,24
95,122,24
95,123,24
95,124,23
95,125,23
95,126,23
95,127,22
95,128,23
95,129,26
95,130,27
95,131,51
95,132,125
95,133,173
95,134,186
95,135,206
95,136,201
95,137,115
95,138,21
95,139,28
95,140,29
95,141,23
95,142,27
95,143,24
95,144,26
95,145,26
95,146,26
95,147,26
95,148,25
95,149,25
96,0,127
96,1,132
96,2,137
96,3,128
96,4,127
96,5,134
96,6,132
96,7,135
96,8,139
96,9,150
96,10,158
96,11,167
96,12,167
96,13,157
96,14,166
96,15,165
96,16,158
96,17,162
96,18,162
96,19,169
96,20,155
96,21,167
96,22,153
96,23,135
96,24,120
96,25,113
96,26,130
96,27,148
96,28,66
96,29,23
96,30,30
96,31,27
96,32,27
96,33,30
96,34,32
96,35,31
96,36,31
96,37,33
96,38,32
96,39,31
96,40,30
96,41,29
96,42,28
96,43,29
96,44,29
96,45,29
96,46,30
96,47,31
96,48,28
96,49,31
96,50,34
96,51,36
96,52,38
96,53,40
96,54,43
96,55,46
96,56,45
96,57,48
96,58,50
96,59,50
96,60,49
96,61,49
96,62,47
96,63,45
96,64,40
96,65,47
96,66,42
96,67,42
96,68,39
96,69,38
96,70,36
96,71,33
96,72,31
96,73,25
96,74,23
96,75,31
96,76,36
96,77,28
96,78,33
96,79,32
96,80,28
96,81,30
96,82,30
96,83,28
96,84,28
96,85,30
96,86,30
96,87,27
96,88,24
96,89,33
96,90,27
96,91,37
96,92,20
96,93,97
96,94,162
96,95,165
96,96,154
96,97,168
96,98,165
96,99,178
96,100,162
96,101,137
96,102,151
96,103,171
96,104,167
96,105,162
96,106,197
96,107,182
96,108,74
96,109,31
96,110,33
96,111,30
96,112,29
96,113,29
96,114,28
96,115,27
96,116,26
96,117,25
96,118,25
96,119,25
96,120,24
96,121,23
96,122,23
96,123,23
96,124,24
96,125,24
96,126,23
96,127,22
96,128,22
96,129,29
96,130,25
96,131,88
96,132,152
96,133,171
96,134,184
96,135,212
96,136,193
96,137,101
96,138,2
96,139,33
96,140,30
96,141,24
96,142,23
96,143,24
96,144,25
96,145,25
96,146,26
96,147,26
96,148,26
96,149,27
97,0,154
97,1,142
97,2,142
97,3,148
97,4,142
97,5,141
97,6,145
97,7,150
97,8,155
97,9,149
97,10,150
97,11,142
97,12,145
97,13,153
97,14,160
97,15,163
97,16,167
97,17,162
97,18,173
97,19,175
97,20,163
97,21,168
97,22,142
97,23,124
97,24,110
97,25,107
97,26,132
97,27,142
97,28,58
97,29,18
97,30,29
97,31,30
97,32,29
97,33,30
97,34,32
97,35,33
97,36,33
97,37,33
97,38,32
97,39,33
97,40,31
97,41,30
97,42,29
97,43,29
97,44,29
97,45,29
97,46,29
97,47,30
97,48,31
97,49,31
97,50,32
97,51,35
97,52,38
97,53,41
97,54,43
97,55,44
97,56,44
97,57,47
97,58,50
97,59,50
97,60,49
97,61,48
97,62,46
97,63,44
97,64,45
97,65,40
97,66,45
97,67,42
97,68,35
97,69,38
97,70,40
97,71,35
97,72,47
97,73,78
97,74,69
97,75,47
97,76,38
97,77,32
97,78,31
97,79,30
97,80,29
97,81,28
97,82,28
97,83,28
97,84,29
97,85,28
97,86,27
97,87,27
97,88,33
97,89,28
97,90,30
97,91,30
97,92,78
97,93,152
97,94,172
97,95,154
97,96,163
97,97,169
97,98,176
97,99,183
97,100,162
97,101,145
97,102,157
97,103,174
97,104,177
97,105,164
97,106,189
97,107,150
97,108,45
97,109,29
97,110,33
97,111,31
97,112,29
97,113,28
97,114,28
97,115,27
97,116,26
97,117,26
97,118,25
97,119,25
97,120,24
97,121,24
97,122,23
97,123,23
97,124,23
97,125,23
97,126,23
97,127,22
97,128,24
97,129,27
97,130,37
97,131,117
97,132,165
97,133,169
97,134,196
97,135,207
97,136,160
97,137,71
97,138,32
97,139,27
97,140,25
97,141,25
97,142,24
97,143,27
97,144,26
97,145,26
97,146,26
97,147,26
97,148,26
97,149,26
98,0,158
98,1,137
98,2,137
98,3,154
98,4,154
98,5,151
98,6,150
98,7,165
98,8,172
98,9,149
98,10,162
98,11,163
98,12,166
98,13,170
98,14,163
98,15,174
98,16,159
98,17,169
98,18,175
98,19,162
98,20,177
98,21,159
98,22,117
98,23,109
98,24,94
98,25,107
98,26,130
98,27,150
98,28,85
98,29,29
98,30,29
98,31,30
98,32,32
98,33,31
98,34,33
98,35,35
98,36,35
98,37,34
98,38,33
98,39,35
98,40,33
98,41,31
98,42,30
98,43,30
98,44,30
98,45,28
98,46,29
98,47,29
98,48,32
98,49,32
98,50,32
98,51,34
98,52,37
98,53,40
98,54,42
98,55,43
98,56,44
98,57,47
98,58,49
98,59,50
98,60,48
98,61,46
98,62,44
98,63,42
98,64,43
98,65,39
98,66,26
98,67,34
98,68,66
98,69,60
98,70,42
98,71,27
98,72,72
98,73,148
98,74,149
98,75,138
98,76,84
98,77,34
98,78,34
98,79,30
98,80,28
98,81,27
98,82,26
98,83,27
98,84,27
98,85,26
98,86,26
98,87,26
98,88,24
98,89,27
98,90,36
98,91,39
98,92,127
98,93,179
98,94,168
98,95,155
98,96,157
98,97,171
98,98,188
98,99,187
98,100,157
98,101,145
98,102,156
98,103,166
98,104,152
98,105,167
98,106,192
98,107,125
98,108,5
98,109,35
98,110,30
98,111,28
98,112,28
98,113,28
98,114,27
98,115,27
98,116,27
98,117,26
98,118,26
98,119,25
98,120,24
98,121,24
98,122,24
98,123,23
98,124,23
98,125,23
98,126,23
98,127,23
98,128,28
98,129,12
98,130,66
98,131,149
98,132,172
98,133,178
98,134,208
98,135,203
98,136,98
98,137,5
98,138,29
98,139,26
98,140,27
98,141,26
98,142,25
98,143,27
98,144,27
98,145,27
98,146,27
98,147,26
98,148,26
98,149,26
99,0,148
99,1,139
99,2,157
99,3,164
99,4,158
99,5,163
99,6,158
99,7,183
99,8,170
99,9,148
99,10,165
99,11,166
99,12,173
99,13,178
99,14,164
99,15,178
99,16,174
99,17,166
99,18,154
99,19,152
99,20,181
99,21,139
99,22,103
99,23,102
99,24,107
99,25,114
99,26,133
99,27,163
99,28,96
99,29,27
99,30,37
99,31,33
99,32,33
99,33,33
99,34,35
99,35,36
99,36,36
99,37,35
99,38,35
99,39,36
99,40,35
99,41,33
99,42,32
99,43,31
99,44,30
99,45,28
99,46,28
99,47,28
99,48,30
99,49,32
99,50,34
99,51,35
99,52,36
99,53,38
99,54,41
99,55,44
99,56,44
99,57,46
99,58,48
99,59,48
99,60,47
99,61,45
99,62,44
99,63,43
99,64,38
99,65,65
99,66,98
99,67,92
99,68,135
99,69,124
99,70,50
99,71,25
99,72,101
99,73,153
99,74,171
99,75,191
99,76,154
99,77,50
99,78,38
99,79,28
99,80,27
99,81,28
99,82,27
99,83,24
99,84,24
99,85,26
99,86,26
99,87,24
99,88,25
99,89,29
99,90,23
99,91,47
99,92,133
99,93,179
99,94,165
99,95,157
99,96,162
99,97,179
99,98,192
99,99,185
99,100,148
99,101,139
99,102,157
99,103,165
99,104,158
99,105,174
99,106,177
99,107,110
99,108,21
99,109,31
99,110,25
99,111,29
99,112,26
99,113,26
99,114,26
99,115,26
99,116,26
99,117,26
99,118,25
99,119,25
99,120,24
99,121,24
99,122,24
99,123,24
99,124,23
99,125,23
99,126,24
99,127,24
99,128,27
99,129,13
99,130,88
99,131,145
99,132,162
99,133,181
99,134,205
99,135,195
99,136,99
99,137,18
99,138,26
99,139,28
99,140,25
99,141,26
99,142,24
99,143,22
99,144,27
99,145,27
99,146,27
99,147,26
99,148,26
99,149,26
100,0,154
100,1,145
100,2,162
100,3,158
100,4,152
100,5,177
100,6,179
100,7,187
100,8,174
100,9,155
100,10,166
100,11,166
100,12,176
100,13,180
100,14,167
100,15,172
100,16,166
100,17,139
100,18,140
100,19,161
100,20,155
100,21,128
100,22,124
100,23,117
100,24,111
100,25,122
100,26,141
100,27,160
100,28,83
100,29,18
100,30,37
100,31,36
100,32,34
100,33,36
100,34,37
100,35,37
100,36,36
100,37,37
100,38,37
100,39,36
100,40,36
100,41,34
100,42,32
100,43,31
100,44,30
100,45,28
100,46,27
100,47,28
100,48,29
100,49,31
100,50,33
100,51,35
100,52,36
100,53,38
100,54,40
100,55,43
100,56,45
100,57,46
100,58,46
100,59,46
100,60,45
100,61,44
100,62,44
100,63,45
100,64,13
100,65,102
100,66,168
100,67,151
100,68,159
100,69,156
100,70,124
100,71,88
100,72,112
100,73,155
100,74,175
100,75,193
100,76,178
100,77,105
100,78,43
100,79,33
100,80,27
100,81,27
100,82,26
100,83,24
100,84,23
100,85,25
100,86,25
100,87,24
100,88,28
100,89,23
100,90,43
100,91,104
100,92,156
100,93,190
100,94,172
100,95,158
100,96,167
100,97,170
100,98,187
100,99,179
100,100,138
100,101,137
100,102,159
100,103,166
100,104,166
100,105,192
100,106,181
100,107,68
100,108,18
100,109,26
100,110,25
100,111,26
100,112,25
100,113,25
100,114,24
100,115,25
100,116,25
100,117,25
100,118,25
100,119,24
100,120,23
100,121,24
100,122,24
100,123,24
100,124,23
100,125,23
100,126,24
100,127,25
100,128,22
100,129,37
100,130,113
100,131,134
100,132,138
100,133,185
100,134,213
100,135,144
100,136,39
100,137,31
100,138,26
100,139,26
100,140,27
100,141,30
100,142,27
100,143,24
100,144,26
100,145,26
100,146,26
100,147,26
100,148,26
100,149,26
101,0,157
101,1,157
101,2,167
101,3,158
101,4,158
101,5,180
101,6,187
101,7,188
101,8,187
101,9,165
101,10,173
101,11,174
101,12,167
101,13,165
101,14,155
101,15,138
101,16,127
101,17,121
101,18,145
101,19,167
101,20,130
101,21,126
101,22,128
101,23,126
101,24,131
101,25,141
101,26,153
101,27,151
101,28,76
101,29,28
101,30,35
101,31,34
101,32,36
101,33,38
101,34,39
101,35,37
101,36,37
101,37,39
101,38,39
101,39,37
101,40,36
101,41,34
101,42,33
101,43,31
101,44,29
101,45,27
101,46,26
101,47,27
101,48,29
101,49,29
101,50,31
101,51,34
101,52,37
101,53,39
101,54,40
101,55,41
101,56,45
101,57,44
101,58,44
101,59,44
101,60,43
101,61,42
101,62,43
101,63,44
101,64,12
101,65,98
101,66,169
101,67,142
101,68,148
101,69,171
101,70,169
101,71,160
101,72,156
101,73,161
101,74,171
101,75,176
101,76,182
101,77,131
101,78,49
101,79,36
101,80,30
101,81,26
101,82,24
101,83,25
101,84,25
101,85,23
101,86,24
101,87,26
101,88,30
101,89,28
101,90,90
101,91,151
101,92,172
101,93,204
101,94,187
101,95,162
101,96,164
101,97,172
101,98,186
101,99,175
101,100,169
101,101,179
101,102,165
101,103,166
101,104,185
101,105,207
101,106,176
101,107,80
101,108,25
101,109,30
101,110,20
101,111,23
101,112,24
101,113,24
101,114,23
101,115,23
101,116,24
101,117,24
101,118,24
101,119,23
101,120,23
101,121,24
101,122,24
101,123,24
101,124,23
101,125,23
101,126,25
101,127,26
101,128,17
101,129,53
101,130,127
101,131,153
101,132,171
101,133,201
101,134,197
101,135,107
101,136,6
101,137,31
101,138,27
101,139,25
101,140,26
101,141,25
101,142,25
101,143,27
101,144,25
101,145,25
101,146,26
101,147,26
101,148,27
101,149,27
102,0,153
102,1,150
102,2,160
102,3,161
102,4,177
102,5,183
102,6,180
102,7,181
102,8,186
102,9,178
102,10,175
102,11,158
102,12,142
102,13,139
102,14,137
102,15,121
102,16,128
102,17,134
102,18,154
102,19,155
102,20,132
102,21,122
102,22,111
102,23,118
102,24,141
102,25,135
102,26,142
102,27,139
102,28,64
102,29,34
102,30,43
102,31,38
102,32,39
102,33,39
102,34,40
102,35,39
102,36,39
102,37,39
102,38,39
102,39,39
102,40,36
102,41,34
102,42,32
102,43,31
102,44,29
102,45,27
102,46,26
102,47,26
102,48,29
102,49,29
102,50,30
102,51,32
102,52,36
102,53,38
102,54,40
102,55,40
102,56,43
102,57,42
102,58,42
102,59,42
102,60,41
102,61,39
102,62,40
102,63,42
102,64,25
102,65,79
102,66,162
102,67,164
102,68,167
102,69,173
102,70,164
102,71,181
102,72,176
102,73,177
102,74,178
102,75,185
102,76,180
102,77,147
102,78,67
102,79,30
102,80,31
102,81,27
102,82,25
102,83,25
102,84,25
102,85,23
102,86,24
102,87,27
102,88,19
102,89,65
102,90,140
102,91,164
102,92,162
102,93,193
102,94,194
102,95,165
102,96,162
102,97,164
102,98,182
102,99,160
102,100,142
102,101,165
102,102,172
102,103,180
102,104,201
102,105,196
102,106,115
102,107,54
102,108,30
102,109,25
102,110,24
102,111,23
102,112,24
102,113,23
102,114,22
102,115,22
102,116,23
102,117,24
102,118,24
102,119,23
102,120,23
102,121,24
102,122,25
102,123,24
102,124,23
102,125,23
102,126,24
102,127,26
102,128,24
102,129,68
102,130,133
102,131,152
102,132,181
102,133,208
102,134,171
102,135,61
102,136,30
102,137,31
102,138,26
102,139,26
102,140,27
102,141,26
102,142,25
102,143,25
102,144,25
102,145,25
102,146,26
102,147,26
102,148,27
102,149,27
103,0,173
103,1,152
103,2,168
103,3,169
103,4,174
103,5,165
103,6,162
103,7,175
103,8,161
103,9,177
103,10,166
103,11,146
103,12,146
103,13,129
103,14,125
103,15,145
103,16,147
103,17,152
103,18,166
103,19,137
103,20,131
103,21,123
103,22,125
103,23,125
103,24,128
103,25,132
103,26,139
103,27,148
103,28,77
103,29,36
103,30,38
103,31,43
103,32,41
103,33,40
103,34,40
103,35,41
103,36,41
103,37,39
103,38,39
103,39,40
103,40,36
103,41,34
103,42,32
103,43,31
103,44,29
103,45,27
103,46,26
103,47,26
103,48,28
103,49,30
103,50,32
103,51,33
103,52,33
103,53,36
103,54,39
103,55,42
103,56,41
103,57,41
103,58,41
103,59,41
103,60,39
103,61,37
103,62,38
103,63,39
103,64,36
103,65,41
103,66,122
103,67,182
103,68,193
103,69,189
103,70,186
103,71,178
103,72,186
103,73,185
103,74,192
103,75,186
103,76,188
103,77,155
103,78,90
103,79,36
103,80,30
103,81,29
103,82,27
103,83,24
103,84,24
103,85,25
103,86,26
103,87,26
103,88,42
103,89,109
103,90,154
103,91,170
103,92,173
103,93,191
103,94,199
103,95,174
103,96,166
103,97,174
103,98,175
103,99,151
103,100,137
103,101,148
103,102,160
103,103,191
103,104,212
103,105,199
103,106,119
103,107,2
103,108,36
103,109,22
103,110,24
103,111,24
103,112,24
103,113,23
103,114,22
103,115,22
103,116,23
103,117,24
103,118,24
103,119,24
103,120,24
103,121,25
103,122,25
103,123,24
103,124,22
103,125,22
103,126,24
103,127,26
103,128,41
103,129,101
103,130,132
103,131,129
103,132,178
103,133,216
103,134,170
103,135,58
103,136,26
103,137,28
103,138,27
103,139,26
103,140,23
103,141,28
103,142,25
103,143,25
103,144,25
103,145,26
103,146,26
103,147,27
103,148,27
103,149,27
104,0,172
104,1,178
104,2,168
104,3,150
104,4,139
104,5,147
104,6,153
104,7,157
104,8,138
104,9,167
104,10,148
104,11,128
104,12,118
104,13,123
104,14,135
104,15,150
104,16,158
104,17,179
104,18,155
104,19,131
104,20,144
104,21,138
104,22,132
104,23,125
104,24,131
104,25,140
104,26,149
104,27,159
104,28,69
104,29,27
104,30,43
104,31,40
104,32,41
104,33,42
104,34,41
104,35,39
104,36,39
104,37,39
104,38,38
104,39,36
104,40,32
104,41,31
104,42,30
104,43,29
104,44,28
104,45,27
104,46,26
104,47,26
104,48,27
104,49,29
104,50,31
104,51,32
104,52,33
104,53,35
104,54,37
104,55,39
104,56,38
104,57,39
104,58,38
104,59,36
104,60,35
104,61,35
104,62,34
104,63,32
104,64,28
104,65,32
104,66,9
104,67,130
104,68,190
104,69,195
104,70,200
104,71,195
104,72,193
104,73,197
104,74,192
104,75,194
104,76,189
104,77,166
104,78,113
104,79,39
104,80,27
104,81,35
104,82,25
104,83,28
104,84,27
104,85,26
104,86,23
104,87,44
104,88,104
104,89,138
104,90,148
104,91,168
104,92,189
104,93,199
104,94,204
104,95,183
104,96,167
104,97,173
104,98,164
104,99,141
104,100,140
104,101,160
104,102,167
104,103,184
104,104,199
104,105,211
104,106,142
104,107,8
104,108,29
104,109,26
104,110,21
104,111,23
104,112,22
104,113,23
104,114,23
104,115,24
104,116,23
104,117,23
104,118,23
104,119,24
104,120,18
104,121,28
104,122,22
104,123,24
104,124,24
104,125,25
104,126,25
104,127,20
104,128,41
104,129,127
104,130,149
104,131,146
104,132,191
104,133,219
104,134,153
104,135,49
104,136,33
104,137,29
104,138,27
104,139,26
104,140,24
104,141,25
104,142,27
104,143,26
104,144,22
104,145,27
104,146,26
104,147,27
104,148,26
104,149,28
105,0,164
105,1,163
105,2,152
105,3,141
105,4,156
105,5,156
105,6,152
105,7,147
105,8,133
105,9,125
105,10,124
105,11,122
105,12,121
105,13,142
105,14,142
105,15,144
105,16,166
105,17,164
105,18,140
105,19,138
105,20,141
105,21,127
105,22,121
105,23,118
105,24,149
105,25,141
105,26,159
105,27,151
105,28,58
105,29,42
105,30,42
105,31,42
105,32,41
105,33,42
105,34,41
105,35,40
105,36,40
105,37,39
105,38,37
105,39,35
105,40,34
105,41,33
105,42,31
105,43,29
105,44,27
105,45,26
105,46,24
105,47,23
105,48,26
105,49,28
105,50,29
105,51,31
105,52,32
105,53,34
105,54,35
105,55,37
105,56,37
105,57,37
105,58,37
105,59,36
105,60,34
105,61,34
105,62,33
105,63,31
105,64,33
105,65,28
105,66,35
105,67,53
105,68,147
105,69,198
105,70,202
105,71,203
105,72,207
105,73,198
105,74,202
105,75,198
105,76,190
105,77,178
105,78,139
105,79,105
105,80,85
105,81,59
105,82,50
105,83,36
105,84,28
105,85,29
105,86,27
105,87,84
105,88,140
105,89,144
105,90,153
105,91,177
105,92,195
105,93,211
105,94,218
105,95,192
105,96,162
105,97,158
105,98,140
105,99,135
105,100,143
105,101,151
105,102,160
105,103,184
105,104,206
105,105,198
105,106,116
105,107,24
105,108,32
105,109,24
105,110,24
105,111,25
105,112,23
105,113,23
105,114,24
105,115,24
105,116,23
105,117,23
105,118,23
105,119,23
105,120,26
105,121,23
105,122,24
105,123,24
105,124,25
105,125,22
105,126,27
105,127,26
105,128,50
105,129,135
105,130,161
105,131,147
105,132,178
105,133,213
105,134,119
105,135,4
105,136,34
105,137,29
105,138,27
105,139,28
105,140,27
105,141,26
105,142,27
105,143,28
105,144,24
105,145,27
105,146,26
105,147,27
105,148,25
105,149,28
106,0,135
106,1,141
106,2,148
106,3,161
106,4,162
106,5,156
106,6,148
106,7,137
106,8,132
106,9,122
106,10,111
106,11,132
106,12,153
106,13,144
106,14,119
106,15,133
106,16,148
106,17,145
106,18,124
106,19,128
106,20,135
106,21,137
106,22,128
106,23,122
106,24,132
106,25,130
106,26,152
106,27,169
106,28,63
106,29,36
106,30,43
106,31,43
106,32,41
106,33,42
106,34,42
106,35,41
106,36,40
106,37,38
106,38,36
106,39,34
106,40,33
106,41,32
106,42,30
106,43,28
106,44,27
106,45,26
106,46,25
106,47,24
106,48,26
106,49,27
106,50,28
106,51,29
106,52,31
106,53,32
106,54,34
106,55,35
106,56,35
106,57,35
106,58,35
106,59,34
106,60,33
106,61,32
106,62,31
106,63,29
106,64,27
106,65,28
106,66,30
106,67,15
106,68,69
106,69,166
106,70,203
106,71,206
106,72,203
106,73,209
106,74,205
106,75,198
106,76,197
106,77,183
106,78,166
106,79,163
106,80,152
106,81,134
106,82,107
106,83,86
106,84,69
106,85,48
106,86,65
106,87,121
106,88,143
106,89,154
106,90,172
106,91,182
106,92,184
106,93,185
106,94,177
106,95,159
106,96,146
106,97,144
106,98,126
106,99,133
106,100,145
106,101,142
106,102,149
106,103,171
106,104,203
106,105,189
106,106,121
106,107,40
106,108,31
106,109,27
106,110,23
106,111,21
106,112,24
106,113,24
106,114,24
106,115,24
106,116,23
106,117,23
106,118,23
106,119,24
106,120,22
106,121,23
106,122,23
106,123,27
106,124,21
106,125,26
106,126,17
106,127,32
106,128,95
106,129,147
106,130,162
106,131,169
106,132,197
106,133,182
106,134,60
106,135,18
106,136,33
106,137,27
106,138,26
106,139,28
106,140,27
106,141,25
106,142,26
106,143,28
106,144,27
106,145,28
106,146,27
106,147,27
106,148,26
106,149,31
107,0,145
107,1,152
107,2,153
107,3,168
107,4,165
107,5,148
107,6,127
107,7,120
107,8,131
107,9,118
107,10,116
107,11,136
107,12,134
107,13,118
107,14,110
107,15,118
107,16,156
107,17,143
107,18,122
107,19,119
107,20,133
107,21,136
107,22,122
107,23,126
107,24,131
107,25,118
107,26,144
107,27,151
107,28,41
107,29,45
107,30,48
107,31,44
107,32,42
107,33,41
107,34,41
107,35,40
107,36,38
107,37,37
107,38,36
107,39,33
107,40,32
107,41,30
107,42,29
107,43,28
107,44,27
107,45,26
107,46,25
107,47,24
107,48,26
107,49,26
107,50,27
107,51,28
107,52,30
107,53,32
107,54,33
107,55,33
107,56,32
107,57,33
107,58,33
107,59,32
107,60,31
107,61,30
107,62,29
107,63,27
107,64,27
107,65,27
107,66,22
107,67,31
107,68,9
107,69,84
107,70,170
107,71,205
107,72,206
107,73,200
107,74,207
107,75,204
107,76,193
107,77,189
107,78,184
107,79,182
107,80,179
107,81,176
107,82,163
107,83,153
107,84,137
107,85,100
107,86,106
107,87,145
107,88,159
107,89,162
107,90,157
107,91,147
107,92,143
107,93,140
107,94,135
107,95,133
107,96,132
107,97,144
107,98,136
107,99,140
107,100,147
107,101,144
107,102,145
107,103,154
107,104,198
107,105,202
107,106,142
107,107,58
107,108,38
107,109,26
107,110,25
107,111,26
107,112,24
107,113,24
107,114,24
107,115,23
107,116,23
107,117,23
107,118,24
107,119,24
107,120,23
107,121,28
107,122,24
107,123,24
107,124,23
107,125,25
107,126,21
107,127,27
107,128,102
107,129,157
107,130,160
107,131,187
107,132,210
107,133,144
107,134,32
107,135,36
107,136,30
107,137,26
107,138,26
107,139,28
107,140,27
107,141,26
107,142,27
107,143,28
107,144,28
107,145,28
107,146,28
107,147,28
107,148,27
107,149,36
108,0,157
108,1,157
108,2,157
108,3,155
108,4,155
108,5,141
108,6,144
108,7,149
108,8,130
108,9,123
108,10,122
108,11,107
108,12,110
108,13,135
108,14,135
108,15,141
108,16,160
108,17,133
108,18,126
108,19,123
108,20,133
108,21,131
108,22,117
108,23,123
108,24,122
108,25,107
108,26,152
108,27,123
108,28,11
108,29,48
108,30,44
108,31,41
108,32,43
108,33,40
108,34,40
108,35,39
108,36,36
108,37,34
108,38,35
108,39,33
108,40,32
108,41,30
108,42,29
108,43,27
108,44,26
108,45,25
108,46,24
108,47,23
108,48,25
108,49,25
108,50,25
108,51,26
108,52,28
108,53,30
108,54,31
108,55,31
108,56,30
108,57,30
108,58,31
108,59,30
108,60,29
108,61,28
108,62,27
108,63,26
108,64,24
108,65,23
108,66,24
108,67,23
108,68,24
108,69,21
108,70,86
108,71,155
108,72,189
108,73,204
108,74,204
108,75,195
108,76,196
108,77,199
108,78,193
108,79,187
108,80,187
108,81,185
108,82,190
108,83,184
108,84,183
108,85,166
108,86,155
108,87,162
108,88,148
108,89,138
108,90,130
108,91,133
108,92,133
108,93,132
108,94,133
108,95,129
108,96,137
108,97,152
108,98,151
108,99,147
108,100,145
108,101,148
108,102,148
108,103,153
108,104,187
108,105,197
108,106,177
108,107,106
108,108,31
108,109,31
108,110,23
108,111,24
108,112,24
108,113,23
108,114,23
108,115,23
108,116,24
108,117,24
108,118,25
108,119,25
108,120,24
108,121,22
108,122,23
108,123,24
108,124,28
108,125,28
108,126,16
108,127,63
108,128,137
108,129,150
108,130,148
108,131,184
108,132,205
108,133,137
108,134,42
108,135,30
108,136,28
108,137,27
108,138,27
108,139,27
108,140,26
108,141,28
108,142,29
108,143,27
108,144,27
108,145,26
108,146,27
108,147,28
108,148,30
108,149,44
109,0,149
109,1,145
109,2,153
109,3,161
109,4,164
109,5,163
109,6,162
109,7,157
109,8,125
109,9,104
109,10,109
109,11,111
109,12,125
109,13,149
109,14,157
109,15,176
109,16,145
109,17,115
109,18,124
109,19,122
109,20,122
109,21,127
109,22,125
109,23,118
109,24,124
109,25,122
109,26,166
109,27,106
109,28,20
109,29,49
109,30,48
109,31,46
109,32,42
109,33,39
109,34,39
109,35,38
109,36,33
109,37,32
109,38,33
109,39,32
109,40,29
109,41,28
109,42,27
109,43,26
109,44,25
109,45,25
109,46,24
109,47,23
109,48,23
109,49,23
109,50,24
109,51,24
109,52,25
109,53,26
109,54,27
109,55,28
109,56,27
109,57,28
109,58,28
109,59,27
109,60,27
109,61,27
109,62,26
109,63,25
109,64,27
109,65,24
109,66,24
109,67,20
109,68,25
109,69,29
109,70,9
109,71,63
109,72,109
109,73,143
109,74,158
109,75,162
109,76,174
109,77,183
109,78,187
109,79,187
109,80,196
109,81,196
109,82,195
109,83,191
109,84,195
109,85,188
109,86,171
109,87,142
109,88,129
109,89,130
109,90,130
109,91,139
109,92,141
109,93,140
109,94,143
109,95,138
109,96,146
109,97,155
109,98,157
109,99,148
109,100,137
109,101,138
109,102,147
109,103,167
109,104,191
109,105,201
109,106,195
109,107,123
109,108,5
109,109,34
109,110,28
109,111,22
109,112,23
109,113,23
109,114,23
109,115,23
109,116,24
109,117,25
109,118,25
109,119,25
109,120,27
109,121,24
109,122,25
109,123,28
109,124,23
109,125,31
109,126,11
109,127,83
109,128,158
109,129,154
109,130,142
109,131,180
109,132,188
109,133,92
109,134,19
109,135,33
109,136,27
109,137,27
109,138,27
109,139,26
109,140,25
109,141,27
109,142,29
109,143,26
109,144,26
109,145,25
109,146,26
109,147,29
109,148,38
109,149,58
110,0,153
110,1,164
110,2,172
110,3,178
110,4,175
110,5,170
110,6,143
110,7,134
110,8,108
110,9,112
110,10,118
110,11,130
110,12,146
110,13,162
110,14,174
110,15,173
110,16,146
110,17,122
110,18,118
110,19,117
110,20,111
110,21,116
110,22,121
110,23,117
110,24,114
110,25,145
110,26,169
110,27,65
110,28,35
110,29,45
110,30,41
110,31,43
110,32,41
110,33,37
110,34,37
110,35,37
110,36,32
110,37,31
110,38,32
110,39,31
110,40,27
110,41,27
110,42,26
110,43,25
110,44,25
110,45,24
110,46,24
110,47,23
110,48,23
110,49,23
110,50,24
110,51,23
110,52,23
110,53,23
110,54,24
110,55,25
110,56,26
110,57,27
110,58,27
110,59,26
110,60,25
110,61,26
110,62,26
110,63,25
110,64,22
110,65,22
110,66,21
110,67,24
110,68,21
110,69,22
110,70,30
110,71,20
110,72,10
110,73,9
110,74,62
110,75,83
110,76,96
110,77,128
110,78,134
110,79,153
110,80,161
110,81,174
110,82,189
110,83,200
110,84,203
110,85,178
110,86,145
110,87,127
110,88,139
110,89,148
110,90,142
110,91,139
110,92,143
110,93,143
110,94,143
110,95,143
110,96,150
110,97,154
110,98,151
110,99,145
110,100,134
110,101,131
110,102,140
110,103,168
110,104,195
110,105,210
110,106,189
110,107,170
110,108,76
110,109,24
110,110,26
110,111,27
110,112,23
110,113,23
110,114,23
110,115,24
110,116,24
110,117,25
110,118,24
110,119,24
110,120,24
110,121,25
110,122,24
110,123,24
110,124,23
110,125,30
110,126,28
110,127,79
110,128,143
110,129,147
110,130,145
110,131,193
110,132,171
110,133,69
110,134,31
110,135,28
110,136,27
110,137,26
110,138,26
110,139,26
110,140,25
110,141,26
110,142,28
110,143,27
110,144,27
110,145,26
110,146,27
110,147,33
110,148,53
110,149,79
111,0,154
111,1,156
111,2,165
111,3,150
111,4,140
111,5,138
111,6,133
111,7,129
111,8,129
111,9,131
111,10,129
111,11,141
111,12,160
111,13,176
111,14,178
111,15,145
111,16,136
111,17,135
111,18,118
111,19,115
111,20,116
111,21,122
111,22,122
111,23,120
111,24,115
111,25,158
111,26,132
111,27,9
111,28,49
111,29,47
111,30,42
111,31,39
111,32,40
111,33,36
111,34,37
111,35,37
111,36,32
111,37,30
111,38,31
111,39,29
111,40,29
111,41,28
111,42,26
111,43,25
111,44,24
111,45,23
111,46,22
111,47,21
111,48,24
111,49,24
111,50,25
111,51,24
111,52,22
111,53,22
111,54,23
111,55,25
111,56,25
111,57,26
111,58,26
111,59,25
111,60,25
111,61,25
111,62,25
111,63,24
111,64,23
111,65,20
111,66,27
111,67,18
111,68,22
111,69,25
111,70,23
111,71,28
111,72,26
111,73,31
111,74,34
111,75,10
111,76,43
111,77,62
111,78,26
111,79,60
111,80,72
111,81,122
111,82,157
111,83,188
111,84,198
111,85,164
111,86,137
111,87,139
111,88,141
111,89,147
111,90,143
111,91,140
111,92,144
111,93,141
111,94,140
111,95,146
111,96,152
111,97,154
111,98,144
111,99,143
111,100,141
111,101,136
111,102,136
111,103,154
111,104,177
111,105,207
111,106,200
111,107,186
111,108,113
111,109,3
111,110,35
111,111,24
111,112,24
111,113,23
111,114,23
111,115,24
111,116,25
111,117,25
111,118,24
111,119,23
111,120,25
111,121,26
111,122,25
111,123,26
111,124,28
111,125,28
111,126,4
111,127,102
111,128,166
111,129,155
111,130,156
111,131,189
111,132,172
111,133,89
111,134,30
111,135,28
111,136,29
111,137,26
111,138,27
111,139,28
111,140,27
111,141,26
111,142,28
111,143,29
111,144,29
111,145,28
111,146,29
111,147,38
111,148,65
111,149,97
112,0,145
112,1,140
112,2,129
112,3,124
112,4,116
112,5,121
112,6,124
112,7,125
112,8,123
112,9,145
112,10,158
112,11,156
112,12,173
112,13,177
112,14,163
112,15,142
112,16,133
112,17,145
112,18,129
112,19,128
112,20,120
112,21,140
112,22,137
112,23,121
112,24,134
112,25,172
112,26,75
112,27,36
112,28,48
112,29,44
112,30,38
112,31,41
112,32,37
112,33,35
112,34,33
112,35,32
112,36,31
112,37,29
112,38,27
112,39,27
112,40,26
112,41,25
112,42,25
112,43,24
112,44,24
112,45,24
112,46,24
112,47,24
112,48,22
112,49,23
112,50,23
112,51,23
112,52,22
112,53,22
112,54,22
112,55,22
112,56,21
112,57,26
112,58,22
112,59,26
112,60,22
112,61,26
112,62,19
112,63,23
112,64,18
112,65,25
112,66,21
112,67,21
112,68,21
112,69,23
112,70,22
112,71,25
112,72,39
112,73,52
112,74,53
112,75,51
112,76,54
112,77,45
112,78,41
112,79,73
112,80,102
112,81,136
112,82,164
112,83,186
112,84,191
112,85,164
112,86,144
112,87,145
112,88,145
112,89,147
112,90,141
112,91,140
112,92,141
112,93,138
112,94,143
112,95,150
112,96,148
112,97,145
112,98,140
112,99,143
112,100,131
112,101,136
112,102,138
112,103,153
112,104,147
112,105,192
112,106,205
112,107,192
112,108,144
112,109,81
112,110,34
112,111,24
112,112,24
112,113,26
112,114,24
112,115,25
112,116,26
112,117,24
112,118,26
112,119,28
112,120,23
112,121,26
112,122,25
112,123,25
112,124,28
112,125,25
112,126,81
112,127,143
112,128,177
112,129,172
112,130,172
112,131,202
112,132,198
112,133,136
112,134,30
112,135,28
112,136,29
112,137,30
112,138,25
112,139,26
112,140,28
112,141,26
112,142,28
112,143,27
112,144,27
112,145,27
112,146,37
112,147,58
112,148,85
112,149,111
113,0,156
113,1,150
113,2,139
113,3,138
113,4,141
113,5,129
113,6,126
113,7,132
113,8,132
113,9,143
113,10,154
113,11,174
113,12,162
113,13,142
113,14,137
113,15,135
113,16,146
113,17,143
113,18,136
113,19,133
113,20,134
113,21,143
113,22,139
113,23,133
113,24,162
113,25,140
113,26,42
113,27,46
113,28,41
113,29,41
113,30,40
113,31,39
113,32,36
113,33,34
113,34,32
113,35,31
113,36,29
113,37,27
113,38,26
113,39,26
113,40,26
113,41,25
113,42,24
113,43,23
113,44,23
113,45,23
113,46,23
113,47,24
113,48,22
113,49,22
113,50,23
113,51,23
113,52,22
113,53,21
113,54,21
113,55,22
113,56,25
113,57,23
113,58,24
113,59,22
113,60,23
113,61,22
113,62,23
113,63,22
113,64,25
113,65,20
113,66,22
113,67,24
113,68,23
113,69,37
113,70,71
113,71,95
113,72,124
113,73,113
113,74,104
113,75,116
113,76,100
113,77,80
113,78,100
113,79,127
113,80,149
113,81,159
113,82,175
113,83,191
113,84,177
113,85,152
113,86,145
113,87,151
113,88,152
113,89,148
113,90,144
113,91,136
113,92,139
113,93,145
113,94,144
113,95,152
113,96,147
113,97,139
113,98,135
113,99,130
113,100,127
113,101,137
113,102,145
113,103,151
113,104,150
113,105,179
113,106,209
113,107,195
113,108,183
113,109,134
113,110,2
113,111,38
113,112,26
113,113,27
113,114,26
113,115,26
113,116,25
113,117,24
113,118,25
113,119,26
113,120,24
113,121,23
113,122,24
113,123,33
113,124,28
113,125,23
113,126,112
113,127,173
113,128,190
113,129,197
113,130,204
113,131,219
113,132,214
113,133,165
113,134,51
113,135,29
113,136,30
113,137,27
113,138,24
113,139,26
113,140,27
113,141,26
113,142,28
113,143,29
113,144,28
113,145,32
113,146,49
113,147,77
113,148,104
113,149,126
114,0,144
114,1,141
114,2,139
114,3,140
114,4,139
114,5,127
114,6,132
114,7,125
114,8,143
114,9,157
114,10,168
114,11,165
114,12,140
114,13,134
114,14,130
114,15,121
114,16,141
114,17,144
114,18,138
114,19,150
114,20,149
114,21,161
114,22,142
114,23,129
114,24,170
114,25,103
114,26,14
114,27,51
114,28,40
114,29,40
114,30,35
114,31,38
114,32,35
114,33,33
114,34,31
114,35,29
114,36,28
114,37,26
114,38,25
114,39,25
114,40,25
114,41,24
114,42,23
114,43,22
114,44,22
114,45,22
114,46,22
114,47,23
114,48,22
114,49,22
114,50,22
114,51,22
114,52,22
114,53,21
114,54,21
114,55,21
114,56,21
114,57,21
114,58,21
114,59,19
114,60,20
114,61,21
114,62,23
114,63,21
114,64,22
114,65,24
114,66,22
114,67,25
114,68,33
114,69,76
114,70,111
114,71,144
114,72,149
114,73,154
114,74,153
114,75,156
114,76,143
114,77,135
114,78,143
114,79,148
114,80,159
114,81,175
114,82,188
114,83,184
114,84,156
114,85,149
114,86,152
114,87,149
114,88,145
114,89,146
114,90,140
114,91,138
114,92,145
114,93,148
114,94,148
114,95,146
114,96,142
114,97,136
114,98,138
114,99,140
114,100,137
114,101,147
114,102,155
114,103,157
114,104,165
114,105,178
114,106,194
114,107,201
114,108,202
114,109,145
114,110,7
114,111,37
114,112,26
114,113,25
114,114,25
114,115,26
114,116,25
114,117,26
114,118,26
114,119,27
114,120,25
114,121,28
114,122,26
114,123,29
114,124,33
114,125,48
114,126,131
114,127,186
114,128,202
114,129,216
114,130,212
114,131,205
114,132,207
114,133,174
114,134,62
114,135,36
114,136,33
114,137,26
114,138,26
114,139,27
114,140,26
114,141,27
114,142,28
114,143,28
114,144,29
114,145,45
114,146,70
114,147,99
114,148,119
114,149,134
115,0,146
115,1,142
115,2,133
115,3,141
115,4,149
115,5,136
115,6,138
115,7,138
115,8,157
115,9,173
115,10,166
115,11,126
115,12,124
115,13,138
115,14,137
115,15,127
115,16,126
115,17,127
115,18,141
115,19,156
115,20,158
115,21,145
115,22,128
115,23,149
115,24,156
115,25,69
115,26,35
115,27,44
115,28,37
115,29,38
115,30,38
115,31,38
115,32,33
115,33,31
115,34,29
115,35,27
115,36,26
115,37,25
115,38,24
115,39,24
115,40,24
115,41,24
115,42,23
115,43,22
115,44,22
115,45,22
115,46,22
115,47,22
115,48,22
115,49,22
115,50,22
115,51,22
115,52,21
115,53,21
115,54,21
115,55,21
115,56,18
115,57,17
115,58,23
115,59,19
115,60,21
115,61,17
115,62,25
115,63,22
115,64,27
115,65,20
115,66,26
115,67,27
115,68,76
115,69,136
115,70,145
115,71,154
115,72,160
115,73,168
115,74,166
115,75,163
115,76,160
115,77,159
115,78,155
115,79,157
115,80,169
115,81,183
115,82,187
115,83,177
115,84,152
115,85,149
115,86,148
115,87,145
115,88,145
115,89,146
115,90,139
115,91,142
115,92,148
115,93,148
115,94,147
115,95,140
115,96,133
115,97,137
115,98,147
115,99,155
115,100,131
115,101,138
115,102,154
115,103,173
115,104,170
115,105,159
115,106,181
115,107,205
115,108,198
115,109,170
115,110,84
115,111,15
115,112,34
115,113,27
115,114,26
115,115,26
115,116,25
115,117,25
115,118,25
115,119,26
115,120,28
115,121,29
115,122,29
115,123,30
115,124,29
115,125,86
115,126,161
115,127,189
115,128,213
115,129,218
115,130,208
115,131,199
115,132,205
115,133,168
115,134,55
115,135,30
115,136,34
115,137,26
115,138,27
115,139,27
115,140,25
115,141,29
115,142,28
115,143,27
115,144,33
115,145,61
115,146,91
115,147,113
115,148,125
115,149,137
116,0,149
116,1,146
116,2,131
116,3,138
116,4,142
116,5,143
116,6,151
116,7,155
116,8,166
116,9,161
116,10,131
116,11,109
116,12,119
116,13,118
116,14,120
116,15,122
116,16,120
116,17,123
116,18,142
116,19,139
116,20,124
116,21,124
116,22,129
116,23,173
116,24,118
116,25,25
116,26,47
116,27,37
116,28,39
116,29,34
116,30,38
116,31,30
116,32,31
116,33,29
116,34,27
116,35,26
116,36,25
116,37,24
116,38,23
116,39,24
116,40,23
116,41,23
116,42,23
116,43,22
116,44,22
116,45,22
116,46,22
116,47,22
116,48,21
116,49,21
116,50,21
116,51,21
116,52,21
116,53,21
116,54,21
116,55,20
116,56,21
116,57,24
116,58,18
116,59,21
116,60,23
116,61,22
116,62,21
116,63,26
116,64,21
116,65,19
116,66,20
116,67,84
116,68,126
116,69,150
116,70,154
116,71,158
116,72,170
116,73,166
116,74,161
116,75,170
116,76,166
116,77,157
116,78,157
116,79,160
116,80,169
116,81,165
116,82,157
116,83,152
116,84,144
116,85,146
116,86,145
116,87,147
116,88,150
116,89,143
116,90,142
116,91,141
116,92,146
116,93,150
116,94,145
116,95,148
116,96,149
116,97,136
116,98,131
116,99,141
116,100,129
116,101,142
116,102,152
116,103,165
116,104,170
116,105,166
116,106,175
116,107,191
116,108,199
116,109,193
116,110,131
116,111,6
116,112,37
116,113,29
116,114,26
116,115,26
116,116,26
116,117,25
116,118,25
116,119,28
116,120,27
116,121,29
116,122,27
116,123,40
116,124,52
116,125,117
116,126,182
116,127,195
116,128,215
116,129,215
116,130,207
116,131,197
116,132,204
116,133,194
116,134,99
116,135,32
116,136,35
116,137,27
116,138,26
116,139,26
116,140,26
116,141,28
116,142,29
116,143,36
116,144,50
116,145,77
116,146,102
116,147,124
116,148,137
116,149,150
117,0,144
117,1,141
117,2,144
117,3,159
117,4,142
117,5,133
117,6,150
117,7,165
117,8,159
117,9,129
117,10,117
117,11,127
117,12,124
117,13,129
117,14,127
117,15,120
117,16,112
117,17,133
117,18,142
117,19,110
117,20,122
117,21,120
117,22,155
117,23,166
117,24,61
117,25,33
117,26,40
117,27,38
117,28,37
117,29,33
117,30,34
117,31,30
117,32,29
117,33,27
117,34,25
117,35,25
117,36,24
117,37,23
117,38,22
117,39,23
117,40,22
117,41,22
117,42,22
117,43,22
117,44,22
117,45,22
117,46,21
117,47,21
117,48,21
117,49,21
117,50,21
117,51,21
117,52,21
117,53,21
117,54,20
117,55,20
117,56,21
117,57,20
117,58,19
117,59,24
117,60,22
117,61,22
117,62,20
117,63,7
117,64,39
117,65,64
117,66,93
117,67,126
117,68,147
117,69,155
117,70,154
117,71,159
117,72,166
117,73,161
117,74,159
117,75,161
117,76,155
117,77,157
117,78,158
117,79,161
117,80,162
117,81,154
117,82,147
117,83,139
117,84,138
117,85,145
117,86,148
117,87,147
117,88,145
117,89,142
117,90,142
117,91,145
117,92,148
117,93,148
117,94,146
117,95,147
117,96,144
117,97,132
117,98,131
117,99,136
117,100,138
117,101,145
117,102,149
117,103,152
117,104,178
117,105,196
117,106,168
117,107,161
117,108,185
117,109,199
117,110,161
117,111,66
117,112,31
117,113,30
117,114,25
117,115,26
117,116,28
117,117,25
117,118,28
117,119,30
117,120,28
117,121,31
117,122,38
117,123,72
117,124,133
117,125,166
117,126,182
117,127,198
117,128,213
117,129,197
117,130,201
117,131,208
117,132,197
117,133,200
117,134,151
117,135,64
117,136,35
117,137,30
117,138,26
117,139,26
117,140,27
117,141,25
117,142,32
117,143,51
117,144,79
117,145,95
117,146,112
117,147,138
117,148,159
117,149,170
118,0,129
118,1,147
118,2,154
118,3,151
118,4,145
118,5,156
118,6,175
118,7,182
118,8,141
118,9,122
118,10,130
118,11,134
118,12,122
118,13,139
118,14,135
118,15,117
118,16,117
118,17,142
118,18,138
118,19,115
118,20,121
118,21,149
118,22,176
118,23,106
118,24,6
118,25,45
118,26,36
118,27,41
118,28,36
118,29,36
118,30,31
118,31,29
118,32,27
118,33,26
118,34,24
118,35,23
118,36,23
118,37,21
118,38,20
118,39,21
118,40,20
118,41,21
118,42,21
118,43,22
118,44,22
118,45,21
118,46,21
118,47,20
118,48,22
118,49,21
118,50,21
118,51,21
118,52,21
118,53,21
118,54,20
118,55,20
118,56,23
118,57,19
118,58,23
118,59,20
118,60,24
118,61,5
118,62,42
118,63,82
118,64,106
118,65,134
118,66,138
118,67,146
118,68,141
118,69,155
118,70,154
118,71,160
118,72,164
118,73,163
118,74,164
118,75,161
118,76,158
118,77,161
118,78,154
118,79,157
118,80,147
118,81,146
118,82,149
118,83,139
118,84,141
118,85,144
118,86,149
118,87,150
118,88,144
118,89,148
118,90,145
118,91,150
118,92,150
118,93,143
118,94,143
118,95,137
118,96,131
118,97,134
118,98,140
118,99,144
118,100,145
118,101,147
118,102,145
118,103,148
118,104,170
118,105,192
118,106,177
118,107,156
118,108,165
118,109,204
118,110,184
118,111,95
118,112,21
118,113,33
118,114,28
118,115,27
118,116,27
118,117,24
118,118,28
118,119,28
118,120,24
118,121,39
118,122,84
118,123,137
118,124,186
118,125,188
118,126,189
118,127,211
118,128,217
118,129,190
118,130,190
118,131,211
118,132,198
118,133,204
118,134,176
118,135,71
118,136,25
118,137,34
118,138,29
118,139,26
118,140,29
118,141,27
118,142,40
118,143,67
118,144,103
118,145,118
118,146,131
118,147,157
118,148,177
118,149,186
119,0,118
119,1,130
119,2,141
119,3,132
119,4,142
119,5,173
119,6,183
119,7,150
119,8,118
119,9,132
119,10,141
119,11,133
119,12,132
119,13,127
119,14,125
119,15,119
119,16,126
119,17,143
119,18,136
119,19,143
119,20,179
119,21,182
119,22,123
119,23,23
119,24,44
119,25,38
119,26,34
119,27,36
119,28,34
119,29,28
119,30,28
119,31,28
119,32,27
119,33,25
119,34,23
119,35,23
119,36,22
119,37,20
119,38,19
119,39,19
119,40,19
119,41,20
119,42,21
119,43,22
119,44,22
119,45,21
119,46,20
119,47,19
119,48,22
119,49,21
119,50,21
119,51,21
119,52,21
119,53,21
119,54,20
119,55,20
119,56,23
119,57,21
119,58,21
119,59,27
119,60,9
119,61,75
119,62,140
119,63,147
119,64,159
119,65,160
119,66,150
119,67,150
119,68,136
119,69,148
119,70,162
119,71,164
119,72,164
119,73,168
119,74,160
119,75,166
119,76,161
119,77,158
119,78,161
119,79,150
119,80,139
119,81,149
119,82,153
119,83,133
119,84,142
119,85,148
119,86,152
119,87,149
119,88,152
119,89,150
119,90,151
119,91,147
119,92,145
119,93,146
119,94,142
119,95,140
119,96,141
119,97,147
119,98,143
119,99,149
119,100,144
119,101,151
119,102,145
119,103,156
119,104,171
119,105,196
119,106,187
119,107,165
119,108,158
119,109,190
119,110,195
119,111,107
119,112,9
119,113,31
119,114,29
119,115,27
119,116,27
119,117,25
119,118,31
119,119,28
119,120,60
119,121,75
119,122,116
119,123,183
119,124,215
119,125,213
119,126,217
119,127,218
119,128,220
119,129,196
119,130,186
119,131,211
119,132,200
119,133,198
119,134,191
119,135,103
119,136,9
119,137,33
119,138,32
119,139,25
119,140,31
119,141,33
119,142,50
119,143,79
119,144,115
119,145,135
119,146,151
119,147,172
119,148,187
119,149,194
120,0,126
120,1,145
120,2,150
120,3,157
120,4,173
120,5,169
120,6,134
120,7,121
120,8,117
120,9,133
120,10,137
120,11,130
120,12,124
120,13,128
120,14,126
120,15,127
120,16,124
120,17,146
120,18,166
120,19,193
120,20,182
120,21,113
120,22,28
120,23,43
120,24,37
120,25,36
120,26,34
120,27,32
120,28,31
120,29,29
120,30,27
120,31,25
120,32,21
120,33,23
120,34,24
120,35,22
120,36,20
120,37,19
120,38,19
120,39,19
120,40,19
120,41,19
120,42,19
120,43,20
120,44,21
120,45,22
120,46,22
120,47,22
120,48,20
120,49,20
120,50,20
120,51,19
120,52,19
120,53,19
120,54,21
120,55,22
120,56,18
120,57,22
120,58,23
120,59,26
120,60,4
120,61,88
120,62,149
120,63,170
120,64,173
120,65,163
120,66,158
120,67,164
120,68,158
120,69,164
120,70,168
120,71,179
120,72,174
120,73,171
120,74,166
120,75,160
120,76,153
120,77,155
120,78,149
120,79,143
120,80,146
120,81,155
120,82,142
120,83,134
120,84,142
120,85,147
120,86,151
120,87,154
120,88,151
120,89,151
120,90,149
120,91,148
120,92,147
120,93,140
120,94,139
120,95,145
120,96,144
120,97,155
120,98,154
120,99,150
120,100,141
120,101,149
120,102,150
120,103,160
120,104,166
120,105,185
120,106,191
120,107,170
120,108,155
120,109,170
120,110,191
120,111,133
120,112,29
120,113,36
120,114,29
120,115,29
120,116,28
120,117,26
120,118,33
120,119,29
120,120,74
120,121,134
120,122,164
120,123,211
120,124,229
120,125,237
120,126,235
120,127,234
120,128,227
120,129,206
120,130,181
120,131,203
120,132,201
120,133,202
120,134,206
120,135,130
120,136,12
120,137,37
120,138,31
120,139,29
120,140,35
120,141,45
120,142,72
120,143,104
120,144,125
120,145,152
120,146,170
120,147,180
120,148,190
120,149,193
121,0,143
121,1,147
121,2,172
121,3,179
121,4,172
121,5,138
121,6,125
121,7,127
121,8,127
121,9,130
121,10,130
121,11,127
121,12,121
121,13,131
121,14,127
121,15,129
121,16,141
121,17,181
121,18,175
121,19,100
121,20,43
121,21,19
121,22,42
121,23,40
121,24,37
121,25,35
121,26,33
121,27,32
121,28,30
121,29,29
121,30,27
121,31,25
121,32,21
121,33,22
121,34,22
121,35,20
121,36,19
121,37,19
121,38,20
121,39,20
121,40,20
121,41,20
121,42,20
121,43,20
121,44,19
121,45,20
121,46,20
121,47,20
121,48,21
121,49,22
121,50,22
121,51,21
121,52,20
121,53,20
121,54,21
121,55,22
121,56,23
121,57,21
121,58,26
121,59,4
121,60,96
121,61,158
121,62,170
121,63,174
121,64,163
121,65,176
121,66,180
121,67,173
121,68,173
121,69,178
121,70,178
121,71,180
121,72,171
121,73,168
121,74,162
121,75,150
121,76,150
121,77,154
121,78,139
121,79,145
121,80,158
121,81,159
121,82,142
121,83,137
121,84,147
121,85,150
121,86,152
121,87,153
121,88,150
121,89,149
121,90,148
121,91,146
121,92,144
121,93,143
121,94,146
121,95,149
121,96,152
121,97,156
121,98,177
121,99,172
121,100,146
121,101,145
121,102,139
121,103,155
121,104,178
121,105,176
121,106,185
121,107,180
121,108,159
121,109,161
121,110,189
121,111,176
121,112,83
121,113,33
121,114,32
121,115,25
121,116,28
121,117,29
121,118,32
121,119,32
121,120,71
121,121,164
121,122,210
121,123,224
121,124,236
121,125,234
121,126,228
121,127,227
121,128,227
121,129,215
121,130,186
121,131,192
121,132,197
121,133,205
121,134,215
121,135,159
121,136,75
121,137,38
121,138,28
121,139,39
121,140,48
121,141,75
121,142,96
121,143,119
121,144,140
121,145,166
121,146,182
121,147,188
121,148,192
121,149,192
122,0,153
122,1,168
122,2,191
122,3,174
122,4,136
122,5,125
122,6,139
122,7,139
122,8,135
122,9,138
122,10,136
122,11,134
122,12,135
122,13,121
122,14,118
122,15,155
122,16,178
122,17,153
122,18,86
122,19,5
122,20,36
122,21,45
122,22,39
122,23,34
122,24,35
122,25,33
122,26,31
122,27,30
122,28,29
122,29,27
122,30,25
122,31,24
122,32,21
122,33,21
122,34,20
122,35,18
122,36,18
122,37,19
122,38,20
122,39,20
122,40,19
122,41,19
122,42,20
122,43,20
122,44,19
122,45,19
122,46,20
122,47,21
122,48,19
122,49,20
122,50,21
122,51,21
122,52,20
122,53,20
122,54,20
122,55,20
122,56,23
122,57,22
122,58,23
122,59,6
122,60,101
122,61,123
122,62,151
122,63,178
122,64,184
122,65,189
122,66,182
122,67,178
122,68,166
122,69,173
122,70,174
122,71,175
122,72,165
122,73,161
122,74,154
122,75,154
122,76,165
122,77,163
122,78,143
122,79,152
122,80,156
122,81,153
122,82,139
122,83,141
122,84,152
122,85,153
122,86,152
122,87,149
122,88,154
122,89,148
122,90,145
122,91,144
122,92,145
122,93,151
122,94,153
122,95,149
122,96,149
122,97,155
122,98,161
122,99,176
122,100,153
122,101,136
122,102,146
122,103,152
122,104,169
122,105,177
122,106,185
122,107,188
122,108,173
122,109,159
122,110,170
122,111,182
122,112,125
122,113,39
122,114,32
122,115,35
122,116,27
122,117,31
122,118,43
122,119,61
122,120,116
122,121,184
122,122,222
122,123,230
122,124,232
122,125,222
122,126,221
122,127,233
122,128,230
122,129,229
122,130,207
122,131,202
122,132,204
122,133,201
122,134,211
122,135,186
122,136,114
122,137,35
122,138,36
122,139,46
122,140,68
122,141,92
122,142,119
122,143,137
122,144,155
122,145,179
122,146,193
122,147,196
122,148,195
122,149,190
123,0,188
123,1,194
123,2,176
123,3,145
123,4,132
123,5,132
123,6,131
123,7,131
123,8,129
123,9,138
123,10,158
123,11,144
123,12,124
123,13,140
123,14,170
123,15,166
123,16,107
123,17,6
123,18,38
123,19,53
123,20,34
123,21,37
123,22,36
123,23,35
123,24,32
123,25,30
123,26,28
123,27,27
123,28,26
123,29,25
123,30,23
123,31,22
123,32,21
123,33,20
123,34,18
123,35,18
123,36,18
123,37,19
123,38,20
123,39,19
123,40,19
123,41,20
123,42,21
123,43,20
123,44,19
123,45,19
123,46,21
123,47,22
123,48,18
123,49,19
123,50,20
123,51,20
123,52,20
123,53,20
123,54,21
123,55,21
123,56,18
123,57,21
123,58,20
123,59,26
123,60,10
123,61,3
123,62,99
123,63,162
123,64,141
123,65,134
123,66,118
123,67,112
123,68,92
123,69,102
123,70,128
123,71,144
123,72,151
123,73,146
123,74,141
123,75,153
123,76,159
123,77,152
123,78,144
123,79,151
123,80,158
123,81,153
123,82,140
123,83,142
123,84,149
123,85,151
123,86,153
123,87,151
123,88,151
123,89,145
123,90,143
123,91,144
123,92,147
123,93,153
123,94,154
123,95,148
123,96,152
123,97,151
123,98,147
123,99,159
123,100,153
123,101,144
123,102,146
123,103,156
123,104,163
123,105,181
123,106,194
123,107,191
123,108,183
123,109,179
123,110,167
123,111,178
123,112,153
123,113,57
123,114,58
123,115,41
123,116,30
123,117,29
123,118,76
123,119,129
123,120,170
123,121,201
123,122,222
123,123,231
123,124,212
123,125,215
123,126,227
123,127,230
123,128,233
123,129,233
123,130,220
123,131,210
123,132,210
123,133,202
123,134,208
123,135,199
123,136,118
123,137,37
123,138,43
123,139,52
123,140,83
123,141,102
123,142,128
123,143,147
123,144,165
123,145,185
123,146,196
123,147,198
123,148,195
123,149,190
124,0,182
124,1,167
124,2,153
124,3,140
124,4,147
124,5,140
124,6,140
124,7,132
124,8,125
124,9,142
124,10,141
124,11,151
124,12,166
124,13,178
124,14,142
124,15,57
124,16,2
124,17,45
124,18,36
124,19,34
124,20,40
124,21,33
124,22,31
124,23,33
124,24,30
124,25,28
124,26,26
124,27,25
124,28,24
124,29,23
124,30,22
124,31,21
124,32,21
124,33,20
124,34,19
124,35,19
124,36,19
124,37,19
124,38,19
124,39,18
124,40,20
124,41,21
124,42,22
124,43,21
124,44,19
124,45,18
124,46,19
124,47,20
124,48,20
124,49,20
124,50,20
124,51,20
124,52,20
124,53,21
124,54,22
124,55,23
124,56,24
124,57,20
124,58,22
124,59,19
124,60,28
124,61,34
124,62,23
124,63,16
124,64,8
124,65,4
124,66,5
124,67,3
124,68,7
124,69,20
124,70,93
124,71,138
124,72,149
124,73,143
124,74,143
124,75,148
124,76,137
124,77,136
124,78,145
124,79,150
124,80,154
124,81,152
124,82,145
124,83,147
124,84,151
124,85,147
124,86,144
124,87,139
124,88,138
124,89,139
124,90,143
124,91,147
124,92,147
124,93,147
124,94,148
124,95,150
124,96,148
124,97,145
124,98,149
124,99,148
124,100,150
124,101,151
124,102,142
124,103,156
124,104,145
124,105,155
124,106,188
124,107,198
124,108,196
124,109,202
124,110,173
124,111,169
124,112,174
124,113,114
124,114,36
124,115,34
124,116,22
124,117,100
124,118,149
124,119,168
124,120,191
124,121,214
124,122,229
124,123,218
124,124,169
124,125,161
124,126,200
124,127,217
124,128,230
124,129,233
124,130,227
124,131,209
124,132,199
124,133,197
124,134,208
124,135,210
124,136,143
124,137,57
124,138,52
124,139,73
124,140,93
124,141,120
124,142,133
124,143,155
124,144,175
124,145,188
124,146,195
124,147,196
124,148,195
124,149,190
125,0,148
125,1,155
125,2,146
125,3,137
125,4,143
125,5,149
125,6,143
125,7,132
125,8,135
125,9,137
125,10,165
125,11,192
125,12,153
125,13,84
125,14,14
125,15,23
125,16,46
125,17,30
125,18,32
125,19,33
125,20,29
125,21,37
125,22,30
125,23,31
125,24,29
125,25,27
125,26,25
125,27,24
125,28,24
125,29,23
125,30,22
125,31,20
125,32,20
125,33,19
125,34,19
125,35,20
125,36,20
125,37,19
125,38,18
125,39,18
125,40,19
125,41,20
125,42,20
125,43,19
125,44,18
125,45,18
125,46,18
125,47,19
125,48,21
125,49,20
125,50,20
125,51,19
125,52,19
125,53,20
125,54,20
125,55,21
125,56,20
125,57,22
125,58,22
125,59,20
125,60,21
125,61,23
125,62,23
125,63,18
125,64,31
125,65,31
125,66,35
125,67,35
125,68,29
125,69,58
125,70,135
125,71,160
125,72,153
125,73,148
125,74,154
125,75,150
125,76,136
125,77,147
125,78,154
125,79,151
125,80,152
125,81,151
125,82,143
125,83,146
125,84,149
125,85,144
125,86,142
125,87,138
125,88,137
125,89,139
125,90,144
125,91,150
125,92,150
125,93,145
125,94,145
125,95,149
125,96,149
125,97,152
125,98,149
125,99,147
125,100,144
125,101,140
125,102,139
125,103,139
125,104,140
125,105,146
125,106,164
125,107,187
125,108,196
125,109,201
125,110,184
125,111,164
125,112,179
125,113,141
125,114,50
125,115,53
125,116,71
125,117,173
125,118,197
125,119,189
125,120,199
125,121,215
125,122,223
125,123,188
125,124,117
125,125,64
125,126,129
125,127,204
125,128,225
125,129,231
125,130,232
125,131,216
125,132,194
125,133,189
125,134,201
125,135,215
125,136,168
125,137,71
125,138,72
125,139,94
125,140,107
125,141,131
125,142,146
125,143,169
125,144,185
125,145,193
125,146,195
125,147,195
125,148,193
125,149,189
126,0,159
126,1,162
126,2,144
126,3,139
126,4,131
126,5,145
126,6,136
126,7,123
126,8,153
126,9,186
126,10,180
126,11,112
126,12,8
126,13,2
126,14,35
126,15,38
126,16,29
126,17,36
126,18,34
126,19,32
126,20,29
126,21,27
126,22,31
126,23,27
126,24,27
126,25,25
126,26,24
126,27,22
126,28,22
126,29,21
126,30,20
126,31,19
126,32,19
126,33,19
126,34,19
126,35,20
126,36,20
126,37,19
126,38,18
126,39,19
126,40,18
126,41,18
126,42,18
126,43,19
126,44,19
126,45,19
126,46,19
126,47,20
126,48,19
126,49,19
126,50,19
126,51,19
126,52,19
126,53,19
126,54,19
126,55,19
126,56,19
126,57,22
126,58,21
126,59,23
126,60,21
126,61,20
126,62,23
126,63,28
126,64,25
126,65,29
126,66,24
126,67,25
126,68,5
126,69,70
126,70,152
126,71,156
126,72,151
126,73,153
126,74,151
126,75,146
126,76,147
126,77,162
126,78,157
126,79,148
126,80,148
126,81,150
126,82,147
126,83,155
126,84,159
126,85,149
126,86,143
126,87,141
126,88,145
126,89,142
126,90,146
126,91,152
126,92,151
126,93,148
126,94,147
126,95,147
126,96,150
126,97,150
126,98,146
126,99,143
126,100,141
126,101,139
126,102,141
126,103,138
126,104,147
126,105,163
126,106,166
126,107,185
126,108,195
126,109,200
126,110,201
126,111,173
126,112,171
126,113,162
126,114,91
126,115,75
126,116,123
126,117,181
126,118,203
126,119,191
126,120,212
126,121,225
126,122,228
126,123,182
126,124,102
126,125,23
126,126,83
126,127,189
126,128,221
126,129,227
126,130,227
126,131,221
126,132,203
126,133,194
126,134,194
126,135,212
126,136,177
126,137,93
126,138,96
126,139,109
126,140,127
126,141,145
126,142,169
126,143,183
126,144,191
126,145,195
126,146,194
126,147,194
126,148,191
126,149,186
127,0,138
127,1,152
127,2,140
127,3,138
127,4,140
127,5,140
127,6,147
127,7,171
127,8,188
127,9,146
127,10,57
127,11,5
127,12,29
127,13,35
127,14,28
127,15,28
127,16,32
127,17,30
127,18,32
127,19,32
127,20,31
127,21,30
127,22,25
127,23,27
127,24,25
127,25,23
127,26,22
127,27,21
127,28,20
127,29,20
127,30,19
127,31,18
127,32,19
127,33,18
127,34,18
127,35,19
127,36,19
127,37,18
127,38,18
127,39,19
127,40,21
127,41,20
127,42,19
127,43,19
127,44,19
127,45,19
127,46,19
127,47,19
127,48,19
127,49,19
127,50,20
127,51,20
127,52,21
127,53,20
127,54,20
127,55,20
127,56,21
127,57,17
127,58,25
127,59,21
127,60,21
127,61,24
127,62,18
127,63,22
127,64,20
127,65,22
127,66,20
127,67,29
127,68,8
127,69,58
127,70,144
127,71,162
127,72,157
127,73,165
127,74,146
127,75,142
127,76,155
127,77,163
127,78,158
127,79,153
127,80,151
127,81,153
127,82,150
127,83,159
127,84,161
127,85,145
127,86,140
127,87,143
127,88,147
127,89,142
127,90,148
127,91,153
127,92,148
127,93,147
127,94,151
127,95,149
127,96,148
127,97,149
127,98,140
127,99,138
127,100,139
127,101,135
127,102,140
127,103,140
127,104,146
127,105,164
127,106,185
127,107,190
127,108,185
127,109,200
127,110,211
127,111,190
127,112,170
127,113,174
127,114,137
127,115,107
127,116,166
127,117,176
127,118,181
127,119,198
127,120,211
127,121,221
127,122,223
127,123,184
127,124,99
127,125,19
127,126,58
127,127,163
127,128,218
127,129,231
127,130,226
127,131,218
127,132,201
127,133,195
127,134,189
127,135,208
127,136,199
127,137,138
127,138,118
127,139,127
127,140,149
127,141,168
127,142,185
127,143,187
127,144,191
127,145,194
127,146,192
127,147,192
127,148,188
127,149,182
128,0,136
128,1,157
128,2,149
128,3,134
128,4,137
128,5,167
128,6,188
128,7,172
128,8,89
128,9,7
128,10,11
128,11,35
128,12,23
128,13,25
128,14,26
128,15,25
128,16,28
128,17,30
128,18,31
128,19,29
128,20,28
128,21,27
128,22,26
128,23,25
128,24,22
128,25,21
128,26,20
128,27,20
128,28,20
128,29,20
128,30,19
128,31,18
128,32,19
128,33,18
128,34,18
128,35,18
128,36,18
128,37,18
128,38,18
128,39,18
128,40,18
128,41,18
128,42,19
128,43,19
128,44,19
128,45,20
128,46,20
128,47,20
128,48,19
128,49,19
128,50,20
128,51,20
128,52,20
128,53,20
128,54,20
128,55,21
128,56,19
128,57,21
128,58,21
128,59,21
128,60,21
128,61,22
128,62,22
128,63,21
128,64,17
128,65,23
128,66,21
128,67,27
128,68,16
128,69,79
128,70,146
128,71,157
128,72,160
128,73,165
128,74,142
128,75,144
128,76,153
128,77,154
128,78,156
128,79,159
128,80,153
128,81,155
128,82,154
128,83,154
128,84,149
128,85,141
128,86,143
128,87,148
128,88,149
128,89,151
128,90,149
128,91,149
128,92,150
128,93,152
128,94,154
128,95,148
128,96,144
128,97,149
128,98,138
128,99,141
128,100,137
128,101,140
128,102,132
128,103,134
128,104,142
128,105,160
128,106,174
128,107,196
128,108,194
128,109,199
128,110,196
128,111,195
128,112,173
128,113,176
128,114,173
128,115,164
128,116,189
128,117,189
128,118,192
128,119,210
128,120,200
128,121,199
128,122,202
128,123,168
128,124,64
128,125,33
128,126,27
128,127,105
128,128,183
128,129,228
128,130,230
128,131,218
128,132,204
128,133,179
128,134,176
128,135,205
128,136,203
128,137,154
128,138,134
128,139,152
128,140,174
128,141,190
128,142,194
128,143,186
128,144,185
128,145,186
128,146,185
128,147,183
128,148,179
128,149,167
129,0,160
129,1,148
129,2,133
129,3,134
129,4,181
129,5,185
129,6,137
129,7,29
129,8,5
129,9,32
129,10,29
129,11,23
129,12,27
129,13,24
129,14,26
129,15,29
129,16,27
129,17,28
129,18,29
129,19,28
129,20,26
129,21,25
129,22,25
129,23,24
129,24,22
129,25,21
129,26,20
129,27,19
129,28,19
129,29,19
129,30,19
129,31,19
129,32,18
129,33,18
129,34,18
129,35,19
129,36,19
129,37,19
129,38,19
129,39,19
129,40,19
129,41,20
129,42,20
129,43,20
129,44,20
129,45,20
129,46,20
129,47,19
129,48,18
129,49,19
129,50,20
129,51,20
129,52,20
129,53,20
129,54,20
129,55,20
129,56,20
129,57,21
129,58,21
129,59,21
129,60,21
129,61,21
129,62,21
129,63,20
129,64,22
129,65,20
129,66,22
129,67,29
129,68,17
129,69,87
129,70,142
129,71,161
129,72,164
129,73,158
129,74,141
129,75,144
129,76,158
129,77,164
129,78,156
129,79,160
129,80,156
129,81,152
129,82,149
129,83,148
129,84,142
129,85,142
129,86,149
129,87,148
129,88,148
129,89,148
129,90,146
129,91,147
129,92,146
129,93,146
129,94,149
129,95,146
129,96,147
129,97,149
129,98,146
129,99,143
129,100,138
129,101,139
129,102,139
129,103,137
129,104,147
129,105,150
129,106,166
129,107,187
129,108,197
129,109,208
129,110,196
129,111,185
129,112,180
129,113,166
129,114,172
129,115,188
129,116,199
129,117,210
129,118,224
129,119,224
129,120,214
129,121,217
129,122,216
129,123,178
129,124,59
129,125,25
129,126,30
129,127,47
129,128,115
129,129,184
129,130,215
129,131,204
129,132,190
129,133,185
129,134,184
129,135,198
129,136,203
129,137,171
129,138,153
129,139,169
129,140,188
129,141,196
129,142,195
129,143,187
129,144,184
129,145,184
129,146,182
129,147,176
129,148,169
129,149,154
130,0,138
130,1,142
130,2,162
130,3,182
130,4,151
130,5,68
130,6,3
130,7,11
130,8,32
130,9,24
130,10,16
130,11,23
130,12,23
130,13,21
130,14,26
130,15,23
130,16,25
130,17,26
130,18,27
130,19,26
130,20,24
130,21,23
130,22,23
130,23,22
130,24,22
130,25,21
130,26,19
130,27,18
130,28,18
130,29,19
130,30,19
130,31,19
130,32,18
130,33,18
130,34,18
130,35,18
130,36,19
130,37,19
130,38,19
130,39,19
130,40,20
130,41,20
130,42,20
130,43,20
130,44,19
130,45,19
130,46,19
130,47,18
130,48,18
130,49,18
130,50,19
130,51,19
130,52,20
130,53,20
130,54,20
130,55,20
130,56,20
130,57,21
130,58,21
130,59,20
130,60,20
130,61,21
130,62,21
130,63,20
130,64,20
130,65,26
130,66,12
130,67,41
130,68,94
130,69,128
130,70,155
130,71,161
130,72,159
130,73,152
130,74,140
130,75,150
130,76,160
130,77,160
130,78,157
130,79,154
130,80,152
130,81,152
130,82,152
130,83,150
130,84,144
130,85,145
130,86,152
130,87,151
130,88,148
130,89,147
130,90,147
130,91,150
130,92,148
130,93,146
130,94,148
130,95,147
130,96,149
130,97,141
130,98,138
130,99,134
130,100,136
130,101,136
130,102,142
130,103,143
130,104,147
130,105,144
130,106,153
130,107,177
130,108,192
130,109,199
130,110,202
130,111,193
130,112,178
130,113,164
130,114,165
130,115,191
130,116,202
130,117,216
130,118,232
130,119,233
130,120,224
130,121,231
130,122,225
130,123,163
130,124,52
130,125,26
130,126,38
130,127,32
130,128,73
130,129,139
130,130,184
130,131,189
130,132,186
130,133,189
130,134,185
130,135,190
130,136,200
130,137,188
130,138,177
130,139,187
130,140,201
130,141,200
130,142,194
130,143,188
130,144,180
130,145,179
130,146,175
130,147,169
130,148,159
130,149,143
131,0,159
131,1,186
131,2,183
131,3,96
131,4,4
131,5,2
131,6,27
131,7,27
131,8,20
131,9,19
131,10,24
131,11,20
131,12,20
131,13,26
131,14,24
131,15,22
131,16,24
131,17,25
131,18,25
131,19,23
131,20,22
131,21,21
131,22,21
131,23,20
131,24,19
131,25,19
131,26,19
131,27,20
131,28,19
131,29,19
131,30,18
131,31,17
131,32,18
131,33,19
131,34,19
131,35,18
131,36,18
131,37,19
131,38,19
131,39,19
131,40,19
131,41,19
131,42,19
131,43,19
131,44,18
131,45,18
131,46,18
131,47,18
131,48,18
131,49,18
131,50,19
131,51,20
131,52,20
131,53,20
131,54,20
131,55,21
131,56,19
131,57,20
131,58,21
131,59,20
131,60,20
131,61,21
131,62,21
131,63,20
131,64,24
131,65,23
131,66,29
131,67,83
131,68,144
131,69,155
131,70,158
131,71,163
131,72,154
131,73,149
131,74,149
131,75,162
131,76,162
131,77,158
131,78,159
131,79,149
131,80,146
131,81,151
131,82,149
131,83,148
131,84,149
131,85,147
131,86,149
131,87,150
131,88,150
131,89,151
131,90,153
131,91,155
131,92,152
131,93,149
131,94,149
131,95,146
131,96,142
131,97,134
131,98,132
131,99,137
131,100,145
131,101,140
131,102,140
131,103,145
131,104,143
131,105,133
131,106,146
131,107,168
131,108,188
131,109,193
131,110,199
131,111,205
131,112,181
131,113,170
131,114,166
131,115,184
131,116,201
131,117,222
131,118,236
131,119,237
131,120,232
131,121,240
131,122,212
131,123,118
131,124,25
131,125,36
131,126,30
131,127,25
131,128,56
131,129,133
131,130,175
131,131,177
131,132,178
131,133,185
131,134,177
131,135,174
131,136,196
131,137,199
131,138,193
131,139,197
131,140,203
131,141,199
131,142,192
131,143,185
131,144,176
131,145,171
131,146,167
131,147,162
131,148,155
131,149,140
132,0,174
132,1,131
132,2,60
132,3,6
132,4,21
132,5,27
132,6,16
132,7,18
132,8,19
132,9,20
132,10,22
132,11,21
132,12,19
132,13,20
132,14,22
132,15,22
132,16,23
132,17,24
132,18,23
132,19,21
132,20,20
132,21,20
132,22,19
132,23,18
132,24,18
132,25,19
132,26,19
132,27,19
132,28,19
132,29,18
132,30,18
132,31,17
132,32,18
132,33,19
132,34,19
132,35,18
132,36,17
132,37,18
132,38,18
132,39,18
132,40,17
132,41,17
132,42,18
132,43,18
132,44,18
132,45,19
132,46,19
132,47,19
132,48,19
132,49,19
132,50,19
132,51,20
132,52,20
132,53,21
132,54,21
132,55,21
132,56,19
132,57,20
132,58,21
132,59,20
132,60,21
132,61,22
132,62,22
132,63,21
132,64,30
132,65,1
132,66,87
132,67,149
132,68,164
132,69,168
132,70,159
132,71,155
132,72,153
132,73,147
132,74,158
132,75,162
132,76,161
132,77,161
132,78,153
132,79,148
132,80,151
132,81,150
132,82,143
132,83,145
132,84,152
132,85,152
132,86,151
132,87,150
132,88,151
132,89,154
132,90,155
132,91,154
132,92,150
132,93,148
132,94,148
132,95,142
132,96,142
132,97,144
132,98,143
132,99,148
132,100,146
132,101,148
132,102,148
132,103,146
132,104,144
132,105,142
132,106,139
132,107,170
132,108,200
132,109,195
132,110,206
132,111,201
132,112,193
132,113,190
132,114,178
132,115,174
132,116,205
132,117,231
132,118,237
132,119,239
132,120,238
132,121,227
132,122,176
132,123,81
132,124,32
132,125,31
132,126,27
132,127,30
132,128,73
132,129,149
132,130,170
132,131,166
132,132,177
132,133,186
132,134,180
132,135,174
132,136,194
132,137,202
132,138,202
132,139,202
132,140,200
132,141,196
132,142,191
132,143,182
132,144,173
132,145,164
132,146,158
132,147,156
132,148,151
132,149,139
133,0,83
133,1,7
133,2,2
133,3,31
133,4,20
133,5,17
133,6,14
133,7,22
133,8,21
133,9,21
133,10,19
133,11,19
133,12,23
133,13,22
133,14,20
133,15,23
133,16,21
133,17,22
133,18,21
133,19,20
133,20,19
133,21,19
133,22,18
133,23,17
133,24,19
133,25,19
133,26,19
133,27,18
133,28,18
133,29,18
133,30,18
133,31,19
133,32,17
133,33,19
133,34,19
133,35,17
133,36,16
133,37,17
133,38,18
133,39,17
133,40,17
133,41,18
133,42,18
133,43,19
133,44,19
133,45,19
133,46,20
133,47,20
133,48,20
133,49,19
133,50,20
133,51,20
133,52,21
133,53,21
133,54,21
133,55,21
133,56,19
133,57,20
133,58,20
133,59,20
133,60,21
133,61,22
133,62,22
133,63,21
133,64,28
133,65,2
133,66,87
133,67,157
133,68,175
133,69,167
133,70,160
133,71,149
133,72,151
133,73,151
133,74,159
133,75,157
133,76,158
133,77,154
133,78,149
133,79,151
133,80,155
133,81,149
133,82,145
133,83,149
133,84,153
133,85,154
133,86,156
133,87,152
133,88,151
133,89,154
133,90,153
133,91,150
133,92,147
133,93,147
133,94,149
133,95,144
133,96,142
133,97,146
133,98,142
133,99,141
133,100,137
133,101,159
133,102,176
133,103,158
133,104,144
133,105,143
133,106,143
133,107,157
133,108,184
133,109,187
133,110,191
133,111,193
133,112,199
133,113,205
133,114,190
133,115,169
133,116,195
133,117,227
133,118,235
133,119,240
133,120,235
133,121,213
133,122,113
133,123,36
133,124,41
133,125,29
133,126,30
133,127,46
133,128,111
133,129,161
133,130,159
133,131,164
133,132,190
133,133,198
133,134,194
133,135,193
133,136,197
133,137,203
133,138,209
133,139,204
133,140,194
133,141,193
133,142,191
133,143,183
133,144,169
133,145,157
133,146,149
133,147,148
133,148,145
133,149,133
134,0,1
134,1,31
134,2,26
134,3,14
134,4,13
134,5,16
134,6,16
134,7,20
134,8,19
134,9,14
134,10,20
134,11,18
134,12,19
134,13,24
134,14,19
134,15,19
134,16,19
134,17,19
134,18,19
134,19,18
134,20,17
134,21,18
134,22,18
134,23,17
134,24,18
134,25,18
134,26,19
134,27,18
134,28,18
134,29,18
134,30,18
134,31,19
134,32,17
134,33,19
134,34,19
134,35,17
134,36,16
134,37,18
134,38,18
134,39,18
134,40,18
134,41,18
134,42,19
134,43,19
134,44,19
134,45,19
134,46,19
134,47,19
134,48,20
134,49,20
134,50,19
134,51,20
134,52,20
134,53,21
134,54,20
134,55,20
134,56,19
134,57,20
134,58,20
134,59,20
134,60,20
134,61,21
134,62,21
134,63,20
134,64,22
134,65,25
134,66,45
134,67,144
134,68,179
134,69,169
134,70,153
134,71,153
134,72,159
134,73,155
134,74,157
134,75,157
134,76,157
134,77,150
134,78,152
134,79,153
134,80,150
134,81,150
134,82,148
134,83,150
134,84,151
134,85,153
134,86,155
134,87,152
134,88,154
134,89,154
134,90,152
134,91,151
134,92,149
134,93,149
134,94,151
134,95,148
134,96,146
134,97,145
134,98,139
134,99,137
134,100,136
134,101,159
134,102,186
134,103,161
134,104,145
134,105,148
134,106,144
134,107,150
134,108,165
134,109,172
134,110,183
134,111,189
134,112,200
134,113,203
134,114,201
134,115,184
134,116,179
134,117,216
134,118,241
134,119,234
134,120,221
134,121,149
134,122,49
134,123,26
134,124,34
134,125,32
134,126,23
134,127,60
134,128,134
134,129,174
134,130,174
134,131,180
134,132,202
134,133,212
134,134,209
134,135,209
134,136,210
134,137,211
134,138,216
134,139,203
134,140,185
134,141,183
134,142,181
134,143,177
134,144,163
134,145,149
134,146,141
134,147,141
134,148,139
134,149,127
135,0,23
135,1,18
135,2,14
135,3,19
135,4,13
135,5,15
135,6,18
135,7,16
135,8,16
135,9,18
135,10,20
135,11,18
135,12,19
135,13,20
135,14,17
135,15,19
135,16,17
135,17,18
135,18,17
135,19,16
135,20,16
135,21,18
135,22,18
135,23,17
135,24,17
135,25,18
135,26,19
135,27,20
135,28,19
135,29,18
135,30,18
135,31,18
135,32,17
135,33,19
135,34,20
135,35,17
135,36,16
135,37,18
135,38,19
135,39,18
135,40,19
135,41,19
135,42,18
135,43,18
135,44,18
135,45,18
135,46,17
135,47,17
135,48,20
135,49,19
135,50,19
135,51,20
135,52,20
135,53,20
135,54,20
135,55,19
135,56,20
135,57,20
135,58,20
135,59,19
135,60,19
135,61,20
135,62,20
135,63,19
135,64,27
135,65,20
135,66,26
135,67,135
135,68,174
135,69,171
135,70,157
135,71,160
135,72,170
135,73,147
135,74,155
135,75,154
135,76,153
135,77,154
135,78,150
135,79,147
135,80,151
135,81,155
135,82,148
135,83,146
135,84,154
135,85,157
135,86,157
135,87,155
135,88,159
135,89,157
135,90,154
135,91,155
135,92,152
135,93,148
135,94,149
135,95,147
135,96,146
135,97,141
135,98,136
135,99,138
135,100,143
135,101,154
135,102,190
135,103,175
135,104,149
135,105,143
135,106,145
135,107,149
135,108,161
135,109,174
135,110,175
135,111,183
135,112,199
135,113,208
135,114,206
135,115,197
135,116,179
135,117,212
135,118,234
135,119,221
135,120,147
135,121,31
135,122,29
135,123,38
135,124,26
135,125,29
135,126,31
135,127,54
135,128,159
135,129,190
135,130,194
135,131,198
135,132,211
135,133,220
135,134,221
135,135,223
135,136,226
135,137,222
135,138,223
135,139,200
135,140,174
135,141,170
135,142,166
135,143,166
135,144,157
135,145,142
135,146,135
135,147,137
135,148,136
135,149,125
136,0,14
136,1,15
136,2,15
136,3,15
136,4,15
136,5,15
136,6,15
136,7,16
136,8,14
136,9,17
136,10,17
136,11,16
136,12,17
136,13,17
136,14,16
136,15,19
136,16,16
136,17,16
136,18,17
136,19,17
136,20,17
136,21,18
136,22,18
136,23,18
136,24,18
136,25,19
136,26,19
136,27,18
136,28,17
136,29,17
136,30,17
136,31,18
136,32,18
136,33,17
136,34,17
136,35,17
136,36,17
136,37,17
136,38,18
136,39,18
136,40,16
136,41,16
136,42,16
136,43,17
136,44,17
136,45,18
136,46,18
136,47,18
136,48,18
136,49,18
136,50,19
136,51,19
136,52,18
136,53,19
136,54,19
136,55,20
136,56,21
136,57,21
136,58,22
136,59,22
136,60,22
136,61,21
136,62,20
136,63,19
136,64,20
136,65,24
136,66,24
136,67,134
136,68,171
136,69,169
136,70,162
136,71,158
136,72,153
136,73,147
136,74,150
136,75,158
136,76,156
136,77,150
136,78,149
136,79,147
136,80,152
136,81,158
136,82,149
136,83,147
136,84,152
136,85,153
136,86,159
136,87,159
136,88,157
136,89,156
136,90,154
136,91,152
136,92,151
136,93,151
136,94,150
136,95,148
136,96,147
136,97,142
136,98,138
136,99,151
136,100,147
136,101,157
136,102,185
136,103,177
136,104,145
136,105,142
136,106,142
136,107,147
136,108,155
136,109,166
136,110,172
136,111,162
136,112,190
136,113,211
136,114,211
136,115,198
136,116,181
136,117,200
136,118,229
136,119,165
136,120,26
136,121,45
136,122,28
136,123,29
136,124,28
136,125,28
136,126,29
136,127,49
136,128,148
136,129,198
136,130,201
136,131,207
136,132,215
136,133,223
136,134,227
136,135,222
136,136,219
136,137,226
136,138,227
136,139,199
136,140,169
136,141,159
136,142,156
136,143,156
136,144,150
136,145,146
136,146,141
136,147,141
136,148,133
136,149,123
137,0,14
137,1,14
137,2,15
137,3,15
137,4,15
137,5,15
137,6,15
137,7,16
137,8,14
137,9,17
137,10,16
137,11,16
137,12,17
137,13,16
137,14,16
137,15,18
137,16,17
137,17,17
137,18,17
137,19,17
137,20,17
137,21,17
137,22,17
137,23,17
137,24,18
137,25,18
137,26,18
137,27,17
137,28,17
137,29,17
137,30,18
137,31,18
137,32,18
137,33,18
137,34,17
137,35,17
137,36,18
137,37,18
137,38,18
137,39,18
137,40,19
137,41,19
137,42,19
137,43,19
137,44,19
137,45,20
137,46,20
137,47,20
137,48,19
137,49,19
137,50,19
137,51,19
137,52,19
137,53,19
137,54,19
137,55,20
137,56,20
137,57,21
137,58,22
137,59,22
137,60,21
137,61,20
137,62,20
137,63,20
137,64,26
137,65,22
137,66,25
137,67,131
137,68,171
137,69,169
137,70,170
137,71,159
137,72,155
137,73,149
137,74,152
137,75,155
137,76,155
137,77,153
137,78,148
137,79,149
137,80,159
137,81,159
137,82,148
137,83,149
137,84,156
137,85,156
137,86,158
137,87,156
137,88,158
137,89,154
137,90,152
137,91,153
137,92,153
137,93,153
137,94,151
137,95,145
137,96,144
137,97,147
137,98,148
137,99,154
137,100,153
137,101,152
137,102,159
137,103,156
137,104,146
137,105,140
137,106,135
137,107,138
137,108,145
137,109,157
137,110,163
137,111,152
137,112,174
137,113,192
137,114,205
137,115,204
137,116,189
137,117,196
137,118,192
137,119,90
137,120,14
137,121,37
137,122,32
137,123,28
137,124,26
137,125,30
137,126,27
137,127,53
137,128,152
137,129,190
137,130,193
137,131,203
137,132,218
137,133,225
137,134,220
137,135,218
137,136,220
137,137,225
137,138,227
137,139,200
137,140,168
137,141,156
137,142,152
137,143,152
137,144,153
137,145,151
137,146,146
137,147,144
137,148,134
137,149,124
138,0,14
138,1,14
138,2,14
138,3,14
138,4,14
138,5,14
138,6,15
138,7,15
138,8,15
138,9,16
138,10,16
138,11,16
138,12,16
138,13,15
138,14,15
138,15,17
138,16,17
138,17,17
138,18,17
138,19,17
138,20,17
138,21,17
138,22,17
138,23,17
138,24,18
138,25,17
138,26,17
138,27,17
138,28,17
138,29,18
138,30,18
138,31,18
138,32,18
138,33,18
138,34,18
138,35,18
138,36,18
138,37,18
138,38,18
138,39,18
138,40,18
138,41,18
138,42,19
138,43,19
138,44,19
138,45,19
138,46,18
138,47,18
138,48,19
138,49,19
138,50,19
138,51,19
138,52,19
138,53,19
138,54,20
138,55,20
138,56,20
138,57,21
138,58,21
138,59,21
138,60,20
138,61,20
138,62,20
138,63,21
138,64,25
138,65,20
138,66,42
138,67,125
138,68,165
138,69,166
138,70,167
138,71,166
138,72,160
138,73,152
138,74,154
138,75,153
138,76,155
138,77,154
138,78,146
138,79,152
138,80,159
138,81,161
138,82,154
138,83,153
138,84,155
138,85,154
138,86,157
138,87,157
138,88,154
138,89,154
138,90,153
138,91,153
138,92,152
138,93,149
138,94,146
138,95,144
138,96,148
138,97,152
138,98,155
138,99,152
138,100,151
138,101,146
138,102,140
138,103,143
138,104,147
138,105,149
138,106,140
138,107,136
138,108,140
138,109,141
138,110,146
138,111,155
138,112,154
138,113,167
138,114,201
138,115,207
138,116,189
138,117,190
138,118,172
138,119,84
138,120,42
138,121,31
138,122,30
138,123,30
138,124,29
138,125,32
138,126,38
138,127,112
138,128,170
138,129,194
138,130,199
138,131,209
138,132,213
138,133,213
138,134,211
138,135,218
138,136,219
138,137,219
138,138,224
138,139,205
138,140,172
138,141,157
138,142,155
138,143,160
138,144,159
138,145,157
138,146,146
138,147,137
138,148,129
138,149,124
139,0,14
139,1,14
139,2,14
139,3,14
139,4,14
139,5,14
139,6,15
139,7,15
139,8,15
139,9,16
139,10,16
139,11,15
139,12,15
139,13,15
139,14,15
139,15,16
139,16,17
139,17,17
139,18,17
139,19,17
139,20,17
139,21,17
139,22,17
139,23,17
139,24,18
139,25,17
139,26,16
139,27,16
139,28,17
139,29,18
139,30,18
139,31,18
139,32,17
139,33,18
139,34,18
139,35,18
139,36,18
139,37,18
139,38,18
139,39,18
139,40,17
139,41,17
139,42,17
139,43,17
139,44,17
139,45,17
139,46,17
139,47,17
139,48,18
139,49,18
139,50,19
139,51,19
139,52,19
139,53,19
139,54,20
139,55,20
139,56,20
139,57,20
139,58,21
139,59,20
139,60,20
139,61,20
139,62,21
139,63,22
139,64,27
139,65,4
139,66,75
139,67,148
139,68,168
139,69,172
139,70,169
139,71,162
139,72,164
139,73,155
139,74,156
139,75,155
139,76,154
139,77,152
139,78,149
139,79,158
139,80,156
139,81,162
139,82,159
139,83,156
139,84,152
139,85,151
139,86,156
139,87,157
139,88,153
139,89,156
139,90,154
139,91,152
139,92,152
139,93,146
139,94,142
139,95,145
139,96,152
139,97,154
139,98,159
139,99,155
139,100,148
139,101,143
139,102,138
139,103,138
139,104,139
139,105,146
139,106,143
139,107,141
139,108,144
139,109,144
139,110,151
139,111,162
139,112,157
139,113,154
139,114,182
139,115,203
139,116,187
139,117,181
139,118,181
139,119,118
139,120,18
139,121,33
139,122,28
139,123,29
139,124,34
139,125,43
139,126,65
139,127,116
139,128,167
139,129,203
139,130,205
139,131,202
139,132,207
139,133,217
139,134,216
139,135,216
139,136,221
139,137,221
139,138,226
139,139,206
139,140,173
139,141,159
139,142,159
139,143,162
139,144,163
139,145,157
139,146,138
139,147,119
139,148,114
139,149,117
140,0,13
140,1,14
140,2,14
140,3,14
140,4,14
140,5,14
140,6,15
140,7,15
140,8,15
140,9,15
140,10,16
140,11,16
140,12,15
140,13,15
140,14,15
140,15,15
140,16,16
140,17,16
140,18,16
140,19,16
140,20,17
140,21,17
140,22,18
140,23,18
140,24,19
140,25,18
140,26,17
140,27,17
140,28,17
140,29,18
140,30,18
140,31,18
140,32,17
140,33,17
140,34,18
140,35,18
140,36,18
140,37,17
140,38,17
140,39,17
140,40,17
140,41,18
140,42,18
140,43,18
140,44,18
140,45,18
140,46,18
140,47,18
140,48,17
140,49,17
140,50,18
140,51,19
140,52,19
140,53,19
140,54,20
140,55,20
140,56,20
140,57,20
140,58,20
140,59,20
140,60,19
140,61,20
140,62,21
140,63,22
140,64,31
140,65,3
140,66,104
140,67,172
140,68,180
140,69,181
140,70,170
140,71,159
140,72,165
140,73,157
140,74,156
140,75,158
140,76,153
140,77,150
140,78,156
140,79,163
140,80,160
140,81,160
140,82,159
140,83,157
140,84,154
140,85,152
140,86,155
140,87,155
140,88,158
140,89,156
140,90,153
140,91,152
140,92,151
140,93,150
140,94,148
140,95,147
140,96,151
140,97,151
140,98,152
140,99,149
140,100,139
140,101,133
140,102,133
140,103,131
140,104,141
140,105,134
140,106,145
140,107,162
140,108,155
140,109,149
140,110,164
140,111,174
140,112,170
140,113,163
140,114,166
140,115,205
140,116,197
140,117,177
140,118,192
140,119,123
140,120,5
140,121,36
140,122,28
140,123,26
140,124,39
140,125,63
140,126,88
140,127,105
140,128,154
140,129,203
140,130,202
140,131,199
140,132,209
140,133,218
140,134,216
140,135,218
140,136,220
140,137,224
140,138,228
140,139,201
140,140,168
140,141,162
140,142,163
140,143,160
140,144,162
140,145,156
140,146,132
140,147,105
140,148,100
140,149,108
141,0,14
141,1,14
141,2,14
141,3,14
141,4,14
141,5,14
141,6,15
141,7,15
141,8,16
141,9,15
141,10,16
141,11,16
141,12,15
141,13,16
141,14,16
141,15,16
141,16,16
141,17,16
141,18,16
141,19,16
141,20,16
141,21,17
141,22,18
141,23,18
141,24,19
141,25,18
141,26,17
141,27,17
141,28,17
141,29,17
141,30,18
141,31,18
141,32,18
141,33,18
141,34,18
141,35,17
141,36,17
141,37,17
141,38,17
141,39,17
141,40,17
141,41,18
141,42,18
141,43,19
141,44,19
141,45,19
141,46,18
141,47,18
141,48,16
141,49,17
141,50,18
141,51,19
141,52,19
141,53,19
141,54,19
141,55,20
141,56,20
141,57,20
141,58,21
141,59,20
141,60,19
141,61,19
141,62,21
141,63,23
141,64,27
141,65,24
141,66,125
141,67,182
141,68,185
141,69,181
141,70,172
141,71,164
141,72,166
141,73,160
141,74,158
141,75,159
141,76,152
141,77,149
141,78,158
141,79,162
141,80,165
141,81,160
141,82,160
141,83,161
141,84,156
141,85,152
141,86,154
141,87,156
141,88,157
141,89,152
141,90,153
141,91,152
141,92,146
141,93,149
141,94,154
141,95,151
141,96,153
141,97,156
141,98,152
141,99,148
141,100,143
141,101,136
141,102,136
141,103,136
141,104,136
141,105,131
141,106,151
141,107,175
141,108,167
141,109,152
141,110,157
141,111,164
141,112,168
141,113,171
141,114,162
141,115,191
141,116,206
141,117,195
141,118,197
141,119,133
141,120,46
141,121,44
141,122,42
141,123,53
141,124,71
141,125,90
141,126,101
141,127,121
141,128,163
141,129,200
141,130,203
141,131,210
141,132,210
141,133,211
141,134,214
141,135,218
141,136,220
141,137,221
141,138,223
141,139,199
141,140,168
141,141,161
141,142,162
141,143,164
141,144,159
141,145,154
141,146,136
141,147,110
141,148,101
141,149,108
142,0,14
142,1,14
142,2,14
142,3,14
142,4,14
142,5,14
142,6,15
142,7,15
142,8,16
142,9,15
142,10,16
142,11,17
142,12,16
142,13,16
142,14,17
142,15,16
142,16,17
142,17,16
142,18,16
142,19,16
142,20,16
142,21,17
142,22,18
142,23,18
142,24,19
142,25,19
142,26,18
142,27,17
142,28,17
142,29,17
142,30,18
142,31,19
142,32,19
142,33,18
142,34,18
142,35,18
142,36,18
142,37,18
142,38,18
142,39,18
142,40,18
142,41,18
142,42,18
142,43,18
142,44,18
142,45,18
142,46,18
142,47,17
142,48,17
142,49,18
142,50,19
142,51,19
142,52,19
142,53,19
142,54,19
142,55,19
142,56,19
142,57,20
142,58,21
142,59,20
142,60,19
142,61,19
142,62,21
142,63,23
142,64,27
142,65,22
142,66,117
142,67,188
142,68,187
142,69,182
142,70,180
142,71,167
142,72,166
142,73,163
142,74,161
142,75,155
142,76,150
142,77,153
142,78,158
142,79,160
142,80,164
142,81,162
142,82,164
142,83,162
142,84,155
142,85,153
142,86,156
142,87,157
142,88,152
142,89,153
142,90,153
142,91,149
142,92,143
142,93,147
142,94,153
142,95,154
142,96,149
142,97,154
142,98,151
142,99,149
142,100,147
142,101,141
142,102,137
142,103,136
142,104,136
142,105,141
142,106,143
142,107,147
142,108,151
142,109,152
142,110,155
142,111,155
142,112,163
142,113,163
142,114,157
142,115,159
142,116,190
142,117,209
142,118,197
142,119,154
142,120,72
142,121,65
142,122,65
142,123,84
142,124,99
142,125,110
142,126,115
142,127,117
142,128,163
142,129,197
142,130,205
142,131,208
142,132,210
142,133,222
142,134,222
142,135,216
142,136,225
142,137,222
142,138,220
142,139,196
142,140,166
142,141,153
142,142,151
142,143,157
142,144,154
142,145,149
142,146,140
142,147,122
142,148,113
142,149,115
143,0,14
143,1,14
143,2,15
143,3,15
143,4,14
143,5,15
143,6,15
143,7,16
143,8,17
143,9,15
143,10,16
143,11,17
143,12,16
143,13,17
143,14,18
143,15,17
143,16,17
143,17,17
143,18,16
143,19,16
143,20,16
143,21,16
143,22,17
143,23,18
143,24,18
143,25,18
143,26,18
143,27,18
143,28,17
143,29,17
143,30,18
143,31,20
143,32,19
143,33,19
143,34,18
143,35,18
143,36,18
143,37,18
143,38,18
143,39,18
143,40,19
143,41,19
143,42,19
143,43,19
143,44,19
143,45,19
143,46,18
143,47,17
143,48,18
143,49,19
143,50,20
143,51,20
143,52,19
143,53,19
143,54,19
143,55,19
143,56,19
143,57,20
143,58,21
143,59,21
143,60,20
143,61,20
143,62,21
143,63,23
143,64,30
143,65,1
143,66,75
143,67,171
143,68,192
143,69,183
143,70,175
143,71,171
143,72,161
143,73,161
143,74,161
143,75,150
143,76,150
143,77,160
143,78,159
143,79,161
143,80,160
143,81,163
143,82,166
143,83,159
143,84,152
143,85,157
143,86,160
143,87,155
143,88,153
143,89,158
143,90,152
143,91,144
143,92,147
143,93,150
143,94,151
143,95,154
143,96,152
143,97,151
143,98,149
143,99,145
143,100,142
143,101,140
143,102,138
143,103,138
143,104,143
143,105,145
143,106,143
143,107,144
143,108,144
143,109,143
143,110,151
143,111,159
143,112,166
143,113,157
143,114,159
143,115,147
143,116,163
143,117,195
143,118,197
143,119,166
143,120,78
143,121,68
143,122,87
143,123,107
143,124,115
143,125,121
143,126,110
143,127,106
143,128,143
143,129,190
143,130,203
143,131,203
143,132,214
143,133,226
143,134,218
143,135,225
143,136,223
143,137,225
143,138,220
143,139,188
143,140,158
143,141,149
143,142,144
143,143,144
143,144,148
143,145,141
143,146,137
143,147,129
143,148,121
143,149,121
144,0,13
144,1,13
144,2,14
144,3,14
144,4,14
144,5,14
144,6,14
144,7,14
144,8,15
144,9,15
144,10,16
144,11,16
144,12,16
144,13,16
144,14,15
144,15,15
144,16,15
144,17,17
144,18,17
144,19,17
144,20,18
144,21,18
144,22,17
144,23,19
144,24,17
144,25,18
144,26,18
144,27,18
144,28,18
144,29,18
144,30,19
144,31,20
144,32,17
144,33,19
144,34,19
144,35,18
144,36,17
144,37,18
144,38,19
144,39,19
144,40,18
144,41,18
144,42,18
144,43,18
144,44,18
144,45,17
144,46,18
144,47,18
144,48,17
144,49,18
144,50,19
144,51,19
144,52,20
144,53,20
144,54,20
144,55,19
144,56,21
144,57,21
144,58,21
144,59,20
144,60,20
144,61,20
144,62,21
144,63,21
144,64,24
144,65,23
144,66,38
144,67,153
144,68,183
144,69,183
144,70,174
144,71,171
144,72,162
144,73,165
144,74,161
144,75,152
144,76,154
144,77,162
144,78,163
144,79,162
144,80,159
144,81,166
144,82,163
144,83,161
144,84,157
144,85,158
144,86,155
144,87,158
144,88,156
144,89,152
144,90,146
144,91,148
144,92,150
144,93,149
144,94,152
144,95,153
144,96,151
144,97,151
144,98,149
144,99,145
144,100,144
144,101,145
144,102,144
144,103,141
144,104,135
144,105,139
144,106,138
144,107,137
144,108,143
144,109,142
144,110,151
144,111,158
144,112,162
144,113,169
144,114,167
144,115,169
144,116,156
144,117,168
144,118,191
144,119,180
144,120,117
144,121,108
144,122,105
144,123,115
144,124,129
144,125,131
144,126,118
144,127,107
144,128,132
144,129,180
144,130,202
144,131,205
144,132,213
144,133,227
144,134,226
144,135,226
144,136,223
144,137,226
144,138,213
144,139,179
144,140,164
144,141,156
144,142,151
144,143,146
144,144,144
144,145,142
144,146,136
144,147,133
144,148,128
144,149,123
145,0,13
145,1,14
145,2,14
145,3,14
145,4,14
145,5,14
145,6,14
145,7,15
145,8,15
145,9,15
145,10,16
145,11,16
145,12,16
145,13,15
145,14,16
145,15,16
145,16,15
145,17,17
145,18,17
145,19,17
145,20,18
145,21,18
145,22,17
145,23,19
145,24,17
145,25,18
145,26,19
145,27,19
145,28,19
145,29,18
145,30,19
145,31,20
145,32,18
145,33,19
145,34,19
145,35,18
145,36,17
145,37,18
145,38,19
145,39,18
145,40,18
145,41,18
145,42,19
145,43,18
145,44,18
145,45,18
145,46,18
145,47,18
145,48,17
145,49,17
145,50,18
145,51,19
145,52,19
145,53,19
145,54,19
145,55,19
145,56,20
145,57,21
145,58,21
145,59,21
145,60,20
145,61,20
145,62,21
145,63,21
145,64,25
145,65,25
145,66,17
145,67,118
145,68,178
145,69,181
145,70,173
145,71,170
145,72,165
145,73,167
145,74,164
145,75,156
145,76,156
145,77,161
145,78,162
145,79,165
145,80,162
145,81,164
145,82,160
145,83,158
145,84,158
145,85,163
145,86,159
145,87,156
145,88,156
145,89,149
145,90,142
145,91,147
145,92,152
145,93,150
145,94,151
145,95,151
145,96,152
145,97,153
145,98,148
145,99,140
145,100,141
145,101,148
145,102,148
145,103,141
145,104,144
145,105,142
145,106,142
145,107,141
145,108,144
145,109,144
145,110,154
145,111,155
145,112,162
145,113,183
145,114,191
145,115,188
145,116,170
145,117,157
145,118,165
145,119,183
145,120,155
145,121,115
145,122,107
145,123,123
145,124,138
145,125,140
145,126,127
145,127,124
145,128,153
145,129,184
145,130,199
145,131,207
145,132,218
145,133,230
145,134,229
145,135,228
145,136,229
145,137,228
145,138,203
145,139,168
145,140,161
145,141,159
145,142,157
145,143,153
145,144,151
145,145,149
145,146,142
145,147,137
145,148,131
145,149,125
146,0,13
146,1,13
146,2,14
146,3,14
146,4,14
146,5,14
146,6,15
146,7,16
146,8,15
146,9,15
146,10,16
146,11,16
146,12,15
146,13,15
146,14,16
146,15,16
146,16,15
146,17,16
146,18,16
146,19,16
146,20,18
146,21,17
146,22,17
146,23,19
146,24,17
146,25,18
146,26,19
146,27,20
146,28,19
146,29,19
146,30,19
146,31,20
146,32,18
146,33,18
146,34,18
146,35,18
146,36,18
146,37,18
146,38,18
146,39,17
146,40,18
146,41,18
146,42,19
146,43,18
146,44,18
146,45,18
146,46,18
146,47,18
146,48,17
146,49,18
146,50,18
146,51,18
146,52,19
146,53,19
146,54,19
146,55,19
146,56,20
146,57,20
146,58,21
146,59,21
146,60,21
146,61,21
146,62,21
146,63,21
146,64,21
146,65,29
146,66,8
146,67,83
146,68,165
146,69,175
146,70,169
146,71,168
146,72,165
146,73,167
146,74,166
146,75,157
146,76,155
146,77,160
146,78,161
146,79,164
146,80,166
146,81,163
146,82,159
146,83,159
146,84,159
146,85,163
146,86,160
146,87,156
146,88,158
146,89,148
146,90,143
146,91,150
146,92,154
146,93,151
146,94,153
146,95,156
146,96,156
146,97,155
146,98,151
146,99,147
146,100,148
146,101,151
146,102,151
146,103,148
146,104,148
146,105,144
146,106,140
146,107,138
146,108,141
146,109,141
146,110,146
146,111,146
146,112,152
146,113,180
146,114,188
146,115,177
146,116,167
146,117,155
146,118,148
146,119,173
146,120,166
146,121,115
146,122,112
146,123,127
146,124,132
146,125,134
146,126,135
146,127,152
146,128,176
146,129,190
146,130,199
146,131,207
146,132,219
146,133,233
146,134,232
146,135,227
146,136,228
146,137,226
146,138,192
146,139,159
146,140,158
146,141,159
146,142,160
146,143,157
146,144,153
146,145,148
146,146,139
146,147,134
146,148,128
146,149,120
147,0,13
147,1,13
147,2,13
147,3,13
147,4,13
147,5,14
147,6,15
147,7,16
147,8,15
147,9,15
147,10,15
147,11,15
147,12,15
147,13,15
147,14,16
147,15,17
147,16,15
147,17,17
147,18,16
147,19,16
147,20,17
147,21,17
147,22,17
147,23,18
147,24,17
147,25,18
147,26,19
147,27,19
147,28,19
147,29,19
147,30,18
147,31,19
147,32,19
147,33,18
147,34,17
147,35,17
147,36,18
147,37,18
147,38,17
147,39,16
147,40,18
147,41,18
147,42,19
147,43,18
147,44,18
147,45,18
147,46,18
147,47,18
147,48,19
147,49,19
147,50,19
147,51,19
147,52,20
147,53,20
147,54,20
147,55,20
147,56,19
147,57,20
147,58,21
147,59,21
147,60,21
147,61,21
147,62,21
147,63,22
147,64,22
147,65,28
147,66,7
147,67,66
147,68,154
147,69,176
147,70,163
147,71,161
147,72,163
147,73,167
147,74,167
147,75,157
147,76,154
147,77,160
147,78,161
147,79,161
147,80,164
147,81,161
147,82,161
147,83,163
147,84,160
147,85,160
147,86,161
147,87,161
147,88,160
147,89,146
147,90,139
147,91,142
147,92,144
147,93,146
147,94,159
147,95,173
147,96,184
147,97,180
147,98,173
147,99,166
147,100,159
147,101,155
147,102,153
147,103,152
147,104,149
147,105,146
147,106,138
147,107,135
147,108,142
147,109,142
147,110,140
147,111,143
147,112,147
147,113,165
147,114,167
147,115,153
147,116,148
147,117,149
147,118,143
147,119,155
147,120,159
147,121,117
147,122,112
147,123,119
147,124,118
147,125,131
147,126,151
147,127,178
147,128,188
147,129,189
147,130,197
147,131,209
147,132,221
147,133,232
147,134,232
147,135,228
147,136,225
147,137,222
147,138,185
147,139,156
147,140,152
147,141,152
147,142,157
147,143,154
147,144,149
147,145,141
147,146,132
147,147,129
147,148,126
147,149,120
148,0,12
148,1,12
148,2,13
148,3,13
148,4,13
148,5,13
148,6,14
148,7,15
148,8,14
148,9,15
148,10,15
148,11,15
148,12,15
148,13,15
148,14,16
148,15,17
148,16,16
148,17,17
148,18,17
148,19,16
148,20,17
148,21,17
148,22,16
148,23,18
148,24,16
148,25,17
148,26,18
148,27,18
148,28,18
148,29,18
148,30,18
148,31,17
148,32,19
148,33,18
148,34,17
148,35,18
148,36,18
148,37,18
148,38,17
148,39,16
148,40,18
148,41,18
148,42,18
148,43,18
148,44,18
148,45,17
148,46,18
148,47,18
148,48,19
148,49,19
148,50,19
148,51,19
148,52,20
148,53,20
148,54,21
148,55,21
148,56,19
148,57,20
148,58,21
148,59,22
148,60,22
148,61,21
148,62,21
148,63,22
148,64,21
148,65,26
148,66,5
148,67,68
148,68,148
148,69,171
148,70,157
148,71,161
148,72,166
148,73,167
148,74,168
148,75,161
148,76,156
148,77,159
148,78,160
148,79,160
148,80,158
148,81,159
148,82,164
148,83,165
148,84,162
148,85,161
148,86,164
148,87,164
148,88,157
148,89,144
148,90,140
148,91,143
148,92,145
148,93,151
148,94,167
148,95,185
148,96,192
148,97,187
148,98,174
148,99,158
148,100,149
148,101,147
148,102,146
148,103,144
148,104,147
148,105,145
148,106,138
148,107,137
148,108,146
148,109,148
148,110,144
148,111,148
148,112,150
148,113,159
148,114,161
148,115,152
148,116,140
148,117,136
148,118,134
148,119,140
148,120,148
148,121,120
148,122,109
148,123,118
148,124,135
148,125,157
148,126,176
148,127,186
148,128,189
148,129,180
148,130,191
148,131,212
148,132,225
148,133,226
148,134,224
148,135,229
148,136,228
148,137,219
148,138,181
148,139,157
148,140,149
148,141,145
148,142,151
148,143,147
148,144,141
148,145,133
148,146,124
148,147,123
148,148,125
148,149,124
149,0,12
149,1,12
149,2,13
149,3,13
149,4,12
149,5,13
149,6,14
149,7,14
149,8,14
149,9,15
149,10,15
149,11,15
149,12,15
149,13,15
149,14,16
149,15,16
149,16,16
149,17,18
149,18,17
149,19,16
149,20,17
149,21,17
149,22,16
149,23,18
149,24,17
149,25,17
149,26,18
149,27,18
149,28,18
149,29,18
149,30,17
149,31,17
149,32,18
149,33,18
149,34,18
149,35,18
149,36,19
149,37,18
149,38,17
149,39,17
149,40,18
149,41,18
149,42,18
149,43,18
149,44,18
149,45,18
149,46,18
149,47,18
149,48,18
149,49,18
149,50,19
149,51,19
149,52,20
149,53,20
149,54,20
149,55,20
149,56,19
149,57,20
149,58,21
149,59,21
149,60,21
149,61,21
149,62,21
149,63,22
149,64,19
149,65,27
149,66,2
149,67,76
149,68,149
149,69,161
149,70,157
149,71,167
149,72,167
149,73,167
149,74,168
149,75,163
149,76,156
149,77,155
149,78,156
149,79,160
149,80,158
149,81,162
149,82,166
149,83,163
149,84,164
149,85,165
149,86,165
149,87,160
149,88,155
149,89,145
149,90,146
149,91,153
149,92,156
149,93,160
149,94,167
149,95,176
149,96,172
149,97,164
149,98,152
149,99,144
149,100,142
149,101,144
149,102,144
149,103,143
149,104,139
149,105,136
149,106,134
149,107,138
149,108,143
149,109,148
149,110,144
149,111,146
149,112,146
149,113,153
149,114,156
149,115,159
149,116,148
149,117,139
149,118,132
149,119,130
149,120,144
149,121,136
149,122,128
149,123,144
149,124,170
149,125,186
149,126,192
149,127,185
149,128,182
149,129,177
149,130,192
149,131,209
149,132,220
149,133,217
149,134,213
149,135,218
149,136,226
149,137,212
149,138,177
149,139,162
149,140,152
149,141,144
149,142,142
149,143,138
149,144,136
149,145,130
149,146,122
149,147,121
149,148,124
149,149,125
150,0,12
150,1,13
150,2,13
150,3,13
150,4,13
150,5,13
150,6,13
150,7,14
150,8,14
150,9,14
150,10,15
150,11,15
150,12,15
150,13,15
150,14,15
150,15,16
150,16,16
150,17,18
150,18,17
150,19,17
150,20,18
150,21,17
150,22,17
150,23,19
150,24,18
150,25,18
150,26,18
150,27,19
150,28,19
150,29,18
150,30,18
150,31,18
150,32,18
150,33,18
150,34,18
150,35,19
150,36,19
150,37,18
150,38,17
150,39,18
150,40,19
150,41,19
150,42,19
150,43,19
150,44,18
150,45,18
150,46,18
150,47,19
150,48,18
150,49,18
150,50,19
150,51,20
150,52,20
150,53,20
150,54,20
150,55,20
150,56,20
150,57,21
150,58,21
150,59,21
150,60,21
150,61,21
150,62,21
150,63,22
150,64,23
150,65,27
150,66,5
150,67,85
150,68,153
150,69,162
150,70,161
150,71,165
150,72,165
150,73,168
150,74,171
150,75,162
150,76,152
150,77,154
150,78,158
150,79,162
150,80,163
150,81,164
150,82,166
150,83,163
150,84,167
150,85,165
150,86,162
150,87,157
150,88,155
150,89,144
150,90,146
150,91,150
150,92,153
150,93,157
150,94,159
150,95,162
150,96,155
150,97,147
150,98,141
150,99,143
150,100,147
150,101,146
150,102,144
150,103,144
150,104,135
150,105,135
150,106,135
150,107,138
150,108,140
150,109,144
150,110,138
150,111,141
150,112,142
150,113,142
150,114,146
150,115,154
150,116,152
150,117,148
150,118,139
150,119,133
150,120,155
150,121,164
150,122,165
150,123,175
150,124,189
150,125,194
150,126,193
150,127,183
150,128,175
150,129,184
150,130,203
150,131,208
150,132,215
150,133,210
150,134,205
150,135,210
150,136,223
150,137,207
150,138,173
150,139,163
150,140,153
150,141,138
150,142,129
150,143,129
150,144,136
150,145,134
150,146,128
150,147,126
150,148,127
150,149,128
151,0,13
151,1,13
151,2,14
151,3,14
151,4,13
151,5,13
151,6,13
151,7,13
151,8,14
151,9,14
151,10,15
151,11,16
151,12,15
151,13,15
151,14,15
151,15,15
151,16,16
151,17,17
151,18,17
151,19,17
151,20,18
151,21,18
151,22,18
151,23,20
151,24,20
151,25,19
151,26,19
151,27,19
151,28,19
151,29,19
151,30,19
151,31,19
151,32,18
151,33,18
151,34,18
151,35,20
151,36,19
151,37,17
151,38,18
151,39,19
151,40,19
151,41,19
151,42,20
151,43,19
151,44,19
151,45,19
151,46,19
151,47,19
151,48,18
151,49,19
151,50,20
151,51,21
151,52,21
151,53,21
151,54,21
151,55,21
151,56,21
151,57,21
151,58,21
151,59,21
151,60,21
151,61,21
151,62,21
151,63,22
151,64,22
151,65,28
151,66,22
151,67,95
151,68,153
151,69,162
151,70,165
151,71,164
151,72,162
151,73,172
151,74,176
151,75,161
151,76,150
151,77,157
151,78,165
151,79,166
151,80,167
151,81,163
151,82,163
151,83,164
151,84,171
151,85,163
151,86,160
151,87,160
151,88,151
151,89,142
151,90,145
151,91,149
151,92,150
151,93,155
151,94,155
151,95,155
151,96,153
151,97,151
151,98,149
151,99,150
151,100,152
151,101,153
151,102,150
151,103,145
151,104,141
151,105,146
151,106,143
151,107,143
151,108,146
151,109,145
151,110,133
151,111,140
151,112,146
151,113,137
151,114,143
151,115,151
151,116,146
151,117,145
151,118,143
151,119,145
151,120,153
151,121,173
151,122,182
151,123,188
151,124,195
151,125,194
151,126,187
151,127,176
151,128,173
151,129,190
151,130,212
151,131,214
151,132,216
151,133,208
151,134,204
151,135,216
151,136,225
151,137,208
151,138,171
151,139,159
151,140,148
151,141,128
151,142,115
151,143,122
151,144,132
151,145,134
151,146,131
151,147,130
151,148,130
151,149,131
152,0,11
152,1,12
152,2,13
152,3,13
152,4,13
152,5,13
152,6,13
152,7,13
152,8,13
152,9,13
152,10,14
152,11,14
152,12,14
152,13,14
152,14,15
152,15,16
152,16,14
152,17,17
152,18,18
152,19,16
152,20,15
152,21,17
152,22,19
152,23,19
152,24,19
152,25,19
152,26,19
152,27,19
152,28,19
152,29,19
152,30,18
152,31,18
152,32,19
152,33,18
152,34,18
152,35,18
152,36,18
152,37,18
152,38,19
152,39,19
152,40,17
152,41,18
152,42,19
152,43,19
152,44,19
152,45,20
152,46,19
152,47,18
152,48,17
152,49,20
152,50,20
152,51,18
152,52,20
152,53,20
152,54,19
152,55,19
152,56,19
152,57,20
152,58,20
152,59,21
152,60,22
152,61,22
152,62,23
152,63,23
152,64,23
152,65,29
152,66,49
152,67,129
152,68,165
152,69,163
152,70,168
152,71,165
152,72,165
152,73,170
152,74,168
152,75,162
152,76,153
152,77,158
152,78,161
152,79,163
152,80,157
152,81,162
152,82,165
152,83,165
152,84,160
152,85,161
152,86,163
152,87,153
152,88,147
152,89,145
152,90,147
152,91,146
152,92,150
152,93,159
152,94,161
152,95,156
152,96,156
152,97,154
152,98,152
152,99,150
152,100,148
152,101,147
152,102,148
152,103,150
152,104,145
152,105,148
152,106,142
152,107,139
152,108,146
152,109,136
152,110,136
152,111,141
152,112,141
152,113,150
152,114,143
152,115,149
152,116,146
152,117,143
152,118,146
152,119,140
152,120,141
152,121,168
152,122,180
152,123,196
152,124,197
152,125,194
152,126,180
152,127,171
152,128,176
152,129,209
152,130,208
152,131,204
152,132,205
152,133,206
152,134,213
152,135,216
152,136,227
152,137,205
152,138,168
152,139,161
152,140,151
152,141,133
152,142,118
152,143,121
152,144,125
152,145,132
152,146,130
152,147,133
152,148,132
152,149,137
153,0,12
153,1,12
153,2,12
153,3,12
153,4,13
153,5,13
153,6,13
153,7,14
153,8,14
153,9,14
153,10,15
153,11,15
153,12,15
153,13,15
153,14,16
153,15,16
153,16,15
153,17,17
153,18,17
153,19,16
153,20,16
153,21,17
153,22,18
153,23,19
153,24,18
153,25,19
153,26,19
153,27,19
153,28,19
153,29,19
153,30,19
153,31,18
153,32,19
153,33,19
153,34,18
153,35,18
153,36,18
153,37,18
153,38,18
153,39,19
153,40,18
153,41,19
153,42,19
153,43,19
153,44,18
153,45,19
153,46,18
153,47,17
153,48,18
153,49,20
153,50,19
153,51,18
153,52,20
153,53,20
153,54,19
153,55,20
153,56,21
153,57,22
153,58,22
153,59,22
153,60,22
153,61,22
153,62,21
153,63,21
153,64,30
153,65,1
153,66,87
153,67,173
153,68,183
153,69,169
153,70,162
153,71,163
153,72,168
153,73,172
153,74,170
153,75,165
153,76,155
153,77,156
153,78,155
153,79,154
153,80,157
153,81,160
153,82,165
153,83,161
153,84,159
153,85,163
153,86,159
153,87,156
153,88,148
153,89,145
153,90,151
153,91,153
153,92,154
153,93,165
153,94,177
153,95,180
153,96,170
153,97,163
153,98,156
153,99,155
153,100,154
153,101,149
153,102,147
153,103,150
153,104,147
153,105,144
153,106,142
153,107,149
153,108,162
153,109,155
153,110,149
153,111,146
153,112,145
153,113,146
153,114,137
153,115,143
153,116,146
153,117,145
153,118,143
153,119,146
153,120,138
153,121,144
153,122,181
153,123,194
153,124,192
153,125,184
153,126,173
153,127,172
153,128,206
153,129,214
153,130,183
153,131,196
153,132,207
153,133,208
153,134,201
153,135,216
153,136,228
153,137,201
153,138,164
153,139,161
153,140,153
153,141,144
153,142,133
153,143,127
153,144,130
153,145,134
153,146,131
153,147,135
153,148,136
153,149,138
154,0,13
154,1,12
154,2,12
154,3,12
154,4,12
154,5,13
154,6,14
154,7,14
154,8,14
154,9,14
154,10,15
154,11,15
154,12,15
154,13,15
154,14,16
154,15,16
154,16,16
154,17,17
154,18,17
154,19,17
154,20,16
154,21,17
154,22,18
154,23,18
154,24,18
154,25,18
154,26,18
154,27,18
154,28,19
154,29,19
154,30,19
154,31,19
154,32,20
154,33,19
154,34,19
154,35,18
154,36,18
154,37,18
154,38,18
154,39,18
154,40,18
154,41,19
154,42,19
154,43,18
154,44,18
154,45,19
154,46,19
154,47,18
154,48,20
154,49,20
154,50,19
154,51,19
154,52,20
154,53,20
154,54,19
154,55,22
154,56,21
154,57,21
154,58,21
154,59,21
154,60,21
154,61,22
154,62,22
154,63,23
154,64,32
154,65,7
154,66,60
154,67,174
154,68,187
154,69,172
154,70,165
154,71,168
154,72,170
154,73,172
154,74,170
154,75,164
154,76,152
154,77,151
154,78,152
154,79,152
154,80,159
154,81,161
154,82,163
154,83,158
154,84,159
154,85,163
154,86,158
154,87,158
154,88,152
154,89,146
154,90,153
154,91,159
154,92,164
154,93,180
154,94,192
154,95,192
154,96,194
154,97,177
154,98,162
154,99,159
154,100,158
154,101,148
154,102,138
154,103,138
154,104,144
154,105,142
154,106,143
154,107,147
154,108,152
154,109,150
154,110,149
154,111,143
154,112,141
154,113,140
154,114,134
154,115,139
154,116,149
154,117,150
154,118,141
154,119,142
154,120,139
154,121,132
154,122,170
154,123,194
154,124,183
154,125,177
154,126,167
154,127,188
154,128,217
154,129,187
154,130,160
154,131,197
154,132,211
154,133,200
154,134,188
154,135,219
154,136,226
154,137,204
154,138,166
154,139,161
154,140,155
154,141,150
154,142,146
154,143,139
154,144,142
154,145,147
154,146,141
154,147,140
154,148,137
154,149,139
155,0,13
155,1,12
155,2,12
155,3,12
155,4,12
155,5,13
155,6,14
155,7,14
155,8,13
155,9,14
155,10,15
155,11,15
155,12,15
155,13,15
155,14,15
155,15,15
155,16,17
155,17,17
155,18,17
155,19,17
155,20,17
155,21,17
155,22,17
155,23,17
155,24,18
155,25,18
155,26,18
155,27,18
155,28,18
155,29,19
155,30,19
155,31,19
155,32,19
155,33,19
155,34,19
155,35,18
155,36,18
155,37,18
155,38,18
155,39,18
155,40,18
155,41,18
155,42,18
155,43,18
155,44,18
155,45,19
155,46,20
155,47,19
155,48,21
155,49,20
155,50,19
155,51,20
155,52,21
155,53,20
155,54,19
155,55,22
155,56,22
155,57,22
155,58,21
155,59,21
155,60,21
155,61,21
155,62,22
155,63,23
155,64,26
155,65,23
155,66,10
155,67,149
155,68,174
155,69,160
155,70,168
155,71,167
155,72,170
155,73,171
155,74,169
155,75,161
155,76,145
155,77,145
155,78,151
155,79,156
155,80,163
155,81,164
155,82,159
155,83,160
155,84,161
155,85,161
155,86,161
155,87,156
155,88,153
155,89,149
155,90,155
155,91,161
155,92,170
155,93,185
155,94,188
155,95,180
155,96,184
155,97,172
155,98,164
155,99,160
155,100,152
155,101,141
155,102,140
155,103,145
155,104,146
155,105,143
155,106,145
155,107,142
155,108,135
155,109,136
155,110,143
155,111,140
155,112,138
155,113,140
155,114,135
155,115,139
155,116,153
155,117,159
155,118,151
155,119,143
155,120,139
155,121,139
155,122,149
155,123,173
155,124,177
155,125,168
155,126,160
155,127,206
155,128,200
155,129,158
155,130,162
155,131,191
155,132,207
155,133,190
155,134,184
155,135,216
155,136,220
155,137,207
155,138,169
155,139,159
155,140,156
155,141,151
155,142,150
155,143,146
155,144,149
155,145,159
155,146,155
155,147,144
155,148,136
155,149,137
156,0,12
156,1,12
156,2,13
156,3,13
156,4,13
156,5,13
156,6,13
156,7,13
156,8,13
156,9,14
156,10,15
156,11,15
156,12,15
156,13,15
156,14,15
156,15,15
156,16,17
156,17,17
156,18,17
156,19,17
156,20,17
156,21,17
156,22,17
156,23,17
156,24,18
156,25,18
156,26,18
156,27,18
156,28,18
156,29,19
156,30,19
156,31,19
156,32,18
156,33,18
156,34,18
156,35,18
156,36,18
156,37,18
156,38,18
156,39,19
156,40,18
156,41,19
156,42,18
156,43,18
156,44,18
156,45,20
156,46,20
156,47,20
156,48,20
156,49,20
156,50,20
156,51,21
156,52,22
156,53,20
156,54,19
156,55,21
156,56,21
156,57,21
156,58,22
156,59,22
156,60,21
156,61,22
156,62,23
156,63,24
156,64,24
156,65,29
156,66,37
156,67,135
156,68,163
156,69,163
156,70,164
156,71,168
156,72,170
156,73,171
156,74,169
156,75,160
156,76,144
156,77,145
156,78,152
156,79,159
156,80,167
156,81,163
156,82,159
156,83,162
156,84,161
156,85,160
156,86,161
156,87,153
156,88,151
156,89,152
156,90,156
156,91,158
156,92,163
156,93,170
156,94,167
156,95,163
156,96,161
156,97,157
156,98,158
156,99,155
156,100,145
156,101,142
156,102,150
156,103,155
156,104,150
156,105,142
156,106,144
156,107,147
156,108,141
156,109,145
156,110,149
156,111,146
156,112,137
156,113,141
156,114,138
156,115,141
156,116,152
156,117,157
156,118,155
156,119,141
156,120,139
156,121,148
156,122,143
156,123,147
156,124,172
156,125,163
156,126,160
156,127,203
156,128,185
156,129,151
156,130,169
156,131,194
156,132,207
156,133,183
156,134,187
156,135,220
156,136,206
156,137,196
156,138,165
156,139,154
156,140,151
156,141,147
156,142,148
156,143,144
156,144,148
156,145,162
156,146,163
156,147,149
156,148,134
156,149,126
157,0,12
157,1,12
157,2,13
157,3,13
157,4,14
157,5,14
157,6,13
157,7,13
157,8,14
157,9,15
157,10,15
157,11,16
157,12,16
157,13,16
157,14,16
157,15,17
157,16,17
157,17,17
157,18,17
157,19,18
157,20,17
157,21,17
157,22,17
157,23,18
157,24,18
157,25,18
157,26,18
157,27,18
157,28,18
157,29,19
157,30,19
157,31,19
157,32,17
157,33,18
157,34,18
157,35,18
157,36,18
157,37,19
157,38,19
157,39,19
157,40,19
157,41,20
157,42,20
157,43,19
157,44,19
157,45,19
157,46,20
157,47,19
157,48,20
157,49,21
157,50,20
157,51,21
157,52,22
157,53,21
157,54,19
157,55,20
157,56,19
157,57,21
157,58,22
157,59,22
157,60,21
157,61,21
157,62,22
157,63,24
157,64,31
157,65,38
157,66,83
157,67,148
157,68,161
157,69,166
157,70,171
157,71,169
157,72,172
157,73,171
157,74,167
157,75,159
157,76,145
157,77,149
157,78,158
157,79,163
157,80,168
157,81,159
157,82,161
157,83,161
157,84,159
157,85,160
157,86,157
157,87,154
157,88,155
157,89,150
157,90,149
157,91,151
157,92,154
157,93,153
157,94,150
157,95,154
157,96,157
157,97,155
157,98,155
157,99,151
157,100,143
157,101,144
157,102,150
157,103,150
157,104,145
157,105,142
157,106,144
157,107,146
157,108,146
157,109,158
157,110,157
157,111,147
157,112,140
157,113,139
157,114,134
157,115,136
157,116,143
157,117,144
157,118,151
157,119,148
157,120,146
157,121,146
157,122,148
157,123,145
157,124,151
157,125,166
157,126,167
157,127,178
157,128,169
157,129,149
157,130,171
157,131,214
157,132,203
157,133,167
157,134,179
157,135,204
157,136,182
157,137,173
157,138,158
157,139,151
157,140,143
157,141,140
157,142,142
157,143,138
157,144,138
157,145,150
157,146,157
157,147,150
157,148,136
157,149,119
158,0,13
158,1,13
158,2,13
158,3,13
158,4,13
158,5,13
158,6,14
158,7,14
158,8,15
158,9,15
158,10,15
158,11,15
158,12,15
158,13,16
158,14,17
158,15,18
158,16,16
158,17,16
158,18,18
158,19,18
158,20,17
158,21,16
158,22,17
158,23,18
158,24,19
158,25,19
158,26,19
158,27,18
158,28,18
158,29,19
158,30,19
158,31,19
158,32,18
158,33,18
158,34,19
158,35,19
158,36,19
158,37,19
158,38,19
158,39,19
158,40,19
158,41,20
158,42,20
158,43,19
158,44,19
158,45,20
158,46,20
158,47,19
158,48,20
158,49,21
158,50,21
158,51,20
158,52,21
158,53,21
158,54,20
158,55,20
158,56,22
158,57,23
158,58,24
158,59,23
158,60,21
158,61,23
158,62,28
158,63,33
158,64,51
158,65,48
158,66,123
158,67,163
158,68,157
158,69,170
158,70,166
158,71,169
158,72,170
158,73,170
158,74,168
158,75,160
158,76,146
158,77,152
158,78,162
158,79,164
158,80,166
158,81,160
158,82,163
158,83,162
158,84,158
158,85,158
158,86,156
158,87,158
158,88,161
158,89,149
158,90,145
158,91,147
158,92,149
158,93,149
158,94,149
158,95,153
158,96,155
158,97,159
158,98,158
158,99,151
158,100,146
158,101,146
158,102,149
158,103,150
158,104,144
158,105,145
158,106,147
158,107,146
158,108,144
158,109,155
158,110,150
158,111,142
158,112,142
158,113,138
158,114,134
158,115,131
158,116,136
158,117,138
158,118,152
158,119,165
158,120,153
158,121,144
158,122,149
158,123,147
158,124,133
158,125,163
158,126,167
158,127,159
158,128,155
158,129,150
158,130,172
158,131,219
158,132,190
158,133,150
158,134,160
158,135,164
158,136,163
158,137,157
158,138,154
158,139,151
158,140,142
158,141,135
158,142,133
158,143,130
158,144,128
158,145,135
158,146,144
158,147,146
158,148,142
158,149,127
159,0,13
159,1,13
159,2,12
159,3,12
159,4,12
159,5,13
159,6,14
159,7,15
159,8,14
159,9,14
159,10,15
159,11,14
159,12,15
159,13,15
159,14,16
159,15,17
159,16,16
159,17,16
159,18,18
159,19,19
159,20,17
159,21,16
159,22,17
159,23,19
159,24,19
159,25,19
159,26,19
159,27,19
159,28,19
159,29,19
159,30,19
159,31,19
159,32,19
159,33,19
159,34,19
159,35,19
159,36,19
159,37,19
159,38,19
159,39,19
159,40,18
159,41,19
159,42,20
159,43,20
159,44,20
159,45,21
159,46,21
159,47,21
159,48,20
159,49,22
159,50,21
159,51,18
159,52,20
159,53,21
159,54,20
159,55,20
159,56,20
159,57,22
159,58,23
159,59,23
159,60,25
159,61,33
159,62,46
159,63,55
159,64,58
159,65,105
159,66,152
159,67,158
159,68,163
159,69,165
159,70,175
159,71,170
159,72,165
159,73,170
159,74,172
159,75,165
159,76,149
159,77,151
159,78,158
159,79,159
159,80,162
159,81,164
159,82,161
159,83,163
159,84,160
159,85,154
159,86,159
159,87,163
159,88,162
159,89,150
159,90,148
159,91,149
159,92,148
159,93,152
159,94,154
159,95,156
159,96,154
159,97,159
159,98,154
159,99,148
159,100,152
159,101,154
159,102,151
159,103,152
159,104,156
159,105,150
159,106,151
159,107,156
159,108,152
159,109,149
159,110,140
159,111,142
159,112,137
159,113,138
159,114,142
159,115,136
159,116,139
159,117,136
159,118,142
159,119,160
159,120,160
159,121,153
159,122,151
159,123,141
159,124,140
159,125,156
159,126,165
159,127,162
159,128,158
159,129,154
159,130,169
159,131,214
159,132,194
159,133,149
159,134,149
159,135,154
159,136,158
159,137,153
159,138,151
159,139,149
159,140,148
159,141,138
159,142,125
159,143,122
159,144,131
159,145,134
159,146,139
159,147,141
159,148,145
159,149,138
160,0,12
160,1,12
160,2,12
160,3,13
160,4,13
160,5,13
160,6,13
160,7,13
160,8,13
160,9,15
160,10,15
160,11,14
160,12,14
160,13,16
160,14,16
160,15,16
160,16,15
160,17,17
160,18,19
160,19,19
160,20,19
160,21,18
160,22,18
160,23,19
160,24,18
160,25,20
160,26,19
160,27,19
160,28,20
160,29,19
160,30,18
160,31,19
160,32,19
160,33,19
160,34,19
160,35,19
160,36,19
160,37,19
160,38,20
160,39,20
160,40,19
160,41,20
160,42,19
160,43,19
160,44,20
160,45,21
160,46,20
160,47,19
160,48,19
160,49,22
160,50,21
160,51,18
160,52,20
160,53,21
160,54,22
160,55,23
160,56,17
160,57,23
160,58,22
160,59,32
160,60,41
160,61,51
160,62,63
160,63,70
160,64,79
160,65,139
160,66,158
160,67,160
160,68,163
160,69,164
160,70,175
160,71,172
160,72,169
160,73,172
160,74,165
160,75,164
160,76,158
160,77,159
160,78,157
160,79,155
160,80,158
160,81,162
160,82,163
160,83,156
160,84,153
160,85,157
160,86,162
160,87,164
160,88,160
160,89,155
160,90,151
160,91,152
160,92,151
160,93,153
160,94,158
160,95,158
160,96,158
160,97,158
160,98,153
160,99,155
160,100,160
160,101,160
160,102,158
160,103,156
160,104,155
160,105,154
160,106,164
160,107,166
160,108,152
160,109,145
160,110,146
160,111,143
160,112,138
160,113,139
160,114,143
160,115,141
160,116,140
160,117,138
160,118,136
160,119,144
160,120,155
160,121,158
160,122,166
160,123,160
160,124,142
160,125,150
160,126,168
160,127,165
160,128,156
160,129,163
160,130,165
160,131,197
160,132,195
160,133,155
160,134,150
160,135,155
160,136,153
160,137,159
160,138,154
160,139,154
160,140,151
160,141,136
160,142,129
160,143,134
160,144,142
160,145,149
160,146,146
160,147,139
160,148,140
160,149,139
161,0,12
161,1,12
161,2,12
161,3,12
161,4,13
161,5,13
161,6,13
161,7,13
161,8,14
161,9,15
161,10,15
161,11,14
161,12,14
161,13,16
161,14,17
161,15,16
161,16,16
161,17,17
161,18,18
161,19,19
161,20,18
161,21,18
161,22,18
161,23,18
161,24,18
161,25,19
161,26,19
161,27,19
161,28,20
161,29,19
161,30,18
161,31,20
161,32,19
161,33,19
161,34,19
161,35,19
161,36,19
161,37,20
161,38,20
161,39,20
161,40,20
161,41,21
161,42,21
161,43,20
161,44,21
161,45,21
161,46,21
161,47,20
161,48,21
161,49,23
161,50,21
161,51,20
161,52,21
161,53,21
161,54,20
161,55,21
161,56,24
161,57,26
161,58,34
161,59,50
161,60,53
161,61,62
161,62,78
161,63,86
161,64,123
161,65,158
161,66,173
161,67,164
161,68,165
161,69,169
161,70,168
161,71,176
161,72,173
161,73,168
161,74,158
161,75,164
161,76,165
161,77,162
161,78,157
161,79,157
161,80,166
161,81,163
161,82,160
161,83,157
161,84,157
161,85,161
161,86,163
161,87,160
161,88,161
161,89,158
161,90,155
161,91,151
161,92,149
161,93,153
161,94,157
161,95,159
161,96,161
161,97,162
161,98,156
161,99,154
161,100,155
161,101,153
161,102,150
161,103,146
161,104,150
161,105,153
161,106,161
161,107,158
161,108,145
161,109,143
161,110,148
161,111,147
161,112,142
161,113,138
161,114,140
161,115,141
161,116,139
161,117,139
161,118,139
161,119,143
161,120,144
161,121,153
161,122,174
161,123,174
161,124,151
161,125,145
161,126,161
161,127,174
161,128,167
161,129,169
161,130,169
161,131,172
161,132,171
161,133,161
161,134,154
161,135,151
161,136,150
161,137,155
161,138,156
161,139,152
161,140,147
161,141,139
161,142,137
161,143,145
161,144,161
161,145,162
161,146,151
161,147,139
161,148,134
161,149,129
162,0,12
162,1,12
162,2,12
162,3,12
162,4,13
162,5,13
162,6,13
162,7,14
162,8,14
162,9,15
162,10,15
162,11,15
162,12,15
162,13,16
162,14,17
162,15,17
162,16,16
162,17,17
162,18,18
162,19,19
162,20,18
162,21,18
162,22,18
162,23,18
162,24,18
162,25,19
162,26,19
162,27,18
162,28,19
162,29,19
162,30,18
162,31,20
162,32,19
162,33,19
162,34,19
162,35,19
162,36,20
162,37,20
162,38,20
162,39,21
162,40,21
162,41,22
162,42,22
162,43,21
162,44,21
162,45,22
162,46,21
162,47,20
162,48,20
162,49,22
162,50,22
162,51,21
162,52,22
162,53,22
162,54,21
162,55,22
162,56,25
162,57,36
162,58,46
162,59,62
162,60,69
162,61,75
162,62,86
162,63,103
162,64,142
162,65,178
162,66,180
162,67,171
162,68,169
162,69,164
162,70,169
162,71,172
162,72,168
162,73,164
162,74,159
162,75,166
162,76,165
162,77,159
162,78,157
162,79,164
162,80,165
162,81,161
162,82,161
162,83,162
162,84,163
162,85,163
162,86,162
162,87,159
162,88,153
162,89,155
162,90,157
162,91,151
162,92,154
162,93,164
162,94,163
162,95,162
162,96,160
162,97,165
162,98,160
162,99,153
162,100,149
162,101,147
162,102,148
162,103,146
162,104,144
162,105,146
162,106,149
162,107,147
162,108,143
162,109,144
162,110,147
162,111,145
162,112,142
162,113,136
162,114,138
162,115,137
162,116,133
162,117,134
162,118,138
162,119,143
162,120,147
162,121,144
162,122,158
162,123,167
162,124,160
162,125,154
162,126,162
162,127,178
162,128,171
162,129,169
162,130,164
162,131,160
162,132,157
162,133,156
162,134,156
162,135,150
162,136,147
162,137,141
162,138,145
162,139,145
162,140,142
162,141,138
162,142,137
162,143,144
162,144,165
162,145,164
162,146,150
162,147,132
162,148,125
162,149,123
163,0,12
163,1,12
163,2,12
163,3,12
163,4,13
163,5,13
163,6,13
163,7,13
163,8,14
163,9,15
163,10,15
163,11,15
163,12,15
163,13,15
163,14,16
163,15,17
163,16,16
163,17,17
163,18,18
163,19,18
163,20,18
163,21,18
163,22,18
163,23,18
163,24,19
163,25,19
163,26,19
163,27,19
163,28,18
163,29,18
163,30,19
163,31,19
163,32,19
163,33,19
163,34,19
163,35,19
163,36,19
163,37,20
163,38,20
163,39,20
163,40,20
163,41,21
163,42,22
163,43,21
163,44,21
163,45,22
163,46,21
163,47,20
163,48,19
163,49,20
163,50,21
163,51,20
163,52,20
163,53,21
163,54,25
163,55,29
163,56,40
163,57,58
163,58,66
163,59,75
163,60,82
163,61,87
163,62,97
163,63,122
163,64,163
163,65,183
163,66,178
163,67,174
163,68,176
163,69,171
163,70,170
163,71,169
163,72,165
163,73,162
163,74,163
163,75,167
163,76,166
163,77,164
163,78,165
163,79,165
163,80,165
163,81,162
163,82,164
163,83,167
163,84,165
163,85,161
163,86,159
163,87,158
163,88,159
163,89,162
163,90,163
163,91,155
163,92,161
163,93,172
163,94,164
163,95,158
163,96,162
163,97,162
163,98,154
163,99,149
163,100,151
163,101,156
163,102,157
163,103,149
163,104,146
163,105,143
163,106,143
163,107,144
163,108,144
163,109,144
163,110,145
163,111,146
163,112,141
163,113,135
163,114,132
163,115,131
163,116,129
163,117,130
163,118,135
163,119,140
163,120,146
163,121,140
163,122,148
163,123,154
163,124,156
163,125,154
163,126,157
163,127,174
163,128,176
163,129,162
163,130,154
163,131,153
163,132,151
163,133,153
163,134,160
163,135,162
163,136,145
163,137,127
163,138,127
163,139,138
163,140,143
163,141,142
163,142,139
163,143,140
163,144,148
163,145,152
163,146,141
163,147,124
163,148,121
163,149,125
164,0,12
164,1,12
164,2,12
164,3,12
164,4,12
164,5,13
164,6,13
164,7,13
164,8,14
164,9,14
164,10,14
164,11,14
164,12,14
164,13,15
164,14,15
164,15,16
164,16,16
164,17,17
164,18,18
164,19,18
164,20,18
164,21,18
164,22,18
164,23,18
164,24,19
164,25,19
164,26,19
164,27,19
164,28,18
164,29,18
164,30,18
164,31,18
164,32,19
164,33,19
164,34,19
164,35,19
164,36,19
164,37,19
164,38,20
164,39,20
164,40,19
164,41,20
164,42,21
164,43,20
164,44,20
164,45,21
164,46,21
164,47,20
164,48,19
164,49,19
164,50,20
164,51,19
164,52,18
164,53,21
164,54,31
164,55,39
164,56,52
164,57,62
164,58,74
164,59,87
164,60,96
164,61,103
164,62,113
164,63,138
164,64,176
164,65,179
164,66,172
164,67,178
164,68,182
164,69,172
164,70,170
164,71,172
164,72,167
164,73,164
164,74,171
164,75,173
164,76,169
164,77,169
164,78,172
164,79,167
164,80,170
164,81,167
164,82,165
164,83,166
164,84,166
164,85,164
164,86,162
164,87,163
164,88,165
164,89,161
164,90,160
164,91,154
164,92,157
164,93,160
164,94,151
164,95,150
164,96,161
164,97,158
164,98,152
164,99,150
164,100,153
164,101,160
164,102,161
164,103,150
164,104,145
164,105,143
164,106,140
164,107,138
164,108,137
164,109,139
164,110,143
164,111,146
164,112,141
164,113,134
164,114,126
164,115,127
164,116,131
164,117,131
164,118,131
164,119,132
164,120,136
164,121,138
164,122,145
164,123,143
164,124,143
164,125,148
164,126,154
164,127,171
164,128,174
164,129,157
164,130,156
164,131,151
164,132,155
164,133,167
164,134,165
164,135,168
164,136,155
164,137,136
164,138,130
164,139,144
164,140,150
164,141,148
164,142,147
164,143,141
164,144,135
164,145,141
164,146,136
164,147,126
164,148,126
164,149,131
165,0,13
165,1,13
165,2,12
165,3,12
165,4,12
165,5,12
165,6,13
165,7,13
165,8,14
165,9,13
165,10,14
165,11,14
165,12,14
165,13,14
165,14,15
165,15,16
165,16,17
165,17,17
165,18,17
165,19,18
165,20,18
165,21,18
165,22,18
165,23,18
165,24,19
165,25,18
165,26,19
165,27,19
165,28,18
165,29,18
165,30,19
165,31,18
165,32,18
165,33,18
165,34,18
165,35,19
165,36,19
165,37,19
165,38,19
165,39,19
165,40,19
165,41,20
165,42,20
165,43,19
165,44,19
165,45,20
165,46,21
165,47,21
165,48,21
165,49,20
165,50,21
165,51,22
165,52,21
165,53,27
165,54,41
165,55,52
165,56,62
165,57,72
165,58,84
165,59,96
165,60,103
165,61,107
165,62,122
165,63,169
165,64,183
165,65,187
165,66,189
165,67,198
165,68,198
165,69,187
165,70,183
165,71,180
165,72,170
165,73,169
165,74,182
165,75,187
165,76,183
165,77,184
165,78,190
165,79,189
165,80,181
165,81,182
165,82,179
165,83,174
165,84,172
165,85,168
165,86,167
165,87,171
165,88,167
165,89,159
165,90,160
165,91,162
165,92,161
165,93,155
165,94,150
165,95,157
165,96,157
165,97,156
165,98,155
165,99,156
165,100,153
165,101,154
165,102,154
165,103,145
165,104,135
165,105,136
165,106,136
165,107,133
165,108,134
165,109,140
165,110,143
165,111,142
165,112,135
165,113,133
165,114,126
165,115,127
165,116,132
165,117,128
165,118,125
165,119,126
165,120,130
165,121,134
165,122,138
165,123,135
165,124,138
165,125,147
165,126,153
165,127,161
165,128,162
165,129,162
165,130,164
165,131,163
165,132,168
165,133,174
165,134,167
165,135,162
165,136,162
165,137,156
165,138,153
165,139,161
165,140,160
165,141,153
165,142,150
165,143,142
165,144,134
165,145,136
165,146,135
165,147,135
165,148,138
165,149,140
166,0,12
166,1,12
166,2,12
166,3,12
166,4,12
166,5,13
166,6,13
166,7,13
166,8,14
166,9,13
166,10,14
166,11,15
166,12,15
166,13,14
166,14,15
166,15,17
166,16,17
166,17,17
166,18,17
166,19,17
166,20,18
166,21,18
166,22,18
166,23,18
166,24,18
166,25,17
166,26,19
166,27,19
166,28,18
166,29,18
166,30,19
166,31,18
166,32,19
166,33,19
166,34,19
166,35,19
166,36,19
166,37,19
166,38,19
166,39,19
166,40,20
166,41,21
166,42,21
166,43,19
166,44,19
166,45,20
166,46,21
166,47,21
166,48,22
166,49,20
166,50,22
166,51,27
166,52,32
166,53,41
166,54,57
166,55,69
166,56,72
166,57,89
166,58,100
166,59,103
166,60,108
166,61,107
166,62,130
166,63,200
166,64,216
166,65,208
166,66,212
166,67,206
166,68,202
166,69,206
166,70,198
166,71,193
166,72,183
166,73,182
166,74,193
166,75,198
166,76,202
166,77,204
166,78,207
166,79,208
166,80,203
166,81,207
166,82,198
166,83,186
166,84,181
166,85,176
166,86,172
166,87,176
166,88,170
166,89,163
166,90,163
166,91,166
166,92,161
166,93,154
166,94,154
166,95,160
166,96,157
166,97,152
166,98,152
166,99,157
166,100,156
166,101,154
166,102,150
166,103,138
166,104,133
166,105,134
166,106,136
166,107,137
166,108,140
166,109,146
166,110,147
166,111,142
166,112,135
166,113,134
166,114,131
166,115,132
166,116,130
166,117,125
166,118,126
166,119,128
166,120,127
166,121,132
166,122,140
166,123,143
166,124,140
166,125,141
166,126,144
166,127,148
166,128,156
166,129,169
166,130,164
166,131,167
166,132,172
166,133,165
166,134,164
166,135,157
166,136,157
166,137,162
166,138,165
166,139,167
166,140,163
166,141,156
166,142,151
166,143,148
166,144,142
166,145,140
166,146,139
166,147,143
166,148,147
166,149,147
167,0,12
167,1,12
167,2,12
167,3,12
167,4,12
167,5,13
167,6,13
167,7,14
167,8,14
167,9,14
167,10,14
167,11,15
167,12,15
167,13,14
167,14,15
167,15,17
167,16,17
167,17,17
167,18,17
167,19,17
167,20,18
167,21,18
167,22,18
167,23,18
167,24,17
167,25,16
167,26,18
167,27,20
167,28,18
167,29,19
167,30,20
167,31,19
167,32,19
167,33,19
167,34,19
167,35,19
167,36,19
167,37,19
167,38,19
167,39,20
167,40,21
167,41,22
167,42,21
167,43,20
167,44,19
167,45,20
167,46,22
167,47,22
167,48,21
167,49,19
167,50,24
167,51,33
167,52,42
167,53,54
167,54,72
167,55,84
167,56,89
167,57,96
167,58,104
167,59,110
167,60,113
167,61,108
167,62,114
167,63,162
167,64,182
167,65,174
167,66,160
167,67,157
167,68,156
167,69,172
167,70,203
167,71,209
167,72,194
167,73,200
167,74,209
167,75,202
167,76,199
167,77,194
167,78,196
167,79,201
167,80,219
167,81,220
167,82,204
167,83,188
167,84,190
167,85,189
167,86,183
167,87,185
167,88,178
167,89,172
167,90,167
167,91,165
167,92,160
167,93,158
167,94,161
167,95,162
167,96,154
167,97,149
167,98,151
167,99,159
167,100,157
167,101,153
167,102,151
167,103,142
167,104,136
167,105,136
167,106,140
167,107,142
167,108,139
167,109,141
167,110,145
167,111,144
167,112,143
167,113,139
167,114,134
167,115,135
167,116,131
167,117,128
167,118,132
167,119,131
167,120,128
167,121,130
167,122,139
167,123,145
167,124,138
167,125,133
167,126,141
167,127,148
167,128,156
167,129,168
167,130,163
167,131,162
167,132,169
167,133,164
167,134,155
167,135,150
167,136,159
167,137,161
167,138,165
167,139,162
167,140,159
167,141,153
167,142,147
167,143,152
167,144,152
167,145,149
167,146,145
167,147,146
167,148,149
167,149,149
168,0,13
168,1,13
168,2,13
168,3,13
168,4,13
168,5,13
168,6,14
168,7,14
168,8,13
168,9,14
168,10,15
168,11,15
168,12,14
168,13,14
168,14,15
168,15,16
168,16,17
168,17,17
168,18,17
168,19,17
168,20,17
168,21,17
168,22,17
168,23,18
168,24,19
168,25,19
168,26,19
168,27,20
168,28,20
168,29,20
168,30,19
168,31,19
168,32,16
168,33,19
168,34,20
168,35,19
168,36,19
168,37,20
168,38,20
168,39,18
168,40,17
168,41,20
168,42,22
168,43,22
168,44,20
168,45,19
168,46,20
168,47,22
168,48,18
168,49,29
168,50,41
168,51,49
168,52,58
168,53,66
168,54,79
168,55,92
168,56,100
168,57,106
168,58,111
168,59,114
168,60,114
168,61,113
168,62,109
168,63,105
168,64,106
168,65,110
168,66,112
168,67,123
168,68,117
168,69,132
168,70,188
168,71,196
168,72,191
168,73,216
168,74,206
168,75,188
168,76,187
168,77,200
168,78,204
168,79,193
168,80,213
168,81,231
168,82,205
168,83,152
168,84,147
168,85,167
168,86,186
168,87,191
168,88,185
168,89,188
168,90,176
168,91,164
168,92,166
168,93,167
168,94,165
168,95,164
168,96,157
168,97,157
168,98,158
168,99,160
168,100,159
168,101,157
168,102,154
168,103,150
168,104,145
168,105,144
168,106,142
168,107,142
168,108,141
168,109,141
168,110,142
168,111,143
168,112,141
168,113,139
168,114,137
168,115,130
168,116,129
168,117,136
168,118,135
168,119,130
168,120,127
168,121,129
168,122,131
168,123,133
168,124,138
168,125,141
168,126,148
168,127,157
168,128,153
168,129,164
168,130,171
168,131,169
168,132,164
168,133,161
168,134,160
168,135,160
168,136,162
168,137,164
168,138,163
168,139,158
168,140,150
168,141,145
168,142,146
168,143,149
168,144,151
168,145,149
168,146,148
168,147,148
168,148,151
168,149,153
169,0,13
169,1,13
169,2,12
169,3,12
169,4,12
169,5,13
169,6,13
169,7,13
169,8,13
169,9,14
169,10,15
169,11,15
169,12,14
169,13,14
169,14,15
169,15,16
169,16,16
169,17,17
169,18,17
169,19,17
169,20,17
169,21,17
169,22,17
169,23,18
169,24,18
169,25,19
169,26,19
169,27,19
169,28,19
169,29,19
169,30,19
169,31,19
169,32,21
169,33,21
169,34,19
169,35,18
169,36,17
169,37,19
169,38,22
169,39,23
169,40,25
169,41,22
169,42,21
169,43,20
169,44,20
169,45,20
169,46,21
169,47,23
169,48,28
169,49,39
169,50,52
169,51,62
169,52,69
169,53,74
169,54,85
169,55,98
169,56,109
169,57,109
169,58,111
169,59,113
169,60,113
169,61,113
169,62,113
169,63,114
169,64,118
169,65,117
169,66,115
169,67,122
169,68,117
169,69,126
169,70,182
169,71,194
169,72,186
169,73,198
169,74,209
169,75,199
169,76,190
169,77,213
169,78,217
169,79,204
169,80,216
169,81,227
169,82,220
169,83,169
169,84,149
169,85,167
169,86,180
169,87,188
169,88,185
169,89,186
169,90,193
169,91,191
169,92,185
169,93,183
169,94,178
169,95,173
169,96,168
169,97,167
169,98,166
169,99,163
169,100,160
169,101,157
169,102,153
169,103,151
169,104,149
169,105,146
169,106,144
169,107,144
169,108,144
169,109,141
169,110,139
169,111,137
169,112,138
169,113,136
169,114,135
169,115,130
169,116,127
169,117,130
169,118,127
169,119,124
169,120,128
169,121,130
169,122,131
169,123,134
169,124,137
169,125,138
169,126,143
169,127,149
169,128,154
169,129,165
169,130,173
169,131,172
169,132,165
169,133,163
169,134,163
169,135,163
169,136,164
169,137,163
169,138,159
169,139,154
169,140,148
169,141,144
169,142,143
169,143,143
169,144,147
169,145,148
169,146,149
169,147,149
169,148,150
169,149,152
170,0,12
170,1,12
170,2,12
170,3,12
170,4,12
170,5,12
170,6,13
170,7,13
170,8,13
170,9,14
170,10,15
170,11,15
170,12,14
170,13,15
170,14,15
170,15,16
170,16,16
170,17,17
170,18,17
170,19,17
170,20,17
170,21,17
170,22,18
170,23,18
170,24,18
170,25,18
170,26,18
170,27,19
170,28,19
170,29,19
170,30,19
170,31,19
170,32,17
170,33,18
170,34,18
170,35,19
170,36,19
170,37,19
170,38,19
170,39,20
170,40,21
170,41,20
170,42,21
170,43,21
170,44,20
170,45,18
170,46,21
170,47,26
170,48,40
170,49,49
170,50,63
170,51,78
170,52,86
170,53,90
170,54,98
170,55,108
170,56,111
170,57,110
170,58,112
170,59,115
170,60,116
170,61,115
170,62,117
170,63,119
170,64,118
170,65,117
170,66,116
170,67,122
170,68,119
170,69,121
170,70,176
170,71,198
170,72,178
170,73,197
170,74,212
170,75,206
170,76,194
170,77,206
170,78,206
170,79,191
170,80,209
170,81,223
170,82,232
170,83,190
170,84,164
170,85,174
170,86,178
170,87,181
170,88,178
170,89,174
170,90,189
170,91,193
170,92,190
170,93,193
170,94,190
170,95,190
170,96,189
170,97,187
170,98,178
170,99,170
170,100,166
170,101,161
170,102,156
170,103,156
170,104,152
170,105,147
170,106,143
170,107,144
170,108,144
170,109,141
170,110,137
170,111,134
170,112,139
170,113,137
170,114,138
170,115,133
170,116,126
170,117,124
170,118,122
170,119,122
170,120,126
170,121,126
170,122,127
170,123,129
170,124,131
170,125,133
170,126,136
170,127,142
170,128,146
170,129,158
170,130,172
170,131,175
170,132,169
170,133,166
170,134,165
170,135,162
170,136,160
170,137,159
170,138,156
170,139,152
170,140,149
170,141,144
170,142,137
170,143,131
170,144,134
170,145,140
170,146,146
170,147,149
170,148,149
170,149,150
171,0,12
171,1,12
171,2,12
171,3,12
171,4,12
171,5,13
171,6,13
171,7,13
171,8,14
171,9,14
171,10,15
171,11,15
171,12,15
171,13,15
171,14,16
171,15,16
171,16,16
171,17,17
171,18,17
171,19,17
171,20,17
171,21,17
171,22,18
171,23,18
171,24,17
171,25,18
171,26,18
171,27,19
171,28,19
171,29,19
171,30,19
171,31,19
171,32,19
171,33,18
171,34,18
171,35,19
171,36,19
171,37,18
171,38,19
171,39,21
171,40,20
171,41,19
171,42,19
171,43,21
171,44,21
171,45,23
171,46,33
171,47,44
171,48,54
171,49,60
171,50,73
171,51,89
171,52,100
171,53,105
171,54,109
171,55,113
171,56,111
171,57,111
171,58,113
171,59,116
171,60,117
171,61,117
171,62,117
171,63,118
171,64,117
171,65,117
171,66,119
171,67,123
171,68,121
171,69,117
171,70,170
171,71,204
171,72,190
171,73,195
171,74,190
171,75,184
171,76,189
171,77,205
171,78,198
171,79,177
171,80,196
171,81,218
171,82,227
171,83,194
171,84,170
171,85,176
171,86,177
171,87,174
171,88,173
171,89,173
171,90,179
171,91,179
171,92,180
171,93,183
171,94,184
171,95,191
171,96,203
171,97,201
171,98,192
171,99,184
171,100,183
171,101,178
171,102,171
171,103,170
171,104,159
171,105,151
171,106,144
171,107,142
171,108,141
171,109,139
171,110,136
171,111,136
171,112,137
171,113,136
171,114,138
171,115,133
171,116,126
171,117,125
171,118,126
171,119,129
171,120,128
171,121,126
171,122,126
171,123,127
171,124,129
171,125,131
171,126,136
171,127,141
171,128,147
171,129,157
171,130,170
171,131,173
171,132,167
171,133,164
171,134,163
171,135,159
171,136,156
171,137,155
171,138,153
171,139,151
171,140,149
171,141,145
171,142,135
171,143,126
171,144,123
171,145,132
171,146,142
171,147,149
171,148,152
171,149,155
172,0,13
172,1,13
172,2,12
172,3,12
172,4,13
172,5,13
172,6,13
172,7,13
172,8,14
172,9,14
172,10,15
172,11,15
172,12,15
172,13,15
172,14,16
172,15,16
172,16,16
172,17,17
172,18,17
172,19,18
172,20,18
172,21,18
172,22,18
172,23,18
172,24,17
172,25,17
172,26,18
172,27,19
172,28,19
172,29,19
172,30,19
172,31,19
172,32,22
172,33,21
172,34,20
172,35,21
172,36,20
172,37,19
172,38,20
172,39,22
172,40,21
172,41,20
172,42,23
172,43,30
172,44,36
172,45,43
172,46,53
172,47,62
172,48,69
172,49,75
172,50,86
172,51,97
172,52,105
172,53,111
172,54,112
172,55,112
172,56,113
172,57,114
172,58,114
172,59,113
172,60,113
172,61,115
172,62,117
172,63,118
172,64,122
172,65,120
172,66,121
172,67,122
172,68,122
172,69,118
172,70,163
172,71,208
172,72,198
172,73,184
172,74,194
172,75,190
172,76,188
172,77,207
172,78,191
172,79,174
172,80,186
172,81,209
172,82,228
172,83,204
172,84,174
172,85,173
172,86,170
172,87,167
172,88,169
172,89,180
172,90,183
172,91,178
172,92,174
172,93,172
172,94,177
172,95,186
172,96,196
172,97,199
172,98,196
172,99,193
172,100,194
172,101,191
172,102,185
172,103,184
172,104,171
172,105,162
172,106,152
172,107,145
172,108,142
172,109,141
172,110,142
172,111,143
172,112,141
172,113,139
172,114,138
172,115,132
172,116,128
172,117,130
172,118,130
172,119,130
172,120,130
172,121,127
172,122,125
172,123,126
172,124,126
172,125,129
172,126,135
172,127,140
172,128,148
172,129,156
172,130,168
172,131,172
172,132,169
172,133,166
172,134,163
172,135,159
172,136,155
172,137,153
172,138,149
172,139,147
172,140,146
172,141,145
172,142,140
172,143,134
172,144,128
172,145,136
172,146,144
172,147,149
172,148,153
172,149,156
173,0,13
173,1,13
173,2,13
173,3,12
173,4,13
173,5,13
173,6,13
173,7,14
173,8,14
173,9,14
173,10,14
173,11,15
173,12,15
173,13,15
173,14,16
173,15,16
173,16,16
173,17,17
173,18,18
173,19,18
173,20,18
173,21,18
173,22,18
173,23,18
173,24,17
173,25,18
173,26,18
173,27,19
173,28,19
173,29,19
173,30,19
173,31,19
173,32,20
173,33,19
173,34,20
173,35,20
173,36,20
173,37,20
173,38,21
173,39,22
173,40,21
173,41,25
173,42,35
173,43,46
173,44,54
173,45,60
173,46,69
173,47,77
173,48,82
173,49,89
173,50,99
173,51,105
173,52,107
173,53,111
173,54,113
173,55,111
173,56,111
173,57,113
173,58,112
173,59,111
173,60,112
173,61,116
173,62,119
173,63,120
173,64,123
173,65,121
173,66,123
173,67,123
173,68,125
173,69,122
173,70,149
173,71,198
173,72,194
173,73,183
173,74,206
173,75,214
173,76,202
173,77,202
173,78,181
173,79,167
173,80,183
173,81,200
173,82,236
173,83,222
173,84,179
173,85,167
173,86,160
173,87,163
173,88,167
173,89,178
173,90,181
173,91,179
173,92,176
173,93,178
173,94,187
173,95,191
173,96,196
173,97,200
173,98,198
173,99,193
173,100,191
173,101,190
173,102,189
173,103,191
173,104,188
173,105,181
173,106,169
173,107,158
173,108,151
173,109,148
173,110,148
173,111,147
173,112,145
173,113,139
173,114,136
173,115,131
173,116,131
173,117,134
173,118,131
173,119,127
173,120,128
173,121,125
173,122,125
173,123,125
173,124,126
173,125,129
173,126,136
173,127,141
173,128,145
173,129,154
173,130,165
173,131,172
173,132,174
173,133,171
173,134,165
173,135,160
173,136,153
173,137,150
173,138,147
173,139,145
173,140,145
173,141,145
173,142,144
173,143,143
173,144,144
173,145,150
173,146,154
173,147,154
173,148,153
173,149,155
174,0,13
174,1,12
174,2,12
174,3,12
174,4,12
174,5,13
174,6,13
174,7,13
174,8,14
174,9,14
174,10,14
174,11,14
174,12,15
174,13,16
174,14,16
174,15,16
174,16,17
174,17,17
174,18,18
174,19,18
174,20,18
174,21,18
174,22,18
174,23,18
174,24,18
174,25,18
174,26,19
174,27,19
174,28,20
174,29,20
174,30,20
174,31,20
174,32,20
174,33,20
174,34,20
174,35,20
174,36,22
174,37,27
174,38,32
174,39,34
174,40,35
174,41,43
174,42,54
174,43,62
174,44,67
174,45,74
174,46,85
174,47,94
174,48,95
174,49,100
174,50,108
174,51,112
174,52,112
174,53,112
174,54,113
174,55,111
174,56,108
174,57,109
174,58,110
174,59,111
174,60,113
174,61,116
174,62,120
174,63,121
174,64,123
174,65,123
174,66,127
174,67,126
174,68,126
174,69,123
174,70,131
174,71,182
174,72,201
174,73,185
174,74,193
174,75,203
174,76,203
174,77,202
174,78,175
174,79,157
174,80,177
174,81,194
174,82,229
174,83,222
174,84,177
174,85,161
174,86,157
174,87,163
174,88,167
174,89,171
174,90,178
174,91,179
174,92,181
174,93,190
174,94,197
174,95,199
174,96,205
174,97,205
174,98,200
174,99,193
174,100,189
174,101,191
174,102,193
174,103,195
174,104,197
174,105,194
174,106,186
174,107,175
174,108,167
174,109,163
174,110,157
174,111,152
174,112,147
174,113,139
174,114,135
174,115,132
174,116,132
174,117,134
174,118,133
174,119,133
174,120,132
174,121,129
174,122,128
174,123,128
174,124,128
174,125,133
174,126,142
174,127,149
174,128,151
174,129,157
174,130,163
174,131,168
174,132,174
174,133,172
174,134,163
174,135,159
174,136,153
174,137,150
174,138,147
174,139,148
174,140,147
174,141,145
174,142,144
174,143,145
174,144,152
174,145,159
174,146,161
174,147,156
174,148,148
174,149,146
175,0,12
175,1,12
175,2,12
175,3,12
175,4,12
175,5,12
175,6,13
175,7,13
175,8,14
175,9,14
175,10,14
175,11,14
175,12,15
175,13,16
175,14,16
175,15,16
175,16,17
175,17,17
175,18,18
175,19,18
175,20,18
175,21,18
175,22,18
175,23,18
175,24,18
175,25,19
175,26,19
175,27,20
175,28,20
175,29,20
175,30,20
175,31,20
175,32,19
175,33,23
175,34,27
175,35,30
175,36,35
175,37,41
175,38,45
175,39,47
175,40,54
175,41,61
175,42,70
175,43,78
175,44,85
175,45,91
175,46,98
175,47,103
175,48,106
175,49,107
175,50,113
175,51,118
175,52,116
175,53,114
175,54,112
175,55,110
175,56,110
175,57,109
175,58,108
175,59,110
175,60,111
175,61,113
175,62,117
175,63,121
175,64,119
175,65,122
175,66,129
175,67,127
175,68,125
175,69,125
175,70,127
175,71,181
175,72,202
175,73,187
175,74,203
175,75,199
175,76,190
175,77,191
175,78,156
175,79,142
175,80,168
175,81,193
175,82,219
175,83,219
175,84,184
175,85,166
175,86,162
175,87,164
175,88,162
175,89,167
175,90,182
175,91,185
175,92,191
175,93,199
175,94,200
175,95,205
175,96,203
175,97,200
175,98,195
175,99,190
175,100,190
175,101,194
175,102,196
175,103,194
175,104,187
175,105,190
175,106,189
175,107,185
175,108,183
175,109,182
175,110,175
175,111,167
175,112,162
175,113,152
175,114,147
175,115,142
175,116,136
175,117,134
175,118,136
175,119,141
175,120,137
175,121,132
175,122,130
175,123,128
175,124,127
175,125,132
175,126,143
175,127,151
175,128,150
175,129,157
175,130,163
175,131,171
175,132,180
175,133,176
175,134,164
175,135,159
175,136,156
175,137,151
175,138,148
175,139,149
175,140,147
175,141,144
175,142,142
175,143,143
175,144,152
175,145,160
175,146,161
175,147,149
175,148,132
175,149,123
176,0,12
176,1,12
176,2,13
176,3,13
176,4,13
176,5,13
176,6,13
176,7,13
176,8,13
176,9,14
176,10,15
176,11,15
176,12,15
176,13,15
176,14,15
176,15,16
176,16,16
176,17,18
176,18,17
176,19,19
176,20,18
176,21,16
176,22,19
176,23,18
176,24,17
176,25,19
176,26,20
176,27,20
176,28,20
176,29,19
176,30,19
176,31,19
176,32,27
176,33,35
176,34,42
176,35,49
176,36,58
176,37,61
176,38,62
176,39,66
176,40,72
176,41,78
176,42,91
176,43,102
176,44,106
176,45,108
176,46,113
176,47,116
176,48,114
176,49,118
176,50,117
176,51,117
176,52,116
176,53,113
176,54,115
176,55,112
176,56,111
176,57,110
176,58,109
176,59,108
176,60,109
176,61,113
176,62,118
176,63,122
176,64,122
176,65,126
176,66,130
176,67,130
176,68,127
176,69,126
176,70,127
176,71,168
176,72,196
176,73,189
176,74,185
176,75,191
176,76,190
176,77,180
176,78,91
176,79,132
176,80,163
176,81,180
176,82,211
176,83,221
176,84,181
176,85,167
176,86,166
176,87,171
176,88,173
176,89,181
176,90,189
176,91,194
176,92,198
176,93,199
176,94,198
176,95,196
176,96,192
176,97,192
176,98,189
176,99,188
176,100,191
176,101,194
176,102,195
176,103,192
176,104,183
176,105,182
176,106,190
176,107,190
176,108,178
176,109,173
176,110,179
176,111,184
176,112,183
176,113,183
176,114,172
176,115,164
176,116,159
176,117,158
176,118,161
176,119,157
176,120,148
176,121,148
176,122,142
176,123,135
176,124,134
176,125,138
176,126,145
176,127,149
176,128,152
176,129,155
176,130,161
176,131,172
176,132,182
176,133,182
176,134,172
176,135,163
176,136,158
176,137,152
176,138,152
176,139,149
176,140,147
176,141,147
176,142,145
176,143,143
176,144,151
176,145,158
176,146,151
176,147,131
176,148,102
176,149,89
177,0,12
177,1,12
177,2,12
177,3,13
177,4,13
177,5,13
177,6,13
177,7,13
177,8,13
177,9,14
177,10,15
177,11,15
177,12,15
177,13,15
177,14,16
177,15,16
177,16,16
177,17,18
177,18,17
177,19,19
177,20,19
177,21,17
177,22,19
177,23,18
177,24,20
177,25,21
177,26,22
177,27,21
177,28,19
177,29,20
177,30,24
177,31,28
177,32,41
177,33,49
177,34,54
177,35,61
177,36,74
177,37,81
177,38,81
177,39,81
177,40,93
177,41,96
177,42,104
177,43,114
177,44,120
177,45,123
177,46,123
177,47,121
177,48,117
177,49,119
177,50,117
177,51,118
177,52,117
177,53,115
177,54,115
177,55,112
177,56,110
177,57,110
177,58,110
177,59,111
177,60,112
177,61,115
177,62,119
177,63,122
177,64,124
177,65,126
177,66,128
177,67,128
177,68,127
177,69,128
177,70,127
177,71,163
177,72,199
177,73,175
177,74,182
177,75,192
177,76,202
177,77,156
177,78,42
177,79,129
177,80,164
177,81,181
177,82,209
177,83,223
177,84,184
177,85,165
177,86,174
177,87,178
177,88,187
177,89,191
177,90,195
177,91,195
177,92,191
177,93,189
177,94,188
177,95,188
177,96,191
177,97,191
177,98,190
177,99,189
177,100,190
177,101,192
177,102,190
177,103,186
177,104,183
177,105,173
177,106,179
177,107,190
177,108,193
177,109,176
177,110,156
177,111,161
177,112,174
177,113,177
177,114,186
177,115,191
177,116,192
177,117,200
177,118,202
177,119,183
177,120,175
177,121,161
177,122,152
177,123,149
177,124,145
177,125,146
177,126,151
177,127,151
177,128,162
177,129,162
177,130,163
177,131,174
177,132,192
177,133,196
177,134,182
177,135,166
177,136,161
177,137,155
177,138,154
177,139,151
177,140,149
177,141,151
177,142,151
177,143,151
177,144,157
177,145,159
177,146,140
177,147,103
177,148,57
177,149,52
178,0,12
178,1,12
178,2,12
178,3,12
178,4,13
178,5,13
178,6,13
178,7,13
178,8,13
178,9,14
178,10,14
178,11,15
178,12,15
178,13,15
178,14,16
178,15,16
178,16,17
178,17,18
178,18,17
178,19,19
178,20,20
178,21,19
178,22,20
178,23,18
178,24,19
178,25,18
178,26,18
178,27,19
178,28,20
178,29,23
178,30,32
178,31,40
178,32,54
178,33,64
178,34,70
178,35,75
178,36,87
178,37,98
178,38,99
178,39,96
178,40,107
178,41,107
178,42,111
178,43,117
178,44,122
178,45,126
178,46,125
178,47,120
178,48,120
178,49,120
178,50,118
178,51,118
178,52,118
178,53,117
178,54,117
178,55,114
178,56,109
178,57,111
178,58,112
178,59,114
178,60,115
178,61,117
178,62,120
178,63,122
178,64,125
178,65,127
178,66,126
178,67,126
178,68,127
178,69,129
178,70,126
178,71,157
178,72,189
178,73,183
178,74,183
178,75,197
178,76,195
178,77,119
178,78,52
178,79,141
178,80,170
178,81,185
178,82,199
178,83,216
178,84,200
178,85,175
178,86,182
178,87,189
178,88,191
178,89,195
178,90,197
178,91,191
178,92,182
178,93,176
178,94,179
178,95,185
178,96,189
178,97,191
178,98,191
178,99,191
178,100,192
178,101,191
178,102,186
178,103,181
178,104,176
178,105,166
178,106,171
178,107,182
178,108,198
178,109,189
178,110,154
178,111,142
178,112,142
178,113,148
178,114,161
178,115,171
178,116,195
178,117,211
178,118,214
178,119,206
178,120,189
178,121,180
178,122,172
178,123,164
178,124,158
178,125,163
178,126,167
178,127,162
178,128,169
178,129,176
178,130,184
178,131,194
178,132,205
178,133,209
178,134,193
178,135,172
178,136,161
178,137,158
178,138,157
178,139,153
178,140,151
178,141,154
178,142,155
178,143,156
178,144,155
178,145,155
178,146,132
178,147,87
178,148,36
178,149,45
179,0,13
179,1,12
179,2,12
179,3,12
179,4,12
179,5,12
179,6,13
179,7,13
179,8,13
179,9,14
179,10,14
179,11,15
179,12,15
179,13,15
179,14,16
179,15,17
179,16,18
179,17,18
179,18,17
179,19,19
179,20,20
179,21,19
179,22,19
179,23,18
179,24,20
179,25,19
179,26,21
179,27,26
179,28,33
179,29,40
179,30,50
179,31,58
179,32,67
179,33,79
179,34,87
179,35,92
179,36,100
179,37,109
179,38,112
179,39,113
179,40,118
179,41,119
179,42,122
179,43,124
179,44,124
179,45,127
179,46,129
179,47,127
179,48,122
179,49,121
179,50,120
179,51,119
179,52,119
179,53,119
179,54,118
179,55,117
179,56,111
179,57,112
179,58,114
179,59,115
179,60,116
179,61,117
179,62,119
179,63,120
179,64,124
179,65,126
179,66,125
179,67,125
179,68,126
179,69,130
179,70,126
179,71,152
179,72,183
179,73,178
179,74,184
179,75,197
179,76,183
179,77,132
179,78,115
179,79,148
179,80,173
179,81,174
179,82,186
179,83,210
179,84,208
179,85,186
179,86,192
179,87,189
179,88,192
179,89,192
179,90,192
179,91,189
179,92,182
179,93,178
179,94,181
179,95,186
179,96,189
179,97,191
179,98,193
179,99,193
179,100,192
179,101,190
179,102,184
179,103,179
179,104,169
179,105,165
179,106,169
179,107,174
179,108,190
179,109,199
179,110,177
179,111,153
179,112,147
179,113,139
179,114,134
179,115,134
179,116,161
179,117,173
179,118,178
179,119,188
179,120,201
179,121,200
179,122,198
179,123,194
179,124,192
179,125,191
179,126,187
179,127,187
179,128,190
179,129,193
179,130,201
179,131,205
179,132,207
179,133,212
179,134,201
179,135,176
179,136,159
179,137,159
179,138,158
179,139,156
179,140,154
179,141,155
179,142,155
179,143,155
179,144,158
179,145,157
179,146,141
179,147,99
179,148,57
179,149,67
180,0,13
180,1,13
180,2,13
180,3,12
180,4,12
180,5,12
180,6,13
180,7,13
180,8,13
180,9,14
180,10,14
180,11,14
180,12,15
180,13,15
180,14,16
180,15,17
180,16,19
180,17,18
180,18,18
180,19,18
180,20,19
180,21,20
180,22,18
180,23,18
180,24,18
180,25,20
180,26,28
180,27,38
180,28,47
180,29,55
180,30,64
180,31,72
180,32,80
180,33,90
180,34,100
180,35,106
180,36,111
180,37,116
180,38,120
180,39,122
180,40,119
180,41,123
180,42,127
180,43,127
180,44,124
180,45,125
180,46,127
180,47,127
180,48,122
180,49,121
180,50,121
180,51,120
180,52,119
180,53,119
180,54,119
180,55,120
180,56,115
180,57,116
180,58,116
180,59,117
180,60,116
180,61,117
180,62,118
180,63,119
180,64,121
180,65,125
180,66,124
180,67,125
180,68,126
180,69,130
180,70,127
180,71,151
180,72,183
180,73,179
180,74,186
180,75,188
180,76,162
180,77,137
180,78,154
180,79,152
180,80,151
180,81,162
180,82,173
180,83,196
180,84,216
180,85,193
180,86,185
180,87,192
180,88,192
180,89,188
180,90,186
180,91,188
180,92,190
180,93,189
180,94,188
180,95,188
180,96,190
180,97,191
180,98,192
180,99,191
180,100,188
180,101,184
180,102,179
180,103,175
180,104,169
180,105,167
180,106,169
180,107,175
180,108,183
180,109,193
180,110,194
180,111,181
180,112,158
180,113,139
180,114,136
180,115,139
180,116,149
180,117,153
180,118,156
180,119,160
180,120,173
180,121,175
180,122,181
180,123,182
180,124,188
180,125,192
180,126,190
180,127,190
180,128,185
180,129,179
180,130,185
180,131,195
180,132,204
180,133,217
180,134,205
180,135,171
180,136,155
180,137,157
180,138,157
180,139,156
180,140,156
180,141,156
180,142,156
180,143,156
180,144,153
180,145,151
180,146,147
180,147,119
180,148,98
180,149,100
181,0,14
181,1,14
181,2,13
181,3,13
181,4,12
181,5,12
181,6,12
181,7,13
181,8,13
181,9,13
181,10,14
181,11,14
181,12,15
181,13,15
181,14,16
181,15,17
181,16,19
181,17,18
181,18,18
181,19,18
181,20,18
181,21,20
181,22,19
181,23,20
181,24,22
181,25,31
181,26,44
181,27,56
181,28,63
181,29,69
181,30,79
181,31,87
181,32,94
181,33,99
181,34,105
181,35,111
181,36,115
181,37,117
181,38,118
181,39,119
181,40,120
181,41,122
181,42,127
181,43,128
181,44,126
181,45,125
181,46,125
181,47,123
181,48,122
181,49,120
181,50,122
181,51,120
181,52,118
181,53,118
181,54,118
181,55,121
181,56,119
181,57,119
181,58,119
181,59,118
181,60,117
181,61,117
181,62,118
181,63,119
181,64,119
181,65,124
181,66,124
181,67,127
181,68,126
181,69,129
181,70,127
181,71,149
181,72,176
181,73,178
181,74,192
181,75,170
181,76,145
181,77,135
181,78,138
181,79,145
181,80,140
181,81,150
181,82,168
181,83,194
181,84,215
181,85,196
181,86,179
181,87,178
181,88,178
181,89,179
181,90,181
181,91,185
181,92,189
181,93,190
181,94,190
181,95,190
181,96,190
181,97,189
181,98,188
181,99,185
181,100,181
181,101,177
181,102,172
181,103,168
181,104,169
181,105,173
181,106,173
181,107,178
181,108,180
181,109,182
181,110,192
181,111,196
181,112,182
181,113,160
181,114,148
181,115,147
181,116,144
181,117,148
181,118,154
181,119,156
181,120,154
181,121,158
181,122,169
181,123,167
181,124,163
181,125,168
181,126,167
181,127,163
181,128,166
181,129,164
181,130,178
181,131,195
181,132,204
181,133,210
181,134,194
181,135,160
181,136,148
181,137,152
181,138,151
181,139,152
181,140,153
181,141,155
181,142,157
181,143,157
181,144,154
181,145,151
181,146,153
181,147,140
181,148,135
181,149,130
182,0,15
182,1,15
182,2,14
182,3,13
182,4,12
182,5,12
182,6,12
182,7,13
182,8,13
182,9,13
182,10,14
182,11,14
182,12,14
182,13,15
182,14,17
182,15,18
182,16,19
182,17,17
182,18,19
182,19,18
182,20,18
182,21,21
182,22,20
182,23,23
182,24,37
182,25,48
182,26,63
182,27,73
182,28,79
182,29,85
182,30,94
182,31,101
182,32,104
182,33,106
182,34,110
182,35,113
182,36,116
182,37,116
182,38,116
182,39,115
182,40,119
182,41,118
182,42,122
182,43,125
182,44,124
182,45,123
182,46,123
182,47,121
182,48,122
182,49,120
182,50,121
182,51,119
182,52,118
182,53,119
182,54,117
182,55,120
182,56,121
182,57,121
182,58,120
182,59,118
182,60,117
182,61,117
182,62,118
182,63,120
182,64,120
182,65,125
182,66,124
182,67,128
182,68,127
182,69,129
182,70,127
182,71,148
182,72,178
182,73,185
182,74,168
182,75,147
182,76,139
182,77,133
182,78,136
182,79,138
182,80,143
182,81,161
182,82,167
182,83,188
182,84,218
182,85,198
182,86,166
182,87,163
182,88,164
182,89,169
182,90,175
182,91,180
182,92,183
182,93,187
182,94,190
182,95,191
182,96,189
182,97,188
182,98,186
182,99,182
182,100,177
182,101,171
182,102,167
182,103,165
182,104,169
182,105,176
182,106,177
182,107,177
182,108,177
182,109,180
182,110,187
182,111,193
182,112,196
182,113,182
182,114,157
182,115,151
182,116,148
182,117,150
182,118,151
182,119,158
182,120,153
182,121,155
182,122,176
182,123,188
182,124,183
182,125,176
182,126,173
182,127,179
182,128,190
182,129,194
182,130,203
182,131,208
182,132,201
182,133,186
182,134,162
182,135,138
182,136,142
182,137,147
182,138,146
182,139,147
182,140,151
182,141,154
182,142,157
182,143,157
182,144,155
182,145,153
182,146,154
182,147,153
182,148,153
182,149,149
