y_val,x_val,data_channel
0,0,102
0,1,141
0,2,151
0,3,158
0,4,169
0,5,164
0,6,163
0,7,168
0,8,164
0,9,152
0,10,142
0,11,140
0,12,147
0,13,161
0,14,175
0,15,186
0,16,181
0,17,182
0,18,183
0,19,182
0,20,181
0,21,183
0,22,184
0,23,184
0,24,182
0,25,185
0,26,186
0,27,181
0,28,179
0,29,180
0,30,181
0,31,181
0,32,177
0,33,183
0,34,175
0,35,175
0,36,179
0,37,162
0,38,151
0,39,164
0,40,172
0,41,163
0,42,151
0,43,143
0,44,139
0,45,137
0,46,132
0,47,128
0,48,127
0,49,134
0,50,136
0,51,147
0,52,164
0,53,177
0,54,187
0,55,192
0,56,191
0,57,189
0,58,178
0,59,175
0,60,177
0,61,182
0,62,188
0,63,186
0,64,175
0,65,175
0,66,178
0,67,176
0,68,160
0,69,140
0,70,118
0,71,93
0,72,77
0,73,87
0,74,85
0,75,103
0,76,113
0,77,99
0,78,92
0,79,87
0,80,86
0,81,108
0,82,111
0,83,105
0,84,96
0,85,95
0,86,104
0,87,93
0,88,86
0,89,102
0,90,96
0,91,88
0,92,98
0,93,107
0,94,100
0,95,87
0,96,95
0,97,120
0,98,117
0,99,137
0,100,160
0,101,170
0,102,169
0,103,176
0,104,176
0,105,179
0,106,172
0,107,176
0,108,178
0,109,177
0,110,185
0,111,180
0,112,176
0,113,174
0,114,175
0,115,173
0,116,165
0,117,146
0,118,129
0,119,133
0,120,139
0,121,141
0,122,134
0,123,138
0,124,149
0,125,152
0,126,146
0,127,140
0,128,126
0,129,110
0,130,98
0,131,92
0,132,83
0,133,82
0,134,91
0,135,91
0,136,92
0,137,94
0,138,79
0,139,73
0,140,83
0,141,104
0,142,138
0,143,177
0,144,190
0,145,187
0,146,180
0,147,180
0,148,176
0,149,186
1,0,71
1,1,90
1,2,117
1,3,139
1,4,158
1,5,161
1,6,149
1,7,147
1,8,158
1,9,156
1,10,148
1,11,138
1,12,134
1,13,141
1,14,153
1,15,159
1,16,163
1,17,170
1,18,177
1,19,178
1,20,174
1,21,176
1,22,183
1,23,187
1,24,187
1,25,183
1,26,182
1,27,182
1,28,179
1,29,177
1,30,176
1,31,175
1,32,178
1,33,176
1,34,167
1,35,160
1,36,136
1,37,113
1,38,133
1,39,164
1,40,165
1,41,166
1,42,164
1,43,156
1,44,143
1,45,132
1,46,125
1,47,123
1,48,137
1,49,141
1,50,135
1,51,130
1,52,137
1,53,152
1,54,173
1,55,186
1,56,191
1,57,189
1,58,177
1,59,158
1,60,149
1,61,164
1,62,183
1,63,185
1,64,175
1,65,165
1,66,161
1,67,166
1,68,165
1,69,156
1,70,136
1,71,108
1,72,88
1,73,80
1,74,72
1,75,78
1,76,83
1,77,75
1,78,66
1,79,61
1,80,63
1,81,67
1,82,73
1,83,88
1,84,95
1,85,102
1,86,101
1,87,77
1,88,71
1,89,79
1,90,94
1,91,102
1,92,110
1,93,110
1,94,89
1,95,72
1,96,96
1,97,106
1,98,103
1,99,115
1,100,135
1,101,159
1,102,164
1,103,172
1,104,179
1,105,168
1,106,166
1,107,169
1,108,170
1,109,167
1,110,165
1,111,172
1,112,177
1,113,172
1,114,170
1,115,169
1,116,164
1,117,150
1,118,136
1,119,133
1,120,141
1,121,141
1,122,136
1,123,136
1,124,142
1,125,148
1,126,147
1,127,136
1,128,123
1,129,107
1,130,97
1,131,92
1,132,81
1,133,78
1,134,88
1,135,92
1,136,91
1,137,78
1,138,66
1,139,65
1,140,56
1,141,56
1,142,89
1,143,138
1,144,175
1,145,187
1,146,183
1,147,179
1,148,174
1,149,183
2,0,57
2,1,59
2,2,90
2,3,118
2,4,139
2,5,151
2,6,143
2,7,140
2,8,145
2,9,155
2,10,157
2,11,150
2,12,136
2,13,130
2,14,136
2,15,135
2,16,130
2,17,138
2,18,153
2,19,164
2,20,170
2,21,176
2,22,185
2,23,190
2,24,184
2,25,183
2,26,184
2,27,184
2,28,179
2,29,175
2,30,178
2,31,180
2,32,174
2,33,176
2,34,155
2,35,127
2,36,96
2,37,96
2,38,139
2,39,167
2,40,173
2,41,175
2,42,175
2,43,171
2,44,160
2,45,147
2,46,135
2,47,128
2,48,150
2,49,156
2,50,146
2,51,132
2,52,130
2,53,143
2,54,165
2,55,179
2,56,182
2,57,189
2,58,185
2,59,160
2,60,142
2,61,149
2,62,167
2,63,178
2,64,183
2,65,176
2,66,168
2,67,164
2,68,161
2,69,162
2,70,162
2,71,152
2,72,124
2,73,98
2,74,74
2,75,73
2,76,82
2,77,79
2,78,71
2,79,69
2,80,66
2,81,59
2,82,61
2,83,73
2,84,83
2,85,97
2,86,108
2,87,101
2,88,80
2,89,80
2,90,98
2,91,116
2,92,119
2,93,104
2,94,87
2,95,84
2,96,90
2,97,100
2,98,104
2,99,99
2,100,110
2,101,151
2,102,166
2,103,168
2,104,170
2,105,164
2,106,166
2,107,173
2,108,168
2,109,152
2,110,151
2,111,168
2,112,176
2,113,176
2,114,176
2,115,174
2,116,168
2,117,161
2,118,156
2,119,148
2,120,141
2,121,135
2,122,135
2,123,141
2,124,144
2,125,149
2,126,147
2,127,131
2,128,116
2,129,101
2,130,90
2,131,94
2,132,93
2,133,85
2,134,80
2,135,74
2,136,84
2,137,73
2,138,66
2,139,66
2,140,57
2,141,59
2,142,76
2,143,99
2,144,143
2,145,180
2,146,187
2,147,182
2,148,176
2,149,183
3,0,60
3,1,52
3,2,62
3,3,85
3,4,108
3,5,126
3,6,136
3,7,135
3,8,132
3,9,140
3,10,143
3,11,146
3,12,136
3,13,125
3,14,126
3,15,121
3,16,115
3,17,123
3,18,135
3,19,147
3,20,155
3,21,166
3,22,179
3,23,188
3,24,185
3,25,182
3,26,179
3,27,179
3,28,176
3,29,175
3,30,176
3,31,172
3,32,170
3,33,166
3,34,141
3,35,121
3,36,117
3,37,131
3,38,160
3,39,175
3,40,179
3,41,177
3,42,176
3,43,177
3,44,175
3,45,164
3,46,148
3,47,135
3,48,147
3,49,157
3,50,153
3,51,141
3,52,135
3,53,139
3,54,154
3,55,165
3,56,187
3,57,188
3,58,179
3,59,161
3,60,153
3,61,155
3,62,162
3,63,179
3,64,194
3,65,192
3,66,182
3,67,176
3,68,176
3,69,178
3,70,181
3,71,181
3,72,156
3,73,126
3,74,89
3,75,83
3,76,88
3,77,78
3,78,73
3,79,74
3,80,72
3,81,60
3,82,53
3,83,53
3,84,58
3,85,70
3,86,83
3,87,91
3,88,99
3,89,97
3,90,93
3,91,113
3,92,122
3,93,95
3,94,72
3,95,65
3,96,66
3,97,90
3,98,103
3,99,87
3,100,87
3,101,136
3,102,163
3,103,164
3,104,161
3,105,160
3,106,167
3,107,174
3,108,173
3,109,151
3,110,133
3,111,150
3,112,162
3,113,171
3,114,172
3,115,171
3,116,169
3,117,167
3,118,166
3,119,159
3,120,149
3,121,143
3,122,140
3,123,142
3,124,146
3,125,154
3,126,151
3,127,129
3,128,122
3,129,110
3,130,92
3,131,89
3,132,91
3,133,79
3,134,64
3,135,56
3,136,65
3,137,69
3,138,70
3,139,64
3,140,57
3,141,65
3,142,70
3,143,73
3,144,103
3,145,157
3,146,183
3,147,188
3,148,181
3,149,186
4,0,55
4,1,51
4,2,51
4,3,63
4,4,75
4,5,86
4,6,109
4,7,127
4,8,135
4,9,135
4,10,128
4,11,130
4,12,129
4,13,123
4,14,126
4,15,124
4,16,131
4,17,147
4,18,160
4,19,159
4,20,155
4,21,157
4,22,172
4,23,187
4,24,186
4,25,180
4,26,167
4,27,161
4,28,155
4,29,150
4,30,149
4,31,146
4,32,147
4,33,137
4,34,124
4,35,127
4,36,148
4,37,165
4,38,172
4,39,180
4,40,177
4,41,177
4,42,178
4,43,180
4,44,179
4,45,171
4,46,157
4,47,147
4,48,145
4,49,154
4,50,153
4,51,147
4,52,142
4,53,140
4,54,150
4,55,161
4,56,176
4,57,181
4,58,183
4,59,176
4,60,177
4,61,177
4,62,176
4,63,185
4,64,193
4,65,196
4,66,187
4,67,186
4,68,194
4,69,193
4,70,188
4,71,185
4,72,173
4,73,150
4,74,121
4,75,100
4,76,80
4,77,64
4,78,63
4,79,67
4,80,68
4,81,60
4,82,54
4,83,47
4,84,46
4,85,55
4,86,64
4,87,71
4,88,92
4,89,91
4,90,82
4,91,99
4,92,117
4,93,101
4,94,71
4,95,49
4,96,48
4,97,67
4,98,78
4,99,71
4,100,72
4,101,111
4,102,150
4,103,166
4,104,163
4,105,159
4,106,174
4,107,172
4,108,174
4,109,150
4,110,104
4,111,118
4,112,151
4,113,165
4,114,167
4,115,170
4,116,175
4,117,176
4,118,174
4,119,168
4,120,162
4,121,162
4,122,151
4,123,137
4,124,140
4,125,159
4,126,159
4,127,135
4,128,135
4,129,132
4,130,121
4,131,110
4,132,96
4,133,84
4,134,79
4,135,75
4,136,61
4,137,65
4,138,71
4,139,72
4,140,63
4,141,58
4,142,54
4,143,61
4,144,80
4,145,128
4,146,164
4,147,186
4,148,186
4,149,189
5,0,52
5,1,49
5,2,57
5,3,61
5,4,57
5,5,52
5,6,68
5,7,99
5,8,119
5,9,126
5,10,123
5,11,121
5,12,118
5,13,114
5,14,118
5,15,123
5,16,140
5,17,166
5,18,178
5,19,169
5,20,160
5,21,157
5,22,165
5,23,180
5,24,186
5,25,181
5,26,161
5,27,146
5,28,136
5,29,128
5,30,131
5,31,134
5,32,130
5,33,128
5,34,134
5,35,143
5,36,160
5,37,175
5,38,176
5,39,178
5,40,178
5,41,178
5,42,179
5,43,180
5,44,179
5,45,176
5,46,171
5,47,167
5,48,160
5,49,159
5,50,152
5,51,152
5,52,155
5,53,153
5,54,156
5,55,162
5,56,169
5,57,182
5,58,193
5,59,188
5,60,182
5,61,185
5,62,185
5,63,181
5,64,183
5,65,194
5,66,194
5,67,194
5,68,195
5,69,190
5,70,185
5,71,184
5,72,184
5,73,169
5,74,157
5,75,118
5,76,77
5,77,64
5,78,62
5,79,66
5,80,68
5,81,67
5,82,70
5,83,62
5,84,50
5,85,59
5,86,76
5,87,81
5,88,82
5,89,71
5,90,68
5,91,84
5,92,104
5,93,107
5,94,87
5,95,63
5,96,64
5,97,58
5,98,54
5,99,59
5,100,65
5,101,85
5,102,126
5,103,155
5,104,166
5,105,165
5,106,172
5,107,173
5,108,178
5,109,154
5,110,109
5,111,111
5,112,139
5,113,155
5,114,164
5,115,170
5,116,177
5,117,176
5,118,172
5,119,171
5,120,171
5,121,175
5,122,164
5,123,147
5,124,145
5,125,156
5,126,155
5,127,136
5,128,132
5,129,131
5,130,132
5,131,124
5,132,103
5,133,91
5,134,87
5,135,75
5,136,61
5,137,63
5,138,67
5,139,68
5,140,64
5,141,61
5,142,56
5,143,65
5,144,83
5,145,109
5,146,141
5,147,174
5,148,185
5,149,193
6,0,67
6,1,47
6,2,52
6,3,58
6,4,55
6,5,48
6,6,44
6,7,58
6,8,81
6,9,101
6,10,116
6,11,122
6,12,121
6,13,111
6,14,109
6,15,119
6,16,145
6,17,168
6,18,171
6,19,159
6,20,158
6,21,158
6,22,157
6,23,163
6,24,175
6,25,181
6,26,162
6,27,146
6,28,144
6,29,142
6,30,143
6,31,140
6,32,144
6,33,152
6,34,166
6,35,176
6,36,178
6,37,177
6,38,176
6,39,178
6,40,178
6,41,176
6,42,174
6,43,173
6,44,175
6,45,176
6,46,176
6,47,175
6,48,169
6,49,163
6,50,153
6,51,156
6,52,163
6,53,161
6,54,159
6,55,158
6,56,158
6,57,168
6,58,179
6,59,185
6,60,188
6,61,193
6,62,190
6,63,174
6,64,172
6,65,184
6,66,194
6,67,198
6,68,193
6,69,187
6,70,187
6,71,184
6,72,184
6,73,174
6,74,165
6,75,132
6,76,101
6,77,86
6,78,67
6,79,60
6,80,71
6,81,73
6,82,79
6,83,80
6,84,77
6,85,84
6,86,91
6,87,83
6,88,71
6,89,58
6,90,56
6,91,68
6,92,88
6,93,112
6,94,114
6,95,89
6,96,74
6,97,61
6,98,52
6,99,58
6,100,67
6,101,86
6,102,120
6,103,144
6,104,162
6,105,167
6,106,156
6,107,165
6,108,179
6,109,167
6,110,146
6,111,127
6,112,131
6,113,145
6,114,162
6,115,172
6,116,177
6,117,175
6,118,171
6,119,172
6,120,176
6,121,175
6,122,170
6,123,163
6,124,155
6,125,152
6,126,146
6,127,133
6,128,131
6,129,126
6,130,125
6,131,125
6,132,117
6,133,113
6,134,109
6,135,94
6,136,82
6,137,85
6,138,80
6,139,65
6,140,56
6,141,67
6,142,72
6,143,82
6,144,95
6,145,106
6,146,124
6,147,151
6,148,173
6,149,194
7,0,85
7,1,54
7,2,51
7,3,61
7,4,63
7,5,62
7,6,53
7,7,46
7,8,52
7,9,73
7,10,97
7,11,118
7,12,128
7,13,116
7,14,107
7,15,118
7,16,145
7,17,165
7,18,160
7,19,145
7,20,150
7,21,149
7,22,136
7,23,132
7,24,144
7,25,172
7,26,168
7,27,154
7,28,154
7,29,156
7,30,154
7,31,145
7,32,153
7,33,171
7,34,179
7,35,181
7,36,180
7,37,176
7,38,177
7,39,178
7,40,177
7,41,175
7,42,172
7,43,172
7,44,172
7,45,173
7,46,173
7,47,172
7,48,173
7,49,170
7,50,163
7,51,164
7,52,168
7,53,164
7,54,162
7,55,162
7,56,160
7,57,165
7,58,172
7,59,186
7,60,195
7,61,193
7,62,187
7,63,178
7,64,162
7,65,171
7,66,186
7,67,194
7,68,187
7,69,188
7,70,196
7,71,193
7,72,180
7,73,174
7,74,160
7,75,149
7,76,146
7,77,123
7,78,83
7,79,61
7,80,60
7,81,65
7,82,71
7,83,86
7,84,100
7,85,106
7,86,96
7,87,74
7,88,74
7,89,79
7,90,70
7,91,65
7,92,72
7,93,108
7,94,135
7,95,111
7,96,81
7,97,78
7,98,74
7,99,68
7,100,75
7,101,101
7,102,126
7,103,132
7,104,158
7,105,167
7,106,155
7,107,154
7,108,163
7,109,166
7,110,161
7,111,139
7,112,130
7,113,136
7,114,155
7,115,170
7,116,177
7,117,177
7,118,170
7,119,169
7,120,171
7,121,168
7,122,166
7,123,164
7,124,157
7,125,155
7,126,152
7,127,139
7,128,130
7,129,126
7,130,119
7,131,119
7,132,122
7,133,122
7,134,121
7,135,116
7,136,121
7,137,114
7,138,100
7,139,76
7,140,60
7,141,69
7,142,74
7,143,83
7,144,99
7,145,107
7,146,117
7,147,132
7,148,158
7,149,192
8,0,83
8,1,68
8,2,64
8,3,74
8,4,70
8,5,68
8,6,65
8,7,64
8,8,67
8,9,72
8,10,70
8,11,80
8,12,102
8,13,110
8,14,109
8,15,117
8,16,140
8,17,154
8,18,143
8,19,136
8,20,136
8,21,130
8,22,117
8,23,112
8,24,112
8,25,150
8,26,166
8,27,163
8,28,163
8,29,175
8,30,169
8,31,161
8,32,162
8,33,180
8,34,178
8,35,175
8,36,183
8,37,183
8,38,178
8,39,177
8,40,174
8,41,174
8,42,173
8,43,175
8,44,176
8,45,172
8,46,169
8,47,170
8,48,166
8,49,169
8,50,169
8,51,173
8,52,169
8,53,165
8,54,171
8,55,170
8,56,168
8,57,169
8,58,163
8,59,169
8,60,180
8,61,186
8,62,190
8,63,187
8,64,170
8,65,169
8,66,175
8,67,188
8,68,189
8,69,188
8,70,193
8,71,183
8,72,164
8,73,160
8,74,154
8,75,157
8,76,162
8,77,141
8,78,101
8,79,72
8,80,68
8,81,72
8,82,78
8,83,88
8,84,103
8,85,101
8,86,71
8,87,64
8,88,80
8,89,95
8,90,92
8,91,85
8,92,78
8,93,96
8,94,128
8,95,126
8,96,96
8,97,112
8,98,108
8,99,86
8,100,69
8,101,93
8,102,119
8,103,118
8,104,119
8,105,130
8,106,154
8,107,144
8,108,141
8,109,163
8,110,157
8,111,145
8,112,135
8,113,135
8,114,143
8,115,155
8,116,163
8,117,167
8,118,172
8,119,174
8,120,175
8,121,174
8,122,160
8,123,155
8,124,158
8,125,166
8,126,169
8,127,152
8,128,126
8,129,121
8,130,115
8,131,118
8,132,119
8,133,125
8,134,129
8,135,133
8,136,138
8,137,133
8,138,114
8,139,93
8,140,72
8,141,66
8,142,65
8,143,72
8,144,91
8,145,105
8,146,106
8,147,114
8,148,127
8,149,172
9,0,82
9,1,79
9,2,80
9,3,85
9,4,81
9,5,86
9,6,86
9,7,80
9,8,74
9,9,73
9,10,65
9,11,67
9,12,81
9,13,86
9,14,91
9,15,105
9,16,126
9,17,132
9,18,120
9,19,115
9,20,115
9,21,108
9,22,98
9,23,102
9,24,95
9,25,108
9,26,141
9,27,170
9,28,174
9,29,184
9,30,187
9,31,176
9,32,177
9,33,184
9,34,175
9,35,170
9,36,178
9,37,178
9,38,171
9,39,168
9,40,166
9,41,175
9,42,180
9,43,177
9,44,174
9,45,173
9,46,173
9,47,174
9,48,169
9,49,169
9,50,166
9,51,171
9,52,171
9,53,169
9,54,175
9,55,175
9,56,163
9,57,148
9,58,130
9,59,118
9,60,125
9,61,148
9,62,172
9,63,188
9,64,183
9,65,180
9,66,179
9,67,184
9,68,179
9,69,168
9,70,160
9,71,143
9,72,140
9,73,138
9,74,135
9,75,140
9,76,140
9,77,121
9,78,97
9,79,87
9,80,90
9,81,87
9,82,97
9,83,105
9,84,99
9,85,85
9,86,69
9,87,77
9,88,96
9,89,99
9,90,103
9,91,103
9,92,85
9,93,81
9,94,109
9,95,124
9,96,118
9,97,119
9,98,123
9,99,106
9,100,75
9,101,85
9,102,105
9,103,108
9,104,95
9,105,114
9,106,140
9,107,136
9,108,128
9,109,140
9,110,155
9,111,158
9,112,141
9,113,134
9,114,140
9,115,155
9,116,166
9,117,169
9,118,172
9,119,175
9,120,180
9,121,178
9,122,164
9,123,156
9,124,160
9,125,168
9,126,169
9,127,159
9,128,143
9,129,137
9,130,128
9,131,130
9,132,136
9,133,145
9,134,143
9,135,139
9,136,144
9,137,137
9,138,117
9,139,97
9,140,75
9,141,67
9,142,71
9,143,85
9,144,101
9,145,109
9,146,116
9,147,110
9,148,96
9,149,140
10,0,70
10,1,80
10,2,86
10,3,86
10,4,84
10,5,98
10,6,100
10,7,91
10,8,81
10,9,75
10,10,68
10,11,67
10,12,67
10,13,65
10,14,68
10,15,77
10,16,99
10,17,101
10,18,90
10,19,91
10,20,93
10,21,88
10,22,80
10,23,84
10,24,79
10,25,75
10,26,117
10,27,166
10,28,179
10,29,180
10,30,187
10,31,183
10,32,171
10,33,176
10,34,177
10,35,162
10,36,159
10,37,174
10,38,172
10,39,150
10,40,150
10,41,161
10,42,170
10,43,174
10,44,177
10,45,179
10,46,176
10,47,173
10,48,171
10,49,167
10,50,158
10,51,161
10,52,167
10,53,168
10,54,172
10,55,171
10,56,154
10,57,140
10,58,115
10,59,76
10,60,64
10,61,94
10,62,137
10,63,179
10,64,189
10,65,190
10,66,186
10,67,187
10,68,182
10,69,171
10,70,160
10,71,145
10,72,146
10,73,145
10,74,141
10,75,139
10,76,134
10,77,117
10,78,103
10,79,104
10,80,117
10,81,108
10,82,99
10,83,96
10,84,90
10,85,83
10,86,76
10,87,87
10,88,87
10,89,97
10,90,104
10,91,95
10,92,74
10,93,62
10,94,85
10,95,127
10,96,121
10,97,100
10,98,108
10,99,114
10,100,93
10,101,96
10,102,106
10,103,106
10,104,95
10,105,107
10,106,125
10,107,138
10,108,135
10,109,124
10,110,143
10,111,159
10,112,152
10,113,149
10,114,151
10,115,160
10,116,167
10,117,172
10,118,175
10,119,177
10,120,181
10,121,177
10,122,161
10,123,149
10,124,152
10,125,160
10,126,165
10,127,166
10,128,163
10,129,163
10,130,157
10,131,150
10,132,141
10,133,140
10,134,137
10,135,137
10,136,143
10,137,134
10,138,116
10,139,104
10,140,94
10,141,87
10,142,87
10,143,99
10,144,115
10,145,128
10,146,135
10,147,118
10,148,97
10,149,136
11,0,67
11,1,79
11,2,85
11,3,86
11,4,86
11,5,101
11,6,106
11,7,101
11,8,93
11,9,83
11,10,74
11,11,68
11,12,63
11,13,59
11,14,60
11,15,62
11,16,73
11,17,77
11,18,76
11,19,77
11,20,74
11,21,75
11,22,73
11,23,74
11,24,70
11,25,67
11,26,94
11,27,138
11,28,173
11,29,177
11,30,181
11,31,184
11,32,176
11,33,170
11,34,170
11,35,159
11,36,153
11,37,167
11,38,167
11,39,152
11,40,146
11,41,141
11,42,140
11,43,150
11,44,166
11,45,174
11,46,172
11,47,169
11,48,167
11,49,162
11,50,150
11,51,151
11,52,162
11,53,168
11,54,170
11,55,168
11,56,155
11,57,145
11,58,118
11,59,72
11,60,55
11,61,77
11,62,112
11,63,151
11,64,174
11,65,189
11,66,191
11,67,186
11,68,187
11,69,189
11,70,185
11,71,174
11,72,176
11,73,178
11,74,170
11,75,159
11,76,150
11,77,137
11,78,126
11,79,125
11,80,137
11,81,125
11,82,93
11,83,82
11,84,77
11,85,68
11,86,71
11,87,91
11,88,94
11,89,97
11,90,95
11,91,75
11,92,59
11,93,54
11,94,70
11,95,110
11,96,123
11,97,92
11,98,84
11,99,93
11,100,92
11,101,107
11,102,116
11,103,108
11,104,104
11,105,110
11,106,120
11,107,141
11,108,144
11,109,118
11,110,134
11,111,164
11,112,165
11,113,163
11,114,163
11,115,165
11,116,168
11,117,174
11,118,179
11,119,179
11,120,181
11,121,176
11,122,165
11,123,151
11,124,146
11,125,152
11,126,160
11,127,166
11,128,165
11,129,164
11,130,160
11,131,155
11,132,141
11,133,133
11,134,129
11,135,132
11,136,144
11,137,132
11,138,117
11,139,112
11,140,111
11,141,107
11,142,105
11,143,112
11,144,124
11,145,140
11,146,139
11,147,125
11,148,108
11,149,136
12,0,76
12,1,79
12,2,80
12,3,83
12,4,84
12,5,92
12,6,97
12,7,100
12,8,103
12,9,95
12,10,78
12,11,67
12,12,68
12,13,65
12,14,60
12,15,62
12,16,58
12,17,67
12,18,77
12,19,76
12,20,62
12,21,63
12,22,69
12,23,72
12,24,67
12,25,63
12,26,68
12,27,95
12,28,147
12,29,173
12,30,178
12,31,176
12,32,180
12,33,174
12,34,166
12,35,162
12,36,170
12,37,174
12,38,168
12,39,168
12,40,153
12,41,142
12,42,134
12,43,142
12,44,158
12,45,166
12,46,165
12,47,164
12,48,164
12,49,165
12,50,158
12,51,156
12,52,164
12,53,173
12,54,177
12,55,176
12,56,170
12,57,159
12,58,140
12,59,112
12,60,93
12,61,99
12,62,120
12,63,136
12,64,146
12,65,174
12,66,183
12,67,176
12,68,179
12,69,183
12,70,177
12,71,165
12,72,169
12,73,175
12,74,168
12,75,155
12,76,146
12,77,138
12,78,133
12,79,135
12,80,151
12,81,150
12,82,122
12,83,103
12,84,82
12,85,76
12,86,97
12,87,113
12,88,96
12,89,74
12,90,68
12,91,60
12,92,56
12,93,62
12,94,68
12,95,82
12,96,119
12,97,104
12,98,78
12,99,71
12,100,79
12,101,107
12,102,130
12,103,127
12,104,109
12,105,107
12,106,114
12,107,126
12,108,128
12,109,113
12,110,133
12,111,166
12,112,172
12,113,165
12,114,162
12,115,165
12,116,169
12,117,173
12,118,177
12,119,179
12,120,178
12,121,176
12,122,175
12,123,165
12,124,151
12,125,149
12,126,153
12,127,155
12,128,154
12,129,155
12,130,155
12,131,156
12,132,150
12,133,145
12,134,139
12,135,140
12,136,148
12,137,142
12,138,132
12,139,122
12,140,115
12,141,107
12,142,105
12,143,108
12,144,114
12,145,120
12,146,124
12,147,135
12,148,117
12,149,132
13,0,85
13,1,81
13,2,76
13,3,80
13,4,80
13,5,81
13,6,82
13,7,89
13,8,102
13,9,103
13,10,86
13,11,74
13,12,79
13,13,71
13,14,59
13,15,62
13,16,60
13,17,65
13,18,76
13,19,79
13,20,66
13,21,62
13,22,61
13,23,63
13,24,66
13,25,58
13,26,54
13,27,67
13,28,108
13,29,152
13,30,174
13,31,172
13,32,182
13,33,185
13,34,179
13,35,170
13,36,172
13,37,176
13,38,171
13,39,167
13,40,166
13,41,166
13,42,165
13,43,167
13,44,172
13,45,174
13,46,173
13,47,171
13,48,171
13,49,177
13,50,177
13,51,171
13,52,171
13,53,176
13,54,180
13,55,181
13,56,172
13,57,158
13,58,153
13,59,149
13,60,129
13,61,126
13,62,139
13,63,131
13,64,111
13,65,135
13,66,154
13,67,166
13,68,174
13,69,169
13,70,159
13,71,157
13,72,166
13,73,172
13,74,169
13,75,159
13,76,149
13,77,142
13,78,146
13,79,159
13,80,171
13,81,166
13,82,151
13,83,136
13,84,107
13,85,111
13,86,129
13,87,113
13,88,83
13,89,62
13,90,60
13,91,63
13,92,63
13,93,67
13,94,68
13,95,70
13,96,97
13,97,97
13,98,80
13,99,81
13,100,87
13,101,104
13,102,131
13,103,142
13,104,120
13,105,107
13,106,110
13,107,112
13,108,101
13,109,97
13,110,118
13,111,152
13,112,167
13,113,165
13,114,165
13,115,164
13,116,165
13,117,169
13,118,174
13,119,176
13,120,172
13,121,174
13,122,179
13,123,174
13,124,156
13,125,150
13,126,153
13,127,152
13,128,148
13,129,154
13,130,158
13,131,160
13,132,156
13,133,154
13,134,148
13,135,145
13,136,146
13,137,142
13,138,136
13,139,121
13,140,108
13,141,102
13,142,107
13,143,110
13,144,107
13,145,104
13,146,108
13,147,140
13,148,135
13,149,145
14,0,93
14,1,89
14,2,83
14,3,85
14,4,84
14,5,84
14,6,81
14,7,86
14,8,97
14,9,101
14,10,95
14,11,89
14,12,86
14,13,75
14,14,64
14,15,65
14,16,68
14,17,67
14,18,71
14,19,78
14,20,77
14,21,71
14,22,56
14,23,54
14,24,66
14,25,59
14,26,55
14,27,62
14,28,78
14,29,118
14,30,158
14,31,177
14,32,183
14,33,180
14,34,180
14,35,176
14,36,167
14,37,167
14,38,175
14,39,173
14,40,179
14,41,185
14,42,184
14,43,180
14,44,181
14,45,184
14,46,184
14,47,183
14,48,177
14,49,183
14,50,187
14,51,183
14,52,177
14,53,176
14,54,179
14,55,179
14,56,173
14,57,156
14,58,152
14,59,160
14,60,157
14,61,159
14,62,154
14,63,120
14,64,85
14,65,103
14,66,129
14,67,154
14,68,170
14,69,167
14,70,165
14,71,175
14,72,185
14,73,190
14,74,188
14,75,180
14,76,172
14,77,162
14,78,167
14,79,182
14,80,183
14,81,170
14,82,174
14,83,179
14,84,160
14,85,151
14,86,128
14,87,87
14,88,72
14,89,64
14,90,66
14,91,73
14,92,72
14,93,70
14,94,77
14,95,84
14,96,87
14,97,85
14,98,83
14,99,97
14,100,93
14,101,85
14,102,100
14,103,119
14,104,128
14,105,114
14,106,109
14,107,105
14,108,87
14,109,86
14,110,101
14,111,137
14,112,160
14,113,167
14,114,170
14,115,165
14,116,161
14,117,166
14,118,172
14,119,171
14,120,170
14,121,176
14,122,179
14,123,177
14,124,164
14,125,158
14,126,163
14,127,161
14,128,151
14,129,153
14,130,153
14,131,157
14,132,157
14,133,159
14,134,151
14,135,145
14,136,144
14,137,138
14,138,135
14,139,120
14,140,107
14,141,105
14,142,119
14,143,126
14,144,116
14,145,111
14,146,101
14,147,123
14,148,128
14,149,148
15,0,90
15,1,90
15,2,85
15,3,85
15,4,86
15,5,87
15,6,82
15,7,83
15,8,87
15,9,90
15,10,103
15,11,107
15,12,93
15,13,79
15,14,73
15,15,67
15,16,74
15,17,72
15,18,68
15,19,73
15,20,81
15,21,77
15,22,57
15,23,54
15,24,68
15,25,62
15,26,56
15,27,59
15,28,60
15,29,86
15,30,129
15,31,172
15,32,183
15,33,179
15,34,178
15,35,179
15,36,171
15,37,167
15,38,174
15,39,174
15,40,182
15,41,183
15,42,178
15,43,173
15,44,176
15,45,181
15,46,182
15,47,180
15,48,174
15,49,177
15,50,185
15,51,186
15,52,182
15,53,180
15,54,181
15,55,180
15,56,179
15,57,164
15,58,154
15,59,157
15,60,166
15,61,174
15,62,148
15,63,95
15,64,84
15,65,106
15,66,127
15,67,142
15,68,157
15,69,166
15,70,172
15,71,182
15,72,195
15,73,198
15,74,196
15,75,191
15,76,185
15,77,176
15,78,175
15,79,184
15,80,183
15,81,177
15,82,184
15,83,182
15,84,175
15,85,171
15,86,134
15,87,101
15,88,93
15,89,74
15,90,74
15,91,90
15,92,87
15,93,84
15,94,101
15,95,109
15,96,91
15,97,81
15,98,82
15,99,93
15,100,77
15,101,62
15,102,72
15,103,93
15,104,128
15,105,117
15,106,98
15,107,92
15,108,90
15,109,101
15,110,104
15,111,130
15,112,158
15,113,162
15,114,166
15,115,166
15,116,164
15,117,165
15,118,168
15,119,169
15,120,170
15,121,178
15,122,178
15,123,177
15,124,169
15,125,163
15,126,168
15,127,167
15,128,159
15,129,156
15,130,154
15,131,159
15,132,159
15,133,160
15,134,155
15,135,154
15,136,146
15,137,145
15,138,151
15,139,139
15,140,118
15,141,108
15,142,119
15,143,123
15,144,117
15,145,118
15,146,104
15,147,106
15,148,104
15,149,136
16,0,107
16,1,100
16,2,89
16,3,88
16,4,86
16,5,92
16,6,97
16,7,82
16,8,81
16,9,86
16,10,107
16,11,114
16,12,99
16,13,89
16,14,80
16,15,72
16,16,73
16,17,78
16,18,72
16,19,73
16,20,79
16,21,77
16,22,69
16,23,60
16,24,60
16,25,66
16,26,57
16,27,49
16,28,67
16,29,74
16,30,86
16,31,134
16,32,168
16,33,178
16,34,180
16,35,178
16,36,178
16,37,164
16,38,157
16,39,164
16,40,172
16,41,182
16,42,185
16,43,185
16,44,182
16,45,178
16,46,179
16,47,177
16,48,178
16,49,179
16,50,186
16,51,186
16,52,182
16,53,182
16,54,182
16,55,178
16,56,175
16,57,170
16,58,169
16,59,167
16,60,165
16,61,166
16,62,147
16,63,109
16,64,126
16,65,145
16,66,153
16,67,153
16,68,156
16,69,158
16,70,163
16,71,177
16,72,190
16,73,193
16,74,194
16,75,193
16,76,193
16,77,186
16,78,174
16,79,167
16,80,168
16,81,179
16,82,167
16,83,166
16,84,165
16,85,162
16,86,159
16,87,149
16,88,116
16,89,86
16,90,76
16,91,82
16,92,89
16,93,91
16,94,103
16,95,103
16,96,73
16,97,77
16,98,90
16,99,92
16,100,78
16,101,74
16,102,88
16,103,79
16,104,110
16,105,121
16,106,88
16,107,85
16,108,110
16,109,118
16,110,106
16,111,119
16,112,143
16,113,157
16,114,165
16,115,167
16,116,161
16,117,163
16,118,158
16,119,160
16,120,169
16,121,181
16,122,180
16,123,181
16,124,175
16,125,163
16,126,153
16,127,155
16,128,156
16,129,165
16,130,163
16,131,158
16,132,158
16,133,158
16,134,160
16,135,157
16,136,154
16,137,157
16,138,162
16,139,156
16,140,135
16,141,116
16,142,113
16,143,120
16,144,115
16,145,123
16,146,120
16,147,106
16,148,102
16,149,133
17,0,114
17,1,107
17,2,99
17,3,86
17,4,85
17,5,100
17,6,100
17,7,83
17,8,80
17,9,84
17,10,99
17,11,105
17,12,101
17,13,96
17,14,86
17,15,76
17,16,76
17,17,73
17,18,68
17,19,69
17,20,77
17,21,79
17,22,74
17,23,66
17,24,59
17,25,57
17,26,62
17,27,57
17,28,60
17,29,63
17,30,66
17,31,94
17,32,141
17,33,171
17,34,175
17,35,179
17,36,176
17,37,169
17,38,170
17,39,159
17,40,157
17,41,175
17,42,181
17,43,181
17,44,182
17,45,180
17,46,181
17,47,184
17,48,183
17,49,181
17,50,184
17,51,185
17,52,182
17,53,183
17,54,183
17,55,181
17,56,179
17,57,171
17,58,178
17,59,176
17,60,167
17,61,160
17,62,150
17,63,148
17,64,164
17,65,171
17,66,171
17,67,163
17,68,155
17,69,150
17,70,156
17,71,168
17,72,189
17,73,195
17,74,196
17,75,193
17,76,195
17,77,194
17,78,185
17,79,176
17,80,162
17,81,159
17,82,157
17,83,172
17,84,176
17,85,176
17,86,174
17,87,161
17,88,127
17,89,91
17,90,72
17,91,68
17,92,80
17,93,93
17,94,95
17,95,85
17,96,70
17,97,81
17,98,115
17,99,122
17,100,101
17,101,87
17,102,87
17,103,79
17,104,82
17,105,108
17,106,94
17,107,85
17,108,111
17,109,124
17,110,103
17,111,111
17,112,139
17,113,155
17,114,167
17,115,165
17,116,158
17,117,147
17,118,151
17,119,161
17,120,171
17,121,178
17,122,174
17,123,178
17,124,177
17,125,168
17,126,155
17,127,150
17,128,156
17,129,161
17,130,162
17,131,164
17,132,162
17,133,157
17,134,157
17,135,157
17,136,161
17,137,161
17,138,162
17,139,161
17,140,153
17,141,137
17,142,126
17,143,125
17,144,129
17,145,127
17,146,127
17,147,124
17,148,116
17,149,138
18,0,131
18,1,120
18,2,108
18,3,95
18,4,95
18,5,104
18,6,98
18,7,82
18,8,77
18,9,79
18,10,87
18,11,95
18,12,105
18,13,111
18,14,99
18,15,85
18,16,77
18,17,71
18,18,70
18,19,69
18,20,69
18,21,73
18,22,74
18,23,74
18,24,62
18,25,56
18,26,61
18,27,68
18,28,64
18,29,63
18,30,70
18,31,69
18,32,101
18,33,153
18,34,171
18,35,182
18,36,178
18,37,174
18,38,174
18,39,157
18,40,149
18,41,164
18,42,174
18,43,180
18,44,183
18,45,181
18,46,183
18,47,188
18,48,183
18,49,181
18,50,179
18,51,182
18,52,183
18,53,182
18,54,182
18,55,182
18,56,175
18,57,174
18,58,177
18,59,169
18,60,161
18,61,159
18,62,160
18,63,174
18,64,180
18,65,178
18,66,176
18,67,168
18,68,157
18,69,153
18,70,157
18,71,162
18,72,171
18,73,183
18,74,191
18,75,191
18,76,193
18,77,198
18,78,194
18,79,187
18,80,169
18,81,157
18,82,156
18,83,175
18,84,181
18,85,184
18,86,176
18,87,159
18,88,125
18,89,88
18,90,68
18,91,63
18,92,80
18,93,94
18,94,89
18,95,83
18,96,84
18,97,86
18,98,114
18,99,110
18,100,88
18,101,80
18,102,82
18,103,83
18,104,73
18,105,78
18,106,86
18,107,90
18,108,117
18,109,137
18,110,119
18,111,118
18,112,130
18,113,144
18,114,160
18,115,160
18,116,160
18,117,141
18,118,151
18,119,161
18,120,166
18,121,175
18,122,174
18,123,178
18,124,177
18,125,172
18,126,161
18,127,157
18,128,161
18,129,158
18,130,158
18,131,163
18,132,161
18,133,157
18,134,158
18,135,160
18,136,162
18,137,163
18,138,164
18,139,165
18,140,163
18,141,153
18,142,144
18,143,143
18,144,149
18,145,142
18,146,145
18,147,145
18,148,130
18,149,148
19,0,146
19,1,139
19,2,122
19,3,114
19,4,107
19,5,103
19,6,101
19,7,87
19,8,77
19,9,78
19,10,78
19,11,85
19,12,105
19,13,117
19,14,106
19,15,88
19,16,78
19,17,74
19,18,76
19,19,72
19,20,67
19,21,66
19,22,68
19,23,75
19,24,68
19,25,60
19,26,54
19,27,61
19,28,61
19,29,62
19,30,68
19,31,58
19,32,73
19,33,120
19,34,161
19,35,187
19,36,178
19,37,177
19,38,172
19,39,165
19,40,152
19,41,150
19,42,160
19,43,175
19,44,180
19,45,178
19,46,179
19,47,177
19,48,180
19,49,179
19,50,177
19,51,182
19,52,185
19,53,182
19,54,181
19,55,181
19,56,175
19,57,178
19,58,170
19,59,162
19,60,163
19,61,167
19,62,173
19,63,175
19,64,181
19,65,181
19,66,179
19,67,173
19,68,166
19,69,163
19,70,159
19,71,151
19,72,151
19,73,168
19,74,186
19,75,191
19,76,190
19,77,189
19,78,189
19,79,187
19,80,180
19,81,170
19,82,160
19,83,162
19,84,170
19,85,178
19,86,169
19,87,157
19,88,136
19,89,113
19,90,92
19,91,78
19,92,80
19,93,86
19,94,87
19,95,93
19,96,91
19,97,94
19,98,107
19,99,84
19,100,57
19,101,58
19,102,75
19,103,87
19,104,75
19,105,60
19,106,80
19,107,100
19,108,123
19,109,137
19,110,130
19,111,133
19,112,130
19,113,139
19,114,154
19,115,163
19,116,165
19,117,144
19,118,152
19,119,157
19,120,158
19,121,172
19,122,176
19,123,177
19,124,175
19,125,174
19,126,171
19,127,168
19,128,168
19,129,162
19,130,157
19,131,155
19,132,153
19,133,157
19,134,163
19,135,164
19,136,159
19,137,159
19,138,160
19,139,162
19,140,161
19,141,159
19,142,160
19,143,163
19,144,160
19,145,152
19,146,156
19,147,160
19,148,144
19,149,154
20,0,128
20,1,146
20,2,148
20,3,137
20,4,119
20,5,110
20,6,110
20,7,99
20,8,88
20,9,86
20,10,78
20,11,78
20,12,95
20,13,108
20,14,99
20,15,82
20,16,77
20,17,73
20,18,74
20,19,74
20,20,73
20,21,69
20,22,65
20,23,71
20,24,86
20,25,76
20,26,66
20,27,55
20,28,58
20,29,61
20,30,52
20,31,54
20,32,68
20,33,86
20,34,133
20,35,181
20,36,179
20,37,178
20,38,173
20,39,174
20,40,164
20,41,153
20,42,155
20,43,168
20,44,177
20,45,181
20,46,178
20,47,172
20,48,178
20,49,179
20,50,177
20,51,182
20,52,185
20,53,182
20,54,182
20,55,181
20,56,172
20,57,168
20,58,165
20,59,169
20,60,173
20,61,174
20,62,174
20,63,171
20,64,174
20,65,177
20,66,179
20,67,177
20,68,173
20,69,168
20,70,158
20,71,145
20,72,144
20,73,157
20,74,179
20,75,192
20,76,187
20,77,180
20,78,179
20,79,181
20,80,187
20,81,183
20,82,167
20,83,153
20,84,154
20,85,166
20,86,163
20,87,160
20,88,165
20,89,161
20,90,142
20,91,108
20,92,79
20,93,79
20,94,88
20,95,90
20,96,78
20,97,100
20,98,108
20,99,82
20,100,60
20,101,61
20,102,73
20,103,73
20,104,76
20,105,72
20,106,77
20,107,84
20,108,110
20,109,126
20,110,122
20,111,130
20,112,131
20,113,131
20,114,139
20,115,159
20,116,158
20,117,144
20,118,149
20,119,154
20,120,157
20,121,170
20,122,173
20,123,174
20,124,173
20,125,178
20,126,177
20,127,172
20,128,169
20,129,166
20,130,163
20,131,156
20,132,150
20,133,153
20,134,161
20,135,167
20,136,162
20,137,157
20,138,156
20,139,157
20,140,159
20,141,164
20,142,168
20,143,168
20,144,156
20,145,146
20,146,148
20,147,161
20,148,150
20,149,155
21,0,71
21,1,109
21,2,148
21,3,150
21,4,130
21,5,116
21,6,108
21,7,100
21,8,100
21,9,96
21,10,85
21,11,80
21,12,85
21,13,95
21,14,94
21,15,82
21,16,71
21,17,69
21,18,71
21,19,75
21,20,77
21,21,71
21,22,65
21,23,68
21,24,96
21,25,100
21,26,87
21,27,71
21,28,71
21,29,63
21,30,52
21,31,60
21,32,69
21,33,73
21,34,99
21,35,155
21,36,181
21,37,178
21,38,169
21,39,174
21,40,169
21,41,162
21,42,152
21,43,149
21,44,162
21,45,174
21,46,173
21,47,171
21,48,178
21,49,179
21,50,176
21,51,178
21,52,180
21,53,179
21,54,180
21,55,174
21,56,154
21,57,152
21,58,168
21,59,178
21,60,180
21,61,179
21,62,172
21,63,175
21,64,176
21,65,178
21,66,180
21,67,179
21,68,171
21,69,161
21,70,151
21,71,142
21,72,133
21,73,139
21,74,159
21,75,178
21,76,181
21,77,181
21,78,186
21,79,191
21,80,194
21,81,192
21,82,181
21,83,168
21,84,157
21,85,161
21,86,161
21,87,160
21,88,178
21,89,181
21,90,171
21,91,139
21,92,95
21,93,80
21,94,80
21,95,71
21,96,69
21,97,102
21,98,103
21,99,77
21,100,69
21,101,68
21,102,69
21,103,59
21,104,76
21,105,91
21,106,86
21,107,72
21,108,94
21,109,123
21,110,119
21,111,117
21,112,128
21,113,120
21,114,118
21,115,142
21,116,147
21,117,149
21,118,150
21,119,154
21,120,158
21,121,167
21,122,170
21,123,174
21,124,173
21,125,178
21,126,180
21,127,176
21,128,168
21,129,167
21,130,170
21,131,166
21,132,156
21,133,151
21,134,156
21,135,166
21,136,167
21,137,162
21,138,159
21,139,158
21,140,160
21,141,165
21,142,166
21,143,163
21,144,147
21,145,138
21,146,134
21,147,145
21,148,142
21,149,154
22,0,36
22,1,66
22,2,115
22,3,145
22,4,144
22,5,132
22,6,119
22,7,107
22,8,101
22,9,99
22,10,93
22,11,86
22,12,81
22,13,88
22,14,98
22,15,92
22,16,74
22,17,74
22,18,77
22,19,82
22,20,77
22,21,68
22,22,66
22,23,66
22,24,89
22,25,108
22,26,96
22,27,88
22,28,82
22,29,63
22,30,60
22,31,63
22,32,67
22,33,68
22,34,75
22,35,119
22,36,164
22,37,173
22,38,170
22,39,172
22,40,173
22,41,172
22,42,156
22,43,136
22,44,140
22,45,157
22,46,168
22,47,178
22,48,179
22,49,180
22,50,175
22,51,174
22,52,173
22,53,174
22,54,175
22,55,163
22,56,142
22,57,152
22,58,175
22,59,183
22,60,184
22,61,184
22,62,178
22,63,179
22,64,178
22,65,177
22,66,183
22,67,182
22,68,171
22,69,166
22,70,163
22,71,153
22,72,131
22,73,128
22,74,138
22,75,154
22,76,164
22,77,179
22,78,194
22,79,200
22,80,195
22,81,194
22,82,192
22,83,188
22,84,172
22,85,167
22,86,165
22,87,163
22,88,175
22,89,174
22,90,166
22,91,152
22,92,123
22,93,95
22,94,70
22,95,63
22,96,82
22,97,113
22,98,98
22,99,62
22,100,60
22,101,60
22,102,61
22,103,60
22,104,72
22,105,91
22,106,100
22,107,90
22,108,93
22,109,117
22,110,111
22,111,104
22,112,121
22,113,120
22,114,113
22,115,126
22,116,140
22,117,156
22,118,153
22,119,149
22,120,153
22,121,158
22,122,164
22,123,173
22,124,172
22,125,173
22,126,178
22,127,181
22,128,172
22,129,166
22,130,167
22,131,168
22,132,165
22,133,159
22,134,156
22,135,164
22,136,169
22,137,168
22,138,160
22,139,156
22,140,161
22,141,163
22,142,159
22,143,157
22,144,146
22,145,141
22,146,134
22,147,138
22,148,135
22,149,154
23,0,31
23,1,42
23,2,72
23,3,118
23,4,141
23,5,142
23,6,135
23,7,113
23,8,95
23,9,96
23,10,97
23,11,92
23,12,80
23,13,85
23,14,101
23,15,100
23,16,87
23,17,84
23,18,86
23,19,90
23,20,80
23,21,68
23,22,67
23,23,63
23,24,91
23,25,109
23,26,107
23,27,100
23,28,87
23,29,67
23,30,63
23,31,62
23,32,65
23,33,60
23,34,65
23,35,93
23,36,136
23,37,167
23,38,180
23,39,175
23,40,175
23,41,172
23,42,157
23,43,129
23,44,119
23,45,137
23,46,161
23,47,180
23,48,182
23,49,182
23,50,176
23,51,174
23,52,172
23,53,173
23,54,172
23,55,154
23,56,144
23,57,161
23,58,176
23,59,183
23,60,184
23,61,184
23,62,181
23,63,176
23,64,174
23,65,173
23,66,183
23,67,183
23,68,174
23,69,177
23,70,178
23,71,164
23,72,146
23,73,137
23,74,135
23,75,138
23,76,147
23,77,168
23,78,189
23,79,195
23,80,195
23,81,197
23,82,194
23,83,193
23,84,179
23,85,170
23,86,167
23,87,166
23,88,170
23,89,166
23,90,152
23,91,146
23,92,141
23,93,114
23,94,74
23,95,79
23,96,107
23,97,127
23,98,96
23,99,55
23,100,59
23,101,60
23,102,57
23,103,61
23,104,74
23,105,76
23,106,89
23,107,96
23,108,93
23,109,103
23,110,86
23,111,85
23,112,104
23,113,119
23,114,116
23,115,114
23,116,132
23,117,157
23,118,152
23,119,143
23,120,147
23,121,146
23,122,152
23,123,169
23,124,170
23,125,170
23,126,175
23,127,181
23,128,180
23,129,166
23,130,158
23,131,161
23,132,171
23,133,170
23,134,161
23,135,162
23,136,171
23,137,170
23,138,155
23,139,148
23,140,160
23,141,163
23,142,155
23,143,153
23,144,152
23,145,148
23,146,144
23,147,147
23,148,138
23,149,152
24,0,26
24,1,38
24,2,42
24,3,65
24,4,112
24,5,143
24,6,141
24,7,120
24,8,110
24,9,105
24,10,103
24,11,99
24,12,80
24,13,82
24,14,93
24,15,96
24,16,101
24,17,95
24,18,80
24,19,81
24,20,80
24,21,84
24,22,79
24,23,70
24,24,89
24,25,119
24,26,117
24,27,97
24,28,88
24,29,78
24,30,67
24,31,59
24,32,56
24,33,60
24,34,59
24,35,69
24,36,99
24,37,146
24,38,173
24,39,175
24,40,169
24,41,173
24,42,159
24,43,123
24,44,95
24,45,104
24,46,128
24,47,165
24,48,177
24,49,174
24,50,174
24,51,175
24,52,173
24,53,178
24,54,166
24,55,155
24,56,151
24,57,162
24,58,165
24,59,177
24,60,188
24,61,186
24,62,182
24,63,174
24,64,171
24,65,175
24,66,178
24,67,182
24,68,178
24,69,175
24,70,174
24,71,164
24,72,153
24,73,155
24,74,136
24,75,116
24,76,122
24,77,137
24,78,153
24,79,169
24,80,173
24,81,178
24,82,184
24,83,185
24,84,171
24,85,161
24,86,169
24,87,175
24,88,171
24,89,153
24,90,138
24,91,142
24,92,158
24,93,150
24,94,109
24,95,74
24,96,115
24,97,131
24,98,89
24,99,64
24,100,58
24,101,65
24,102,57
24,103,65
24,104,73
24,105,76
24,106,72
24,107,68
24,108,84
24,109,100
24,110,94
24,111,85
24,112,80
24,113,96
24,114,102
24,115,106
24,116,118
24,117,139
24,118,154
24,119,150
24,120,137
24,121,128
24,122,148
24,123,167
24,124,168
24,125,171
24,126,178
24,127,179
24,128,174
24,129,168
24,130,161
24,131,165
24,132,167
24,133,163
24,134,162
24,135,161
24,136,168
24,137,165
24,138,152
24,139,152
24,140,157
24,141,154
24,142,157
24,143,157
24,144,156
24,145,158
24,146,153
24,147,149
24,148,143
24,149,156
25,0,34
25,1,35
25,2,47
25,3,45
25,4,71
25,5,123
25,6,134
25,7,127
25,8,115
25,9,98
25,10,101
25,11,95
25,12,66
25,13,70
25,14,85
25,15,92
25,16,98
25,17,101
25,18,88
25,19,69
25,20,78
25,21,85
25,22,85
25,23,77
25,24,75
25,25,109
25,26,126
25,27,104
25,28,85
25,29,83
25,30,72
25,31,66
25,32,60
25,33,55
25,34,55
25,35,60
25,36,73
25,37,119
25,38,159
25,39,173
25,40,173
25,41,165
25,42,162
25,43,143
25,44,107
25,45,85
25,46,100
25,47,148
25,48,176
25,49,176
25,50,174
25,51,176
25,52,172
25,53,163
25,54,153
25,55,155
25,56,160
25,57,150
25,58,154
25,59,172
25,60,181
25,61,185
25,62,190
25,63,182
25,64,178
25,65,172
25,66,173
25,67,183
25,68,182
25,69,170
25,70,156
25,71,145
25,72,149
25,73,155
25,74,150
25,75,134
25,76,123
25,77,122
25,78,131
25,79,144
25,80,152
25,81,158
25,82,161
25,83,156
25,84,142
25,85,140
25,86,150
25,87,150
25,88,151
25,89,135
25,90,123
25,91,130
25,92,150
25,93,150
25,94,124
25,95,103
25,96,133
25,97,125
25,98,76
25,99,63
25,100,64
25,101,74
25,102,79
25,103,81
25,104,79
25,105,78
25,106,72
25,107,63
25,108,71
25,109,91
25,110,98
25,111,93
25,112,80
25,113,70
25,114,78
25,115,91
25,116,109
25,117,122
25,118,141
25,119,149
25,120,127
25,121,126
25,122,150
25,123,167
25,124,162
25,125,168
25,126,178
25,127,177
25,128,178
25,129,174
25,130,168
25,131,170
25,132,171
25,133,166
25,134,160
25,135,151
25,136,158
25,137,160
25,138,155
25,139,156
25,140,156
25,141,160
25,142,166
25,143,159
25,144,158
25,145,157
25,146,155
25,147,156
25,148,150
25,149,160
26,0,57
26,1,41
26,2,40
26,3,37
26,4,42
26,5,77
26,6,109
26,7,121
26,8,108
26,9,90
26,10,95
26,11,85
26,12,53
26,13,51
26,14,63
26,15,73
26,16,74
26,17,94
26,18,104
26,19,89
26,20,84
26,21,76
26,22,73
26,23,74
26,24,68
26,25,94
26,26,123
26,27,112
26,28,93
26,29,92
26,30,82
26,31,71
26,32,63
26,33,54
26,34,56
26,35,57
26,36,58
26,37,91
26,38,132
26,39,162
26,40,171
26,41,172
26,42,174
26,43,156
26,44,130
26,45,105
26,46,99
26,47,112
26,48,149
26,49,174
26,50,180
26,51,169
26,52,151
26,53,139
26,54,143
26,55,162
26,56,162
26,57,151
26,58,149
26,59,158
26,60,169
26,61,180
26,62,184
26,63,176
26,64,173
26,65,170
26,66,173
26,67,173
26,68,165
26,69,154
26,70,144
26,71,141
26,72,151
26,73,161
26,74,164
26,75,148
26,76,127
26,77,123
26,78,137
26,79,150
26,80,165
26,81,167
26,82,169
26,83,166
26,84,153
26,85,147
26,86,146
26,87,139
26,88,139
26,89,130
26,90,118
26,91,116
26,92,127
26,93,127
26,94,115
26,95,111
26,96,120
26,97,108
26,98,80
26,99,76
26,100,79
26,101,79
26,102,85
26,103,94
26,104,90
26,105,79
26,106,69
26,107,64
26,108,68
26,109,82
26,110,92
26,111,97
26,112,77
26,113,72
26,114,71
26,115,64
26,116,94
26,117,118
26,118,132
26,119,137
26,120,125
26,121,137
26,122,154
26,123,160
26,124,159
26,125,164
26,126,171
26,127,177
26,128,179
26,129,179
26,130,178
26,131,177
26,132,174
26,133,170
26,134,163
26,135,149
26,136,152
26,137,163
26,138,165
26,139,160
26,140,155
26,141,158
26,142,163
26,143,154
26,144,143
26,145,141
26,146,148
26,147,160
26,148,158
26,149,169
27,0,88
27,1,61
27,2,36
27,3,38
27,4,38
27,5,40
27,6,73
27,7,103
27,8,109
27,9,100
27,10,88
27,11,65
27,12,43
27,13,39
27,14,49
27,15,67
27,16,70
27,17,80
27,18,95
27,19,100
27,20,86
27,21,78
27,22,66
27,23,63
27,24,74
27,25,88
27,26,114
27,27,124
27,28,111
27,29,99
27,30,89
27,31,74
27,32,70
27,33,65
27,34,61
27,35,57
27,36,58
27,37,69
27,38,92
27,39,135
27,40,161
27,41,174
27,42,171
27,43,154
27,44,148
27,45,132
27,46,119
27,47,104
27,48,119
27,49,153
27,50,173
27,51,168
27,52,154
27,53,154
27,54,157
27,55,168
27,56,156
27,57,155
27,58,155
27,59,153
27,60,155
27,61,161
27,62,161
27,63,157
27,64,155
27,65,169
27,66,179
27,67,165
27,68,150
27,69,146
27,70,144
27,71,146
27,72,164
27,73,173
27,74,174
27,75,158
27,76,141
27,77,142
27,78,153
27,79,158
27,80,163
27,81,169
27,82,184
27,83,193
27,84,185
27,85,172
27,86,169
27,87,171
27,88,172
27,89,171
27,90,158
27,91,139
27,92,128
27,93,114
27,94,102
27,95,106
27,96,107
27,97,100
27,98,92
27,99,83
27,100,90
27,101,81
27,102,70
27,103,83
27,104,92
27,105,77
27,106,65
27,107,66
27,108,77
27,109,80
27,110,78
27,111,83
27,112,81
27,113,93
27,114,85
27,115,59
27,116,76
27,117,110
27,118,128
27,119,131
27,120,136
27,121,147
27,122,155
27,123,158
27,124,161
27,125,164
27,126,167
27,127,174
27,128,175
27,129,180
27,130,184
27,131,183
27,132,175
27,133,171
27,134,169
27,135,158
27,136,158
27,137,169
27,138,168
27,139,162
27,140,159
27,141,158
27,142,155
27,143,147
27,144,130
27,145,130
27,146,142
27,147,156
27,148,156
27,149,169
28,0,105
28,1,84
28,2,49
28,3,28
28,4,31
28,5,30
28,6,42
28,7,80
28,8,111
28,9,113
28,10,85
28,11,52
28,12,41
28,13,40
28,14,55
28,15,74
28,16,79
28,17,74
28,18,80
28,19,84
28,20,77
28,21,82
28,22,73
28,23,62
28,24,78
28,25,86
28,26,110
28,27,130
28,28,124
28,29,106
28,30,89
28,31,75
28,32,75
28,33,74
28,34,68
28,35,66
28,36,67
28,37,59
28,38,57
28,39,93
28,40,136
28,41,165
28,42,166
28,43,151
28,44,147
28,45,135
28,46,135
28,47,130
28,48,114
28,49,123
28,50,144
28,51,156
28,52,159
28,53,170
28,54,166
28,55,162
28,56,154
28,57,140
28,58,131
28,59,124
28,60,116
28,61,117
28,62,129
28,63,140
28,64,136
28,65,153
28,66,169
28,67,164
28,68,159
28,69,163
28,70,163
28,71,162
28,72,163
28,73,164
28,74,159
28,75,152
28,76,155
28,77,165
28,78,167
28,79,163
28,80,156
28,81,170
28,82,187
28,83,194
28,84,184
28,85,169
28,86,167
28,87,177
28,88,185
28,89,188
28,90,183
28,91,169
28,92,151
28,93,126
28,94,112
28,95,121
28,96,122
28,97,117
28,98,103
28,99,76
28,100,85
28,101,84
28,102,75
28,103,83
28,104,74
28,105,66
28,106,63
28,107,69
28,108,80
28,109,81
28,110,72
28,111,70
28,112,88
28,113,94
28,114,93
28,115,84
28,116,69
28,117,83
28,118,110
28,119,131
28,120,141
28,121,140
28,122,146
28,123,154
28,124,159
28,125,163
28,126,168
28,127,166
28,128,174
28,129,180
28,130,185
28,131,183
28,132,173
28,133,170
28,134,172
28,135,166
28,136,166
28,137,168
28,138,164
28,139,163
28,140,165
28,141,165
28,142,162
28,143,155
28,144,145
28,145,145
28,146,152
28,147,153
28,148,145
28,149,160
29,0,108
29,1,103
29,2,73
29,3,35
29,4,32
29,5,32
29,6,30
29,7,56
29,8,87
29,9,98
29,10,78
29,11,51
29,12,42
29,13,41
29,14,57
29,15,66
29,16,66
29,17,70
29,18,81
29,19,76
29,20,73
29,21,72
29,22,75
29,23,71
29,24,73
29,25,77
29,26,98
29,27,116
29,28,122
29,29,115
29,30,94
29,31,78
29,32,78
29,33,78
29,34,78
29,35,82
29,36,78
29,37,62
29,38,50
29,39,67
29,40,101
29,41,142
29,42,160
29,43,152
29,44,139
29,45,123
29,46,127
29,47,137
29,48,130
29,49,118
29,50,121
29,51,130
29,52,136
29,53,149
29,54,141
29,55,128
29,56,123
29,57,104
29,58,85
29,59,85
29,60,94
29,61,97
29,62,105
29,63,119
29,64,116
29,65,125
29,66,149
29,67,171
29,68,179
29,69,182
29,70,179
29,71,176
29,72,163
29,73,154
29,74,143
29,75,144
29,76,161
29,77,172
29,78,168
29,79,160
29,80,153
29,81,157
29,82,160
29,83,158
29,84,165
29,85,176
29,86,183
29,87,187
29,88,182
29,89,181
29,90,182
29,91,180
29,92,166
29,93,136
29,94,119
29,95,129
29,96,143
29,97,129
29,98,105
29,99,85
29,100,108
29,101,119
29,102,107
29,103,88
29,104,68
29,105,61
29,106,69
29,107,79
29,108,74
29,109,66
29,110,65
29,111,72
29,112,85
29,113,84
29,114,87
29,115,98
29,116,80
29,117,73
29,118,85
29,119,113
29,120,136
29,121,137
29,122,135
29,123,141
29,124,153
29,125,162
29,126,166
29,127,166
29,128,175
29,129,179
29,130,181
29,131,179
29,132,172
29,133,169
29,134,172
29,135,169
29,136,169
29,137,165
29,138,167
29,139,170
29,140,167
29,141,171
29,142,176
29,143,173
29,144,164
29,145,163
29,146,165
29,147,157
29,148,144
29,149,158
30,0,110
30,1,112
30,2,97
30,3,69
30,4,48
30,5,38
30,6,35
30,7,39
30,8,51
30,9,67
30,10,70
30,11,56
30,12,43
30,13,37
30,14,48
30,15,52
30,16,49
30,17,62
30,18,75
30,19,75
30,20,76
30,21,73
30,22,79
30,23,81
30,24,70
30,25,70
30,26,76
30,27,90
30,28,108
30,29,119
30,30,110
30,31,90
30,32,84
30,33,81
30,34,84
30,35,88
30,36,74
30,37,65
30,38,62
30,39,69
30,40,73
30,41,100
30,42,130
30,43,138
30,44,128
30,45,113
30,46,103
30,47,113
30,48,140
30,49,134
30,50,124
30,51,125
30,52,125
30,53,126
30,54,113
30,55,93
30,56,84
30,57,84
30,58,76
30,59,92
30,60,116
30,61,113
30,62,99
30,63,93
30,64,94
30,65,104
30,66,136
30,67,174
30,68,185
30,69,179
30,70,173
30,71,166
30,72,161
30,73,157
30,74,152
30,75,155
30,76,167
30,77,174
30,78,168
30,79,159
30,80,158
30,81,147
30,82,140
30,83,137
30,84,150
30,85,177
30,86,192
30,87,193
30,88,187
30,89,182
30,90,182
30,91,185
30,92,177
30,93,153
30,94,140
30,95,148
30,96,158
30,97,142
30,98,125
30,99,117
30,100,133
30,101,135
30,102,129
30,103,119
30,104,92
30,105,71
30,106,71
30,107,80
30,108,69
30,109,52
30,110,53
30,111,69
30,112,75
30,113,74
30,114,73
30,115,79
30,116,86
30,117,87
30,118,77
30,119,88
30,120,125
30,121,141
30,122,132
30,123,126
30,124,145
30,125,158
30,126,164
30,127,171
30,128,171
30,129,177
30,130,178
30,131,176
30,132,173
30,133,172
30,134,174
30,135,171
30,136,168
30,137,170
30,138,177
30,139,177
30,140,169
30,141,171
30,142,177
30,143,175
30,144,165
30,145,160
30,146,161
30,147,158
30,148,153
30,149,169
31,0,109
31,1,106
31,2,111
31,3,95
31,4,59
31,5,43
31,6,39
31,7,29
31,8,26
31,9,46
31,10,71
31,11,68
31,12,53
31,13,39
31,14,40
31,15,42
31,16,37
31,17,57
31,18,67
31,19,77
31,20,78
31,21,87
31,22,90
31,23,87
31,24,73
31,25,73
31,26,63
31,27,74
31,28,94
31,29,115
31,30,126
31,31,105
31,32,83
31,33,82
31,34,86
31,35,88
31,36,68
31,37,62
31,38,68
31,39,70
31,40,60
31,41,72
31,42,101
31,43,111
31,44,112
31,45,117
31,46,94
31,47,92
31,48,133
31,49,146
31,50,137
31,51,139
31,52,131
31,53,115
31,54,106
31,55,93
31,56,92
31,57,95
31,58,98
31,59,117
31,60,126
31,61,114
31,62,98
31,63,81
31,64,81
31,65,92
31,66,125
31,67,163
31,68,172
31,69,168
31,70,166
31,71,156
31,72,165
31,73,171
31,74,173
31,75,168
31,76,167
31,77,172
31,78,171
31,79,165
31,80,146
31,81,140
31,82,150
31,83,155
31,84,155
31,85,167
31,86,179
31,87,182
31,88,188
31,89,182
31,90,181
31,91,181
31,92,177
31,93,166
31,94,160
31,95,168
31,96,166
31,97,153
31,98,154
31,99,155
31,100,156
31,101,135
31,102,119
31,103,129
31,104,112
31,105,78
31,106,59
31,107,64
31,108,69
31,109,58
31,110,52
31,111,62
31,112,71
31,113,61
31,114,58
31,115,56
31,116,79
31,117,98
31,118,85
31,119,79
31,120,108
31,121,132
31,122,127
31,123,116
31,124,130
31,125,148
31,126,159
31,127,164
31,128,164
31,129,175
31,130,178
31,131,176
31,132,175
31,133,176
31,134,178
31,135,176
31,136,169
31,137,176
31,138,182
31,139,177
31,140,173
31,141,174
31,142,170
31,143,164
31,144,159
31,145,148
31,146,148
31,147,154
31,148,160
31,149,179
32,0,106
32,1,110
32,2,111
32,3,108
32,4,92
32,5,67
32,6,35
32,7,33
32,8,34
32,9,35
32,10,48
32,11,71
32,12,68
32,13,50
32,14,34
32,15,44
32,16,37
32,17,42
32,18,57
32,19,77
32,20,83
32,21,88
32,22,98
32,23,93
32,24,73
32,25,60
32,26,52
32,27,71
32,28,86
32,29,97
32,30,108
32,31,99
32,32,87
32,33,89
32,34,86
32,35,91
32,36,81
32,37,69
32,38,60
32,39,61
32,40,63
32,41,64
32,42,68
32,43,73
32,44,87
32,45,103
32,46,108
32,47,109
32,48,125
32,49,151
32,50,151
32,51,150
32,52,145
32,53,127
32,54,121
32,55,120
32,56,109
32,57,120
32,58,130
32,59,126
32,60,119
32,61,117
32,62,107
32,63,98
32,64,94
32,65,104
32,66,121
32,67,150
32,68,163
32,69,161
32,70,165
32,71,159
32,72,161
32,73,172
32,74,176
32,75,173
32,76,170
32,77,171
32,78,166
32,79,152
32,80,136
32,81,143
32,82,163
32,83,177
32,84,169
32,85,167
32,86,178
32,87,178
32,88,181
32,89,186
32,90,187
32,91,183
32,92,175
32,93,173
32,94,177
32,95,171
32,96,148
32,97,161
32,98,148
32,99,156
32,100,175
32,101,153
32,102,128
32,103,125
32,104,107
32,105,87
32,106,79
32,107,79
32,108,66
32,109,58
32,110,59
32,111,73
32,112,63
32,113,58
32,114,48
32,115,48
32,116,60
32,117,79
32,118,85
32,119,81
32,120,92
32,121,115
32,122,109
32,123,100
32,124,106
32,125,118
32,126,141
32,127,160
32,128,163
32,129,164
32,130,167
32,131,172
32,132,176
32,133,179
32,134,178
32,135,174
32,136,171
32,137,174
32,138,174
32,139,172
32,140,173
32,141,172
32,142,168
32,143,164
32,144,157
32,145,159
32,146,161
32,147,167
32,148,166
32,149,176
33,0,95
33,1,108
33,2,111
33,3,113
33,4,111
33,5,89
33,6,54
33,7,35
33,8,39
33,9,34
33,10,36
33,11,54
33,12,70
33,13,69
33,14,49
33,15,42
33,16,40
33,17,38
33,18,51
33,19,65
33,20,83
33,21,93
33,22,87
33,23,90
33,24,79
33,25,60
33,26,58
33,27,70
33,28,80
33,29,84
33,30,84
33,31,88
33,32,85
33,33,77
33,34,81
33,35,83
33,36,86
33,37,85
33,38,75
33,39,70
33,40,72
33,41,74
33,42,80
33,43,89
33,44,98
33,45,108
33,46,125
33,47,141
33,48,156
33,49,169
33,50,160
33,51,155
33,52,153
33,53,142
33,54,134
33,55,129
33,56,112
33,57,112
33,58,121
33,59,125
33,60,125
33,61,131
33,62,127
33,63,116
33,64,111
33,65,114
33,66,119
33,67,141
33,68,161
33,69,165
33,70,166
33,71,163
33,72,168
33,73,168
33,74,174
33,75,174
33,76,165
33,77,156
33,78,153
33,79,151
33,80,147
33,81,150
33,82,165
33,83,180
33,84,176
33,85,172
33,86,177
33,87,178
33,88,183
33,89,188
33,90,186
33,91,188
33,92,182
33,93,177
33,94,177
33,95,160
33,96,137
33,97,133
33,98,137
33,99,158
33,100,168
33,101,158
33,102,146
33,103,133
33,104,119
33,105,113
33,106,117
33,107,99
33,108,63
33,109,61
33,110,74
33,111,86
33,112,68
33,113,55
33,114,44
33,115,40
33,116,50
33,117,64
33,118,78
33,119,93
33,120,93
33,121,105
33,122,97
33,123,83
33,124,81
33,125,94
33,126,128
33,127,159
33,128,162
33,129,164
33,130,166
33,131,172
33,132,179
33,133,177
33,134,170
33,135,165
33,136,174
33,137,178
33,138,178
33,139,174
33,140,171
33,141,167
33,142,164
33,143,162
33,144,167
33,145,172
33,146,174
33,147,176
33,148,172
33,149,182
34,0,91
34,1,105
34,2,111
34,3,108
34,4,109
34,5,109
34,6,90
34,7,49
34,8,26
34,9,35
34,10,32
34,11,25
34,12,47
34,13,72
34,14,69
34,15,54
34,16,45
34,17,40
34,18,46
34,19,49
34,20,70
34,21,89
34,22,82
34,23,85
34,24,89
34,25,64
34,26,64
34,27,64
34,28,70
34,29,84
34,30,86
34,31,98
34,32,89
34,33,72
34,34,74
34,35,73
34,36,83
34,37,85
34,38,83
34,39,84
34,40,92
34,41,112
34,42,127
34,43,137
34,44,138
34,45,142
34,46,158
34,47,167
34,48,169
34,49,164
34,50,148
34,51,141
34,52,138
34,53,128
34,54,120
34,55,118
34,56,107
34,57,104
34,58,103
34,59,107
34,60,123
34,61,136
34,62,129
34,63,118
34,64,110
34,65,106
34,66,110
34,67,135
34,68,165
34,69,175
34,70,176
34,71,184
34,72,176
34,73,168
34,74,171
34,75,173
34,76,158
34,77,145
34,78,144
34,79,145
34,80,150
34,81,155
34,82,167
34,83,180
34,84,180
34,85,176
34,86,179
34,87,180
34,88,175
34,89,183
34,90,187
34,91,187
34,92,182
34,93,182
34,94,182
34,95,168
34,96,149
34,97,127
34,98,131
34,99,154
34,100,166
34,101,177
34,102,180
34,103,165
34,104,147
34,105,135
34,106,136
34,107,113
34,108,76
34,109,75
34,110,85
34,111,101
34,112,80
34,113,59
34,114,51
34,115,41
34,116,48
34,117,56
34,118,79
34,119,111
34,120,115
34,121,115
34,122,109
34,123,96
34,124,82
34,125,86
34,126,120
34,127,157
34,128,167
34,129,167
34,130,165
34,131,169
34,132,177
34,133,173
34,134,160
34,135,153
34,136,166
34,137,170
34,138,170
34,139,170
34,140,171
34,141,171
34,142,168
34,143,167
34,144,169
34,145,174
34,146,173
34,147,170
34,148,164
34,149,176
35,0,96
35,1,103
35,2,114
35,3,110
35,4,111
35,5,121
35,6,120
35,7,81
35,8,44
35,9,32
35,10,31
35,11,24
35,12,31
35,13,51
35,14,73
35,15,76
35,16,53
35,17,34
35,18,28
35,19,39
35,20,56
35,21,72
35,22,86
35,23,95
35,24,99
35,25,76
35,26,71
35,27,60
35,28,59
35,29,84
35,30,99
35,31,104
35,32,96
35,33,82
35,34,76
35,35,80
35,36,85
35,37,80
35,38,87
35,39,101
35,40,125
35,41,155
35,42,172
35,43,177
35,44,174
35,45,171
35,46,174
35,47,164
35,48,160
35,49,148
35,50,138
35,51,132
35,52,118
35,53,102
35,54,102
35,55,116
35,56,133
35,57,128
35,58,118
35,59,107
35,60,114
35,61,131
35,62,132
35,63,124
35,64,109
35,65,106
35,66,120
35,67,145
35,68,167
35,69,175
35,70,177
35,71,186
35,72,177
35,73,159
35,74,150
35,75,155
35,76,150
35,77,144
35,78,140
35,79,126
35,80,137
35,81,151
35,82,164
35,83,175
35,84,178
35,85,173
35,86,171
35,87,169
35,88,167
35,89,175
35,90,178
35,91,158
35,92,153
35,93,172
35,94,181
35,95,184
35,96,181
35,97,148
35,98,133
35,99,144
35,100,167
35,101,186
35,102,188
35,103,184
35,104,177
35,105,151
35,106,130
35,107,111
35,108,98
35,109,92
35,110,88
35,111,115
35,112,96
35,113,65
35,114,61
35,115,46
35,116,47
35,117,55
35,118,82
35,119,119
35,120,137
35,121,135
35,122,136
35,123,131
35,124,114
35,125,102
35,126,118
35,127,147
35,128,167
35,129,168
35,130,165
35,131,166
35,132,173
35,133,171
35,134,160
35,135,153
35,136,152
35,137,152
35,138,152
35,139,160
35,140,172
35,141,177
35,142,174
35,143,169
35,144,168
35,145,171
35,146,169
35,147,166
35,148,161
35,149,173
36,0,95
36,1,92
36,2,102
36,3,108
36,4,115
36,5,119
36,6,124
36,7,115
36,8,88
36,9,46
36,10,39
36,11,40
36,12,31
36,13,31
36,14,61
36,15,83
36,16,72
36,17,48
36,18,31
36,19,36
36,20,42
36,21,57
36,22,83
36,23,96
36,24,94
36,25,87
36,26,77
36,27,67
36,28,60
36,29,72
36,30,91
36,31,92
36,32,97
36,33,90
36,34,81
36,35,86
36,36,89
36,37,86
36,38,90
36,39,115
36,40,155
36,41,170
36,42,172
36,43,176
36,44,174
36,45,168
36,46,167
36,47,153
36,48,142
36,49,135
36,50,135
36,51,131
36,52,111
36,53,94
36,54,104
36,55,130
36,56,147
36,57,143
36,58,142
36,59,120
36,60,98
36,61,110
36,62,126
36,63,124
36,64,111
36,65,114
36,66,137
36,67,153
36,68,156
36,69,163
36,70,172
36,71,180
36,72,171
36,73,137
36,74,111
36,75,121
36,76,129
36,77,131
36,78,131
36,79,110
36,80,104
36,81,127
36,82,149
36,83,164
36,84,172
36,85,169
36,86,170
36,87,174
36,88,168
36,89,166
36,90,152
36,91,122
36,92,130
36,93,165
36,94,179
36,95,185
36,96,186
36,97,170
36,98,143
36,99,121
36,100,135
36,101,167
36,102,181
36,103,184
36,104,184
36,105,164
36,106,136
36,107,117
36,108,116
36,109,102
36,110,84
36,111,114
36,112,107
36,113,63
36,114,60
36,115,48
36,116,45
36,117,57
36,118,87
36,119,123
36,120,133
36,121,139
36,122,148
36,123,152
36,124,145
36,125,133
36,126,133
36,127,146
36,128,159
36,129,165
36,130,169
36,131,169
36,132,168
36,133,168
36,134,164
36,135,158
36,136,161
36,137,151
36,138,143
36,139,149
36,140,165
36,141,176
36,142,175
36,143,172
36,144,165
36,145,166
36,146,165
36,147,166
36,148,163
36,149,175
37,0,94
37,1,84
37,2,91
37,3,106
37,4,115
37,5,117
37,6,124
37,7,127
37,8,113
37,9,77
37,10,48
37,11,38
37,12,35
37,13,30
37,14,45
37,15,75
37,16,77
37,17,65
37,18,53
37,19,39
37,20,32
37,21,43
37,22,65
37,23,84
37,24,93
37,25,98
37,26,81
37,27,71
37,28,64
37,29,59
37,30,81
37,31,100
37,32,108
37,33,103
37,34,92
37,35,84
37,36,91
37,37,102
37,38,100
37,39,129
37,40,167
37,41,170
37,42,160
37,43,159
37,44,161
37,45,158
37,46,156
37,47,141
37,48,129
37,49,126
37,50,128
37,51,126
37,52,116
37,53,109
37,54,118
37,55,134
37,56,140
37,57,143
37,58,149
37,59,132
37,60,107
37,61,110
37,62,127
37,63,134
37,64,124
37,65,130
37,66,157
37,67,171
37,68,161
37,69,154
37,70,160
37,71,168
37,72,162
37,73,129
37,74,107
37,75,123
37,76,129
37,77,125
37,78,128
37,79,117
37,80,106
37,81,116
37,82,127
37,83,147
37,84,166
37,85,171
37,86,176
37,87,183
37,88,178
37,89,161
37,90,126
37,91,107
37,92,131
37,93,168
37,94,180
37,95,173
37,96,173
37,97,178
37,98,162
37,99,120
37,100,104
37,101,132
37,102,166
37,103,186
37,104,181
37,105,172
37,106,148
37,107,127
37,108,119
37,109,98
37,110,77
37,111,105
37,112,110
37,113,59
37,114,56
37,115,51
37,116,46
37,117,59
37,118,86
37,119,119
37,120,130
37,121,141
37,122,150
37,123,154
37,124,156
37,125,154
37,126,150
37,127,147
37,128,142
37,129,156
37,130,170
37,131,173
37,132,168
37,133,167
37,134,169
37,135,167
37,136,169
37,137,158
37,138,147
37,139,149
37,140,160
37,141,166
37,142,163
37,143,159
37,144,162
37,145,162
37,146,160
37,147,162
37,148,160
37,149,172
38,0,108
38,1,100
38,2,98
38,3,114
38,4,119
38,5,122
38,6,128
38,7,127
38,8,128
38,9,103
38,10,65
38,11,45
38,12,43
38,13,38
38,14,40
38,15,68
38,16,80
38,17,71
38,18,68
38,19,56
38,20,38
38,21,28
38,22,34
38,23,57
38,24,92
38,25,104
38,26,89
38,27,74
38,28,66
38,29,58
38,30,77
38,31,106
38,32,109
38,33,107
38,34,98
38,35,79
38,36,87
38,37,102
38,38,101
38,39,120
38,40,151
38,41,157
38,42,151
38,43,149
38,44,151
38,45,151
38,46,147
38,47,130
38,48,127
38,49,132
38,50,133
38,51,132
38,52,129
38,53,127
38,54,129
38,55,131
38,56,125
38,57,133
38,58,134
38,59,120
38,60,109
38,61,110
38,62,118
38,63,129
38,64,129
38,65,146
38,66,172
38,67,183
38,68,172
38,69,153
38,70,140
38,71,140
38,72,144
38,73,131
38,74,136
38,75,155
38,76,157
38,77,152
38,78,153
38,79,150
38,80,140
38,81,130
38,82,120
38,83,133
38,84,158
38,85,170
38,86,177
38,87,184
38,88,183
38,89,156
38,90,124
38,91,122
38,92,147
38,93,172
38,94,176
38,95,163
38,96,166
38,97,172
38,98,175
38,99,160
38,100,130
38,101,115
38,102,135
38,103,168
38,104,181
38,105,177
38,106,149
38,107,121
38,108,108
38,109,93
38,110,80
38,111,103
38,112,106
38,113,58
38,114,54
38,115,53
38,116,49
38,117,66
38,118,92
38,119,120
38,120,139
38,121,147
38,122,152
38,123,156
38,124,155
38,125,154
38,126,153
38,127,141
38,128,131
38,129,146
38,130,161
38,131,169
38,132,169
38,133,168
38,134,171
38,135,176
38,136,165
38,137,160
38,138,156
38,139,160
38,140,165
38,141,160
38,142,149
38,143,141
38,144,148
38,145,149
38,146,146
38,147,144
38,148,141
38,149,156
39,0,125
39,1,120
39,2,97
39,3,106
39,4,114
39,5,114
39,6,121
39,7,129
39,8,134
39,9,122
39,10,102
39,11,74
39,12,42
39,13,39
39,14,49
39,15,66
39,16,79
39,17,73
39,18,74
39,19,71
39,20,55
39,21,37
39,22,33
39,23,42
39,24,66
39,25,92
39,26,99
39,27,86
39,28,78
39,29,69
39,30,70
39,31,86
39,32,98
39,33,105
39,34,104
39,35,86
39,36,91
39,37,95
39,38,96
39,39,103
39,40,117
39,41,128
39,42,133
39,43,137
39,44,142
39,45,145
39,46,142
39,47,129
39,48,125
39,49,139
39,50,145
39,51,142
39,52,135
39,53,128
39,54,128
39,55,126
39,56,122
39,57,131
39,58,134
39,59,121
39,60,109
39,61,109
39,62,110
39,63,111
39,64,122
39,65,155
39,66,175
39,67,177
39,68,181
39,69,175
39,70,160
39,71,151
39,72,154
39,73,149
39,74,161
39,75,166
39,76,164
39,77,166
39,78,161
39,79,157
39,80,164
39,81,160
39,82,146
39,83,138
39,84,140
39,85,145
39,86,161
39,87,178
39,88,170
39,89,147
39,90,143
39,91,158
39,92,175
39,93,184
39,94,174
39,95,163
39,96,159
39,97,167
39,98,176
39,99,184
39,100,169
39,101,130
39,102,116
39,103,138
39,104,174
39,105,178
39,106,150
39,107,115
39,108,103
39,109,98
39,110,88
39,111,101
39,112,98
39,113,58
39,114,53
39,115,53
39,116,55
39,117,85
39,118,115
39,119,144
39,120,143
39,121,146
39,122,153
39,123,164
39,124,159
39,125,155
39,126,158
39,127,146
39,128,137
39,129,146
39,130,154
39,131,162
39,132,168
39,133,165
39,134,165
39,135,172
39,136,175
39,137,169
39,138,164
39,139,166
39,140,169
39,141,163
39,142,152
39,143,146
39,144,138
39,145,143
39,146,141
39,147,137
39,148,133
39,149,148
40,0,141
40,1,131
40,2,105
40,3,94
40,4,100
40,5,102
40,6,109
40,7,118
40,8,129
40,9,131
40,10,132
40,11,111
40,12,62
40,13,39
40,14,42
40,15,57
40,16,65
40,17,69
40,18,71
40,19,77
40,20,66
40,21,45
40,22,36
40,23,30
40,24,38
40,25,70
40,26,93
40,27,99
40,28,94
40,29,79
40,30,69
40,31,68
40,32,82
40,33,102
40,34,96
40,35,82
40,36,85
40,37,92
40,38,94
40,39,90
40,40,90
40,41,96
40,42,113
40,43,130
40,44,142
40,45,147
40,46,140
40,47,128
40,48,136
40,49,149
40,50,151
40,51,146
40,52,139
40,53,131
40,54,130
40,55,129
40,56,129
40,57,136
40,58,128
40,59,114
40,60,116
40,61,115
40,62,100
40,63,98
40,64,106
40,65,164
40,66,187
40,67,186
40,68,185
40,69,180
40,70,179
40,71,173
40,72,170
40,73,169
40,74,166
40,75,163
40,76,164
40,77,166
40,78,163
40,79,158
40,80,160
40,81,171
40,82,174
40,83,158
40,84,129
40,85,137
40,86,138
40,87,138
40,88,136
40,89,143
40,90,161
40,91,176
40,92,181
40,93,184
40,94,182
40,95,173
40,96,160
40,97,158
40,98,158
40,99,181
40,100,192
40,101,166
40,102,141
40,103,137
40,104,146
40,105,169
40,106,166
40,107,126
40,108,105
40,109,104
40,110,88
40,111,92
40,112,79
40,113,70
40,114,64
40,115,62
40,116,77
40,117,107
40,118,127
40,119,152
40,120,143
40,121,143
40,122,152
40,123,158
40,124,154
40,125,156
40,126,162
40,127,161
40,128,149
40,129,154
40,130,145
40,131,136
40,132,158
40,133,174
40,134,162
40,135,163
40,136,170
40,137,170
40,138,166
40,139,166
40,140,168
40,141,171
40,142,175
40,143,172
40,144,162
40,145,160
40,146,155
40,147,146
40,148,138
40,149,153
41,0,155
41,1,139
41,2,119
41,3,99
41,4,90
41,5,98
41,6,108
41,7,112
41,8,133
41,9,132
41,10,130
41,11,121
41,12,96
41,13,66
41,14,46
41,15,48
41,16,61
41,17,59
41,18,63
41,19,77
41,20,73
41,21,52
41,22,40
41,23,34
41,24,32
41,25,50
41,26,75
41,27,90
41,28,94
41,29,81
41,30,62
41,31,60
41,32,74
41,33,92
41,34,98
41,35,94
41,36,90
41,37,85
41,38,86
41,39,92
41,40,85
41,41,91
41,42,105
41,43,115
41,44,123
41,45,133
41,46,133
41,47,131
41,48,146
41,49,157
41,50,152
41,51,149
41,52,148
41,53,134
41,54,129
41,55,136
41,56,134
41,57,133
41,58,120
41,59,108
41,60,115
41,61,118
41,62,106
41,63,97
41,64,106
41,65,164
41,66,187
41,67,183
41,68,182
41,69,178
41,70,176
41,71,170
41,72,178
41,73,174
41,74,168
41,75,166
41,76,167
41,77,169
41,78,168
41,79,167
41,80,166
41,81,164
41,82,165
41,83,163
41,84,149
41,85,147
41,86,134
41,87,120
41,88,115
41,89,135
41,90,159
41,91,173
41,92,181
41,93,187
41,94,183
41,95,173
41,96,161
41,97,155
41,98,159
41,99,167
41,100,173
41,101,175
41,102,166
41,103,154
41,104,146
41,105,155
41,106,168
41,107,148
41,108,113
41,109,94
41,110,75
41,111,75
41,112,76
41,113,64
41,114,64
41,115,74
41,116,94
41,117,121
41,118,130
41,119,145
41,120,151
41,121,155
41,122,156
41,123,153
41,124,154
41,125,157
41,126,159
41,127,163
41,128,164
41,129,160
41,130,144
41,131,128
41,132,141
41,133,162
41,134,162
41,135,160
41,136,167
41,137,168
41,138,166
41,139,160
41,140,162
41,141,170
41,142,173
41,143,173
41,144,176
41,145,170
41,146,160
41,147,149
41,148,140
41,149,155
42,0,149
42,1,141
42,2,135
42,3,112
42,4,95
42,5,108
42,6,119
42,7,117
42,8,136
42,9,134
42,10,127
42,11,122
42,12,126
42,13,106
42,14,74
42,15,63
42,16,58
42,17,57
42,18,65
42,19,78
42,20,80
42,21,69
42,22,53
42,23,39
42,24,41
42,25,39
42,26,49
42,27,60
42,28,80
42,29,91
42,30,73
42,31,60
42,32,60
42,33,71
42,34,90
42,35,103
42,36,102
42,37,90
42,38,85
42,39,91
42,40,85
42,41,94
42,42,102
42,43,89
42,44,84
42,45,100
42,46,114
42,47,126
42,48,141
42,49,153
42,50,147
42,51,141
42,52,143
42,53,133
42,54,127
42,55,135
42,56,137
42,57,133
42,58,119
42,59,115
42,60,124
42,61,127
42,62,114
42,63,98
42,64,113
42,65,165
42,66,183
42,67,178
42,68,179
42,69,180
42,70,181
42,71,176
42,72,181
42,73,181
42,74,178
42,75,172
42,76,167
42,77,165
42,78,163
42,79,161
42,80,165
42,81,165
42,82,166
42,83,168
42,84,164
42,85,152
42,86,137
42,87,122
42,88,121
42,89,127
42,90,132
42,91,144
42,92,165
42,93,180
42,94,177
42,95,168
42,96,162
42,97,152
42,98,156
42,99,154
42,100,149
42,101,162
42,102,170
42,103,168
42,104,162
42,105,151
42,106,156
42,107,154
42,108,125
42,109,87
42,110,59
42,111,74
42,112,76
42,113,69
42,114,72
42,115,79
42,116,99
42,117,123
42,118,126
42,119,142
42,120,161
42,121,168
42,122,168
42,123,159
42,124,160
42,125,161
42,126,154
42,127,156
42,128,157
42,129,159
42,130,153
42,131,136
42,132,126
42,133,135
42,134,145
42,135,144
42,136,156
42,137,164
42,138,167
42,139,157
42,140,159
42,141,169
42,142,170
42,143,171
42,144,178
42,145,175
42,146,169
42,147,160
42,148,151
42,149,166
43,0,143
43,1,144
43,2,144
43,3,124
43,4,107
43,5,112
43,6,117
43,7,112
43,8,126
43,9,132
43,10,130
43,11,115
43,12,123
43,13,120
43,14,95
43,15,73
43,16,59
43,17,60
43,18,69
43,19,78
43,20,85
43,21,86
43,22,74
43,23,59
43,24,49
43,25,41
43,26,37
43,27,39
43,28,65
43,29,92
43,30,84
43,31,64
43,32,55
43,33,57
43,34,81
43,35,103
43,36,107
43,37,99
43,38,93
43,39,99
43,40,90
43,41,94
43,42,96
43,43,76
43,44,67
43,45,79
43,46,85
43,47,94
43,48,122
43,49,142
43,50,143
43,51,132
43,52,130
43,53,130
43,54,128
43,55,130
43,56,140
43,57,137
43,58,128
43,59,129
43,60,135
43,61,132
43,62,119
43,63,99
43,64,118
43,65,168
43,66,188
43,67,183
43,68,181
43,69,179
43,70,179
43,71,176
43,72,185
43,73,187
43,74,184
43,75,180
43,76,181
43,77,181
43,78,169
43,79,153
43,80,148
43,81,151
43,82,153
43,83,159
43,84,163
43,85,146
43,86,135
43,87,128
43,88,141
43,89,139
43,90,130
43,91,123
43,92,132
43,93,150
43,94,160
43,95,161
43,96,157
43,97,146
43,98,143
43,99,145
43,100,150
43,101,155
43,102,159
43,103,165
43,104,168
43,105,153
43,106,144
43,107,143
43,108,133
43,109,95
43,110,62
43,111,88
43,112,108
43,113,99
43,114,96
43,115,88
43,116,91
43,117,113
43,118,127
43,119,149
43,120,158
43,121,166
43,122,172
43,123,166
43,124,165
43,125,163
43,126,151
43,127,147
43,128,150
43,129,153
43,130,152
43,131,139
43,132,114
43,133,108
43,134,119
43,135,118
43,136,134
43,137,154
43,138,164
43,139,159
43,140,160
43,141,169
43,142,172
43,143,171
43,144,170
43,145,176
43,146,178
43,147,171
43,148,159
43,149,169
44,0,135
44,1,140
44,2,139
44,3,130
44,4,111
44,5,102
44,6,108
44,7,111
44,8,108
44,9,121
44,10,134
44,11,110
44,12,99
44,13,103
44,14,94
44,15,70
44,16,63
44,17,65
44,18,78
44,19,90
44,20,94
44,21,93
44,22,83
44,23,72
44,24,53
44,25,45
44,26,35
44,27,36
44,28,50
44,29,71
44,30,81
44,31,79
44,32,60
44,33,55
44,34,72
44,35,97
44,36,106
44,37,102
44,38,99
44,39,107
44,40,107
44,41,97
44,42,94
44,43,81
44,44,79
44,45,85
44,46,74
44,47,69
44,48,95
44,49,117
44,50,122
44,51,111
44,52,109
44,53,112
44,54,115
44,55,122
44,56,135
44,57,134
44,58,126
44,59,127
44,60,130
44,61,122
44,62,110
44,63,97
44,64,124
44,65,170
44,66,191
44,67,187
44,68,180
44,69,175
44,70,177
44,71,181
44,72,182
44,73,182
44,74,180
44,75,178
44,76,183
44,77,183
44,78,168
44,79,150
44,80,143
44,81,144
44,82,151
44,83,158
44,84,158
44,85,140
44,86,138
44,87,137
44,88,151
44,89,160
44,90,155
44,91,135
44,92,123
44,93,133
44,94,144
44,95,143
44,96,147
44,97,145
44,98,139
44,99,147
44,100,160
44,101,159
44,102,157
44,103,160
44,104,161
44,105,157
44,106,152
44,107,141
44,108,128
44,109,105
44,110,83
44,111,105
44,112,136
44,113,125
44,114,124
44,115,112
44,116,89
44,117,94
44,118,116
44,119,148
44,120,152
44,121,162
44,122,170
44,123,169
44,124,167
44,125,163
44,126,151
44,127,144
44,128,148
44,129,144
44,130,143
44,131,143
44,132,125
44,133,106
44,134,100
44,135,90
44,136,115
44,137,145
44,138,159
44,139,161
44,140,160
44,141,161
44,142,167
44,143,163
44,144,162
44,145,174
44,146,179
44,147,171
44,148,155
44,149,163
45,0,137
45,1,143
45,2,145
45,3,139
45,4,113
45,5,84
45,6,88
45,7,104
45,8,96
45,9,111
45,10,140
45,11,127
45,12,97
45,13,92
45,14,86
45,15,68
45,16,68
45,17,74
45,18,89
45,19,101
45,20,101
45,21,95
45,22,87
45,23,75
45,24,58
45,25,48
45,26,34
45,27,29
45,28,34
45,29,51
45,30,77
45,31,95
45,32,80
45,33,59
45,34,54
45,35,75
45,36,98
45,37,103
45,38,101
45,39,107
45,40,113
45,41,109
45,42,106
45,43,89
45,44,81
45,45,88
45,46,79
45,47,67
45,48,70
45,49,82
45,50,81
45,51,74
45,52,78
45,53,78
45,54,85
45,55,107
45,56,117
45,57,117
45,58,111
45,59,113
45,60,118
45,61,110
45,62,100
45,63,99
45,64,135
45,65,171
45,66,187
45,67,184
45,68,182
45,69,180
45,70,182
45,71,187
45,72,180
45,73,181
45,74,182
45,75,183
45,76,182
45,77,176
45,78,164
45,79,153
45,80,148
45,81,144
45,82,149
45,83,146
45,84,144
45,85,147
45,86,158
45,87,149
45,88,153
45,89,159
45,90,161
45,91,154
45,92,145
45,93,141
45,94,136
45,95,127
45,96,142
45,97,139
45,98,135
45,99,149
45,100,162
45,101,161
45,102,162
45,103,165
45,104,166
45,105,169
45,106,164
45,107,140
45,108,115
45,109,97
45,110,87
45,111,114
45,112,144
45,113,138
45,114,134
45,115,132
45,116,113
45,117,90
45,118,88
45,119,117
45,120,129
45,121,146
45,122,157
45,123,161
45,124,164
45,125,159
45,126,147
45,127,139
45,128,137
45,129,134
45,130,138
45,131,146
45,132,135
45,133,113
45,134,101
45,135,90
45,136,99
45,137,131
45,138,151
45,139,163
45,140,160
45,141,155
45,142,162
45,143,156
45,144,162
45,145,172
45,146,174
45,147,170
45,148,155
45,149,161
46,0,140
46,1,151
46,2,147
46,3,137
46,4,121
46,5,87
46,6,71
46,7,85
46,8,84
46,9,95
46,10,139
46,11,153
46,12,123
46,13,102
46,14,82
46,15,68
46,16,71
46,17,75
46,18,87
46,19,101
46,20,100
46,21,93
46,22,90
46,23,81
46,24,57
46,25,47
46,26,37
46,27,31
46,28,34
46,29,47
46,30,67
46,31,87
46,32,96
46,33,73
46,34,48
46,35,54
46,36,80
46,37,95
46,38,103
46,39,111
46,40,104
46,41,112
46,42,117
46,43,96
46,44,77
46,45,81
46,46,83
46,47,74
46,48,66
46,49,67
46,50,60
46,51,55
46,52,61
46,53,61
46,54,64
46,55,83
46,56,90
46,57,93
46,58,90
46,59,91
46,60,99
46,61,92
46,62,87
46,63,102
46,64,139
46,65,171
46,66,186
46,67,185
46,68,188
46,69,187
46,70,183
46,71,181
46,72,180
46,73,180
46,74,180
46,75,181
46,76,181
46,77,175
46,78,165
46,79,156
46,80,152
46,81,142
46,82,138
46,83,133
46,84,143
46,85,168
46,86,177
46,87,163
46,88,154
46,89,152
46,90,155
46,91,162
46,92,159
46,93,146
46,94,136
46,95,137
46,96,145
46,97,131
46,98,130
46,99,149
46,100,165
46,101,166
46,102,166
46,103,166
46,104,167
46,105,171
46,106,164
46,107,140
46,108,121
46,109,108
46,110,91
46,111,109
46,112,129
46,113,122
46,114,106
46,115,116
46,116,128
46,117,108
46,118,79
46,119,77
46,120,88
46,121,110
46,122,127
46,123,139
46,124,142
46,125,141
46,126,136
46,127,121
46,128,114
46,129,122
46,130,136
46,131,141
46,132,126
46,133,106
46,134,94
46,135,84
46,136,89
46,137,114
46,138,139
46,139,158
46,140,159
46,141,159
46,142,169
46,143,167
46,144,169
46,145,169
46,146,167
46,147,171
46,148,164
46,149,169
47,0,146
47,1,155
47,2,137
47,3,121
47,4,127
47,5,100
47,6,58
47,7,59
47,8,69
47,9,76
47,10,123
47,11,158
47,12,139
47,13,115
47,14,88
47,15,79
47,16,70
47,17,69
47,18,81
47,19,106
47,20,104
47,21,86
47,22,82
47,23,77
47,24,56
47,25,45
47,26,42
47,27,39
47,28,40
47,29,44
47,30,51
47,31,71
47,32,92
47,33,89
47,34,67
47,35,58
47,36,69
47,37,83
47,38,99
47,39,114
47,40,110
47,41,110
47,42,114
47,43,103
47,44,84
47,45,83
47,46,89
47,47,86
47,48,75
47,49,71
47,50,67
47,51,61
47,52,63
47,53,64
47,54,57
47,55,57
47,56,65
47,57,69
47,58,66
47,59,65
47,60,72
47,61,67
47,62,68
47,63,95
47,64,134
47,65,168
47,66,185
47,67,183
47,68,185
47,69,186
47,70,184
47,71,184
47,72,180
47,73,183
47,74,184
47,75,179
47,76,175
47,77,172
47,78,167
47,79,162
47,80,149
47,81,141
47,82,136
47,83,137
47,84,151
47,85,169
47,86,169
47,87,165
47,88,160
47,89,157
47,90,155
47,91,159
47,92,159
47,93,147
47,94,142
47,95,153
47,96,146
47,97,136
47,98,144
47,99,158
47,100,167
47,101,168
47,102,161
47,103,160
47,104,155
47,105,163
47,106,166
47,107,153
47,108,150
47,109,148
47,110,116
47,111,100
47,112,101
47,113,96
47,114,82
47,115,97
47,116,122
47,117,130
47,118,111
47,119,82
47,120,67
47,121,87
47,122,108
47,123,122
47,124,118
47,125,121
47,126,124
47,127,100
47,128,86
47,129,94
47,130,109
47,131,112
47,132,104
47,133,103
47,134,104
47,135,98
47,136,95
47,137,109
47,138,132
47,139,151
47,140,155
47,141,162
47,142,176
47,143,181
47,144,169
47,145,161
47,146,156
47,147,169
47,148,171
47,149,178
48,0,148
48,1,152
48,2,125
48,3,109
48,4,124
48,5,120
48,6,88
48,7,65
48,8,59
48,9,64
48,10,100
48,11,141
48,12,144
48,13,125
48,14,95
48,15,80
48,16,69
48,17,73
48,18,82
48,19,100
48,20,102
48,21,86
48,22,83
48,23,68
48,24,49
48,25,51
48,26,48
48,27,49
48,28,48
48,29,48
48,30,48
48,31,47
48,32,65
48,33,86
48,34,81
48,35,73
48,36,70
48,37,70
48,38,90
48,39,109
48,40,109
48,41,108
48,42,109
48,43,109
48,44,99
48,45,90
48,46,90
48,47,88
48,48,78
48,49,73
48,50,67
48,51,60
48,52,59
48,53,67
48,54,71
48,55,65
48,56,59
48,57,65
48,58,55
48,59,57
48,60,62
48,61,52
48,62,55
48,63,89
48,64,129
48,65,161
48,66,177
48,67,180
48,68,184
48,69,183
48,70,181
48,71,181
48,72,181
48,73,181
48,74,180
48,75,176
48,76,172
48,77,175
48,78,179
48,79,172
48,80,150
48,81,141
48,82,142
48,83,138
48,84,133
48,85,132
48,86,137
48,87,160
48,88,165
48,89,169
48,90,159
48,91,149
48,92,148
48,93,145
48,94,148
48,95,156
48,96,152
48,97,151
48,98,154
48,99,164
48,100,170
48,101,162
48,102,153
48,103,148
48,104,155
48,105,159
48,106,164
48,107,154
48,108,162
48,109,166
48,110,135
48,111,92
48,112,77
48,113,104
48,114,115
48,115,123
48,116,143
48,117,148
48,118,135
48,119,117
48,120,97
48,121,116
48,122,130
48,123,126
48,124,122
48,125,128
48,126,118
48,127,88
48,128,68
48,129,69
48,130,72
48,131,87
48,132,102
48,133,127
48,134,150
48,135,144
48,136,129
48,137,137
48,138,132
48,139,128
48,140,139
48,141,160
48,142,175
48,143,173
48,144,167
48,145,156
48,146,156
48,147,165
48,148,166
48,149,180
49,0,159
49,1,146
49,2,130
49,3,119
49,4,119
49,5,130
49,6,126
49,7,101
49,8,87
49,9,87
49,10,110
49,11,143
49,12,150
49,13,139
49,14,111
49,15,87
49,16,77
49,17,76
49,18,90
49,19,98
49,20,95
49,21,94
49,22,92
49,23,72
49,24,59
49,25,56
49,26,49
49,27,54
49,28,58
49,29,53
49,30,51
49,31,47
49,32,53
49,33,70
49,34,78
49,35,80
49,36,74
49,37,65
49,38,76
49,39,93
49,40,107
49,41,109
49,42,107
49,43,111
49,44,106
49,45,94
49,46,90
49,47,88
49,48,84
49,49,72
49,50,61
49,51,54
49,52,53
49,53,61
49,54,67
49,55,67
49,56,66
49,57,64
49,58,59
49,59,59
49,60,58
49,61,54
49,62,63
49,63,99
49,64,133
49,65,157
49,66,174
49,67,178
49,68,179
49,69,181
49,70,183
49,71,178
49,72,181
49,73,180
49,74,175
49,75,174
49,76,176
49,77,181
49,78,185
49,79,182
49,80,164
49,81,145
49,82,135
49,83,133
49,84,121
49,85,116
49,86,132
49,87,153
49,88,158
49,89,159
49,90,153
49,91,150
49,92,152
49,93,150
49,94,149
49,95,150
49,96,159
49,97,157
49,98,152
49,99,157
49,100,168
49,101,159
49,102,144
49,103,144
49,104,161
49,105,159
49,106,160
49,107,153
49,108,163
49,109,169
49,110,148
49,111,116
49,112,108
49,113,127
49,114,145
49,115,151
49,116,149
49,117,153
49,118,151
49,119,133
49,120,126
49,121,141
49,122,151
49,123,150
49,124,150
49,125,136
49,126,107
49,127,92
49,128,99
49,129,110
49,130,121
49,131,136
49,132,146
49,133,154
49,134,161
49,135,153
49,136,144
49,137,152
49,138,148
49,139,124
49,140,123
49,141,146
49,142,155
49,143,159
49,144,161
49,145,161
49,146,164
49,147,165
49,148,160
49,149,176
50,0,155
50,1,148
50,2,142
50,3,132
50,4,121
50,5,131
50,6,145
50,7,137
50,8,125
50,9,121
50,10,125
50,11,146
50,12,150
50,13,147
50,14,128
50,15,95
50,16,77
50,17,72
50,18,92
50,19,96
50,20,94
50,21,100
50,22,93
50,23,73
50,24,69
50,25,62
50,26,50
50,27,58
50,28,69
50,29,66
50,30,59
50,31,49
50,32,44
50,33,51
50,34,67
50,35,82
50,36,80
50,37,64
50,38,61
50,39,70
50,40,97
50,41,108
50,42,110
50,43,113
50,44,109
50,45,98
50,46,97
50,47,98
50,48,82
50,49,70
50,50,63
50,51,62
50,52,60
50,53,60
50,54,60
50,55,58
50,56,61
50,57,61
50,58,61
50,59,59
50,60,57
50,61,62
50,62,77
50,63,116
50,64,144
50,65,161
50,66,172
50,67,175
50,68,176
50,69,181
50,70,185
50,71,180
50,72,176
50,73,175
50,74,170
50,75,173
50,76,177
50,77,178
50,78,181
50,79,184
50,80,173
50,81,151
50,82,127
50,83,123
50,84,120
50,85,127
50,86,150
50,87,159
50,88,148
50,89,154
50,90,158
50,91,157
50,92,150
50,93,145
50,94,150
50,95,153
50,96,153
50,97,152
50,98,149
50,99,152
50,100,162
50,101,155
50,102,138
50,103,141
50,104,168
50,105,165
50,106,167
50,107,166
50,108,171
50,109,171
50,110,161
50,111,147
50,112,134
50,113,141
50,114,150
50,115,157
50,116,154
50,117,151
50,118,143
50,119,128
50,120,129
50,121,140
50,122,144
50,123,137
50,124,139
50,125,127
50,126,105
50,127,111
50,128,148
50,129,163
50,130,170
50,131,174
50,132,171
50,133,158
50,134,149
50,135,141
50,136,148
50,137,163
50,138,153
50,139,122
50,140,107
50,141,114
50,142,126
50,143,131
50,144,141
50,145,142
50,146,142
50,147,144
50,148,142
50,149,158
51,0,146
51,1,151
51,2,151
51,3,142
51,4,126
51,5,121
51,6,135
51,7,147
51,8,148
51,9,142
51,10,133
51,11,143
51,12,142
51,13,144
51,14,138
51,15,109
51,16,77
51,17,69
51,18,89
51,19,97
51,20,99
51,21,99
51,22,86
51,23,71
51,24,71
51,25,65
51,26,49
51,27,56
51,28,76
51,29,77
51,30,68
51,31,51
51,32,39
51,33,43
51,34,62
51,35,79
51,36,78
51,37,64
51,38,55
51,39,62
51,40,82
51,41,103
51,42,114
51,43,118
51,44,113
51,45,102
51,46,102
51,47,103
51,48,93
51,49,77
51,50,70
51,51,71
51,52,68
51,53,63
51,54,63
51,55,65
51,56,60
51,57,63
51,58,58
51,59,55
51,60,54
51,61,62
51,62,88
51,63,135
51,64,158
51,65,164
51,66,163
51,67,167
51,68,177
51,69,181
51,70,181
51,71,180
51,72,170
51,73,170
51,74,171
51,75,177
51,76,178
51,77,175
51,78,179
51,79,183
51,80,172
51,81,149
51,82,122
51,83,123
51,84,129
51,85,131
51,86,145
51,87,155
51,88,154
51,89,155
51,90,157
51,91,160
51,92,154
51,93,152
51,94,156
51,95,155
51,96,151
51,97,150
51,98,153
51,99,150
51,100,154
51,101,153
51,102,145
51,103,153
51,104,185
51,105,178
51,106,174
51,107,180
51,108,185
51,109,179
51,110,171
51,111,164
51,112,154
51,113,137
51,114,144
51,115,162
51,116,154
51,117,147
51,118,135
51,119,115
51,120,112
51,121,118
51,122,117
51,123,109
51,124,114
51,125,120
51,126,127
51,127,149
51,128,170
51,129,177
51,130,176
51,131,175
51,132,170
51,133,154
51,134,138
51,135,127
51,136,140
51,137,169
51,138,156
51,139,117
51,140,94
51,141,92
51,142,100
51,143,104
51,144,121
51,145,122
51,146,117
51,147,122
51,148,124
51,149,144
52,0,147
52,1,150
52,2,152
52,3,145
52,4,124
52,5,108
52,6,120
52,7,139
52,8,148
52,9,141
52,10,126
52,11,135
52,12,135
52,13,140
52,14,146
52,15,126
52,16,90
52,17,75
52,18,87
52,19,97
52,20,97
52,21,91
52,22,84
52,23,74
52,24,66
52,25,63
52,26,51
52,27,56
52,28,78
52,29,77
52,30,68
52,31,53
52,32,43
52,33,44
52,34,54
52,35,65
52,36,73
52,37,69
52,38,57
52,39,57
52,40,58
52,41,78
52,42,103
52,43,121
52,44,122
52,45,114
52,46,112
52,47,112
52,48,101
52,49,85
52,50,77
52,51,77
52,52,71
52,53,64
52,54,63
52,55,65
52,56,63
52,57,63
52,58,55
52,59,59
52,60,56
52,61,63
52,62,101
52,63,149
52,64,164
52,65,163
52,66,155
52,67,160
52,68,173
52,69,175
52,70,172
52,71,172
52,72,171
52,73,174
52,74,176
52,75,176
52,76,172
52,77,174
52,78,178
52,79,173
52,80,157
52,81,143
52,82,131
52,83,130
52,84,130
52,85,134
52,86,148
52,87,162
52,88,164
52,89,159
52,90,156
52,91,160
52,92,160
52,93,161
52,94,162
52,95,156
52,96,156
52,97,157
52,98,157
52,99,147
52,100,146
52,101,151
52,102,151
52,103,161
52,104,188
52,105,187
52,106,181
52,107,184
52,108,184
52,109,181
52,110,178
52,111,172
52,112,166
52,113,152
52,114,147
52,115,147
52,116,138
52,117,143
52,118,131
52,119,104
52,120,97
52,121,113
52,122,126
52,123,132
52,124,136
52,125,136
52,126,141
52,127,154
52,128,166
52,129,173
52,130,175
52,131,171
52,132,162
52,133,149
52,134,137
52,135,129
52,136,137
52,137,153
52,138,136
52,139,101
52,140,93
52,141,82
52,142,74
52,143,97
52,144,131
52,145,137
52,146,130
52,147,133
52,148,130
52,149,150
53,0,146
53,1,152
53,2,153
53,3,147
53,4,123
53,5,99
53,6,105
53,7,129
53,8,140
53,9,129
53,10,112
53,11,127
53,12,134
53,13,141
53,14,151
53,15,138
53,16,105
53,17,85
53,18,90
53,19,94
53,20,88
53,21,85
53,22,90
53,23,81
53,24,65
53,25,63
53,26,57
53,27,59
53,28,76
53,29,70
53,30,61
53,31,55
53,32,49
53,33,43
53,34,42
53,35,48
53,36,64
53,37,70
53,38,58
53,39,49
53,40,45
53,41,56
53,42,85
53,43,111
53,44,119
53,45,114
53,46,113
53,47,121
53,48,119
53,49,103
53,50,94
53,51,90
53,52,82
53,53,72
53,54,68
53,55,66
53,56,70
53,57,68
53,58,61
53,59,64
53,60,59
53,61,75
53,62,121
53,63,156
53,64,164
53,65,163
53,66,158
53,67,158
53,68,160
53,69,160
53,70,165
53,71,170
53,72,174
53,73,179
53,74,178
53,75,170
53,76,168
53,77,178
53,78,179
53,79,162
53,80,146
53,81,144
53,82,151
53,83,147
53,84,136
53,85,143
53,86,157
53,87,165
53,88,164
53,89,165
53,90,163
53,91,163
53,92,161
53,93,159
53,94,159
53,95,155
53,96,154
53,97,159
53,98,157
53,99,149
53,100,152
53,101,153
53,102,148
53,103,154
53,104,167
53,105,181
53,106,179
53,107,178
53,108,175
53,109,176
53,110,175
53,111,166
53,112,158
53,113,161
53,114,154
53,115,138
53,116,114
53,117,112
53,118,104
53,119,98
53,120,113
53,121,144
53,122,161
53,123,162
53,124,158
53,125,149
53,126,143
53,127,143
53,128,154
53,129,164
53,130,171
53,131,167
53,132,158
53,133,153
53,134,149
53,135,142
53,136,147
53,137,135
53,138,101
53,139,95
53,140,115
53,141,100
53,142,89
53,143,121
53,144,156
53,145,152
53,146,144
53,147,158
53,148,155
53,149,169
54,0,140
54,1,154
54,2,157
54,3,151
54,4,131
54,5,102
54,6,101
54,7,123
54,8,134
54,9,121
54,10,103
54,11,124
54,12,139
54,13,146
54,14,152
54,15,140
54,16,114
54,17,100
54,18,106
54,19,104
54,20,94
54,21,92
54,22,96
54,23,92
54,24,74
54,25,70
54,26,65
54,27,59
54,28,73
54,29,67
54,30,58
54,31,58
54,32,51
54,33,45
54,34,42
54,35,44
54,36,52
54,37,60
54,38,58
54,39,51
54,40,42
54,41,43
54,42,62
54,43,84
54,44,103
54,45,111
54,46,113
54,47,130
54,48,136
54,49,118
54,50,103
54,51,94
54,52,86
54,53,81
54,54,78
54,55,74
54,56,72
54,57,66
54,58,59
54,59,60
54,60,57
54,61,80
54,62,121
54,63,147
54,64,163
54,65,165
54,66,153
54,67,141
54,68,139
54,69,142
54,70,155
54,71,169
54,72,176
54,73,181
54,74,178
54,75,171
54,76,174
54,77,183
54,78,178
54,79,156
54,80,139
54,81,144
54,82,164
54,83,167
54,84,151
54,85,145
54,86,151
54,87,156
54,88,161
54,89,167
54,90,164
54,91,162
54,92,162
54,93,159
54,94,155
54,95,152
54,96,154
54,97,156
54,98,155
54,99,155
54,100,160
54,101,157
54,102,149
54,103,147
54,104,161
54,105,175
54,106,171
54,107,178
54,108,182
54,109,184
54,110,175
54,111,157
54,112,145
54,113,148
54,114,163
54,115,159
54,116,110
54,117,90
54,118,99
54,119,120
54,120,153
54,121,170
54,122,172
54,123,157
54,124,150
54,125,152
54,126,151
54,127,151
54,128,157
54,129,162
54,130,161
54,131,155
54,132,157
54,133,163
54,134,157
54,135,145
54,136,157
54,137,140
54,138,109
54,139,113
54,140,137
54,141,143
54,142,146
54,143,152
54,144,165
54,145,145
54,146,131
54,147,158
54,148,163
54,149,176
55,0,140
55,1,151
55,2,158
55,3,157
55,4,140
55,5,115
55,6,111
55,7,122
55,8,130
55,9,116
55,10,100
55,11,124
55,12,144
55,13,150
55,14,151
55,15,140
55,16,122
55,17,117
55,18,128
55,19,123
55,20,113
55,21,105
55,22,100
55,23,100
55,24,85
55,25,79
55,26,70
55,27,55
55,28,71
55,29,70
55,30,61
55,31,59
55,32,58
55,33,48
55,34,44
55,35,46
55,36,48
55,37,57
55,38,61
55,39,55
55,40,49
55,41,42
55,42,48
55,43,60
55,44,90
55,45,110
55,46,109
55,47,124
55,48,132
55,49,120
55,50,110
55,51,106
55,52,101
55,53,96
55,54,88
55,55,76
55,56,72
55,57,65
55,58,66
55,59,79
55,60,84
55,61,97
55,62,121
55,63,149
55,64,164
55,65,164
55,66,136
55,67,114
55,68,120
55,69,131
55,70,145
55,71,163
55,72,178
55,73,182
55,74,178
55,75,175
55,76,178
55,77,176
55,78,162
55,79,143
55,80,145
55,81,164
55,82,181
55,83,176
55,84,157
55,85,146
55,86,148
55,87,150
55,88,152
55,89,165
55,90,164
55,91,160
55,92,162
55,93,158
55,94,155
55,95,155
55,96,159
55,97,151
55,98,147
55,99,151
55,100,153
55,101,153
55,102,151
55,103,147
55,104,151
55,105,161
55,106,156
55,107,169
55,108,176
55,109,173
55,110,162
55,111,144
55,112,142
55,113,152
55,114,163
55,115,153
55,116,118
55,117,117
55,118,133
55,119,155
55,120,163
55,121,160
55,122,161
55,123,153
55,124,154
55,125,161
55,126,154
55,127,149
55,128,154
55,129,162
55,130,161
55,131,152
55,132,155
55,133,164
55,134,161
55,135,153
55,136,159
55,137,138
55,138,134
55,139,134
55,140,139
55,141,160
55,142,172
55,143,165
55,144,169
55,145,141
55,146,119
55,147,144
55,148,149
55,149,165
56,0,135
56,1,144
56,2,150
56,3,153
56,4,147
56,5,132
56,6,124
56,7,124
56,8,116
56,9,104
56,10,106
56,11,133
56,12,150
56,13,150
56,14,145
56,15,126
56,16,117
56,17,128
56,18,137
56,19,136
56,20,125
56,21,108
56,22,102
56,23,106
56,24,100
56,25,93
56,26,71
56,27,63
56,28,65
56,29,73
56,30,70
56,31,69
56,32,64
56,33,60
56,34,52
56,35,47
56,36,50
56,37,55
56,38,58
56,39,57
56,40,53
56,41,60
56,42,52
56,43,52
56,44,76
56,45,101
56,46,113
56,47,116
56,48,119
56,49,119
56,50,114
56,51,114
56,52,113
56,53,104
56,54,92
56,55,82
56,56,80
56,57,98
56,58,112
56,59,126
56,60,134
56,61,139
56,62,140
56,63,144
56,64,150
56,65,145
56,66,116
56,67,109
56,68,121
56,69,123
56,70,134
56,71,146
56,72,163
56,73,186
56,74,181
56,75,180
56,76,181
56,77,169
56,78,150
56,79,152
56,80,171
56,81,188
56,82,181
56,83,168
56,84,153
56,85,148
56,86,158
56,87,153
56,88,146
56,89,150
56,90,156
56,91,162
56,92,159
56,93,152
56,94,150
56,95,152
56,96,156
56,97,157
56,98,148
56,99,144
56,100,147
56,101,151
56,102,154
56,103,149
56,104,138
56,105,144
56,106,142
56,107,152
56,108,161
56,109,156
56,110,149
56,111,142
56,112,139
56,113,151
56,114,146
56,115,125
56,116,131
56,117,148
56,118,151
56,119,160
56,120,150
56,121,144
56,122,160
56,123,182
56,124,176
56,125,172
56,126,165
56,127,148
56,128,151
56,129,166
56,130,167
56,131,167
56,132,165
56,133,163
56,134,168
56,135,162
56,136,159
56,137,140
56,138,133
56,139,143
56,140,145
56,141,158
56,142,173
56,143,158
56,144,154
56,145,149
56,146,122
56,147,134
56,148,149
56,149,164
57,0,143
57,1,145
57,2,145
57,3,149
57,4,149
57,5,144
57,6,139
57,7,136
57,8,115
57,9,97
57,10,98
57,11,128
57,12,146
57,13,147
57,14,142
57,15,125
57,16,120
57,17,128
57,18,139
57,19,144
57,20,134
57,21,116
57,22,110
57,23,115
57,24,118
57,25,103
57,26,80
57,27,70
57,28,68
57,29,78
57,30,79
57,31,75
57,32,71
57,33,68
57,34,62
57,35,62
57,36,68
57,37,69
57,38,62
57,39,55
57,40,59
57,41,62
57,42,61
57,43,63
57,44,71
57,45,93
57,46,119
57,47,129
57,48,139
57,49,144
57,50,140
57,51,135
57,52,125
57,53,111
57,54,109
57,55,112
57,56,118
57,57,139
57,58,147
57,59,144
57,60,139
57,61,133
57,62,119
57,63,115
57,64,123
57,65,122
57,66,116
57,67,129
57,68,135
57,69,120
57,70,124
57,71,138
57,72,161
57,73,178
57,74,183
57,75,177
57,76,171
57,77,162
57,78,154
57,79,170
57,80,187
57,81,181
57,82,163
57,83,156
57,84,153
57,85,153
57,86,163
57,87,163
57,88,145
57,89,136
57,90,148
57,91,156
57,92,146
57,93,139
57,94,138
57,95,139
57,96,153
57,97,153
57,98,149
57,99,143
57,100,139
57,101,146
57,102,148
57,103,136
57,104,134
57,105,143
57,106,143
57,107,157
57,108,167
57,109,164
57,110,166
57,111,160
57,112,152
57,113,143
57,114,132
57,115,131
57,116,153
57,117,172
57,118,163
57,119,152
57,120,146
57,121,148
57,122,169
57,123,184
57,124,173
57,125,176
57,126,174
57,127,155
57,128,162
57,129,175
57,130,170
57,131,169
57,132,169
57,133,163
57,134,166
57,135,164
57,136,150
57,137,139
57,138,141
57,139,149
57,140,151
57,141,164
57,142,175
57,143,164
57,144,157
57,145,150
57,146,128
57,147,137
57,148,145
57,149,155
58,0,153
58,1,148
58,2,142
58,3,143
58,4,147
58,5,150
58,6,150
58,7,143
58,8,122
58,9,97
58,10,93
58,11,118
58,12,134
58,13,142
58,14,146
58,15,133
58,16,125
58,17,131
58,18,143
58,19,148
58,20,138
58,21,125
58,22,122
58,23,127
58,24,124
58,25,113
58,26,93
58,27,70
58,28,62
58,29,82
58,30,91
58,31,81
58,32,67
58,33,66
58,34,69
58,35,84
58,36,103
58,37,104
58,38,86
58,39,70
58,40,66
58,41,71
58,42,79
58,43,88
58,44,102
58,45,128
58,46,153
58,47,158
58,48,161
58,49,170
58,50,167
58,51,162
58,52,145
58,53,119
58,54,108
58,55,105
58,56,112
58,57,121
58,58,119
58,59,105
58,60,91
58,61,85
58,62,76
58,63,82
58,64,98
58,65,117
58,66,122
58,67,129
58,68,130
58,69,120
58,70,120
58,71,123
58,72,140
58,73,164
58,74,175
58,75,174
58,76,170
58,77,160
58,78,168
58,79,180
58,80,174
58,81,161
58,82,151
58,83,159
58,84,168
58,85,167
58,86,165
58,87,161
58,88,147
58,89,127
58,90,136
58,91,143
58,92,134
58,93,128
58,94,123
58,95,123
58,96,129
58,97,134
58,98,134
58,99,123
58,100,118
58,101,123
58,102,130
58,103,136
58,104,152
58,105,162
58,106,163
58,107,174
58,108,175
58,109,171
58,110,176
58,111,167
58,112,150
58,113,135
58,114,136
58,115,157
58,116,174
58,117,172
58,118,161
58,119,153
58,120,159
58,121,167
58,122,177
58,123,181
58,124,175
58,125,178
58,126,170
58,127,154
58,128,164
58,129,175
58,130,170
58,131,172
58,132,169
58,133,160
58,134,163
58,135,155
58,136,129
58,137,134
58,138,149
58,139,155
58,140,156
58,141,166
58,142,169
58,143,161
58,144,162
58,145,153
58,146,139
58,147,140
58,148,138
58,149,141
59,0,156
59,1,150
59,2,141
59,3,140
59,4,143
59,5,150
59,6,152
59,7,143
59,8,122
59,9,103
59,10,101
59,11,116
59,12,125
59,13,138
59,14,149
59,15,139
59,16,128
59,17,135
59,18,144
59,19,144
59,20,133
59,21,126
59,22,129
59,23,133
59,24,129
59,25,114
59,26,99
59,27,79
59,28,67
59,29,78
59,30,87
59,31,83
59,32,69
59,33,62
59,34,70
59,35,93
59,36,117
59,37,125
59,38,108
59,39,89
59,40,92
59,41,105
59,42,110
59,43,114
59,44,122
59,45,132
59,46,147
59,47,158
59,48,163
59,49,169
59,50,164
59,51,156
59,52,126
59,53,84
59,54,70
59,55,72
59,56,84
59,57,87
59,58,86
59,59,72
59,60,59
59,61,60
59,62,61
59,63,75
59,64,103
59,65,123
59,66,120
59,67,118
59,68,123
59,69,117
59,70,115
59,71,120
59,72,125
59,73,149
59,74,165
59,75,167
59,76,170
59,77,161
59,78,163
59,79,164
59,80,157
59,81,155
59,82,160
59,83,171
59,84,180
59,85,178
59,86,166
59,87,157
59,88,147
59,89,131
59,90,133
59,91,141
59,92,143
59,93,142
59,94,136
59,95,138
59,96,143
59,97,145
59,98,144
59,99,132
59,100,122
59,101,117
59,102,124
59,103,145
59,104,166
59,105,173
59,106,174
59,107,175
59,108,169
59,109,167
59,110,170
59,111,159
59,112,139
59,113,139
59,114,156
59,115,179
59,116,177
59,117,159
59,118,152
59,119,155
59,120,170
59,121,173
59,122,177
59,123,178
59,124,175
59,125,176
59,126,164
59,127,153
59,128,162
59,129,171
59,130,168
59,131,171
59,132,166
59,133,161
59,134,162
59,135,140
59,136,120
59,137,139
59,138,156
59,139,156
59,140,155
59,141,161
59,142,161
59,143,155
59,144,159
59,145,155
59,146,147
59,147,140
59,148,137
59,149,140
60,0,155
60,1,151
60,2,144
60,3,142
60,4,146
60,5,153
60,6,153
60,7,141
60,8,120
60,9,108
60,10,110
60,11,118
60,12,118
60,13,131
60,14,148
60,15,146
60,16,129
60,17,131
60,18,141
60,19,144
60,20,132
60,21,121
60,22,124
60,23,132
60,24,126
60,25,115
60,26,109
60,27,98
60,28,86
60,29,84
60,30,83
60,31,81
60,32,67
60,33,53
60,34,60
60,35,79
60,36,95
60,37,107
60,38,102
60,39,90
60,40,86
60,41,97
60,42,99
60,43,103
60,44,101
60,45,87
60,46,88
60,47,103
60,48,123
60,49,129
60,50,133
60,51,133
60,52,98
60,53,47
60,54,36
60,55,48
60,56,72
60,57,84
60,58,84
60,59,68
60,60,60
60,61,62
60,62,62
60,63,78
60,64,113
60,65,117
60,66,108
60,67,110
60,68,121
60,69,119
60,70,117
60,71,121
60,72,123
60,73,134
60,74,154
60,75,149
60,76,158
60,77,158
60,78,147
60,79,154
60,80,168
60,81,172
60,82,179
60,83,180
60,84,179
60,85,174
60,86,162
60,87,154
60,88,148
60,89,146
60,90,148
60,91,155
60,92,161
60,93,163
60,94,165
60,95,167
60,96,165
60,97,158
60,98,160
60,99,156
60,100,144
60,101,136
60,102,139
60,103,151
60,104,160
60,105,159
60,106,158
60,107,151
60,108,149
60,109,154
60,110,151
60,111,141
60,112,137
60,113,157
60,114,172
60,115,172
60,116,163
60,117,158
60,118,161
60,119,163
60,120,166
60,121,161
60,122,171
60,123,178
60,124,170
60,125,176
60,126,170
60,127,157
60,128,167
60,129,174
60,130,166
60,131,165
60,132,166
60,133,166
60,134,157
60,135,124
60,136,114
60,137,146
60,138,160
60,139,159
60,140,156
60,141,154
60,142,152
60,143,143
60,144,147
60,145,150
60,146,145
60,147,133
60,148,137
60,149,152
61,0,156
61,1,155
61,2,150
61,3,149
61,4,154
61,5,159
61,6,154
61,7,140
61,8,121
61,9,112
61,10,116
61,11,122
61,12,116
61,13,125
61,14,145
61,15,152
61,16,128
61,17,126
61,18,137
61,19,150
61,20,140
61,21,119
61,22,117
61,23,130
61,24,115
61,25,116
61,26,124
61,27,115
61,28,103
61,29,91
61,30,83
61,31,80
61,32,70
61,33,58
61,34,65
61,35,74
61,36,74
61,37,77
61,38,73
61,39,69
61,40,71
61,41,69
61,42,62
61,43,63
61,44,65
61,45,57
61,46,58
61,47,67
61,48,92
61,49,110
61,50,128
61,51,124
61,52,83
61,53,39
61,54,31
61,55,41
61,56,63
61,57,80
61,58,76
61,59,64
61,60,62
61,61,59
61,62,56
61,63,81
61,64,105
61,65,99
61,66,94
61,67,102
61,68,115
61,69,123
61,70,125
61,71,118
61,72,121
61,73,123
61,74,131
61,75,132
61,76,143
61,77,150
61,78,153
61,79,170
61,80,183
61,81,182
61,82,181
61,83,175
61,84,168
61,85,161
61,86,155
61,87,153
61,88,149
61,89,153
61,90,160
61,91,166
61,92,162
61,93,164
61,94,173
61,95,174
61,96,158
61,97,157
61,98,158
61,99,157
61,100,156
61,101,152
61,102,151
61,103,157
61,104,151
61,105,145
61,106,143
61,107,137
61,108,142
61,109,147
61,110,135
61,111,128
61,112,154
61,113,165
61,114,163
61,115,150
61,116,155
61,117,172
61,118,179
61,119,177
61,120,166
61,121,163
61,122,170
61,123,175
61,124,172
61,125,178
61,126,170
61,127,158
61,128,169
61,129,177
61,130,162
61,131,158
61,132,170
61,133,167
61,134,143
61,135,110
61,136,112
61,137,145
61,138,159
61,139,162
61,140,160
61,141,152
61,142,147
61,143,138
61,144,147
61,145,152
61,146,146
61,147,129
61,148,136
61,149,166
62,0,155
62,1,158
62,2,154
62,3,154
62,4,160
62,5,162
62,6,154
62,7,141
62,8,122
62,9,114
62,10,119
62,11,122
62,12,115
62,13,122
62,14,138
62,15,145
62,16,127
62,17,129
62,18,139
62,19,151
62,20,146
62,21,128
62,22,122
62,23,129
62,24,117
62,25,113
62,26,124
62,27,120
62,28,109
62,29,92
62,30,81
62,31,80
62,32,71
62,33,65
62,34,73
62,35,77
62,36,73
62,37,70
62,38,65
62,39,69
62,40,81
62,41,77
62,42,64
62,43,57
62,44,58
62,45,57
62,46,58
62,47,58
62,48,74
62,49,104
62,50,136
62,51,123
62,52,73
62,53,35
62,54,28
62,55,34
62,56,61
62,57,77
62,58,75
62,59,73
62,60,72
62,61,63
62,62,62
62,63,89
62,64,92
62,65,80
62,66,78
62,67,93
62,68,106
62,69,112
62,70,116
62,71,111
62,72,116
62,73,116
62,74,110
62,75,123
62,76,135
62,77,145
62,78,164
62,79,176
62,80,178
62,81,172
62,82,165
62,83,162
62,84,160
62,85,158
62,86,161
62,87,165
62,88,152
62,89,147
62,90,155
62,91,160
62,92,155
62,93,157
62,94,165
62,95,169
62,96,152
62,97,160
62,98,153
62,99,146
62,100,148
62,101,145
62,102,144
62,103,149
62,104,148
62,105,144
62,106,141
62,107,140
62,108,147
62,109,145
62,110,134
62,111,135
62,112,168
62,113,153
62,114,140
62,115,138
62,116,159
62,117,183
62,118,185
62,119,181
62,120,176
62,121,175
62,122,173
62,123,170
62,124,171
62,125,173
62,126,159
62,127,156
62,128,167
62,129,174
62,130,161
62,131,158
62,132,173
62,133,165
62,134,134
62,135,112
62,136,131
62,137,150
62,138,155
62,139,156
62,140,156
62,141,149
62,142,146
62,143,149
62,144,156
62,145,159
62,146,152
62,147,133
62,148,135
62,149,173
63,0,150
63,1,157
63,2,155
63,3,156
63,4,161
63,5,162
63,6,155
63,7,144
63,8,125
63,9,118
63,10,117
63,11,112
63,12,107
63,13,118
63,14,133
63,15,138
63,16,126
63,17,137
63,18,144
63,19,146
63,20,146
63,21,140
63,22,133
63,23,129
63,24,119
63,25,110
63,26,116
63,27,108
63,28,105
63,29,101
63,30,92
63,31,79
63,32,75
63,33,68
63,34,69
63,35,68
63,36,68
63,37,66
63,38,64
63,39,76
63,40,91
63,41,82
63,42,61
63,43,53
63,44,57
63,45,57
63,46,57
63,47,59
63,48,59
63,49,76
63,50,103
63,51,91
63,52,51
63,53,29
63,54,33
63,55,46
63,56,64
63,57,78
63,58,80
63,59,80
63,60,73
63,61,66
63,62,70
63,63,87
63,64,80
63,65,72
63,66,72
63,67,83
63,68,95
63,69,100
63,70,102
63,71,99
63,72,110
63,73,105
63,74,101
63,75,119
63,76,131
63,77,149
63,78,164
63,79,168
63,80,160
63,81,158
63,82,155
63,83,162
63,84,167
63,85,168
63,86,173
63,87,175
63,88,165
63,89,147
63,90,148
63,91,153
63,92,155
63,93,158
63,94,159
63,95,165
63,96,164
63,97,166
63,98,157
63,99,150
63,100,145
63,101,144
63,102,148
63,103,146
63,104,151
63,105,149
63,106,142
63,107,142
63,108,147
63,109,138
63,110,133
63,111,146
63,112,159
63,113,141
63,114,136
63,115,141
63,116,159
63,117,177
63,118,178
63,119,181
63,120,179
63,121,175
63,122,175
63,123,170
63,124,162
63,125,161
63,126,153
63,127,158
63,128,170
63,129,172
63,130,164
63,131,164
63,132,174
63,133,163
63,134,139
63,135,128
63,136,147
63,137,152
63,138,152
63,139,150
63,140,149
63,141,141
63,142,138
63,143,149
63,144,155
63,145,156
63,146,150
63,147,133
63,148,130
63,149,172
64,0,151
64,1,161
64,2,153
64,3,157
64,4,157
64,5,152
64,6,150
64,7,149
64,8,127
64,9,122
64,10,117
64,11,108
64,12,99
64,13,108
64,14,129
64,15,137
64,16,123
64,17,138
64,18,146
64,19,150
64,20,151
64,21,148
64,22,140
64,23,125
64,24,103
64,25,112
64,26,121
64,27,107
64,28,88
64,29,100
64,30,98
64,31,82
64,32,79
64,33,81
64,34,72
64,35,69
64,36,78
64,37,82
64,38,71
64,39,71
64,40,85
64,41,91
64,42,69
64,43,55
64,44,56
64,45,51
64,46,53
64,47,59
64,48,51
64,49,57
64,50,68
64,51,54
64,52,49
64,53,57
64,54,53
64,55,66
64,56,66
64,57,72
64,58,78
64,59,76
64,60,66
64,61,61
64,62,74
64,63,92
64,64,74
64,65,74
64,66,72
64,67,75
64,68,95
64,69,99
64,70,90
64,71,107
64,72,103
64,73,99
64,74,107
64,75,120
64,76,126
64,77,139
64,78,158
64,79,164
64,80,155
64,81,153
64,82,152
64,83,167
64,84,182
64,85,181
64,86,177
64,87,176
64,88,170
64,89,167
64,90,155
64,91,143
64,92,142
64,93,152
64,94,162
64,95,163
64,96,153
64,97,162
64,98,160
64,99,157
64,100,154
64,101,149
64,102,147
64,103,146
64,104,141
64,105,154
64,106,143
64,107,146
64,108,147
64,109,131
64,110,129
64,111,151
64,112,145
64,113,143
64,114,147
64,115,141
64,116,143
64,117,161
64,118,172
64,119,174
64,120,177
64,121,178
64,122,166
64,123,158
64,124,154
64,125,149
64,126,155
64,127,166
64,128,172
64,129,176
64,130,172
64,131,178
64,132,166
64,133,166
64,134,146
64,135,134
64,136,149
64,137,158
64,138,153
64,139,149
64,140,143
64,141,132
64,142,133
64,143,141
64,144,146
64,145,153
64,146,151
64,147,143
64,148,124
64,149,164
65,0,158
65,1,162
65,2,154
65,3,156
65,4,155
65,5,155
65,6,155
65,7,151
65,8,137
65,9,129
65,10,121
65,11,114
65,12,106
65,13,112
65,14,132
65,15,141
65,16,141
65,17,142
65,18,143
65,19,150
65,20,157
65,21,152
65,22,136
65,23,114
65,24,108
65,25,118
65,26,123
65,27,107
65,28,82
65,29,91
65,30,97
65,31,83
65,32,89
65,33,91
65,34,86
65,35,79
65,36,75
65,37,79
65,38,73
65,39,73
65,40,90
65,41,100
65,42,88
65,43,73
65,44,63
65,45,54
65,46,56
65,47,61
65,48,59
65,49,54
65,50,58
65,51,56
65,52,67
65,53,82
65,54,77
65,55,76
65,56,70
65,57,68
65,58,77
65,59,83
65,60,76
65,61,71
65,62,78
65,63,88
65,64,72
65,65,73
65,66,73
65,67,73
65,68,94
65,69,112
65,70,109
65,71,115
65,72,117
65,73,105
65,74,110
65,75,128
65,76,136
65,77,137
65,78,145
65,79,156
65,80,157
65,81,155
65,82,152
65,83,163
65,84,176
65,85,173
65,86,170
65,87,172
65,88,175
65,89,172
65,90,158
65,91,136
65,92,129
65,93,141
65,94,151
65,95,152
65,96,160
65,97,161
65,98,155
65,99,155
65,100,156
65,101,153
65,102,152
65,103,151
65,104,148
65,105,153
65,106,143
65,107,137
65,108,133
65,109,131
65,110,131
65,111,139
65,112,149
65,113,148
65,114,144
65,115,137
65,116,144
65,117,154
65,118,159
65,119,174
65,120,185
65,121,176
65,122,167
65,123,156
65,124,145
65,125,139
65,126,146
65,127,160
65,128,170
65,129,172
65,130,170
65,131,171
65,132,162
65,133,167
65,134,144
65,135,131
65,136,149
65,137,157
65,138,155
65,139,152
65,140,148
65,141,136
65,142,131
65,143,136
65,144,144
65,145,148
65,146,154
65,147,151
65,148,123
65,149,155
66,0,157
66,1,159
66,2,153
66,3,153
66,4,153
66,5,159
66,6,157
66,7,145
66,8,141
66,9,135
66,10,122
66,11,110
66,12,106
66,13,118
66,14,137
66,15,140
66,16,138
66,17,143
66,18,149
66,19,155
66,20,156
66,21,151
66,22,138
66,23,119
66,24,117
66,25,127
66,26,130
66,27,118
66,28,87
66,29,84
66,30,96
66,31,90
66,32,95
66,33,105
66,34,103
66,35,86
66,36,74
66,37,80
66,38,80
66,39,81
66,40,87
66,41,104
66,42,109
66,43,99
66,44,79
66,45,62
66,46,63
66,47,67
66,48,67
66,49,56
66,50,52
66,51,57
66,52,72
66,53,90
66,54,92
66,55,84
66,56,79
66,57,75
66,58,72
66,59,69
66,60,70
66,61,76
66,62,79
66,63,77
66,64,68
66,65,72
66,66,73
66,67,78
66,68,91
66,69,106
66,70,115
66,71,116
66,72,117
66,73,113
66,74,125
66,75,139
66,76,141
66,77,132
66,78,127
66,79,139
66,80,158
66,81,156
66,82,150
66,83,158
66,84,169
66,85,167
66,86,167
66,87,171
66,88,166
66,89,169
66,90,162
66,91,132
66,92,108
66,93,110
66,94,127
66,95,146
66,96,161
66,97,155
66,98,154
66,99,155
66,100,147
66,101,141
66,102,145
66,103,144
66,104,156
66,105,146
66,106,126
66,107,121
66,108,125
66,109,132
66,110,135
66,111,138
66,112,151
66,113,152
66,114,145
66,115,138
66,116,145
66,117,148
66,118,148
66,119,166
66,120,179
66,121,174
66,122,174
66,123,160
66,124,140
66,125,137
66,126,148
66,127,163
66,128,170
66,129,170
66,130,166
66,131,163
66,132,159
66,133,169
66,134,146
66,135,129
66,136,145
66,137,153
66,138,156
66,139,155
66,140,154
66,141,143
66,142,129
66,143,128
66,144,138
66,145,143
66,146,152
66,147,150
66,148,119
66,149,145
67,0,156
67,1,155
67,2,150
67,3,152
67,4,153
67,5,157
67,6,151
67,7,140
67,8,146
67,9,140
67,10,125
67,11,116
67,12,116
67,13,127
67,14,140
67,15,138
67,16,134
67,17,143
67,18,153
67,19,157
67,20,156
67,21,153
67,22,139
67,23,118
67,24,127
67,25,131
67,26,125
67,27,119
67,28,88
67,29,74
67,30,94
67,31,110
67,32,129
67,33,139
67,34,123
67,35,92
67,36,75
67,37,80
67,38,84
67,39,93
67,40,93
67,41,100
67,42,106
67,43,104
67,44,90
67,45,74
67,46,72
67,47,77
67,48,71
67,49,61
67,50,52
67,51,55
67,52,62
67,53,77
67,54,93
67,55,88
67,56,79
67,57,81
67,58,69
67,59,59
67,60,70
67,61,83
67,62,79
67,63,71
67,64,74
67,65,76
67,66,72
67,67,80
67,68,79
67,69,79
67,70,102
67,71,112
67,72,117
67,73,113
67,74,120
67,75,120
67,76,116
67,77,112
67,78,112
67,79,128
67,80,153
67,81,157
67,82,152
67,83,153
67,84,163
67,85,168
67,86,172
67,87,175
67,88,177
67,89,167
67,90,159
67,91,136
67,92,108
67,93,93
67,94,96
67,95,116
67,96,143
67,97,145
67,98,150
67,99,150
67,100,136
67,101,123
67,102,126
67,103,136
67,104,148
67,105,140
67,106,115
67,107,116
67,108,127
67,109,127
67,110,131
67,111,143
67,112,149
67,113,151
67,114,148
67,115,139
67,116,140
67,117,145
67,118,145
67,119,154
67,120,170
67,121,173
67,122,173
67,123,159
67,124,144
67,125,150
67,126,164
67,127,170
67,128,171
67,129,169
67,130,161
67,131,158
67,132,159
67,133,168
67,134,151
67,135,131
67,136,139
67,137,148
67,138,155
67,139,157
67,140,161
67,141,152
67,142,133
67,143,129
67,144,138
67,145,148
67,146,154
67,147,147
67,148,119
67,149,139
68,0,164
68,1,156
68,2,149
68,3,152
68,4,154
68,5,153
68,6,142
68,7,140
68,8,150
68,9,139
68,10,126
68,11,130
68,12,134
68,13,132
68,14,137
68,15,136
68,16,132
68,17,141
68,18,152
68,19,157
68,20,157
68,21,153
68,22,138
68,23,120
68,24,139
68,25,140
68,26,126
68,27,119
68,28,95
68,29,76
68,30,93
68,31,125
68,32,150
68,33,147
68,34,131
68,35,110
68,36,92
68,37,85
68,38,84
68,39,98
68,40,95
68,41,96
68,42,102
68,43,101
68,44,85
68,45,67
68,46,68
68,47,81
68,48,88
68,49,81
68,50,68
68,51,63
68,52,60
68,53,68
68,54,86
68,55,87
68,56,84
68,57,80
68,58,67
68,59,62
68,60,72
68,61,78
68,62,73
68,63,69
68,64,72
68,65,71
68,66,70
68,67,76
68,68,70
68,69,67
68,70,86
68,71,101
68,72,103
68,73,92
68,74,92
68,75,91
68,76,92
68,77,99
68,78,108
68,79,124
68,80,140
68,81,153
68,82,152
68,83,147
68,84,151
68,85,162
68,86,172
68,87,175
68,88,178
68,89,167
68,90,166
68,91,151
68,92,117
68,93,85
68,94,78
68,95,99
68,96,137
68,97,147
68,98,147
68,99,141
68,100,132
68,101,117
68,102,115
68,103,133
68,104,138
68,105,130
68,106,100
68,107,110
68,108,128
68,109,127
68,110,134
68,111,145
68,112,150
68,113,150
68,114,150
68,115,140
68,116,138
68,117,145
68,118,146
68,119,150
68,120,172
68,121,171
68,122,157
68,123,149
68,124,153
68,125,165
68,126,176
68,127,169
68,128,171
68,129,170
68,130,159
68,131,159
68,132,161
68,133,164
68,134,160
68,135,141
68,136,139
68,137,149
68,138,157
68,139,160
68,140,168
68,141,164
68,142,147
68,143,142
68,144,150
68,145,160
68,146,166
68,147,158
68,148,128
68,149,136
69,0,164
69,1,162
69,2,157
69,3,151
69,4,150
69,5,153
69,6,141
69,7,136
69,8,150
69,9,139
69,10,125
69,11,132
69,12,137
69,13,133
69,14,137
69,15,137
69,16,131
69,17,138
69,18,151
69,19,158
69,20,158
69,21,150
69,22,137
69,23,131
69,24,145
69,25,147
69,26,134
69,27,126
69,28,114
69,29,99
69,30,102
69,31,130
69,32,137
69,33,123
69,34,122
69,35,131
69,36,119
69,37,97
69,38,83
69,39,90
69,40,89
69,41,95
69,42,106
69,43,96
69,44,68
69,45,50
69,46,55
69,47,75
69,48,94
69,49,93
69,50,85
69,51,75
69,52,66
69,53,66
69,54,78
69,55,86
69,56,85
69,57,77
69,58,72
69,59,73
69,60,75
69,61,78
69,62,79
69,63,79
69,64,72
69,65,67
69,66,69
69,67,64
69,68,62
69,69,70
69,70,76
69,71,83
69,72,76
69,73,79
69,74,90
69,75,96
69,76,102
69,77,111
69,78,112
69,79,115
69,80,131
69,81,147
69,82,153
69,83,147
69,84,144
69,85,153
69,86,168
69,87,172
69,88,176
69,89,166
69,90,164
69,91,155
69,92,130
69,93,102
69,94,91
69,95,102
69,96,124
69,97,129
69,98,142
69,99,149
69,100,148
69,101,146
69,102,146
69,103,149
69,104,140
69,105,114
69,106,90
69,107,113
69,108,127
69,109,128
69,110,141
69,111,148
69,112,150
69,113,151
69,114,152
69,115,146
69,116,147
69,117,147
69,118,142
69,119,147
69,120,168
69,121,165
69,122,147
69,123,151
69,124,165
69,125,173
69,126,179
69,127,170
69,128,172
69,129,174
69,130,163
69,131,163
69,132,165
69,133,163
69,134,167
69,135,151
69,136,146
69,137,156
69,138,160
69,139,161
69,140,171
69,141,172
69,142,161
69,143,158
69,144,162
69,145,164
69,146,173
69,147,172
69,148,140
69,149,136
70,0,160
70,1,163
70,2,162
70,3,150
70,4,144
70,5,156
70,6,148
70,7,140
70,8,153
70,9,145
70,10,127
70,11,128
70,12,132
70,13,129
70,14,138
70,15,141
70,16,142
70,17,143
70,18,149
70,19,155
70,20,159
70,21,151
70,22,138
70,23,136
70,24,144
70,25,146
70,26,139
70,27,133
70,28,131
70,29,122
70,30,106
70,31,120
70,32,120
70,33,107
70,34,109
70,35,124
70,36,123
70,37,108
70,38,89
70,39,87
70,40,89
70,41,91
70,42,99
70,43,82
70,44,54
70,45,49
70,46,56
70,47,64
70,48,71
70,49,77
70,50,81
70,51,78
70,52,78
70,53,81
70,54,87
70,55,101
70,56,95
70,57,96
70,58,103
70,59,107
70,60,104
70,61,102
70,62,102
70,63,98
70,64,92
70,65,77
70,66,66
70,67,53
70,68,49
70,69,64
70,70,76
70,71,79
70,72,78
70,73,96
70,74,111
70,75,117
70,76,122
70,77,121
70,78,115
70,79,112
70,80,130
70,81,140
70,82,149
70,83,150
70,84,145
70,85,149
70,86,164
70,87,170
70,88,172
70,89,167
70,90,163
70,91,155
70,92,137
70,93,115
70,94,102
70,95,102
70,96,99
70,97,97
70,98,119
70,99,135
70,100,139
70,101,152
70,102,155
70,103,142
70,104,125
70,105,96
70,106,97
70,107,122
70,108,113
70,109,111
70,110,131
70,111,140
70,112,139
70,113,141
70,114,147
70,115,147
70,116,151
70,117,148
70,118,140
70,119,145
70,120,154
70,121,156
70,122,153
70,123,164
70,124,175
70,125,174
70,126,176
70,127,173
70,128,175
70,129,175
70,130,166
70,131,162
70,132,166
70,133,162
70,134,165
70,135,148
70,136,140
70,137,153
70,138,155
70,139,157
70,140,169
70,141,173
70,142,170
70,143,167
70,144,167
70,145,165
70,146,168
70,147,170
70,148,146
70,149,138
71,0,163
71,1,159
71,2,160
71,3,150
71,4,143
71,5,156
71,6,156
71,7,154
71,8,158
71,9,148
71,10,127
71,11,128
71,12,128
71,13,120
71,14,131
71,15,140
71,16,147
71,17,149
71,18,151
71,19,152
71,20,157
71,21,153
71,22,141
71,23,140
71,24,148
71,25,148
71,26,149
71,27,147
71,28,147
71,29,132
71,30,94
71,31,93
71,32,96
71,33,94
71,34,91
71,35,98
71,36,111
71,37,118
71,38,103
71,39,94
71,40,81
71,41,83
71,42,95
71,43,77
71,44,52
71,45,58
71,46,62
71,47,55
71,48,54
71,49,62
71,50,74
71,51,81
71,52,96
71,53,108
71,54,109
71,55,125
71,56,133
71,57,139
71,58,145
71,59,144
71,60,133
71,61,117
71,62,105
71,63,101
71,64,102
71,65,83
71,66,61
71,67,54
71,68,47
71,69,59
71,70,87
71,71,91
71,72,96
71,73,109
71,74,117
71,75,126
71,76,132
71,77,123
71,78,117
71,79,122
71,80,126
71,81,126
71,82,136
71,83,146
71,84,143
71,85,143
71,86,155
71,87,161
71,88,161
71,89,162
71,90,160
71,91,153
71,92,135
71,93,112
71,94,95
71,95,87
71,96,81
71,97,75
71,98,77
71,99,79
71,100,89
71,101,111
71,102,121
71,103,118
71,104,97
71,105,73
71,106,90
71,107,107
71,108,84
71,109,91
71,110,116
71,111,123
71,112,123
71,113,125
71,114,135
71,115,139
71,116,145
71,117,148
71,118,144
71,119,145
71,120,144
71,121,149
71,122,159
71,123,172
71,124,176
71,125,173
71,126,173
71,127,174
71,128,176
71,129,172
71,130,163
71,131,156
71,132,162
71,133,161
71,134,158
71,135,137
71,136,124
71,137,140
71,138,144
71,139,151
71,140,165
71,141,172
71,142,174
71,143,172
71,144,172
71,145,168
71,146,161
71,147,160
71,148,148
71,149,142
72,0,155
72,1,159
72,2,155
72,3,146
72,4,147
72,5,156
72,6,160
72,7,158
72,8,156
72,9,148
72,10,132
72,11,131
72,12,124
72,13,111
72,14,124
72,15,136
72,16,138
72,17,148
72,18,154
72,19,153
72,20,151
72,21,154
72,22,147
72,23,147
72,24,145
72,25,146
72,26,147
72,27,153
72,28,159
72,29,140
72,30,103
72,31,100
72,32,105
72,33,105
72,34,98
72,35,89
72,36,103
72,37,116
72,38,120
72,39,109
72,40,86
72,41,82
72,42,96
72,43,85
72,44,67
72,45,59
72,46,59
72,47,62
72,48,55
72,49,59
72,50,65
72,51,79
72,52,117
72,53,137
72,54,138
72,55,142
72,56,140
72,57,143
72,58,141
72,59,125
72,60,111
72,61,99
72,62,85
72,63,81
72,64,96
72,65,91
72,66,68
72,67,60
72,68,49
72,69,50
72,70,81
72,71,90
72,72,98
72,73,111
72,74,117
72,75,119
72,76,124
72,77,121
72,78,114
72,79,115
72,80,119
72,81,123
72,82,119
72,83,134
72,84,136
72,85,133
72,86,138
72,87,145
72,88,143
72,89,150
72,90,147
72,91,152
72,92,149
72,93,127
72,94,106
72,95,89
72,96,77
72,97,77
72,98,57
72,99,40
72,100,40
72,101,51
72,102,67
72,103,76
72,104,70
72,105,72
72,106,77
72,107,79
72,108,67
72,109,71
72,110,92
72,111,96
72,112,105
72,113,126
72,114,136
72,115,130
72,116,136
72,117,147
72,118,145
72,119,145
72,120,137
72,121,134
72,122,150
72,123,174
72,124,180
72,125,172
72,126,171
72,127,176
72,128,174
72,129,169
72,130,168
72,131,160
72,132,165
72,133,162
72,134,156
72,135,128
72,136,111
72,137,133
72,138,141
72,139,150
72,140,170
72,141,175
72,142,172
72,143,172
72,144,167
72,145,170
72,146,156
72,147,151
72,148,152
72,149,153
73,0,158
73,1,156
73,2,154
73,3,153
73,4,153
73,5,155
73,6,159
73,7,160
73,8,160
73,9,150
73,10,131
73,11,129
73,12,124
73,13,113
73,14,122
73,15,134
73,16,140
73,17,150
73,18,154
73,19,150
73,20,149
73,21,156
73,22,152
73,23,150
73,24,151
73,25,147
73,26,146
73,27,150
73,28,151
73,29,148
73,30,123
73,31,106
73,32,112
73,33,113
73,34,107
73,35,99
73,36,98
73,37,106
73,38,113
73,39,120
73,40,108
73,41,95
73,42,91
73,43,87
73,44,82
73,45,71
73,46,70
73,47,78
73,48,64
73,49,63
73,50,95
73,51,123
73,52,133
73,53,131
73,54,123
73,55,109
73,56,99
73,57,103
73,58,113
73,59,107
73,60,86
73,61,69
73,62,64
73,63,68
73,64,89
73,65,88
73,66,78
73,67,63
73,68,53
73,69,53
73,70,69
73,71,89
73,72,106
73,73,114
73,74,111
73,75,105
73,76,113
73,77,120
73,78,114
73,79,108
73,80,122
73,81,123
73,82,113
73,83,105
73,84,107
73,85,123
73,86,130
73,87,137
73,88,146
73,89,145
73,90,157
73,91,166
73,92,163
73,93,154
73,94,132
73,95,109
73,96,85
73,97,77
73,98,57
73,99,41
73,100,39
73,101,48
73,102,61
73,103,67
73,104,78
73,105,74
73,106,69
73,107,66
73,108,68
73,109,70
73,110,76
73,111,91
73,112,111
73,113,128
73,114,133
73,115,130
73,116,135
73,117,141
73,118,139
73,119,141
73,120,133
73,121,127
73,122,139
73,123,165
73,124,178
73,125,174
73,126,173
73,127,179
73,128,180
73,129,175
73,130,166
73,131,159
73,132,162
73,133,160
73,134,158
73,135,135
73,136,123
73,137,131
73,138,140
73,139,159
73,140,170
73,141,173
73,142,177
73,143,169
73,144,161
73,145,161
73,146,147
73,147,143
73,148,152
73,149,163
74,0,160
74,1,157
74,2,159
74,3,163
74,4,162
74,5,159
74,6,158
74,7,157
74,8,157
74,9,148
74,10,128
74,11,127
74,12,126
74,13,115
74,14,122
74,15,136
74,16,142
74,17,152
74,18,153
74,19,147
74,20,145
74,21,154
74,22,148
74,23,142
74,24,142
74,25,147
74,26,155
74,27,162
74,28,159
74,29,160
74,30,140
74,31,114
74,32,118
74,33,126
74,34,113
74,35,99
74,36,93
74,37,92
74,38,80
74,39,93
74,40,108
74,41,102
74,42,84
74,43,76
74,44,81
74,45,76
74,46,79
74,47,85
74,48,81
74,49,96
74,50,133
74,51,137
74,52,105
74,53,76
74,54,68
74,55,61
74,56,46
74,57,56
74,58,88
74,59,106
74,60,89
74,61,69
74,62,62
74,63,64
74,64,74
74,65,78
74,66,78
74,67,67
74,68,60
74,69,57
74,70,61
74,71,79
74,72,100
74,73,107
74,74,104
74,75,101
74,76,113
74,77,122
74,78,115
74,79,103
74,80,105
74,81,106
74,82,98
74,83,86
74,84,97
74,85,126
74,86,135
74,87,142
74,88,139
74,89,139
74,90,162
74,91,168
74,92,162
74,93,170
74,94,160
74,95,130
74,96,99
74,97,81
74,98,60
74,99,43
74,100,40
74,101,53
74,102,68
74,103,77
74,104,85
74,105,71
74,106,64
74,107,61
74,108,71
74,109,79
74,110,76
74,111,89
74,112,105
74,113,128
74,114,134
74,115,127
74,116,132
74,117,143
74,118,143
74,119,134
74,120,125
74,121,130
74,122,138
74,123,149
74,124,162
74,125,172
74,126,177
74,127,180
74,128,183
74,129,180
74,130,168
74,131,162
74,132,160
74,133,160
74,134,159
74,135,145
74,136,145
74,137,140
74,138,133
74,139,155
74,140,173
74,141,171
74,142,172
74,143,171
74,144,162
74,145,154
74,146,138
74,147,135
74,148,150
74,149,167
75,0,158
75,1,159
75,2,164
75,3,167
75,4,164
75,5,163
75,6,162
75,7,155
75,8,154
75,9,142
75,10,122
75,11,127
75,12,132
75,13,119
75,14,121
75,15,137
75,16,143
75,17,151
75,18,152
75,19,148
75,20,147
75,21,155
75,22,144
75,23,132
75,24,131
75,25,145
75,26,153
75,27,156
75,28,153
75,29,156
75,30,147
75,31,133
75,32,126
75,33,124
75,34,103
75,35,81
75,36,79
75,37,80
75,38,64
75,39,70
75,40,101
75,41,107
75,42,89
75,43,76
75,44,78
75,45,76
75,46,87
75,47,91
75,48,91
75,49,106
75,50,116
75,51,95
75,52,64
75,53,42
75,54,46
75,55,57
75,56,39
75,57,46
75,58,77
75,59,101
75,60,92
75,61,75
75,62,65
75,63,58
75,64,63
75,65,61
75,66,61
75,67,71
75,68,70
75,69,56
75,70,57
75,71,65
75,72,80
75,73,84
75,74,87
75,75,94
75,76,105
75,77,107
75,78,101
75,79,94
75,80,94
75,81,102
75,82,95
75,83,87
75,84,99
75,85,121
75,86,132
75,87,133
75,88,137
75,89,143
75,90,139
75,91,136
75,92,149
75,93,164
75,94,155
75,95,131
75,96,98
75,97,75
75,98,57
75,99,45
75,100,48
75,101,68
75,102,85
75,103,93
75,104,81
75,105,61
75,106,62
75,107,63
75,108,65
75,109,77
75,110,79
75,111,74
75,112,79
75,113,112
75,114,133
75,115,131
75,116,129
75,117,139
75,118,141
75,119,129
75,120,126
75,121,140
75,122,142
75,123,137
75,124,148
75,125,168
75,126,179
75,127,182
75,128,182
75,129,181
75,130,173
75,131,168
75,132,162
75,133,162
75,134,154
75,135,150
75,136,162
75,137,154
75,138,135
75,139,143
75,140,168
75,141,174
75,142,172
75,143,175
75,144,174
75,145,159
75,146,141
75,147,137
75,148,148
75,149,166
76,0,157
76,1,159
76,2,164
76,3,163
76,4,158
76,5,161
76,6,164
76,7,160
76,8,155
76,9,137
76,10,118
76,11,129
76,12,140
76,13,123
76,14,118
76,15,133
76,16,137
76,17,142
76,18,146
76,19,148
76,20,151
76,21,157
76,22,143
76,23,130
76,24,130
76,25,149
76,26,155
76,27,154
76,28,153
76,29,156
76,30,149
76,31,140
76,32,119
76,33,100
76,34,93
76,35,86
76,36,87
76,37,89
76,38,87
76,39,87
76,40,95
76,41,93
76,42,79
76,43,70
76,44,69
76,45,70
76,46,91
76,47,101
76,48,86
76,49,85
76,50,79
76,51,65
76,52,55
76,53,46
76,54,49
76,55,53
76,56,42
76,57,43
76,58,57
76,59,77
76,60,84
76,61,86
76,62,82
76,63,71
76,64,63
76,65,54
76,66,48
76,67,69
76,68,74
76,69,57
76,70,55
76,71,59
76,72,65
76,73,61
76,74,63
76,75,72
76,76,82
76,77,85
76,78,89
76,79,94
76,80,108
76,81,118
76,82,109
76,83,91
76,84,97
76,85,117
76,86,132
76,87,137
76,88,147
76,89,145
76,90,129
76,91,126
76,92,136
76,93,132
76,94,115
76,95,101
76,96,75
76,97,53
76,98,45
76,99,46
76,100,55
76,101,75
76,102,86
76,103,86
76,104,78
76,105,61
76,106,61
76,107,63
76,108,57
76,109,64
76,110,70
76,111,58
76,112,56
76,113,82
76,114,122
76,115,142
76,116,134
76,117,125
76,118,126
76,119,126
76,120,131
76,121,139
76,122,138
76,123,134
76,124,143
76,125,157
76,126,170
76,127,181
76,128,183
76,129,181
76,130,177
76,131,172
76,132,167
76,133,165
76,134,147
76,135,150
76,136,164
76,137,161
76,138,154
76,139,144
76,140,155
76,141,174
76,142,177
76,143,175
76,144,180
76,145,169
76,146,152
76,147,142
76,148,146
76,149,163
77,0,156
77,1,159
77,2,162
77,3,158
77,4,151
77,5,152
77,6,158
77,7,160
77,8,151
77,9,133
77,10,118
77,11,133
77,12,144
77,13,125
77,14,118
77,15,133
77,16,138
77,17,140
77,18,145
77,19,150
77,20,154
77,21,159
77,22,147
77,23,135
77,24,138
77,25,152
77,26,156
77,27,155
77,28,155
77,29,156
77,30,138
77,31,121
77,32,106
77,33,90
77,34,103
77,35,121
77,36,128
77,37,113
77,38,108
77,39,115
77,40,112
77,41,94
77,42,82
77,43,75
77,44,70
77,45,70
77,46,83
77,47,81
77,48,75
77,49,77
77,50,67
77,51,51
77,52,50
77,53,49
77,54,51
77,55,50
77,56,44
77,57,41
77,58,43
77,59,58
77,60,79
77,61,98
77,62,98
77,63,82
77,64,70
77,65,65
77,66,56
77,67,59
77,68,67
77,69,63
77,70,58
77,71,59
77,72,65
77,73,59
77,74,58
77,75,64
77,76,74
77,77,87
77,78,103
77,79,115
77,80,116
77,81,115
77,82,111
77,83,101
77,84,111
77,85,122
77,86,126
77,87,136
77,88,148
77,89,145
77,90,145
77,91,151
77,92,142
77,93,100
77,94,64
77,95,65
77,96,59
77,97,44
77,98,42
77,99,47
77,100,51
77,101,61
77,102,70
77,103,72
77,104,76
77,105,69
77,106,59
77,107,60
77,108,60
77,109,59
77,110,64
77,111,61
77,112,51
77,113,61
77,114,100
77,115,136
77,116,140
77,117,127
77,118,120
77,119,123
77,120,131
77,121,139
77,122,141
77,123,140
77,124,142
77,125,147
77,126,160
77,127,176
77,128,185
77,129,182
77,130,178
77,131,173
77,132,171
77,133,164
77,134,144
77,135,151
77,136,165
77,137,167
77,138,174
77,139,160
77,140,152
77,141,161
77,142,166
77,143,174
77,144,179
77,145,176
77,146,164
77,147,151
77,148,148
77,149,163
78,0,155
78,1,160
78,2,162
78,3,154
78,4,144
78,5,143
78,6,152
78,7,160
78,8,150
78,9,131
78,10,117
78,11,133
78,12,146
78,13,131
78,14,122
78,15,134
78,16,145
78,17,147
78,18,152
78,19,155
78,20,155
78,21,160
78,22,151
78,23,141
78,24,144
78,25,146
78,26,140
78,27,134
78,28,136
78,29,137
78,30,116
78,31,106
78,32,117
78,33,115
78,34,124
78,35,142
78,36,146
78,37,122
78,38,118
78,39,143
78,40,154
78,41,125
78,42,115
78,43,105
78,44,93
78,45,88
78,46,77
78,47,55
78,48,65
78,49,80
78,50,73
78,51,54
78,52,52
78,53,49
78,54,48
78,55,45
78,56,47
78,57,45
78,58,44
78,59,50
78,60,65
78,61,87
78,62,98
78,63,88
78,64,79
78,65,75
78,66,66
78,67,55
78,68,58
78,69,65
78,70,63
78,71,64
78,72,72
78,73,72
78,74,74
78,75,75
78,76,79
78,77,91
78,78,106
78,79,115
78,80,97
78,81,91
78,82,91
78,83,95
78,84,107
78,85,99
78,86,93
78,87,100
78,88,125
78,89,141
78,90,147
78,91,157
78,92,145
78,93,90
78,94,59
78,95,77
78,96,80
78,97,62
78,98,52
78,99,52
78,100,46
78,101,45
78,102,58
78,103,67
78,104,76
78,105,72
78,106,58
78,107,57
78,108,63
78,109,66
78,110,72
78,111,72
78,112,57
78,113,55
78,114,75
78,115,102
78,116,129
78,117,137
78,118,122
78,119,117
78,120,125
78,121,136
78,122,144
78,123,144
78,124,140
78,125,141
78,126,154
78,127,170
78,128,181
78,129,184
78,130,179
78,131,174
78,132,172
78,133,158
78,134,146
78,135,159
78,136,170
78,137,174
78,138,179
78,139,166
78,140,153
78,141,147
78,142,151
78,143,172
78,144,179
78,145,180
78,146,171
78,147,163
78,148,155
78,149,160
79,0,153
79,1,161
79,2,160
79,3,148
79,4,138
79,5,140
79,6,153
79,7,165
79,8,155
79,9,130
79,10,112
79,11,129
79,12,149
79,13,139
79,14,127
79,15,129
79,16,144
79,17,148
79,18,153
79,19,153
79,20,150
79,21,155
79,22,148
79,23,140
79,24,142
79,25,140
79,26,131
79,27,126
79,28,132
79,29,127
79,30,104
79,31,106
79,32,137
79,33,143
79,34,141
79,35,144
79,36,130
79,37,117
79,38,130
79,39,169
79,40,170
79,41,133
79,42,122
79,43,111
79,44,101
79,45,99
79,46,86
79,47,64
79,48,60
79,49,74
79,50,75
79,51,61
79,52,50
79,53,42
79,54,49
79,55,52
79,56,45
79,57,51
79,58,55
79,59,54
79,60,50
79,61,66
79,62,90
79,63,93
79,64,88
79,65,73
79,66,65
79,67,62
79,68,58
79,69,59
79,70,66
79,71,71
79,72,77
79,73,81
79,74,86
79,75,83
79,76,74
79,77,74
79,78,81
79,79,85
79,80,75
79,81,74
79,82,62
79,83,64
79,84,72
79,85,61
79,86,69
79,87,78
79,88,100
79,89,120
79,90,137
79,91,149
79,92,118
79,93,84
79,94,104
79,95,122
79,96,114
79,97,84
79,98,60
79,99,56
79,100,47
79,101,42
79,102,55
79,103,66
79,104,82
79,105,75
79,106,64
79,107,60
79,108,64
79,109,76
79,110,84
79,111,77
79,112,59
79,113,54
79,114,56
79,115,68
79,116,107
79,117,133
79,118,118
79,119,111
79,120,113
79,121,120
79,122,130
79,123,136
79,124,135
79,125,134
79,126,145
79,127,160
79,128,174
79,129,186
79,130,180
79,131,176
79,132,171
79,133,151
79,134,150
79,135,168
79,136,176
79,137,176
79,138,175
79,139,161
79,140,147
79,141,143
79,142,151
79,143,168
79,144,178
79,145,175
79,146,168
79,147,167
79,148,155
79,149,150
80,0,153
80,1,162
80,2,160
80,3,144
80,4,138
80,5,146
80,6,154
80,7,160
80,8,154
80,9,134
80,10,114
80,11,125
80,12,147
80,13,146
80,14,135
80,15,131
80,16,135
80,17,149
80,18,153
80,19,149
80,20,151
80,21,153
80,22,144
80,23,134
80,24,138
80,25,147
80,26,146
80,27,146
80,28,147
80,29,144
80,30,133
80,31,133
80,32,148
80,33,150
80,34,140
80,35,135
80,36,119
80,37,126
80,38,165
80,39,183
80,40,152
80,41,132
80,42,118
80,43,102
80,44,98
80,45,108
80,46,99
80,47,78
80,48,62
80,49,76
80,50,92
80,51,86
80,52,74
80,53,45
80,54,49
80,55,52
80,56,51
80,57,58
80,58,52
80,59,51
80,60,41
80,61,53
80,62,79
80,63,92
80,64,90
80,65,81
80,66,67
80,67,63
80,68,57
80,69,53
80,70,65
80,71,75
80,72,81
80,73,88
80,74,81
80,75,77
80,76,68
80,77,65
80,78,70
80,79,77
80,80,67
80,81,71
80,82,62
80,83,58
80,84,57
80,85,64
80,86,83
80,87,87
80,88,82
80,89,93
80,90,114
80,91,129
80,92,100
80,93,101
80,94,147
80,95,148
80,96,132
80,97,97
80,98,75
80,99,64
80,100,52
80,101,58
80,102,77
80,103,86
80,104,98
80,105,88
80,106,69
80,107,73
80,108,84
80,109,94
80,110,103
80,111,93
80,112,67
80,113,49
80,114,43
80,115,48
80,116,87
80,117,114
80,118,114
80,119,121
80,120,119
80,121,118
80,122,116
80,123,120
80,124,127
80,125,128
80,126,135
80,127,149
80,128,159
80,129,178
80,130,175
80,131,171
80,132,162
80,133,140
80,134,158
80,135,173
80,136,168
80,137,178
80,138,173
80,139,147
80,140,133
80,141,148
80,142,163
80,143,168
80,144,161
80,145,158
80,146,160
80,147,164
80,148,141
80,149,137
81,0,147
81,1,156
81,2,155
81,3,141
81,4,138
81,5,148
81,6,155
81,7,158
81,8,152
81,9,130
81,10,109
81,11,120
81,12,142
81,13,143
81,14,135
81,15,130
81,16,134
81,17,152
81,18,157
81,19,152
81,20,156
81,21,156
81,22,142
81,23,131
81,24,138
81,25,149
81,26,153
81,27,153
81,28,152
81,29,156
81,30,153
81,31,153
81,32,157
81,33,149
81,34,134
81,35,129
81,36,121
81,37,133
81,38,173
81,39,186
81,40,150
81,41,131
81,42,116
81,43,98
81,44,97
81,45,122
81,46,125
81,47,106
81,48,100
81,49,104
81,50,117
81,51,115
81,52,100
81,53,63
81,54,64
81,55,68
81,56,60
81,57,60
81,58,48
81,59,41
81,60,33
81,61,39
81,62,60
81,63,87
81,64,102
81,65,99
81,66,83
81,67,62
81,68,63
81,69,63
81,70,56
81,71,68
81,72,91
81,73,98
81,74,83
81,75,74
81,76,68
81,77,64
81,78,64
81,79,71
81,80,73
81,81,76
81,82,68
81,83,59
81,84,57
81,85,65
81,86,81
81,87,92
81,88,87
81,89,92
81,90,109
81,91,107
81,92,91
81,93,104
81,94,134
81,95,138
81,96,124
81,97,102
81,98,89
81,99,74
81,100,54
81,101,60
81,102,84
81,103,96
81,104,97
81,105,92
81,106,82
81,107,89
81,108,100
81,109,109
81,110,120
81,111,113
81,112,84
81,113,59
81,114,49
81,115,51
81,116,81
81,117,107
81,118,112
81,119,119
81,120,124
81,121,119
81,122,110
81,123,110
81,124,118
81,125,123
81,126,129
81,127,138
81,128,150
81,129,169
81,130,175
81,131,172
81,132,144
81,133,135
81,134,159
81,135,170
81,136,170
81,137,170
81,138,166
81,139,145
81,140,132
81,141,140
81,142,147
81,143,149
81,144,146
81,145,144
81,146,146
81,147,156
81,148,153
81,149,157
82,0,139
82,1,148
82,2,151
82,3,142
82,4,142
82,5,153
82,6,159
82,7,160
82,8,156
82,9,134
82,10,112
82,11,125
82,12,145
82,13,145
82,14,139
82,15,130
82,16,133
82,17,155
82,18,160
82,19,155
82,20,158
82,21,149
82,22,129
82,23,119
82,24,126
82,25,140
82,26,149
82,27,152
82,28,150
82,29,158
82,30,161
82,31,161
82,32,155
82,33,144
82,34,136
82,35,135
82,36,132
82,37,135
82,38,164
82,39,167
82,40,147
82,41,122
82,42,106
82,43,90
82,44,96
82,45,131
82,46,142
82,47,124
82,48,122
82,49,124
82,50,134
82,51,134
82,52,119
82,53,86
82,54,82
82,55,78
82,56,61
82,57,54
82,58,41
82,59,33
82,60,29
82,61,32
82,62,40
82,63,60
82,64,89
82,65,105
82,66,98
82,67,72
82,68,68
82,69,66
82,70,53
82,71,63
82,72,85
82,73,101
82,74,88
82,75,78
82,76,73
82,77,64
82,78,58
82,79,63
82,80,72
82,81,73
82,82,67
82,83,57
82,84,59
82,85,67
82,86,77
82,87,92
82,88,98
82,89,96
82,90,128
82,91,113
82,92,84
82,93,96
82,94,119
82,95,125
82,96,98
82,97,96
82,98,97
82,99,81
82,100,55
82,101,54
82,102,77
82,103,91
82,104,94
82,105,97
82,106,97
82,107,105
82,108,111
82,109,118
82,110,128
82,111,121
82,112,86
82,113,58
82,114,54
82,115,64
82,116,87
82,117,110
82,118,120
82,119,123
82,120,114
82,121,111
82,122,106
82,123,108
82,124,116
82,125,122
82,126,128
82,127,135
82,128,139
82,129,154
82,130,167
82,131,166
82,132,130
82,133,143
82,134,168
82,135,169
82,136,173
82,137,164
82,138,153
82,139,129
82,140,114
82,141,119
82,142,128
82,143,138
82,144,158
82,145,161
82,146,162
82,147,166
82,148,169
82,149,172
83,0,134
83,1,143
83,2,151
83,3,148
83,4,150
83,5,158
83,6,162
83,7,165
83,8,160
83,9,137
83,10,114
83,11,125
83,12,143
83,13,144
83,14,141
83,15,131
83,16,133
83,17,154
83,18,158
83,19,152
83,20,148
83,21,130
83,22,107
83,23,102
83,24,125
83,25,139
83,26,145
83,27,150
83,28,151
83,29,157
83,30,159
83,31,159
83,32,154
83,33,145
83,34,144
83,35,145
83,36,141
83,37,126
83,38,145
83,39,151
83,40,139
83,41,104
83,42,86
83,43,81
83,44,96
83,45,134
83,46,148
83,47,134
83,48,125
83,49,134
83,50,144
83,51,140
83,52,130
83,53,109
83,54,100
83,55,79
83,56,60
83,57,56
83,58,48
83,59,37
83,60,33
83,61,37
83,62,40
83,63,43
83,64,57
83,65,83
83,66,92
83,67,86
83,68,76
83,69,67
83,70,67
83,71,66
83,72,69
83,73,89
83,74,85
83,75,82
83,76,79
83,77,69
83,78,60
83,79,62
83,80,73
83,81,72
83,82,68
83,83,61
83,84,60
83,85,65
83,86,74
83,87,86
83,88,95
83,89,100
83,90,145
83,91,141
83,92,110
83,93,104
83,94,109
83,95,107
83,96,89
83,97,90
83,98,89
83,99,78
83,100,61
83,101,52
83,102,59
83,103,69
83,104,91
83,105,99
83,106,101
83,107,103
83,108,105
83,109,119
83,110,134
83,111,127
83,112,83
83,113,55
83,114,58
83,115,68
83,116,80
83,117,101
83,118,122
83,119,131
83,120,122
83,121,110
83,122,100
83,123,103
83,124,113
83,125,121
83,126,126
83,127,129
83,128,133
83,129,141
83,130,149
83,131,146
83,132,129
83,133,159
83,134,173
83,135,163
83,136,158
83,137,149
83,138,138
83,139,121
83,140,119
83,141,128
83,142,135
83,143,151
83,144,173
83,145,178
83,146,180
83,147,175
83,148,175
83,149,173
84,0,131
84,1,139
84,2,151
84,3,154
84,4,154
84,5,158
84,6,161
84,7,165
84,8,161
84,9,138
84,10,113
84,11,120
84,12,137
84,13,143
84,14,142
84,15,134
84,16,139
84,17,154
84,18,157
84,19,150
84,20,137
84,21,111
84,22,94
84,23,99
84,24,122
84,25,133
84,26,134
84,27,144
84,28,153
84,29,157
84,30,157
84,31,159
84,32,157
84,33,150
84,34,150
84,35,153
84,36,146
84,37,120
84,38,132
84,39,145
84,40,118
84,41,86
84,42,79
84,43,89
84,44,108
84,45,138
84,46,144
84,47,129
84,48,127
84,49,137
84,50,147
84,51,144
84,52,138
84,53,123
84,54,110
84,55,81
84,56,58
84,57,65
84,58,60
84,59,44
84,60,33
84,61,34
84,62,41
84,63,40
84,64,35
84,65,57
84,66,78
84,67,94
84,68,81
84,69,66
84,70,73
84,71,67
84,72,57
84,73,69
84,74,68
84,75,76
84,76,80
84,77,75
84,78,67
84,79,65
84,80,67
84,81,66
84,82,65
84,83,63
84,84,59
84,85,63
84,86,76
84,87,84
84,88,84
84,89,111
84,90,138
84,91,136
84,92,126
84,93,112
84,94,105
84,95,102
84,96,89
84,97,78
84,98,63
84,99,61
84,100,66
84,101,58
84,102,49
84,103,54
84,104,74
84,105,88
84,106,99
84,107,100
84,108,102
84,109,122
84,110,140
84,111,130
84,112,90
84,113,65
84,114,72
84,115,74
84,116,69
84,117,81
84,118,108
84,119,127
84,120,126
84,121,113
84,122,105
84,123,108
84,124,112
84,125,113
84,126,116
84,127,121
84,128,128
84,129,131
84,130,128
84,131,116
84,132,131
84,133,164
84,134,164
84,135,151
84,136,144
84,137,152
84,138,157
84,139,150
84,140,146
84,141,139
84,142,136
84,143,156
84,144,174
84,145,177
84,146,179
84,147,175
84,148,174
84,149,175
85,0,130
85,1,138
85,2,152
85,3,156
85,4,154
85,5,154
85,6,157
85,7,162
85,8,162
85,9,141
85,10,119
85,11,121
85,12,138
85,13,145
85,14,140
85,15,132
85,16,142
85,17,150
85,18,153
85,19,146
85,20,124
85,21,98
85,22,90
85,23,101
85,24,117
85,25,125
85,26,123
85,27,135
85,28,150
85,29,156
85,30,157
85,31,159
85,32,156
85,33,150
85,34,150
85,35,154
85,36,146
85,37,119
85,38,120
85,39,128
85,40,100
85,41,79
85,42,80
85,43,91
85,44,106
85,45,133
85,46,143
85,47,133
85,48,129
85,49,135
85,50,142
85,51,145
85,52,142
85,53,125
85,54,111
85,55,90
85,56,64
85,57,74
85,58,72
85,59,59
85,60,49
85,61,39
85,62,43
85,63,45
85,64,36
85,65,41
85,66,61
85,67,85
85,68,85
85,69,74
85,70,68
85,71,60
85,72,50
85,73,54
85,74,54
85,75,70
85,76,76
85,77,71
85,78,66
85,79,66
85,80,59
85,81,57
85,82,57
85,83,63
85,84,65
85,85,72
85,86,82
85,87,81
85,88,83
85,89,118
85,90,115
85,91,101
85,92,103
85,93,105
85,94,109
85,95,113
85,96,84
85,97,68
85,98,47
85,99,50
85,100,68
85,101,63
85,102,50
85,103,53
85,104,69
85,105,85
85,106,103
85,107,109
85,108,108
85,109,125
85,110,140
85,111,130
85,112,97
85,113,74
85,114,82
85,115,78
85,116,69
85,117,74
85,118,93
85,119,114
85,120,115
85,121,111
85,122,115
85,123,123
85,124,118
85,125,109
85,126,109
85,127,113
85,128,118
85,129,123
85,130,113
85,131,93
85,132,126
85,133,156
85,134,155
85,135,149
85,136,157
85,137,174
85,138,184
85,139,177
85,140,158
85,141,131
85,142,122
85,143,141
85,144,168
85,145,174
85,146,179
85,147,179
85,148,175
85,149,178
86,0,136
86,1,144
86,2,156
86,3,158
86,4,154
86,5,155
86,6,157
86,7,159
86,8,160
86,9,144
86,10,127
86,11,125
86,12,141
86,13,148
86,14,136
86,15,128
86,16,139
86,17,144
86,18,150
86,19,143
86,20,115
86,21,89
86,22,87
86,23,98
86,24,121
86,25,128
86,26,125
86,27,137
86,28,149
86,29,156
86,30,158
86,31,157
86,32,154
86,33,150
86,34,149
86,35,151
86,36,141
86,37,122
86,38,114
86,39,105
86,40,79
86,41,71
86,42,84
86,43,95
86,44,104
86,45,125
86,46,136
86,47,133
86,48,129
86,49,134
86,50,138
86,51,143
86,52,141
86,53,125
86,54,117
86,55,105
86,56,80
86,57,78
86,58,83
86,59,80
86,60,77
86,61,70
86,62,71
86,63,74
86,64,65
86,65,52
86,66,58
86,67,74
86,68,88
86,69,91
86,70,76
86,71,65
86,72,54
86,73,52
86,74,52
86,75,73
86,76,79
86,77,68
86,78,61
86,79,63
86,80,62
86,81,57
86,82,59
86,83,63
86,84,70
86,85,80
86,86,84
86,87,83
86,88,94
86,89,111
86,90,95
86,91,84
86,92,86
86,93,102
86,94,109
86,95,112
86,96,90
86,97,76
86,98,57
86,99,59
86,100,77
86,101,77
86,102,67
86,103,69
86,104,77
86,105,83
86,106,97
86,107,103
86,108,97
86,109,106
86,110,124
86,111,124
86,112,99
86,113,75
86,114,81
86,115,72
86,116,65
86,117,70
86,118,81
86,119,106
86,120,120
86,121,112
86,122,115
86,123,123
86,124,120
86,125,111
86,126,105
86,127,102
86,128,105
86,129,113
86,130,106
86,131,85
86,132,115
86,133,145
86,134,154
86,135,161
86,136,172
86,137,183
86,138,183
86,139,177
86,140,167
86,141,146
86,142,133
86,143,133
86,144,151
86,145,164
86,146,174
86,147,181
86,148,175
86,149,178
87,0,143
87,1,151
87,2,162
87,3,160
87,4,155
87,5,158
87,6,159
87,7,159
87,8,160
87,9,147
87,10,132
87,11,127
87,12,144
87,13,153
87,14,139
87,15,131
87,16,142
87,17,146
87,18,156
87,19,150
87,20,118
87,21,91
87,22,90
87,23,98
87,24,115
87,25,123
87,26,123
87,27,135
87,28,145
87,29,154
87,30,158
87,31,153
87,32,150
87,33,151
87,34,153
87,35,157
87,36,144
87,37,132
87,38,115
87,39,88
87,40,72
87,41,70
87,42,87
87,43,99
87,44,102
87,45,115
87,46,124
87,47,127
87,48,127
87,49,136
87,50,138
87,51,137
87,52,135
87,53,126
87,54,122
87,55,114
87,56,84
87,57,69
87,58,81
87,59,83
87,60,85
87,61,92
87,62,101
87,63,107
87,64,102
87,65,88
87,66,82
87,67,79
87,68,83
87,69,89
87,70,85
87,71,82
87,72,68
87,73,59
87,74,54
87,75,79
87,76,89
87,77,73
87,78,61
87,79,63
87,80,59
87,81,57
87,82,61
87,83,58
87,84,63
87,85,77
87,86,84
87,87,96
87,88,109
87,89,110
87,90,94
87,91,90
87,92,87
87,93,98
87,94,96
87,95,105
87,96,97
87,97,84
87,98,66
87,99,69
87,100,89
87,101,99
87,102,93
87,103,90
87,104,87
87,105,84
87,106,95
87,107,103
87,108,92
87,109,94
87,110,115
87,111,125
87,112,100
87,113,81
87,114,88
87,115,73
87,116,64
87,117,64
87,118,72
87,119,103
87,120,123
87,121,114
87,122,115
87,123,119
87,124,114
87,125,107
87,126,101
87,127,95
87,128,96
87,129,106
87,130,104
87,131,85
87,132,104
87,133,135
87,134,156
87,135,171
87,136,173
87,137,184
87,138,182
87,139,181
87,140,180
87,141,172
87,142,156
87,143,135
87,144,138
87,145,154
87,146,166
87,147,178
87,148,174
87,149,177
88,0,139
88,1,152
88,2,157
88,3,158
88,4,158
88,5,158
88,6,160
88,7,158
88,8,156
88,9,153
88,10,142
88,11,129
88,12,138
88,13,147
88,14,140
88,15,136
88,16,141
88,17,147
88,18,158
88,19,149
88,20,116
88,21,91
88,22,88
88,23,92
88,24,105
88,25,115
88,26,115
88,27,126
88,28,145
88,29,152
88,30,154
88,31,153
88,32,149
88,33,154
88,34,151
88,35,153
88,36,150
88,37,139
88,38,111
88,39,88
88,40,72
88,41,82
88,42,90
88,43,101
88,44,107
88,45,111
88,46,123
88,47,131
88,48,129
88,49,135
88,50,136
88,51,134
88,52,130
88,53,123
88,54,118
88,55,118
88,56,93
88,57,73
88,58,85
88,59,91
88,60,81
88,61,96
88,62,116
88,63,122
88,64,120
88,65,116
88,66,109
88,67,109
88,68,94
88,69,84
88,70,97
88,71,94
88,72,79
88,73,65
88,74,56
88,75,76
88,76,95
88,77,96
88,78,79
88,79,71
88,80,58
88,81,50
88,82,48
88,83,52
88,84,54
88,85,59
88,86,77
88,87,97
88,88,111
88,89,106
88,90,97
88,91,91
88,92,89
88,93,90
88,94,80
88,95,91
88,96,100
88,97,104
88,98,80
88,99,70
88,100,88
88,101,107
88,102,112
88,103,99
88,104,82
88,105,83
88,106,99
88,107,105
88,108,94
88,109,93
88,110,103
88,111,108
88,112,92
88,113,88
88,114,85
88,115,69
88,116,58
88,117,63
88,118,76
88,119,96
88,120,118
88,121,121
88,122,110
88,123,110
88,124,114
88,125,112
88,126,97
88,127,92
88,128,90
88,129,99
88,130,92
88,131,93
88,132,110
88,133,127
88,134,149
88,135,171
88,136,168
88,137,175
88,138,184
88,139,181
88,140,177
88,141,179
88,142,170
88,143,154
88,144,141
88,145,148
88,146,150
88,147,173
88,148,172
88,149,171
89,0,144
89,1,154
89,2,154
89,3,152
89,4,152
89,5,154
89,6,160
89,7,162
89,8,160
89,9,157
89,10,147
89,11,134
89,12,134
89,13,140
89,14,140
89,15,143
89,16,146
89,17,150
89,18,157
89,19,148
89,20,116
89,21,89
89,22,83
89,23,86
89,24,107
89,25,119
89,26,118
89,27,126
89,28,142
89,29,150
89,30,156
89,31,157
89,32,155
89,33,150
89,34,144
89,35,149
89,36,147
89,37,129
89,38,97
89,39,82
89,40,80
89,41,76
89,42,82
89,43,99
89,44,110
89,45,115
89,46,126
89,47,135
89,48,136
89,49,135
89,50,132
89,51,132
89,52,133
89,53,127
89,54,121
89,55,121
89,56,116
89,57,93
89,58,101
89,59,101
89,60,91
89,61,93
89,62,111
89,63,120
89,64,125
89,65,120
89,66,124
89,67,134
89,68,113
89,69,85
89,70,89
89,71,97
89,72,92
89,73,79
89,74,63
89,75,66
89,76,77
89,77,87
89,78,85
89,79,84
89,80,78
89,81,56
89,82,47
89,83,53
89,84,50
89,85,49
89,86,67
89,87,88
89,88,90
89,89,84
89,90,87
89,91,89
89,92,82
89,93,78
89,94,76
89,95,86
89,96,112
89,97,119
89,98,91
89,99,66
89,100,68
89,101,90
89,102,110
89,103,96
89,104,79
89,105,88
89,106,95
89,107,90
89,108,87
89,109,95
89,110,101
89,111,103
89,112,95
89,113,84
89,114,75
89,115,66
89,116,68
89,117,77
89,118,81
89,119,90
89,120,113
89,121,123
89,122,117
89,123,116
89,124,114
89,125,112
89,126,102
89,127,91
89,128,92
89,129,91
89,130,85
89,131,95
89,132,108
89,133,108
89,134,126
89,135,162
89,136,182
89,137,179
89,138,173
89,139,175
89,140,181
89,141,186
89,142,183
89,143,168
89,144,158
89,145,149
89,146,145
89,147,166
89,148,174
89,149,181
90,0,147
90,1,154
90,2,153
90,3,147
90,4,144
90,5,146
90,6,158
90,7,166
90,8,162
90,9,157
90,10,150
90,11,141
90,12,134
90,13,135
90,14,140
90,15,148
90,16,150
90,17,152
90,18,157
90,19,153
90,20,128
90,21,101
90,22,88
90,23,86
90,24,112
90,25,127
90,26,128
90,27,131
90,28,143
90,29,150
90,30,157
90,31,160
90,32,160
90,33,150
90,34,143
90,35,147
90,36,147
90,37,125
90,38,90
90,39,80
90,40,82
90,41,76
90,42,79
90,43,93
90,44,107
90,45,118
90,46,128
90,47,138
90,48,138
90,49,134
90,50,130
90,51,134
90,52,140
90,53,137
90,54,133
90,55,135
90,56,129
90,57,105
90,58,112
90,59,113
90,60,105
90,61,90
90,62,103
90,63,119
90,64,123
90,65,117
90,66,127
90,67,145
90,68,129
90,69,92
90,70,83
90,71,94
90,72,94
90,73,89
90,74,72
90,75,60
90,76,58
90,77,69
90,78,70
90,79,66
90,80,58
90,81,48
90,82,48
90,83,52
90,84,52
90,85,60
90,86,75
90,87,81
90,88,79
90,89,81
90,90,81
90,91,77
90,92,76
90,93,73
90,94,79
90,95,91
90,96,112
90,97,120
90,98,100
90,99,75
90,100,57
90,101,71
90,102,105
90,103,100
90,104,79
90,105,92
90,106,103
90,107,97
90,108,90
90,109,92
90,110,98
90,111,106
90,112,98
90,113,84
90,114,72
90,115,69
90,116,79
90,117,87
90,118,82
90,119,82
90,120,102
90,121,119
90,122,122
90,123,121
90,124,113
90,125,111
90,126,105
90,127,88
90,128,91
90,129,87
90,130,87
90,131,100
90,132,110
90,133,98
90,134,104
90,135,139
90,136,172
90,137,183
90,138,174
90,139,176
90,140,184
90,141,178
90,142,178
90,143,183
90,144,175
90,145,160
90,146,155
90,147,163
90,148,166
90,149,177
91,0,145
91,1,149
91,2,148
91,3,144
91,4,141
91,5,146
91,6,156
91,7,164
91,8,160
91,9,154
91,10,153
91,11,147
91,12,138
91,13,136
91,14,142
91,15,147
91,16,147
91,17,148
91,18,155
91,19,161
91,20,150
91,21,126
91,22,107
91,23,95
91,24,111
91,25,129
91,26,134
91,27,139
91,28,148
91,29,151
91,30,157
91,31,161
91,32,162
91,33,154
91,34,149
91,35,149
91,36,152
91,37,133
91,38,96
91,39,86
91,40,78
91,41,78
91,42,84
91,43,93
91,44,106
91,45,116
91,46,123
91,47,137
91,48,138
91,49,136
91,50,133
91,51,138
91,52,145
91,53,143
91,54,140
91,55,143
91,56,138
91,57,116
91,58,113
91,59,119
91,60,117
91,61,96
91,62,97
91,63,119
91,64,133
91,65,129
91,66,133
91,67,141
91,68,133
91,69,107
91,70,91
91,71,96
91,72,97
91,73,94
91,74,84
91,75,75
91,76,64
91,77,60
91,78,50
91,79,43
91,80,47
91,81,48
91,82,58
91,83,67
91,84,67
91,85,70
91,86,76
91,87,76
91,88,79
91,89,83
91,90,79
91,91,71
91,92,74
91,93,72
91,94,83
91,95,92
91,96,98
91,97,107
91,98,109
91,99,96
91,100,66
91,101,67
91,102,99
91,103,102
91,104,79
91,105,86
91,106,103
91,107,100
91,108,84
91,109,82
91,110,88
91,111,95
91,112,97
91,113,91
91,114,86
91,115,83
91,116,86
91,117,87
91,118,82
91,119,82
91,120,101
91,121,117
91,122,119
91,123,116
91,124,107
91,125,104
91,126,104
91,127,90
91,128,88
91,129,87
91,130,88
91,131,92
91,132,99
91,133,97
91,134,96
91,135,111
91,136,143
91,137,171
91,138,178
91,139,178
91,140,179
91,141,167
91,142,165
91,143,172
91,144,178
91,145,173
91,146,168
91,147,164
91,148,154
91,149,163
92,0,138
92,1,140
92,2,142
92,3,143
92,4,146
92,5,152
92,6,157
92,7,159
92,8,161
92,9,157
92,10,156
92,11,153
92,12,142
92,13,139
92,14,146
92,15,147
92,16,144
92,17,143
92,18,149
92,19,164
92,20,166
92,21,149
92,22,125
92,23,102
92,24,108
92,25,127
92,26,134
92,27,141
92,28,150
92,29,151
92,30,158
92,31,164
92,32,161
92,33,155
92,34,152
92,35,151
92,36,156
92,37,140
92,38,107
92,39,97
92,40,84
92,41,76
92,42,87
92,43,101
92,44,109
92,45,115
92,46,122
92,47,132
92,48,141
92,49,142
92,50,140
92,51,141
92,52,144
92,53,140
92,54,134
92,55,135
92,56,134
92,57,123
92,58,108
92,59,112
92,60,113
92,61,101
92,62,90
92,63,110
92,64,126
92,65,132
92,66,134
92,67,131
92,68,128
92,69,114
92,70,96
92,71,94
92,72,84
92,73,73
92,74,69
92,75,76
92,76,68
92,77,56
92,78,48
92,79,49
92,80,50
92,81,52
92,82,63
92,83,76
92,84,78
92,85,73
92,86,71
92,87,71
92,88,77
92,89,74
92,90,77
92,91,79
92,92,76
92,93,70
92,94,83
92,95,84
92,96,87
92,97,103
92,98,123
92,99,112
92,100,75
92,101,68
92,102,92
92,103,106
92,104,95
92,105,99
92,106,110
92,107,98
92,108,81
92,109,86
92,110,90
92,111,87
92,112,87
92,113,91
92,114,96
92,115,94
92,116,86
92,117,81
92,118,81
92,119,86
92,120,97
92,121,109
92,122,114
92,123,115
92,124,110
92,125,105
92,126,105
92,127,97
92,128,89
92,129,93
92,130,99
92,131,96
92,132,97
92,133,103
92,134,100
92,135,97
92,136,106
92,137,135
92,138,167
92,139,176
92,140,169
92,141,168
92,142,169
92,143,166
92,144,176
92,145,176
92,146,168
92,147,163
92,148,151
92,149,155
93,0,127
93,1,134
93,2,144
93,3,147
93,4,148
93,5,154
93,6,157
93,7,159
93,8,162
93,9,160
93,10,160
93,11,156
93,12,145
93,13,142
93,14,150
93,15,151
93,16,145
93,17,141
93,18,143
93,19,158
93,20,165
93,21,157
93,22,136
93,23,105
93,24,111
93,25,131
93,26,138
93,27,143
93,28,150
93,29,152
93,30,160
93,31,168
93,32,161
93,33,155
93,34,152
93,35,151
93,36,155
93,37,139
93,38,115
93,39,107
93,40,95
93,41,79
93,42,88
93,43,104
93,44,108
93,45,118
93,46,129
93,47,129
93,48,140
93,49,143
93,50,143
93,51,143
93,52,143
93,53,136
93,54,129
93,55,129
93,56,131
93,57,137
93,58,123
93,59,118
93,60,110
93,61,101
93,62,86
93,63,96
93,64,116
93,65,131
93,66,140
93,67,139
93,68,135
93,69,116
93,70,91
93,71,80
93,72,63
93,73,55
93,74,60
93,75,76
93,76,76
93,77,72
93,78,64
93,79,59
93,80,55
93,81,48
93,82,56
93,83,78
93,84,88
93,85,79
93,86,71
93,87,74
93,88,75
93,89,74
93,90,76
93,91,79
93,92,78
93,93,78
93,94,88
93,95,88
93,96,86
93,97,96
93,98,120
93,99,124
93,100,104
93,101,85
93,102,81
93,103,88
93,104,97
93,105,112
93,106,123
93,107,100
93,108,79
93,109,80
93,110,81
93,111,86
93,112,79
93,113,85
93,114,95
93,115,97
93,116,88
93,117,85
93,118,89
93,119,93
93,120,91
93,121,100
93,122,115
93,123,123
93,124,120
93,125,110
93,126,108
93,127,104
93,128,99
93,129,100
93,130,106
93,131,101
93,132,93
93,133,98
93,134,104
93,135,104
93,136,97
93,137,110
93,138,141
93,139,163
93,140,167
93,141,166
93,142,164
93,143,162
93,144,176
93,145,177
93,146,167
93,147,166
93,148,152
93,149,150
94,0,124
94,1,134
94,2,149
94,3,150
94,4,148
94,5,153
94,6,156
94,7,158
94,8,154
94,9,154
94,10,156
94,11,157
94,12,149
94,13,145
94,14,152
94,15,153
94,16,148
94,17,143
94,18,143
94,19,153
94,20,158
94,21,158
94,22,144
94,23,110
94,24,114
94,25,139
94,26,148
94,27,148
94,28,151
94,29,153
94,30,161
94,31,166
94,32,160
94,33,157
94,34,155
94,35,153
94,36,155
94,37,138
94,38,121
94,39,113
94,40,97
94,41,83
94,42,89
94,43,106
94,44,109
94,45,115
94,46,127
94,47,128
94,48,134
94,49,139
94,50,142
94,51,143
94,52,139
94,53,129
94,54,126
94,55,131
94,56,142
94,57,152
94,58,146
94,59,137
94,60,122
94,61,109
94,62,92
94,63,88
94,64,107
94,65,125
94,66,137
94,67,140
94,68,130
94,69,105
94,70,85
94,71,81
94,72,76
94,73,70
94,74,74
94,75,90
94,76,100
94,77,110
94,78,101
94,79,84
94,80,86
94,81,58
94,82,55
94,83,80
94,84,89
94,85,76
94,86,70
94,87,78
94,88,75
94,89,76
94,90,71
94,91,72
94,92,77
94,93,87
94,94,93
94,95,93
94,96,86
94,97,87
94,98,99
94,99,123
94,100,136
94,101,113
94,102,74
94,103,55
94,104,76
94,105,103
94,106,122
94,107,101
94,108,81
94,109,75
94,110,72
94,111,86
94,112,87
94,113,85
94,114,92
94,115,99
94,116,98
94,117,100
94,118,104
94,119,100
94,120,94
94,121,95
94,122,116
94,123,124
94,124,117
94,125,106
94,126,108
94,127,110
94,128,102
94,129,108
94,130,119
94,131,120
94,132,105
94,133,97
94,134,103
94,135,107
94,136,101
94,137,100
94,138,104
94,139,128
94,140,156
94,141,165
94,142,165
94,143,166
94,144,174
94,145,177
94,146,171
94,147,170
94,148,153
94,149,149
95,0,129
95,1,136
95,2,148
95,3,149
95,4,149
95,5,156
95,6,155
95,7,153
95,8,143
95,9,143
95,10,148
95,11,157
95,12,154
95,13,149
95,14,152
95,15,151
95,16,150
95,17,147
95,18,146
95,19,152
95,20,155
95,21,160
95,22,151
95,23,118
95,24,110
95,25,142
95,26,154
95,27,152
95,28,153
95,29,155
95,30,161
95,31,162
95,32,160
95,33,161
95,34,161
95,35,157
95,36,157
95,37,142
95,38,128
95,39,116
95,40,91
95,41,83
95,42,90
95,43,112
95,44,116
95,45,106
95,46,115
95,47,128
95,48,129
95,49,136
95,50,141
95,51,142
95,52,133
95,53,119
95,54,119
95,55,131
95,56,144
95,57,142
95,58,140
95,59,136
95,60,128
95,61,114
95,62,98
95,63,83
95,64,87
95,65,107
95,66,120
95,67,122
95,68,111
95,69,95
95,70,103
95,71,122
95,72,130
95,73,103
95,74,83
95,75,86
95,76,98
95,77,115
95,78,113
95,79,100
95,80,111
95,81,79
95,82,62
95,83,67
95,84,71
95,85,71
95,86,75
95,87,78
95,88,73
95,89,63
95,90,61
95,91,71
95,92,74
95,93,87
95,94,90
95,95,85
95,96,85
95,97,92
95,98,92
95,99,109
95,100,131
95,101,116
95,102,76
95,103,51
95,104,58
95,105,86
95,106,109
95,107,97
95,108,87
95,109,87
95,110,79
95,111,85
95,112,96
95,113,84
95,114,86
95,115,97
95,116,102
95,117,109
95,118,111
95,119,100
95,120,86
95,121,85
95,122,114
95,123,124
95,124,113
95,125,104
95,126,111
95,127,116
95,128,98
95,129,111
95,130,124
95,131,127
95,132,109
95,133,93
95,134,97
95,135,102
95,136,101
95,137,101
95,138,89
95,139,98
95,140,126
95,141,156
95,142,175
95,143,173
95,144,167
95,145,173
95,146,172
95,147,171
95,148,156
95,149,156
96,0,127
96,1,139
96,2,142
96,3,150
96,4,155
96,5,157
96,6,161
96,7,152
96,8,136
96,9,139
96,10,155
96,11,158
96,12,154
96,13,147
96,14,147
96,15,150
96,16,146
96,17,150
96,18,148
96,19,151
96,20,156
96,21,158
96,22,152
96,23,133
96,24,117
96,25,135
96,26,149
96,27,153
96,28,159
96,29,161
96,30,157
96,31,159
96,32,156
96,33,159
96,34,154
96,35,152
96,36,156
96,37,143
96,38,130
96,39,111
96,40,77
96,41,84
96,42,94
96,43,116
96,44,121
96,45,109
96,46,113
96,47,121
96,48,125
96,49,141
96,50,140
96,51,146
96,52,136
96,53,116
96,54,113
96,55,131
96,56,125
96,57,119
96,58,114
96,59,125
96,60,127
96,61,128
96,62,118
96,63,106
96,64,78
96,65,78
96,66,92
96,67,97
96,68,106
96,69,116
96,70,127
96,71,140
96,72,137
96,73,117
96,74,93
96,75,92
96,76,97
96,77,94
96,78,88
96,79,99
96,80,112
96,81,94
96,82,68
96,83,58
96,84,63
96,85,69
96,86,74
96,87,75
96,88,72
96,89,67
96,90,52
96,91,60
96,92,74
96,93,81
96,94,79
96,95,82
96,96,94
96,97,101
96,98,97
96,99,92
96,100,95
96,101,99
96,102,83
96,103,56
96,104,49
96,105,73
96,106,91
96,107,89
96,108,86
96,109,86
96,110,75
96,111,81
96,112,83
96,113,90
96,114,92
96,115,89
96,116,103
96,117,118
96,118,108
96,119,95
96,120,76
96,121,74
96,122,103
96,123,124
96,124,121
96,125,122
96,126,120
96,127,112
96,128,97
96,129,111
96,130,116
96,131,110
96,132,104
96,133,97
96,134,92
96,135,92
96,136,90
96,137,103
96,138,99
96,139,80
96,140,90
96,141,123
96,142,151
96,143,174
96,144,172
96,145,184
96,146,175
96,147,174
96,148,158
96,149,158
97,0,130
97,1,138
97,2,141
97,3,148
97,4,155
97,5,161
97,6,165
97,7,158
97,8,148
97,9,151
97,10,159
97,11,160
97,12,154
97,13,144
97,14,148
97,15,149
97,16,146
97,17,145
97,18,146
97,19,152
97,20,156
97,21,157
97,22,152
97,23,143
97,24,129
97,25,133
97,26,145
97,27,154
97,28,159
97,29,161
97,30,159
97,31,159
97,32,158
97,33,158
97,34,148
97,35,147
97,36,153
97,37,140
97,38,125
97,39,108
97,40,87
97,41,78
97,42,99
97,43,115
97,44,120
97,45,127
97,46,120
97,47,111
97,48,130
97,49,140
97,50,144
97,51,149
97,52,142
97,53,125
97,54,118
97,55,129
97,56,118
97,57,106
97,58,115
97,59,121
97,60,131
97,61,138
97,62,156
97,63,146
97,64,107
97,65,72
97,66,68
97,67,86
97,68,114
97,69,139
97,70,147
97,71,138
97,72,134
97,73,119
97,74,103
97,75,106
97,76,104
97,77,87
97,78,74
97,79,85
97,80,105
97,81,98
97,82,73
97,83,58
97,84,65
97,85,70
97,86,71
97,87,71
97,88,82
97,89,74
97,90,58
97,91,61
97,92,69
97,93,80
97,94,84
97,95,85
97,96,104
97,97,106
97,98,99
97,99,92
97,100,91
97,101,93
97,102,87
97,103,72
97,104,49
97,105,55
97,106,71
97,107,83
97,108,88
97,109,92
97,110,81
97,111,78
97,112,79
97,113,91
97,114,87
97,115,86
97,116,102
97,117,112
97,118,99
97,119,78
97,120,70
97,121,62
97,122,79
97,123,105
97,124,117
97,125,116
97,126,108
97,127,102
97,128,107
97,129,107
97,130,105
97,131,109
97,132,111
97,133,99
97,134,87
97,135,87
97,136,91
97,137,97
97,138,98
97,139,87
97,140,86
97,141,97
97,142,115
97,143,143
97,144,168
97,145,185
97,146,177
97,147,174
97,148,163
97,149,163
98,0,137
98,1,139
98,2,139
98,3,143
98,4,152
98,5,161
98,6,162
98,7,159
98,8,160
98,9,158
98,10,157
98,11,158
98,12,154
98,13,143
98,14,149
98,15,152
98,16,145
98,17,142
98,18,147
98,19,154
98,20,158
98,21,158
98,22,154
98,23,151
98,24,136
98,25,129
98,26,141
98,27,156
98,28,158
98,29,160
98,30,160
98,31,159
98,32,160
98,33,161
98,34,152
98,35,144
98,36,145
98,37,139
98,38,127
98,39,106
98,40,87
98,41,83
98,42,108
98,43,117
98,44,124
98,45,135
98,46,119
98,47,114
98,48,128
98,49,132
98,50,141
98,51,144
98,52,144
98,53,133
98,54,125
98,55,127
98,56,117
98,57,106
98,58,118
98,59,120
98,60,130
98,61,142
98,62,173
98,63,169
98,64,130
98,65,87
98,66,67
98,67,82
98,68,116
98,69,137
98,70,141
98,71,130
98,72,125
98,73,120
98,74,108
98,75,108
98,76,107
98,77,93
98,78,68
98,79,60
98,80,78
98,81,86
98,82,68
98,83,54
98,84,63
98,85,66
98,86,66
98,87,72
98,88,76
98,89,79
98,90,72
98,91,66
98,92,67
98,93,86
98,94,96
98,95,91
98,96,95
98,97,96
98,98,92
98,99,90
98,100,89
98,101,88
98,102,87
98,103,82
98,104,62
98,105,50
98,106,53
98,107,73
98,108,89
98,109,99
98,110,89
98,111,83
98,112,78
98,113,88
98,114,79
98,115,80
98,116,94
98,117,104
98,118,97
98,119,72
98,120,67
98,121,60
98,122,63
98,123,90
98,124,115
98,125,115
98,126,108
98,127,105
98,128,112
98,129,101
98,130,99
98,131,107
98,132,114
98,133,109
98,134,101
98,135,99
98,136,95
98,137,90
98,138,93
98,139,96
98,140,98
98,141,95
98,142,94
98,143,110
98,144,141
98,145,163
98,146,165
98,147,169
98,148,164
98,149,162
99,0,144
99,1,139
99,2,137
99,3,138
99,4,149
99,5,160
99,6,160
99,7,160
99,8,160
99,9,154
99,10,151
99,11,150
99,12,151
99,13,143
99,14,148
99,15,154
99,16,145
99,17,141
99,18,149
99,19,155
99,20,159
99,21,161
99,22,153
99,23,151
99,24,136
99,25,129
99,26,144
99,27,159
99,28,160
99,29,162
99,30,163
99,31,161
99,32,162
99,33,161
99,34,156
99,35,145
99,36,136
99,37,138
99,38,134
99,39,109
99,40,83
99,41,90
99,42,109
99,43,121
99,44,130
99,45,129
99,46,119
99,47,125
99,48,129
99,49,133
99,50,141
99,51,141
99,52,142
99,53,134
99,54,130
99,55,121
99,56,111
99,57,111
99,58,112
99,59,115
99,60,118
99,61,137
99,62,163
99,63,173
99,64,142
99,65,104
99,66,69
99,67,68
99,68,96
99,69,117
99,70,128
99,71,127
99,72,123
99,73,118
99,74,103
99,75,106
99,76,121
99,77,123
99,78,89
99,79,52
99,80,73
99,81,77
99,82,59
99,83,47
99,84,53
99,85,52
99,86,56
99,87,72
99,88,76
99,89,78
99,90,79
99,91,78
99,92,75
99,93,80
99,94,87
99,95,87
99,96,93
99,97,92
99,98,86
99,99,85
99,100,86
99,101,85
99,102,87
99,103,87
99,104,85
99,105,68
99,106,55
99,107,66
99,108,85
99,109,98
99,110,93
99,111,90
99,112,84
99,113,85
99,114,78
99,115,79
99,116,87
99,117,96
99,118,96
99,119,78
99,120,76
99,121,66
99,122,56
99,123,80
99,124,114
99,125,123
99,126,121
99,127,117
99,128,108
99,129,96
99,130,97
99,131,101
99,132,104
99,133,117
99,134,122
99,135,112
99,136,90
99,137,86
99,138,91
99,139,97
99,140,103
99,141,103
99,142,94
99,143,95
99,144,109
99,145,127
99,146,143
99,147,164
99,148,163
99,149,157
100,0,148
100,1,140
100,2,137
100,3,138
100,4,150
100,5,162
100,6,162
100,7,165
100,8,160
100,9,157
100,10,159
100,11,149
100,12,150
100,13,150
100,14,150
100,15,157
100,16,147
100,17,140
100,18,149
100,19,154
100,20,159
100,21,160
100,22,150
100,23,149
100,24,135
100,25,132
100,26,145
100,27,155
100,28,157
100,29,162
100,30,163
100,31,160
100,32,164
100,33,156
100,34,148
100,35,141
100,36,133
100,37,137
100,38,135
100,39,118
100,40,92
100,41,89
100,42,104
100,43,123
100,44,131
100,45,132
100,46,128
100,47,125
100,48,133
100,49,141
100,50,142
100,51,142
100,52,143
100,53,138
100,54,137
100,55,114
100,56,98
100,57,110
100,58,113
100,59,119
100,60,112
100,61,126
100,62,139
100,63,149
100,64,136
100,65,104
100,66,68
100,67,54
100,68,75
100,69,102
100,70,122
100,71,123
100,72,123
100,73,121
100,74,112
100,75,118
100,76,127
100,77,131
100,78,115
100,79,91
100,80,88
100,81,74
100,82,53
100,83,50
100,84,54
100,85,47
100,86,48
100,87,62
100,88,69
100,89,73
100,90,80
100,91,83
100,92,84
100,93,85
100,94,88
100,95,91
100,96,97
100,97,97
100,98,92
100,99,91
100,100,93
100,101,94
100,102,97
100,103,100
100,104,100
100,105,88
100,106,71
100,107,69
100,108,74
100,109,89
100,110,95
100,111,92
100,112,89
100,113,87
100,114,84
100,115,81
100,116,86
100,117,90
100,118,86
100,119,85
100,120,88
100,121,65
100,122,47
100,123,73
100,124,111
100,125,126
100,126,124
100,127,109
100,128,100
100,129,104
100,130,116
100,131,110
100,132,97
100,133,105
100,134,116
100,135,117
100,136,95
100,137,86
100,138,84
100,139,86
100,140,98
100,141,111
100,142,106
100,143,100
100,144,94
100,145,97
100,146,118
100,147,151
100,148,151
100,149,145
101,0,150
101,1,143
101,2,138
101,3,139
101,4,151
101,5,161
101,6,161
101,7,166
101,8,160
101,9,167
101,10,174
101,11,155
101,12,152
101,13,155
101,14,151
101,15,156
101,16,148
101,17,140
101,18,148
101,19,155
101,20,158
101,21,156
101,22,149
101,23,151
101,24,142
101,25,138
101,26,145
101,27,151
101,28,155
101,29,162
101,30,163
101,31,157
101,32,161
101,33,155
101,34,139
101,35,133
101,36,136
101,37,143
101,38,134
101,39,121
101,40,101
101,41,92
101,42,104
101,43,119
101,44,131
101,45,142
101,46,135
101,47,123
101,48,132
101,49,143
101,50,141
101,51,142
101,52,141
101,53,138
101,54,136
101,55,108
101,56,89
101,57,104
101,58,117
101,59,123
101,60,114
101,61,118
101,62,124
101,63,122
101,64,111
101,65,97
101,66,70
101,67,52
101,68,70
101,69,94
101,70,110
101,71,117
101,72,131
101,73,127
101,74,113
101,75,115
101,76,116
101,77,117
101,78,119
101,79,121
101,80,102
101,81,76
101,82,55
101,83,61
101,84,66
101,85,54
101,86,48
101,87,50
101,88,54
101,89,66
101,90,81
101,91,81
101,92,81
101,93,83
101,94,86
101,95,86
101,96,93
101,97,99
101,98,98
101,99,98
101,100,100
101,101,102
101,102,109
101,103,115
101,104,108
101,105,100
101,106,86
101,107,75
101,108,64
101,109,80
101,110,98
101,111,92
101,112,85
101,113,87
101,114,88
101,115,80
101,116,87
101,117,91
101,118,84
101,119,97
101,120,88
101,121,61
101,122,48
101,123,75
101,124,102
101,125,111
101,126,108
101,127,90
101,128,84
101,129,102
101,130,123
101,131,122
101,132,111
101,133,103
101,134,102
101,135,115
101,136,102
101,137,84
101,138,74
101,139,70
101,140,80
101,141,100
101,142,103
101,143,98
101,144,94
101,145,87
101,146,101
101,147,127
101,148,123
101,149,133
102,0,152
102,1,145
102,2,139
102,3,141
102,4,152
102,5,157
102,6,158
102,7,162
102,8,157
102,9,167
102,10,175
102,11,161
102,12,157
102,13,153
102,14,146
102,15,150
102,16,143
102,17,143
102,18,153
102,19,158
102,20,158
102,21,155
102,22,153
102,23,156
102,24,155
102,25,145
102,26,150
102,27,156
102,28,157
102,29,164
102,30,165
102,31,160
102,32,158
102,33,153
102,34,136
102,35,131
102,36,141
102,37,149
102,38,130
102,39,113
102,40,103
102,41,103
102,42,112
102,43,119
102,44,133
102,45,148
102,46,138
102,47,125
102,48,132
102,49,143
102,50,143
102,51,144
102,52,137
102,53,134
102,54,131
102,55,109
102,56,96
102,57,101
102,58,108
102,59,112
102,60,111
102,61,120
102,62,127
102,63,117
102,64,96
102,65,90
102,66,71
102,67,52
102,68,68
102,69,84
102,70,94
102,71,109
102,72,124
102,73,131
102,74,119
102,75,115
102,76,105
102,77,91
102,78,103
102,79,132
102,80,126
102,81,101
102,82,79
102,83,76
102,84,71
102,85,59
102,86,52
102,87,49
102,88,42
102,89,43
102,90,61
102,91,68
102,92,69
102,93,69
102,94,76
102,95,81
102,96,89
102,97,98
102,98,99
102,99,99
102,100,99
102,101,100
102,102,108
102,103,116
102,104,111
102,105,107
102,106,96
102,107,85
102,108,69
102,109,81
102,110,100
102,111,93
102,112,81
102,113,86
102,114,91
102,115,79
102,116,85
102,117,96
102,118,92
102,119,103
102,120,86
102,121,68
102,122,65
102,123,78
102,124,79
102,125,83
102,126,93
102,127,87
102,128,82
102,129,91
102,130,100
102,131,109
102,132,124
102,133,121
102,134,104
102,135,107
102,136,95
102,137,80
102,138,75
102,139,68
102,140,67
102,141,79
102,142,86
102,143,88
102,144,89
102,145,87
102,146,91
102,147,92
102,148,83
102,149,118
103,0,153
103,1,147
103,2,140
103,3,143
103,4,153
103,5,156
103,6,157
103,7,161
103,8,159
103,9,165
103,10,170
103,11,167
103,12,167
103,13,154
103,14,146
103,15,150
103,16,137
103,17,146
103,18,160
103,19,162
103,20,158
103,21,158
103,22,159
103,23,160
103,24,158
103,25,144
103,26,149
103,27,158
103,28,156
103,29,159
103,30,162
103,31,159
103,32,158
103,33,147
103,34,133
103,35,138
103,36,146
103,37,146
103,38,122
103,39,104
103,40,103
103,41,109
103,42,118
103,43,124
103,44,134
103,45,147
103,46,142
103,47,126
103,48,131
103,49,143
103,50,147
103,51,148
103,52,136
103,53,135
103,54,133
103,55,124
103,56,115
103,57,112
103,58,103
103,59,105
103,60,108
103,61,121
103,62,121
103,63,108
103,64,92
103,65,86
103,66,82
103,67,63
103,68,58
103,69,66
103,70,80
103,71,98
103,72,117
103,73,130
103,74,123
103,75,127
103,76,114
103,77,84
103,78,90
103,79,133
103,80,144
103,81,129
103,82,110
103,83,95
103,84,79
103,85,64
103,86,59
103,87,53
103,88,42
103,89,31
103,90,43
103,91,50
103,92,57
103,93,67
103,94,77
103,95,76
103,96,81
103,97,93
103,98,98
103,99,103
103,100,104
103,101,100
103,102,102
103,103,107
103,104,110
103,105,112
103,106,103
103,107,97
103,108,84
103,109,89
103,110,100
103,111,92
103,112,83
103,113,88
103,114,97
103,115,84
103,116,83
103,117,100
103,118,100
103,119,97
103,120,91
103,121,81
103,122,79
103,123,72
103,124,54
103,125,61
103,126,88
103,127,98
103,128,102
103,129,98
103,130,93
103,131,95
103,132,118
103,133,126
103,134,108
103,135,102
103,136,91
103,137,79
103,138,82
103,139,82
103,140,82
103,141,91
103,142,94
103,143,92
103,144,94
103,145,103
103,146,100
103,147,80
103,148,65
103,149,118
104,0,148
104,1,151
104,2,142
104,3,142
104,4,153
104,5,154
104,6,157
104,7,166
104,8,157
104,9,163
104,10,166
104,11,172
104,12,172
104,13,158
104,14,148
104,15,150
104,16,137
104,17,141
104,18,155
104,19,158
104,20,156
104,21,156
104,22,154
104,23,160
104,24,153
104,25,143
104,26,146
104,27,153
104,28,153
104,29,156
104,30,161
104,31,161
104,32,156
104,33,145
104,34,132
104,35,137
104,36,147
104,37,133
104,38,103
104,39,106
104,40,110
104,41,119
104,42,125
104,43,131
104,44,140
104,45,143
104,46,139
104,47,134
104,48,134
104,49,134
104,50,140
104,51,143
104,52,131
104,53,127
104,54,132
104,55,126
104,56,121
104,57,127
104,58,118
104,59,113
104,60,111
104,61,118
104,62,110
104,63,92
104,64,79
104,65,88
104,66,89
104,67,77
104,68,63
104,69,62
104,70,76
104,71,90
104,72,98
104,73,114
104,74,122
104,75,122
104,76,116
104,77,108
104,78,104
104,79,121
104,80,137
104,81,138
104,82,134
104,83,121
104,84,101
104,85,82
104,86,69
104,87,63
104,88,50
104,89,43
104,90,37
104,91,40
104,92,45
104,93,50
104,94,64
104,95,75
104,96,83
104,97,94
104,98,100
104,99,107
104,100,111
104,101,104
104,102,100
104,103,100
104,104,112
104,105,117
104,106,109
104,107,107
104,108,97
104,109,93
104,110,92
104,111,87
104,112,80
104,113,88
104,114,90
104,115,85
104,116,84
104,117,86
104,118,95
104,119,106
104,120,103
104,121,99
104,122,81
104,123,62
104,124,53
104,125,58
104,126,80
104,127,97
104,128,111
104,129,115
104,130,105
104,131,92
104,132,101
104,133,109
104,134,99
104,135,94
104,136,87
104,137,84
104,138,82
104,139,89
104,140,97
104,141,99
104,142,95
104,143,89
104,144,87
104,145,99
104,146,86
104,147,74
104,148,48
104,149,120
105,0,152
105,1,152
105,2,141
105,3,141
105,4,152
105,5,152
105,6,154
105,7,162
105,8,161
105,9,165
105,10,167
105,11,168
105,12,166
105,13,155
105,14,147
105,15,153
105,16,145
105,17,145
105,18,154
105,19,155
105,20,154
105,21,156
105,22,154
105,23,155
105,24,154
105,25,142
105,26,142
105,27,150
105,28,151
105,29,156
105,30,164
105,31,166
105,32,164
105,33,149
105,34,133
105,35,136
105,36,144
105,37,126
105,38,94
105,39,97
105,40,114
105,41,126
105,42,135
105,43,140
105,44,145
105,45,146
105,46,141
105,47,136
105,48,132
105,49,134
105,50,142
105,51,145
105,52,132
105,53,127
105,54,132
105,55,126
105,56,124
105,57,134
105,58,130
105,59,124
105,60,121
105,61,125
105,62,113
105,63,97
105,64,88
105,65,92
105,66,90
105,67,78
105,68,65
105,69,63
105,70,70
105,71,77
105,72,87
105,73,104
105,74,120
105,75,126
105,76,125
105,77,128
105,78,127
105,79,133
105,80,138
105,81,137
105,82,138
105,83,136
105,84,125
105,85,105
105,86,86
105,87,74
105,88,64
105,89,51
105,90,36
105,91,34
105,92,36
105,93,41
105,94,54
105,95,63
105,96,78
105,97,89
105,98,98
105,99,107
105,100,112
105,101,107
105,102,103
105,103,100
105,104,111
105,105,122
105,106,113
105,107,113
105,108,104
105,109,93
105,110,92
105,111,89
105,112,88
105,113,90
105,114,90
105,115,90
105,116,84
105,117,78
105,118,88
105,119,107
105,120,111
105,121,99
105,122,88
105,123,85
105,124,70
105,125,51
105,126,61
105,127,86
105,128,108
105,129,110
105,130,107
105,131,99
105,132,100
105,133,99
105,134,87
105,135,82
105,136,83
105,137,89
105,138,97
105,139,102
105,140,102
105,141,97
105,142,89
105,143,83
105,144,84
105,145,85
105,146,69
105,147,59
105,148,39
105,149,109
106,0,158
106,1,154
106,2,140
106,3,140
106,4,149
106,5,149
106,6,149
106,7,156
106,8,157
106,9,161
106,10,166
106,11,166
106,12,163
106,13,154
106,14,146
106,15,154
106,16,153
106,17,150
106,18,158
106,19,157
106,20,154
106,21,156
106,22,153
106,23,151
106,24,152
106,25,143
106,26,144
106,27,149
106,28,151
106,29,159
106,30,168
106,31,167
106,32,165
106,33,152
106,34,137
106,35,140
106,36,147
106,37,128
106,38,96
106,39,98
106,40,115
106,41,128
106,42,139
106,43,143
106,44,147
106,45,148
106,46,143
106,47,137
106,48,136
106,49,140
106,50,150
106,51,151
106,52,135
106,53,128
106,54,131
106,55,127
106,56,121
106,57,135
106,58,137
106,59,133
106,60,133
106,61,136
106,62,120
106,63,105
106,64,90
106,65,82
106,66,80
106,67,71
106,68,60
106,69,60
106,70,66
106,71,78
106,72,81
106,73,94
106,74,116
106,75,132
106,76,133
106,77,138
106,78,138
106,79,141
106,80,144
106,81,141
106,82,140
106,83,138
106,84,131
106,85,119
106,86,102
106,87,87
106,88,70
106,89,54
106,90,39
106,91,38
106,92,38
106,93,34
106,94,41
106,95,49
106,96,61
106,97,75
106,98,87
106,99,98
106,100,106
106,101,109
106,102,107
106,103,99
106,104,107
106,105,117
106,106,112
106,107,117
106,108,105
106,109,90
106,110,92
106,111,91
106,112,94
106,113,93
106,114,91
106,115,97
106,116,94
106,117,82
106,118,87
106,119,101
106,120,99
106,121,95
106,122,97
106,123,99
106,124,77
106,125,46
106,126,50
106,127,76
106,128,92
106,129,101
106,130,103
106,131,98
106,132,98
106,133,93
106,134,84
106,135,85
106,136,83
106,137,89
106,138,96
106,139,99
106,140,98
106,141,95
106,142,90
106,143,88
106,144,92
106,145,94
106,146,72
106,147,59
106,148,52
106,149,114
107,0,156
107,1,149
107,2,137
107,3,138
107,4,148
107,5,149
107,6,152
107,7,160
107,8,154
107,9,156
107,10,164
107,11,164
107,12,162
107,13,155
107,14,145
107,15,153
107,16,154
107,17,152
107,18,161
107,19,162
107,20,154
107,21,152
107,22,150
107,23,147
107,24,148
107,25,147
107,26,151
107,27,152
107,28,151
107,29,162
107,30,170
107,31,165
107,32,158
107,33,152
107,34,141
107,35,146
107,36,153
107,37,137
107,38,108
107,39,106
107,40,119
107,41,132
107,42,142
107,43,145
107,44,148
107,45,150
107,46,146
107,47,139
107,48,136
107,49,142
107,50,152
107,51,149
107,52,130
107,53,121
107,54,123
107,55,120
107,56,115
107,57,133
107,58,142
107,59,139
107,60,141
107,61,143
107,62,128
107,63,115
107,64,89
107,65,70
107,66,69
107,67,66
107,68,56
107,69,51
107,70,56
107,71,73
107,72,82
107,73,82
107,74,101
107,75,126
107,76,132
107,77,136
107,78,136
107,79,142
107,80,143
107,81,145
107,82,146
107,83,142
107,84,136
107,85,133
107,86,124
107,87,110
107,88,93
107,89,66
107,90,42
107,91,42
107,92,40
107,93,32
107,94,37
107,95,48
107,96,56
107,97,68
107,98,77
107,99,84
107,100,95
107,101,110
107,102,117
107,103,110
107,104,115
107,105,113
107,106,101
107,107,107
107,108,112
107,109,102
107,110,96
107,111,93
107,112,98
107,113,99
107,114,93
107,115,94
107,116,94
107,117,87
107,118,90
107,119,95
107,120,90
107,121,94
107,122,98
107,123,99
107,124,79
107,125,52
107,126,51
107,127,65
107,128,76
107,129,97
107,130,104
107,131,99
107,132,99
107,133,94
107,134,85
107,135,86
107,136,94
107,137,89
107,138,86
107,139,86
107,140,87
107,141,88
107,142,86
107,143,88
107,144,94
107,145,98
107,146,80
107,147,68
107,148,65
107,149,117
108,0,157
108,1,150
108,2,139
108,3,140
108,4,147
108,5,149
108,6,154
108,7,162
108,8,159
108,9,157
108,10,162
108,11,161
108,12,160
108,13,155
108,14,147
108,15,154
108,16,152
108,17,149
108,18,158
108,19,161
108,20,153
108,21,148
108,22,147
108,23,145
108,24,145
108,25,148
108,26,154
108,27,153
108,28,151
108,29,161
108,30,171
108,31,166
108,32,158
108,33,152
108,34,141
108,35,144
108,36,150
108,37,142
108,38,118
108,39,112
108,40,122
108,41,133
108,42,144
108,43,147
108,44,147
108,45,149
108,46,146
108,47,141
108,48,138
108,49,143
108,50,152
108,51,144
108,52,123
108,53,114
108,54,115
108,55,115
108,56,119
108,57,140
108,58,150
108,59,146
108,60,147
108,61,148
108,62,137
108,63,126
108,64,100
108,65,73
108,66,64
108,67,62
108,68,57
108,69,55
108,70,58
108,71,71
108,72,75
108,73,75
108,74,89
108,75,114
108,76,128
108,77,135
108,78,133
108,79,136
108,80,143
108,81,145
108,82,147
108,83,142
108,84,138
108,85,139
108,86,138
108,87,131
108,88,121
108,89,88
108,90,53
108,91,44
108,92,41
108,93,36
108,94,41
108,95,50
108,96,57
108,97,66
108,98,73
108,99,83
108,100,94
108,101,107
108,102,119
108,103,120
108,104,118
108,105,113
108,106,99
108,107,96
108,108,112
108,109,113
108,110,102
108,111,103
108,112,103
108,113,108
108,114,102
108,115,96
108,116,95
108,117,93
108,118,93
108,119,92
108,120,91
108,121,87
108,122,83
108,123,88
108,124,84
108,125,69
108,126,60
108,127,59
108,128,61
108,129,81
108,130,95
108,131,100
108,132,102
108,133,100
108,134,98
108,135,97
108,136,94
108,137,88
108,138,88
108,139,88
108,140,85
108,141,80
108,142,77
108,143,83
108,144,96
108,145,90
108,146,82
108,147,83
108,148,73
108,149,119
109,0,161
109,1,154
109,2,143
109,3,142
109,4,146
109,5,147
109,6,154
109,7,160
109,8,161
109,9,158
109,10,161
109,11,161
109,12,161
109,13,158
109,14,152
109,15,156
109,16,153
109,17,149
109,18,154
109,19,157
109,20,154
109,21,150
109,22,148
109,23,145
109,24,146
109,25,145
109,26,150
109,27,152
109,28,149
109,29,157
109,30,169
109,31,171
109,32,162
109,33,154
109,34,141
109,35,139
109,36,141
109,37,140
109,38,127
109,39,120
109,40,119
109,41,130
109,42,143
109,43,147
109,44,147
109,45,149
109,46,149
109,47,145
109,48,143
109,49,147
109,50,152
109,51,141
109,52,119
109,53,112
109,54,115
109,55,117
109,56,132
109,57,147
109,58,151
109,59,148
109,60,156
109,61,158
109,62,151
109,63,134
109,64,106
109,65,80
109,66,64
109,67,61
109,68,66
109,69,74
109,70,75
109,71,78
109,72,78
109,73,89
109,74,98
109,75,102
109,76,108
109,77,123
109,78,128
109,79,133
109,80,141
109,81,138
109,82,134
109,83,131
109,84,129
109,85,127
109,86,127
109,87,129
109,88,123
109,89,102
109,90,72
109,91,53
109,92,43
109,93,41
109,94,46
109,95,50
109,96,50
109,97,51
109,98,57
109,99,71
109,100,80
109,101,87
109,102,102
109,103,116
109,104,112
109,105,106
109,106,107
109,107,98
109,108,101
109,109,113
109,110,117
109,111,116
109,112,111
109,113,111
109,114,104
109,115,98
109,116,101
109,117,102
109,118,96
109,119,91
109,120,92
109,121,84
109,122,74
109,123,77
109,124,85
109,125,85
109,126,79
109,127,71
109,128,59
109,129,62
109,130,77
109,131,98
109,132,104
109,133,103
109,134,102
109,135,95
109,136,87
109,137,89
109,138,99
109,139,99
109,140,89
109,141,79
109,142,75
109,143,84
109,144,95
109,145,83
109,146,75
109,147,86
109,148,81
109,149,122
110,0,155
110,1,149
110,2,139
110,3,139
110,4,144
110,5,149
110,6,157
110,7,162
110,8,159
110,9,159
110,10,161
110,11,163
110,12,164
110,13,159
110,14,155
110,15,156
110,16,155
110,17,154
110,18,154
110,19,155
110,20,155
110,21,154
110,22,150
110,23,143
110,24,146
110,25,142
110,26,147
110,27,152
110,28,150
110,29,157
110,30,168
110,31,170
110,32,163
110,33,156
110,34,146
110,35,141
110,36,134
110,37,134
110,38,132
110,39,128
110,40,122
110,41,129
110,42,139
110,43,147
110,44,151
110,45,156
110,46,157
110,47,154
110,48,145
110,49,146
110,50,148
110,51,133
110,52,113
110,53,108
110,54,113
110,55,117
110,56,139
110,57,147
110,58,145
110,59,145
110,60,157
110,61,161
110,62,158
110,63,135
110,64,111
110,65,99
110,66,89
110,67,89
110,68,96
110,69,102
110,70,99
110,71,94
110,72,102
110,73,114
110,74,113
110,75,96
110,76,85
110,77,103
110,78,118
110,79,129
110,80,127
110,81,127
110,82,127
110,83,129
110,84,129
110,85,120
110,86,113
110,87,115
110,88,114
110,89,108
110,90,88
110,91,67
110,92,53
110,93,48
110,94,48
110,95,44
110,96,38
110,97,35
110,98,33
110,99,42
110,100,49
110,101,55
110,102,77
110,103,102
110,104,112
110,105,100
110,106,109
110,107,107
110,108,102
110,109,112
110,110,126
110,111,123
110,112,118
110,113,108
110,114,95
110,115,86
110,116,93
110,117,101
110,118,93
110,119,89
110,120,91
110,121,91
110,122,83
110,123,81
110,124,86
110,125,89
110,126,88
110,127,82
110,128,60
110,129,46
110,130,51
110,131,82
110,132,104
110,133,106
110,134,100
110,135,91
110,136,93
110,137,95
110,138,105
110,139,102
110,140,92
110,141,85
110,142,80
110,143,86
110,144,95
110,145,85
110,146,70
110,147,83
110,148,81
110,149,124
111,0,150
111,1,144
111,2,135
111,3,136
111,4,142
111,5,149
111,6,158
111,7,162
111,8,160
111,9,161
111,10,161
111,11,164
111,12,163
111,13,157
111,14,154
111,15,154
111,16,155
111,17,158
111,18,157
111,19,154
111,20,154
111,21,154
111,22,148
111,23,138
111,24,144
111,25,142
111,26,149
111,27,153
111,28,153
111,29,160
111,30,167
111,31,165
111,32,159
111,33,156
111,34,152
111,35,147
111,36,131
111,37,127
111,38,131
111,39,132
111,40,127
111,41,127
111,42,133
111,43,142
111,44,151
111,45,158
111,46,159
111,47,154
111,48,145
111,49,145
111,50,145
111,51,128
111,52,108
111,53,105
111,54,110
111,55,116
111,56,136
111,57,146
111,58,142
111,59,141
111,60,149
111,61,152
111,62,155
111,63,134
111,64,110
111,65,109
111,66,107
111,67,109
111,68,113
111,69,112
111,70,110
111,71,107
111,72,116
111,73,122
111,74,121
111,75,104
111,76,86
111,77,95
111,78,106
111,79,115
111,80,119
111,81,125
111,82,128
111,83,132
111,84,132
111,85,119
111,86,105
111,87,104
111,88,114
111,89,112
111,90,100
111,91,85
111,92,71
111,93,58
111,94,44
111,95,29
111,96,27
111,97,28
111,98,25
111,99,29
111,100,33
111,101,37
111,102,58
111,103,83
111,104,108
111,105,101
111,106,107
111,107,109
111,108,105
111,109,101
111,110,114
111,111,126
111,112,119
111,113,108
111,114,96
111,115,83
111,116,88
111,117,96
111,118,86
111,119,83
111,120,82
111,121,86
111,122,86
111,123,88
111,124,88
111,125,83
111,126,81
111,127,79
111,128,67
111,129,42
111,130,26
111,131,54
111,132,93
111,133,105
111,134,102
111,135,99
111,136,103
111,137,98
111,138,100
111,139,95
111,140,94
111,141,95
111,142,88
111,143,88
111,144,90
111,145,81
111,146,67
111,147,76
111,148,69
111,149,118
112,0,156
112,1,147
112,2,143
112,3,148
112,4,153
112,5,157
112,6,161
112,7,163
112,8,164
112,9,164
112,10,165
112,11,168
112,12,168
112,13,163
112,14,157
112,15,155
112,16,160
112,17,167
112,18,166
112,19,160
112,20,158
112,21,163
112,22,153
112,23,144
112,24,151
112,25,151
112,26,156
112,27,161
112,28,155
112,29,160
112,30,166
112,31,167
112,32,161
112,33,162
112,34,159
112,35,148
112,36,134
112,37,129
112,38,135
112,39,141
112,40,135
112,41,133
112,42,132
112,43,140
112,44,155
112,45,161
112,46,167
112,47,157
112,48,145
112,49,151
112,50,150
112,51,134
112,52,116
112,53,112
112,54,119
112,55,124
112,56,137
112,57,150
112,58,150
112,59,153
112,60,155
112,61,158
112,62,157
112,63,139
112,64,126
112,65,131
112,66,131
112,67,125
112,68,126
112,69,123
112,70,123
112,71,124
112,72,126
112,73,126
112,74,120
112,75,119
112,76,112
112,77,96
112,78,89
112,79,91
112,80,115
112,81,136
112,82,134
112,83,131
112,84,125
112,85,120
112,86,113
112,87,102
112,88,118
112,89,120
112,90,117
112,91,110
112,92,101
112,93,85
112,94,64
112,95,49
112,96,52
112,97,50
112,98,46
112,99,47
112,100,51
112,101,48
112,102,51
112,103,66
112,104,82
112,105,94
112,106,108
112,107,121
112,108,124
112,109,118
112,110,122
112,111,130
112,112,132
112,113,123
112,114,112
112,115,100
112,116,103
112,117,106
112,118,94
112,119,88
112,120,82
112,121,85
112,122,94
112,123,102
112,124,101
112,125,94
112,126,91
112,127,94
112,128,88
112,129,70
112,130,56
112,131,60
112,132,76
112,133,95
112,134,103
112,135,100
112,136,100
112,137,105
112,138,103
112,139,101
112,140,105
112,141,111
112,142,109
112,143,98
112,144,89
112,145,84
112,146,72
112,147,84
112,148,72
112,149,113
