,x_val,y_val,data_channel
0,8.071351489250084,12.003862812277857,1
1,8.03483467789811,12.018151183172188,1
2,8.049693850149,12.013622464147721,1
3,8.035079739701091,12.019209531851272,1
4,8.10952451465363,12.007809710436254,1
5,8.114940649620308,12.015288380295882,1
6,8.160853301865586,12.012296191924094,1
7,8.228600157756215,12.003461653112817,1
8,8.187774307588043,12.017818832904124,1
9,8.26683895115129,12.023128810416816,1
10,8.254601611303883,12.030747059207322,1
11,8.242841705836616,12.00447085393022,1
12,8.250468303151127,12.00220758819351,1
13,8.291297966402466,12.013576870830262,1
14,8.327112100757368,12.01740774029334,1
15,8.310440875393382,12.028073643886396,1
16,8.312973729372258,12.0031574948545,1
17,8.490878222059164,12.020627100743436,1
18,8.503488113253118,12.004983034205734,1
19,8.542360596081647,12.006629266740083,1
20,8.521567193549723,12.003081327589724,1
21,8.604665161056786,12.003107517100041,1
22,8.580806446702033,12.03055951043853,1
23,8.594941537626333,12.027567551471492,1
24,8.600502149558324,12.009228825952498,1
25,8.60197547596461,12.013961081957666,1
26,8.628761072128635,12.007399372372088,1
27,8.62137862178692,12.020863929575249,1
28,8.646581911617872,12.031437621218894,1
29,8.647223773704445,12.005624186895139,1
30,8.68354740352799,12.017563722800036,1
31,8.68700375193935,12.024511533723592,1
32,8.687303730363897,12.016254400693194,1
33,8.700277172120387,12.020475063144257,1
34,8.666809213144036,12.026271430643781,1
35,8.693375392224363,12.019062262682883,1
36,8.73779771557075,12.025041916069865,1
37,8.765504827282498,12.001713469515872,1
38,8.77988229311037,12.021411193678096,1
39,8.799737344952126,12.000646203194648,1
40,8.786174198996758,12.003658500702226,1
41,8.810569653820908,12.02601815553732,1
42,8.794202179954276,12.011579606608263,1
43,8.823745168509664,12.028629220062738,1
44,8.861977104731396,12.003289850955236,1
45,8.834671150229173,12.018833086465786,1
46,8.87920702984689,12.017912897970145,1
47,8.892401143868671,12.017772753084493,1
48,8.952459987114333,12.019113820182886,1
49,9.02753928387893,12.019663269201436,1
50,9.091943130973934,12.028039041225588,1
51,9.187600336273707,12.02050786970694,1
52,9.30018829629674,12.014538373523493,1
53,9.314286487169769,12.009203104645609,1
54,9.315300003019978,12.011650478733388,1
55,9.363702778736164,12.018442430484257,1
56,9.400308637253671,12.02376828112116,1
57,9.379279336110153,12.016716511957782,1
58,9.4295076210169,12.00539528089205,1
59,9.497264949417708,12.010892103568896,1
60,9.516152549292036,12.02368885364352,1
61,9.517420711987784,12.018689620299845,1
62,9.54402206008442,12.001776552979686,1
63,9.60203761642883,12.00722010478631,1
64,9.63424869560322,12.009527373063593,1
65,9.666222835778992,12.001279451824326,1
66,9.71630859673999,12.011066576950103,1
67,9.756094981978102,12.026653228046916,1
68,9.826578106572162,12.000293470092402,1
69,9.8041136437137,12.028160090173238,1
70,9.881067613880106,12.031573949844248,1
71,9.892961340037177,12.006966210670374,1
72,9.944664227744331,12.031916635496476,1
73,9.92246253779549,12.020289250146066,1
74,9.981539483864276,12.025302063028086,1
75,9.98996361933034,12.009703395277908,1
76,9.962202554087211,12.008608391180912,1
77,10.042930123582481,12.020124791816942,1
78,10.005462745943253,12.024728992402235,1
79,10.092081834831047,12.026986188462283,1
80,10.096004915479387,12.020462586821164,1
81,10.154442718354185,12.016928006256936,1
82,10.194651279025974,12.011654027525683,1
83,10.194593494196713,12.029698521423843,1
84,10.187681399915506,12.02733179077712,1
85,10.222992042469883,12.00215631270838,1
86,10.253209992058139,12.014636117639686,1
87,10.271612131081405,12.014086818086751,1
88,10.278563213113022,12.015914213210253,1
89,10.372945237292086,12.014384759398277,1
90,10.374375682955119,12.017268075892803,1
91,10.475950834300287,12.016993933494359,1
92,10.434862593396627,12.016276176513244,1
93,10.501091888201836,12.01957649207287,1
94,10.563795135534534,12.00898139179608,1
95,10.717368747590266,12.020923366440485,1
96,10.793379680960168,12.016502077374453,1
97,10.853077994976081,12.019511539794038,1
98,10.856907439001095,12.030972810145062,1
99,10.875177368309329,12.00619729401392,1
100,10.996869737732936,12.025464704321438,1
101,10.997605760006119,12.013700366490712,1
102,11.053415412829148,12.031024404672854,1
103,11.065896007160632,12.01854851362164,1
104,11.09930948836421,12.010697329868398,1
105,11.153700534258233,12.017879128727303,1
106,11.233639282794755,12.017377033793508,1
107,11.290623282489596,12.030690058712477,1
108,11.331647488226766,12.0209545197184,1
109,11.302168895890544,12.02869851426795,1
110,11.371203319574596,12.019677560431616,1
111,11.341434108983123,12.000529324048442,1
112,11.434169629575274,12.013494467710396,1
113,11.420935968018872,12.014595866721397,1
114,11.402962211360217,12.01693183123642,1
115,11.474537797017625,12.004709151297812,1
116,11.469994593047094,12.005410550451927,1
117,11.49319662136868,12.022231475278815,1
118,11.542454766979375,12.00541983858329,1
119,11.546888075782778,12.017185452529839,1
120,11.548970281307632,12.023393663425674,1
121,11.593099174785118,12.02726993726487,1
122,11.584363901059557,12.010306240795417,1
123,11.574504336709813,12.025120394810777,1
124,11.622220390196308,12.017964267714298,1
125,11.626392550879894,12.025710244806305,1
126,11.682604041344835,12.02587609721823,1
127,11.665064688067657,12.012552757673495,1
128,11.758743221587041,12.030888852043631,1
129,11.807686765129382,12.020593072072593,1
130,11.784022621041725,12.010551705305947,1
131,11.836079971270847,12.01392993449662,1
132,11.86758882453535,12.00415356969694,1
133,11.878752538847927,12.02866813395562,1
134,11.897321940137648,12.01702752547742,1
135,11.97999636111523,12.02417724034005,1
136,11.981026537914124,12.017071060368249,1
137,8.003386994654532,12.03783592878152,1
138,8.014349852469046,12.070056950692724,1
139,8.000906892624625,12.035339413363564,1
140,8.073639096701708,12.079563943959503,1
141,8.025859374709059,12.084451574098752,1
142,8.04261978537696,12.032308516028355,1
143,8.060278630256844,12.061897407735044,1
144,8.08468311756653,12.052917190117302,1
145,8.083003161747207,12.074908378030873,1
146,8.16687979096224,12.048015971702936,1
147,8.158316140229667,12.062714725516468,1
148,8.184938111166439,12.038667547375866,1
149,8.22202490798854,12.070545917196808,1
150,8.200275207237183,12.057236666376207,1
151,8.253566315232222,12.038810077037425,1
152,8.244968241646495,12.068841629298603,1
153,8.253179457858252,12.043489792720518,1
154,8.337443938867587,12.060563501691288,1
155,8.337064827446337,12.06006297567638,1
156,8.314092670813533,12.07473064133049,1
157,8.386169787834433,12.070902262389259,1
158,8.374570968206555,12.067096560984748,1
159,8.547141241297155,12.055077177399209,1
160,8.536809458146347,12.035310369203996,1
161,8.60827316950949,12.07459693722908,1
162,8.577660715513765,12.035161219369,1
163,8.569859083374526,12.058256528241955,1
164,8.594645063372067,12.08265180812837,1
165,8.648874651805581,12.057635234878285,1
166,8.627117847922015,12.045892171772131,1
167,8.654560932461198,12.075562835178532,1
168,8.648162265919128,12.034910994136231,1
169,8.641792557286053,12.064851634526573,1
170,8.68232963718913,12.038052558480073,1
171,8.71322650076244,12.033277485268142,1
172,8.678934761476961,12.084306860049496,1
173,8.67624213239476,12.033214779758973,1
174,8.681399864117086,12.03754324390232,1
175,8.691995525189322,12.072037366866532,1
176,8.748145952720458,12.032777558796734,1
177,8.742984519978672,12.078042885317785,1
178,8.756355979793945,12.069683134367525,1
179,8.751960664882017,12.07632721177393,1
180,8.768399714310615,12.03745663106433,1
181,8.805674664915287,12.080603304104946,1
182,8.816095549791655,12.07758196084428,1
183,8.788083055596454,12.042553901896285,1
184,8.799638284409832,12.043896058154528,1
185,8.810121394735443,12.085386935097542,1
186,8.777602555887738,12.039625338733345,1
187,8.83597251556174,12.07186758147279,1
188,8.839963197810485,12.044666100423926,1
189,8.858338203382349,12.054189792911064,1
190,8.858926620756776,12.080488020677794,1
191,8.964404840050056,12.066209224135667,1
192,8.97695736628142,12.03493288444369,1
193,9.003121678568629,12.053921737268256,1
194,8.989866702135513,12.07273382042715,1
195,9.05830344304148,12.059204124287918,1
196,9.137445198126835,12.04162749661102,1
197,9.192682834830777,12.048956189543594,1
198,9.172892834204704,12.0552881317919,1
199,9.206100670433221,12.047245638739756,1
200,9.234270845499108,12.065762203310737,1
201,9.239428710596744,12.0329926191661,1
202,9.302078688526462,12.065580418970441,1
203,9.29531407224028,12.033428724392458,1
204,9.272502055021697,12.067690262029414,1
205,9.306978291404121,12.036187891402708,1
206,9.313793340369747,12.042432813046593,1
207,9.327165321810234,12.032549385915773,1
208,9.360816725288224,12.04039965424416,1
209,9.377298099767254,12.038210780575108,1
210,9.390433657986215,12.052496571125634,1
211,9.452313047598384,12.034204994914749,1
212,9.454153013040752,12.059646716188487,1
213,9.501549779918799,12.070347903988079,1
214,9.485436034612793,12.08243705862073,1
215,9.545687706787357,12.055503251811876,1
216,9.563322730303485,12.03420854063328,1
217,9.588135169640125,12.057337791242166,1
218,9.600093073063308,12.038683319026923,1
219,9.605861144746674,12.059099300514987,1
220,9.659368225618952,12.067457731812544,1
221,9.632183590488426,12.079210951477469,1
222,9.676692554155386,12.040310172292436,1
223,9.699733602158869,12.081558518744005,1
224,9.683090646270687,12.03419649339841,1
225,9.779966102429155,12.069309524449174,1
226,9.765483183568163,12.043984534815669,1
227,9.804073128583877,12.058318543872248,1
228,9.79931734348338,12.032180653536026,1
229,9.862749085134995,12.03854978783199,1
230,9.8921721719632,12.080023821278358,1
231,9.91390056641118,12.072128664184312,1
232,9.969396493240902,12.076631601593007,1
233,9.993044207015368,12.072690579037712,1
234,10.047018587909328,12.037730719954444,1
235,10.002919407823297,12.082183342035583,1
236,10.097267145625256,12.057349847502362,1
237,10.087002097365525,12.046572436458879,1
238,10.074601887989838,12.047020385406793,1
239,10.160396899865122,12.048970137562295,1
240,10.115303588539438,12.047371171616634,1
241,10.11086695814149,12.051187508251656,1
242,10.17970352895137,12.044593806522123,1
243,10.213765447332898,12.062043843899588,1
244,10.190762734207354,12.039268907591,1
245,10.22595826535582,12.080730200575934,1
246,10.258579462998213,12.05946555734475,1
247,10.299735602960974,12.07454007223996,1
248,10.343483398309086,12.039672427734322,1
249,10.376547565671856,12.037029372714711,1
250,10.478791601360424,12.040909172923064,1
251,10.443543287630161,12.042646920640047,1
252,10.512719192358535,12.085549156707891,1
253,10.481772614418162,12.058058543942211,1
254,10.584774192498875,12.07865848517957,1
255,10.547361385668236,12.047393230581834,1
256,10.635255092978028,12.049313287831106,1
257,10.617061140083296,12.082342002224202,1
258,10.68122171662398,12.040511834008761,1
259,10.894169142459805,12.034139602557246,1
260,10.918534045036036,12.048021113785419,1
261,10.948443765981489,12.075217511211578,1
262,10.996347092860239,12.067962197004276,1
263,10.964292514073383,12.064412755275736,1
264,11.037543678332364,12.044475524119287,1
265,11.060340057124007,12.042615704532611,1
266,11.041568460675984,12.064292871562088,1
267,11.088275804031479,12.079763371241679,1
268,11.104092488369735,12.052577459091461,1
269,11.111218773242195,12.066686184194358,1
270,11.135428862306888,12.071953286055594,1
271,11.158363098861994,12.047454658762115,1
272,11.177589409613022,12.082761118030389,1
273,11.192418520742455,12.033086810331953,1
274,11.25255602549121,12.063958869728092,1
275,11.279543871941305,12.050615427657375,1
276,11.299159706448169,12.044075734980419,1
277,11.293619399350263,12.065896942985463,1
278,11.353340589804498,12.046350708522498,1
279,11.355032397281125,12.039341281604102,1
280,11.399228093180014,12.053004930004928,1
281,11.424681588893563,12.083955768058974,1
282,11.440279501640418,12.077989152665307,1
283,11.471187339785697,12.077307750122877,1
284,11.487302740629298,12.057205373044138,1
285,11.480236536765979,12.072321316560458,1
286,11.51793502032143,12.081055431261168,1
287,11.521281704720547,12.035703522074963,1
288,11.50867131231909,12.032839197484618,1
289,11.575069066992954,12.034292926181113,1
290,11.58026088785829,12.081597130605216,1
291,11.555564252197723,12.051136600392113,1
292,11.651705197316986,12.058518636454497,1
293,11.63960878032766,12.060708430364787,1
294,11.698121345836613,12.045453390158618,1
295,11.661368390780078,12.072583711059812,1
296,11.673418871056903,12.063058031482203,1
297,11.716685287306445,12.052014516672097,1
298,11.764677734864048,12.037027757100992,1
299,11.720195933873176,12.070603336875815,1
300,11.808654504860764,12.077215701655,1
301,11.814224989108185,12.069083365487225,1
302,11.842138683948493,12.080886883626375,1
303,11.83920281952526,12.057429215193986,1
304,11.89334927309444,12.035220595221285,1
305,11.872572868414963,12.079557249482688,1
306,11.947058016402252,12.057993126184698,1
307,11.935628098633366,12.083723823691491,1
308,11.983482041279796,12.054420214847207,1
309,11.984655622541304,12.04080780815356,1
310,8.01692875624234,12.132946382727988,1
311,8.008144121934386,12.128766636765898,1
312,8.043503683843968,12.08998603428001,1
313,8.024067310242584,12.123412188128576,1
314,8.02202093214297,12.09319634953673,1
315,8.031336974957902,12.085596441553877,1
316,8.051589807831567,12.089093378147606,1
317,8.037136899768463,12.136064681360619,1
318,8.108345980435617,12.107632568765377,1
319,8.083716348898143,12.10544502321217,1
320,8.107097535081733,12.085796220710842,1
321,8.16017302128621,12.10875340785257,1
322,8.159901764527408,12.130237000501241,1
323,8.228801830517277,12.114046786978605,1
324,8.187154359232858,12.096953043831936,1
325,8.237863708192236,12.111970369287766,1
326,8.271100862046444,12.096929356722436,1
327,8.314693549120566,12.09206365417515,1
328,8.297980474308444,12.0912549087061,1
329,8.320862049563278,12.130637324837739,1
330,8.393890857155972,12.11354203711838,1
331,8.356920174417162,12.12882309525305,1
332,8.36057413968721,12.138974176070247,1
333,8.363227787260588,12.133522114609224,1
334,8.402504760591661,12.095386452768652,1
335,8.437020852261629,12.125907888832243,1
336,8.432419415552623,12.138734369554562,1
337,8.438895302455894,12.092202154423823,1
338,8.456726795072953,12.086022236229997,1
339,8.468660164606744,12.094661633719689,1
340,8.477062771139375,12.131810896505357,1
341,8.456406780469193,12.10559585000041,1
342,8.543884434396187,12.13814978406849,1
343,8.512153388634788,12.122862417566113,1
344,8.61640107722188,12.114249915930225,1
345,8.623642677768284,12.131476429140113,1
346,8.710681540349148,12.131883150144937,1
347,8.695395598351555,12.1188451591772,1
348,8.695168104385834,12.124313724462276,1
349,8.670232349033155,12.108238315226675,1
350,8.681495593160012,12.136369314380891,1
351,8.741947100907996,12.092677134578398,1
352,8.744088278370276,12.136922768600874,1
353,8.749420632359525,12.11074466448562,1
354,8.721608214436255,12.095757058117918,1
355,8.746964511738213,12.113561976662881,1
356,8.76426878350675,12.137501401220847,1
357,8.785918436752258,12.098642074307362,1
358,8.774309826393191,12.10836766954568,1
359,8.797544000763658,12.10670514299617,1
360,8.78302283632027,12.109685860119756,1
361,8.85710906460394,12.109666369890487,1
362,8.910761117351065,12.105070981078226,1
363,8.95452580422062,12.123619531468972,1
364,8.966072812623889,12.123762238863229,1
365,8.98819150172817,12.094887375008856,1
366,9.028939414450214,12.11462708609875,1
367,9.053395292291276,12.10308277350816,1
368,9.114001805715459,12.086122737933575,1
369,9.159995458236287,12.136936425430166,1
370,9.151613141962759,12.093988599937571,1
371,9.161473510634377,12.108388704428126,1
372,9.219510582281307,12.131736799551026,1
373,9.221359598674946,12.133001583204761,1
374,9.243361107527967,12.100613320854269,1
375,9.237348203097742,12.133937136491287,1
376,9.243540526569726,12.115920700107527,1
377,9.284169520778859,12.094490825258944,1
378,9.304629376803549,12.089843304866573,1
379,9.272064259735858,12.129428983293154,1
380,9.288933884182043,12.113780105686327,1
381,9.321069476759158,12.09815905825692,1
382,9.323697222808601,12.099122097307516,1
383,9.30499176254901,12.113348608258438,1
384,9.404701065390059,12.114795068907217,1
385,9.39889171543644,12.090933474756232,1
386,9.402362764790276,12.095594258225667,1
387,9.430314509783019,12.104770206813814,1
388,9.465632955304736,12.123221284719992,1
389,9.506885064806506,12.094931949741234,1
390,9.542837838460457,12.112003289677496,1
391,9.519040074162293,12.103776666630013,1
392,9.530131931016898,12.086122717256648,1
393,9.54962373682341,12.109120161674902,1
394,9.57611406109346,12.10859958151599,1
395,9.59806684271699,12.099187374775855,1
396,9.607701593922002,12.090335913596853,1
397,9.64215010681283,12.10834316032947,1
398,9.671194276897733,12.093241757164087,1
399,9.708416966449265,12.089027600665489,1
400,9.679249978850061,12.090242839261427,1
401,9.706113308624811,12.121219699304627,1
402,9.75942455352935,12.122330112715781,1
403,9.744568288770509,12.102901035587612,1
404,9.795765929554225,12.101522305835646,1
405,9.856124782696616,12.103408304737297,1
406,9.960912283758738,12.121743193660292,1
407,10.039658218501996,12.129543264300562,1
408,10.005788532635632,12.099916576024286,1
409,10.076811431988604,12.134234149637527,1
410,10.068448483587234,12.130672504763833,1
411,10.081443416937741,12.095826551275229,1
412,10.148290842010923,12.102060193516857,1
413,10.138808362585271,12.092895889684923,1
414,10.15942747009541,12.087307119418751,1
415,10.17419553971248,12.113570399150833,1
416,10.206998027785087,12.109680766040722,1
417,10.205526216870952,12.124387618603166,1
418,10.250320059362082,12.102776960980966,1
419,10.236157336413338,12.1352480370237,1
420,10.295704857896347,12.137505599591211,1
421,10.373612906212706,12.134840727394748,1
422,10.375472951808579,12.104708367846786,1
423,10.450454020110246,12.089171394623222,1
424,10.524407414182415,12.115203361632656,1
425,10.490758809762408,12.137132403917406,1
426,10.570275403566088,12.125440999946635,1
427,10.564970168628674,12.130749014414162,1
428,10.58467345462943,12.129514472609994,1
429,10.588501700389507,12.125450451597866,1
430,10.613542743492742,12.109761939610538,1
431,10.635707070781686,12.09702206723231,1
432,10.674798516408151,12.13764569445074,1
433,10.650055609971192,12.119097390744571,1
434,10.7091916797908,12.127221588155637,1
435,10.76644628160127,12.131262024410875,1
436,10.80265250523081,12.130577361814533,1
437,10.964455859458452,12.123249079530684,1
438,11.025639761773618,12.106031526437226,1
439,11.06124065795485,12.090538823564922,1
440,11.052106670869087,12.122635423573598,1
441,11.071745386110457,12.089349096402028,1
442,11.090820317433304,12.113680678239568,1
443,11.070574272863208,12.107571365520776,1
444,11.128473203702208,12.104942435939119,1
445,11.126852244448717,12.125522976273878,1
446,11.220725159718619,12.13379996254981,1
447,11.21744066384675,12.13221100725843,1
448,11.265857285075455,12.091683736399197,1
449,11.251463865625709,12.129664319914701,1
450,11.288372453062156,12.108513086908877,1
451,11.300362255727666,12.130755825678408,1
452,11.365338560167723,12.112118453713977,1
453,11.363340268979687,12.09081616247111,1
454,11.391648139304886,12.116398070355666,1
455,11.415470583510583,12.11511248864739,1
456,11.490008658805726,12.09427812755838,1
457,11.475794698386995,12.105855670196476,1
458,11.513392651127376,12.125697192558702,1
459,11.53691498136311,12.132932459535171,1
460,11.573975499650377,12.134572405570399,1
461,11.55236403458003,12.12322748781397,1
462,11.625539345455856,12.122259308768065,1
463,11.636554567024028,12.109633228961448,1
464,11.673585673769153,12.125138129083119,1
465,11.671197300273139,12.107001602153902,1
466,11.758018383395129,12.128603834190848,1
467,11.725114241158256,12.08854987269207,1
468,11.77963096950382,12.111451773418304,1
469,11.79329342806021,12.090814513734419,1
470,11.87165231246702,12.091359025867845,1
471,11.856940306691838,12.137373759385367,1
472,11.874431034363024,12.089777192182051,1
473,11.888733775511568,12.107293416161857,1
474,11.88807080017425,12.087879417405787,1
475,11.92727964593854,12.097131607839758,1
476,11.939638254825658,12.12909013613525,1
477,11.936976575585824,12.129317625891655,1
478,11.981018488549948,12.091197878305044,1
479,8.020174451605653,12.15449797348542,1
480,8.00111668991626,12.149414378474894,1
481,8.07415159682611,12.148472768171017,1
482,8.0706270510012,12.166972026926755,1
483,8.04859250832679,12.189704675144563,1
484,8.043012438781629,12.15415450512502,1
485,8.125349404943735,12.16046456049274,1
486,8.099436241365272,12.170188301831486,1
487,8.110908944870673,12.13954289232766,1
488,8.160203638774757,12.14269548242968,1
489,8.139851815062137,12.154557749342237,1
490,8.167018248845855,12.16651571309618,1
491,8.221332282045529,12.167248364987755,1
492,8.220779851646602,12.177052216966958,1
493,8.267068864327289,12.18721710405165,1
494,8.258689108937881,12.154330183442987,1
495,8.284118771338843,12.19033245748343,1
496,8.315716220815544,12.182121805502401,1
497,8.310892587895585,12.144149432751085,1
498,8.314883962583934,12.152205969545243,1
499,8.300185442846479,12.18975386210702,1
500,8.369665483692176,12.150734361533486,1
501,8.344359949069299,12.155027231605493,1
502,8.37320301912005,12.149413814221447,1
503,8.3423730269526,12.18190290874946,1
504,8.448064250417605,12.155993979489935,1
505,8.39589570348775,12.17133722560811,1
506,8.40849028610566,12.166488212232686,1
507,8.438331688491877,12.150233416579633,1
508,8.403912293566254,12.171199468942708,1
509,8.414037556263093,12.146514650858515,1
510,8.47468107142312,12.17893348920554,1
511,8.485346939771505,12.158537865975436,1
512,8.480428382991219,12.187718663201895,1
513,8.490976679976182,12.178350824372274,1
514,8.489537536805448,12.158796606700905,1
515,8.462034033595415,12.165010412688323,1
516,8.513021197007262,12.17957109253274,1
517,8.552177384539052,12.187446242466807,1
518,8.523839602468327,12.17031639306552,1
519,8.633862797165834,12.189955215082668,1
520,8.615135714091574,12.149971156051466,1
521,8.642980177539243,12.183212916264402,1
522,8.68641521528894,12.153885452554023,1
523,8.664079132828533,12.150454856865554,1
524,8.708958036596636,12.192482929120654,1
525,8.666454203835452,12.166302483769485,1
526,8.666525707118495,12.1472107626217,1
527,8.677925458008811,12.192385768079465,1
528,8.766058285498385,12.154530722892982,1
529,8.733938065974721,12.148155273615481,1
530,8.724424700287196,12.168930437492001,1
531,8.743264006863113,12.15491242883498,1
532,8.752692330371742,12.16055689265492,1
533,8.775849681205893,12.16360430002803,1
534,8.78197775717768,12.164321288974367,1
535,8.875704504136728,12.155767570213705,1
536,8.896831731371963,12.164566188176998,1
537,8.954267117033858,12.172248461990526,1
538,8.97218289156013,12.158759816866228,1
539,9.009718165398919,12.152527672689422,1
540,9.013341308350421,12.182969428967919,1
541,9.071173484906017,12.183115671133768,1
542,9.10704298281479,12.16152578907377,1
543,9.109324635627484,12.150701678807437,1
544,9.175344422249823,12.177795772048183,1
545,9.150924933544184,12.153008517656378,1
546,9.195719918796717,12.156684391791336,1
547,9.17622840543118,12.177664689853472,1
548,9.213833967608187,12.1840397865208,1
549,9.229292380746184,12.176864187964972,1
550,9.210136050674807,12.19194254514254,1
551,9.201584551987363,12.156818386892832,1
552,9.244087330166089,12.147191243510722,1
553,9.301415614550347,12.182705969654354,1
554,9.289551924141477,12.162032736386003,1
555,9.263845999353313,12.15810142480002,1
556,9.322035067013068,12.160766903945788,1
557,9.3064973231437,12.153051911442187,1
558,9.334108437367874,12.180795216765658,1
559,9.389514901759787,12.183517244089623,1
560,9.381080721880101,12.164542963139318,1
561,9.466817808603219,12.158268601886098,1
562,9.468264560948287,12.162531916123573,1
563,9.523283232049623,12.174660621655942,1
564,9.522690609860229,12.157704487130552,1
565,9.529840512481673,12.156060939430196,1
566,9.613754135885262,12.18580768113969,1
567,9.684787533031251,12.188188871093361,1
568,9.714557468994245,12.156757330315882,1
569,9.70814608904602,12.14075103688957,1
570,9.764209586597168,12.148646199764993,1
571,9.757204192972853,12.145437803724187,1
572,9.757181908480407,12.154594483967148,1
573,9.792549477831361,12.191090044352553,1
574,9.906851926899396,12.190856507364078,1
575,9.946755774100179,12.186930865682251,1
576,10.042980587458592,12.175814713692862,1
577,10.054586099562147,12.161563482925203,1
578,10.084116991142675,12.191841859599892,1
579,10.116759221292865,12.1739990743456,1
580,10.13495382965019,12.148493940228335,1
581,10.197644508483865,12.18760628023145,1
582,10.197596845950818,12.140779546767536,1
583,10.23216311628037,12.171225052873776,1
584,10.234846913305237,12.164972163445862,1
585,10.284013688290809,12.156134308682777,1
586,10.363164149197097,12.159097348175795,1
587,10.401749090794352,12.171623504164385,1
588,10.441414369258242,12.147733672122472,1
589,10.499902982169457,12.186279753195613,1
590,10.49881615929572,12.144031740140507,1
591,10.548775241359628,12.185296971519902,1
592,10.573070154589717,12.168363907534097,1
593,10.632051513938919,12.163726665270977,1
594,10.61646189578542,12.156263896437968,1
595,10.602986735058963,12.154866884643459,1
596,10.68675945379721,12.14138544343586,1
597,10.664091963130074,12.162408945345875,1
598,10.721645393915406,12.162299440890276,1
599,10.695947299567568,12.165170217320115,1
600,10.775825816433299,12.187440773439091,1
601,10.76581702324609,12.189131160054712,1
602,10.75582676997138,12.1626371212657,1
603,10.754110200050109,12.163781451352381,1
604,10.827234931338218,12.158274396780536,1
605,10.839111334987201,12.188110404767245,1
606,10.826234668038754,12.172251269867706,1
607,10.84131713838469,12.14231448509613,1
608,10.831409668402442,12.18864485887155,1
609,10.87735363859092,12.160369107668904,1
610,10.874925340729025,12.176285540719824,1
611,10.907266730894978,12.173912327285493,1
612,11.001850891919345,12.14691223796904,1
613,11.045582462841063,12.154602697977943,1
614,11.025913693789194,12.170160858918559,1
615,11.033701154814269,12.186668948675322,1
616,11.075795492200434,12.18795269697109,1
617,11.074586318609455,12.152754899814747,1
618,11.081420746489561,12.173597704953536,1
619,11.171854597814596,12.14530561687832,1
620,11.144968126808521,12.158983387524911,1
621,11.21110201251395,12.141488013445969,1
622,11.192548282200828,12.151092258052728,1
623,11.269656042710848,12.170700121536697,1
624,11.242168798379591,12.175604635261822,1
625,11.30779328397807,12.141848747812304,1
626,11.301322600852512,12.1533291477358,1
627,11.344736644440113,12.149827115875238,1
628,11.374485011253016,12.162308545766065,1
629,11.421663368066284,12.17549070183304,1
630,11.425836031307119,12.158609313978284,1
631,11.472047305161913,12.170404079643376,1
632,11.483565375795852,12.157158080375034,1
633,11.500163719413669,12.161205811608898,1
634,11.589859519023836,12.146718754334984,1
635,11.655596934472443,12.152396651622722,1
636,11.637391037942763,12.148085266893267,1
637,11.698284086107543,12.184051162680634,1
638,11.70615307422031,12.172096686637177,1
639,11.74007455757552,12.143679342227957,1
640,11.757717999513622,12.19098859847147,1
641,11.769148649220716,12.14328428722664,1
642,11.7684603319472,12.144848808346483,1
643,11.83665296001075,12.16538349856592,1
644,11.821900167934144,12.163115623141746,1
645,11.897241727019457,12.167537833225586,1
646,11.922976075500792,12.146269089588486,1
647,11.910045063554483,12.184775632690885,1
648,11.952584516124405,12.163961360276264,1
649,11.932472739360966,12.14320700579052,1
650,11.974292045889007,12.190458803891042,1
651,11.981941352387503,12.157148022558593,1
652,11.986621763438327,12.175622703175295,1
653,8.01743986859937,12.194051041015744,1
654,8.044140353801907,12.240374155945691,1
655,8.03676737688948,12.228924698733048,1
656,8.02202148269246,12.194059847519936,1
657,8.065881291960936,12.233690314995796,1
658,8.117029570119689,12.227485533897399,1
659,8.116585256214698,12.19473599781139,1
660,8.087410348155503,12.244224026938763,1
661,8.16731837355437,12.220387138143048,1
662,8.156548981727928,12.227959635245162,1
663,8.140553075682787,12.206580034372845,1
664,8.20585383278054,12.241860095908589,1
665,8.209929490338332,12.206758578795851,1
666,8.19773726217889,12.219988737618644,1
667,8.244217812194147,12.204801305521963,1
668,8.249273009176669,12.234763372724846,1
669,8.274166044019221,12.233112728724189,1
670,8.335146960311569,12.238277236036836,1
671,8.334433541134961,12.23705055042842,1
672,8.299185363209668,12.211911641920933,1
673,8.36964350877348,12.199551292984712,1
674,8.376492305870585,12.20651227276567,1
675,8.347118190783663,12.225316357151776,1
676,8.342548853688067,12.207531022431905,1
677,8.410161153521184,12.240106228806104,1
678,8.397921267628245,12.206960186481771,1
679,8.428400631540256,12.20302921035713,1
680,8.397102646551152,12.229696230988136,1
681,8.463500137388644,12.209868145448517,1
682,8.491173797303114,12.231167870699009,1
683,8.468626457551965,12.21840768525967,1
684,8.459297562772614,12.204703550134862,1
685,8.462855794649528,12.233995021301318,1
686,8.509195007973425,12.228155510151375,1
687,8.53787357749455,12.214580498745292,1
688,8.522505584203186,12.228873287633121,1
689,8.642992084502612,12.22706727431923,1
690,8.622332502522232,12.21348753837513,1
691,8.715048953418629,12.221137519216256,1
692,8.66918888765817,12.22771294548298,1
693,8.69780584836454,12.237014071071144,1
694,8.750945440607284,12.242650164294497,1
695,8.752932504729209,12.22167451593511,1
696,8.816447598337074,12.234048037617985,1
697,8.822862576455803,12.209664664041878,1
698,8.875630787298986,12.212794972940744,1
699,8.876182549352263,12.219894796467443,1
700,8.88108088640424,12.199756960446775,1
701,8.927960354179774,12.218628026654118,1
702,8.951551991981427,12.225175756803196,1
703,8.941759963162095,12.207116001316964,1
704,9.001719956973316,12.209443106990639,1
705,9.027723152257872,12.195575250201923,1
706,8.992310672851282,12.235228820928075,1
707,9.06197265642451,12.236869559310222,1
708,9.04438518802787,12.215232321451326,1
709,9.135519408135236,12.198166819576505,1
710,9.137670213502185,12.204367087235992,1
711,9.106464145466369,12.212292398424678,1
712,9.14439436471966,12.197544225862305,1
713,9.166890222441067,12.204272473704044,1
714,9.152850050928668,12.198231586208847,1
715,9.169268781958246,12.241305901352234,1
716,9.217099363078129,12.24496992633802,1
717,9.21777034593205,12.209824872881914,1
718,9.248650858708029,12.212102980183365,1
719,9.217992986244186,12.210971482373932,1
720,9.280992657332973,12.209233719891726,1
721,9.2741509067755,12.219268699777047,1
722,9.264062769552817,12.211013605303785,1
723,9.305743747089563,12.234065488651067,1
724,9.33447389120848,12.212373678367271,1
725,9.359148019405318,12.23782834992963,1
726,9.698932220226288,12.225890652554812,1
727,9.70382222865891,12.213095619566941,1
728,9.721361870069032,12.203721714560293,1
729,9.784520414107842,12.194619605379653,1
730,9.77245057943378,12.223905734839523,1
731,9.75295197548037,12.208522917667096,1
732,9.774744880086555,12.240006596915814,1
733,9.78885130976805,12.235566456320228,1
734,9.801659634340343,12.241855074276673,1
735,9.904174855803692,12.2087613482995,1
736,9.935443934261068,12.23888180436253,1
737,9.972595683611058,12.230404874979527,1
738,9.973854218837511,12.243344735860344,1
739,9.984871549619179,12.237438020159844,1
740,10.032015957077826,12.195655082715897,1
741,10.05134096722729,12.208207459795451,1
742,10.094717669992695,12.205497770925898,1
743,10.114002106407575,12.245498152305098,1
744,10.185952869482469,12.197859296076366,1
745,10.17269334527464,12.207540947424949,1
746,10.229183949544218,12.212705633669307,1
747,10.241652063207958,12.23230222210961,1
748,10.234611173581685,12.230545809681617,1
749,10.277780523017396,12.206390695157895,1
750,10.299208529234186,12.197234231066883,1
751,10.333551915353887,12.227577002436757,1
752,10.424829157680268,12.209728161878271,1
753,10.391173983801062,12.232258487356749,1
754,10.435163207492398,12.22033188329529,1
755,10.450213990735474,12.212360646318697,1
756,10.488936199699234,12.205716362247264,1
757,10.510115976917211,12.216624880877951,1
758,10.566989464028785,12.214170851531163,1
759,10.563536618065339,12.229526962274699,1
760,10.628232320578064,12.217362059584996,1
761,10.629841878951279,12.244856038301736,1
762,10.6290670772434,12.212538609946815,1
763,10.670046139184073,12.234304927453426,1
764,10.64186130753721,12.228466143818208,1
765,10.740736548547785,12.245674814625454,1
766,10.719646642601065,12.214282121038437,1
767,10.73044157729053,12.200325798880744,1
768,10.777858239346644,12.242077758384509,1
769,10.764961796509104,12.238498124697635,1
770,10.75210356051164,12.232604154218457,1
771,10.79650067166698,12.230002415385128,1
772,10.851519652452893,12.242271113630196,1
773,10.818112939693838,12.200162102832733,1
774,10.827279309702426,12.194471499714215,1
775,10.82336028295588,12.222515350872014,1
776,10.830973214294875,12.201378395340585,1
777,10.901129352246766,12.20004536023097,1
778,10.881526738497172,12.237588583726845,1
779,10.897704322070256,12.23117664706933,1
780,10.903245358374814,12.22827856082595,1
781,10.91642483850178,12.220693584544371,1
782,10.968236531422589,12.216091046223767,1
783,11.059686735847455,12.240543290773575,1
784,11.045660977912524,12.206265463025094,1
785,11.090501121801287,12.227448930843282,1
786,11.09841831655003,12.22997425402338,1
787,11.110897044300176,12.20554028792576,1
788,11.160501791482915,12.19537252396935,1
789,11.166387080263448,12.239486484526868,1
790,11.206563632877181,12.233518432636728,1
791,11.215222071942076,12.239579211818338,1
792,11.253389343312561,12.236692907264137,1
793,11.242067669747485,12.207650283038253,1
794,11.291621188200262,12.24115710949142,1
795,11.32169444753005,12.239671345867642,1
796,11.364020773246134,12.212474986927027,1
797,11.342385959106737,12.193138220649836,1
798,11.393559568241836,12.194721954279341,1
799,11.411053712250771,12.23547161824812,1
800,11.445623090826924,12.199631691664164,1
801,11.4521036605141,12.198031669155164,1
802,11.548592646927887,12.231553040096347,1
803,11.499582017325276,12.23625171431263,1
804,11.56589305758174,12.233421855946627,1
805,11.558359726406001,12.196656972601582,1
806,11.655889802401049,12.242601663066504,1
807,11.61712493435321,12.211228563352858,1
808,11.676781662652148,12.196872596036592,1
809,11.665521704451,12.22495431231714,1
810,11.751240576915176,12.205511712579053,1
811,11.759061578835457,12.2393993732166,1
812,11.803897660232407,12.196988681599239,1
813,11.775102337851738,12.199926817019564,1
814,11.830527671443281,12.215067795001177,1
815,11.868423540406898,12.22184996284998,1
816,11.846652499777901,12.20531491063215,1
817,11.912206249885113,12.216593960519141,1
818,11.900764828381769,12.24337704324666,1
819,11.906837886437186,12.206087399692086,1
820,11.918301075416041,12.244341526625732,1
821,11.957818549037798,12.235349249865477,1
822,11.978435436242295,12.211786472496057,1
823,11.925441597399132,12.22336698702804,1
824,11.975862205005258,12.208736657926451,1
825,11.983739926054003,12.236261977327247,1
826,8.011147027218321,12.258341073384882,1
827,8.024916680035137,12.277844783349359,1
828,8.046128291745369,12.292133888691328,1
829,8.031408332249292,12.268940752526408,1
830,8.065417551819612,12.267847480678839,1
831,8.095512766787735,12.25916050186137,1
832,8.108144001339346,12.253694618744955,1
833,8.096173076022978,12.29798942464747,1
834,8.122425846662082,12.26752951650389,1
835,8.176955030370694,12.295870138456223,1
836,8.154878119288547,12.268012276282166,1
837,8.174431865264532,12.253171516764274,1
838,8.203002233807691,12.267478313961247,1
839,8.205431266260799,12.269502173387743,1
840,8.22760187165397,12.286821405911269,1
841,8.252016985351855,12.284122613788611,1
842,8.268775737074291,12.264496384857079,1
843,8.253771126943148,12.25077152903044,1
844,8.331361301486858,12.24642295026946,1
845,8.31252274972079,12.295785571719003,1
846,8.365024157641377,12.246507682417057,1
847,8.364175580403234,12.296392513737114,1
848,8.427715270296414,12.289007424446563,1
849,8.486944640523392,12.250464983175402,1
850,8.53864606216716,12.299446879965938,1
851,8.57269579622552,12.262439963805186,1
852,8.655715494681413,12.248294304586402,1
853,8.744454668330249,12.294767302146338,1
854,8.795707415108044,12.255473841964726,1
855,8.875347951314474,12.291419649633973,1
856,8.91348317415282,12.296601862976857,1
857,8.928971978813259,12.250633791254435,1
858,8.931322919909888,12.273301756592529,1
859,8.943178739661022,12.249066877094311,1
860,8.968526021740253,12.292992379710268,1
861,9.02653837931598,12.27050075281136,1
862,9.01071440269008,12.296752968361266,1
863,9.00908756257653,12.260249653689693,1
864,8.993990086143363,12.260275482422285,1
865,9.06433289922114,12.281488985546327,1
866,9.056069950057946,12.26460948094937,1
867,9.056470775151235,12.284354421961213,1
868,9.120011587662006,12.279918607447724,1
869,9.138341808157104,12.277283133534327,1
870,9.094546143240867,12.286852442704175,1
871,9.196589990882535,12.275060693164491,1
872,9.168430325131114,12.256113599545982,1
873,9.192098976413577,12.252371352407218,1
874,9.196780252665999,12.267525493511663,1
875,9.20670535136305,12.292576844493622,1
876,9.236337828257822,12.253701567654003,1
877,9.231091542909358,12.253947281937746,1
878,9.205735756384751,12.25904546760961,1
879,9.263978567845411,12.28857166810627,1
880,9.275747304687203,12.27414809059217,1
881,9.346053367296637,12.286297063977559,1
882,9.377377312437316,12.259605270524661,1
883,9.650334410554112,12.246587277325808,1
884,9.680757168881605,12.252992452076313,1
885,9.724403140596015,12.271512939420488,1
886,9.712759777163551,12.2627267528179,1
887,9.722699964099096,12.284262288309286,1
888,9.7775000943635,12.26285308566707,1
889,9.742385777751952,12.29696693273536,1
890,9.765981059983066,12.253513614838726,1
891,9.736928078389859,12.296348060428233,1
892,9.798357920392846,12.287217850405831,1
893,9.827679758265392,12.278873274054881,1
894,9.834585101681762,12.27154123781104,1
895,9.887552414770504,12.255674717859138,1
896,9.867820794608145,12.272027322797086,1
897,9.94042959370036,12.29792110051306,1
898,9.922057830203439,12.299056752335579,1
899,9.925145788764853,12.2687085968907,1
900,9.986581238169387,12.28265606090836,1
901,9.948875648128851,12.246752743354739,1
902,9.968209079965279,12.277053003981582,1
903,9.964724871032644,12.24744956074997,1
904,10.000488572594675,12.268949243647643,1
905,10.049754301121336,12.294162818390824,1
906,10.034755561431941,12.297281456971467,1
907,10.013141247913257,12.27626230118954,1
908,10.093165308608937,12.25274363422328,1
909,10.066817067597782,12.29030731492192,1
910,10.211961048521218,12.252467892594337,1
911,10.256160151606315,12.246495080694356,1
912,10.224431241421112,12.297221631622925,1
913,10.22012732812968,12.288440568030744,1
914,10.283801790639654,12.275133432318327,1
915,10.2945922954752,12.283928069753053,1
916,10.30898957979503,12.272503453873364,1
917,10.327787396309716,12.290336957776224,1
918,10.36289237249736,12.254562486880719,1
919,10.381607750583166,12.263770766323558,1
920,10.426423684459285,12.275759176284659,1
921,10.432935257185878,12.285196684847447,1
922,10.462076901667817,12.28835800984625,1
923,10.496793309740296,12.2598873446998,1
924,10.502861055600896,12.267802473304055,1
925,10.55061844539839,12.27507398538316,1
926,10.578263917010194,12.292288895761322,1
927,10.572809115373332,12.267594393649405,1
928,10.597457012328638,12.263669558383752,1
929,10.637797629488354,12.295934068807506,1
930,10.59405706291731,12.277654828900042,1
931,10.666583924293665,12.281035590634286,1
932,10.64266595939295,12.271605404568614,1
933,10.737664280784408,12.25708937266228,1
934,10.737807601639378,12.295903068319816,1
935,10.695860067163943,12.270851842447577,1
936,10.750361166614882,12.26488092425938,1
937,10.773233508672146,12.27005214501369,1
938,10.801368017870011,12.27055102504545,1
939,10.807759556611977,12.29807877597233,1
940,10.835977086112818,12.27683738334083,1
941,10.84090875062803,12.279924329718332,1
942,10.805923677441742,12.280927402031384,1
943,10.813643116357138,12.293245151792204,1
944,10.906639717618177,12.275390710938936,1
945,10.8662984987696,12.25560303716116,1
946,10.902720344847616,12.267346587643008,1
947,10.880038482418144,12.296241502303106,1
948,10.93744979654129,12.246527143870573,1
949,10.921248186990749,12.250034246622393,1
950,10.955828089182829,12.259011072025551,1
951,10.978469312432535,12.286307498573242,1
952,11.006962314717695,12.263537688570597,1
953,11.063517638635707,12.282170987895809,1
954,11.044606315680323,12.289468566392973,1
955,11.08285953798024,12.295626703137888,1
956,11.122309291195458,12.261060348485161,1
957,11.099005405766883,12.291552921550249,1
958,11.15766590736435,12.27964463886964,1
959,11.138885214776609,12.269256521162477,1
960,11.197849876072002,12.286135328925019,1
961,11.253522640137346,12.296892576912287,1
962,11.297683015498505,12.258922831394758,1
963,11.318682921067468,12.28191946523811,1
964,11.309501692612493,12.247211317615218,1
965,11.38424947585905,12.281650757891363,1
966,11.380591673829079,12.270783763701289,1
967,11.383774143585011,12.273481278479531,1
968,11.413965390089048,12.252169831998518,1
969,11.440474692935403,12.256344924715295,1
970,11.42497718576555,12.295507861083287,1
971,11.472714287581057,12.246313674170272,1
972,11.49219210845889,12.250343175821419,1
973,11.494699281076473,12.285414535160387,1
974,11.522695495111654,12.272878386221047,1
975,11.54484184898327,12.252373115180118,1
976,11.506379200313578,12.258568052856273,1
977,11.596849353921652,12.277527866271823,1
978,11.596907914898916,12.25161638324451,1
979,11.640073739414468,12.264091363572048,1
980,11.643501956148723,12.26650291808611,1
981,11.63247425803339,12.262513678546814,1
982,11.693893970593223,12.28448017562816,1
983,11.693296930768325,12.27411869563982,1
984,11.67570503583839,12.274168746497176,1
985,11.6812128771344,12.248866347756081,1
986,11.759755789455845,12.26538105578472,1
987,11.74408568059408,12.27809224425959,1
988,11.743794016543898,12.294741650972917,1
989,11.771399290038433,12.254894131538299,1
990,11.795307721736672,12.252861054282526,1
991,11.798100992237488,12.269637872884042,1
992,11.868098703637187,12.27136193517165,1
993,11.834441255524325,12.276051047854788,1
994,11.868442411979531,12.25369004416228,1
995,11.819165191458486,12.276637955056014,1
996,11.913715228899934,12.285921244147604,1
997,11.924997440140183,12.28329206622673,1
998,11.889427521999298,12.269679921700622,1
999,11.900811067688975,12.284790264857405,1
1000,11.917358552284224,12.265638343501065,1
1001,11.967648121757513,12.259651067172639,1
1002,11.928222357539767,12.262930085181384,1
1003,11.936242926625043,12.28096298426104,1
1004,11.968508235905933,12.256400588140762,1
1005,11.966408046168885,12.248340928673374,1
1006,11.992627816221034,12.29209463762349,1
1007,8.0171382529331,12.302575910879765,1
1008,8.056658141713376,12.311136667932578,1
1009,8.053640587074163,12.344794602278016,1
1010,8.12384201919651,12.32774711105408,1
1011,8.093002834954754,12.328879838772155,1
1012,8.133468725567793,12.350183575705248,1
1013,8.137884597495592,12.311082647904227,1
1014,8.223874116609222,12.347920473066834,1
1015,8.222541557058538,12.309973202695915,1
1016,8.24950553703798,12.348465564549402,1
1017,8.270366922756986,12.34792779924344,1
1018,8.310595152691057,12.307841140952219,1
1019,8.34298284259068,12.351828211839948,1
1020,8.430478572163246,12.316699007891444,1
1021,8.482388614900682,12.312966031829069,1
1022,8.530329978797122,12.309485812920848,1
1023,8.58365092487067,12.314206658658957,1
1024,8.57467132462021,12.321635556907918,1
1025,8.637962060531526,12.313972386151825,1
1026,8.62300795814176,12.324511831364386,1
1027,8.714362881730525,12.34932054359669,1
1028,8.67989695509114,12.30114176737929,1
1029,8.763002534829424,12.345597403828691,1
1030,8.820827221250411,12.315275304170516,1
1031,8.799399979238526,12.344754325238961,1
1032,8.832086801870979,12.327390605759447,1
1033,8.862647954999447,12.32577534966497,1
1034,8.923160242921202,12.321721481647101,1
1035,8.904364391749606,12.319414481479809,1
1036,8.966731575177986,12.342095258921779,1
1037,8.955283708316955,12.318891540032267,1
1038,8.962618870271028,12.351900437244554,1
1039,8.995506828668063,12.32539643329057,1
1040,9.031945051806318,12.313180116299403,1
1041,8.994979242147313,12.341048558994082,1
1042,9.043019933236861,12.352149754550904,1
1043,9.06086953197838,12.33667534377153,1
1044,9.05306421361358,12.348272326321403,1
1045,9.13125972699193,12.333194942782946,1
1046,9.126190973832307,12.35085006270599,1
1047,9.114219927961074,12.324353065087305,1
1048,9.18908295712738,12.306870687419174,1
1049,9.18467615811793,12.327011399640272,1
1050,9.183514948758983,12.333232874521075,1
1051,9.157065775122033,12.309596433724618,1
1052,9.221190359000609,12.337428919589726,1
1053,9.21395531213947,12.342793133252398,1
1054,9.231302145992295,12.323737609212143,1
1055,9.246833604765133,12.304750121781893,1
1056,9.253169326528527,12.321588607229982,1
1057,9.262192383344939,12.325291628740224,1
1058,9.331337799229358,12.313785467495338,1
1059,9.38124639522702,12.310800130033838,1
1060,9.625392367239945,12.347834128222306,1
1061,9.580738344046967,12.30097989778867,1
1062,9.669157654668124,12.329823808838826,1
1063,9.626303513480133,12.347504775890734,1
1064,9.639969385590442,12.352079984296946,1
1065,9.72043931768184,12.345929136124894,1
1066,9.693428868749892,12.337006744070559,1
1067,9.720409847075185,12.310109375114765,1
1068,9.695466917014564,12.336807641624768,1
1069,9.743296449524967,12.345562203623466,1
1070,9.766414346470803,12.317527947501125,1
1071,9.784275200161117,12.30613160174629,1
1072,9.772734518561613,12.306360727904325,1
1073,9.83675992607193,12.324479324017789,1
1074,9.805848082767564,12.316217971706605,1
1075,9.801412129427385,12.326488999162407,1
1076,9.833219700508907,12.335918166157551,1
1077,9.854072702586443,12.32783543723603,1
1078,9.840289024972531,12.34731293898877,1
1079,9.84904829212958,12.316302230437502,1
1080,9.912564477378197,12.323334344641776,1
1081,9.936425955208215,12.304212911780715,1
1082,9.959223356283982,12.304583568093596,1
1083,9.998550536683407,12.315314216792094,1
1084,9.993450392173967,12.325268447543403,1
1085,10.031488759639684,12.306173341461283,1
1086,10.02610631591774,12.350767206308733,1
1087,10.029902455203889,12.343203391510787,1
1088,10.102650970150423,12.343209163178095,1
1089,10.104071820150333,12.301189928454347,1
1090,10.204387134363728,12.316448402191732,1
1091,10.255511292933951,12.336127412758163,1
1092,10.215845579228098,12.31819622746605,1
1093,10.289859634502426,12.301370767552468,1
1094,10.32064202412519,12.308447914552543,1
1095,10.302618251133465,12.315684950572274,1
1096,10.366362597092845,12.300988338854486,1
1097,10.343686691298094,12.319008027545541,1
1098,10.383578480300176,12.303085519478755,1
1099,10.422053446591443,12.344641304181332,1
1100,10.448788335948997,12.32190814992342,1
1101,10.456027449515856,12.352864833747734,1
1102,10.487788728535792,12.300196584659487,1
1103,10.48228877459315,12.300658637428464,1
1104,10.498794355949748,12.343775550066717,1
1105,10.586817362766123,12.304386695749459,1
1106,10.582002469156986,12.344591399933018,1
1107,10.543470317361692,12.349621610736309,1
1108,10.59376549826675,12.341820674466957,1
1109,10.592791880499345,12.324314531368133,1
1110,10.68040692297135,12.322378187095623,1
1111,10.644679520728618,12.3059922717544,1
1112,10.696171151304572,12.34713838286063,1
1113,10.708699063060545,12.319520378540206,1
1114,10.7704250711815,12.341293100638515,1
1115,10.780931987244301,12.3384593392317,1
1116,10.748776651165052,12.332272529401449,1
1117,10.826404677106403,12.299812071811415,1
1118,10.83605803247531,12.315515662724689,1
1119,10.804775774329508,12.321910896406807,1
1120,10.832922425111757,12.302526473260599,1
1121,10.876424453572573,12.310007508516806,1
1122,10.88770294657905,12.302557259258037,1
1123,10.904993795496145,12.314267120036819,1
1124,10.897016329731834,12.344213672220945,1
1125,10.93345677016111,12.344762787388131,1
1126,10.91830368361114,12.316653328007025,1
1127,10.927112874276796,12.317143605165342,1
1128,10.94261746521035,12.349342139300838,1
1129,10.96933077774602,12.307950831528565,1
1130,10.996248317457717,12.333755941901423,1
1131,11.012198444582612,12.319533337191384,1
1132,11.033264868219343,12.300998381257743,1
1133,11.020220397914837,12.332121571918982,1
1134,11.060089800306447,12.331707865870905,1
1135,11.089248030937798,12.325406462304777,1
1136,11.087993654303409,12.325897881681952,1
1137,11.100744966850858,12.318390616431294,1
1138,11.152022526509713,12.336028436114184,1
1139,11.13980049066226,12.321333509598734,1
1140,11.163885503227746,12.323916874660977,1
1141,11.189764376082366,12.327305806138904,1
1142,11.211696946984382,12.300152015970342,1
1143,11.242018441635237,12.320194987723859,1
1144,11.316479514588762,12.32158188084706,1
1145,11.301367628075928,12.335986533002172,1
1146,11.291963548574723,12.327881171020818,1
1147,11.358401005725515,12.327960198688594,1
1148,11.361491866697236,12.351097745080978,1
1149,11.378521342646465,12.334101806918198,1
1150,11.39022550300021,12.30866819741974,1
1151,11.408093275414455,12.327957940774494,1
1152,11.436000047235764,12.316015472079862,1
1153,11.403607219661307,12.300878919161823,1
1154,11.487130874906065,12.343469061584647,1
1155,11.492237057570403,12.351954901098086,1
1156,11.447200790184747,12.308779739743157,1
1157,11.497964146529183,12.305585071173452,1
1158,11.536704975646984,12.313526647221792,1
1159,11.550702829197647,12.32152820977744,1
1160,11.590083736731856,12.3122532016985,1
1161,11.568357448307738,12.30192753958367,1
1162,11.649363523922695,12.307091331027738,1
1163,11.653122284591083,12.330557493187621,1
1164,11.64557331481936,12.307827104225119,1
1165,11.666258826808376,12.313823560005968,1
1166,11.704064228311125,12.329682988107542,1
1167,11.693588617649288,12.314676401738787,1
1168,11.698530359652182,12.351877101735516,1
1169,11.728241791158977,12.335319044394035,1
1170,11.731075966451488,12.331484932115076,1
1171,11.76335059437387,12.328466129804426,1
1172,11.77721021597969,12.349290464247655,1
1173,11.806837816071356,12.325302299821358,1
1174,11.803422910087882,12.336580580702794,1
1175,11.860402950763632,12.339319055565639,1
1176,11.845468368946797,12.327818917075433,1
1177,11.82502816581532,12.315560214272327,1
1178,11.866072215137557,12.330748172072326,1
1179,11.915016133221421,12.301060289102978,1
1180,11.919091286217999,12.343120316936913,1
1181,11.892068689134755,12.302792364626466,1
1182,11.884028026960186,12.309449459166116,1
1183,11.897986620362758,12.301577135551625,1
1184,11.974884423625966,12.34428057481336,1
1185,11.948706714938123,12.331211122161758,1
1186,11.949091391966371,12.342083574779783,1
1187,11.948044019846845,12.3460089117299,1
1188,11.972880422501524,12.344715877563267,1
1189,11.998709891462488,12.348201473995921,1
1190,11.97944154655209,12.344816791566698,1
1191,8.07033669318144,12.372695479968685,1
1192,8.037621175988118,12.372357958139613,1
1193,8.074200330955676,12.398264358735984,1
1194,8.072457452148551,12.388275974343781,1
1195,8.07796094431451,12.357901892116356,1
1196,8.097961302894651,12.403379576460546,1
1197,8.110192137088468,12.401708891300666,1
1198,8.099434941509042,12.37264270567865,1
1199,8.135307307531573,12.403941763486955,1
1200,8.152813146441252,12.38802893735108,1
1201,8.191637445343495,12.395987350368596,1
1202,8.242950824110281,12.388865930758653,1
1203,8.2514386295166,12.387801834229561,1
1204,8.32985827414073,12.386612833570046,1
1205,8.335631854924022,12.38353882567394,1
1206,8.31748689112962,12.367243143574486,1
1207,8.391624389955341,12.358302445844261,1
1208,8.373506175629839,12.397352264272989,1
1209,8.36513722020246,12.400027890462711,1
1210,8.398687446389642,12.364641075995976,1
1211,8.411135090815304,12.400509964959769,1
1212,8.401378318584596,12.375443832412227,1
1213,8.458518692971364,12.36480213966255,1
1214,8.4586491640168,12.386212548611315,1
1215,8.473331955179738,12.360121811694139,1
1216,8.548442458528342,12.384901260937973,1
1217,8.506774847816178,12.372619641043535,1
1218,8.526385788830071,12.363589622585538,1
1219,8.558358185883064,12.40516937031479,1
1220,8.637885095004838,12.366346337639428,1
1221,8.62723829210326,12.361022241249081,1
1222,8.674402677280405,12.384529975933205,1
1223,8.706060632123076,12.365465526608036,1
1224,8.688564448654661,12.354297738081913,1
1225,8.728221996964606,12.354459286835626,1
1226,8.720700358959407,12.39084723161033,1
1227,8.81448947205741,12.362699612184159,1
1228,8.790942962834956,12.353270798450962,1
1229,8.861579649070347,12.39529440273741,1
1230,8.872451111430482,12.395541005767479,1
1231,8.917792103895744,12.36469092154571,1
1232,9.083693837507049,12.394387309300246,1
1233,9.09494217776051,12.357557508649192,1
1234,9.130503381230435,12.36598133599115,1
1235,9.193308423207563,12.388848547000652,1
1236,9.195621881600886,12.398724518137099,1
1237,9.218778000740867,12.39393717841938,1
1238,9.21289493754787,12.365510749507878,1
1239,9.303172224407875,12.380322067996048,1
1240,9.287376929259912,12.401938498686974,1
1241,9.32371473825065,12.380536629200343,1
1242,9.35263278041973,12.386926912858259,1
1243,9.361214486126327,12.35538326449242,1
1244,9.562438515469001,12.370124842065193,1
1245,9.548651562711557,12.378262342094546,1
1246,9.574827245546045,12.371268430122075,1
1247,9.619060510707797,12.393276919194061,1
1248,9.59600938638566,12.364233004055482,1
1249,9.659297128011552,12.365896158780439,1
1250,9.661407171139379,12.362394332244778,1
1251,9.656672444254928,12.36534184830826,1
1252,9.656046392118867,12.389763837009793,1
1253,9.711832043470212,12.398511760854628,1
1254,9.692667026056347,12.361767596944636,1
1255,9.691825943973734,12.375770440913,1
1256,9.691947562154658,12.375594827339688,1
1257,9.745956649561325,12.35378314739698,1
1258,9.776562545187858,12.406218267899556,1
1259,9.760598326670173,12.374570828132375,1
1260,9.781706092813092,12.36435623081705,1
1261,9.832131248799183,12.375878144537973,1
1262,9.82692254443606,12.359969518739572,1
1263,9.806764586704748,12.38122873619118,1
1264,9.805391390861011,12.389436653313432,1
1265,9.801772209547693,12.392234083522837,1
1266,9.892150062508819,12.382522764173176,1
1267,9.859754864355217,12.380929711513165,1
1268,9.881256683008193,12.360818298423416,1
1269,9.84688136084855,12.354176848536685,1
1270,9.945387203497008,12.378889060253037,1
1271,9.923775947820038,12.36645484228795,1
1272,9.900203496690018,12.3532916565052,1
1273,9.975311763668644,12.378994449605127,1
1274,9.977546066466429,12.367869525760112,1
1275,10.032340314521715,12.371760412743907,1
1276,10.01093251398726,12.363755836976743,1
1277,10.074889443580846,12.402472179239231,1
1278,10.07771393773639,12.359197793733346,1
1279,10.11816706286878,12.355127493486242,1
1280,10.110177788387983,12.395679401907646,1
1281,10.207502625914314,12.40376525377174,1
1282,10.19273743317356,12.371015162515477,1
1283,10.234665638232382,12.363115061973316,1
1284,10.239502320205172,12.382584193571725,1
1285,10.239601598460684,12.406139591323154,1
1286,10.309076999537384,12.400570365040402,1
1287,10.314440719752744,12.355858210948263,1
1288,10.368907812986093,12.399164929011507,1
1289,10.355855579572406,12.399430797538368,1
1290,10.32912216232593,12.402715870725366,1
1291,10.420604113168979,12.396000012403137,1
1292,10.397852295042114,12.387363826806498,1
1293,10.381067248174519,12.38879650651163,1
1294,10.399217186091187,12.368697518908231,1
1295,10.47118499390957,12.361992054756158,1
1296,10.441047584771486,12.384836183954858,1
1297,10.47788636781496,12.378366095683488,1
1298,10.438336016378365,12.360982978322808,1
1299,10.470644604821308,12.391112996742445,1
1300,10.515494565579115,12.363649613602767,1
1301,10.495025630857414,12.382572301164124,1
1302,10.495480337676103,12.35519186134819,1
1303,10.518866480131718,12.364382253950566,1
1304,10.514632051463373,12.370220600850377,1
1305,10.583918696179193,12.387533896245591,1
1306,10.580668352021178,12.391542065315614,1
1307,10.545726790241984,12.38507631081853,1
1308,10.552393863380118,12.397960987638864,1
1309,10.623819862418104,12.370692300350205,1
1310,10.613254103724254,12.384524023627977,1
1311,10.621945850217296,12.355341660453245,1
1312,10.686964902907627,12.391326259172878,1
1313,10.64379145297538,12.356313716192377,1
1314,10.73273180705443,12.354537257759635,1
1315,10.737113471675379,12.404686423991064,1
1316,10.774583254264385,12.396248108918593,1
1317,10.799772320290703,12.376654117282985,1
1318,10.798258931314097,12.370794465884785,1
1319,10.823544958210736,12.393067281151671,1
1320,10.83483493598092,12.405652990506198,1
1321,10.88231742974129,12.353055840631074,1
1322,10.87356215268958,12.37575489490125,1
1323,10.882423989068585,12.383637905079315,1
1324,10.959217069334366,12.390225262719973,1
1325,10.942341507015078,12.355524424350559,1
1326,10.932279487431268,12.402817620006696,1
1327,10.979615488208287,12.370218772682467,1
1328,10.991676114090174,12.379229038177094,1
1329,11.005189267816066,12.399659885167274,1
1330,11.03607469727293,12.393946257804632,1
1331,11.068778081120987,12.40639494832305,1
1332,11.085038063683951,12.399471547693215,1
1333,11.11173210714453,12.391624989351502,1
1334,11.168725577428711,12.35491942511607,1
1335,11.153867093882319,12.36605542005911,1
1336,11.172837239066375,12.38867601035173,1
1337,11.208388998841045,12.365796990540865,1
1338,11.21763268391185,12.392792378720342,1
1339,11.177499994602412,12.388798585870934,1
1340,11.23608664528298,12.360222472618652,1
1341,11.258512707907427,12.35907998510218,1
1342,11.332579937627795,12.38237165319963,1
1343,11.31484093660439,12.37448925357751,1
1344,11.340560299611575,12.356053489032194,1
1345,11.36788124464344,12.3942796118922,1
1346,11.360067689943309,12.403252480626966,1
1347,11.411703968345584,12.38933899402606,1
1348,11.42466204099115,12.37727221496315,1
1349,11.404456742165202,12.385775735281138,1
1350,11.468465566607852,12.398124041537494,1
1351,11.452998244025014,12.37012370286827,1
1352,11.465990111909827,12.383276515300981,1
1353,11.457445403075555,12.403216992489533,1
1354,11.502340558679816,12.390756529828014,1
1355,11.541148747297472,12.384687516075642,1
1356,11.510689454613521,12.363609893926153,1
1357,11.576628571384882,12.396281686391747,1
1358,11.573161232085532,12.371585144963996,1
1359,11.633219614782139,12.357494127530218,1
1360,11.61213518774557,12.4038231539016,1
1361,11.637959890870242,12.355833446576346,1
1362,11.687847710101844,12.363031385502076,1
1363,11.696185789201953,12.35856287368269,1
1364,11.685518384943494,12.395785101711224,1
1365,11.707145113743346,12.377227604689935,1
1366,11.714411780069247,12.357134275422144,1
1367,11.731643090707431,12.39161521042865,1
1368,11.736663906159114,12.368904369778845,1
1369,11.787468400732564,12.404020267713653,1
1370,11.803911744976208,12.397766331609748,1
1371,11.790569597362026,12.361871409144726,1
1372,11.857763955671881,12.36472650220077,1
1373,11.82731130724948,12.37820742206846,1
1374,11.86128280103978,12.362682768897416,1
1375,11.890655521830745,12.401916103050187,1
1376,11.914173747504575,12.370591484691609,1
1377,11.881461833694138,12.36383642079468,1
1378,11.899533910408305,12.402558473586968,1
1379,11.948712124769502,12.400553721713706,1
1380,11.929868449148287,12.398459010764816,1
1381,11.969655534812643,12.356910495213665,1
1382,11.949348953255427,12.394678302418754,1
1383,11.997898742227093,12.389820215752035,1
1384,8.040161999994494,12.44721875496756,1
1385,8.04678134185058,12.432423342094566,1
1386,8.036451057014082,12.430061896950145,1
1387,8.074007434732284,12.423743631476311,1
1388,8.057970200980922,12.449638228454726,1
1389,8.110428030039758,12.414775674532041,1
1390,8.09895100870858,12.414109949424134,1
1391,8.0957624533044,12.457543921817848,1
1392,8.110812632104329,12.419639844002559,1
1393,8.16375428226217,12.41749768563688,1
1394,8.189777539128984,12.407359422525268,1
1395,8.201440996270005,12.424983005225112,1
1396,8.264886356095381,12.42746398447688,1
1397,8.286180206907531,12.43454592999075,1
1398,8.244437739117693,12.438755650411256,1
1399,8.276241136468066,12.432660688846887,1
1400,8.337132339907608,12.413046211594075,1
1401,8.329374506618768,12.41084405392181,1
1402,8.304102314326665,12.425211321811734,1
1403,8.295000544394831,12.41391740543712,1
1404,8.339634466691667,12.413633811921736,1
1405,8.379819412640702,12.423160430430466,1
1406,8.367893934532288,12.444240322944443,1
1407,8.3943089256481,12.417619274651273,1
1408,8.348698061727282,12.411350377159103,1
1409,8.359002716494174,12.416731141525455,1
1410,8.41785160201264,12.434132869112037,1
1411,8.396437551572566,12.420829035448667,1
1412,8.418473999407524,12.454995084144368,1
1413,8.432467035971564,12.420440400055902,1
1414,8.497039850556574,12.434183669363389,1
1415,8.48769356656901,12.422126787607521,1
1416,8.48542578458511,12.4162927157212,1
1417,8.475778914644271,12.408725360378885,1
1418,8.543185861283728,12.443235123993484,1
1419,8.536419676854416,12.42888018350641,1
1420,8.516061667770035,12.4585143049319,1
1421,8.529523998740641,12.455995168918495,1
1422,8.596588236653217,12.439424255967486,1
1423,8.55755497992479,12.437883036249232,1
1424,8.627693698740433,12.428992735195537,1
1425,8.650864235782464,12.449974879047796,1
1426,8.67412988193497,12.438533949734268,1
1427,8.672858328095355,12.448155093595707,1
1428,8.731682003330528,12.436081127322698,1
1429,8.763512280457093,12.44410114676442,1
1430,8.80460474194918,12.446009404399042,1
1431,8.773577871263303,12.416582940693342,1
1432,8.832630091947165,12.456242957108538,1
1433,8.874603481919475,12.424642968532781,1
1434,8.910237786777568,12.450281780863746,1
1435,8.956136422524217,12.444522466837205,1
1436,8.989601328743998,12.420038224971368,1
1437,9.053621463522424,12.446591176452714,1
1438,9.087910909764501,12.424974224164085,1
1439,9.13755738875523,12.421290575329634,1
1440,9.12879441395004,12.438025870678723,1
1441,9.14944702332295,12.436146611448553,1
1442,9.288828851556888,12.45176432524347,1
1443,9.287868354870799,12.41418333836712,1
1444,9.314252795140794,12.455964195910669,1
1445,9.329256221555239,12.41332376674543,1
1446,9.379955261348222,12.456516367447232,1
1447,9.499947386083042,12.441512829738615,1
1448,9.517938675788487,12.448349438322255,1
1449,9.563994453010318,12.433179947184383,1
1450,9.549469415404106,12.413874690654113,1
1451,9.5445864320671,12.426242573927425,1
1452,9.625575037479257,12.45007952170921,1
1453,9.586103496118275,12.426126653146241,1
1454,9.599286453058644,12.418411646461315,1
1455,9.639004223744015,12.4503452801311,1
1456,9.64457143605245,12.438502382623355,1
1457,9.628801375013573,12.448869145154715,1
1458,9.655219125163587,12.445335908363395,1
1459,9.696551076021883,12.445151130249785,1
1460,9.69090375433996,12.439826240871108,1
1461,9.709646376556137,12.457591834077723,1
1462,9.69200742715623,12.430105589493618,1
1463,9.723236915245147,12.416876188853982,1
1464,9.770787410546067,12.450965889619933,1
1465,9.75397301595156,12.409952306393183,1
1466,9.741438517521871,12.40845809281353,1
1467,9.770690119194157,12.440779053081007,1
1468,9.739699512605247,12.445275999141122,1
1469,9.820238123282897,12.42609826811394,1
1470,9.83040300625105,12.433682180052731,1
1471,9.81418377935563,12.452276024813,1
1472,9.820867367274642,12.450161906033545,1
1473,9.866082289792223,12.406508858488056,1
1474,9.868954646347259,12.416344537661425,1
1475,9.861619100241581,12.417265896291916,1
1476,9.912833626452493,12.427248264561031,1
1477,9.915454969236968,12.451195832379508,1
1478,9.962541927930046,12.438239956431287,1
1479,9.994241023452188,12.425900101653617,1
1480,10.036633023850419,12.427299806289502,1
1481,10.049333521784382,12.456129529478767,1
1482,10.09259041399419,12.424230141352417,1
1483,10.106105130200625,12.41457190613636,1
1484,10.117728481515977,12.441263814744808,1
1485,10.13099547709642,12.419017573414894,1
1486,10.15267021752613,12.438195119792013,1
1487,10.20068987387221,12.43732261893991,1
1488,10.178136921122087,12.45040263989667,1
1489,10.186986037365621,12.451911879986708,1
1490,10.223116334116213,12.414894961338995,1
1491,10.244117843626846,12.437578337342872,1
1492,10.218016816138197,12.43698733771895,1
1493,10.306716835396186,12.418064084429872,1
1494,10.303270137854932,12.444205957576429,1
1495,10.270174963106713,12.41014340208261,1
1496,10.372011566612883,12.420865289196199,1
1497,10.35502691903592,12.423572878651337,1
1498,10.358532507750617,12.457996652641853,1
1499,10.338753361438005,12.44821017859227,1
1500,10.383006457178476,12.417286759671903,1
1501,10.393977005764052,12.458702777880719,1
1502,10.390321626535345,12.426724975671696,1
1503,10.38548760033283,12.435244972506345,1
1504,10.378357201291136,12.43062846750493,1
1505,10.427935391618268,12.40930046954072,1
1506,10.472229962766127,12.422231197693106,1
1507,10.477839624139515,12.412770157735835,1
1508,10.440625219383843,12.416318409289271,1
1509,10.43698616059282,12.454245161604518,1
1510,10.51716221616198,12.450040477386269,1
1511,10.523644642703958,12.451915635058162,1
1512,10.527688473921996,12.40690131957271,1
1513,10.510275417139448,12.418998233885075,1
1514,10.528392983545185,12.423046520826867,1
1515,10.570914279429594,12.408767360824422,1
1516,10.567007464087714,12.414671281472234,1
1517,10.554787670094663,12.418976061902212,1
1518,10.558425457718686,12.451915858721312,1
1519,10.556482960061066,12.418117014777588,1
1520,10.62909840031727,12.411100304034997,1
1521,10.639797804472305,12.44566169050938,1
1522,10.596520700834134,12.409633452165048,1
1523,10.592653153919796,12.423298192440805,1
1524,10.65523850502283,12.456674439394028,1
1525,10.648346158641955,12.4345565395571,1
1526,10.732561441642135,12.43604362046562,1
1527,10.738811606568419,12.41731975813168,1
1528,10.788006382410478,12.452374794064562,1
1529,10.794052861190176,12.445270180149455,1
1530,10.802692963220974,12.456744114396068,1
1531,10.831132975960312,12.427016330514348,1
1532,10.881489360675797,12.414065097050566,1
1533,10.86784991847511,12.447260315167084,1
1534,10.953366652643892,12.411027435941353,1
1535,10.936755099176407,12.424525797989592,1
1536,10.987958493318944,12.436395978742846,1
1537,10.97603460392174,12.45066113472361,1
1538,11.045354446857939,12.43888908746892,1
1539,11.050132946236882,12.431838254423042,1
1540,11.091637630978765,12.441680217815964,1
1541,11.074510261925216,12.418125864271204,1
1542,11.156797478757078,12.459170612528025,1
1543,11.151037677292281,12.423218541226897,1
1544,11.160423369322686,12.426815823298025,1
1545,11.222337460778371,12.4290664907279,1
1546,11.18348499518068,12.409698349836106,1
1547,11.197390102221497,12.42128986773985,1
1548,11.23431035990245,12.4148162465928,1
1549,11.245433665659457,12.409313038854483,1
1550,11.288842767165395,12.417563218293946,1
1551,11.373088356952739,12.4184632253531,1
1552,11.420643009661054,12.41231530626511,1
1553,11.450024395732228,12.434759715338906,1
1554,11.452447145194059,12.425137289526667,1
1555,11.482321807758655,12.430940709888871,1
1556,11.514930968207151,12.408712239212765,1
1557,11.534651815202059,12.458673140241574,1
1558,11.526240013255709,12.457350370944095,1
1559,11.58623563523868,12.448081686491369,1
1560,11.571082073394766,12.453519893777733,1
1561,11.640672722329617,12.448551615009555,1
1562,11.643900199670384,12.449273927448678,1
1563,11.652296474679618,12.40878666947708,1
1564,11.660443029156772,12.427321672825846,1
1565,11.676756742982905,12.422758891481806,1
1566,11.701920912958709,12.407284250541652,1
1567,11.75903008707238,12.416678501126182,1
1568,11.723711452600522,12.454926450266155,1
1569,11.74741032927852,12.450593660036402,1
1570,11.788722354054684,12.451765810253546,1
1571,11.779251059394824,12.418142009951277,1
1572,11.833481613567645,12.457034796233847,1
1573,11.861217468305261,12.427528452646008,1
1574,11.841930221342317,12.436383008618535,1
1575,11.923762181209547,12.424154505975594,1
1576,11.881855483825664,12.453045319401824,1
1577,11.915440505420413,12.445131970952358,1
1578,11.899271793737032,12.42933477125649,1
1579,11.942643221211926,12.452501461674798,1
1580,11.94782058473087,12.436138563209092,1
1581,11.956317051700292,12.441897093967325,1
1582,11.93004192104441,12.458937866076383,1
1583,11.925627915918428,12.414964825408305,1
1584,11.99587945836416,12.422353459212799,1
1585,8.001400333075111,12.501223609101485,1
1586,8.016042143947498,12.503334023195274,1
1587,8.069355638673084,12.485862056666024,1
1588,8.028422552247356,12.46340244146999,1
1589,8.021637915896969,12.460635480611163,1
1590,8.091707620065648,12.486833224214923,1
1591,8.127041209422515,12.491701004356658,1
1592,8.21762634988613,12.485042495063587,1
1593,8.20351703852652,12.48911706946725,1
1594,8.250481171306413,12.5005573570002,1
1595,8.253266945314751,12.470094531929075,1
1596,8.268983640749049,12.51198776316231,1
1597,8.247291581613686,12.492519959251501,1
1598,8.290491281711658,12.46296237812152,1
1599,8.336090352778559,12.508556955132155,1
1600,8.302029886982922,12.507552030176058,1
1601,8.314820397735014,12.486481979084514,1
1602,8.394577388409967,12.474322160735236,1
1603,8.390725679349092,12.489852343213057,1
1604,8.393868944881982,12.47970498547761,1
1605,8.422348926628542,12.481553817629612,1
1606,8.402971141420347,12.489689410999677,1
1607,8.401694557118036,12.481722960221491,1
1608,8.502434874918281,12.485148010613706,1
1609,8.48925755839434,12.468271512589434,1
1610,8.458394228337117,12.476451311561487,1
1611,8.501075855398764,12.494631170112049,1
1612,8.515722388028921,12.504264152444497,1
1613,8.503731010518328,12.463230362583552,1
1614,8.531758744709714,12.48831468820785,1
1615,8.550866167165672,12.483687566878224,1
1616,8.5617745287678,12.506803034251325,1
1617,8.575986128221716,12.462710995696954,1
1618,8.633433718780575,12.492828478544158,1
1619,8.613062221831747,12.473015385763976,1
1620,8.678770387663908,12.46771471452352,1
1621,8.677850635161299,12.474865944967338,1
1622,8.75636024518857,12.48577912370596,1
1623,8.76172640747126,12.463098628432416,1
1624,8.776723264791583,12.509083831570658,1
1625,8.79957307883285,12.472239930295197,1
1626,8.856143145511671,12.463544769759032,1
1627,8.921922118667768,12.478592248188926,1
1628,8.92444566964526,12.513081017812615,1
1629,8.931263876267797,12.468299744337896,1
1630,8.977067022565652,12.504155983699675,1
1631,9.023182970990975,12.498391117351032,1
1632,9.02066549556462,12.478472771843517,1
1633,9.05173791377897,12.503721380349967,1
1634,9.08188879087547,12.504355763512384,1
1635,9.098678267102207,12.498203445245995,1
1636,9.092405045396118,12.481467137839333,1
1637,9.158669580184938,12.493753217857357,1
1638,9.186322888156397,12.471564925725357,1
1639,9.237810609155975,12.507892422870176,1
1640,9.280401872706257,12.491005537659682,1
1641,9.280492572881425,12.475747117957994,1
1642,9.290985467103628,12.488507744869507,1
1643,9.326750686480302,12.464664729448172,1
1644,9.315115168165605,12.495042317512285,1
1645,9.340064967364022,12.506778965926124,1
1646,9.38588317037648,12.466684819619685,1
1647,9.389109652856813,12.487233554694797,1
1648,9.420233380924339,12.470973741876122,1
1649,9.469946143778753,12.460913261460682,1
1650,9.508069936963217,12.479809530163978,1
1651,9.55232261269439,12.49860699699755,1
1652,9.544939114715786,12.484723807509322,1
1653,9.592278581414407,12.464032334483537,1
1654,9.602501387232518,12.460225892699846,1
1655,9.636081856358254,12.490727985500069,1
1656,9.666562123068255,12.483568971266324,1
1657,9.637778639493146,12.479893706838274,1
1658,9.688259971133407,12.483668611897508,1
1659,9.712183962772622,12.47472647320105,1
1660,9.708022544541016,12.465541766370983,1
1661,9.72533786913566,12.51043837115423,1
1662,9.692632558332924,12.483835706398219,1
1663,9.737329643839008,12.489976369364122,1
1664,9.751483842258208,12.466427646588544,1
1665,9.751467251782595,12.49951984447412,1
1666,9.776495565012432,12.486677401241183,1
1667,9.749626578755779,12.462955721336607,1
1668,9.832664565546633,12.47063626787618,1
1669,9.788383621224611,12.499544121511702,1
1670,9.830444312587812,12.502672824275583,1
1671,9.824530243083199,12.493445961230222,1
1672,9.84289853135061,12.470740779366233,1
1673,9.853067575316908,12.512725840741826,1
1674,9.847700400687819,12.463178449272075,1
1675,9.928618259714574,12.484565462973128,1
1676,9.915213030942004,12.474973250873823,1
1677,9.942360520084408,12.506274671430035,1
1678,9.956735723739484,12.503230814126269,1
1679,9.996936351802352,12.50875637584196,1
1680,10.026670411770631,12.49713890020089,1
1681,10.033074369470068,12.482985141805644,1
1682,10.062719312193757,12.486939077528929,1
1683,10.058414589518673,12.484488366889133,1
1684,10.12840816482003,12.472173280063597,1
1685,10.14017132108477,12.483465799952539,1
1686,10.197746115284577,12.474441793572682,1
1687,10.177642227538207,12.510094180281834,1
1688,10.172764926583104,12.510010320192466,1
1689,10.220457378675759,12.493684519095055,1
1690,10.251283922333112,12.466435105104214,1
1691,10.249089062853765,12.466870299671584,1
1692,10.30602655996475,12.480268137722566,1
1693,10.314081441771725,12.485521525853901,1
1694,10.268152003400232,12.477446506501831,1
1695,10.369878761904257,12.46024186918394,1
1696,10.353518645838358,12.470551409410255,1
1697,10.36883491634582,12.509840359235662,1
1698,10.383717749268584,12.478337673969051,1
1699,10.41619695976568,12.476712750503797,1
1700,10.386358405487398,12.486894743479398,1
1701,10.455715126074596,12.484482858512186,1
1702,10.4792383666754,12.482454142317561,1
1703,10.476425308479808,12.463712065717463,1
1704,10.51899629523371,12.491518572036563,1
1705,10.499843278402048,12.461860095752597,1
1706,10.496918690164913,12.507059945048281,1
1707,10.546432931759776,12.499480890591041,1
1708,10.580629323764454,12.462113625081289,1
1709,10.637571606822444,12.477922914133474,1
1710,10.622506572349092,12.480477263403461,1
1711,10.683007333680534,12.466190215900324,1
1712,10.665386823557084,12.469542895294714,1
1713,10.702723040028205,12.488574150006936,1
1714,10.697937138753725,12.460284602643943,1
1715,10.781308789092995,12.460123403665797,1
1716,10.800025788587103,12.480277695530043,1
1717,10.843034854559336,12.481164110530521,1
1718,10.846993619581921,12.487531716506496,1
1719,10.86454666327709,12.496676306427396,1
1720,10.861521169111114,12.486741156613357,1
1721,10.869247394398124,12.509303472691327,1
1722,10.937243033309239,12.484603726910766,1
1723,10.916948663459983,12.49081369286546,1
1724,10.978219687434173,12.489674040769051,1
1725,11.00137939186318,12.464623137317883,1
1726,11.032436253505903,12.482666986866334,1
1727,11.05727347723111,12.501275860049748,1
1728,11.074892057061394,12.479480079375657,1
1729,11.087334670774407,12.501579659057617,1
1730,11.148287484560301,12.511767152264182,1
1731,11.163555056350495,12.46650323271272,1
1732,11.212662987052312,12.50728793424024,1
1733,11.201213181877392,12.4916778507074,1
1734,11.220569924691054,12.473245435716489,1
1735,11.259042903297104,12.50597438028552,1
1736,11.238319826215076,12.51172884107176,1
1737,11.332624832173718,12.509371801725015,1
1738,11.292186590405695,12.471229260095624,1
1739,11.36257026633692,12.490147641923476,1
1740,11.5026002766332,12.512229405329835,1
1741,11.570989618398784,12.490940226538813,1
1742,11.620051335754754,12.48212543827457,1
1743,11.621491378363446,12.473530901698776,1
1744,11.623784474781237,12.492166813919539,1
1745,11.669357100205138,12.491268365819392,1
1746,11.68222634683372,12.498383719042547,1
1747,11.666931731608939,12.492361652033575,1
1748,11.742770664913325,12.502986728196467,1
1749,11.75675970635443,12.488047975025784,1
1750,11.807879801880587,12.495159391898438,1
1751,11.793211854860544,12.465907009405882,1
1752,11.84462517748955,12.481906871778227,1
1753,11.860784536548566,12.462342952940462,1
1754,11.847154573193977,12.506809769998368,1
1755,11.839407603778575,12.466863742683694,1
1756,11.878916802990478,12.480769829727384,1
1757,11.907288456630432,12.499785254631195,1
1758,11.90382702305793,12.4684233747608,1
1759,11.908744160297049,12.489619223079464,1
1760,11.923838520906465,12.493602507921382,1
1761,11.953847743527401,12.471961474781745,1
1762,11.933720292049165,12.46217339033628,1
1763,11.95171155300091,12.507782249593381,1
1764,11.965932479304943,12.487225306644676,1
1765,11.952354657161342,12.47718330427856,1
1766,11.951994300290881,12.462458323472282,1
1767,8.011197354811044,12.52146089095584,1
1768,8.01149665539539,12.52053592631698,1
1769,8.047902422393001,12.559574800513454,1
1770,8.064958862452938,12.530927617069661,1
1771,8.097425779618678,12.521713517301915,1
1772,8.155847992022691,12.514092256188723,1
1773,8.230701769992944,12.549134428972486,1
1774,8.28728078344881,12.558114575166647,1
1775,8.301630443292797,12.527194823149154,1
1776,8.390458595546239,12.527425169208163,1
1777,8.342756544060107,12.563913546050399,1
1778,8.402258845204727,12.522391626378358,1
1779,8.39859852735956,12.523914708839117,1
1780,8.423280662633855,12.524236780334965,1
1781,8.466801637471246,12.551080473304138,1
1782,8.465640140808373,12.561866275577692,1
1783,8.452608982973516,12.56549838588635,1
1784,8.475297996321386,12.535772718491648,1
1785,8.509560166226644,12.542393970048943,1
1786,8.515794656589096,12.54321290801288,1
1787,8.539988016875935,12.526881275026309,1
1788,8.518329003093351,12.565651271067129,1
1789,8.56097412191843,12.53010739606986,1
1790,8.60776428479466,12.517997845407406,1
1791,8.5625713810869,12.529981340726419,1
1792,8.641040914390532,12.51961892109254,1
1793,8.631764706402482,12.531599540923363,1
1794,8.692577405418797,12.537749884710214,1
1795,8.68157834778843,12.556997039475318,1
1796,8.694018475831616,12.55896255586137,1
1797,8.726289760300721,12.544416636428386,1
1798,8.71849892395991,12.55012908755898,1
1799,8.801498804169826,12.533781825593774,1
1800,8.808959831893878,12.55477344550007,1
1801,8.871704494549212,12.540925428343787,1
1802,8.828073250606716,12.534481012820216,1
1803,8.90526424934521,12.539344643616033,1
1804,8.913447343415232,12.533251456508744,1
1805,8.916833438111409,12.514191081418877,1
1806,8.954783072928944,12.553485980826132,1
1807,8.973085409626593,12.542969385370812,1
1808,8.94392194366545,12.560681204401575,1
1809,9.031495212859742,12.516306543122404,1
1810,9.035441398622432,12.563917439194196,1
1811,9.015230587047428,12.522644916265818,1
1812,9.051455675405705,12.537648670095766,1
1813,9.048085424059474,12.523629621643359,1
1814,9.073254859689186,12.529909614833699,1
1815,9.125486030610375,12.517158102342853,1
1816,9.09943032778784,12.564486365067422,1
1817,9.158313449993141,12.557945701729446,1
1818,9.185489496671222,12.565990026485885,1
1819,9.241815851320077,12.53283543750889,1
1820,9.210906985340388,12.551786308888262,1
1821,9.22895301131355,12.549057836241374,1
1822,9.28498238620091,12.547848975373162,1
1823,9.2551494537977,12.546576246769645,1
1824,9.262075762494677,12.534794916918107,1
1825,9.326861307983025,12.548901861710895,1
1826,9.333276607268472,12.534965419148488,1
1827,9.325846193794874,12.539415315783852,1
1828,9.373411483426763,12.539444153173937,1
1829,9.385908770690648,12.513573955669065,1
1830,9.413045794800203,12.554171575154685,1
1831,9.452040468586523,12.5301450748123,1
1832,9.488740691664086,12.514494745254169,1
1833,9.470102990223673,12.566437076662702,1
1834,9.548324086749407,12.556601855323944,1
1835,9.56422346883991,12.518407809926202,1
1836,9.593166310103854,12.528949591996383,1
1837,9.628067754333037,12.530911837005622,1
1838,9.729104009956194,12.515544436886648,1
1839,9.704845909951274,12.542845298508423,1
1840,9.763114884692108,12.551646315433903,1
1841,9.750703183539741,12.550092086584803,1
1842,9.761416669364632,12.53956010570699,1
1843,9.818784734188526,12.53973739495415,1
1844,9.82487325005017,12.534305374251328,1
1845,9.837990286887068,12.543884569584469,1
1846,9.825865253493438,12.557131959697156,1
1847,9.890954254951385,12.528674036404512,1
1848,9.861502536580355,12.536817334017947,1
1849,9.856570828037887,12.523693997405505,1
1850,9.84816753583359,12.563663383288365,1
1851,9.93056524979137,12.52089994879837,1
1852,9.893886863659919,12.55475464798721,1
1853,9.942354467629185,12.533240488930902,1
1854,9.99127937865158,12.530398674800796,1
1855,9.998214597306895,12.545085382509406,1
1856,10.047198322487038,12.514969764932385,1
1857,10.01250997862108,12.529956712326205,1
1858,10.074615136480604,12.559069657802947,1
1859,10.145260486580957,12.53806427483361,1
1860,10.147129873737018,12.517795801166615,1
1861,10.199131846673918,12.530719217427121,1
1862,10.207293997526032,12.538995784287247,1
1863,10.249807538358647,12.565133341335526,1
1864,10.22772633476759,12.563604286723702,1
1865,10.230382816727301,12.522453389355489,1
1866,10.306283449432625,12.562206732071731,1
1867,10.271397890478452,12.521295186583862,1
1868,10.361802124542432,12.537520136638726,1
1869,10.329838793156362,12.531896372886235,1
1870,10.400103415706608,12.514971191773377,1
1871,10.421196244706262,12.553807849014403,1
1872,10.456234600164349,12.540292529629605,1
1873,10.437560797416129,12.56503217935608,1
1874,10.533999819669484,12.56148683090757,1
1875,10.502885822729603,12.535125535142608,1
1876,10.553520247595062,12.55975549377902,1
1877,10.573638595208084,12.532785745543487,1
1878,10.600418389824423,12.520297347716738,1
1879,10.600120236134515,12.560155535342762,1
1880,10.692853813008334,12.554061378460553,1
1881,10.651617574857402,12.538636948106658,1
1882,10.73231699415243,12.562453984986314,1
1883,10.697479506731018,12.55480470680491,1
1884,10.78655540930593,12.5380587495832,1
1885,10.790657351524624,12.559448636524156,1
1886,10.757335742749751,12.552911549369776,1
1887,10.781352704255998,12.533508465896016,1
1888,10.851092139995954,12.563573890113567,1
1889,10.837862144194366,12.51464296305888,1
1890,10.822845177795617,12.564152185390693,1
1891,10.815238462954204,12.557840943534027,1
1892,10.843913701015275,12.56283173714621,1
1893,10.818634830548792,12.528031029050835,1
1894,10.903050214685459,12.541813403248675,1
1895,10.878990492225348,12.528329298714466,1
1896,10.885865879265987,12.531555409683609,1
1897,10.872721125930925,12.543102773895983,1
1898,10.883433429576206,12.53330552290033,1
1899,10.949506462072852,12.549807242949118,1
1900,10.94832369271575,12.563267537337508,1
1901,10.976964157928565,12.53568894699929,1
1902,10.987858431535356,12.513422443879387,1
1903,11.026443724328985,12.549125823084372,1
1904,11.042872917061445,12.560535951713096,1
1905,11.078217196447943,12.522834409676664,1
1906,11.11402846874554,12.529330851833322,1
1907,11.141074916123252,12.519315185337737,1
1908,11.161446154025766,12.529973217382304,1
1909,11.178318322413382,12.53373335766913,1
1910,11.180875689282484,12.515473249806467,1
1911,11.268027006134586,12.53707939463536,1
1912,11.233902897368704,12.541937889021899,1
1913,11.240083486142519,12.527841880294346,1
1914,11.304020429585783,12.560475378444721,1
1915,11.324418139587701,12.53738341091649,1
1916,11.294384604075256,12.54803790422523,1
1917,11.33824295580691,12.52973656002437,1
1918,11.362484572348185,12.558426864751388,1
1919,11.395124064635375,12.56380060583984,1
1920,11.447763899743752,12.515296144825562,1
1921,11.65187565134762,12.53822338469316,1
1922,11.613983828612229,12.554243222265345,1
1923,11.710980138675628,12.515951558345494,1
1924,11.709260229059103,12.555926586479693,1
1925,11.687168999932327,12.543912119396568,1
1926,11.757320266357713,12.550162358265359,1
1927,11.71381857174761,12.549337218563487,1
1928,11.73483868744004,12.556998102014282,1
1929,11.81687402448096,12.520112407519894,1
1930,11.788931511555543,12.531536077325523,1
1931,11.807524061427188,12.554994059989872,1
1932,11.871486455794562,12.52162987591395,1
1933,11.85846941360696,12.565235104762628,1
1934,11.854671621908821,12.533051398227874,1
1935,11.860797104435521,12.542324758438014,1
1936,11.887115322384206,12.553809376502999,1
1937,11.904625311291808,12.56479948141056,1
1938,11.924571560281874,12.557125055446303,1
1939,11.887744340461008,12.527967718463723,1
1940,11.915307086057805,12.516402861341444,1
1941,11.897793843381198,12.553001517795316,1
1942,11.972354637017323,12.51491664598917,1
1943,11.92612417515345,12.538952847018823,1
1944,11.956011868251487,12.519732504552557,1
1945,11.975218569932498,12.553472438072376,1
1946,11.932799404933725,12.5612462933978,1
1947,11.978253671595022,12.553697981264955,1
1948,11.980902205910455,12.542315496091584,1
1949,11.991202005007771,12.53323963603046,1
1950,11.984029596594901,12.516379084455968,1
1951,8.062591251505468,12.600199454886965,1
1952,8.05188920032746,12.57536305594637,1
1953,8.060464528689648,12.595269439767398,1
1954,8.08082025832672,12.606473285804212,1
1955,8.120757130099184,12.571331988877887,1
1956,8.12402846951351,12.56715462641723,1
1957,8.164496793653512,12.58893062646135,1
1958,8.130281867477601,12.614816172789142,1
1959,8.194851512273265,12.62002350631119,1
1960,8.2209459417186,12.615407644708224,1
1961,8.276254488958537,12.568523564335981,1
1962,8.331910289360763,12.614634079641021,1
1963,8.29563852968118,12.584694763411447,1
1964,8.377011050846908,12.611075307929726,1
1965,8.374154129427145,12.573511220817796,1
1966,8.373972168394074,12.603416122609314,1
1967,8.443532224109212,12.583711653182041,1
1968,8.446686812119191,12.583803398534648,1
1969,8.424026817109525,12.602737705946332,1
1970,8.414678899830436,12.596479824421497,1
1971,8.45467785876718,12.618770642504634,1
1972,8.482720718647764,12.592896279726217,1
1973,8.483250637366401,12.607083418241567,1
1974,8.4650302669508,12.611003950295116,1
1975,8.552568755773336,12.577879437398781,1
1976,8.515331980511839,12.616615129223899,1
1977,8.544516033643918,12.593738243692385,1
1978,8.582080605242222,12.60494433777556,1
1979,8.572679654267256,12.613973272959324,1
1980,8.627913927951015,12.60704890050986,1
1981,8.622381263500625,12.612423739732188,1
1982,8.66416122173219,12.572191954343305,1
1983,8.755875933813646,12.58156199421082,1
1984,8.72992413543719,12.597273526296314,1
1985,8.793598322441586,12.611837488302601,1
1986,8.778038212500793,12.598641595558112,1
1987,8.86690697667257,12.612107715289563,1
1988,8.844249918597658,12.619186419034206,1
1989,8.928224869300724,12.575176766420613,1
1990,8.898885956664563,12.60531376648785,1
1991,8.978572187996111,12.609831834633916,1
1992,8.965964522850172,12.616034547041474,1
1993,9.021191137805923,12.574623054275312,1
1994,9.002421982305322,12.606243748310826,1
1995,9.081804478568793,12.570703372588891,1
1996,9.074702389518375,12.577730317270099,1
1997,9.106453827923945,12.577211129362773,1
1998,9.120676527970085,12.589795263375963,1
1999,9.167048942628783,12.592570829607343,1
2000,9.19632811323083,12.578386428387242,1
2001,9.196336185953422,12.599963000417814,1
2002,9.226046982703753,12.594120992694277,1
2003,9.199956830574576,12.581373649076683,1
2004,9.222700085272932,12.598357717181935,1
2005,9.279109671707705,12.59191981645992,1
2006,9.262472767226226,12.591882430794897,1
2007,9.257050905273976,12.575331465725075,1
2008,9.356740522446033,12.583816346300571,1
2009,9.327107075939743,12.611810253324599,1
2010,9.408472392193309,12.574882177535514,1
2011,9.375113761575717,12.605599750382263,1
2012,9.426154909742435,12.609738173496517,1
2013,9.443286915317893,12.58278048195216,1
2014,9.50394117165191,12.59004264443491,1
2015,9.51161466089228,12.573398930863961,1
2016,9.51360802600378,12.60460711170751,1
2017,9.56779820152315,12.609545239442594,1
2018,9.520378649439985,12.579457183631375,1
2019,9.55060220829782,12.613421249300774,1
2020,9.584977104199302,12.610659506380658,1
2021,9.613528722578712,12.593795549731457,1
2022,9.653658500553174,12.607948755950867,1
2023,9.666746135486843,12.601412736556137,1
2024,9.689931017525975,12.58098040268623,1
2025,9.77216672752969,12.577324477560488,1
2026,9.79513880943369,12.57409680808019,1
2027,9.82060195771876,12.577573985050435,1
2028,9.85023311531821,12.604591944781573,1
2029,9.875971980714208,12.587067918304937,1
2030,9.887003601322345,12.598040870149655,1
2031,9.860712886052204,12.587639948609867,1
2032,9.9308919196855,12.579512679668403,1
2033,9.94476318725633,12.59871408563961,1
2034,9.92367721232328,12.600929541386119,1
2035,9.953245206629362,12.569085534525758,1
2036,9.974871775107118,12.60322989923456,1
2037,10.03533380975724,12.591282268027372,1
2038,10.002234353554316,12.592634805239411,1
2039,10.089254692371115,12.614743541880841,1
2040,10.07631932599328,12.5895070333859,1
2041,10.150316293887661,12.58194993559018,1
2042,10.109579260946646,12.61609191422225,1
2043,10.196911064674579,12.614003339988528,1
2044,10.20576533426006,12.596333356078508,1
2045,10.205718344301305,12.606117283393743,1
2046,10.232455127253262,12.580415300386031,1
2047,10.236300788757207,12.596678743994302,1
2048,10.294319329440553,12.612491977096923,1
2049,10.271793260221626,12.602476183603825,1
2050,10.336066089036185,12.572169327046776,1
2051,10.328549142468574,12.59704414630465,1
2052,10.398731230937475,12.593219868625733,1
2053,10.427310954381493,12.581102713736891,1
2054,10.45622076145374,12.597659717104348,1
2055,10.466652204760333,12.620208641944414,1
2056,10.527705361774641,12.600865945864262,1
2057,10.496503693305865,12.604697467123211,1
2058,10.568929710437557,12.571928944553271,1
2059,10.608964466079975,12.570611901288068,1
2060,10.640830706311288,12.592760930852261,1
2061,10.646233019253083,12.611282470522667,1
2062,10.64204437551889,12.60146305231651,1
2063,10.729890778905194,12.579730334793325,1
2064,10.711232971524145,12.601128652374964,1
2065,10.71814944979136,12.606826207478772,1
2066,10.717443546877817,12.587719617062213,1
2067,10.759298772170572,12.580371616325781,1
2068,10.781269997891958,12.606468551269554,1
2069,10.764637276490669,12.590063204054578,1
2070,10.753420986953598,12.615308365310701,1
2071,10.77564533875392,12.579554023284716,1
2072,10.771652776900428,12.595292784693548,1
2073,10.829976390339713,12.610395677625716,1
2074,10.83129788035107,12.6050666492682,1
2075,10.838524216756893,12.59420633379874,1
2076,10.80348529541462,12.583381003201934,1
2077,10.805719888993053,12.580564615905203,1
2078,10.845837504420967,12.57057274175983,1
2079,10.870256161578435,12.57128409666436,1
2080,10.88149440735094,12.604561526860223,1
2081,10.865622856876135,12.589445989172829,1
2082,10.907623646800289,12.608245724891454,1
2083,10.935291415018188,12.617925048854215,1
2084,10.915732848743888,12.612417142082245,1
2085,10.960547640777513,12.60309679936507,1
2086,10.985718937948445,12.571457639980189,1
2087,11.009006099232225,12.573935501188554,1
2088,11.057489147317334,12.6173995364336,1
2089,11.060454362936346,12.587924562463453,1
2090,11.023118228959873,12.608218133856234,1
2091,11.089024191231578,12.587585236265438,1
2092,11.112940500242669,12.583679834769145,1
2093,11.141009105797743,12.597388644560647,1
2094,11.12489664703339,12.614673249832327,1
2095,11.204668637176777,12.619242837025755,1
2096,11.192199243127956,12.611865138090904,1
2097,11.281541449678825,12.579263186602631,1
2098,11.244288847569313,12.584615888147358,1
2099,11.284035319143486,12.571501372045052,1
2100,11.291171504438804,12.585397148979483,1
2101,11.387570122073194,12.60126260071936,1
2102,11.36188603862484,12.577909176950524,1
2103,11.439778773436032,12.58714291350091,1
2104,11.394242559582784,12.575145468726557,1
2105,11.4712036962049,12.566897445478768,1
2106,11.49420558115074,12.57604223047045,1
2107,11.527795987350194,12.59723792692302,1
2108,11.671183160446914,12.601498197613507,1
2109,11.696244346342585,12.583936979620212,1
2110,11.742671131708827,12.619437185609714,1
2111,11.741002322219268,12.579123284028615,1
2112,11.716279350542356,12.615809381958572,1
2113,11.78936666521338,12.573684982855848,1
2114,11.809690182910442,12.612762210984625,1
2115,11.868996804071308,12.58854712289822,1
2116,11.834413155207882,12.618106802342584,1
2117,11.828439340252054,12.568310916098254,1
2118,11.887961287101682,12.615535227731321,1
2119,11.88851865987246,12.60428028397844,1
2120,11.889655038804749,12.607797781844486,1
2121,11.87677746794966,12.57100918142315,1
2122,11.935675859761211,12.595426616153057,1
2123,11.948627648428937,12.56795359072375,1
2124,11.969829243170972,12.612801029069459,1
2125,11.961262448757942,12.580968463637781,1
2126,11.979235370892622,12.60427209950542,1
2127,8.009912020479097,12.673708141780711,1
2128,8.055851607929833,12.636143025165163,1
2129,8.050489896083748,12.632528916127551,1
2130,8.054538030627253,12.632189119396868,1
2131,8.046645438921065,12.665541253974048,1
2132,8.117690694148168,12.641236746229449,1
2133,8.106306741407701,12.648797356560575,1
2134,8.110523203485995,12.63557445965112,1
2135,8.137756805747685,12.665291655977862,1
2136,8.17687407041283,12.655643004273522,1
2137,8.229607509176208,12.662503914421492,1
2138,8.19584265937661,12.658886616539393,1
2139,8.18951434012701,12.657018396827123,1
2140,8.270736684353968,12.652683910753453,1
2141,8.240874571722067,12.625996013165393,1
2142,8.265186797627347,12.640227083220859,1
2143,8.294897323434164,12.662388592243827,1
2144,8.302118387219226,12.66959149653156,1
2145,8.30012331237658,12.662436512426272,1
2146,8.353806295563157,12.65823203751878,1
2147,8.363804014629276,12.631079297808606,1
2148,8.393593138450257,12.661806917065757,1
2149,8.442358762050699,12.636978680720462,1
2150,8.444190302085106,12.633778210305044,1
2151,8.403133349286716,12.660717868342733,1
2152,8.495766281115216,12.649108817418465,1
2153,8.46880937474192,12.636071025683481,1
2154,8.472672757514088,12.66177433568399,1
2155,8.522029508150116,12.642657923065155,1
2156,8.509216261209259,12.650801597404529,1
2157,8.56785986814058,12.629366366014182,1
2158,8.598814330838756,12.654020172779227,1
2159,8.650817411352378,12.657963696956434,1
2160,8.612134505300396,12.650891757155492,1
2161,8.703105404696212,12.659952964846182,1
2162,8.701704205844596,12.643262605343802,1
2163,8.758716177155362,12.620902297636137,1
2164,8.740733944653737,12.669003295157095,1
2165,8.786244573723344,12.66948414731131,1
2166,8.774634833551506,12.639171099776725,1
2167,8.840455680894506,12.665412926811923,1
2168,8.92458136051398,12.622570733149006,1
2169,8.931532406952156,12.629619743514999,1
2170,9.034398959870456,12.6349423187246,1
2171,9.00004350867094,12.656786627440495,1
2172,9.039052848516743,12.632496100721182,1
2173,9.10359505864779,12.65358563906642,1
2174,9.142438662626962,12.644516485803466,1
2175,9.193775766121814,12.654900784716805,1
2176,9.16399013258291,12.639814631143663,1
2177,9.182448579807014,12.663348133295191,1
2178,9.198794096872843,12.63895293426841,1
2179,9.22328200713807,12.621412024674221,1
2180,9.246173981911772,12.647994562964977,1
2181,9.296681118538,12.64079528566172,1
2182,9.286373280174502,12.63547168406596,1
2183,9.25185864360564,12.656441020021315,1
2184,9.351731220953889,12.665923325061431,1
2185,9.335844214899,12.650200180358064,1
2186,9.37891288787825,12.620351272279258,1
2187,9.401849243523541,12.628050774938089,1
2188,9.363848573204118,12.639205346032156,1
2189,9.465000724322271,12.648536098263119,1
2190,9.449585315972449,12.6474129888336,1
2191,9.422399747732827,12.6319808231388,1
2192,9.499057853337955,12.628253732070176,1
2193,9.481536718288123,12.651385414504562,1
2194,9.470616645759229,12.650458251013626,1
2195,9.547009856054709,12.629923881454886,1
2196,9.535348155052759,12.642222624801622,1
2197,9.523455756878088,12.627970101745317,1
2198,9.59285120168534,12.657112909710074,1
2199,9.624345348297478,12.65539510389258,1
2200,9.628108428955837,12.62481114416336,1
2201,9.62653436447296,12.672839692181755,1
2202,9.702828393615464,12.660949864866136,1
2203,9.68222322717002,12.654646137912383,1
2204,9.780930703322168,12.636206565947493,1
2205,9.781657938625399,12.67290900670546,1
2206,9.827237098374153,12.652767490100109,1
2207,9.874631604897685,12.624854470941088,1
2208,9.855490097965056,12.669537532606189,1
2209,9.938530127624325,12.667552775512819,1
2210,9.933022512877637,12.630739378393693,1
2211,9.947108638392,12.668689237795004,1
2212,9.986707160717367,12.671384449560497,1
2213,10.017802408860106,12.667649725313778,1
2214,10.025343933276906,12.633573407265297,1
2215,10.076511914159477,12.638344301759739,1
2216,10.060185356859295,12.655023102466956,1
2217,10.053966148312227,12.672448635824335,1
2218,10.148167697282178,12.642335280615962,1
2219,10.15873574898006,12.663116666279153,1
2220,10.125740481823982,12.633038543909592,1
2221,10.200281019496318,12.626537574252877,1
2222,10.192142776969813,12.635220513615401,1
2223,10.199340753298817,12.636017529998414,1
2224,10.245621187592075,12.642178657472154,1
2225,10.218906139297763,12.646998899355188,1
2226,10.315685126946999,12.64109696041196,1
2227,10.294988037017147,12.668506063548715,1
2228,10.278867506099887,12.645491539485603,1
2229,10.355468714346115,12.661405528233358,1
2230,10.339033569433326,12.632851178356148,1
2231,10.412400790971342,12.668045321039935,1
2232,10.389163921396143,12.622603222347834,1
2233,10.458182745350888,12.673619530144707,1
2234,10.44795108140888,12.654259418663921,1
2235,10.529741163006422,12.662509868040601,1
2236,10.582356615689278,12.62035208045034,1
2237,10.604414072107518,12.655328937642217,1
2238,10.607703992789599,12.650108784948516,1
2239,10.65263832977216,12.638201036113216,1
2240,10.64383199436999,12.67166292788907,1
2241,10.714669139286658,12.667476685875268,1
2242,10.703454959767507,12.646937490987211,1
2243,10.72185478351257,12.635328767552958,1
2244,10.704592237179089,12.663534170670303,1
2245,10.755959730180633,12.652354162534678,1
2246,10.776000754320137,12.67158620500235,1
2247,10.761345147782434,12.64847170159291,1
2248,10.774229642567033,12.668443675211247,1
2249,10.801561943137271,12.636898310971375,1
2250,10.84519050964208,12.649082355835747,1
2251,10.835296507452579,12.630090831414982,1
2252,10.836347751237726,12.621888808440959,1
2253,10.824377696402635,12.663777652171264,1
2254,10.908389865659796,12.670362461448352,1
2255,10.871512946799847,12.672494133002772,1
2256,10.895625210858418,12.637446151141432,1
2257,10.95817004495483,12.671307126020672,1
2258,10.917822983295471,12.624831549014262,1
2259,10.925579298099004,12.652944201200029,1
2260,10.963386060711557,12.671360103840923,1
2261,11.007455725206368,12.62461003463251,1
2262,10.969856485171821,12.649561914873097,1
2263,11.064699815459731,12.63012317702989,1
2264,11.022608130260828,12.650469683062289,1
2265,11.062683445331466,12.638550427911479,1
2266,11.117598459388747,12.658723988196094,1
2267,11.071346515127031,12.620414976536413,1
2268,11.11553272170338,12.672746352279397,1
2269,11.169569749893544,12.672749441870263,1
2270,11.136960638269507,12.670625394345839,1
2271,11.22210273389029,12.667111894636289,1
2272,11.198996388024572,12.632950868195593,1
2273,11.239954679819759,12.648327284571385,1
2274,11.263046854308408,12.66711498009038,1
2275,11.259634374524394,12.628166629436578,1
2276,11.32017485819495,12.667415486523671,1
2277,11.310820814754242,12.662383749028296,1
2278,11.331665449660338,12.66544985999883,1
2279,11.343657123385045,12.637717497458873,1
2280,11.35418430227133,12.64387989781093,1
2281,11.384029902991664,12.630840852781041,1
2282,11.400959811554948,12.625644890453794,1
2283,11.425704428959692,12.66803882847384,1
2284,11.457642796741172,12.667161752514199,1
2285,11.448281519786331,12.65904048666993,1
2286,11.514130210307997,12.673495829060565,1
2287,11.768325750005241,12.648504553229667,1
2288,11.847441668658682,12.65248560904893,1
2289,11.879181769219171,12.636752756225004,1
2290,11.902877400757816,12.661984259039444,1
2291,11.974744321942419,12.668552434086605,1
2292,11.970301221484778,12.637278952601983,1
2293,8.069766242063624,12.723906736935806,1
2294,8.058904457886817,12.713881670107456,1
2295,8.027209837163518,12.718270623168186,1
2296,8.05727333014382,12.703291741515402,1
2297,8.090331191403148,12.714315607292136,1
2298,8.080375321666937,12.697781181762036,1
2299,8.0978716667333,12.680586503973085,1
2300,8.161471541183284,12.710953042535397,1
2301,8.171821225916386,12.710331106843475,1
2302,8.14673735090415,12.702027565293642,1
2303,8.19874436219525,12.69223169024643,1
2304,8.229480666957969,12.693325434284073,1
2305,8.206534455802807,12.713271901463193,1
2306,8.199268817154785,12.708234475978161,1
2307,8.282742199904058,12.721952497442276,1
2308,8.261068231842104,12.682362164452153,1
2309,8.248234395177484,12.714029584912229,1
2310,8.248197548152673,12.679949410711087,1
2311,8.2607809611899,12.719976989515397,1
2312,8.296061757303331,12.70570197764913,1
2313,8.324262836484179,12.71959950568181,1
2314,8.335251861195735,12.72205105637702,1
2315,8.311031557042952,12.701461100738,1
2316,8.377243335045137,12.67662916384654,1
2317,8.381334862635818,12.70772933527754,1
2318,8.367873498810962,12.682438470860514,1
2319,8.419123313542705,12.677343105537602,1
2320,8.44305048854795,12.71152276886684,1
2321,8.455444059659204,12.71297233054996,1
2322,8.45073382767857,12.694523729106736,1
2323,8.549545797088832,12.724214028132856,1
2324,8.517338093066979,12.71584087966188,1
2325,8.591250934566837,12.682317271276137,1
2326,8.597588205984596,12.68980265794472,1
2327,8.592125593389213,12.692694693126391,1
2328,8.636016796523357,12.687243297977057,1
2329,8.612590872318284,12.726869903180463,1
2330,8.632905612863116,12.697023713841375,1
2331,8.705069440812878,12.699694299091467,1
2332,8.691735841177815,12.69753224886602,1
2333,8.709904664966448,12.67383464489072,1
2334,8.754669852983673,12.6921724761969,1
2335,8.742167901369152,12.680054234845453,1
2336,8.797865042174575,12.706099516412136,1
2337,8.793846663102306,12.681091984827372,1
2338,8.827062068966248,12.710521929164573,1
2339,8.908691479170416,12.727081978904872,1
2340,8.88761087037795,12.7261223570907,1
2341,8.971859900933328,12.682929022078826,1
2342,8.94125519978221,12.716923201158536,1
2343,8.991296915288771,12.684962900396354,1
2344,8.98684097276766,12.7256269337728,1
2345,9.03800786697642,12.711141355845374,1
2346,9.065027498948066,12.697326671971839,1
2347,9.126722762905752,12.725607285757949,1
2348,9.095539261195334,12.71428709633685,1
2349,9.171192496752463,12.722876798594617,1
2350,9.184317379620273,12.712342751202936,1
2351,9.21154534389753,12.697958975971215,1
2352,9.247518452438834,12.677367473540931,1
2353,9.235390413533667,12.693750184429891,1
2354,9.300487485047986,12.682347629657759,1
2355,9.25658057261298,12.67727459267343,1
2356,9.277453232662204,12.701835425759585,1
2357,9.313010027613736,12.709443494443358,1
2358,9.31597960221071,12.708223927742486,1
2359,9.365579681027338,12.681243115231586,1
2360,9.394897134509378,12.695111569790283,1
2361,9.38857094056922,12.721146628406933,1
2362,9.433599222636573,12.68573565254529,1
2363,9.413439932555042,12.701529030050382,1
2364,9.456240540996978,12.676327116263138,1
2365,9.515382139408873,12.6788030671628,1
2366,9.517016734880297,12.682559191665344,1
2367,9.474438126121951,12.686574579621492,1
2368,9.565545035374637,12.701725147909638,1
2369,9.548597895839748,12.709511664104257,1
2370,9.538732510319441,12.69002787070993,1
2371,9.622735527878167,12.680003365132693,1
2372,9.621178222085472,12.678171836700107,1
2373,9.626488219386847,12.721317535872618,1
2374,9.627319450247956,12.69875285635049,1
2375,9.72941284939541,12.692922663273425,1
2376,9.699457964261757,12.697944142978733,1
2377,9.767599980492504,12.687559614065966,1
2378,9.767456478622439,12.687372993227008,1
2379,9.786414177759363,12.704718094171923,1
2380,9.807459760753868,12.67678899722193,1
2381,9.853544087692631,12.690813552597444,1
2382,9.866162608579943,12.704330554989125,1
2383,9.895721510805695,12.692837090326558,1
2384,9.96390346784534,12.716027865941998,1
2385,9.976301160132193,12.68865533418631,1
2386,10.028164595253605,12.716886432463886,1
2387,10.030141678397163,12.693467814494381,1
2388,10.102455740504329,12.698744429025531,1
2389,10.078080800265372,12.689110421457722,1
2390,10.09545879205276,12.725080001669516,1
2391,10.16030728817495,12.707959160292337,1
2392,10.156489867250293,12.712749547720605,1
2393,10.109664355133381,12.6896141799641,1
2394,10.168538575970302,12.67516041775967,1
2395,10.203942767778964,12.689141122141,1
2396,10.201158810324545,12.721865596824463,1
2397,10.262200377668702,12.70795570299277,1
2398,10.215774865462846,12.709728014305574,1
2399,10.214975166262072,12.685105396603541,1
2400,10.269394777368511,12.710595473921584,1
2401,10.277432036940105,12.68265773746967,1
2402,10.286473347878687,12.704809069733777,1
2403,10.334373373868,12.719367580615929,1
2404,10.356476707205985,12.714370611614271,1
2405,10.344990272790676,12.691544047102447,1
2406,10.422292163992761,12.691374242065981,1
2407,10.42216917191062,12.702967871623539,1
2408,10.478908163330637,12.68149012525784,1
2409,10.51784844991161,12.718883463401514,1
2410,10.622165164578528,12.697710093745602,1
2411,10.654639368429143,12.717435116783639,1
2412,10.662581285929615,12.708119664537017,1
2413,10.67334629735613,12.690956472939343,1
2414,10.720569368701726,12.69178970841247,1
2415,10.696874882002849,12.696656742323388,1
2416,10.74097620685583,12.710045881867064,1
2417,10.719635761621051,12.699136789328715,1
2418,10.797014282892922,12.676774155463567,1
2419,10.794170655594614,12.70873888955491,1
2420,10.759838795292906,12.720164006526726,1
2421,10.841482222338982,12.727095466327754,1
2422,10.837680070865705,12.692611616692771,1
2423,10.86459721388899,12.701552650467894,1
2424,10.90015803529888,12.706434988535865,1
2425,10.886962133808211,12.682040487088894,1
2426,10.93666880555486,12.71694973804959,1
2427,10.957353134585844,12.69066937948182,1
2428,10.960925044317353,12.70055229155836,1
2429,10.914494808352021,12.687804188668471,1
2430,10.993164523865776,12.67824877684084,1
2431,10.969072762572749,12.725869467027193,1
2432,10.995453686310142,12.684183370157534,1
2433,10.977758650531424,12.70928767057035,1
2434,11.01707081248731,12.675568737629884,1
2435,11.043693359295636,12.717914483601728,1
2436,11.027504212405445,12.703831139524118,1
2437,11.084677287970804,12.689747731423903,1
2438,11.103504355349513,12.726555989942355,1
2439,11.132028438542774,12.675739696579685,1
2440,11.145867628340685,12.674133322667455,1
2441,11.186321789408048,12.697579967360525,1
2442,11.188970553671462,12.715795447630418,1
2443,11.264538504220655,12.719651508869857,1
2444,11.281605948617498,12.719215557380581,1
2445,11.32831248156074,12.713867038372413,1
2446,11.311911659281426,12.710641640069486,1
2447,11.285079310879073,12.67834943192197,1
2448,11.367728773465135,12.694277425466959,1
2449,11.340318663192141,12.709746214553954,1
2450,11.358652848793147,12.687469874992086,1
2451,11.410289260915695,12.691433598552226,1
2452,11.395511697812962,12.6920762152875,1
2453,11.461268628973832,12.683773413086197,1
2454,11.468881498449905,12.724381261264579,1
2455,11.514957036528257,12.709585205342949,1
2456,11.590487241611285,12.687763827139424,1
2457,11.61519365199419,12.690359884629961,1
2458,11.646500127047842,12.70491982286591,1
2459,11.686032082101121,12.726153006259596,1
2460,11.663827656815274,12.718008065110562,1
2461,11.830526946074462,12.708695057116953,1
2462,11.92002004858465,12.710545861887258,1
2463,11.909346553339937,12.698376719085795,1
2464,11.95225616226261,12.709042561037036,1
2465,11.954187354834442,12.677208825040482,1
2466,11.996602028062112,12.716839986157455,1
2467,8.018180222286668,12.775654087495703,1
2468,8.01746790482641,12.748375060360068,1
2469,8.043326978611091,12.770766983572594,1
2470,8.027918918297887,12.772781352734844,1
2471,8.023334797483939,12.778600256651641,1
2472,8.026278227163166,12.761959674778703,1
2473,8.08141125720605,12.728687206211065,1
2474,8.122683019244038,12.737142215711001,1
2475,8.119827324959896,12.754898898501684,1
2476,8.103505351455116,12.78019765885635,1
2477,8.142576130209257,12.749743685605555,1
2478,8.131359243669491,12.731091981872707,1
2479,8.171207221003236,12.727508572677303,1
2480,8.222726904233802,12.75952447383754,1
2481,8.20675740216401,12.742687248381058,1
2482,8.18408813480883,12.729125606077616,1
2483,8.203488746958433,12.77898962590076,1
2484,8.2740331963281,12.774928762335735,1
2485,8.268407676574492,12.736724676410207,1
2486,8.24040151326449,12.760105493458655,1
2487,8.245532431619635,12.749974616361847,1
2488,8.328359032111495,12.767212165702478,1
2489,8.305935593027392,12.738573209732742,1
2490,8.312790545536348,12.765137259343891,1
2491,8.343439981393706,12.754079436768095,1
2492,8.388569910019738,12.779229441052788,1
2493,8.427986954574793,12.733353715455783,1
2494,8.437347394900915,12.73683891679132,1
2495,8.458418917689242,12.750905947290365,1
2496,8.480159523421454,12.74161979452698,1
2497,8.470202166927809,12.760644644640482,1
2498,8.542895679312263,12.770120305046518,1
2499,8.528781495278622,12.73568147412618,1
2500,8.504986621190397,12.780740729350507,1
2501,8.57312958725652,12.74547402187805,1
2502,8.59100371381471,12.74328503102681,1
2503,8.583865368640284,12.765878867244481,1
2504,8.578895291946516,12.767140592856547,1
2505,8.623358566579977,12.759117311921173,1
2506,8.61094067708726,12.730115558102682,1
2507,8.617958170781911,12.758756732962999,1
2508,8.64747028258345,12.775063667539941,1
2509,8.698730900807679,12.773744995095067,1
2510,8.665600288272476,12.739354584395592,1
2511,8.707442842395505,12.731584587078537,1
2512,8.720911481253701,12.749895025016908,1
2513,8.80009742456641,12.737793800840254,1
2514,8.824351131975762,12.754086307615117,1
2515,8.875097352333825,12.74701134207157,1
2516,8.922359216304487,12.763079550331385,1
2517,8.9215704443629,12.739427894681825,1
2518,8.917027235786925,12.74533670808595,1
2519,8.978088281827796,12.755524417496233,1
2520,8.950545645889088,12.742079771156458,1
2521,8.979827633844438,12.732046323984823,1
2522,8.987789301494876,12.77276735618873,1
2523,8.987329302098471,12.749685952438837,1
2524,9.03625072686682,12.777681461470992,1
2525,9.048201366849606,12.769135239227813,1
2526,9.07906439000692,12.763532537256184,1
2527,9.121150878121407,12.760534712943693,1
2528,9.122615226565777,12.766624572228158,1
2529,9.157466016514046,12.74725477084723,1
2530,9.168720453546195,12.741076352958343,1
2531,9.201763023881108,12.748434407678719,1
2532,9.232933206638872,12.750469159337868,1
2533,9.283978994865251,12.73198809293811,1
2534,9.260933520466619,12.766687274058595,1
2535,9.32918146890354,12.743104604452899,1
2536,9.306152072727267,12.75449108259065,1
2537,9.38224631827324,12.760035547739971,1
2538,9.403630948192665,12.76700734787589,1
2539,9.38133021007309,12.7467802126274,1
2540,9.444216532007632,12.776737493767166,1
2541,9.448938198701978,12.763737955591273,1
2542,9.459697370108847,12.769655413339324,1
2543,9.510628285860081,12.74720940734333,1
2544,9.488641180165235,12.755751234734461,1
2545,9.510422504384001,12.779520761177745,1
2546,9.556589350145524,12.75056931887698,1
2547,9.52010700989087,12.736998378477828,1
2548,9.614881116260825,12.76920964424904,1
2549,9.606053279241504,12.745811577113976,1
2550,9.648873458075881,12.739778758351932,1
2551,9.655984014914631,12.775876045608763,1
2552,9.70151634203165,12.740050867432377,1
2553,9.68140319899997,12.778211474757413,1
2554,9.77729380656219,12.727775106869894,1
2555,9.778367248884624,12.758736942840683,1
2556,9.777372485667623,12.734665059638136,1
2557,9.806542502460548,12.76160816878765,1
2558,9.815860278058976,12.764702356719202,1
2559,9.795761040648996,12.756948781497202,1
2560,9.869312531342763,12.753246482496715,1
2561,9.84245353188594,12.76882214334147,1
2562,9.915711392730394,12.74901868915827,1
2563,9.92859700436835,12.77223403203485,1
2564,9.984735032824675,12.733832407471988,1
2565,9.949561365645955,12.766129782525626,1
2566,10.021620912256747,12.743972971562503,1
2567,10.045907865197133,12.775260763393302,1
2568,10.076928905891657,12.7582087074977,1
2569,10.096063467762917,12.759832246806738,1
2570,10.155154544240103,12.737348468960088,1
2571,10.13833250700008,12.759635282986427,1
2572,10.180211767032176,12.756246557226358,1
2573,10.178472431991558,12.771029213811461,1
2574,10.173736292768856,12.780261462245699,1
2575,10.24251483515919,12.728588632186803,1
2576,10.234981405088623,12.748579807509765,1
2577,10.219359353134886,12.755626405056402,1
2578,10.312432001031135,12.769919340291402,1
2579,10.277605904847732,12.764797778555817,1
2580,10.31453862457797,12.740871364543723,1
2581,10.360610658785403,12.770353787998394,1
2582,10.370051890302932,12.778354615358605,1
2583,10.330236131469052,12.751118150682883,1
2584,10.404961223741955,12.761058708686773,1
2585,10.444372488898138,12.76775835029517,1
2586,10.496917009837125,12.764287743786364,1
2587,10.66999143774547,12.728069242436188,1
2588,10.651644476826739,12.746756502421276,1
2589,10.698101996648507,12.766436491686466,1
2590,10.732767379133296,12.730611427507727,1
2591,10.733232148695867,12.751804351505596,1
2592,10.794305018706247,12.752481771547693,1
2593,10.84806984079345,12.771602599089855,1
2594,10.874241519056087,12.757248437443504,1
2595,10.873953572175223,12.738189529829793,1
2596,10.931505834604428,12.743896385823165,1
2597,10.911292958167536,12.744916232944599,1
2598,10.949049725259572,12.777728605084395,1
2599,10.991584936465301,12.766651258377497,1
2600,10.968469549036556,12.73969567161863,1
2601,10.972500504301534,12.74961448347519,1
2602,11.023353602950786,12.74127327218931,1
2603,11.040911375993488,12.740885957508793,1
2604,11.025771081025091,12.77672242429839,1
2605,11.105436699757549,12.73706166032572,1
2606,11.121917625271585,12.757166876908117,1
2607,11.161809743508199,12.732832252284284,1
2608,11.155199073600086,12.753083252151132,1
2609,11.12945649660938,12.742720225827274,1
2610,11.185124517632536,12.751711856940371,1
2611,11.225586173359032,12.76164344675254,1
2612,11.19620077789833,12.775393095501991,1
2613,11.278426614030462,12.780676296042508,1
2614,11.263260470445115,12.77848786100013,1
2615,11.325483674838905,12.754866719587167,1
2616,11.31706903156456,12.777501540110348,1
2617,11.362330446754354,12.76360263925794,1
2618,11.34727609995072,12.733464031251135,1
2619,11.342862018992413,12.763010698607987,1
2620,11.404407722648752,12.753304608359812,1
2621,11.42819878041819,12.761279555653617,1
2622,11.43214435937583,12.738100689086508,1
2623,11.488355645226795,12.741134442099206,1
2624,11.494203017144827,12.763257131040586,1
2625,11.47903736642513,12.739152867902607,1
2626,11.524433965335708,12.76350318396696,1
2627,11.548724929785681,12.741461816627112,1
2628,11.516859410807367,12.747048055850817,1
2629,11.563501674495422,12.76807084148994,1
2630,11.586261467138184,12.731373958738764,1
2631,11.644468873384236,12.732223521252935,1
2632,11.637355313669712,12.759770366682826,1
2633,11.647337824926415,12.764327096712808,1
2634,11.664527201948541,12.780359349549926,1
2635,11.701871000777366,12.75723848789858,1
2636,11.66861400354719,12.754842866982495,1
2637,11.667155537316315,12.776126640168705,1
2638,11.728271000505417,12.74242685461627,1
2639,11.737348697727734,12.727639697089064,1
2640,11.720807776300024,12.740635547693527,1
2641,11.806677425887974,12.754113947462784,1
2642,11.91566657079848,12.770466141372742,1
2643,11.96874019324244,12.7445914950082,1
2644,8.016651114916863,12.789366289187868,1
2645,8.03852319266536,12.808926377216244,1
2646,8.022321288461335,12.82923844423203,1
2647,8.045105233862223,12.80982867998611,1
2648,8.062737575205539,12.821381275509587,1
2649,8.07663055366834,12.807291438241153,1
2650,8.089363879340215,12.809916412482217,1
2651,8.106594465651922,12.82161992730564,1
2652,8.117790043329459,12.810186239942434,1
2653,8.158142645026071,12.831365996748698,1
2654,8.143027203536617,12.81867436606007,1
2655,8.229834258600693,12.796575426599368,1
2656,8.217607488571842,12.82996669460406,1
2657,8.184669882460092,12.781009818615352,1
2658,8.26946192061061,12.79380114396215,1
2659,8.268357819601727,12.783316864553065,1
2660,8.24858108465907,12.805504160918597,1
2661,8.280586029282485,12.81353904079828,1
2662,8.29757903947201,12.811450883397642,1
2663,8.337578193318956,12.815952628335273,1
2664,8.323387758068867,12.82950397355742,1
2665,8.361064700132404,12.786129063475322,1
2666,8.349379281841388,12.829626891834815,1
2667,8.424573802261355,12.80738634812264,1
2668,8.41758425416892,12.828228829845061,1
2669,8.44140032743063,12.797104422555506,1
2670,8.467932397265908,12.814551840072403,1
2671,8.458071830307079,12.7944891116202,1
2672,8.460125926659034,12.822719316009591,1
2673,8.481682963672853,12.798549890870593,1
2674,8.531630733778274,12.787501727948257,1
2675,8.515798060791663,12.818642619588308,1
2676,8.525565345287552,12.804652925349146,1
2677,8.546596502794346,12.827303730527076,1
2678,8.537988851427226,12.788619418452301,1
2679,8.563806730086233,12.792621383389106,1
2680,8.586793186304968,12.79543654510367,1
2681,8.55707796080256,12.80221510510969,1
2682,8.62469038113349,12.785515065608509,1
2683,8.6296160973046,12.816267846098953,1
2684,8.69587646262859,12.800652704162019,1
2685,8.741851307024413,12.785099507338233,1
2686,8.770212791808646,12.797987985287808,1
2687,8.812481944544558,12.786058330311654,1
2688,8.84600434559551,12.796227219346225,1
2689,8.827558756229552,12.792921218564471,1
2690,8.863471558109168,12.821808699376001,1
2691,8.925582920288747,12.833237768722041,1
2692,8.921998151698661,12.811088001971196,1
2693,8.924447770139551,12.792330599474237,1
2694,8.950923296633485,12.828318378215792,1
2695,8.961499799619455,12.803652738410486,1
2696,8.9395146352871,12.815488885751364,1
2697,9.005659189405339,12.828755348008535,1
2698,9.022777779617998,12.819998739139951,1
2699,9.072290212277384,12.781232254274041,1
2700,9.040783616934032,12.820655282543703,1
2701,9.098817403131498,12.829851255229455,1
2702,9.09142670713607,12.818450294107855,1
2703,9.15489263871304,12.79881679906054,1
2704,9.19247348650211,12.793016565693552,1
2705,9.187008394008638,12.789485320569963,1
2706,9.153105199432915,12.790433245055064,1
2707,9.248458264255646,12.80352970322309,1
2708,9.21045838990134,12.81118397251617,1
2709,9.216790176358522,12.78124635287041,1
2710,9.243910417961205,12.782091969941295,1
2711,9.284166871098021,12.828574127106465,1
2712,9.296757368855673,12.82317966528954,1
2713,9.355310546455303,12.813077849768565,1
2714,9.315998793565683,12.792327692061162,1
2715,9.401209194291576,12.823223624718329,1
2716,9.373306813591084,12.80333300561585,1
2717,9.398371957630726,12.82437592277132,1
2718,9.412374533296065,12.783343986902883,1
2719,9.424061538092468,12.783761445692024,1
2720,9.446548380820687,12.792660498033667,1
2721,9.440414425774883,12.784877699381166,1
2722,9.470048987888587,12.804783491441643,1
2723,9.498592870095344,12.810438379204006,1
2724,9.501273873772085,12.82375793581448,1
2725,9.53565806786436,12.798067654382747,1
2726,9.56641039073916,12.79001115320581,1
2727,9.597638660316141,12.792075646076224,1
2728,9.57925234714174,12.806832128020092,1
2729,9.642707908215908,12.816848453861768,1
2730,9.652032279649708,12.78859005045892,1
2731,9.706860705327069,12.788105831985925,1
2732,9.704631071221776,12.826991652030777,1
2733,9.743521901455996,12.829899484044674,1
2734,9.784891456661963,12.790327613506966,1
2735,9.802094338127278,12.833866166930497,1
2736,9.838091154833005,12.786528533784223,1
2737,9.882217085997803,12.795081022544526,1
2738,9.866698299771645,12.783498693536437,1
2739,9.918157455768029,12.795842988248303,1
2740,9.929122746864302,12.784634033082693,1
2741,9.979471878962059,12.784744614936088,1
2742,9.955598122426471,12.784880126814787,1
2743,10.026881419222246,12.794538128657742,1
2744,10.016567538132465,12.783263015348389,1
2745,10.077801296510273,12.798202466472523,1
2746,10.060431542333713,12.83289962619189,1
2747,10.140284685331608,12.829330664235048,1
2748,10.141063730309346,12.800787170682554,1
2749,10.178980930388727,12.814080575799744,1
2750,10.212834987968822,12.792835719912281,1
2751,10.253499184442893,12.80787752581876,1
2752,10.217908166443731,12.828406649409684,1
2753,10.260383822611185,12.809285623225998,1
2754,10.267865407598151,12.814529226896912,1
2755,10.31622459034221,12.78274665501768,1
2756,10.275127907482807,12.824943244343597,1
2757,10.35107191856371,12.834049609015178,1
2758,10.342494546067702,12.800483183419992,1
2759,10.344351841742968,12.788996070523888,1
2760,10.40339645456631,12.821401852594557,1
2761,10.479249112514685,12.823946530828396,1
2762,10.509377887707513,12.795875225745975,1
2763,10.553972953332858,12.801421741898535,1
2764,10.68733638580617,12.801314627606388,1
2765,10.684980520467036,12.798729487815418,1
2766,10.724310120305237,12.812811000868132,1
2767,10.721325539116734,12.795467158531503,1
2768,10.761617058313877,12.81266497573603,1
2769,10.867558513667042,12.818070835770945,1
2770,10.953203462619948,12.813040674994527,1
2771,10.919313589129095,12.816039810577717,1
2772,10.999630076767945,12.816746636591468,1
2773,11.011439235610379,12.814260417839547,1
2774,11.049734267488379,12.788338617384625,1
2775,11.038395970966981,12.798399612567247,1
2776,11.121211855538025,12.817643583097972,1
2777,11.083225959251093,12.785983730997687,1
2778,11.149103643112971,12.782701337413148,1
2779,11.1574518718064,12.80049514038809,1
2780,11.224767890171183,12.796128920036788,1
2781,11.209176557800554,12.819383398320118,1
2782,11.236591244364526,12.793974736243683,1
2783,11.333107495975796,12.824564509867951,1
2784,11.32633830061946,12.828696668517006,1
2785,11.386999706577026,12.824606056755783,1
2786,11.354351679828733,12.831107885540257,1
2787,11.376382615482669,12.819259368531696,1
2788,11.433197135868783,12.7848136947635,1
2789,11.393877790303689,12.784352919895701,1
2790,11.486645795532029,12.790759209237207,1
2791,11.456922621106925,12.824838813813178,1
2792,11.455021890269476,12.786752720960989,1
2793,11.502303774645393,12.828842031633716,1
2794,11.53113465448248,12.82348783661064,1
2795,11.519812778692215,12.783841993459504,1
2796,11.506515543153336,12.816422469994102,1
2797,11.5610580137961,12.825252468907253,1
2798,11.567582148448244,12.814253553439329,1
2799,11.597388407435968,12.805040128628846,1
2800,11.641218941480188,12.826147010303762,1
2801,11.652302598732355,12.825321707148273,1
2802,11.625682945478163,12.82274088175414,1
2803,11.707110986823098,12.80964654361056,1
2804,11.68028577233023,12.83401585624251,1
2805,11.681390867728352,12.784067877963642,1
2806,11.711168562305703,12.807923258035352,1
2807,11.73875906416397,12.819479875795958,1
2808,11.73216847264646,12.792687464597503,1
2809,11.747410682288852,12.785073517464486,1
2810,11.737959772835616,12.810812767003942,1
2811,11.78786558754633,12.78764438114541,1
2812,11.784402439374231,12.794779124271292,1
2813,11.771621537318321,12.781116581492284,1
2814,11.846862898715008,12.806721750138317,1
2815,11.860141484829441,12.783741274816405,1
2816,11.86868695435129,12.825672424462194,1
2817,11.854989674010875,12.830870860047003,1
2818,11.879284808605096,12.82317753391889,1
2819,11.882431099545743,12.795822861876973,1
2820,11.878638133689794,12.795652901152769,1
2821,11.885971919972864,12.81408612513396,1
2822,11.892439971513625,12.801826896477964,1
2823,11.93606999743523,12.820235914244778,1
2824,11.97368839675508,12.781258888107986,1
2825,11.970162469819961,12.801799459968981,1
2826,8.020491874804936,12.835109173000664,1
2827,8.069957148270444,12.866450660898568,1
2828,8.040508944815427,12.847237461641253,1
2829,8.022481982687815,12.852721216972476,1
2830,8.028537954175098,12.87636060151865,1
2831,8.126184456923845,12.856693122910412,1
2832,8.113401150877346,12.859225422866423,1
2833,8.082210349164013,12.873879668889822,1
2834,8.101110675234718,12.850610261836621,1
2835,8.149059014974029,12.850812627746953,1
2836,8.14015037520225,12.851077826555752,1
2837,8.175111434926706,12.84891510922621,1
2838,8.168073724796104,12.885861463659994,1
2839,8.203719291105127,12.847327964470937,1
2840,8.212607356678573,12.838523965384262,1
2841,8.219207630628851,12.886314325677482,1
2842,8.221973080049757,12.83516664333853,1
2843,8.217171627733343,12.848584275522299,1
2844,8.274048336700055,12.84720927750011,1
2845,8.288332828199893,12.886214662562091,1
2846,8.281088271479515,12.870149006224906,1
2847,8.25989742705703,12.857821191297898,1
2848,8.305183953522333,12.876746349016608,1
2849,8.320780741892264,12.870376315290823,1
2850,8.332340954636283,12.841134711586333,1
2851,8.349492422655029,12.884679829173383,1
2852,8.384756455913491,12.881336609366704,1
2853,8.348889879031576,12.844315344216358,1
2854,8.350869842777554,12.857211859669562,1
2855,8.436478500691978,12.834279768850886,1
2856,8.442897820648994,12.88391441307074,1
2857,8.425623856553047,12.857368217788398,1
2858,8.501970378331608,12.871781331464081,1
2859,8.488409399341956,12.85548417197253,1
2860,8.526263093637787,12.840203805128295,1
2861,8.51633859198129,12.840882586267925,1
2862,8.578987487403458,12.852549753211461,1
2863,8.62320954120885,12.881751298751817,1
2864,8.713433849012993,12.848361375977346,1
2865,8.731327688100356,12.88669712098701,1
2866,8.736552888695249,12.855870252704406,1
2867,8.820066061936839,12.880426283770381,1
2868,8.785037030689303,12.844773696056675,1
2869,8.771929783068988,12.855575209709736,1
2870,8.860996669741924,12.841875042599781,1
2871,8.860039555742997,12.857637234971307,1
2872,8.873817413374596,12.881977125371215,1
2873,8.912592703993356,12.837588179870199,1
2874,8.899536237356745,12.874471832687036,1
2875,8.959882804319625,12.839460599375451,1
2876,8.963759510431453,12.868337332337395,1
2877,8.933429998948185,12.868158667571004,1
2878,9.030835241620814,12.834672470508327,1
2879,8.986547141804834,12.872398272284576,1
2880,9.000644458206136,12.856023946027829,1
2881,9.065899335797274,12.884533138157822,1
2882,9.061363972504237,12.87414665284329,1
2883,9.127049184016522,12.88033001950512,1
2884,9.121179653902246,12.885009919110116,1
2885,9.19076065208363,12.83666901656305,1
2886,9.144724015014903,12.861626834830458,1
2887,9.16480364108723,12.868999584958353,1
2888,9.154728961748598,12.847780644112724,1
2889,9.219903062749186,12.866864188264262,1
2890,9.201131363184517,12.85331994235745,1
2891,9.21549675092072,12.843832732021518,1
2892,9.231087418760024,12.841184032305897,1
2893,9.202732824572985,12.842874892166154,1
2894,9.280864591373412,12.877712271279712,1
2895,9.278050338819028,12.85791080163797,1
2896,9.270900290609639,12.84980658125378,1
2897,9.267798369609082,12.845800084749769,1
2898,9.327307200815353,12.870072802756777,1
2899,9.3392299527991,12.87114755048753,1
2900,9.411206875578767,12.874320027143337,1
2901,9.405573862421955,12.849260456219305,1
2902,9.429303490913888,12.843169287371845,1
2903,9.435410941059054,12.856059260383201,1
2904,9.501234836530289,12.866643075820607,1
2905,9.497767000894733,12.864842627897838,1
2906,9.546703453336178,12.885410477016146,1
2907,9.587344965190386,12.88513096730282,1
2908,9.616520129872086,12.884858983779829,1
2909,9.64120573543485,12.867444551131474,1
2910,9.646893249874779,12.84758938697524,1
2911,9.712475300504343,12.856856704165812,1
2912,9.697638592981566,12.858800292604572,1
2913,9.753877144543903,12.858603109909211,1
2914,9.733899692267993,12.870825629621757,1
2915,9.828520861460525,12.840441582224555,1
2916,9.836886922904633,12.88056240412345,1
2917,9.864541863308922,12.846410448115794,1
2918,9.84571047451359,12.862290714856613,1
2919,9.938537363712152,12.852096905172953,1
2920,9.90392312635504,12.837423090768093,1
2921,9.93327466765089,12.871324085360907,1
2922,9.977933616711992,12.884156667351272,1
2923,9.96851736585174,12.848779514518636,1
2924,10.013083018534605,12.84009152506518,1
2925,10.034445298920607,12.855420042273481,1
2926,10.06841335672529,12.845064778240234,1
2927,10.05717588587899,12.857473731660916,1
2928,10.141733717279008,12.872515328488644,1
2929,10.132681929559054,12.857329579792284,1
2930,10.178411839667122,12.880350516023704,1
2931,10.191353016268883,12.870078038791895,1
2932,10.22634682390153,12.863625536684552,1
2933,10.247705982681257,12.859212325419586,1
2934,10.268601889095589,12.88164076313115,1
2935,10.271738592403876,12.881448107243145,1
2936,10.271178813783807,12.83577093112535,1
2937,10.344585734583045,12.869799202858959,1
2938,10.368626404107694,12.879149522655615,1
2939,10.353281805939496,12.865722055020392,1
2940,10.39170104104992,12.87491315138365,1
2941,10.420979674484151,12.857486916021976,1
2942,10.44021592641209,12.879278008208495,1
2943,10.53429232837824,12.873215321940863,1
2944,10.57497549825908,12.840864155803173,1
2945,10.638232784822584,12.842850667877288,1
2946,10.664816883342105,12.870313031999306,1
2947,10.73553834313363,12.870650213812073,1
2948,10.893885200008688,12.852171228157609,1
2949,10.937602070747591,12.85268134171522,1
2950,10.973071930993754,12.87627079424457,1
2951,11.023025090094507,12.875414970456648,1
2952,11.120541337677642,12.852577889448485,1
2953,11.081095481389168,12.87002036764894,1
2954,11.16558446482192,12.871384139945212,1
2955,11.166700739303757,12.873276288910544,1
2956,11.217151640703076,12.861537815694174,1
2957,11.204055192614268,12.875723113237612,1
2958,11.260654921316736,12.870840576448428,1
2959,11.311983626948338,12.882044064467038,1
2960,11.293361885288899,12.838593163602141,1
2961,11.369981175965165,12.848408218864094,1
2962,11.367388022466686,12.834806787115713,1
2963,11.443665949760511,12.842531382044266,1
2964,11.41480143974543,12.860962507846388,1
2965,11.468676926200649,12.885886697338442,1
2966,11.496968172031167,12.858573415747736,1
2967,11.454036163662716,12.856545594090278,1
2968,11.52569750431289,12.874028360657015,1
2969,11.51506645372311,12.87003587284161,1
2970,11.503438155315456,12.883119953035303,1
2971,11.552997423250583,12.843519461027162,1
2972,11.563218156812797,12.863904093121194,1
2973,11.566617926101827,12.868136275319701,1
2974,11.559278718081032,12.834545536990799,1
2975,11.65457413952085,12.87689988030454,1
2976,11.6525655189385,12.838540923520792,1
2977,11.606448220294446,12.87692745000107,1
2978,11.706491525257924,12.845389541704415,1
2979,11.689217146374471,12.868117190585652,1
2980,11.68206347252682,12.883946265883415,1
2981,11.761566403924137,12.87492031481428,1
2982,11.73996150822419,12.83719392969544,1
2983,11.725247856549913,12.870284918267235,1
2984,11.78830983137265,12.851413019054277,1
2985,11.78428897086695,12.848930261285236,1
2986,11.865162260862592,12.85624414503483,1
2987,11.85290378948405,12.852274257119408,1
2988,11.847032883032295,12.882643824646344,1
2989,11.858848902206905,12.870295335112665,1
2990,11.885428006954424,12.840263116509346,1
2991,11.91352412458072,12.877309335561161,1
2992,11.922926636762059,12.872711191298723,1
2993,11.884945182275612,12.885266104102742,1
2994,11.89881919442409,12.867519390625153,1
2995,11.876903568426455,12.882733328635702,1
2996,11.944884513538542,12.870505383165312,1
2997,11.96756571890579,12.857999679845136,1
2998,11.947080493978833,12.882622475927779,1
2999,11.925587510013642,12.877481133273347,1
3000,8.048811517831888,12.916511271049398,1
3001,8.022080156734987,12.927053929273193,1
3002,8.034957013107487,12.90642433727195,1
3003,8.093921584905269,12.924996501404001,1
3004,8.110854627926827,12.897033963444029,1
3005,8.08364337242557,12.897013348006931,1
3006,8.122493683298458,12.893572395735166,1
3007,8.141738794462537,12.931524459858931,1
3008,8.159209229845848,12.895194229517845,1
3009,8.14197395016503,12.91602199808889,1
3010,8.176764995844355,12.935331942120563,1
3011,8.178186883496174,12.934667934123585,1
3012,8.199333369714267,12.896273241672736,1
3013,8.187901798682937,12.927182881943686,1
3014,8.231935894194185,12.934111452876438,1
3015,8.189653262388353,12.937254955935828,1
3016,8.203540007886513,12.926420638989253,1
3017,8.237557557635121,12.92460558276791,1
3018,8.273670526896725,12.90669214059707,1
3019,8.255119908632558,12.892771524011046,1
3020,8.279517643421357,12.889081267922018,1
3021,8.304950519114337,12.905594373974358,1
3022,8.3336969596857,12.902039240094005,1
3023,8.329033019513105,12.935651458720319,1
3024,8.302407164598012,12.9263345233038,1
3025,8.343328876026373,12.92943518377357,1
3026,8.385113867581474,12.91428605429858,1
3027,8.383254944135134,12.901615007286324,1
3028,8.425765917011299,12.912207984807303,1
3029,8.398021965589194,12.896235623857784,1
3030,8.493257634065916,12.933301985599885,1
3031,8.53124296225925,12.923738499753696,1
3032,8.536303540256442,12.919293132233095,1
3033,8.534774544941687,12.917858425617592,1
3034,8.582217966203416,12.92833070025505,1
3035,8.590590432700955,12.91937086122337,1
3036,8.57279009038314,12.931449660197664,1
3037,8.606209844062827,12.926618865355477,1
3038,8.628572487782735,12.934820042700565,1
3039,8.658032120616147,12.90359765233375,1
3040,8.617553363493483,12.920976666669496,1
3041,8.668336345584153,12.927403748537566,1
3042,8.75760431616876,12.918991064148626,1
3043,8.73127002213538,12.912427779288578,1
3044,8.807595104801178,12.890569258209888,1
3045,8.783501458925512,12.938634333120362,1
3046,8.84032374071253,12.895842296974816,1
3047,8.832747195159403,12.892843342210389,1
3048,8.920148703295217,12.93366143062822,1
3049,8.896109112405728,12.890601030257866,1
3050,8.965691545267523,12.917357371007059,1
3051,8.948074871451551,12.922640672547944,1
3052,8.993737455244581,12.911603558994416,1
3053,9.025381817850004,12.900381541253173,1
3054,9.08167246099142,12.899512699181559,1
3055,9.039844508072123,12.894160609169512,1
3056,9.13808111859554,12.910861608844701,1
3057,9.11203543321697,12.893557563149706,1
3058,9.17321497333353,12.888512404529768,1
3059,9.171300342480283,12.888888346494362,1
3060,9.17965304618442,12.921137682363122,1
3061,9.24520344675248,12.93290870531785,1
3062,9.222547999563055,12.919560692500983,1
3063,9.220055966938983,12.921859307853037,1
3064,9.296484573759324,12.889061176417302,1
3065,9.27403984552559,12.897759399439988,1
3066,9.284066330081597,12.914891710487685,1
3067,9.329461275796175,12.917924737904784,1
3068,9.333688643532675,12.893657033052706,1
3069,9.401670941449693,12.918279670030348,1
3070,9.401034106628675,12.92048225622029,1
3071,9.360234487865357,12.919959491134327,1
3072,9.451442190074863,12.934228905169414,1
3073,9.434053639423365,12.931564290582967,1
3074,9.47255728539818,12.92170954605899,1
3075,9.549297142419341,12.914399851840713,1
3076,9.597964273523036,12.935262336002618,1
3077,9.5938929764983,12.93841286939897,1
3078,9.657422283491258,12.926096321499204,1
3079,9.673441372950451,12.915089569673926,1
3080,9.728287312879234,12.918479027914387,1
3081,9.704223956127302,12.911867265065952,1
3082,9.753175645878397,12.890789973462743,1
3083,9.780834825099095,12.928140940041294,1
3084,9.829475860219238,12.919347086454666,1
3085,9.820619684427657,12.896071937913065,1
3086,9.859846930084158,12.926519771292192,1
3087,9.859224042793198,12.924922259322768,1
3088,9.918163817633342,12.902017928397097,1
3089,9.94357924421509,12.917655558220615,1
3090,9.962869383437406,12.911367998663154,1
3091,9.956419225952173,12.908131681436304,1
3092,10.04489163562056,12.897866978899899,1
3093,10.015788525903845,12.908729630708677,1
3094,10.090453054156228,12.914903337746965,1
3095,10.090724021476845,12.91382003568441,1
3096,10.08942906131691,12.889120419518177,1
3097,10.110714101175965,12.889951395423338,1
3098,10.11492459184872,12.931745430489228,1
3099,10.173989656848699,12.898972624959347,1
3100,10.199017694225647,12.93819995779967,1
3101,10.233335439650581,12.937946995324786,1
3102,10.220848289016793,12.922380970840445,1
3103,10.314559165897542,12.897172030104006,1
3104,10.305280271254905,12.896340559921097,1
3105,10.353539277136502,12.8931190591509,1
3106,10.361187992000035,12.898897447569507,1
3107,10.415239075318512,12.893680660541651,1
3108,10.38162353832762,12.93728834414524,1
3109,10.402496609871333,12.926098719784989,1
3110,10.431253256972193,12.905393486898413,1
3111,10.476786269920774,12.912510966862552,1
3112,10.511965572304568,12.93708685568394,1
3113,10.536442367811123,12.929173691867273,1
3114,10.638878374468955,12.93106269823972,1
3115,10.876549991948732,12.929620567625706,1
3116,10.94340883846374,12.932016846684101,1
3117,10.988092743332427,12.906690855297297,1
3118,11.055133858401037,12.92640549361141,1
3119,11.075419240080452,12.921384997539633,1
3120,11.142280389489978,12.917338091968785,1
3121,11.22950120523449,12.891820828395717,1
3122,11.248229690771995,12.9188486737389,1
3123,11.300754742428847,12.911649402441293,1
3124,11.334036161231007,12.937141622120016,1
3125,11.360130960153686,12.896454408175504,1
3126,11.385498253375888,12.933771114237276,1
3127,11.401616187429514,12.900755382821796,1
3128,11.433619532562561,12.89318851267113,1
3129,11.455156586993638,12.893773933255034,1
3130,11.482089415771739,12.896446168429364,1
3131,11.44873665661077,12.938190309775798,1
3132,11.524389214436738,12.93152254779321,1
3133,11.497956222369494,12.918334834178502,1
3134,11.497338151541468,12.928865208810615,1
3135,11.58497479125745,12.900667086262354,1
3136,11.595195076362451,12.940554689997489,1
3137,11.594144255950068,12.925036419921522,1
3138,11.618090272099343,12.917322078511845,1
3139,11.630194410356856,12.915442908445504,1
3140,11.657348377334566,12.91751549426279,1
3141,11.67818395155811,12.88938286073437,1
3142,11.662407687169223,12.891119624274301,1
3143,11.675990670719537,12.897683800121673,1
3144,11.711286524130955,12.923474778929789,1
3145,11.72993131394139,12.89660753572228,1
3146,11.775211414509185,12.907503604287164,1
3147,11.766024402377063,12.92721417786438,1
3148,11.864359842491645,12.889776745037183,1
3149,11.828934437351196,12.928436113834413,1
3150,11.834586074290122,12.897904421479586,1
3151,11.877214886140038,12.93897535960936,1
3152,11.916471042641897,12.912242469103875,1
3153,11.916318402147587,12.898513789825504,1
3154,11.874398748521417,12.937088033554941,1
3155,11.908032508902942,12.919929515580261,1
3156,11.897440770121197,12.893590065371512,1
3157,11.934795046802039,12.921511698007224,1
3158,11.959360866218507,12.919492158907408,1
3159,11.967335157518342,12.913880729553286,1
3160,11.970338397044236,12.91234132992333,1
3161,8.030957271334955,12.969534535678928,1
3162,8.053894261825548,12.987987150093574,1
3163,8.102266426165714,12.974032584360096,1
3164,8.110813591277777,12.985426127875657,1
3165,8.1276964215561,12.954244789264555,1
3166,8.1366632152796,12.970851835401183,1
3167,8.145395266478797,12.943900589461677,1
3168,8.172834020055802,12.943420500202645,1
3169,8.180590246513804,12.992269114345348,1
3170,8.21200275649051,12.964523267297604,1
3171,8.200596087152576,12.94179398919165,1
3172,8.22376704992047,12.985584714436786,1
3173,8.251811078464288,12.961355473582412,1
3174,8.256487944029164,12.986344777873278,1
3175,8.34215952883503,12.969553935196142,1
3176,8.309851617980842,12.951804224321139,1
3177,8.367127054848247,12.947619957174833,1
3178,8.361795380560418,12.94731198725425,1
3179,8.39188754998271,12.978971942499594,1
3180,8.402512264007981,12.987967941226835,1
3181,8.408545924728902,12.98910480204756,1
3182,8.441262268182408,12.958983505927309,1
3183,8.492654210698175,12.956756500442882,1
3184,8.464446954941362,12.947399535796352,1
3185,8.487439512513173,12.98762435583774,1
3186,8.518026403888639,12.96420327348561,1
3187,8.554446103962121,12.973184187611837,1
3188,8.505479315457526,12.993295535916424,1
3189,8.510518293730055,12.968874838615715,1
3190,8.576683440844745,12.975406302540202,1
3191,8.5969087201263,12.965127317557362,1
3192,8.608654443791568,12.948169738798537,1
3193,8.604956794600149,12.94608255905613,1
3194,8.571444032555872,12.981405692981271,1
3195,8.619731288074867,12.972169198254965,1
3196,8.610282647119464,12.959508476208452,1
3197,8.61327558290674,12.94596398930802,1
3198,8.631719117419738,12.993691719457685,1
3199,8.683076298479804,12.948588370722995,1
3200,8.704231752597776,12.984638884724736,1
3201,8.758380216917343,12.976855069743522,1
3202,8.740482531240492,12.966790388277456,1
3203,8.817938128440698,12.963813473659533,1
3204,8.798096099803793,12.975598193181366,1
3205,8.841304957580267,12.946505408878137,1
3206,8.855267902409043,12.990367457454294,1
3207,8.906780256632581,12.968505822749865,1
3208,8.889721587221649,12.98228087369492,1
3209,8.963585743429586,12.95721273716636,1
3210,8.969670012634362,12.954449226183462,1
3211,9.010946190189578,12.990100333550709,1
3212,9.087435018986545,12.954898113475569,1
3213,9.06192823487422,12.987531271356517,1
3214,9.136879891459646,12.952023858469449,1
3215,9.141813511559086,12.971498924851474,1
3216,9.170035195060127,12.955258519943786,1
3217,9.149882217752486,12.986460679650797,1
3218,9.218306618469796,12.991010799254097,1
3219,9.236465220975527,12.978693155961134,1
3220,9.293614060107155,12.957369310996778,1
3221,9.299700586312241,12.979528276404963,1
3222,9.321676610210748,12.971458266585019,1
3223,9.307144251932753,12.945425543990472,1
3224,9.368689239002238,12.959525772388904,1
3225,9.399270866544226,12.98274830305942,1
3226,9.457690697115044,12.957967001954975,1
3227,9.441025359370464,12.961317640670856,1
3228,9.49686082425348,12.943575129248156,1
3229,9.479022975586112,12.980081151747394,1
3230,9.536212285122748,12.989516223397318,1
3231,9.620859077646314,12.96602510510095,1
3232,9.658052674922974,12.961774897350256,1
3233,9.656541292368441,12.96615825043798,1
3234,9.707195354064979,12.977976677793869,1
3235,9.73032365030162,12.991535388304843,1
3236,9.773094993694194,12.94487331268402,1
3237,9.760654606732476,12.941196210675566,1
3238,9.790130352140393,12.947350282451543,1
3239,9.809606843306565,12.94316332171883,1
3240,9.853915608356807,12.954026608184792,1
3241,9.888912738901904,12.990067469498747,1
3242,9.931380143307207,12.96737956509723,1
3243,9.914717751490775,12.972389363621675,1
3244,9.95942283073799,12.974041213510777,1
3245,9.952172668173324,12.985396987346933,1
3246,10.021477487128696,12.986237655965903,1
3247,10.038337741353963,12.969545388385203,1
3248,10.04877174157212,12.973917643962125,1
3249,10.069630806999617,12.957424784209794,1
3250,10.092485486167204,12.960668695969641,1
3251,10.073651899890159,12.956716186875033,1
3252,10.139345481426657,12.988772549814893,1
3253,10.128142185952925,12.96348776182743,1
3254,10.153117026335257,12.990641738698107,1
3255,10.16348286259459,12.945068333763425,1
3256,10.167437513011306,12.946553332473517,1
3257,10.24434698499877,12.98559975315234,1
3258,10.223626469341673,12.980093557882038,1
3259,10.269042683015082,12.97132967686836,1
3260,10.299696986417926,12.970558788809177,1
3261,10.351376961153424,12.994545932301873,1
3262,10.375865294545749,12.95751862485352,1
3263,10.449535514522738,12.98813355745484,1
3264,10.462559456853521,12.991997863548168,1
3265,10.51473180826589,12.977557607033152,1
3266,10.540604890451863,12.976653812446935,1
3267,10.868121480002452,12.984517284507447,1
3268,10.926338451815287,12.94758753928307,1
3269,11.0479338335602,12.99284276668408,1
3270,11.09106432939154,12.964989621939392,1
3271,11.205827544709681,12.990794769882283,1
3272,11.282295413198334,12.966509989479128,1
3273,11.285893173940037,12.947475337161478,1
3274,11.309100298022923,12.945190739994194,1
3275,11.31534000184667,12.993261252790003,1
3276,11.359916853342353,12.96162146164661,1
3277,11.355878277758858,12.96643077915142,1
3278,11.360540216973938,12.972321934140025,1
3279,11.432728822226439,12.95239176533547,1
3280,11.3939365236274,12.948953057018544,1
3281,11.483317690481936,12.951537855125629,1
3282,11.44592089965224,12.963367956488993,1
3283,11.546335628006398,12.949474545297893,1
3284,11.509548175520676,12.992523672711075,1
3285,11.529830231395115,12.9602135540127,1
3286,11.567188746118136,12.959339241262759,1
3287,11.599110962785733,12.959246277881682,1
3288,11.557070130125057,12.972318709606855,1
3289,11.618327006478031,12.952574297401682,1
3290,11.62177274642929,12.973512229683605,1
3291,11.687529097747115,12.95559618654303,1
3292,11.68096453634069,12.987502554364507,1
3293,11.727077402294896,12.992258780429305,1
3294,11.794927898220337,12.966422803600988,1
3295,11.798025445931144,12.946172180772187,1
3296,11.847362730469378,12.993253905816493,1
3297,11.869188100596155,12.987613797803569,1
3298,11.890011493050189,12.953526778624626,1
3299,11.902412698171856,12.948343510932617,1
3300,11.912834552324734,12.945993558781353,1
3301,11.915268031480268,12.945666240666824,1
3302,11.95490602208527,12.950986341634263,1
3303,11.929959180368073,12.948538677810573,1
3304,11.94071744525968,12.982705467513886,1
3305,11.983635285182565,12.94553984302559,1
3306,8.012230048609645,13.003978647866251,1
3307,8.020134366421392,13.027160145804974,1
3308,8.057012383292221,12.997350892948885,1
3309,8.062596553883402,13.045826456856295,1
3310,8.02317909031766,13.033008437521087,1
3311,8.07747706919671,13.000187507195688,1
3312,8.078144006989172,12.99773863230429,1
3313,8.085986191543766,13.00558799091491,1
3314,8.134453844502197,13.008150376123254,1
3315,8.17431980257083,13.036656829019584,1
3316,8.210187119899938,13.014210150571314,1
3317,8.275067788164433,13.042534929693572,1
3318,8.32014577518389,12.999402824655068,1
3319,8.301562492347033,13.045457796758162,1
3320,8.328452258264534,13.001969601640097,1
3321,8.347874064930101,12.994995097005875,1
3322,8.34846273478483,13.005588670982917,1
3323,8.342933305283381,13.00935886546711,1
3324,8.34976453279486,13.007662377640193,1
3325,8.424223746850604,13.013564952574734,1
3326,8.39700833762246,13.007706748152321,1
3327,8.40227975967999,13.010124478896792,1
3328,8.417980511436616,13.045481440322733,1
3329,8.496908336923362,13.043829013320869,1
3330,8.502344561118738,13.029278001383316,1
3331,8.45750563143023,13.004307580749392,1
3332,8.5262166547114,13.041670155764468,1
3333,8.535911870925512,12.99722803369495,1
3334,8.5397829112871,13.028517559250803,1
3335,8.575585691717096,13.024889278668578,1
3336,8.55953215536258,13.023013800829988,1
3337,8.596836769722042,13.00311222975049,1
3338,8.59437903706175,13.041438675975186,1
3339,8.649228579131345,13.039524941313621,1
3340,8.620554731376012,13.005749903864098,1
3341,8.641048994375861,13.022288237548658,1
3342,8.64153251341445,13.014083226848923,1
3343,8.709202783996977,13.009122494920572,1
3344,8.674027855677915,13.038772625769637,1
3345,8.752817685349205,13.038074926821755,1
3346,8.78046873950913,13.035108506363764,1
3347,8.78036596365504,13.035769357767546,1
3348,8.875607848381591,13.022335512704249,1
3349,8.826420736651253,13.034449482475221,1
3350,8.911452715300278,13.01129203820346,1
3351,8.896856397385994,13.039201404080364,1
3352,8.945723689658035,13.042627395782105,1
3353,8.953474817512815,13.044651754373392,1
3354,9.01580637253011,13.002406125090255,1
3355,9.003968544543975,13.038956428245863,1
3356,9.053494114455063,13.00735326034437,1
3357,9.070085459091688,13.023574252091493,1
3358,9.128850996188742,13.031282168650936,1
3359,9.095450735464059,13.014719100182896,1
3360,9.181122923812467,13.043682128082509,1
3361,9.190240802054637,12.99785598436979,1
3362,9.211529207556158,13.004644779006407,1
3363,9.201868728475873,13.034646291038854,1
3364,9.251351259924963,13.042542213966653,1
3365,9.280477026246192,13.016071693721829,1
3366,9.31061228037761,13.029970525793155,1
3367,9.345841465938951,13.021981068928467,1
3368,9.400915578710258,13.043794723453944,1
3369,9.399112714406694,13.008554967513918,1
3370,9.44758198838449,13.019689313508723,1
3371,9.452068526060664,13.005742465355102,1
3372,9.51317901618531,12.996159720149938,1
3373,9.472685052183756,13.041790544916875,1
3374,9.553852851716101,13.00129663536714,1
3375,9.519385576895425,13.013333724735375,1
3376,9.576331986093436,13.041935227960355,1
3377,9.609020890319888,13.047545705364797,1
3378,9.660326774050501,13.002952743231571,1
3379,9.645874841097802,13.030706476457889,1
3380,9.72491733237794,13.03896093032698,1
3381,9.690041727913828,13.038514892103196,1
3382,9.742365191746236,13.029510409258503,1
3383,9.751986699175193,13.023959784383539,1
3384,9.788821169441777,13.04480987204283,1
3385,9.813742329392685,13.027549700148487,1
3386,9.860638707527137,13.000502516428487,1
3387,9.878410283534302,13.012543022154594,1
3388,9.937160591101204,13.037800381033197,1
3389,9.928957992298754,13.023646656174954,1
3390,9.961171549512255,13.020601205335662,1
3391,9.984064696071222,13.016087711616864,1
3392,10.018100484786816,12.997011884609988,1
3393,10.016175946158546,13.04239726815195,1
3394,10.098098736217226,13.04540781562805,1
3395,10.063265176904759,13.001432065374756,1
3396,10.063351083032051,13.001463199356138,1
3397,10.135578295479906,13.047627856788727,1
3398,10.133796264455373,13.015408597495847,1
3399,10.146217950192499,13.03482684696881,1
3400,10.200121428091682,13.013873812454417,1
3401,10.220161394572928,13.040355180032899,1
3402,10.25345585040475,13.00511924196371,1
3403,10.290728173973129,13.021106833843048,1
3404,10.2742804914024,13.03658326994732,1
3405,10.287847412735506,13.032722653000398,1
3406,10.326305512582627,12.997199087042778,1
3407,10.343336222657998,13.022769048402688,1
3408,10.391820150136379,13.027010894639263,1
3409,10.39708141747347,13.034914933534909,1
3410,10.45636824606355,13.044621459575183,1
3411,10.450606272686304,13.035934782291557,1
3412,10.428795970616834,13.007105322636198,1
3413,10.486089131780638,13.01434390658856,1
3414,10.496607445981796,13.04656060172264,1
3415,10.549458855623513,13.022779325962563,1
3416,10.538301566234725,13.042986430771554,1
3417,10.617596713555615,13.01761029510567,1
3418,10.682087930717598,13.045318216756842,1
3419,10.721563056117551,13.027903651037812,1
3420,10.761764682135576,13.011043261922925,1
3421,10.85224087592931,13.015070720851007,1
3422,10.854125218644418,13.025259593143574,1
3423,10.895525869466818,13.004027600122688,1
3424,10.899364166999826,13.044498272346743,1
3425,10.910802855068846,13.046017065674334,1
3426,10.951852455782312,12.998155416919351,1
3427,11.010009245264971,13.025824084712971,1
3428,11.05111408783595,13.038006371292914,1
3429,11.089431967639461,13.020372073879996,1
3430,11.162579243008404,13.000080670175151,1
3431,11.206104124605481,13.036619893630746,1
3432,11.26949256500024,13.013419019948516,1
3433,11.264603363480745,13.023787367263546,1
3434,11.307943150456689,13.025875474208522,1
3435,11.30579053631274,13.01239349990369,1
3436,11.367475965071034,13.03393941977506,1
3437,11.373688176920663,13.044667662424029,1
3438,11.40876503514432,13.03961069155435,1
3439,11.423273166713903,13.017836776351388,1
3440,11.454214942490003,13.02477870592972,1
3441,11.488025263593348,13.001693823186356,1
3442,11.505082735781366,13.01466481087416,1
3443,11.520291356485917,13.012591651251125,1
3444,11.602184775746249,13.033833330417202,1
3445,11.554545103946712,13.020581995136673,1
3446,11.630101999393995,13.030397141744423,1
3447,11.642448856277374,13.044890335365293,1
3448,11.654502926848805,13.008501133512386,1
3449,11.661238746838654,13.001214987876244,1
3450,11.692796097797482,12.996542110000247,1
3451,11.74917746752089,13.03288788861005,1
3452,11.806446662551958,13.006816400898279,1
3453,11.787045978826127,13.036762793598974,1
3454,11.86028423501248,13.029313258079203,1
3455,11.822385257410708,13.010410535716662,1
3456,11.885320992777736,12.997154602294557,1
3457,11.892100755801149,13.046118470673333,1
3458,11.941695403725836,13.031100668084445,1
3459,11.925632239940615,13.023456564671326,1
3460,11.946309656250362,13.006824505251215,1
3461,11.989198751299003,12.997375795593312,1
3462,11.991923035134935,13.032088514993355,1
3463,8.044803572883907,13.056120899535284,1
3464,8.029555881103528,13.059662298971784,1
3465,8.046889882932524,13.09964766689309,1
3466,8.100244049248058,13.069410254762593,1
3467,8.109968845233428,13.055173579513706,1
3468,8.164750939017093,13.09538028849408,1
3469,8.129702955463365,13.067250337425492,1
3470,8.222015911485963,13.067922333992291,1
3471,8.229344037370728,13.075710537558567,1
3472,8.186853305842941,13.080091176914298,1
3473,8.286063612697502,13.083759660365367,1
3474,8.26578398719087,13.088424525219855,1
3475,8.24560222984057,13.09018527081046,1
3476,8.322502198231591,13.084240600446297,1
3477,8.342211648314084,13.091190799045256,1
3478,8.332165212784519,13.088627188224539,1
3479,8.305600145068242,13.0581174165494,1
3480,8.371005835599819,13.07273889455532,1
3481,8.346907640314832,13.071133468129934,1
3482,8.36380984965366,13.061578704802038,1
3483,8.348407669068788,13.064070008788805,1
3484,8.405989561565017,13.05883717590238,1
3485,8.432232909406709,13.075765805692903,1
3486,8.397021374549109,13.078907159718913,1
3487,8.486937865591473,13.054060703442566,1
3488,8.47605005539452,13.089467361224651,1
3489,8.553961073954317,13.08624373159919,1
3490,8.533706239360011,13.06524400252931,1
3491,8.600499719310369,13.096592223600366,1
3492,8.558722903570372,13.082215115542324,1
3493,8.589468129006246,13.091948851212939,1
3494,8.646274349528614,13.053051359732398,1
3495,8.643569612999848,13.083504185148968,1
3496,8.620797418210767,13.081894931496812,1
3497,8.69983043760319,13.054024641097884,1
3498,8.70086156326565,13.082922082491509,1
3499,8.75096753354676,13.067629940900133,1
3500,8.804877774032818,13.066484203074886,1
3501,8.866008457689523,13.091390134562701,1
3502,8.834485473966947,13.074312759863972,1
3503,8.922128534873574,13.07225170717682,1
3504,8.894870665400909,13.052299316838136,1
3505,8.97062515514795,13.09974351610619,1
3506,8.979981973711629,13.051350056014876,1
3507,9.007594162410635,13.071857210511979,1
3508,9.026415898744055,13.0600208892913,1
3509,9.03825503455546,13.061956322981299,1
3510,9.077868338896266,13.048852258234493,1
3511,9.101205722230757,13.081241723413642,1
3512,9.114866451194127,13.08194123490505,1
3513,9.17953520977639,13.064626636577284,1
3514,9.147497119878514,13.071366301506412,1
3515,9.237729389610124,13.066396295338976,1
3516,9.217400554502055,13.058199726796266,1
3517,9.261601517698718,13.099409921492459,1
3518,9.269619969810215,13.073180630976557,1
3519,9.3137815645646,13.090303939368969,1
3520,9.34421700017742,13.048877106955915,1
3521,9.376356610583175,13.06924543119646,1
3522,9.364364718210423,13.097565969535728,1
3523,9.460525090327554,13.052687264400662,1
3524,9.451506810244314,13.078075723169023,1
3525,9.480177572876284,13.081777520766531,1
3526,9.499879018402611,13.05367190559049,1
3527,9.557587366863107,13.0961697208946,1
3528,9.519359777801867,13.050636804457826,1
3529,9.621739095851531,13.07304862224732,1
3530,9.618345072135341,13.051889033967937,1
3531,9.652846505905453,13.077894350747872,1
3532,9.637284959961006,13.076334591921148,1
3533,9.680336050003474,13.05759819952671,1
3534,9.703674065916701,13.0967522112838,1
3535,9.784709857865897,13.090587952817533,1
3536,9.752624788955988,13.077928175631287,1
3537,9.800922875377646,13.081620290180405,1
3538,9.814374797884785,13.060549847974498,1
3539,9.878070647512105,13.064815608826217,1
3540,9.856879046955605,13.086240024616206,1
3541,9.942296326874587,13.084703934731007,1
3542,9.915581930202661,13.099524969769082,1
3543,9.986489705867571,13.070008411891502,1
3544,9.974504808441642,13.06268581144581,1
3545,10.050854212060994,13.08617701294236,1
3546,10.024955371108499,13.094040899164241,1
3547,10.070301635559359,13.051878664359842,1
3548,10.075334625665107,13.055178167258793,1
3549,10.105192762337362,13.087458567493057,1
3550,10.121285404019158,13.060846682421818,1
3551,10.11296673994974,13.094095798468246,1
3552,10.135727295444477,13.071987439638884,1
3553,10.16626549700827,13.050012445810195,1
3554,10.174978216369787,13.065390330296337,1
3555,10.220429970302384,13.097044588433684,1
3556,10.267087560297243,13.091351141261253,1
3557,10.281847998227958,13.080202203578464,1
3558,10.307621784096588,13.07088989027901,1
3559,10.308420632228854,13.052271232666111,1
3560,10.343991110651784,13.092465950496942,1
3561,10.356842750277021,13.087701189082168,1
3562,10.329938742360282,13.081687000591344,1
3563,10.409728201162718,13.07658622568064,1
3564,10.426465340241354,13.067515651572313,1
3565,10.385331726764365,13.089561709457314,1
3566,10.398311701110632,13.087449324870889,1
3567,10.441426960440634,13.078282510542142,1
3568,10.452924384978319,13.08768320221721,1
3569,10.47705903219455,13.068365463946463,1
3570,10.430136391725044,13.101302116688576,1
3571,10.514490275455081,13.085207066619429,1
3572,10.531997897757448,13.056960284874817,1
3573,10.503174998378762,13.053426622422466,1
3574,10.507626206955297,13.04882102634617,1
3575,10.551688439154315,13.089713588306122,1
3576,10.546231685388415,13.076216678544714,1
3577,10.62258978596414,13.053555540509468,1
3578,10.634662345922935,13.074144856153604,1
3579,10.613172359415769,13.096596244177736,1
3580,10.684058837029319,13.081103936738444,1
3581,10.680547738462138,13.097811543351385,1
3582,10.693548121887677,13.07243898900117,1
3583,10.72787978628242,13.079957061300265,1
3584,10.724460437199973,13.095582704202206,1
3585,10.72025228917972,13.099251496246376,1
3586,10.799930806092085,13.063404529955445,1
3587,10.77196986825107,13.100066025096504,1
3588,10.764356329594262,13.064135998457525,1
3589,10.809465830400006,13.098829310056795,1
3590,10.818173970606317,13.064647253213698,1
3591,10.830084830773,13.080373647144702,1
3592,10.804476556579553,13.09969849281323,1
3593,10.897400103814242,13.06399626592247,1
3594,10.877073241444343,13.056270508860669,1
3595,10.889530234592938,13.078860733223044,1
3596,10.916650704790676,13.06280510818631,1
3597,10.91284047635841,13.095085042109925,1
3598,10.962119735817067,13.065301723879559,1
3599,11.002134543647497,13.08748067039686,1
3600,11.01101633336261,13.06374469792877,1
3601,10.970393092193586,13.062231753795643,1
3602,11.042276516909626,13.08388916868799,1
3603,11.067554332889538,13.088467410053326,1
3604,11.04719555271199,13.085394399733612,1
3605,11.112854832266141,13.087135468633031,1
3606,11.087354432872948,13.054277741371248,1
3607,11.155365396561926,13.063077852159841,1
3608,11.185202044887822,13.082380295628642,1
3609,11.282849515047113,13.080471555752993,1
3610,11.307629282034842,13.100498550301728,1
3611,11.3640458452607,13.073243027434364,1
3612,11.346726096516198,13.077536263223564,1
3613,11.410959000024167,13.073485498542011,1
3614,11.40515988932881,13.084705832949883,1
3615,11.491806689609833,13.065768084493776,1
3616,11.457228440621424,13.073689749726693,1
3617,11.533112390872455,13.082288580042693,1
3618,11.517742574087015,13.083647691914562,1
3619,11.552796126628024,13.059828097994966,1
3620,11.582295740895004,13.05312322086452,1
3621,11.645465534328581,13.071178935021198,1
3622,11.656125051149097,13.058831557231448,1
3623,11.675965185109739,13.068959962436631,1
3624,11.724898055169135,13.05232626763343,1
3625,11.771244058100072,13.07031257985283,1
3626,11.775169179955972,13.069073446919738,1
3627,11.832679058022151,13.067837238310219,1
3628,11.824313981711446,13.082622939832616,1
3629,11.89353520982334,13.074486042560299,1
3630,11.873017038223654,13.088182192000728,1
3631,11.958125753904891,13.089743945845196,1
3632,11.95668204052026,13.09234898176837,1
3633,11.953797829015425,13.09730359246002,1
3634,11.979624886457819,13.10154862317899,1
3635,11.983802700228889,13.096763884412633,1
3636,8.012285860385374,13.133363855515398,1
3637,8.056003396150322,13.141934517982703,1
3638,8.102056413598188,13.107336610832899,1
3639,8.179297632704833,13.151121859421163,1
3640,8.130596233174007,13.111867015145625,1
3641,8.230389980379393,13.132071233719925,1
3642,8.18381775559412,13.10403535409267,1
3643,8.263956631389457,13.1187573591401,1
3644,8.262275506837884,13.137659102373867,1
3645,8.278766052973824,13.136445225931446,1
3646,8.306093688321454,13.125391324591513,1
3647,8.330840470539941,13.113159715518002,1
3648,8.308613683850712,13.141075155031276,1
3649,8.364597334565952,13.144762819103287,1
3650,8.384168348171846,13.133627946651792,1
3651,8.36596809289179,13.132057363574955,1
3652,8.433569375296493,13.121360457425322,1
3653,8.406727904888706,13.11342776454912,1
3654,8.429021257393662,13.120245579895467,1
3655,8.456851694075631,13.118704075023624,1
3656,8.45061413499237,13.141763176894829,1
3657,8.487291817390187,13.142414733364413,1
3658,8.528048705871837,13.109668899143509,1
3659,8.50411916368651,13.111995736116501,1
3660,8.542806754643598,13.130852594721143,1
3661,8.540666957812507,13.152239985774251,1
3662,8.601129261086056,13.106260357941496,1
3663,8.586942976578522,13.113339520690188,1
3664,8.564847751707397,13.136472822702487,1
3665,8.596476311064587,13.11671604151369,1
3666,8.658037538438926,13.11970025809983,1
3667,8.628643569175118,13.120218931784466,1
3668,8.625512395777584,13.105876730149529,1
3669,8.702839132323737,13.153986368434726,1
3670,8.66865322284967,13.12022559427324,1
3671,8.675805204479806,13.102429334281947,1
3672,8.729020236297785,13.120219177132633,1
3673,8.760099290068428,13.123759474943197,1
3674,8.775905401378209,13.102085732062474,1
3675,8.849307264736717,13.15324320268509,1
3676,8.87083195343688,13.11726629404167,1
3677,8.858828713853619,13.146393080492508,1
3678,8.9101873323976,13.11489579504613,1
3679,8.904385266549586,13.125630868945118,1
3680,8.887783217975493,13.102845430558348,1
3681,8.949282769829557,13.126881225086919,1
3682,8.950667782596316,13.101987188656452,1
3683,8.996862913233993,13.148745611416738,1
3684,9.015701927161535,13.113551610895222,1
3685,9.081324652066137,13.10632287392016,1
3686,9.05236620409319,13.109420300316623,1
3687,9.112178953155968,13.112660013110084,1
3688,9.123356331528871,13.14012976213902,1
3689,9.189323040484698,13.103700169724318,1
3690,9.17708680410569,13.140427515408057,1
3691,9.2207037985045,13.1098982224136,1
3692,9.228349460185486,13.117122972505888,1
3693,9.275549394055686,13.10675273911078,1
3694,9.280567379709113,13.1247083671626,1
3695,9.305524457993958,13.142880060006107,1
3696,9.331277461369053,13.133564163355075,1
3697,9.375044013270898,13.132578596512086,1
3698,9.400786356653986,13.109811561179622,1
3699,9.444695986100989,13.126449436310574,1
3700,9.445654945553931,13.121607302005408,1
3701,9.509283823859706,13.10322875041759,1
3702,9.487799212851346,13.139851809117943,1
3703,9.513279310749098,13.104684235684562,1
3704,9.561803405554025,13.102598880120462,1
3705,9.526878124828153,13.143636357518268,1
3706,9.518996022848627,13.135750042349887,1
3707,9.590703636700056,13.15462324714626,1
3708,9.602783421806954,13.107382557190007,1
3709,9.582314315753564,13.140707045668055,1
3710,9.632845288607701,13.103272442417952,1
3711,9.667019412815856,13.113011691420484,1
3712,9.652857255383914,13.153203013656874,1
3713,9.707905745311491,13.149114217202632,1
3714,9.716836773144466,13.1397231520098,1
3715,9.784191750540169,13.115926012966307,1
3716,9.761762991271132,13.110441284043532,1
3717,9.808580187664605,13.132297588482663,1
3718,9.78776520063931,13.140399596141663,1
3719,9.878637744930733,13.141099745601139,1
3720,9.88934375692435,13.117231402801096,1
3721,9.898761531398875,13.111899850907676,1
3722,9.94250159343518,13.107883330395271,1
3723,9.895997841609171,13.133908841798844,1
3724,9.951568911795711,13.151342113835588,1
3725,9.974200668305581,13.143554035049137,1
3726,10.031100057318936,13.121735801881234,1
3727,10.007369924336746,13.123171238346645,1
3728,10.052066801963857,13.105150383863567,1
3729,10.075783932962352,13.103166651389998,1
3730,10.102852938437595,13.154527689070747,1
3731,10.101755845950063,13.134323671122448,1
3732,10.135381198210853,13.118326791119374,1
3733,10.131077771669442,13.134430134997558,1
3734,10.117508249201286,13.134651617145254,1
3735,10.201564282068514,13.13079312897165,1
3736,10.185672329038159,13.150086283128173,1
3737,10.260728522790345,13.117758426240664,1
3738,10.319167717241262,13.12381251484125,1
3739,10.28950553077707,13.103914323900435,1
3740,10.281780131467952,13.13740154573571,1
3741,10.338035494097326,13.12510923244383,1
3742,10.323695393512251,13.118925387796667,1
3743,10.327429315298755,13.150505994061504,1
3744,10.376026767939269,13.14574032904445,1
3745,10.406141737598276,13.138291889595273,1
3746,10.382037844063701,13.129989323124159,1
3747,10.476022303291678,13.12561725523923,1
3748,10.471165314334192,13.132906608861251,1
3749,10.473271236095748,13.10795883436124,1
3750,10.492000404873698,13.105741979380003,1
3751,10.51735354820548,13.117245957010388,1
3752,10.56282657457067,13.134701147490977,1
3753,10.608820795061828,13.118850932126168,1
3754,10.637152347682182,13.143709293454506,1
3755,10.619620624444227,13.135797980750349,1
3756,10.647608198233087,13.143384040725277,1
3757,10.650627837078348,13.139138626362612,1
3758,10.682572004711218,13.1382624946621,1
3759,10.687905256460098,13.107587268587986,1
3760,10.706858456280306,13.118707191257952,1
3761,10.710453131131857,13.112303388649321,1
3762,10.735281184366064,13.108214992396642,1
3763,10.707569818790486,13.123502608212304,1
3764,10.740525674505735,13.150991274867094,1
3765,10.781170119750515,13.141700420300952,1
3766,10.77262927113264,13.124786860950316,1
3767,10.786855130073354,13.105340078230384,1
3768,10.794858992329658,13.136729598187793,1
3769,10.811667674377816,13.134664077941258,1
3770,10.852668120431137,13.139898172858363,1
3771,10.837805038138786,13.137559638044428,1
3772,10.815558115196014,13.129083433431065,1
3773,10.895964017563754,13.12204292596808,1
3774,10.908678663920568,13.118289759365814,1
3775,10.855958095067791,13.142277646403267,1
3776,10.858312552284975,13.106285899323032,1
3777,10.916634668318157,13.123561941370442,1
3778,10.953296726506574,13.144788192647466,1
3779,10.951212124971754,13.142668158602758,1
3780,10.968894022259606,13.131535440350648,1
3781,10.997736702735713,13.132287128512933,1
3782,10.979829807043227,13.134399767219328,1
3783,11.00863770785606,13.154615040934711,1
3784,11.06873689414594,13.147049930620069,1
3785,11.02982156030473,13.13227174549045,1
3786,11.019321300672525,13.149034214716492,1
3787,11.062599398505599,13.125889381307022,1
3788,11.06988251946654,13.144906305359596,1
3789,11.091946116977873,13.154371579946188,1
3790,11.113725108121216,13.128881257524652,1
3791,11.07398874643749,13.120614032064886,1
3792,11.173738526027831,13.122774034069677,1
3793,11.130940582303763,13.13311404565088,1
3794,11.126536773325542,13.109639128938875,1
3795,11.203130249802664,13.119428697294362,1
3796,11.225911967262059,13.107255354542517,1
3797,11.2081378457633,13.125046909233092,1
3798,11.274632373828094,13.130499702403997,1
3799,11.25649505987381,13.138635674894182,1
3800,11.247963840954325,13.13535312421592,1
3801,11.328139187960472,13.121152370583173,1
3802,11.301477952160091,13.141800858524155,1
3803,11.371113790940075,13.11570724928323,1
3804,11.385327592837585,13.12817460320787,1
3805,11.400507669499977,13.145878615787923,1
3806,11.414261050030555,13.12379384543588,1
3807,11.452094853114797,13.133813151641313,1
3808,11.449404174035454,13.113239949566044,1
3809,11.527422103063296,13.132482337943832,1
3810,11.500992968592238,13.105241222076755,1
3811,11.58794865095828,13.101655200161629,1
3812,11.588587718511466,13.144128303353472,1
3813,11.637877964468247,13.116347564532942,1
3814,11.614539587652668,13.104308830914656,1
3815,11.703567582966414,13.10586287455285,1
3816,11.699829077018812,13.153353381628433,1
3817,11.73446134446916,13.118444017276467,1
3818,11.771079351098004,13.128860230507401,1
3819,11.816255292796054,13.138766836551829,1
3820,11.821066718391583,13.152971152257717,1
3821,11.83604078483711,13.105055415115311,1
3822,11.916941170960012,13.1337487312182,1
3823,11.89875762105357,13.141497625682396,1
3824,11.966812609304363,13.132693752719616,1
3825,11.940953751372774,13.113843021646195,1
3826,11.945789709649917,13.150950475396215,1
3827,11.98524639828579,13.120614018618829,1
3828,8.012670093693714,13.169567664140155,1
3829,8.042059641794587,13.177749893732596,1
3830,8.02275096084998,13.178436667916936,1
3831,8.063892415821318,13.205914246175539,1
3832,8.096205931661272,13.176510051169712,1
3833,8.123148961058458,13.195053658386264,1
3834,8.081551406039715,13.201945674288023,1
3835,8.165236862281205,13.173123708569605,1
3836,8.129536217322427,13.155406887333417,1
3837,8.140458268175333,13.159246987825885,1
3838,8.195786008682429,13.177060853715492,1
3839,8.190587480998909,13.171098497167334,1
3840,8.213650098649392,13.156583521674834,1
3841,8.25725148028611,13.16329276313958,1
3842,8.258487938933188,13.163804948230558,1
3843,8.259084711333118,13.15761251239557,1
3844,8.334070384144411,13.203626565827685,1
3845,8.333067769464142,13.186734819505215,1
3846,8.321771165554592,13.178678151285267,1
3847,8.382133018634143,13.1561625388874,1
3848,8.3816761672224,13.19225702413396,1
3849,8.370776332468768,13.168443923639948,1
3850,8.42173342322799,13.200958006310742,1
3851,8.428266683676322,13.194964880190168,1
3852,8.428738664037441,13.167007982416658,1
3853,8.478006804854335,13.198706066833951,1
3854,8.501451980286074,13.188239131440547,1
3855,8.464449944942412,13.188665217544056,1
3856,8.508576684670658,13.172421620387269,1
3857,8.544670650850547,13.171365430659998,1
3858,8.528678475977621,13.203670888112576,1
3859,8.520026195466476,13.15835911518852,1
3860,8.601648244858435,13.196437014596906,1
3861,8.594827162289974,13.186361743402653,1
3862,8.58541049125904,13.181080733385588,1
3863,8.60444578672106,13.161958281658979,1
3864,8.596109340817623,13.208403641989468,1
3865,8.637985597886196,13.178214065771714,1
3866,8.627778679894021,13.18039861624203,1
3867,8.63291716192431,13.1652247940696,1
3868,8.660914689111744,13.188941481219798,1
3869,8.661180861697007,13.20354231634893,1
3870,8.714972979786564,13.17485359401432,1
3871,8.706999490901516,13.155670385686168,1
3872,8.696832958059993,13.167757858620242,1
3873,8.696686643472244,13.187875632944989,1
3874,8.714705523073944,13.191481596261076,1
3875,8.745464291630135,13.168151425558149,1
3876,8.725692900523248,13.195664300446364,1
3877,8.756040472525186,13.194007009665286,1
3878,8.788993761360235,13.204276569102937,1
3879,8.776107640095075,13.20485257608437,1
3880,8.838243578441189,13.20438538599313,1
3881,8.830639847537494,13.194087470930038,1
3882,8.84254769101442,13.182278967568465,1
3883,8.897995211405696,13.163591899751243,1
3884,8.893388563485262,13.157395154393924,1
3885,8.89874513586892,13.184928568038734,1
3886,8.975831140524988,13.187029448222438,1
3887,8.951511066580759,13.201897665040821,1
3888,8.957402669951462,13.166242292748422,1
3889,8.984706172943795,13.17694974951116,1
3890,9.00466850996307,13.185985475431416,1
3891,8.993107954135459,13.19338266104869,1
3892,9.050568578294458,13.183061099444156,1
3893,9.059038981677718,13.20508223351226,1
3894,9.074910057961121,13.187608244034664,1
3895,9.096988003412747,13.207603318005528,1
3896,9.13169695660236,13.195494469394426,1
3897,9.105177328123652,13.158538369244255,1
3898,9.194879057127737,13.178151938073555,1
3899,9.14495453837885,13.157984374766533,1
3900,9.241101772649564,13.192062746621849,1
3901,9.238722120076371,13.155923930480016,1
3902,9.281273533068504,13.201752184980435,1
3903,9.30456049959473,13.171693548659444,1
3904,9.318831853357104,13.192439631754974,1
3905,9.324430203594762,13.164375935342461,1
3906,9.370349141393582,13.20719483301917,1
3907,9.363856189446558,13.16291327365355,1
3908,9.463643926617435,13.160644380059047,1
3909,9.431657975677865,13.157569107029389,1
3910,9.462415815280824,13.18103727492385,1
3911,9.495620089406195,13.169469005264832,1
3912,9.510214220844494,13.189013132681408,1
3913,9.466328970090268,13.190695761709579,1
3914,9.478380175107556,13.19497139335025,1
3915,9.522565230446746,13.198535920424113,1
3916,9.552838172663204,13.169950631347325,1
3917,9.540567577983383,13.157297805121797,1
3918,9.601645075758674,13.18903186353667,1
3919,9.614097786082134,13.171758211343812,1
3920,9.599523342551597,13.185779115516981,1
3921,9.643009139887964,13.157170370288915,1
3922,9.675559756231571,13.187834417555994,1
3923,9.686866150487115,13.205476033404805,1
3924,9.720384708324405,13.185276760167037,1
3925,9.781220805219393,13.198408148210678,1
3926,9.780810941458984,13.1935543821894,1
3927,9.819981182051173,13.184691830491213,1
3928,9.79578295679952,13.183746002228173,1
3929,9.87660791940347,13.2001159554168,1
3930,9.87030210291584,13.172721605437472,1
3931,9.860642888581255,13.17349600991189,1
3932,9.895671211785434,13.207088519275137,1
3933,9.927764717750783,13.1610451145568,1
3934,9.98559708736441,13.158802358621223,1
3935,9.98031515246463,13.178780820973268,1
3936,10.023639623079996,13.20679514265745,1
3937,10.010744730539185,13.194310389914026,1
3938,10.019257449671239,13.19876047812762,1
3939,10.099912878200142,13.17838599471683,1
3940,10.103002577509775,13.16665411747645,1
3941,10.087730803399053,13.172926583923005,1
3942,10.153865285204315,13.163116327016597,1
3943,10.140434865954465,13.194517138636906,1
3944,10.152062137779364,13.189301941041647,1
3945,10.161206881102368,13.185462263583677,1
3946,10.166794065905952,13.190419058261343,1
3947,10.221142531183999,13.19341689223252,1
3948,10.248919354643458,13.170554775979374,1
3949,10.26931318588587,13.190154332091042,1
3950,10.284355674394122,13.208530146344376,1
3951,10.333786023487974,13.20014532656285,1
3952,10.350199597640708,13.16818483413478,1
3953,10.381917847410332,13.161855961467706,1
3954,10.469785241958144,13.17546419494012,1
3955,10.479064147199962,13.16206724882445,1
3956,10.530006020869514,13.198910314961873,1
3957,10.501712106229856,13.196399692655092,1
3958,10.574221466081964,13.165021066320367,1
3959,10.589253364249855,13.177567233924359,1
3960,10.589973982685999,13.184669939005772,1
3961,10.668976857738786,13.162839597957579,1
3962,10.673184683702454,13.197724460124629,1
3963,10.699001911422837,13.165451145945033,1
3964,10.702326383869208,13.1849621832032,1
3965,10.716558588663991,13.173308585007316,1
3966,10.698119083192543,13.161479966180316,1
3967,10.756536356721854,13.15867287508326,1
3968,10.792147410910374,13.164172620274813,1
3969,10.765387866924081,13.177502177693965,1
3970,10.77239616135526,13.19047213274202,1
3971,10.803921120989564,13.173869407660527,1
3972,10.805693523424875,13.18305883818575,1
3973,10.853671648616597,13.162071863231331,1
3974,10.855597986092201,13.17008501769719,1
3975,10.899273459761153,13.191512386733125,1
3976,10.884961227464228,13.206297799703307,1
3977,10.890011383528035,13.158655868471316,1
3978,10.924290302320502,13.188965406258802,1
3979,10.925904067764437,13.196874307047404,1
3980,10.95254487232742,13.179161959055477,1
3981,10.972724558731727,13.183567853456339,1
3982,10.988920332400172,13.195332527983656,1
3983,11.004561151535153,13.166407929575946,1
3984,11.02796403721209,13.155774320850584,1
3985,11.035391048206243,13.161510717520676,1
3986,11.064415215733863,13.192046596902362,1
3987,11.100879466107573,13.189344411157805,1
3988,11.072605055699348,13.178990831600844,1
3989,11.071966032446978,13.19808187538407,1
3990,11.154249439320798,13.188795261207328,1
3991,11.1764383035161,13.157293172634583,1
3992,11.143955260623214,13.201523778969385,1
3993,11.185663987383508,13.159835396005741,1
3994,11.225350111383552,13.165975258906132,1
3995,11.215216958070984,13.202386420273578,1
3996,11.192593453763765,13.203269152508382,1
3997,11.281718440817185,13.169258178995314,1
3998,11.237263354827496,13.195581227199396,1
3999,11.262509267195378,13.174040349925942,1
4000,11.259845255010013,13.197881384337979,1
4001,11.316604090929202,13.182767548370919,1
4002,11.313943114441313,13.176911094335795,1
4003,11.306417261935122,13.172824420190855,1
4004,11.316510081481507,13.18631321031014,1
4005,11.357875835324077,13.171146518565257,1
4006,11.375404313783843,13.199850454747843,1
4007,11.385314468699454,13.197097958375537,1
4008,11.431312731929477,13.202742890682286,1
4009,11.412385091545193,13.173944921662843,1
4010,11.419708909441395,13.183189410278597,1
4011,11.485720337769662,13.18345517529843,1
4012,11.467957371148657,13.15698484198976,1
4013,11.510263025481626,13.197917732922638,1
4014,11.521380326432904,13.196069521824807,1
4015,11.561834859045277,13.204444826313217,1
4016,11.57067758641787,13.20587415989854,1
4017,11.626637711854778,13.204585169075436,1
4018,11.619632556862348,13.186468699702377,1
4019,11.667252560641485,13.204809012148946,1
4020,11.699042781653713,13.185990547335196,1
4021,11.75271640207901,13.202495609826789,1
4022,11.75852160514082,13.193348832001275,1
4023,11.806849314672272,13.193796911270553,1
4024,11.784780757823413,13.204911666456809,1
4025,11.859723543535154,13.188954896811323,1
4026,11.857311223120282,13.158062685099324,1
4027,11.879123670697204,13.166115239434118,1
4028,11.95285675956982,13.204586256067532,1
4029,11.973788637960235,13.20720915818102,1
4030,11.948667034925638,13.173662190052848,1
4031,11.983471196953424,13.178766985636123,1
4032,8.008390826187256,13.218400779356823,1
4033,8.00925343997423,13.217402003223036,1
4034,8.064591071824191,13.244303505879312,1
4035,8.027041621697714,13.248016780511865,1
4036,8.047513273884114,13.227659910510862,1
4037,8.021511347923376,13.218844072746892,1
4038,8.082513560912515,13.236178169265125,1
4039,8.095584511486107,13.233965895315636,1
4040,8.089292732040752,13.255053350625209,1
4041,8.09647098258361,13.260542796615903,1
4042,8.101360561717778,13.222927296702878,1
4043,8.149093738761172,13.250012282952653,1
4044,8.138088085323528,13.209099901544338,1
4045,8.145749269376878,13.231468276130512,1
4046,8.139532967424907,13.235846450349046,1
4047,8.175551571453644,13.225852866741157,1
4048,8.23331972666335,13.24213857037477,1
4049,8.21928863565474,13.223400996629115,1
4050,8.195365474621049,13.221618475361524,1
4051,8.212756804918696,13.24727896438342,1
4052,8.225745559543748,13.234422918156048,1
4053,8.23913067679418,13.252118878924716,1
4054,8.255640962982165,13.230913046645687,1
4055,8.27938317636599,13.21524717841964,1
4056,8.27066761664229,13.256411885607045,1
4057,8.267723187267237,13.25828100506422,1
4058,8.319443155742148,13.222940173549471,1
4059,8.30302413000307,13.213846333192002,1
4060,8.340459261085972,13.224349245296766,1
4061,8.306701608198036,13.229891291597022,1
4062,8.364843756863289,13.230051150308793,1
4063,8.36435757395763,13.22928114395205,1
4064,8.35181563030525,13.2473412732052,1
4065,8.383085644982659,13.259851114936911,1
4066,8.434982227243651,13.251162901110177,1
4067,8.443484178116128,13.2173991959435,1
4068,8.414364882304422,13.233146155083842,1
4069,8.4928606426304,13.236763837158994,1
4070,8.492935099140174,13.252938199584088,1
4071,8.508928112911248,13.242472802993912,1
4072,8.52486935893847,13.22811229900015,1
4073,8.505585109467082,13.24329941651644,1
4074,8.592563330406078,13.259413785711883,1
4075,8.577190408434436,13.214021478464764,1
4076,8.587961036719499,13.237292268435324,1
4077,8.607472484863498,13.231589935470925,1
4078,8.658862514367847,13.228457321196954,1
4079,8.650027426560436,13.233693081081483,1
4080,8.662896334552755,13.23726735463766,1
4081,8.639731441955059,13.21390707021413,1
4082,8.612554913691344,13.242448520216477,1
4083,8.63426604996122,13.238581368963493,1
4084,8.692056429131918,13.233234730062092,1
4085,8.696013221364156,13.213029024283175,1
4086,8.715577218882066,13.219956010999198,1
4087,8.69523583372652,13.258031650962732,1
4088,8.67513671072053,13.216670013642387,1
4089,8.734749070674445,13.261916485661471,1
4090,8.732255427099338,13.222026901367471,1
4091,8.738913754525598,13.21472252283394,1
4092,8.776775619604349,13.229447716306426,1
4093,8.814028039213518,13.259421765283006,1
4094,8.86727763614741,13.210263531978113,1
4095,8.869370227798242,13.251308979170272,1
4096,8.88346726162304,13.230858556628863,1
4097,8.885356598671548,13.240000631547085,1
4098,8.915983041079567,13.239411268758221,1
4099,8.93777140161464,13.256243131701225,1
4100,8.981558572242088,13.237477146804048,1
4101,8.947581244500924,13.248553335587722,1
4102,8.984087233926736,13.260113610758106,1
4103,9.02783118788958,13.253736865615831,1
4104,8.989224803611625,13.226667286587102,1
4105,9.047324056054284,13.244637030966533,1
4106,9.06571688800571,13.235793018051572,1
4107,9.08500053222972,13.252764919561319,1
4108,9.136971233421091,13.229388042988981,1
4109,9.14331034618686,13.227299854950664,1
4110,9.125685122643729,13.216685956496836,1
4111,9.1471915760083,13.2267785618762,1
4112,9.18917961354121,13.232285161252513,1
4113,9.17656159806796,13.236551056386123,1
4114,9.250875187986042,13.232706484813914,1
4115,9.202246158026208,13.222937654120372,1
4116,9.227926201480798,13.22984926369551,1
4117,9.283052191643138,13.236254082084942,1
4118,9.269240221664546,13.239726816539557,1
4119,9.29049618995794,13.248672064672427,1
4120,9.350484067284958,13.226822843260399,1
4121,9.331068103469965,13.227193734878561,1
4122,9.351298523691906,13.223731238556294,1
4123,9.400444110332117,13.239635365676042,1
4124,9.366680638662341,13.24901455491934,1
4125,9.372042251086233,13.245865836414264,1
4126,9.454493074351586,13.218133129853863,1
4127,9.423909078044097,13.215770083480757,1
4128,9.459396706853349,13.258771553512345,1
4129,9.479727237370431,13.216225896329783,1
4130,9.483634399286514,13.252699227818715,1
4131,9.491662995742239,13.222296409677206,1
4132,9.482990715421815,13.249981756186191,1
4133,9.557938492257367,13.252636292233392,1
4134,9.533594201777692,13.211322687576311,1
4135,9.535580538219286,13.256646250552503,1
4136,9.577958625055837,13.226272606687685,1
4137,9.609140085120027,13.224793092013059,1
4138,9.572516451145125,13.218055031665257,1
4139,9.663800453383391,13.215428846133147,1
4140,9.640216750463452,13.226311081452401,1
4141,9.697258734757094,13.218291478261802,1
4142,9.703261363148494,13.26024069976856,1
4143,9.739595041285549,13.243628128203445,1
4144,9.775565669250888,13.258863219315474,1
4145,9.834828451618645,13.241179049968396,1
4146,9.800678625643997,13.21162904328299,1
4147,9.801733351683634,13.232493387455404,1
4148,9.844632821475725,13.223043708204388,1
4149,9.885573733840223,13.24011816148796,1
4150,9.888701610882437,13.210811368878558,1
4151,9.930853533157975,13.24369424787193,1
4152,9.947089541022017,13.240154393093423,1
4153,10.028588832336409,13.230445915799551,1
4154,10.007355648042564,13.208970820619351,1
4155,10.068318006202263,13.23642212579268,1
4156,10.073960714800853,13.22895604049475,1
4157,10.109171824084237,13.257331798241657,1
4158,10.12876566464802,13.249194091698415,1
4159,10.11853136480755,13.260562034473933,1
4160,10.179486742613754,13.261862470626212,1
4161,10.181389972411678,13.217004363208114,1
4162,10.230356631665163,13.243985750495915,1
4163,10.249960980423277,13.225023282827172,1
4164,10.217486800250883,13.219737123058778,1
4165,10.313303812853102,13.225690067068063,1
4166,10.278609871071511,13.259496762379236,1
4167,10.287583191042843,13.240698837983388,1
4168,10.355250265463727,13.226661581871179,1
4169,10.346748033105948,13.244603101483253,1
4170,10.377073177751587,13.240339782242867,1
4171,10.458382783600754,13.25133366444655,1
4172,10.463890358821612,13.234391849782709,1
4173,10.533491085271587,13.224411355109952,1
4174,10.517069295111435,13.215156215214327,1
4175,10.539922387973842,13.25288105402015,1
4176,10.559151694652789,13.22338036832054,1
4177,10.550796410670669,13.225136639253499,1
4178,10.589343084198294,13.231548244839502,1
4179,10.61334130624499,13.237104177414148,1
4180,10.673764681125807,13.217701384033761,1
4181,10.642320558912639,13.212587142360865,1
4182,10.74344312765983,13.236245061555724,1
4183,10.709339698449623,13.229865390807456,1
4184,10.787266725197819,13.212248125198057,1
4185,10.77210314855932,13.242214423127633,1
4186,10.757677295658821,13.213426693352407,1
4187,10.807173597992293,13.210000376572197,1
4188,10.849291718674701,13.25492317024983,1
4189,10.884602008136355,13.220393230353755,1
4190,10.895383863514668,13.208960798376808,1
4191,10.939770933145306,13.24567969342434,1
4192,10.95210501823364,13.213870241774996,1
4193,10.966072510140874,13.246359565997025,1
4194,11.05146317235712,13.246040352296584,1
4195,11.116249738861562,13.218412858739814,1
4196,11.127089015613592,13.238214759275648,1
4197,11.199170191032893,13.261866695660444,1
4198,11.217677305908476,13.219627932286995,1
4199,11.241540103833183,13.239394911929733,1
4200,11.26967534283596,13.223198567052243,1
4201,11.297398069004048,13.246480559254579,1
4202,11.31961073604285,13.235361831819818,1
4203,11.302002804440809,13.24227926338075,1
4204,11.357575355812742,13.260672180686976,1
4205,11.367464539938073,13.24683358777441,1
4206,11.387656170066938,13.21788516325973,1
4207,11.394002652019537,13.231423527492762,1
4208,11.44086068323926,13.249361637158954,1
4209,11.436275015884567,13.232772432246195,1
4210,11.481889305613501,13.24564381474131,1
4211,11.4489682591325,13.232032830522188,1
4212,11.479856702308835,13.230234000059864,1
4213,11.536329732303221,13.26129121409839,1
4214,11.550072851576102,13.234603703156184,1
4215,11.56113653842013,13.217091014445188,1
4216,11.557873662020722,13.220456282754961,1
4217,11.633065149549392,13.258346694078888,1
4218,11.620597333802273,13.2306394643918,1
4219,11.672861361090247,13.236585789123854,1
4220,11.681697981348812,13.21494326763268,1
4221,11.726816757440591,13.230016585142616,1
4222,11.760793215846551,13.24935791810179,1
4223,11.779353997818582,13.250945078607064,1
4224,11.773493580428923,13.23149952731575,1
4225,11.843060839230233,13.22598918594568,1
4226,11.865737049391328,13.231412949173231,1
4227,11.886083810476034,13.216820565698772,1
4228,11.885102920149526,13.214096789140438,1
4229,11.963972921453477,13.237748644534157,1
4230,11.946787947340072,13.252650967929357,1
4231,11.99367242691716,13.236695257905593,1
4232,8.011143259167994,13.262981905416604,1
4233,8.017365241984024,13.296392332003723,1
4234,8.044401369361744,13.300129089828049,1
4235,8.060802477597466,13.293464628454362,1
4236,8.023169901224453,13.29279177169899,1
4237,8.029685953014083,13.27823148976927,1
4238,8.083354748433191,13.262981891884284,1
4239,8.099834822193273,13.29927684762567,1
4240,8.124393235175267,13.298810905658133,1
4241,8.120961503951609,13.276120954887833,1
4242,8.1301813114636,13.300031830897368,1
4243,8.167498809177983,13.315182016167402,1
4244,8.143490563267596,13.269789803183466,1
4245,8.161221541281083,13.31360754399814,1
4246,8.189927464463787,13.296867778643648,1
4247,8.228210346108852,13.307405367020998,1
4248,8.181994753509118,13.288124170529677,1
4249,8.222082617746603,13.267001739420992,1
4250,8.197447065943384,13.26433805658297,1
4251,8.259316004692455,13.282115493721077,1
4252,8.28555317934704,13.27595490425729,1
4253,8.255514909361684,13.30385718652641,1
4254,8.240774212075264,13.294803136862926,1
4255,8.27940400265296,13.303925686733734,1
4256,8.336789101276372,13.302669957687582,1
4257,8.324983554761834,13.299856723932086,1
4258,8.293623487053956,13.304652057589998,1
4259,8.290925271126552,13.291574463070914,1
4260,8.333048505117452,13.268831103733145,1
4261,8.375514298212227,13.297234264633126,1
4262,8.390875954213762,13.293818723617767,1
4263,8.357203780226518,13.299734577098922,1
4264,8.346203507409157,13.27515906459419,1
4265,8.373547495886934,13.30221443476391,1
4266,8.418438101088919,13.271470167758437,1
4267,8.445177309373724,13.267071906062522,1
4268,8.435485885841109,13.281709995998357,1
4269,8.426078117118983,13.30341269865552,1
4270,8.457843528535193,13.27074780565131,1
4271,8.497404543545711,13.282269627677412,1
4272,8.499699044102814,13.288520048573332,1
4273,8.51908752713801,13.311018775453253,1
4274,8.526926070930221,13.282571894882851,1
4275,8.545044009675726,13.269872304350264,1
4276,8.5765749080105,13.269501851764907,1
4277,8.582317457333591,13.31008080792001,1
4278,8.60106766796551,13.295486656124227,1
4279,8.606904784432247,13.273453794111411,1
4280,8.590337770564986,13.295084059183845,1
4281,8.662381045488877,13.269270354924489,1
4282,8.66070464666937,13.302846292290956,1
4283,8.612933081128592,13.265856514298708,1
4284,8.640326256101961,13.266422286018047,1
4285,8.641661218600982,13.290883676117408,1
4286,8.67610759955427,13.273247952346866,1
4287,8.688476563385771,13.278913590761142,1
4288,8.666466089063057,13.277329035393862,1
4289,8.705112508873478,13.307844132726283,1
4290,8.678494828411587,13.265420531017678,1
4291,8.740692892205622,13.313434002518202,1
4292,8.720324336245179,13.275825129257111,1
4293,8.750603646262416,13.283354804326043,1
4294,8.799078814755484,13.264794837750944,1
4295,8.865109272384506,13.292959149448253,1
4296,8.907777121048913,13.28854041718552,1
4297,8.928610046575516,13.312056800363216,1
4298,8.922056728946213,13.292096585476274,1
4299,8.957433762548272,13.29635180604119,1
4300,8.980198312308111,13.29004518978366,1
4301,8.94001196843902,13.290481312564918,1
4302,9.034294382283914,13.271695442709815,1
4303,8.991534377078793,13.276714142219435,1
4304,9.015516022167926,13.302512855585807,1
4305,9.079559931571346,13.314971541771484,1
4306,9.03774227366591,13.296080292693022,1
4307,9.060105185154365,13.279084716173985,1
4308,9.116050895693213,13.282319329760988,1
4309,9.105167760472522,13.313717871864021,1
4310,9.13271356855238,13.272385988655447,1
4311,9.15629724502501,13.300548426347344,1
4312,9.154527651200635,13.303121254527968,1
4313,9.216819507439896,13.310299750101493,1
4314,9.234264146030743,13.302015742822192,1
4315,9.300537101731393,13.314774306120702,1
4316,9.255847683453712,13.297456694797903,1
4317,9.300015565911558,13.2881954408861,1
4318,9.336111395442684,13.262381274132968,1
4319,9.3482135233073,13.313345863947983,1
4320,9.343460105792088,13.274184576172336,1
4321,9.324063626453832,13.309440997109878,1
4322,9.359654552142716,13.272798627659688,1
4323,9.381477402372166,13.309439094468424,1
4324,9.367896275025926,13.265708700277,1
4325,9.399283053132107,13.266631508329818,1
4326,9.437639841647254,13.276240526866577,1
4327,9.428809475209823,13.308904868912911,1
4328,9.440620908524668,13.283272761496939,1
4329,9.42574910198752,13.282012889133258,1
4330,9.517360188709823,13.264369138206941,1
4331,9.481979454318013,13.29624989534647,1
4332,9.482307721205014,13.312577165819372,1
4333,9.567100907269342,13.315486308922775,1
4334,9.549747027526495,13.28458671377485,1
4335,9.594635639186071,13.272155501552401,1
4336,9.598828858920944,13.286711087038736,1
4337,9.63569674415919,13.313038636278579,1
4338,9.66148812556141,13.290144703863353,1
4339,9.687035615558347,13.286012309720698,1
4340,9.69533703719707,13.263953447425168,1
4341,9.746466509686037,13.30662086217945,1
4342,9.763363546273798,13.269711034487813,1
4343,9.760521024747167,13.301336390608698,1
4344,9.82116853405534,13.292819385773614,1
4345,9.83187070636544,13.306777691646955,1
4346,9.791610678707945,13.30965641999851,1
4347,9.889684970642994,13.290677177293956,1
4348,9.902289937112608,13.294698549707121,1
4349,9.91976883386623,13.31106726927161,1
4350,9.962991874593284,13.30382753585821,1
4351,9.956861727605942,13.277150248668466,1
4352,10.014712474593926,13.271779251515825,1
4353,10.015396467176455,13.300554296236907,1
4354,10.022639196476183,13.312738161472602,1
4355,10.095113365294338,13.304427639712749,1
4356,10.090460746504538,13.297223199960792,1
4357,10.102819798992142,13.2673941003209,1
4358,10.063334942087957,13.280325399855743,1
4359,10.108917495132003,13.273627009930571,1
4360,10.144756493195695,13.307073390648101,1
4361,10.158240683796523,13.307623505061605,1
4362,10.17502072556963,13.299735458477356,1
4363,10.161808654351717,13.29896890040199,1
4364,10.172235552347889,13.297725428057685,1
4365,10.206524033199232,13.310952157734125,1
4366,10.250043893542076,13.29282154290499,1
4367,10.26311360017193,13.310532401067503,1
4368,10.25921757605265,13.27913103331684,1
4369,10.219181901108021,13.314095789089746,1
4370,10.264829612968574,13.283906719933182,1
4371,10.27401320205335,13.297480187652964,1
4372,10.287628520753257,13.285400492559516,1
4373,10.305447123362931,13.297255469727094,1
4374,10.275101483032623,13.312857489956967,1
4375,10.303759489131675,13.289739338060468,1
4376,10.332886608330682,13.308098368384343,1
4377,10.34884456062401,13.265650305956912,1
4378,10.338804035518002,13.30465542163039,1
4379,10.368736046911078,13.286639325129498,1
4380,10.355795579193124,13.277395100964927,1
4381,10.392767041808604,13.27069151232989,1
4382,10.385457692562515,13.286347990887156,1
4383,10.447246523521658,13.270555947849463,1
4384,10.505696626751995,13.296261294658512,1
4385,10.514295993390775,13.308714283790096,1
4386,10.548713831813792,13.303067294747834,1
4387,10.54817632218761,13.283052584046644,1
4388,10.558308018995385,13.282269307312847,1
4389,10.603962337438459,13.270677523002163,1
4390,10.596278112509458,13.27492625495315,1
4391,10.622510678516903,13.294264655658298,1
4392,10.650588502096937,13.287829768651054,1
4393,10.6718458182145,13.29165545240676,1
4394,10.660579010883263,13.26832234122398,1
4395,10.730096612935679,13.267551325753027,1
4396,10.7413400093917,13.284549975568444,1
4397,10.696443216782043,13.300018479352227,1
4398,10.754101290636852,13.282842273040094,1
4399,10.764851591630588,13.291135545960971,1
4400,10.764012152565504,13.27658992014634,1
4401,10.812236149992975,13.30675394975157,1
4402,10.837246612598674,13.296383448170907,1
4403,10.890329008133728,13.313063398255744,1
4404,10.894318231186212,13.276655863900361,1
4405,10.961794324998078,13.292833685482112,1
4406,11.001894613825767,13.302202142873934,1
4407,11.033376177269,13.281969783102015,1
4408,11.094639947378944,13.305934361215742,1
4409,11.168813989919402,13.303575495813348,1
4410,11.18960011376738,13.311682993564522,1
4411,11.273253975411258,13.274965141531775,1
4412,11.316758669032257,13.279139348336349,1
4413,11.359561078997269,13.283394681750375,1
4414,11.435427602537176,13.275882808280398,1
4415,11.397065147662374,13.294753403659065,1
4416,11.434303721649014,13.280124476179639,1
4417,11.477087363804312,13.278772133565214,1
4418,11.493358759014745,13.272098641920321,1
4419,11.462353919207217,13.29355255087668,1
4420,11.545650903420302,13.288468575364252,1
4421,11.541785606725929,13.278765507852933,1
4422,11.542092777060153,13.301873900442382,1
4423,11.593362345041449,13.282838171907452,1
4424,11.564246501766382,13.291308244353386,1
4425,11.655288719840666,13.290977935674027,1
4426,11.640283879520739,13.302079127204083,1
4427,11.709529880629177,13.281448067895738,1
4428,11.7111794018747,13.280723363123073,1
4429,11.75997842549482,13.29832908307324,1
4430,11.756556570850872,13.272413940006274,1
4431,11.768782757763677,13.264091286122659,1
4432,11.800453848265882,13.296178457355035,1
4433,11.766016447690747,13.307143276025794,1
4434,11.834863805852482,13.308022730971052,1
4435,11.869623953116744,13.30086919088806,1
4436,11.84709416767276,13.294734247773798,1
4437,11.896926982535742,13.265879402706627,1
4438,11.916650760626753,13.26487625336503,1
4439,11.935480731649822,13.313734846258653,1
4440,11.976434517115717,13.264034365577688,1
4441,11.94077192892777,13.282611521256236,1
4442,8.006941211846584,13.31777422454947,1
4443,8.017861618598753,13.356041523111216,1
4444,8.033839699260081,13.330019440440074,1
4445,8.041353378879222,13.326382947330305,1
4446,8.050709904885256,13.316021579965335,1
4447,8.04957721212701,13.334412717986954,1
4448,8.036944739984737,13.335712064214531,1
4449,8.096488095961462,13.31802311844255,1
4450,8.086555166982704,13.36352250418369,1
4451,8.08588958911033,13.350063073810041,1
4452,8.088613341781285,13.365762381232019,1
4453,8.145742585607733,13.316349107205655,1
4454,8.152782250166707,13.349701825073728,1
4455,8.14033049262781,13.351357827704371,1
4456,8.218325617292557,13.368586306696763,1
4457,8.211739542925327,13.319415939797999,1
4458,8.182667210905235,13.316210582777755,1
4459,8.286469547777218,13.361017270095823,1
4460,8.245333772845507,13.362499668118854,1
4461,8.244105774023307,13.360275335207433,1
4462,8.247423394878632,13.316999628298804,1
4463,8.30001194251578,13.316867300805892,1
4464,8.338178382790172,13.35349565338501,1
4465,8.310661180896737,13.355423938875642,1
4466,8.292196702978586,13.318813552800627,1
4467,8.358026239663578,13.330036202928335,1
4468,8.366819722375393,13.319875476051598,1
4469,8.358031466346096,13.316259900066537,1
4470,8.370966964364724,13.330357225087909,1
4471,8.392142934898066,13.317908730506183,1
4472,8.446531769396922,13.33003844278519,1
4473,8.44730349538561,13.329375520382875,1
4474,8.403588981547845,13.360570174031654,1
4475,8.440349744292758,13.354981346604493,1
4476,8.467807162176648,13.342987722649847,1
4477,8.483009293434659,13.354961971590765,1
4478,8.470513297788113,13.343100536161524,1
4479,8.54248808726386,13.336262002472504,1
4480,8.542619180228549,13.347721912042838,1
4481,8.51938341018364,13.349825825372102,1
4482,8.519994684182254,13.340182527673866,1
4483,8.587653985326892,13.335927056036438,1
4484,8.564486872316644,13.320180983720928,1
4485,8.603264215011798,13.338648465921876,1
4486,8.557608303694826,13.338870861900837,1
4487,8.576059713145689,13.327281597659518,1
4488,8.626880011685255,13.3581990771041,1
4489,8.626410585309943,13.3430442427245,1
4490,8.660013752029673,13.324597837772865,1
4491,8.649318043287742,13.332459470323823,1
4492,8.649077431221956,13.350431187745125,1
4493,8.693818445129404,13.332169709044736,1
4494,8.668443279135744,13.321595237526996,1
4495,8.68112307479012,13.323022954109605,1
4496,8.696699182273766,13.344328477497113,1
4497,8.713551735383732,13.354701826902472,1
4498,8.735885686809844,13.335409887947113,1
4499,8.747122387541568,13.365675242214401,1
4500,8.763220203805494,13.330127760209669,1
4501,8.726387242406965,13.329268632785103,1
4502,8.775943322894987,13.359716873174188,1
4503,8.836150935489673,13.355666961186833,1
4504,8.85260104864498,13.319182989206722,1
4505,8.878828920161956,13.316264013004844,1
4506,8.889302932560765,13.317931493598206,1
4507,8.878512894214273,13.36642480007053,1
4508,8.95843562119716,13.321553494651145,1
4509,8.978400191321606,13.320858988216244,1
4510,8.932880355904821,13.32879579632736,1
4511,9.035909493813927,13.359477970599368,1
4512,8.99963793307576,13.337491582409283,1
4513,8.994156260294146,13.317898305138026,1
4514,9.054271402799884,13.350110463662203,1
4515,9.07903677517517,13.33113393018658,1
4516,9.07958270710589,13.333712171933147,1
4517,9.124101173662075,13.32001848801654,1
4518,9.104681882733246,13.355524977887429,1
4519,9.163224691681684,13.332823659978672,1
4520,9.168929265189808,13.317174015611595,1
4521,9.209157191330494,13.322380641388941,1
4522,9.212241292929468,13.35539936686725,1
4523,9.258761404419179,13.367416453336443,1
4524,9.30446786086483,13.329325147315807,1
4525,9.256718061005188,13.360967097106899,1
4526,9.262092786302825,13.339759916970277,1
4527,9.321942581343105,13.319122170879417,1
4528,9.310598470879581,13.335085700554469,1
4529,9.31413788184506,13.319292922981958,1
4530,9.340932089611703,13.350344778123944,1
4531,9.37669724691314,13.33114568396314,1
4532,9.400970286557891,13.3313222738346,1
4533,9.36229277244744,13.348379274400965,1
4534,9.372863191988477,13.318791087130837,1
4535,9.46506909828085,13.315692539485672,1
4536,9.452771496867546,13.338600255982188,1
4537,9.414546967710162,13.318275582753701,1
4538,9.43281661162791,13.366423158259764,1
4539,9.517258388462,13.367337599672338,1
4540,9.476365457176612,13.36108203351682,1
4541,9.51084081446689,13.3620904824542,1
4542,9.530085286720263,13.334804126290987,1
4543,9.55450603187364,13.322956533546682,1
4544,9.602627044297744,13.317136787739,1
4545,9.578320191611715,13.325542936788015,1
4546,9.634877724627712,13.36429296348742,1
4547,9.648060109445922,13.349814110896736,1
4548,9.677111394258878,13.361088813876599,1
4549,9.689188345037424,13.343307586869612,1
4550,9.73086872264722,13.361529510560247,1
4551,9.681149813894981,13.35376744306568,1
4552,9.681435357607269,13.350806977477179,1
4553,9.75204641818903,13.35605562090573,1
4554,9.778168807465166,13.361926368092483,1
4555,9.732729963526408,13.339729959341275,1
4556,9.790437995835024,13.36685171062446,1
4557,9.78928614467593,13.31580245935552,1
4558,9.852378167196601,13.327826182793702,1
4559,9.905071713557701,13.350419302757658,1
4560,9.910582239332648,13.337783142454494,1
4561,9.944708516234186,13.341745350899417,1
4562,9.990004360279649,13.315942949479927,1
4563,9.95856427572164,13.349456584331636,1
4564,9.980831043152175,13.34217885696371,1
4565,9.964468255018323,13.316199284647311,1
4566,10.019261950808664,13.336323373993933,1
4567,10.015627063122011,13.328988904040838,1
4568,10.018768841495573,13.35021450518765,1
4569,10.016346177161546,13.344650723887638,1
4570,10.056858203820761,13.336290157248072,1
4571,10.07497105474281,13.343481409953284,1
4572,10.075233829982723,13.326433266216327,1
4573,10.10175901412789,13.334503917761893,1
4574,10.15103182350361,13.315704471956167,1
4575,10.129001439254488,13.36097200934467,1
4576,10.14979458826457,13.350775861925873,1
4577,10.187919733850036,13.34551194029261,1
4578,10.195248057539612,13.35718157198841,1
4579,10.16152123960717,13.333456958649117,1
4580,10.204848029276972,13.35837095560852,1
4581,10.16827858004863,13.357101980571482,1
4582,10.24356444410764,13.330071858165374,1
4583,10.246396546612988,13.32994017809378,1
4584,10.24881977637284,13.363245030204316,1
4585,10.243794752022893,13.326590664031075,1
4586,10.215329948610078,13.352266421301398,1
4587,10.236983491816742,13.349913244619486,1
4588,10.313319081981364,13.345780176320996,1
4589,10.27392154826108,13.330320373408108,1
4590,10.280355632753801,13.353059384559907,1
4591,10.279856484470441,13.321394839903212,1
4592,10.296165193617057,13.35838901920737,1
4593,10.31567925099326,13.347889432611113,1
4594,10.351526646895518,13.327003535681104,1
4595,10.351690329186978,13.325601430485927,1
4596,10.343230648607666,13.358385053450696,1
4597,10.326966627215354,13.327990915620283,1
4598,10.347498710056279,13.340555635349222,1
4599,10.347583614762422,13.326829504402841,1
4600,10.412750263591793,13.332444571657899,1
4601,10.418159904845371,13.32653120371099,1
4602,10.383748251086468,13.32147745596617,1
4603,10.462906194091268,13.368548259441186,1
4604,10.503654361577215,13.352297385415199,1
4605,10.496183543661816,13.362370083795762,1
4606,10.487830328527297,13.321902682047897,1
4607,10.568920773275744,13.324137130119508,1
4608,10.568675447109483,13.355061505608202,1
4609,10.555357708236107,13.316989304647837,1
4610,10.573398243382542,13.343451622755447,1
4611,10.61338022636521,13.352192352053397,1
4612,10.607112227332022,13.36060364357545,1
4613,10.620549259198263,13.316074264140509,1
4614,10.629347670412551,13.331843206746054,1
4615,10.64342911098753,13.368054486879016,1
4616,10.663135457095125,13.344234712021946,1
4617,10.684639745785145,13.362366893675091,1
4618,10.662010418034921,13.347430702914554,1
4619,10.660001595457882,13.316065393888922,1
4620,10.711325236672062,13.340368097780527,1
4621,10.730510546599112,13.344418202724423,1
4622,10.706286323185749,13.359033672022811,1
4623,10.746587470598168,13.317417902449805,1
4624,10.711731152396336,13.358180196706792,1
4625,10.795739912094808,13.363180339220477,1
4626,10.781618902271104,13.337631561676986,1
4627,10.784389996057836,13.329438403738193,1
4628,10.758651501886783,13.352180950171627,1
4629,10.817255799828262,13.32736802416086,1
4630,10.831284286581463,13.3218730531094,1
4631,10.878416571749977,13.354690363019468,1
4632,10.863401267030294,13.356086319304389,1
4633,10.92990641173707,13.347303691424083,1
4634,10.958802061070013,13.33405741293555,1
4635,11.014691118881938,13.352719127121272,1
4636,11.003252982003305,13.365672209901595,1
4637,11.008293333739543,13.342648729834526,1
4638,11.057276778669106,13.321133724284582,1
4639,11.047839473588457,13.318113731079425,1
4640,11.018686612740437,13.316202598460062,1
4641,11.083217137778682,13.347662403343096,1
4642,11.09932806785783,13.358523126065114,1
4643,11.12589344841604,13.317427714398733,1
4644,11.143374174619582,13.338236587663774,1
4645,11.200951374922386,13.362346916894717,1
4646,11.21526476966678,13.366789290137845,1
4647,11.270256100116004,13.362202223713583,1
4648,11.268799780924454,13.32261655975903,1
4649,11.299248486075898,13.350362117179257,1
4650,11.291396023611945,13.353497438054434,1
4651,11.356299529022772,13.325282606646207,1
4652,11.37693678394896,13.365006172833075,1
4653,11.396954588919616,13.330887781645412,1
4654,11.44020990636259,13.346250829518915,1
4655,11.427894582475759,13.341426259825855,1
4656,11.457224413258306,13.357809009113474,1
4657,11.449207264746647,13.33309751504764,1
4658,11.459339350285214,13.344422351047728,1
4659,11.454090984206731,13.357233278518196,1
4660,11.53982550560509,13.328568464877755,1
4661,11.544853559743968,13.336595947191586,1
4662,11.499984242586713,13.339774319476692,1
4663,11.585128290993728,13.354300575126208,1
4664,11.566679341738244,13.366461166677597,1
4665,11.641904822410487,13.338256967717077,1
4666,11.625821724086522,13.342594368410698,1
4667,11.691511741434002,13.331401193815763,1
4668,11.692165118049466,13.35357373587948,1
4669,11.743235805153487,13.323758457581194,1
4670,11.746987596532946,13.341995264489698,1
4671,11.769355760833784,13.367320061503627,1
4672,11.809524061714676,13.343374402015996,1
4673,11.824675546637621,13.35705674072257,1
4674,11.86168688232043,13.342564156709198,1
4675,11.850965457900422,13.337750641766183,1
4676,11.878784618229862,13.319179252344124,1
4677,11.89746414775806,13.32568611664014,1
4678,11.895480117919053,13.34073309495894,1
4679,11.944753607012114,13.326612529141052,1
4680,11.934588453352823,13.323408120912035,1
4681,11.95190907199988,13.3517500801631,1
4682,11.987291692251025,13.344390704352667,1
4683,8.01356168896938,13.38137654039006,1
4684,8.019284957972664,13.414531577177074,1
4685,8.00086306164001,13.411470845224985,1
4686,8.073491841752755,13.387351985868435,1
4687,8.039854545413121,13.407909407961725,1
4688,8.044747330229686,13.385227694590718,1
4689,8.051164014822195,13.407184859883888,1
4690,8.045630898361546,13.389442653515145,1
4691,8.105693872255035,13.39290060639176,1
4692,8.077504944675061,13.36994832144519,1
4693,8.114485819510774,13.39331100844679,1
4694,8.096043280834188,13.402453957851597,1
4695,8.173917333101784,13.3841028164741,1
4696,8.155680833868232,13.399150496363669,1
4697,8.200944843970998,13.37372103103007,1
4698,8.207479665767742,13.405461112931324,1
4699,8.223022209645675,13.401638612655757,1
4700,8.239211138262272,13.409530078536594,1
4701,8.251673335857198,13.371989297429879,1
4702,8.251418304332873,13.369788246030074,1
4703,8.236453112625133,13.419120849133263,1
4704,8.338955586198601,13.410184344923586,1
4705,8.330614765900988,13.39652851903421,1
4706,8.335801899976774,13.419813816146451,1
4707,8.289324479998804,13.384620085851198,1
4708,8.348050115567332,13.380631908427985,1
4709,8.373581064379147,13.420094110375592,1
4710,8.376430049417865,13.371107985602375,1
4711,8.345841156745509,13.420275277888134,1
4712,8.416005409117023,13.404132740845043,1
4713,8.408174552960757,13.369699758629352,1
4714,8.419702958387292,13.385972625592055,1
4715,8.451412352397377,13.412857595414273,1
4716,8.488425784421239,13.383663128406786,1
4717,8.458700581614375,13.409761071321185,1
4718,8.539619339728636,13.420935749071791,1
4719,8.520313300277175,13.379058258204518,1
4720,8.513705570684737,13.421211996124107,1
4721,8.528302775256561,13.393077250535178,1
4722,8.593110584656298,13.393399357139247,1
4723,8.59933444499393,13.418565589288306,1
4724,8.606498638557515,13.373504722230326,1
4725,8.57818222788532,13.381645316017735,1
4726,8.572620309140657,13.411316438353541,1
4727,8.617667389659946,13.382832456459369,1
4728,8.633395104055362,13.419863447268913,1
4729,8.66125405754104,13.369954528578155,1
4730,8.647256336193347,13.3720622593733,1
4731,8.659114315948008,13.377057430592298,1
4732,8.710110593870708,13.373144997071018,1
4733,8.71332532346056,13.39239239872469,1
4734,8.672023168646417,13.38274476292478,1
4735,8.680073179555993,13.379802868217208,1
4736,8.664075368376071,13.376199043568468,1
4737,8.72217798008111,13.3834746093408,1
4738,8.739342302982546,13.381948816082733,1
4739,8.740660335187874,13.39261567562444,1
4740,8.720425221224739,13.408280522709767,1
4741,8.732941824590966,13.417636960385284,1
4742,8.797437036629113,13.413706023001849,1
4743,8.801005320342547,13.40097255160705,1
4744,8.857226751616356,13.393078772707693,1
4745,8.825620354239003,13.376294786575086,1
4746,8.858871891612095,13.396962431670596,1
4747,8.891808362165229,13.409310090737478,1
4748,8.89728791539965,13.420266262617107,1
4749,8.888287633794773,13.379789707968413,1
4750,8.882578043100882,13.373882609798926,1
4751,8.969531287542463,13.378180705526342,1
4752,8.956442757954678,13.387649631760231,1
4753,8.965791746566072,13.413371329145196,1
4754,8.946332828466884,13.38023348880659,1
4755,9.012981700598639,13.396996063236198,1
4756,8.988799562206268,13.390901434877932,1
4757,9.000109461955079,13.372914398099377,1
4758,9.054629564736382,13.395478089921827,1
4759,9.061556514858472,13.374846331577217,1
4760,9.0876195040474,13.372080205859424,1
4761,9.13040075905985,13.374923245974127,1
4762,9.13656656467828,13.414507708725031,1
4763,9.161354734454315,13.369685330098175,1
4764,9.194179928094586,13.390768003261481,1
4765,9.24776507694548,13.381856815124497,1
4766,9.208251478678022,13.386939120536445,1
4767,9.221782199308109,13.39017298808886,1
4768,9.30224067859663,13.383538460546232,1
4769,9.297718917260699,13.400007757197516,1
4770,9.263610026240555,13.405704033768997,1
4771,9.273784707579315,13.420022737193943,1
4772,9.332820066343938,13.381580587451122,1
4773,9.352509493922028,13.419197577878226,1
4774,9.308787209733183,13.374231452481144,1
4775,9.306090997408129,13.40005138791099,1
4776,9.391334687721752,13.407650059234948,1
4777,9.378114858281556,13.38609586038182,1
4778,9.393579007039055,13.383944743699788,1
4779,9.426805949841444,13.373951819004605,1
4780,9.444350621581323,13.41843103701868,1
4781,9.485481882778334,13.393805051567883,1
4782,9.512002231373447,13.398468297883571,1
4783,9.512685044537543,13.396582841484216,1
4784,9.557926978017992,13.38229504928099,1
4785,9.548013329050018,13.370601178990292,1
4786,9.535679374143225,13.38793284726985,1
4787,9.618016329801298,13.401255755983415,1
4788,9.580655028506817,13.374980529319881,1
4789,9.616656420761085,13.37865973286923,1
4790,9.629001969646287,13.415215697242296,1
4791,9.64921792617078,13.396015151398919,1
4792,9.671934080661222,13.404153450470025,1
4793,9.724797128210776,13.385836058340953,1
4794,9.705704142184167,13.41438704771698,1
4795,9.7285452668007,13.381138741585803,1
4796,9.737105566435407,13.410115842292651,1
4797,9.760193658028804,13.40812437904619,1
4798,9.789847725604261,13.369151725624796,1
4799,9.882239721004805,13.395631314954285,1
4800,9.888130207819627,13.370272163194443,1
4801,9.885742163469155,13.416745139139033,1
4802,9.914321185664027,13.400872531445584,1
4803,9.943428096030901,13.407813780982131,1
4804,9.914819734622538,13.40488558391527,1
4805,9.946197851290224,13.40472625138334,1
4806,9.957700014259458,13.369922096008159,1
4807,9.971270665696222,13.421583218056869,1
4808,9.965318702560007,13.392044704709072,1
4809,9.959765838175635,13.412451687213675,1
4810,10.002242912065311,13.408800431290022,1
4811,10.0167088054538,13.389804807342516,1
4812,10.033341094123676,13.393540174608892,1
4813,10.049442201589885,13.391613168432771,1
4814,10.091590492413086,13.415683570778839,1
4815,10.090365998110203,13.408382243481025,1
4816,10.080589193110072,13.388058783158712,1
4817,10.137947978713804,13.422438939930268,1
4818,10.123087398961406,13.403044328789507,1
4819,10.153798592326453,13.389939944718423,1
4820,10.15403834236586,13.414989238533586,1
4821,10.191719066363767,13.398990589977966,1
4822,10.210908405231818,13.380373032928519,1
4823,10.169638350992136,13.38847186061703,1
4824,10.187070058036959,13.401532346673294,1
4825,10.175501058546233,13.382679393315321,1
4826,10.252807293670806,13.39030157139531,1
4827,10.242891770848782,13.374211389998443,1
4828,10.252597064828107,13.414130226858722,1
4829,10.230722755222375,13.369230002831824,1
4830,10.23386876059329,13.381685539146847,1
4831,10.295962566769784,13.405921507329236,1
4832,10.294648399432981,13.409713112162075,1
4833,10.307576316563004,13.397121938439621,1
4834,10.303002257919692,13.377025330681198,1
4835,10.287175093675671,13.382464834880077,1
4836,10.325063242631163,13.39961401871332,1
4837,10.364566101550052,13.393897409994693,1
4838,10.361799255912185,13.419728883044357,1
4839,10.32111268329002,13.397662599862686,1
4840,10.35800754301014,13.39917103480058,1
4841,10.336433104209934,13.39560164499684,1
4842,10.420716164124668,13.408164174059351,1
4843,10.410259832031045,13.396433554551953,1
4844,10.379346108677822,13.37726857810573,1
4845,10.385108160560547,13.394027214982977,1
4846,10.426123361846965,13.36975915228549,1
4847,10.436746041537592,13.393357004576965,1
4848,10.485022423405804,13.41259909655179,1
4849,10.487257024462167,13.403425872400163,1
4850,10.494326024576068,13.385791748553865,1
4851,10.537049811995606,13.37785092447129,1
4852,10.56367756874018,13.408498668896579,1
4853,10.540152219212187,13.406743105350937,1
4854,10.584159661408854,13.37606327534055,1
4855,10.593079351442714,13.392049513370434,1
4856,10.603762640354542,13.401347340480642,1
4857,10.61688167755795,13.40826092157841,1
4858,10.611246472172972,13.395301505933372,1
4859,10.624190215864514,13.406414681015054,1
4860,10.676716417965789,13.37773524058456,1
4861,10.673405408154773,13.405433562413506,1
4862,10.682326766068316,13.41928548919209,1
4863,10.668465238516454,13.411143396086075,1
4864,10.682865698715924,13.407983295551107,1
4865,10.658600399485262,13.404234593002428,1
4866,10.740427445369678,13.389360261863672,1
4867,10.744196116130963,13.383228143147361,1
4868,10.744588137696365,13.420388294485837,1
4869,10.738467461931068,13.412846666579298,1
4870,10.699777464842825,13.41829397397306,1
4871,10.776941470763955,13.376292690915276,1
4872,10.753900664049977,13.414491208745305,1
4873,10.792946341795988,13.412697499494795,1
4874,10.802782344386422,13.375510863454704,1
4875,10.8287806681087,13.413875819180499,1
4876,10.838265035330032,13.399300492729322,1
4877,10.881189810398986,13.399647585654291,1
4878,10.878415316995795,13.37662865262224,1
4879,10.888833463660031,13.410024827842896,1
4880,10.91725661284994,13.384951570192392,1
4881,10.912821891490127,13.389490963311598,1
4882,10.967834526780727,13.409880164628017,1
4883,10.963518026002735,13.38928647683168,1
4884,10.974897305814258,13.375076722248524,1
4885,11.057744730801167,13.415039944697657,1
4886,11.066969848636612,13.417494585102023,1
4887,11.021824199595594,13.382406272762097,1
4888,11.016202220873542,13.371568143329151,1
4889,11.120863050037169,13.371628212913304,1
4890,11.09303515715173,13.41490198906531,1
4891,11.102101662046866,13.371834540315492,1
4892,11.10981604453524,13.386828210216857,1
4893,11.170963658702172,13.407881447753327,1
4894,11.12360328791495,13.39915710508769,1
4895,11.150279056174458,13.412392676586437,1
4896,11.180714457225736,13.406499649865488,1
4897,11.208642167135183,13.3835054022207,1
4898,11.185992204949228,13.383095915887225,1
4899,11.230804523391244,13.378584668842786,1
4900,11.282434170542281,13.399943415276988,1
4901,11.247400328416543,13.398000925081028,1
4902,11.318390462669818,13.398919839461806,1
4903,11.291367476741332,13.371316121815218,1
4904,11.288878859127799,13.390264855074797,1
4905,11.353645611353906,13.41985458295781,1
4906,11.35483779467855,13.402295749126905,1
4907,11.426215241023243,13.381097891409398,1
4908,11.415863149412695,13.378230758901688,1
4909,11.433197490337157,13.380650024278825,1
4910,11.49319481206739,13.414373084088329,1
4911,11.449417353670515,13.385311270935617,1
4912,11.481497999247695,13.387561555255532,1
4913,11.512617575387331,13.377803101678781,1
4914,11.528497831043365,13.39457253682578,1
4915,11.557375788566675,13.38853275047814,1
4916,11.627826817235482,13.382532807922175,1
4917,11.652323348464918,13.41018861222926,1
4918,11.66123486405405,13.379160529222448,1
4919,11.693735098756283,13.396872866379816,1
4920,11.763678246407522,13.410725930878295,1
4921,11.758965999347604,13.377794453294259,1
4922,11.78572709135272,13.382218193425048,1
4923,11.789109704349386,13.406064857869394,1
4924,11.832786122597442,13.416453568410565,1
4925,11.84558149683454,13.370869762714024,1
4926,11.877611675615979,13.372281265471141,1
4927,11.901136615334739,13.41870300414639,1
4928,11.903666545081995,13.38090440152919,1
4929,11.932940405810664,13.385846577975729,1
4930,11.964088517644857,13.406132809036576,1
4931,8.002870099251341,13.428988463310152,1
4932,8.014781322595221,13.44280370772643,1
4933,8.037031207440364,13.467417206430376,1
4934,8.055255772447053,13.454370507809733,1
4935,8.048096597663974,13.448786711507854,1
4936,8.045770168290403,13.459525940927257,1
4937,8.032618313839532,13.46159071933559,1
4938,8.10318862677805,13.464692056851087,1
4939,8.10552470019984,13.445271268950593,1
4940,8.0888771166582,13.469600947920409,1
4941,8.158355130890477,13.431439616076053,1
4942,8.153406451264807,13.470484402956398,1
4943,8.181155046409021,13.450315083410983,1
4944,8.181948464768485,13.436262858750807,1
4945,8.220181402828171,13.43352895434129,1
4946,8.194400116185113,13.432874716981566,1
4947,8.236932909668305,13.471970844135518,1
4948,8.251496769221282,13.439055389334333,1
4949,8.271698487215994,13.443560049361132,1
4950,8.26955872636817,13.445783029594349,1
4951,8.307768253162992,13.424597106614039,1
4952,8.334370847551376,13.467862017863283,1
4953,8.310832139013199,13.447467164658347,1
4954,8.309635697164465,13.439703449749677,1
4955,8.3751161555339,13.4226160408242,1
4956,8.366244458856062,13.428145109408542,1
4957,8.382430784530534,13.439526094887492,1
4958,8.389520256258818,13.428786183752882,1
4959,8.406591899952508,13.436017325515305,1
4960,8.43835872369843,13.466552934934377,1
4961,8.42944383418245,13.458356246043817,1
4962,8.459891391087622,13.472940304503707,1
4963,8.481117723156816,13.4459384468993,1
4964,8.487573900330922,13.464806704946703,1
4965,8.488843743060015,13.46838787374979,1
4966,8.541048946434154,13.43012479251431,1
4967,8.536579408727672,13.43990582086069,1
4968,8.549884516513728,13.44704252073749,1
4969,8.527716533516191,13.471166050642191,1
4970,8.5387293522317,13.443225262203942,1
4971,8.605861561916562,13.449682645013336,1
4972,8.556643220142222,13.475485026260147,1
4973,8.601580294941128,13.4747419889989,1
4974,8.578538358690247,13.467746617867354,1
4975,8.557660338245967,13.46089501742568,1
4976,8.576172748028545,13.456778737905092,1
4977,8.658487947440705,13.464593642583969,1
4978,8.63203788785237,13.46623990122928,1
4979,8.63320424250609,13.44994931492706,1
4980,8.624295613109554,13.424386415231783,1
4981,8.622402925136198,13.450730606991735,1
4982,8.680944876436428,13.450973875882745,1
4983,8.714001939874578,13.449923517074739,1
4984,8.683439034516082,13.450699571871631,1
4985,8.70863373399352,13.46975623561337,1
4986,8.691021911891255,13.456673070420244,1
4987,8.7354421258759,13.459214129685591,1
4988,8.759280469858792,13.422867235647756,1
4989,8.763820936165233,13.444040967879733,1
4990,8.767188405798905,13.422793296298018,1
4991,8.820316298272031,13.433124760802583,1
4992,8.861360635390588,13.435051497643057,1
4993,8.874826935243252,13.473749843893891,1
4994,8.864577262682765,13.426338876495377,1
4995,8.889732058899506,13.471009680182533,1
4996,8.90016074727234,13.422772892329014,1
4997,8.878833656515532,13.440250644700596,1
4998,8.905919449604513,13.473375303715,1
4999,8.98141405620203,13.464561753924933,1
5000,8.967338695819482,13.45024437906542,1
5001,8.980627767997179,13.42867488472329,1
5002,9.024096558036337,13.423619762047444,1
5003,9.015952909708231,13.447675902411012,1
5004,9.084274309040692,13.45550522616201,1
5005,9.047512688394916,13.458704272448507,1
5006,9.091770682759188,13.455929899979495,1
5007,9.107194005647928,13.44086917169488,1
5008,9.19064184791594,13.473332161651863,1
5009,9.196590113840134,13.454322863055454,1
5010,9.222656211211865,13.432628485463706,1
5011,9.24522603430534,13.429651101868481,1
5012,9.198884581503348,13.465816904376592,1
5013,9.260701501775909,13.47193646325206,1
5014,9.292045031192831,13.439535311713376,1
5015,9.26278132676805,13.467308930342448,1
5016,9.325223032187948,13.454775570976274,1
5017,9.306467216887084,13.472384257935532,1
5018,9.347758443870433,13.443432817114155,1
5019,9.309386057395868,13.447821023907759,1
5020,9.367596876594813,13.46911182254901,1
5021,9.381866895557486,13.445113726006406,1
5022,9.394582849528787,13.42338560175605,1
5023,9.43802400974438,13.465469191952387,1
5024,9.41950067722252,13.46369377857343,1
5025,9.48086986034171,13.443564633247053,1
5026,9.500954335301126,13.44360165869561,1
5027,9.515636680639142,13.423290489794704,1
5028,9.5315282920157,13.456274270255971,1
5029,9.548594561282595,13.47216397304915,1
5030,9.56324938886173,13.470389458999362,1
5031,9.610521635670924,13.450240706016128,1
5032,9.621649437516703,13.468435519008985,1
5033,9.627094505635858,13.457261821347107,1
5034,9.677253552124736,13.44162979827913,1
5035,9.710858375090847,13.460888331128643,1
5036,9.720472184507033,13.47373832463444,1
5037,9.77806761177129,13.446752650769566,1
5038,9.792192966567054,13.461934603732635,1
5039,9.794498333403768,13.454349995486258,1
5040,9.849202893125033,13.439522019008955,1
5041,9.840199557640233,13.460061944250635,1
5042,9.85572631975659,13.466964517682515,1
5043,9.876574144832814,13.43704999233671,1
5044,9.932348735511805,13.429084532360399,1
5045,9.921879289498653,13.432413501609547,1
5046,9.918931618361913,13.446031460479201,1
5047,9.91257661186582,13.456757438967369,1
5048,9.980520974895406,13.47071242195968,1
5049,9.997100038431107,13.450003934509791,1
5050,9.968452557665303,13.449303817187683,1
5051,9.949810139380146,13.449308632628739,1
5052,10.051969485813085,13.446339322980911,1
5053,10.01481050866609,13.457808562644702,1
5054,10.004756930008748,13.467756710525348,1
5055,10.085608748014625,13.467701168368626,1
5056,10.060167527660354,13.425513007470395,1
5057,10.14850017742758,13.430012984341186,1
5058,10.148364063670035,13.46841692680653,1
5059,10.109375035230094,13.47589088714498,1
5060,10.157759222267222,13.47266697794653,1
5061,10.189614292154946,13.454897598189712,1
5062,10.195434717027142,13.46756876655291,1
5063,10.17874165303843,13.460195290532566,1
5064,10.170122229069317,13.444329120163061,1
5065,10.204222105519808,13.45926464504545,1
5066,10.199398769510747,13.429248075077417,1
5067,10.218138587376497,13.435719002062541,1
5068,10.26190262653859,13.451086238892774,1
5069,10.231020487459196,13.429666958368879,1
5070,10.225739490945717,13.427016808023536,1
5071,10.217344535939292,13.46522702658332,1
5072,10.236639746260925,13.462293435534768,1
5073,10.283498727233537,13.441232165254423,1
5074,10.315296943395303,13.426652047087442,1
5075,10.313398267104835,13.442662100833932,1
5076,10.320572583869934,13.442576688558498,1
5077,10.270327274718857,13.431111985898783,1
5078,10.33109544721837,13.47142731575111,1
5079,10.335259482465245,13.475170521047207,1
5080,10.334820794270458,13.425814299220875,1
5081,10.341999592669453,13.423621518988288,1
5082,10.361903355710444,13.430339502611705,1
5083,10.382849319288237,13.44901957572874,1
5084,10.421126163728108,13.438613224381005,1
5085,10.385528112975017,13.441433904630625,1
5086,10.380394989063898,13.454185238557129,1
5087,10.409149522641396,13.434135832561713,1
5088,10.442404579029153,13.42570798073034,1
5089,10.47542201800019,13.431230568011674,1
5090,10.516596955109112,13.448576962326085,1
5091,10.49453911399849,13.444988198930384,1
5092,10.574165404484285,13.428556809007265,1
5093,10.580082614595295,13.425894363634653,1
5094,10.579602039755812,13.44541459387293,1
5095,10.564389105042702,13.429243815664492,1
5096,10.637942765000139,13.432602111992932,1
5097,10.603453079815107,13.44165952845945,1
5098,10.615329900334418,13.439477308130005,1
5099,10.597803695663991,13.468372343290833,1
5100,10.599036611665841,13.447986910788735,1
5101,10.648503265840112,13.445224943581241,1
5102,10.684227693564926,13.444773138102835,1
5103,10.672248496142155,13.468616193393041,1
5104,10.68876801204818,13.437326846889599,1
5105,10.6860780582794,13.467555627645591,1
5106,10.702056332546144,13.43706957579107,1
5107,10.73437366094197,13.4645990926215,1
5108,10.763361663391402,13.438505247333014,1
5109,10.79183704914863,13.428362494998128,1
5110,10.794467068578154,13.472916818973705,1
5111,10.844512756902537,13.459573766963373,1
5112,10.81201308344073,13.425099298873011,1
5113,10.841532635260277,13.435573844241844,1
5114,10.81935879302698,13.446400893721526,1
5115,10.882938070388269,13.464848674286696,1
5116,10.891620392985955,13.42331888354476,1
5117,10.88280633339412,13.470158042441637,1
5118,10.94251204538788,13.446871616164058,1
5119,10.936666110550275,13.439856367020338,1
5120,10.980771565775006,13.422886041550464,1
5121,10.978479533842542,13.423614259936176,1
5122,11.052371322016523,13.44744075548914,1
5123,11.018048780052311,13.47417961763851,1
5124,11.019492152045077,13.457430716302751,1
5125,11.095166197231498,13.44823714381416,1
5126,11.09256242351086,13.457410115511278,1
5127,11.094711799541791,13.437534380248652,1
5128,11.086018288285766,13.455554742069117,1
5129,11.145501138844983,13.445391352878065,1
5130,11.155779650028455,13.468181680539734,1
5131,11.1746222582668,13.425825749917792,1
5132,11.140717745704434,13.44984937972041,1
5133,11.185673184709888,13.438468303449545,1
5134,11.218699091667997,13.435206868076815,1
5135,11.192129430429423,13.475862408900209,1
5136,11.177145647391743,13.4684182912563,1
5137,11.236707688055136,13.435464406909146,1
5138,11.235615669460989,13.431823044772255,1
5139,11.283040214755752,13.43304374106611,1
5140,11.317288678307902,13.433474444978641,1
5141,11.29128639228209,13.426094093847125,1
5142,11.307583239139037,13.442892638518696,1
5143,11.311018887497681,13.455944716456003,1
5144,11.372269679479329,13.444682692923887,1
5145,11.384979196170248,13.438577400088732,1
5146,11.36661266744165,13.469073404947947,1
5147,11.348629144781823,13.474529378848818,1
5148,11.440125995597903,13.459786303755836,1
5149,11.424595037299888,13.457361941900963,1
5150,11.394395647748242,13.468847009315065,1
5151,11.40591488001794,13.464390609054524,1
5152,11.459480901751837,13.467379304566235,1
5153,11.446426977269146,13.45987306289928,1
5154,11.44610714665318,13.446503418939253,1
5155,11.50246039204673,13.429300186446834,1
5156,11.504838907300725,13.46295285135046,1
5157,11.622336894528567,13.426873093413665,1
5158,11.674909260806889,13.475827845022451,1
5159,11.685230461939426,13.466083385281145,1
5160,11.733020674265113,13.459336842890027,1
5161,11.750298510821132,13.46824605973501,1
5162,11.757264569655222,13.427565055461208,1
5163,11.780514568795295,13.449452611494989,1
5164,11.794711991645872,13.456658473894912,1
5165,11.853689475255711,13.469206403984881,1
5166,11.858542046376625,13.450797819464587,1
5167,11.872490715195068,13.468961769633697,1
5168,11.87238217799251,13.464710429635764,1
5169,11.960371981980963,13.451095547594857,1
5170,11.939805768379543,13.453951227399171,1
5171,11.995912657913054,13.422740708870728,1
5172,8.000859534932172,13.51117392504594,1
5173,8.007459923625436,13.491891667749611,1
5174,8.009440660301259,13.488400956436214,1
5175,8.073284014363377,13.518624161845718,1
5176,8.044505709529416,13.498921559000314,1
5177,8.032653017705178,13.52227958572335,1
5178,8.091043796459372,13.513497793264463,1
5179,8.0779402740401,13.527261353554502,1
5180,8.098729509316653,13.522618946953646,1
5181,8.134227827366344,13.527822283873071,1
5182,8.1480666872144,13.518166143873348,1
5183,8.13462966033092,13.479198356709585,1
5184,8.234874734169978,13.516265974215228,1
5185,8.227424257508314,13.518936673630225,1
5186,8.229115034940808,13.507580478752562,1
5187,8.282304151909017,13.524958717533087,1
5188,8.287031859029685,13.511629252886703,1
5189,8.241312336500917,13.517154993528905,1
5190,8.23537022948411,13.480124763498367,1
5191,8.335587489022716,13.496078933191656,1
5192,8.326556747423476,13.516626064329897,1
5193,8.30049680589281,13.516985144989084,1
5194,8.366121306499213,13.528080423762955,1
5195,8.359270608953123,13.520177664310012,1
5196,8.361137844721734,13.49724840755756,1
5197,8.44321368738512,13.513978325053607,1
5198,8.419933306544879,13.497507620037613,1
5199,8.399140749870579,13.523860867006906,1
5200,8.478410435286122,13.495316754170876,1
5201,8.450495436375462,13.526330935777517,1
5202,8.464011106464508,13.484285125235706,1
5203,8.463912444613475,13.491111372250963,1
5204,8.476611001420473,13.518330335910871,1
5205,8.55124470465246,13.502863751039765,1
5206,8.511707102273316,13.513319502407684,1
5207,8.54302610947957,13.517606125351296,1
5208,8.520113799040514,13.496776647894713,1
5209,8.521567804640824,13.50114592869482,1
5210,8.522600205939169,13.518409345656242,1
5211,8.603340182293111,13.489672595356728,1
5212,8.578777029076042,13.519289029818008,1
5213,8.563893963083398,13.494137122401852,1
5214,8.58605054499491,13.47929481545408,1
5215,8.58547102561213,13.518314053536514,1
5216,8.589358056531339,13.507730872271587,1
5217,8.612622600799801,13.518502803190085,1
5218,8.625467765139854,13.506482489058948,1
5219,8.648891686606943,13.501307601362768,1
5220,8.64769867065876,13.517273486574092,1
5221,8.688937876773293,13.5234139578303,1
5222,8.686852263449124,13.504957163512808,1
5223,8.686668578241347,13.477426578523298,1
5224,8.757542417142556,13.504135010558555,1
5225,8.729317133940151,13.518099759054106,1
5226,8.776752597500366,13.518694366648917,1
5227,8.815429780214895,13.525398504509948,1
5228,8.827171163579953,13.525207491169668,1
5229,8.86115636502898,13.477532173753533,1
5230,8.868256927372373,13.513659049365279,1
5231,8.91332062317278,13.48034660189284,1
5232,8.905557333420216,13.527010262001992,1
5233,8.911689798212908,13.483202837591042,1
5234,8.879427574005321,13.479683664921568,1
5235,8.97750111454327,13.486386071987488,1
5236,8.968640699908274,13.49100853082055,1
5237,8.992063312502063,13.483475546150364,1
5238,9.046092244516387,13.490647608799097,1
5239,9.123903866596386,13.512694382257289,1
5240,9.18800426142542,13.521444852988877,1
5241,9.171556517101271,13.49991063862693,1
5242,9.225421715821344,13.483168825839957,1
5243,9.290265563850907,13.497059805998687,1
5244,9.269449359538555,13.503229557797127,1
5245,9.305160967088996,13.507417521787263,1
5246,9.348554085754905,13.516967430290363,1
5247,9.350490271431473,13.476339668477692,1
5248,9.316484223093408,13.526370006345775,1
5249,9.367358031795657,13.494064176361766,1
5250,9.381861030690665,13.516032197026226,1
5251,9.383696431057462,13.495705904001582,1
5252,9.432973906507526,13.512761578742838,1
5253,9.424752318339163,13.501599936050908,1
5254,9.459356199020888,13.501799761959685,1
5255,9.476234685891365,13.49856915694169,1
5256,9.516108044904879,13.51007563149275,1
5257,9.507803833719578,13.503321285634776,1
5258,9.54087408512004,13.517495140621518,1
5259,9.565750268795536,13.515390720840172,1
5260,9.537440572432727,13.520063170882803,1
5261,9.605821876415092,13.527127395396331,1
5262,9.619917617204099,13.4888228555955,1
5263,9.645792600220728,13.493616657680485,1
5264,9.706167130275023,13.505602677777151,1
5265,9.758550867516675,13.48369366461008,1
5266,9.74155430407957,13.48658654138957,1
5267,9.787162501905755,13.484959629392254,1
5268,9.814244572978367,13.486381562332877,1
5269,9.82148236921369,13.505062585059337,1
5270,9.870027034468222,13.478012683694418,1
5271,9.844500296898644,13.486512214063167,1
5272,9.875831012316894,13.503182619771692,1
5273,9.857103366147538,13.491008499047721,1
5274,9.897149160331928,13.523674987996202,1
5275,9.907190570485275,13.509265334243887,1
5276,9.914391890112732,13.476885218515298,1
5277,9.921071301641941,13.522379335820933,1
5278,9.954941766342722,13.490832723748017,1
5279,9.998618150041194,13.510885440446014,1
5280,9.97105889902868,13.500364661123673,1
5281,9.950153374221072,13.523158912957966,1
5282,10.023777103039242,13.478430473161794,1
5283,10.029831872422488,13.521621901312894,1
5284,10.086750502126975,13.477617452817592,1
5285,10.148203304829066,13.515662178790373,1
5286,10.115849944291758,13.520823838667866,1
5287,10.125520260648123,13.482443625891104,1
5288,10.152565428989083,13.485230705407737,1
5289,10.11514454199237,13.479848347115157,1
5290,10.19151660615766,13.48959065211822,1
5291,10.168062106606765,13.5078580131037,1
5292,10.200160584726238,13.487146448996748,1
5293,10.19472495113501,13.501975739464289,1
5294,10.171515801877167,13.488816526658171,1
5295,10.20192788886144,13.523088869650923,1
5296,10.26216711431503,13.517121751355548,1
5297,10.230672399475601,13.500297610795094,1
5298,10.22695734601246,13.50773178419125,1
5299,10.259236123736594,13.502387344917022,1
5300,10.252951155326253,13.528357318515974,1
5301,10.225204224123477,13.49011029039106,1
5302,10.31519564906657,13.490282072287991,1
5303,10.278274737465859,13.481057967624004,1
5304,10.290708557489696,13.505486929934966,1
5305,10.280718843886257,13.509284275439683,1
5306,10.268248563718883,13.529104070531933,1
5307,10.280107126853618,13.528813420639766,1
5308,10.356822778170944,13.48781856108324,1
5309,10.3349237839373,13.4947465574574,1
5310,10.363855859952544,13.515599999609474,1
5311,10.366136715046645,13.503134523535005,1
5312,10.36645338174397,13.485077357678417,1
5313,10.325208024477874,13.491941177828616,1
5314,10.384504358455434,13.490631263541344,1
5315,10.392971748637995,13.514849198770548,1
5316,10.414149528327364,13.494815342541033,1
5317,10.37864569616016,13.49418234741293,1
5318,10.462428016463704,13.485182996311638,1
5319,10.453691727694089,13.496552190133874,1
5320,10.501878659776839,13.498469617920891,1
5321,10.51974152006483,13.513401526605339,1
5322,10.575619921691471,13.50240553376942,1
5323,10.55509657771691,13.497796850091023,1
5324,10.564611129426142,13.493990397916406,1
5325,10.603920862832958,13.50425533976585,1
5326,10.627816119634094,13.488030215013156,1
5327,10.62784414449253,13.491825233795995,1
5328,10.61776272781098,13.490696659613345,1
5329,10.642262930162362,13.511405386569459,1
5330,10.694867476885545,13.488294599621826,1
5331,10.69362835594516,13.476143028529378,1
5332,10.709485606005291,13.508428911260443,1
5333,10.758479871100535,13.50035711811503,1
5334,10.798044424300713,13.529109947282349,1
5335,10.797802881795707,13.52304836093514,1
5336,10.806289242927491,13.482112838876159,1
5337,10.810916350948837,13.513455358900405,1
5338,10.82315266093789,13.49391910104974,1
5339,10.829186270645383,13.482649983175218,1
5340,10.896196030208042,13.51887325137244,1
5341,10.86156549576954,13.521285793014576,1
5342,10.889335053503466,13.492607056025966,1
5343,10.896401992033974,13.51477289604869,1
5344,10.91080555057885,13.506928890788622,1
5345,10.915313098664594,13.497542914113682,1
5346,10.943076534794372,13.482761184517368,1
5347,10.939639893148989,13.517427393129784,1
5348,10.998647484173572,13.513516919489806,1
5349,10.996788041089816,13.48955317628576,1
5350,10.979131420457517,13.513977530729468,1
5351,11.029306906201775,13.526885212879622,1
5352,11.048711523891022,13.495572238718045,1
5353,11.050486707765108,13.507765977326038,1
5354,11.113014624090571,13.507820467759345,1
5355,11.088955430347397,13.517595314878156,1
5356,11.122384362921734,13.514761762518333,1
5357,11.143051007200706,13.522048134944072,1
5358,11.163267581140298,13.485975126681431,1
5359,11.134518131680059,13.49350233563563,1
5360,11.16212574858848,13.496446976567595,1
5361,11.217172290132266,13.518750082623116,1
5362,11.209516076504672,13.491121454607043,1
5363,11.216322874746615,13.502787906521867,1
5364,11.18346451990367,13.528595409353638,1
5365,11.24363069359002,13.494344316140673,1
5366,11.23605435011266,13.476640532072631,1
5367,11.245304544822185,13.515992685382594,1
5368,11.239684401961242,13.496747666114382,1
5369,11.304753634425934,13.485831641961374,1
5370,11.293097554654135,13.476379218990722,1
5371,11.311977210802995,13.512379972158962,1
5372,11.297675861736051,13.51904146319405,1
5373,11.351018295520763,13.49471321985647,1
5374,11.355717308773231,13.525593774160958,1
5375,11.346672900657197,13.518847628303796,1
5376,11.374682384220357,13.524538175558233,1
5377,11.41670012584955,13.526311138817167,1
5378,11.396415066413944,13.527365808853597,1
5379,11.402898889220257,13.52348166633915,1
5380,11.39314036741785,13.478146170990165,1
5381,11.4636072004219,13.493713055824765,1
5382,11.49209982073811,13.484793832897621,1
5383,11.47720834010712,13.528893650519047,1
5384,11.515338290110176,13.500219523047742,1
5385,11.530064614391549,13.504017993129258,1
5386,11.655569393078459,13.519891123821704,1
5387,11.672229085634768,13.500256575681242,1
5388,11.687934706311097,13.48271108915048,1
5389,11.76445604904989,13.518301845797897,1
5390,11.749232657193046,13.523091284838504,1
5391,11.712151855886635,13.517125223264602,1
5392,11.813346795928437,13.524300452966623,1
5393,11.811031150628438,13.518741410317942,1
5394,11.834608974992694,13.494810249106516,1
5395,11.858119378313756,13.512738086538567,1
5396,11.921059683626615,13.510275103771214,1
5397,11.904047214891031,13.48408624948,1
5398,11.95557648952824,13.507421103010358,1
5399,11.95409550042846,13.503740140555873,1
5400,11.926939073285302,13.508344078023713,1
5401,11.993891613580416,13.481369415393429,1
5402,8.05700832645032,13.579869551832783,1
5403,8.07183371668043,13.581888271630852,1
5404,8.027111480202313,13.570718041375251,1
5405,8.117719545371683,13.54745427688161,1
5406,8.124114639237446,13.532246845055854,1
5407,8.121132954150383,13.574975972376754,1
5408,8.108552998999693,13.566131684774946,1
5409,8.127215618254356,13.562000023599495,1
5410,8.150953337930028,13.560397853364517,1
5411,8.158066569179901,13.572494149976722,1
5412,8.142218295281431,13.56920466587493,1
5413,8.14416321308448,13.532500529482421,1
5414,8.147102539154178,13.559480371911125,1
5415,8.198293928993857,13.530022773107817,1
5416,8.213665712821113,13.556855643083026,1
5417,8.191658686022615,13.546840660843436,1
5418,8.198423255928077,13.558642206142409,1
5419,8.272176889423445,13.580274645961728,1
5420,8.237950591605935,13.581790957937509,1
5421,8.286269800660484,13.572375705843664,1
5422,8.325291755344344,13.532678918240439,1
5423,8.340586172099549,13.538735320746326,1
5424,8.30904818171427,13.55867870842594,1
5425,8.381616036806017,13.534323362686786,1
5426,8.364657020171583,13.529701430114491,1
5427,8.37670859614824,13.545380149921014,1
5428,8.445608951580756,13.544472724814517,1
5429,8.414625425753098,13.546712513837935,1
5430,8.405178725195904,13.531700840944833,1
5431,8.489027246294626,13.548881887386658,1
5432,8.495458999640684,13.550873308814802,1
5433,8.498742766316385,13.53639859088348,1
5434,8.470911587013827,13.559541513393421,1
5435,8.514300516938546,13.580916958104922,1
5436,8.535173027643902,13.548577265762116,1
5437,8.535755307038995,13.581330900527162,1
5438,8.502797742354556,13.547569267652587,1
5439,8.570915182130488,13.56134624673159,1
5440,8.567056224724887,13.54367500244608,1
5441,8.591634492496505,13.551915051135435,1
5442,8.584910353522675,13.577495921112224,1
5443,8.613318324024673,13.555721637271743,1
5444,8.659394073028249,13.540524174776506,1
5445,8.616971801575282,13.575874507026878,1
5446,8.697202186034222,13.536944303142658,1
5447,8.683571171412606,13.553286517590003,1
5448,8.705784062675203,13.574920585289354,1
5449,8.738387664431915,13.568070073488714,1
5450,8.721963804441211,13.533579789272911,1
5451,8.77391027723907,13.55031657226752,1
5452,8.794094360620266,13.562699874907343,1
5453,8.862244698858676,13.54607937551337,1
5454,8.849272006728155,13.550692231638518,1
5455,8.927241678746597,13.541534145285004,1
5456,8.927824044660746,13.564651541153536,1
5457,8.933094535597268,13.572874728788442,1
5458,9.022261180559672,13.546278326408263,1
5459,9.044880486494277,13.535576554096291,1
5460,9.104095294909417,13.557477780534164,1
5461,9.149185821103686,13.553404371435226,1
5462,9.244489567442383,13.572687725303803,1
5463,9.304102590946012,13.581340870244198,1
5464,9.278038681293799,13.578238125925322,1
5465,9.345345996083145,13.578983629787357,1
5466,9.338540913406646,13.534155319408441,1
5467,9.351400466840893,13.570355296495116,1
5468,9.402176063041113,13.545977373663717,1
5469,9.395175803621493,13.574650328290895,1
5470,9.438170451805316,13.575783392061641,1
5471,9.457685017733057,13.533739089605929,1
5472,9.477009900746806,13.539813985065043,1
5473,9.46700503534481,13.534334829524633,1
5474,9.515824227141707,13.563034247162078,1
5475,9.527001494745269,13.547437073235365,1
5476,9.560153567409136,13.532951126347193,1
5477,9.569707943377763,13.573107800785602,1
5478,9.617723281995035,13.552356026914124,1
5479,9.59798581682126,13.562946926630277,1
5480,9.675608109234673,13.573564113188626,1
5481,9.629127496781535,13.575129754966198,1
5482,9.691474166563703,13.572408762785471,1
5483,9.689351087279377,13.54557637985541,1
5484,9.699020800810784,13.539178467535793,1
5485,9.778191367443156,13.544826401990568,1
5486,9.780619445354215,13.56442827491461,1
5487,9.733615756193826,13.560638385921408,1
5488,9.836525999756248,13.546728864958892,1
5489,9.800202494483461,13.582803748361528,1
5490,9.789142262971769,13.572740566367143,1
5491,9.801989316360535,13.540523606406627,1
5492,9.87944828108154,13.576135885388634,1
5493,9.87260010867423,13.553979981955877,1
5494,9.844956485892734,13.576943366005223,1
5495,9.857063636819412,13.55905371795898,1
5496,9.927977275864507,13.570090642964727,1
5497,9.921340416423993,13.55574654031862,1
5498,9.920232058252273,13.574126588399647,1
5499,9.901448241091547,13.578105453457507,1
5500,9.957838110387506,13.531452725366833,1
5501,9.988046117223984,13.566856147795967,1
5502,9.99531293091009,13.542168275140975,1
5503,10.010120841960493,13.563791883218082,1
5504,10.101217940630669,13.531782629380869,1
5505,10.133743636262363,13.539928570728184,1
5506,10.121393881287135,13.547958497437145,1
5507,10.15287373102033,13.537114686836476,1
5508,10.189680341828264,13.53517477821393,1
5509,10.183581849785496,13.544180853550811,1
5510,10.184977866579898,13.566153353714654,1
5511,10.196058367004813,13.561700865695894,1
5512,10.204792924505515,13.560651051586108,1
5513,10.264575871699376,13.544240347392034,1
5514,10.225683169212255,13.539673961539862,1
5515,10.258480883994952,13.567753184868437,1
5516,10.253157234329617,13.543069160640773,1
5517,10.217288603492424,13.578942169451166,1
5518,10.228508101456637,13.538564668637699,1
5519,10.319221438025075,13.54928216550732,1
5520,10.275973776007637,13.539168093961626,1
5521,10.317479408336412,13.54893338319255,1
5522,10.28519787098793,13.539617154763185,1
5523,10.27382131359546,13.530376015058415,1
5524,10.340631557927322,13.549533889377557,1
5525,10.359883193811553,13.535677863939842,1
5526,10.340002201766865,13.537721675513891,1
5527,10.330620296321408,13.540957825247032,1
5528,10.367811581173296,13.582872185863032,1
5529,10.331780982179218,13.547871851603373,1
5530,10.39716713639674,13.580185646551799,1
5531,10.392632977766011,13.58142058762076,1
5532,10.39271142169282,13.56096838705111,1
5533,10.378331589111378,13.537365932446113,1
5534,10.420219191356072,13.533817400692865,1
5535,10.459067263570168,13.580572248467307,1
5536,10.47803993987012,13.57585447008506,1
5537,10.51275587246014,13.556032246805872,1
5538,10.529994150670493,13.551580531425795,1
5539,10.549022192880228,13.541036435525166,1
5540,10.559282847524827,13.561948903198411,1
5541,10.60070154118443,13.561725030523931,1
5542,10.639694678871205,13.544251270657973,1
5543,10.624854480565853,13.537315335230346,1
5544,10.651398205368668,13.548203545896143,1
5545,10.654625763696982,13.544635495823098,1
5546,10.672842281428249,13.531013091757744,1
5547,10.725432673488685,13.562368828023397,1
5548,10.72760736846043,13.574693309784623,1
5549,10.763198405640432,13.539687982669056,1
5550,10.79125937628762,13.569006011425351,1
5551,10.755565310901044,13.580333278181438,1
5552,10.82614572093918,13.573460639680976,1
5553,10.818311961054755,13.551152402511352,1
5554,10.831712129098579,13.557667321345074,1
5555,10.832894259930528,13.535857033574375,1
5556,10.877907054371004,13.558253036450045,1
5557,10.864542491410226,13.54615375537416,1
5558,10.871652838484515,13.553285717001788,1
5559,10.8908291306609,13.57920127916637,1
5560,10.933456338288769,13.578452411692744,1
5561,10.930050376905728,13.573171276400082,1
5562,10.931251264530157,13.566905424927585,1
5563,10.957349643998361,13.543833932067413,1
5564,11.01580723734124,13.543535524283817,1
5565,10.984491710650303,13.582770319820527,1
5566,11.009318545385353,13.557281694281134,1
5567,10.974695482760566,13.539087050877566,1
5568,10.985186766334337,13.567428209174548,1
5569,11.037914647705682,13.548023485616746,1
5570,11.058484397096608,13.532980164610409,1
5571,11.023596468266708,13.564434245126503,1
5572,11.050165228585215,13.57638649901194,1
5573,11.086616940693448,13.546508269921956,1
5574,11.101584854201029,13.546097083982273,1
5575,11.098934807798573,13.550111762030493,1
5576,11.140366565300878,13.558947562237075,1
5577,11.130597853880747,13.557838986440032,1
5578,11.165315577026824,13.556207787511363,1
5579,11.21717757279608,13.550047839157806,1
5580,11.194512036694686,13.556778063731233,1
5581,11.200492529805201,13.571012759863407,1
5582,11.196337496790111,13.57013401622878,1
5583,11.276002553854932,13.55084535607969,1
5584,11.240321587274517,13.55198564139485,1
5585,11.271700114429622,13.575195144096766,1
5586,11.268890176217605,13.535797059138405,1
5587,11.28628406982612,13.534498460306125,1
5588,11.30451388582125,13.573679455726246,1
5589,11.33635477961897,13.562439940519841,1
5590,11.377137670604576,13.577355021011972,1
5591,11.354609949246287,13.538207552112851,1
5592,11.359074170565853,13.545926171146183,1
5593,11.393561843401681,13.582473682908637,1
5594,11.42875930356574,13.561641720351496,1
5595,11.425095172344477,13.579243752108306,1
5596,11.473719045858232,13.545278139349309,1
5597,11.458927014739846,13.580250146510881,1
5598,11.482626100363339,13.534226594248107,1
5599,11.504254323857849,13.557797062827344,1
5600,11.524175051072518,13.577355307518957,1
5601,11.567086989807622,13.538055431565374,1
5602,11.651485579732519,13.537797227569975,1
5603,11.687646581250196,13.559482115316479,1
5604,11.702280415318294,13.54152052117019,1
5605,11.752334505987324,13.576209258887124,1
5606,11.726606005405605,13.57624577525101,1
5607,11.73635624895541,13.542273736510358,1
5608,11.806284303292898,13.562423228293456,1
5609,11.7793081027515,13.535168092874134,1
5610,11.788066674094525,13.538687947516102,1
5611,11.847763253414405,13.542220391913823,1
5612,11.861846909986031,13.545027441777053,1
5613,11.836539098680543,13.561293414591583,1
5614,11.894151241726316,13.564448795319585,1
5615,11.884069031819873,13.538499756552724,1
5616,11.916483495559888,13.577215702420755,1
5617,11.955023736707078,13.56168688674441,1
5618,11.93503929301479,13.575095379362764,1
5619,11.987469848563022,13.529703459736467,1
5620,11.995721254971837,13.558795931523061,1
5621,8.000796311801636,13.593584241767841,1
5622,8.003599981481914,13.601086022413824,1
5623,8.019366872513691,13.613416532811849,1
5624,8.026130337161433,13.632535893266876,1
5625,8.03214262441238,13.586918111767444,1
5626,8.050779903616595,13.605636128167342,1
5627,8.057427921253215,13.59544314864672,1
5628,8.100758110731283,13.628942737179012,1
5629,8.107097065098168,13.60989713098755,1
5630,8.079711540192744,13.598238265507105,1
5631,8.110199832323728,13.614516874219534,1
5632,8.11322349257991,13.605427885233365,1
5633,8.104390721637092,13.609739219514173,1
5634,8.180355195379672,13.613986867937596,1
5635,8.169717175320105,13.58333904042281,1
5636,8.129700246145472,13.603896295374776,1
5637,8.15861422292773,13.616773216592316,1
5638,8.140620370681422,13.627889913961678,1
5639,8.162593966184012,13.622050697365397,1
5640,8.18215202973204,13.628526698236625,1
5641,8.219980783073192,13.583201837725817,1
5642,8.188441738509017,13.630282811801816,1
5643,8.202509766670707,13.611787720161553,1
5644,8.249199597840173,13.593514298660669,1
5645,8.235544892704274,13.615156796695137,1
5646,8.272281086161417,13.60487256586991,1
5647,8.291450690603106,13.601896027233316,1
5648,8.292659270806675,13.593846162467415,1
5649,8.295602534109873,13.625914503433854,1
5650,8.395293690744356,13.614388100169906,1
5651,8.367053369298816,13.589744063404893,1
5652,8.363611187880483,13.615432461127504,1
5653,8.408743250448534,13.633212791122054,1
5654,8.43022226278588,13.602763462644822,1
5655,8.4206036977826,13.586449563409966,1
5656,8.455448676616461,13.606731879134925,1
5657,8.471359729661403,13.616480820479667,1
5658,8.472338203701863,13.618760941081408,1
5659,8.541843339196882,13.608083434535674,1
5660,8.524716815886102,13.626606186894591,1
5661,8.59382707088211,13.633023514129803,1
5662,8.60242683567785,13.628732909059957,1
5663,8.56159433601455,13.609103923339752,1
5664,8.663070867249813,13.592281033617349,1
5665,8.616779375043542,13.598854544803283,1
5666,8.62279368308338,13.630069268957525,1
5667,8.713474464494949,13.629734653760039,1
5668,8.708646706028102,13.585007179187754,1
5669,8.682241211086874,13.612017552907432,1
5670,8.74089358996648,13.612740910814027,1
5671,8.734340846982109,13.59760938761466,1
5672,8.761578323573435,13.608537752250568,1
5673,8.80115770248413,13.586351456391156,1
5674,8.780096459468453,13.588353652332609,1
5675,8.831977296062595,13.614722024708595,1
5676,8.891464100549328,13.618397593952686,1
5677,8.969823336991428,13.633394474833988,1
5678,9.024305134258308,13.59521565089058,1
5679,9.06359660222993,13.632390870037435,1
5680,9.079394851728987,13.634612597202143,1
5681,9.119591714863628,13.583497441775524,1
5682,9.168802794724927,13.61941721266583,1
5683,9.202208446974836,13.599304117721099,1
5684,9.278860320706109,13.611055106852314,1
5685,9.313467259885842,13.625784960618292,1
5686,9.342284748428018,13.621440536928803,1
5687,9.39489325897224,13.620642460353071,1
5688,9.430489545808571,13.599193233569409,1
5689,9.484092633388807,13.614967877046032,1
5690,9.474920722466683,13.604299360661809,1
5691,9.490571341577564,13.61891607024684,1
5692,9.554621899677688,13.590467130828154,1
5693,9.535561456125732,13.622788424668634,1
5694,9.571153138598168,13.620220655094172,1
5695,9.57599523188085,13.622482711573605,1
5696,9.60874587711754,13.59488107991327,1
5697,9.642547511565812,13.62400626385785,1
5698,9.667981565465887,13.614353130482552,1
5699,9.628762020319833,13.625845794942816,1
5700,9.703395030633716,13.599188448326645,1
5701,9.696389182759717,13.622116612945058,1
5702,9.712816666893259,13.602762517429376,1
5703,9.776211181625595,13.590873936765345,1
5704,9.764151869977246,13.618481484600677,1
5705,9.760011793173774,13.599959705936925,1
5706,9.751890635396993,13.594118648599906,1
5707,9.820040084882658,13.629898896207044,1
5708,9.825612949894747,13.625986832423811,1
5709,9.791914605008493,13.604426171423107,1
5710,9.80489353535753,13.611910486334345,1
5711,9.853534428861566,13.62275952652889,1
5712,9.880465295568492,13.614857078569962,1
5713,9.872443732378883,13.60703096305397,1
5714,9.841800774511524,13.58961402731475,1
5715,9.895996064456545,13.610113771400345,1
5716,9.914792479242982,13.606118421676028,1
5717,9.945709375573514,13.60128255226245,1
5718,9.952522678493585,13.629063007263678,1
5719,9.98785009431848,13.631167715408752,1
5720,10.016147871853725,13.608831056445919,1
5721,10.059441054454055,13.584991212062937,1
5722,10.133252743757573,13.596890839604074,1
5723,10.127316959438943,13.623378830343452,1
5724,10.174734162818076,13.589319982469538,1
5725,10.201128614898213,13.58471671445466,1
5726,10.201896980976915,13.631691053701703,1
5727,10.230757188735467,13.626940539754287,1
5728,10.218549233545165,13.617158017075251,1
5729,10.2260852589026,13.596888709133125,1
5730,10.236965878792335,13.636228485792383,1
5731,10.275268775187277,13.63320914083791,1
5732,10.284934870238894,13.59784369206039,1
5733,10.27015573885799,13.61681426161171,1
5734,10.311919221065704,13.593964902872655,1
5735,10.293835318029895,13.600101252154467,1
5736,10.275742486990827,13.602605477171098,1
5737,10.371840949965096,13.594709198228205,1
5738,10.338706693224628,13.599095121106469,1
5739,10.359493209973,13.631275184449764,1
5740,10.374141127357069,13.626464403006167,1
5741,10.327849241279235,13.593209431338241,1
5742,10.42553817782287,13.58926713346722,1
5743,10.379922001896622,13.591836854878151,1
5744,10.391440823453502,13.589805674670114,1
5745,10.383022164761288,13.619902951688378,1
5746,10.449664278295135,13.583916517348985,1
5747,10.479116049524576,13.630559765957669,1
5748,10.506808221889585,13.605401466525445,1
5749,10.484714350143514,13.629882557789362,1
5750,10.541915702967863,13.63034858592112,1
5751,10.550564056408456,13.629625903612329,1
5752,10.56879558494966,13.614250858449624,1
5753,10.6040503268886,13.6312210843409,1
5754,10.625430936287867,13.59064446923509,1
5755,10.636632297859633,13.599672220982756,1
5756,10.646236638285348,13.630104597817153,1
5757,10.662251341791526,13.60656447349736,1
5758,10.680308911595821,13.592442694535936,1
5759,10.733874899620842,13.607766830060859,1
5760,10.743169688698963,13.613210224006396,1
5761,10.763136847913177,13.616652912561229,1
5762,10.750098725876347,13.618855725673146,1
5763,10.76036320799302,13.616105572094096,1
5764,10.826309684766699,13.619435378312808,1
5765,10.839384563184737,13.59428695941158,1
5766,10.842359545170758,13.59422553541633,1
5767,10.827947848291782,13.590507681260997,1
5768,10.886752759902311,13.58428465854729,1
5769,10.908404423262795,13.619784596460953,1
5770,10.879638243138592,13.600281488273254,1
5771,10.902956944642105,13.623893704561695,1
5772,10.934678414042272,13.591099055219143,1
5773,10.957054550909792,13.617005114622357,1
5774,10.926967537758669,13.588386190747645,1
5775,10.932779621090654,13.625997363816078,1
5776,11.01549832568065,13.622368384534157,1
5777,10.972276176667899,13.617036881451002,1
5778,10.991922879266426,13.601160657037006,1
5779,10.971772734839991,13.598888998482254,1
5780,10.982318485598904,13.587232506650375,1
5781,11.068415074652082,13.604222777708854,1
5782,11.034802100985637,13.6178243437568,1
5783,11.05814296720095,13.632027958819869,1
5784,11.04303746638054,13.600371384424378,1
5785,11.047291412881862,13.585775083712093,1
5786,11.103327855432063,13.628490738668539,1
5787,11.109670869499084,13.615919740325019,1
5788,11.107997542350963,13.616895320146881,1
5789,11.147578918399217,13.590961788487528,1
5790,11.138507586227654,13.601523130821182,1
5791,11.209134435894333,13.588885068510159,1
5792,11.201406410673014,13.606382925033438,1
5793,11.250325984409997,13.618471282579163,1
5794,11.248813925467894,13.58509732139814,1
5795,11.333390386848967,13.625598578757492,1
5796,11.314369080340505,13.59080896686302,1
5797,11.385468802816167,13.58879341991615,1
5798,11.346392529745128,13.629081615664916,1
5799,11.343207705253409,13.63236785549667,1
5800,11.439316279095054,13.613755709403296,1
5801,11.410714739383295,13.59838697800123,1
5802,11.409661944322316,13.591733610105313,1
5803,11.457976326855954,13.594584206214252,1
5804,11.481446477856863,13.609029578628519,1
5805,11.483403666872093,13.607268208085639,1
5806,11.507986423576972,13.620124593576618,1
5807,11.559164547042554,13.588493253962396,1
5808,11.64213204018358,13.621322212631842,1
5809,11.65332070450543,13.594196241474624,1
5810,11.664495874496922,13.606138412374527,1
5811,11.710398294579171,13.598480850314306,1
5812,11.761486298823874,13.62129272609684,1
5813,11.745063331174949,13.586948991425153,1
5814,11.756659437076413,13.601741467994863,1
5815,11.809675514552517,13.62495828383612,1
5816,11.793908314141877,13.613480832773064,1
5817,11.774511440436633,13.613184414963122,1
5818,11.865550733080344,13.585803600454472,1
5819,11.845667335956644,13.626829277555359,1
5820,11.870170207803152,13.619214471298037,1
5821,11.881872072559425,13.59855311868269,1
5822,11.88957152092477,13.589416554263808,1
5823,11.90451150749962,13.612678047188098,1
5824,11.934241752453405,13.603481184235532,1
5825,11.937558708047018,13.612752245464112,1
5826,11.979183415444902,13.591404032084187,1
5827,8.014712767020798,13.683710423353743,1
5828,8.057420256870794,13.687033971076248,1
5829,8.028228050746566,13.639546353814769,1
5830,8.06236055345896,13.677139978887407,1
5831,8.039989665615614,13.680038447591501,1
5832,8.071436325217926,13.676928045985282,1
5833,8.084829248051918,13.676163113438992,1
5834,8.120089428183588,13.658391829787234,1
5835,8.091801195986315,13.656517907778095,1
5836,8.111734532022993,13.663576599477516,1
5837,8.090392258086776,13.640611673387209,1
5838,8.119522788866563,13.661775257526548,1
5839,8.142569372893199,13.677180816985759,1
5840,8.13990463158811,13.66041715949899,1
5841,8.155055214824875,13.654693476413273,1
5842,8.130647108578126,13.661829940125596,1
5843,8.174178541472532,13.643359247294233,1
5844,8.218785240292194,13.658434585267882,1
5845,8.21711216770433,13.666271381539039,1
5846,8.194642774928553,13.686665432547757,1
5847,8.202232257876316,13.65526386799373,1
5848,8.274707969397543,13.670152786226646,1
5849,8.26732862172142,13.67358514315375,1
5850,8.255763233770397,13.686497182424603,1
5851,8.31524733594662,13.68650217665023,1
5852,8.309522744575448,13.640063752482813,1
5853,8.29826384243753,13.687353531150677,1
5854,8.307556065491848,13.657685352364934,1
5855,8.349082063233457,13.651321876115487,1
5856,8.381381972279382,13.664832857050927,1
5857,8.366228349967818,13.646219113966472,1
5858,8.409082140043935,13.670984943523854,1
5859,8.40357322282449,13.670478440591783,1
5860,8.444197046571553,13.680767958022999,1
5861,8.455082376065798,13.647486499505076,1
5862,8.48298648782696,13.666611522473847,1
5863,8.492340429414442,13.652873278288878,1
5864,8.5407001667306,13.67083070004593,1
5865,8.507988312372138,13.65989795192418,1
5866,8.52786219062029,13.686353459221078,1
5867,8.579759105585406,13.670015121258672,1
5868,8.584763250212324,13.648770597562383,1
5869,8.587386567117035,13.6879902771366,1
5870,8.6503727964953,13.65072914665283,1
5871,8.652582403884704,13.639109848790246,1
5872,8.688161639092202,13.676571485202881,1
5873,8.680724048962567,13.681497551529333,1
5874,8.7016417603404,13.636815146974833,1
5875,8.765604889323074,13.679385244954377,1
5876,8.717571220324979,13.653621167495613,1
5877,8.72250502794824,13.658222457732423,1
5878,8.820274702726039,13.684459061524208,1
5879,8.795152586267406,13.663899054261964,1
5880,8.863005673103688,13.661044250925958,1
5881,8.896616770321613,13.649170705605849,1
5882,8.94393964865789,13.669797023989117,1
5883,8.967621508653158,13.658565771546957,1
5884,9.014494062969625,13.675986532858023,1
5885,9.004401732784105,13.669360576334466,1
5886,9.077659294229024,13.682486802385725,1
5887,9.063240774334334,13.662363132246458,1
5888,9.12373475213339,13.682334617116688,1
5889,9.177908784061566,13.667269871924095,1
5890,9.286852506444308,13.654873209178712,1
5891,9.306971562441651,13.677862144189326,1
5892,9.352727655026804,13.64108590600234,1
5893,9.388597013589584,13.637626907868531,1
5894,9.4783588526526,13.660048376895055,1
5895,9.517831493641275,13.640513821785744,1
5896,9.55791738372342,13.649259298791415,1
5897,9.540417050886056,13.666674141664075,1
5898,9.550683596654169,13.64662369223601,1
5899,9.598107385743464,13.640365175639989,1
5900,9.602887697477964,13.656546444916476,1
5901,9.635865887829416,13.641827526395792,1
5902,9.649739301771152,13.667490499433116,1
5903,9.684263767781072,13.666359273625215,1
5904,9.685752532399325,13.660945841644308,1
5905,9.689676143049052,13.678971395525826,1
5906,9.74103656665697,13.663565423998833,1
5907,9.750411429537383,13.668297989616091,1
5908,9.733121481259062,13.672537460686414,1
5909,9.819461301137254,13.662164651263303,1
5910,9.814919130148867,13.681875096433707,1
5911,9.852465646733787,13.684704910204958,1
5912,9.859978284061178,13.68365759773759,1
5913,9.904906875537836,13.679400728700944,1
5914,9.905577877843449,13.656271912215011,1
5915,9.933928889468381,13.68055812061253,1
5916,9.997305006871091,13.650000242521532,1
5917,9.951747446700377,13.65616172612816,1
5918,10.021129026474982,13.678266613971948,1
5919,10.077447051155714,13.667841327348386,1
5920,10.159214260175407,13.643508862849117,1
5921,10.157423829247225,13.682554600870438,1
5922,10.172534011156356,13.659031934770358,1
5923,10.169627301464095,13.681263263968356,1
5924,10.259031954553013,13.680377707031113,1
5925,10.23628964862755,13.65576864565941,1
5926,10.226761793711695,13.661798488408738,1
5927,10.291622382646143,13.661495533696463,1
5928,10.311015931965441,13.683461233402884,1
5929,10.292033672991561,13.675046433422027,1
5930,10.29844189586097,13.639275849128394,1
5931,10.350874317304436,13.684077857179673,1
5932,10.343260386335858,13.668060039958396,1
5933,10.346220434769966,13.675469114158775,1
5934,10.358045578152044,13.68552360646301,1
5935,10.40524313414172,13.66711024029278,1
5936,10.391764755621482,13.674366451872475,1
5937,10.444806784950563,13.646587827532697,1
5938,10.452184837840003,13.686549490521388,1
5939,10.49552056755013,13.640947647184944,1
5940,10.496741929830348,13.639660345877724,1
5941,10.522820719667529,13.654772111024013,1
5942,10.567546897915735,13.660413647350069,1
5943,10.572326069070183,13.682300501530863,1
5944,10.640212720210524,13.649900041423889,1
5945,10.63938774057163,13.64984364524124,1
5946,10.635160317525013,13.660397944253637,1
5947,10.666403544514779,13.645207510525266,1
5948,10.666834335337963,13.68618839778887,1
5949,10.680605753616971,13.668586246778203,1
5950,10.72776224498086,13.641508358395992,1
5951,10.722544587505372,13.641881286344612,1
5952,10.782635578916306,13.66087084012211,1
5953,10.768778621844557,13.680909318669293,1
5954,10.800382733361063,13.671632619134302,1
5955,10.8487056851821,13.680634612213924,1
5956,10.81317293113829,13.651101807732244,1
5957,10.82779944957033,13.652082803519415,1
5958,10.850045625203363,13.67018531620632,1
5959,10.865552575194329,13.687987300862654,1
5960,10.868362863371571,13.674618390570329,1
5961,10.90906584564762,13.673157995755636,1
5962,10.869793691931223,13.679213485732642,1
5963,10.955447602331702,13.64083261309526,1
5964,10.93322391754317,13.640088413334562,1
5965,10.935972222883162,13.68981132148723,1
5966,10.940488289605883,13.67805562061879,1
5967,10.980702977247157,13.685273295279885,1
5968,11.013007054766653,13.671544828517352,1
5969,10.992972314193151,13.67298334721339,1
5970,10.977796435912106,13.66742827475307,1
5971,11.040526164748838,13.638618590380682,1
5972,11.02882674015935,13.689266511532512,1
5973,11.04773794677977,13.639181242821943,1
5974,11.029784580287462,13.645412236299766,1
5975,11.093184601559953,13.655194140493505,1
5976,11.107968663297605,13.65715735753413,1
5977,11.112040894665059,13.651440188760423,1
5978,11.088032128814747,13.646634670163373,1
5979,11.140597721081535,13.661124716072187,1
5980,11.150102048661822,13.670212164587118,1
5981,11.211120038138226,13.65722359320477,1
5982,11.228416538197804,13.662846431619492,1
5983,11.270276286084679,13.643629234538272,1
5984,11.262611832091295,13.681623499656522,1
5985,11.31342681654829,13.640674543865433,1
5986,11.29597901160782,13.650045531966743,1
5987,11.348294206291406,13.637945507366712,1
5988,11.350743332298313,13.657603922788143,1
5989,11.441129678338472,13.646776433752835,1
5990,11.394112294537074,13.680313162166188,1
5991,11.428082377088142,13.66666875638608,1
5992,11.494108606980372,13.68925082072494,1
5993,11.459159688566407,13.678808370422665,1
5994,11.49934514341423,13.681721470807252,1
5995,11.516124283771832,13.686469175483376,1
5996,11.588529780538824,13.666678474167211,1
5997,11.599806847155742,13.68711175223215,1
5998,11.60650403801689,13.67260625542142,1
5999,11.625558531628036,13.66945933153516,1
6000,11.643211626652779,13.673855110295046,1
6001,11.667020923380887,13.647088436668847,1
6002,11.707385887479415,13.660810387775138,1
6003,11.721091411163332,13.659285353302465,1
6004,11.761290740463915,13.640539213256385,1
6005,11.759976702905613,13.68035788682236,1
6006,11.813749498262508,13.683614500233535,1
6007,11.786587105246406,13.663997437819889,1
6008,11.846029277989766,13.678850925664317,1
6009,11.856358501669643,13.667384055641044,1
6010,11.8373923626316,13.665470129498134,1
6011,11.908482788011975,13.639869951696044,1
6012,11.904481679039701,13.68767616238236,1
6013,11.915891421285078,13.647039394020544,1
6014,11.94946314176738,13.68015237518214,1
6015,11.95087691198373,13.647860164981568,1
6016,11.948019555417712,13.667273471554513,1
6017,11.991465032790071,13.653354065491571,1
6018,11.979960139635484,13.66737649744513,1
6019,11.99397133350797,13.669974652289255,1
6020,8.058686426358857,13.736407164592526,1
6021,8.042791319468087,13.71484855575702,1
6022,8.026920787785977,13.704656041156447,1
6023,8.061438939924361,13.732000414895268,1
6024,8.111485861127747,13.696466271728896,1
6025,8.081699583198825,13.710900677065728,1
6026,8.107193395359635,13.733106978190268,1
6027,8.119656966310671,13.725682874562475,1
6028,8.105385168193282,13.70669808201293,1
6029,8.156923405228177,13.729343153839876,1
6030,8.142484950926644,13.712759308945909,1
6031,8.132933353575682,13.698277764488632,1
6032,8.161913597077506,13.723266638814788,1
6033,8.133347648258558,13.71390247663069,1
6034,8.204713411759906,13.727601544758944,1
6035,8.187824675482222,13.707737316992576,1
6036,8.191948715188838,13.690013780940694,1
6037,8.279016976350022,13.732059763625585,1
6038,8.252747093996657,13.73209510627326,1
6039,8.237943686463757,13.716501207263077,1
6040,8.296372573472112,13.691312057343433,1
6041,8.330966155930886,13.733811459752642,1
6042,8.3047019456019,13.727965037641654,1
6043,8.358959130737663,13.695078865770858,1
6044,8.34721389378955,13.733213986442154,1
6045,8.386216181235808,13.713644974268348,1
6046,8.435835728894974,13.720883123315168,1
6047,8.42806340612221,13.713739362911907,1
6048,8.405509422630272,13.711572179878024,1
6049,8.48807632675077,13.742360365952063,1
6050,8.469393892992427,13.714773898162852,1
6051,8.461763236676639,13.710206331544073,1
6052,8.519185017861354,13.7216743617532,1
6053,8.517559908694212,13.719890785167664,1
6054,8.546808176418773,13.740750975564714,1
6055,8.562123077155917,13.708374445890362,1
6056,8.597759739756922,13.691859914153659,1
6057,8.556591290359812,13.699160754183266,1
6058,8.62954945338794,13.74158799776504,1
6059,8.646938803483634,13.7086308427758,1
6060,8.628446479524008,13.730372783708235,1
6061,8.614265465100141,13.723352460935065,1
6062,8.67881692157625,13.716868569576398,1
6063,8.70538817548163,13.740202695939146,1
6064,8.694283022155187,13.715262051404764,1
6065,8.743623012319004,13.701176598039813,1
6066,8.74129051997916,13.73983866433259,1
6067,8.729347950518294,13.700916369135395,1
6068,8.762777225642422,13.71977868952674,1
6069,8.780243379868626,13.73536028664101,1
6070,8.809914833491158,13.724798503088294,1
6071,8.800937861785465,13.711140075644515,1
6072,8.78437817724132,13.732670229231704,1
6073,8.847081731984852,13.724196694394557,1
6074,8.90756290727191,13.700299019314867,1
6075,8.973942860539365,13.733415388892926,1
6076,8.977844217260815,13.73862897910527,1
6077,8.994679600359092,13.742619674961785,1
6078,9.01826227646328,13.697604752330273,1
6079,9.064165537380417,13.70482711029895,1
6080,9.038772282372147,13.711229689847956,1
6081,9.135036359564932,13.701645770359265,1
6082,9.189539070442061,13.699404815731128,1
6083,9.216260750370814,13.699514743359524,1
6084,9.257778550391853,13.692895744131237,1
6085,9.33185803350962,13.700531134876277,1
6086,9.342286015613396,13.71519983903636,1
6087,9.410870390275285,13.696793393379787,1
6088,9.373575952266743,13.728043636615318,1
6089,9.474432689802276,13.742316719280364,1
6090,9.468801098983402,13.697189737776233,1
6091,9.537285402422722,13.69135803240469,1
6092,9.538972544609603,13.743039743504909,1
6093,9.546081450347991,13.71471882581603,1
6094,9.614029836155538,13.719422551167472,1
6095,9.616590636915964,13.694145604144152,1
6096,9.623389215306624,13.73236622103092,1
6097,9.66009938918072,13.690788914055304,1
6098,9.646002862484362,13.73599801934058,1
6099,9.725292715264459,13.707715205921568,1
6100,9.703306605812262,13.733451772455258,1
6101,9.76869358410201,13.702836380526456,1
6102,9.848497879354772,13.732145765052222,1
6103,9.898943103670222,13.706099327042983,1
6104,9.942615221906697,13.691508060226063,1
6105,9.925271739510348,13.730874438675006,1
6106,9.986636899817343,13.70756407230374,1
6107,9.971111565266318,13.711104885657322,1
6108,10.044037682992359,13.701855241799581,1
6109,10.073247597280453,13.727528137445534,1
6110,10.151427092082894,13.740953413719724,1
6111,10.151649018220569,13.708246523288093,1
6112,10.149791123676128,13.734402528952687,1
6113,10.200785973437526,13.709372634608368,1
6114,10.172289122366166,13.72758807281023,1
6115,10.25298788113671,13.737976355461972,1
6116,10.248842349479412,13.729915416755947,1
6117,10.308954540078638,13.731276596251272,1
6118,10.30520155027419,13.731480940708035,1
6119,10.276674222701581,13.723837975728104,1
6120,10.355451318771774,13.737385817583343,1
6121,10.366918587197176,13.741061953344383,1
6122,10.343637334023116,13.736330325687272,1
6123,10.410107791748123,13.714108136668983,1
6124,10.426634591712345,13.706659635438294,1
6125,10.478560339252521,13.700334591401514,1
6126,10.454718797643267,13.699619902828175,1
6127,10.438754832166385,13.73560136557371,1
6128,10.501643102719116,13.697998825097732,1
6129,10.519690112420026,13.701439897469353,1
6130,10.502441293407161,13.714396348034592,1
6131,10.580502937887738,13.703546737342494,1
6132,10.565566549355218,13.697580677944895,1
6133,10.57317578665361,13.73675609608072,1
6134,10.60610632196735,13.707639084391218,1
6135,10.608821289160602,13.738858521821827,1
6136,10.624124401489933,13.708049680052811,1
6137,10.691373548897475,13.739250300621807,1
6138,10.642783385439877,13.698518739538848,1
6139,10.673774371404257,13.720915324800133,1
6140,10.734008304223286,13.738409008654328,1
6141,10.745430364833629,13.691629833456485,1
6142,10.732730327326552,13.693731502564514,1
6143,10.776613855289488,13.706394567865981,1
6144,10.792864038238733,13.713465896953215,1
6145,10.792189443146162,13.691529643850345,1
6146,10.847948330341818,13.727134837123774,1
6147,10.814561328833237,13.708464573647534,1
6148,10.842241200864356,13.728118206139893,1
6149,10.849892257100874,13.737163423402473,1
6150,10.899091771201014,13.707960831370574,1
6151,10.862707966076153,13.701874269676601,1
6152,10.890228621860766,13.741768940234103,1
6153,10.865079730323966,13.733250175457263,1
6154,10.950993296499169,13.723309669673826,1
6155,10.912870836105968,13.702212269396998,1
6156,10.931583705577593,13.702202760378674,1
6157,10.915936061480744,13.73589201838533,1
6158,10.968526600179361,13.699350950701152,1
6159,10.978442935496565,13.71009561802166,1
6160,10.9787605958684,13.723637038502943,1
6161,11.060353819546961,13.72188723862687,1
6162,11.024574402915386,13.732419625958832,1
6163,11.052459638665267,13.74009456004403,1
6164,11.121833601585267,13.692311610155384,1
6165,11.096743277197374,13.706030534993488,1
6166,11.091384402468321,13.70277685759995,1
6167,11.131520809926062,13.697210890928284,1
6168,11.160245803937086,13.728278417840977,1
6169,11.185912800262837,13.69588075975803,1
6170,11.225832460917069,13.728200465144564,1
6171,11.244992395922033,13.696435478324336,1
6172,11.276261922089523,13.742012974190235,1
6173,11.301763630165373,13.707432472244648,1
6174,11.302989929942825,13.718647796122555,1
6175,11.317480427035362,13.713959071685808,1
6176,11.3580459239437,13.708524995137509,1
6177,11.384736050596647,13.742056781672034,1
6178,11.402003651875733,13.69168657267025,1
6179,11.4403005498133,13.699459728633727,1
6180,11.489574221471026,13.704044315484044,1
6181,11.487965415195982,13.71315345926668,1
6182,11.467601816727843,13.693367858477188,1
6183,11.52553137572816,13.715057474479643,1
6184,11.510067418188523,13.723882979849716,1
6185,11.522459891720478,13.69106804258051,1
6186,11.597379129858949,13.729020656902668,1
6187,11.585811994494964,13.732930229547367,1
6188,11.5783570685933,13.732046071649537,1
6189,11.644695004774485,13.71215144264171,1
6190,11.62106756290238,13.72066183421688,1
6191,11.654132681930943,13.724357749483723,1
6192,11.693713765698964,13.711172878632715,1
6193,11.663450276547247,13.733219200166298,1
6194,11.669693313331605,13.711819208742627,1
6195,11.73454692854031,13.714143611667389,1
6196,11.729740080998829,13.701595000433597,1
6197,11.754451165000127,13.714030088519019,1
6198,11.791664160783256,13.70200777178046,1
6199,11.818049823696834,13.74226605203338,1
6200,11.842040556354661,13.740425813821835,1
6201,11.851613592902147,13.719543364900542,1
6202,11.853620309116188,13.723180936138204,1
6203,11.884371271412219,13.728669673891885,1
6204,11.88352563948099,13.735483477481232,1
6205,11.942206514051717,13.722357715986094,1
6206,11.96314246587854,13.712870322441507,1
6207,11.995063040613413,13.69955937077123,1
6208,8.002192253797851,13.754645565202456,1
6209,8.043513408802408,13.760021837774033,1
6210,8.074427106473111,13.796728055896795,1
6211,8.059383943558705,13.761684146747905,1
6212,8.121940106555892,13.755759405940033,1
6213,8.093825125596625,13.75589676262715,1
6214,8.083789888709857,13.795995412952612,1
6215,8.082678862170123,13.745649368338436,1
6216,8.13212623895277,13.789975714796073,1
6217,8.145762012804804,13.788090213002913,1
6218,8.150633677548205,13.760458558847997,1
6219,8.174281469455039,13.787279000525444,1
6220,8.202568883696182,13.774981770704535,1
6221,8.202056156023755,13.750727093301244,1
6222,8.207301406660442,13.775374329985917,1
6223,8.284418142306375,13.770621488665574,1
6224,8.243115399437357,13.765515899020407,1
6225,8.269204962276898,13.774171071864734,1
6226,8.293003596399279,13.779617771693841,1
6227,8.332092300736745,13.74385162359925,1
6228,8.32292908982543,13.753516649844988,1
6229,8.381183837757813,13.78175565099307,1
6230,8.374890442031672,13.787931179764016,1
6231,8.38254395695313,13.754369089584008,1
6232,8.445026801600601,13.757619751156273,1
6233,8.432623872062347,13.794518008494379,1
6234,8.44914906336356,13.79354840060985,1
6235,8.453423033307859,13.751669013882205,1
6236,8.488184661632083,13.753935154846692,1
6237,8.493217656012769,13.769619820760843,1
6238,8.553749061681293,13.76400326047527,1
6239,8.538598314925686,13.785919710523748,1
6240,8.513888584106066,13.792058575573254,1
6241,8.597700813629823,13.76028284014165,1
6242,8.556678856280838,13.750817902250276,1
6243,8.577883431664977,13.779457698067652,1
6244,8.654856505299696,13.746245905479181,1
6245,8.655251355328526,13.757636396045529,1
6246,8.631720374722313,13.780517170671079,1
6247,8.710168083487329,13.791886399783213,1
6248,8.67406452234604,13.79523202405556,1
6249,8.695713911289554,13.769263161409834,1
6250,8.682441242914171,13.746664396443375,1
6251,8.755879247418989,13.79517956686175,1
6252,8.727245589402736,13.75728463060194,1
6253,8.761953347532101,13.78126866558756,1
6254,8.742452655201388,13.779250608136607,1
6255,8.765742423149922,13.779555187423533,1
6256,8.790855389107179,13.796261556155388,1
6257,8.805449982439658,13.787462894455066,1
6258,8.8131224064591,13.785016162255957,1
6259,8.795659572810239,13.753437111824347,1
6260,8.815907303253534,13.746903790296155,1
6261,8.83777867950424,13.762326845046461,1
6262,8.862459427238644,13.771313028186318,1
6263,8.96001029400221,13.769298514118955,1
6264,8.982129671259933,13.795346357172386,1
6265,9.031582323755934,13.747119387306142,1
6266,9.007998168140192,13.746805222071796,1
6267,9.06721869995634,13.743781659208832,1
6268,9.087500041442542,13.762035079241203,1
6269,9.138568730517527,13.759901918407538,1
6270,9.18863068329966,13.764470296427959,1
6271,9.160119408847907,13.750801850481256,1
6272,9.238608972257719,13.79271663460237,1
6273,9.206901861976528,13.783394484494426,1
6274,9.271785509338041,13.77670807488294,1
6275,9.307573810987863,13.753034125483843,1
6276,9.365845474234456,13.757268308108587,1
6277,9.376843090961605,13.781491620618533,1
6278,9.412099452367212,13.7487143475306,1
6279,9.466884334307633,13.781459827157828,1
6280,9.5599894110158,13.757491283581965,1
6281,9.552763569267574,13.751919406710106,1
6282,9.624079034354871,13.773777525327143,1
6283,9.600119788110996,13.753698426413326,1
6284,9.651266394987214,13.787397670613625,1
6285,9.675265259651177,13.78340709771522,1
6286,9.730942991902815,13.749277321491569,1
6287,9.702331489725367,13.78968524230718,1
6288,9.767496058517722,13.75864067852948,1
6289,9.844173640970887,13.748783803953245,1
6290,9.895219156895072,13.763314154898186,1
6291,9.938287262820007,13.791292528062238,1
6292,9.922406728877382,13.74387542818864,1
6293,9.982244637198455,13.773216233293839,1
6294,9.965479237236766,13.771482014727246,1
6295,9.994262124240697,13.759900226837543,1
6296,10.041399218174913,13.765731101202912,1
6297,10.057228229891797,13.77388781924048,1
6298,10.133896493900094,13.74840810029209,1
6299,10.152405498579595,13.780999152548215,1
6300,10.200034480505357,13.747370179475336,1
6301,10.208191078670138,13.772955028911126,1
6302,10.253747547272434,13.788196028797417,1
6303,10.268119863543847,13.763339821031455,1
6304,10.28966819007702,13.776497825136353,1
6305,10.34022073962827,13.79294353366037,1
6306,10.328005543787572,13.76983323081161,1
6307,10.335044085012719,13.786798649409047,1
6308,10.37817016185643,13.792153454866655,1
6309,10.410572393505399,13.760775471042036,1
6310,10.423846195235289,13.764856357348034,1
6311,10.43036872709054,13.774404501823273,1
6312,10.429931014328,13.776988280257093,1
6313,10.47860401225587,13.77062408843819,1
6314,10.491560183343267,13.77344996594201,1
6315,10.498235127974318,13.748217186887144,1
6316,10.530942304925041,13.794072416065312,1
6317,10.502937123561129,13.746592029587356,1
6318,10.551808551415691,13.759490681737383,1
6319,10.560563179074512,13.743720021651455,1
6320,10.57166945782703,13.756892741953246,1
6321,10.605935110461798,13.75540132170774,1
6322,10.600369342913584,13.789169504966145,1
6323,10.630806270244868,13.759939254052654,1
6324,10.657020145872586,13.774118945962657,1
6325,10.646830100830288,13.794804921131055,1
6326,10.730808133789425,13.782774555505803,1
6327,10.746765091605942,13.768349980264622,1
6328,10.71049510939462,13.763820728252892,1
6329,10.780330336138901,13.7847593042537,1
6330,10.777253012707266,13.789191629066648,1
6331,10.76639434220348,13.784153855309684,1
6332,10.842029128909394,13.757008147799166,1
6333,10.82667219328395,13.790664290340446,1
6334,10.808753393375689,13.758741393570423,1
6335,10.815522758957409,13.783196884026538,1
6336,10.908416205150337,13.777754205236317,1
6337,10.892219260877207,13.773956165552535,1
6338,10.903460189738384,13.760394751251543,1
6339,10.876032135129869,13.776921841823903,1
6340,10.961218795941818,13.74499189031708,1
6341,10.925858144950178,13.744938310756247,1
6342,10.928896300933147,13.788407326166068,1
6343,10.994851606639532,13.77153325561106,1
6344,10.981131372017838,13.78990923230841,1
6345,10.968270210078135,13.770786968372487,1
6346,11.067882608820963,13.764042221906767,1
6347,11.028917343741108,13.769918195913677,1
6348,11.111647844910348,13.783465147586309,1
6349,11.115619339130875,13.792372481111553,1
6350,11.092175967245554,13.783677241728226,1
6351,11.165077132442747,13.752102804932441,1
6352,11.14761272514732,13.76639431630448,1
6353,11.184630548219392,13.770584762046456,1
6354,11.19667782543627,13.77940450188803,1
6355,11.255737376845696,13.746069135288874,1
6356,11.249677462334605,13.763800513626801,1
6357,11.333106518763106,13.750238180406637,1
6358,11.314536827065941,13.761387282541834,1
6359,11.382485880417445,13.792837000211684,1
6360,11.367011727751038,13.75952765654115,1
6361,11.402162190310278,13.784453371392953,1
6362,11.401723092595606,13.771029671292522,1
6363,11.494998624920116,13.786059225827934,1
6364,11.448383107455586,13.78719988206705,1
6365,11.463869854999064,13.750890090804662,1
6366,11.55018340252036,13.784207128539826,1
6367,11.502846502535641,13.761284084745757,1
6368,11.549056861202356,13.767369152161995,1
6369,11.567289421249795,13.789056934621286,1
6370,11.572950458778683,13.7474674144494,1
6371,11.582238038425611,13.777049431375213,1
6372,11.654343444928374,13.760826985759715,1
6373,11.619572580990917,13.760736943001291,1
6374,11.629974236010147,13.786178587248925,1
6375,11.66132817116732,13.757236914201702,1
6376,11.699707111799928,13.753988867425633,1
6377,11.666308772762072,13.748447320793986,1
6378,11.712211128865743,13.78532123613966,1
6379,11.742034532817488,13.791204952939776,1
6380,11.804360431378752,13.787693080175547,1
6381,11.784994535047279,13.785064774254517,1
6382,11.8439477565582,13.744419257989373,1
6383,11.845512970100454,13.775620104857907,1
6384,11.915976443591623,13.781723028471573,1
6385,11.91765990747677,13.773785743099015,1
6386,11.938226830903407,13.775162567371302,1
6387,11.965501936910831,13.78761239231119,1
6388,11.982391340150894,13.753782639766952,1
6389,8.000093126902167,13.8287453985901,1
6390,8.002613065480764,13.81623847259345,1
6391,8.015900709773405,13.830002494854538,1
6392,8.032065797850793,13.846327175633409,1
6393,8.0338178835094,13.83450321615901,1
6394,8.05226524281492,13.811544457403334,1
6395,8.112132650980792,13.828999988281943,1
6396,8.10755362442667,13.807186371994074,1
6397,8.10102939040265,13.848142396347253,1
6398,8.13399678903595,13.844598518422478,1
6399,8.131583726538857,13.848457591653403,1
6400,8.14988042444703,13.848603011687025,1
6401,8.200721257721733,13.830011708598155,1
6402,8.233157159613532,13.83683770894083,1
6403,8.220691897598046,13.831718743547764,1
6404,8.271490143795418,13.817714202305568,1
6405,8.24497747030219,13.81269036053054,1
6406,8.244887791980245,13.823865634385706,1
6407,8.314186490514459,13.827853119000528,1
6408,8.312113019835154,13.8114856540714,1
6409,8.335413391558996,13.814764176234071,1
6410,8.358502557271175,13.81312194870345,1
6411,8.38295466418512,13.826656120428792,1
6412,8.390605126439928,13.826527792293321,1
6413,8.433455571801026,13.813207335231262,1
6414,8.424672911219574,13.818614007224769,1
6415,8.442661574689653,13.813411492705118,1
6416,8.474138761407227,13.841387382292895,1
6417,8.491285668899977,13.839820600537758,1
6418,8.473446305173546,13.820333890627035,1
6419,8.491481463251297,13.844884498632688,1
6420,8.53093383238932,13.841773129152065,1
6421,8.545222076621862,13.834878474361743,1
6422,8.507599590653703,13.805779560085819,1
6423,8.514342121197162,13.79879808360217,1
6424,8.608065757802356,13.832939862844514,1
6425,8.586101700836254,13.800709156515605,1
6426,8.602764210941343,13.845455388834687,1
6427,8.569428601933563,13.823665130759055,1
6428,8.661564875062801,13.839057605649067,1
6429,8.63769334235092,13.816323453712446,1
6430,8.649805137694203,13.80301442221409,1
6431,8.68709418800384,13.796837162434617,1
6432,8.682138784679095,13.797890471907229,1
6433,8.692914991080071,13.824819585407953,1
6434,8.712980276345116,13.820264502129902,1
6435,8.766668694134243,13.822173729357965,1
6436,8.742005511600068,13.8422995877482,1
6437,8.743053949233133,13.815614618477127,1
6438,8.724984134295187,13.814485395527331,1
6439,8.75002072036886,13.841898087426328,1
6440,8.777362512594648,13.84766078732944,1
6441,8.779526961123885,13.820818338006324,1
6442,8.823120651057504,13.82671238209628,1
6443,8.794235767817446,13.848207780809755,1
6444,8.85726725689807,13.84964245061543,1
6445,8.956003484186331,13.800841595950898,1
6446,8.976521786075816,13.833318667161514,1
6447,9.003114622471339,13.825776206771229,1
6448,9.003620669865825,13.848144327774582,1
6449,9.078865541244062,13.831343516932582,1
6450,9.112218915198177,13.805688139908277,1
6451,9.182254758031293,13.814239526867668,1
6452,9.151676796290026,13.833208461763439,1
6453,9.201891531567577,13.799462534151834,1
6454,9.250290752597865,13.846548519023566,1
6455,9.291304692288088,13.832029020072316,1
6456,9.323675259421204,13.816040075116112,1
6457,9.37924690395932,13.828022084291684,1
6458,9.421069673335548,13.821386017082114,1
6459,9.472728566435888,13.827917768633897,1
6460,9.55303354537186,13.837283183224168,1
6461,9.579400174282403,13.803948540890332,1
6462,9.677625863942955,13.824405867823613,1
6463,9.666206156405888,13.845201514813454,1
6464,9.713994307471372,13.843349556020293,1
6465,9.68557028752442,13.799386661804176,1
6466,9.73597760386361,13.830326236742957,1
6467,9.829979523943521,13.819960869310469,1
6468,9.853032142276424,13.841835371380984,1
6469,9.900447153786965,13.80314476131732,1
6470,9.903033501347482,13.815594385686538,1
6471,9.950662706705952,13.820555397897088,1
6472,9.951797172529428,13.819983238870561,1
6473,9.983107449017357,13.847338991232798,1
6474,10.020693607045148,13.828721840011648,1
6475,10.03146048765455,13.828846569103746,1
6476,10.096052897052532,13.842826205001156,1
6477,10.113695685272585,13.797517768280722,1
6478,10.16025566487989,13.821347971124965,1
6479,10.162344658689301,13.813769547151843,1
6480,10.18641076977938,13.829034108342148,1
6481,10.251398073183378,13.84285128609259,1
6482,10.246325785866167,13.808213874771662,1
6483,10.291640536029654,13.809523371959925,1
6484,10.304305636596178,13.835184579175857,1
6485,10.37098486155793,13.809568348140813,1
6486,10.34624504167126,13.828213428743458,1
6487,10.338124616556692,13.840467115544426,1
6488,10.382364559368394,13.819823697020698,1
6489,10.412615379640492,13.801434379425217,1
6490,10.381554266847468,13.81603862418879,1
6491,10.425232933414366,13.824111271703304,1
6492,10.442684675422454,13.812005260291505,1
6493,10.431659946759629,13.833685744031841,1
6494,10.456490641452069,13.810068009328006,1
6495,10.443269291122668,13.848145819205818,1
6496,10.52732624606919,13.849296821378037,1
6497,10.483230524873438,13.830689518188017,1
6498,10.504303590770084,13.813163160860352,1
6499,10.519896546239814,13.8404414947049,1
6500,10.579175242755555,13.815466279546351,1
6501,10.550771767170488,13.834997456446732,1
6502,10.581480838675393,13.79978603423753,1
6503,10.575604613682156,13.836873863947474,1
6504,10.598793580491217,13.830922778615504,1
6505,10.62211179663764,13.830539184131252,1
6506,10.638087891875891,13.829748995889569,1
6507,10.671777914243858,13.834304745223061,1
6508,10.666974539808491,13.834902988436596,1
6509,10.709235172969452,13.805708841963206,1
6510,10.708786174352069,13.801634294043584,1
6511,10.782012043616787,13.813369052706319,1
6512,10.7810576789488,13.836721119512523,1
6513,10.790010321688262,13.84387108412251,1
6514,10.826359482581063,13.81597831174537,1
6515,10.820130902846238,13.841843562335683,1
6516,10.821961505180669,13.827391451194801,1
6517,10.838195461065517,13.82280712184144,1
6518,10.874143090408177,13.839090686970657,1
6519,10.88923213748855,13.839845170973385,1
6520,10.897827696731634,13.820638642904493,1
6521,10.930477579183044,13.815072483945011,1
6522,10.950175266326347,13.843009691803044,1
6523,10.917359039320313,13.824256576242469,1
6524,10.990405658260679,13.815502895951061,1
6525,11.009383603653884,13.840257204357957,1
6526,11.010802279407118,13.840714481946115,1
6527,11.050140347969338,13.831972853755834,1
6528,11.040286572250924,13.81746808917246,1
6529,11.032755291765776,13.834494876952627,1
6530,11.071801323036093,13.827411139495915,1
6531,11.107270943397012,13.831774868791095,1
6532,11.130634381384207,13.819480391172114,1
6533,11.161508276511915,13.846295915265973,1
6534,11.192545529354273,13.832806125168066,1
6535,11.210108028495936,13.838556374427585,1
6536,11.225803555791215,13.818797385944178,1
6537,11.268461707886948,13.818218761629081,1
6538,11.255993914791135,13.804173162613958,1
6539,11.249427716448764,13.841098951190613,1
6540,11.297876350784332,13.840968785398795,1
6541,11.328773514986358,13.803155326919544,1
6542,11.36571713580965,13.825487834073728,1
6543,11.362106209648214,13.839474937420794,1
6544,11.404721946113419,13.827487876772851,1
6545,11.39351338512857,13.836330267820097,1
6546,11.496599329671017,13.841082695022568,1
6547,11.446735610442772,13.843800164055423,1
6548,11.517309626489931,13.809082310847893,1
6549,11.521288805313974,13.80147567418619,1
6550,11.583102617513806,13.820285459629172,1
6551,11.595705256656307,13.841453328499849,1
6552,11.570843626503589,13.844032214715854,1
6553,11.614878711159545,13.849927899375672,1
6554,11.636488666504766,13.820871149043377,1
6555,11.638011618781345,13.83676991613472,1
6556,11.691067137654366,13.8200514801502,1
6557,11.707339306124245,13.809219533246058,1
6558,11.739431146956564,13.812454602951158,1
6559,11.758283673837543,13.8314774609129,1
6560,11.789863636475689,13.810143344364937,1
6561,11.790819389918484,13.819540877602279,1
6562,11.79141437937163,13.812237571029534,1
6563,11.850879185623112,13.815042926129568,1
6564,11.820438897862555,13.84203956450674,1
6565,11.886614822376284,13.813502295561111,1
6566,11.901475135165219,13.843408739115239,1
6567,11.97711042192576,13.824306177821882,1
6568,11.963472220480817,13.8331261895638,1
6569,8.009157778216716,13.8879304250891,1
6570,8.016406416174615,13.87278796196314,1
6571,8.04921291401302,13.903258365379637,1
6572,8.031109989262431,13.88078794705131,1
6573,8.070341037432081,13.858012373497594,1
6574,8.111074564559908,13.896960183404204,1
6575,8.085231165368377,13.85548703735939,1
6576,8.094976822613802,13.89399196633688,1
6577,8.131888642683494,13.883325729500022,1
6578,8.152813472771353,13.890182562687704,1
6579,8.140407072157728,13.859744619534712,1
6580,8.193428216663714,13.878061868638428,1
6581,8.182196380185996,13.867016800269345,1
6582,8.233753837691212,13.883394880708739,1
6583,8.276013058192982,13.90058431562482,1
6584,8.286329012188135,13.881100974262809,1
6585,8.274057283416784,13.865623111409363,1
6586,8.332463195779928,13.900346571153692,1
6587,8.327744442897348,13.896655454773914,1
6588,8.30078086606485,13.869878082071292,1
6589,8.369060981775592,13.852711076981645,1
6590,8.393102737411192,13.855921907996006,1
6591,8.3512648028784,13.862642826203723,1
6592,8.407659257123257,13.88167431490608,1
6593,8.446822946548615,13.872253340129651,1
6594,8.426375259311554,13.864523954555365,1
6595,8.415715868730148,13.870752137678982,1
6596,8.403227636045592,13.869226210679484,1
6597,8.491974938203942,13.893620303478755,1
6598,8.45911662655479,13.897629862858718,1
6599,8.493720522072797,13.897303367449133,1
6600,8.467576436152553,13.864712591052553,1
6601,8.493240074554823,13.857294515515788,1
6602,8.462842865238565,13.884929453706208,1
6603,8.553543974365404,13.867461842575317,1
6604,8.555397220329583,13.863486132852357,1
6605,8.521325013595881,13.861184021092253,1
6606,8.526252243717947,13.856476389431952,1
6607,8.51294740241939,13.899122954445238,1
6608,8.518223463783105,13.862736262348795,1
6609,8.606603553183675,13.887645749320981,1
6610,8.58852263956486,13.866342798680838,1
6611,8.597883126976924,13.88192859457923,1
6612,8.6067812395589,13.86261414397436,1
6613,8.569233196948492,13.865519563274916,1
6614,8.639182960866547,13.852892132087064,1
6615,8.65086747405647,13.875561519141629,1
6616,8.630804992325846,13.898100433219971,1
6617,8.697439486989074,13.878015734548468,1
6618,8.665055408613673,13.893499684344443,1
6619,8.70136375697426,13.894353474064523,1
6620,8.748201827910146,13.8545303661807,1
6621,8.71985765088948,13.862422289110167,1
6622,8.737388467226525,13.883217270275056,1
6623,8.73455551851781,13.853986206417499,1
6624,8.78783189334569,13.883174655899031,1
6625,8.803543087677214,13.889241289115112,1
6626,8.787078372463062,13.85721403001671,1
6627,8.895112384391117,13.875086718472138,1
6628,8.943327919035829,13.868249715585542,1
6629,9.025174052823873,13.884481336220077,1
6630,9.071932509338344,13.86452784100942,1
6631,9.121093608855519,13.87161957105713,1
6632,9.186935581476806,13.861748695246856,1
6633,9.201033488600455,13.86615886719074,1
6634,9.22074334178321,13.879205776099372,1
6635,9.280991685182622,13.851354735354292,1
6636,9.299662978720809,13.873040958923573,1
6637,9.340898542631214,13.88838767988881,1
6638,9.384986814826377,13.854694380743544,1
6639,9.462551060087113,13.901390078081448,1
6640,9.475248137171516,13.897446700736497,1
6641,9.533077097589718,13.891407364662305,1
6642,9.593904404254227,13.87762937185823,1
6643,9.662132461301747,13.892870848895091,1
6644,9.675233641657739,13.867714066455472,1
6645,9.696953577304727,13.87027895211183,1
6646,9.713779107739892,13.87793095714885,1
6647,9.75288416458256,13.892059273375246,1
6648,9.813144376713232,13.866448989419975,1
6649,9.874462197896413,13.86035810405979,1
6650,9.946144347449472,13.870009983987158,1
6651,9.899565248404837,13.890792857394647,1
6652,9.993296986985497,13.89479396554405,1
6653,9.987378024285102,13.86536967891739,1
6654,9.995272424153336,13.859872711457436,1
6655,10.021522212092291,13.871066063099104,1
6656,10.023464158615853,13.88881456423478,1
6657,10.025553653177711,13.864719841311244,1
6658,10.071403151772778,13.8625454844001,1
6659,10.05774313692068,13.862374599478768,1
6660,10.160035557947065,13.869488792108452,1
6661,10.121785202265935,13.902861137442057,1
6662,10.133022918254305,13.884023653391493,1
6663,10.144611353292975,13.873049210117905,1
6664,10.192259202981663,13.860228420147331,1
6665,10.168839150391891,13.890380729690898,1
6666,10.18390855122869,13.864925086241621,1
6667,10.176291233161079,13.874834805194872,1
6668,10.167097162028748,13.893849386921685,1
6669,10.250567382688427,13.879434785436494,1
6670,10.22301730339394,13.887105970420096,1
6671,10.242268557900918,13.85416371858321,1
6672,10.245967085277822,13.860521901527095,1
6673,10.264771288238485,13.882697490464462,1
6674,10.299995679008397,13.876193803492459,1
6675,10.26993957106684,13.871447108834092,1
6676,10.310116142285413,13.85538461372985,1
6677,10.280172724985652,13.864360623288611,1
6678,10.343659201422254,13.902050501200712,1
6679,10.368174099419685,13.896812897374188,1
6680,10.335906135536264,13.863289822690028,1
6681,10.336424212242353,13.86960306459175,1
6682,10.41617486866812,13.885543587911156,1
6683,10.394656069628198,13.8913635762651,1
6684,10.390867447683698,13.868026661067644,1
6685,10.426429888716957,13.886550244024969,1
6686,10.463393539753545,13.852159276445384,1
6687,10.480083256036936,13.86057817632841,1
6688,10.436405397838154,13.90039314089499,1
6689,10.477623622790281,13.86189800868475,1
6690,10.491163354263938,13.857508728498972,1
6691,10.510946035669134,13.876221682892885,1
6692,10.491488117984536,13.85490721346842,1
6693,10.582133120304581,13.867394674036209,1
6694,10.544304283742715,13.859922081222235,1
6695,10.568003761412848,13.89137981040396,1
6696,10.596530780913769,13.899085100727481,1
6697,10.603123025570097,13.867237007963286,1
6698,10.691476715890374,13.874750688704378,1
6699,10.737816354933909,13.88736492399086,1
6700,10.759159922861118,13.861457379715906,1
6701,10.750111266592796,13.892649410806802,1
6702,10.85334026150133,13.887215972668427,1
6703,10.821616693075022,13.893186897039241,1
6704,10.82989251848362,13.866872054480707,1
6705,10.870334675586188,13.857682124225907,1
6706,10.868266435740722,13.863325924001437,1
6707,10.901881351874907,13.865523483705001,1
6708,10.95656750095781,13.870977351472218,1
6709,10.93445087328266,13.867233841818594,1
6710,10.966989429398069,13.85264844040835,1
6711,10.98440238062932,13.88787207774826,1
6712,11.023540642506124,13.882949720537075,1
6713,11.06752706877969,13.9031641224151,1
6714,11.030525911056738,13.854890246477957,1
6715,11.082211576771174,13.87639089224758,1
6716,11.118277582512569,13.886208043945699,1
6717,11.12804830827034,13.88410767478473,1
6718,11.143688760754253,13.853088057470316,1
6719,11.198180716081824,13.85776963554175,1
6720,11.203095486535519,13.863829330703032,1
6721,11.213310450538332,13.854813298565045,1
6722,11.182612772352343,13.886284431945636,1
6723,11.276383551725774,13.873810312629013,1
6724,11.268684245584632,13.853274201259108,1
6725,11.235303803216768,13.86672764032836,1
6726,11.287359461343385,13.876678368741594,1
6727,11.306492128099157,13.88988349148497,1
6728,11.334772967712313,13.865065016794304,1
6729,11.358646224555889,13.897425178199525,1
6730,11.338494428280425,13.874848608311304,1
6731,11.431101384763412,13.873769752690345,1
6732,11.391686454948637,13.893081319014781,1
6733,11.48592170880891,13.871520762908295,1
6734,11.461255854593553,13.862086337297086,1
6735,11.526844049922657,13.892078826498665,1
6736,11.549493275418142,13.887968083668568,1
6737,11.588436359171405,13.878838146132704,1
6738,11.566228939890904,13.90268390118342,1
6739,11.616317753487037,13.89037424177929,1
6740,11.60629495135021,13.851223207970497,1
6741,11.636314512843782,13.875985096674295,1
6742,11.657854965022782,13.8747878591832,1
6743,11.659675444660547,13.888343359072989,1
6744,11.736555020634722,13.858825237594786,1
6745,11.733472298449964,13.861002239724762,1
6746,11.733997380249274,13.899579626490217,1
6747,11.818007903821316,13.857657664763181,1
6748,11.767617628900847,13.864931721152066,1
6749,11.799327756767171,13.892724313514016,1
6750,11.819245421865858,13.864924563977814,1
6751,11.847766126442925,13.855371117805971,1
6752,11.86998688537286,13.855449599314532,1
6753,11.873498437099306,13.864514711532989,1
6754,11.885013512238231,13.856229615119641,1
6755,11.951225983272447,13.883622519989096,1
6756,11.95343710821983,13.894835285647147,1
6757,11.980415426080675,13.891667465179097,1
6758,11.989226154776624,13.886560836979921,1
6759,8.004472556080643,13.938890279198015,1
6760,8.067429171880434,13.920611327668599,1
6761,8.057948561867937,13.955957599703845,1
6762,8.053515225022299,13.950305953256464,1
6763,8.119938656603042,13.940396589893828,1
6764,8.104106989786251,13.955880387226792,1
6765,8.103055353205349,13.908769393765738,1
6766,8.132511170247682,13.945487492414571,1
6767,8.150246552496167,13.926318597281133,1
6768,8.180503210983005,13.940633889815182,1
6769,8.20437286683103,13.954258233272704,1
6770,8.230631904758459,13.90493154291817,1
6771,8.23226382223365,13.911897740828326,1
6772,8.202814862972641,13.92669456529421,1
6773,8.277495533846583,13.956128007905487,1
6774,8.288003169279268,13.912098073120685,1
6775,8.239621363828354,13.929952020048097,1
6776,8.260287874304067,13.930797950069053,1
6777,8.306526306691108,13.934277306320626,1
6778,8.295799412742165,13.906716980909874,1
6779,8.335816817867602,13.91029157865875,1
6780,8.346469213417874,13.91274095386468,1
6781,8.352363904970847,13.948869166208379,1
6782,8.373605861412214,13.939847583043983,1
6783,8.446071750852653,13.946525374437567,1
6784,8.413250953798723,13.936892434584387,1
6785,8.440467853582392,13.934301354813947,1
6786,8.43610905649653,13.926359665188121,1
6787,8.446821064167098,13.957183237500363,1
6788,8.488043612471674,13.93674086255864,1
6789,8.476523327134752,13.936919447019362,1
6790,8.490968828303314,13.926918130391943,1
6791,8.470461759246561,13.91763764580791,1
6792,8.449276531907959,13.919432611180264,1
6793,8.487595182912527,13.94810880711061,1
6794,8.516426540743755,13.947647731470243,1
6795,8.55124696352406,13.906484288217628,1
6796,8.548978209369663,13.912919563371517,1
6797,8.54412335148604,13.906602464015876,1
6798,8.532405934351477,13.956931585376887,1
6799,8.54422220859456,13.951337736031263,1
6800,8.576707980046837,13.91700590312599,1
6801,8.573287092244652,13.952818523345007,1
6802,8.58354807186902,13.94412520439566,1
6803,8.581369000221986,13.948361572038902,1
6804,8.617337440026526,13.919178327913752,1
6805,8.647173926939315,13.951974353577544,1
6806,8.673815194921684,13.918689657050251,1
6807,8.696935855465382,13.927900808963365,1
6808,8.676363140311107,13.91526893686677,1
6809,8.755025190494688,13.943265756165037,1
6810,8.718807901031488,13.919186274170405,1
6811,8.719249946773198,13.939048780747253,1
6812,8.737515185072771,13.92806390420719,1
6813,8.822651892061003,13.91939413046845,1
6814,8.822908198081363,13.932736784257164,1
6815,8.787097434715829,13.909564672789163,1
6816,8.83793945042222,13.941856044331795,1
6817,8.905408920625954,13.916042909962705,1
6818,8.959332741471222,13.953384790062819,1
6819,9.002420268211955,13.915854814871985,1
6820,9.217621326313742,13.935149697206034,1
6821,9.247834226708918,13.904844625849675,1
6822,9.271719685025856,13.944367085808766,1
6823,9.30253518495943,13.911041517806153,1
6824,9.356680500576523,13.925505026996117,1
6825,9.327646618447147,13.92553764665437,1
6826,9.362977979469388,13.951064966518134,1
6827,9.43012545325316,13.956337479548294,1
6828,9.501773909086323,13.930999158597446,1
6829,9.48695013189312,13.914960015941986,1
6830,9.50801584586439,13.905669399936874,1
6831,9.564910466404656,13.95344336196875,1
6832,9.532046174057847,13.913884724200598,1
6833,9.568051789838893,13.90912491021469,1
6834,9.580820771344506,13.938388339548139,1
6835,9.681824425867687,13.918257885395862,1
6836,9.682567084374872,13.939545670984645,1
6837,9.74772464053242,13.919189038922882,1
6838,9.746106945416633,13.928878335006212,1
6839,9.820971581473625,13.953248039827415,1
6840,9.815224633257413,13.908653304727752,1
6841,9.841556489846818,13.906992263568085,1
6842,9.94436417682214,13.94379245591041,1
6843,9.972938935177162,13.948197671921799,1
6844,9.964824776249223,13.933931415984665,1
6845,9.95001002446772,13.908739124292632,1
6846,10.00034271076515,13.91614243638343,1
6847,10.034625709426262,13.922341890698975,1
6848,10.012566214846412,13.92753999992759,1
6849,10.0479718824242,13.915071429100912,1
6850,10.07776647777646,13.924487413724371,1
6851,10.081668054542659,13.950422972448473,1
6852,10.095505095856161,13.92655880973248,1
6853,10.122707398670366,13.943056584997883,1
6854,10.11041500863357,13.925019795814713,1
6855,10.121396363399308,13.914385363406407,1
6856,10.145011661105075,13.930349536290972,1
6857,10.167546250216288,13.944575759142486,1
6858,10.192504393510944,13.941905256327304,1
6859,10.16802675335397,13.927411338528193,1
6860,10.181970026413612,13.926082820028723,1
6861,10.170357561705703,13.953211320325867,1
6862,10.255962967658387,13.930810620820175,1
6863,10.230835267067043,13.955059485098696,1
6864,10.221093086700433,13.938017658675546,1
6865,10.252121371726906,13.947664786488865,1
6866,10.224353474684722,13.920638080214124,1
6867,10.226420266238575,13.916879347493015,1
6868,10.314177110182,13.942226700519797,1
6869,10.300356689115697,13.951036541313085,1
6870,10.314326718271872,13.942715993341642,1
6871,10.290602582511234,13.951308334307564,1
6872,10.30593366919412,13.943884529563551,1
6873,10.34350096022175,13.944121040046502,1
6874,10.354700164414337,13.945140361203368,1
6875,10.35130988590316,13.947155216136329,1
6876,10.355650078421526,13.937879304995224,1
6877,10.32244359986737,13.905991399829787,1
6878,10.411304267778101,13.940766646495158,1
6879,10.389824046393482,13.913605226604862,1
6880,10.42064299886901,13.925760027716214,1
6881,10.38525914964021,13.952498737846268,1
6882,10.460610034685198,13.935907215738567,1
6883,10.473499206113392,13.942224337263854,1
6884,10.481086987912043,13.935857386137734,1
6885,10.496606907459219,13.943167261859006,1
6886,10.566219414413684,13.924312283308131,1
6887,10.567429012618113,13.91235755629209,1
6888,10.59554105155159,13.918269478706836,1
6889,10.613985717225207,13.9051695619785,1
6890,10.685210770713745,13.944940880961571,1
6891,10.761280590378524,13.91282853305766,1
6892,10.847927894161927,13.9147131538003,1
6893,10.838057318962678,13.923049384517165,1
6894,10.902623515880231,13.956148850418687,1
6895,10.86326823990021,13.925577912762618,1
6896,10.920285381670816,13.937797979162301,1
6897,10.92751126545346,13.94099520601597,1
6898,11.011898290695727,13.941358413207231,1
6899,10.974279709157134,13.912560528941118,1
6900,10.988739395472534,13.925964125142697,1
6901,11.060210321359559,13.926863797922646,1
6902,11.044607689391945,13.93240505294643,1
6903,11.019994524782046,13.956277913796837,1
6904,11.072695214797612,13.950569751962467,1
6905,11.099073073697877,13.93958687043924,1
6906,11.118519225363476,13.954575837228543,1
6907,11.16604368169131,13.921757178852623,1
6908,11.167814733026711,13.919836466861215,1
6909,11.170542113937994,13.925647105662119,1
6910,11.177176820506418,13.904140202586326,1
6911,11.197646226188748,13.924782779407172,1
6912,11.214419743815814,13.908341968945319,1
6913,11.2491730020709,13.908203808357142,1
6914,11.281867245773109,13.949804889896354,1
6915,11.245532659489808,13.948408169071442,1
6916,11.294948162533613,13.9306787881981,1
6917,11.30619490939646,13.928650983358665,1
6918,11.291883581337622,13.927144537285363,1
6919,11.36387645696601,13.941895869795559,1
6920,11.339444189841782,13.909868265231529,1
6921,11.350383225958824,13.912269184441216,1
6922,11.441756079933253,13.95434098663224,1
6923,11.40024992961528,13.914436251130406,1
6924,11.472889863335478,13.913152457434382,1
6925,11.476747048309154,13.91633670735603,1
6926,11.51283687661584,13.948187404523134,1
6927,11.497734445004497,13.92301221922851,1
6928,11.56618596568537,13.915072977453287,1
6929,11.56851294465812,13.938513675705558,1
6930,11.621575460811927,13.93326209498342,1
6931,11.60644112598954,13.956314453337008,1
6932,11.610962783852283,13.92182244037945,1
6933,11.692586635468787,13.926970163356252,1
6934,11.70119590307187,13.954705844105098,1
6935,11.705065373152086,13.956884674051254,1
6936,11.739475214158366,13.946233028465219,1
6937,11.736427889896719,13.944673800838116,1
6938,11.725044244916466,13.935986310092103,1
6939,11.816758299736271,13.909069547284963,1
6940,11.795870230525981,13.92809361581668,1
6941,11.78330044062239,13.936782703731215,1
6942,11.834281537591336,13.912132861975124,1
6943,11.818286589800872,13.949525786818064,1
6944,11.82812094042532,13.953726437558592,1
6945,11.915604316642073,13.919458988586177,1
6946,11.899204390019293,13.905270157277348,1
6947,11.912890889422881,13.943993834780692,1
6948,11.940193206249292,13.921447458560378,1
6949,11.957881506751592,13.932085812135993,1
6950,11.94170541639034,13.922241498871596,1
6951,11.987400717366606,13.907035646430707,1
6952,11.987928690379059,13.919623859461302,1
6953,11.992161359645364,13.942656413626693,1
6954,8.04028138892982,13.962291168439691,1
6955,8.031663066144343,13.991209453066723,1
6956,8.030089211077636,13.989057035722633,1
6957,8.096055417246959,13.981370263405859,1
6958,8.101829223880527,13.966256355252318,1
6959,8.084164999931955,14.00078233456373,1
6960,8.136929721884668,13.975782710743934,1
6961,8.139677281775024,13.969308490240932,1
6962,8.159375650356655,13.99290388329029,1
6963,8.22378268735221,13.989149951397415,1
6964,8.184255295907338,14.003147580699126,1
6965,8.206536327987303,13.978455546979276,1
6966,8.211446767138149,13.972117817904891,1
6967,8.287625268175889,13.989631525848052,1
6968,8.265150207859483,13.96109573983335,1
6969,8.247507024536278,13.985577595616132,1
6970,8.243420383128615,13.973737661155731,1
6971,8.268272746670508,14.000750631509964,1
6972,8.295817660355295,13.971238248419425,1
6973,8.330912883772706,14.003657269654942,1
6974,8.341733501478787,14.00030972276763,1
6975,8.31707527315466,13.957825164278265,1
6976,8.372224343928657,14.006305817504801,1
6977,8.371785105139397,13.991685100953594,1
6978,8.358356245444318,13.999057814002272,1
6979,8.433383784565681,13.974198183888996,1
6980,8.441594404350548,13.998459745180178,1
6981,8.422587240791898,14.00032547665138,1
6982,8.442364996500718,13.999518658796509,1
6983,8.457647269542319,14.002423855861936,1
6984,8.460125863694355,13.973000637421437,1
6985,8.484758430931327,13.994839271198577,1
6986,8.460365743339656,13.992585546897795,1
6987,8.451480060893855,13.97127225416744,1
6988,8.53395313305282,13.976123798152916,1
6989,8.51459302904644,13.970634938703324,1
6990,8.52984607086787,14.003236184110504,1
6991,8.521378781219735,13.996198414753035,1
6992,8.546151735877126,13.994181951600572,1
6993,8.559123059584618,13.998334603934078,1
6994,8.572828767293593,13.989005013623023,1
6995,8.57862946266498,13.975797337372644,1
6996,8.627120644140454,13.985406671435092,1
6997,8.641080647331126,14.009009964643514,1
6998,8.706779001876848,13.963656106550705,1
6999,8.68328964133666,14.000105374420183,1
7000,8.690693022507883,14.009560589438285,1
7001,8.746157998245483,13.967294042167534,1
7002,8.75964494966954,13.96201023640391,1
7003,8.767142106737099,13.971606417679084,1
7004,8.727319003965668,14.002285900819668,1
7005,8.798583833393247,14.005396001279593,1
7006,8.781505771017082,13.999547812049956,1
7007,8.805472273204874,14.007944460910116,1
7008,8.859923646093353,13.995612368579131,1
7009,8.946052399024424,13.98481059999867,1
7010,8.996857063352024,14.000487759251081,1
7011,9.070243134479576,13.960264797352256,1
7012,9.123887973988642,13.995477059929131,1
7013,9.098281996544594,13.989273957654262,1
7014,9.1883517246762,13.994041439067615,1
7015,9.170973944964476,14.007752630697103,1
7016,9.236304338184272,13.981372909923738,1
7017,9.204503817358855,13.968103993098753,1
7018,9.28883002719506,13.960887225327244,1
7019,9.2713044751033,13.971380411319297,1
7020,9.273953392792004,13.990936579357376,1
7021,9.354342863955601,13.97921270287621,1
7022,9.351109220775216,13.958761798966366,1
7023,9.311608728736092,13.959605567713659,1
7024,9.37347089205842,13.984339322997043,1
7025,9.389146103852656,13.98162546908825,1
7026,9.414113630009671,13.996087724739224,1
7027,9.432225097050509,13.989804578935242,1
7028,9.51357639079984,14.009824876290308,1
7029,9.48597457170946,13.988284535001004,1
7030,9.469040125161952,13.987494025403628,1
7031,9.510034182694977,14.000801081752687,1
7032,9.549918106451193,13.976921974007483,1
7033,9.572049038770976,13.964689056126085,1
7034,9.53945606012058,13.960226426208372,1
7035,9.592808475312214,13.960846465665409,1
7036,9.675890607586878,13.993097913427937,1
7037,9.727132276810838,13.98941298370995,1
7038,9.707325348032946,13.972037031617248,1
7039,9.76215319201724,14.000425872784557,1
7040,9.765072500443187,14.002602879121907,1
7041,9.82251007328835,13.97322442512203,1
7042,9.804902045559576,13.988834820294826,1
7043,9.870044680137491,14.002845824733912,1
7044,9.900331877240808,13.959028723391246,1
7045,9.929425408084077,13.975007567472293,1
7046,9.96551278997952,13.99100418331428,1
7047,9.98291457172003,13.960439457600135,1
7048,9.994088749734228,13.962735393777272,1
7049,10.022477666948918,13.978965740691025,1
7050,10.031031658681606,14.003596852457282,1
7051,10.029775994279706,13.981701984048202,1
7052,10.082771925633162,13.986731886843494,1
7053,10.066527373482403,13.987058772608302,1
7054,10.133734827376637,13.989956925342216,1
7055,10.158939885027355,13.990772622523366,1
7056,10.146772215000082,13.982526840842764,1
7057,10.21080862403474,13.968683152195888,1
7058,10.211221598432457,13.993268785447693,1
7059,10.207205230058166,13.963768282371516,1
7060,10.181741034661382,13.984959908994556,1
7061,10.228001250218961,13.958332838876565,1
7062,10.229696489684027,14.008520597840006,1
7063,10.227600560559637,13.96846144082609,1
7064,10.247731026915147,14.002837530701699,1
7065,10.314598019339659,13.9884905384714,1
7066,10.317373258504887,13.986643699460764,1
7067,10.281842300749005,14.004914339854123,1
7068,10.298061321743624,13.965988443345084,1
7069,10.288764183478392,13.989527679335966,1
7070,10.336275421981862,13.97938841251147,1
7071,10.328289477573376,13.9844236300284,1
7072,10.369870145143192,13.971977073176708,1
7073,10.328770361282977,13.972827864586481,1
7074,10.335863359696102,13.992123036508222,1
7075,10.415775665937824,14.009670476607097,1
7076,10.425960218428784,13.979353158907081,1
7077,10.38912076324824,13.999600386836287,1
7078,10.418846340713763,13.999367946801927,1
7079,10.391402158045324,13.970764674392997,1
7080,10.455075506058051,13.985562065246128,1
7081,10.432318665450456,13.965967039558008,1
7082,10.435911154339674,13.988915267874928,1
7083,10.49800945214039,13.963751924884674,1
7084,10.551280146920195,13.97842265238535,1
7085,10.557244645792675,13.997634215017557,1
7086,10.639261056873893,13.981544640784914,1
7087,10.641586826504176,13.991025977001936,1
7088,10.686206522781937,13.99572054432984,1
7089,10.683886683885254,13.959681186602193,1
7090,10.726629867567562,13.968443654150127,1
7091,10.728127000855782,13.957623124110812,1
7092,10.776785866369611,13.994217885122676,1
7093,10.788448762482833,13.98865085375362,1
7094,10.830304991497126,13.961634683439765,1
7095,10.853418730936163,14.001956605573017,1
7096,10.802194386756298,13.966936657391654,1
7097,10.884086341353363,13.991015671964186,1
7098,10.900087384044921,13.969828182108449,1
7099,10.87038467236167,13.960223227194003,1
7100,10.960663781535425,13.970404184426116,1
7101,10.92051667834455,14.007369880793336,1
7102,10.923688653163756,14.003677034110995,1
7103,11.0097503515141,13.978562118442,1
7104,11.010539315979246,14.004395590519817,1
7105,10.982118833753134,13.973984082447446,1
7106,11.050557535069661,14.006496717068758,1
7107,11.052364881681696,13.989964619681043,1
7108,11.042507015043247,14.00038321548296,1
7109,11.118512000639624,13.980363907135414,1
7110,11.08309459107749,13.998675440420305,1
7111,11.172978539464024,13.963216094122494,1
7112,11.149429795700849,13.994183070104823,1
7113,11.192926289001662,13.976818890157164,1
7114,11.187296335685819,13.993668394959334,1
7115,11.250089069986945,13.957494512388223,1
7116,11.244162001108197,14.010619438913007,1
7117,11.330295152861472,13.997956247647403,1
7118,11.321618156773885,13.969406364792357,1
7119,11.318509728027095,13.975051267036184,1
7120,11.345028609061796,13.96472672931626,1
7121,11.35160707508326,13.977005208622058,1
7122,11.37032551864702,14.008812591615618,1
7123,11.369203873675266,13.9952586878559,1
7124,11.39436190302045,14.0005298086608,1
7125,11.439758161400277,13.9814645260576,1
7126,11.404307646509853,14.009261889859673,1
7127,11.495166503503038,14.010643665534634,1
7128,11.489157140865917,13.993499513321591,1
7129,11.490407201279066,13.999426081008869,1
7130,11.511941751868742,13.975994274371171,1
7131,11.500002032830242,13.987682561020968,1
7132,11.54568866534406,13.977266110815922,1
7133,11.561451817728166,13.991916840282062,1
7134,11.555547655315008,13.972026849118837,1
7135,11.618102479773201,13.960844942598378,1
7136,11.630886419791686,13.993770869755151,1
7137,11.655644720643744,13.979830135474039,1
7138,11.66777339307185,13.977101930588521,1
7139,11.665690389022053,14.008641688197354,1
7140,11.690619674836219,14.003771733013988,1
7141,11.727128599206386,13.997251680426979,1
7142,11.748059622129654,14.002713638994607,1
7143,11.712020934739094,13.969786933427308,1
7144,11.80158067915748,14.000429967016762,1
7145,11.76679613174469,13.969085237804162,1
7146,11.798679223331042,13.981533319413458,1
7147,11.769750607887385,13.976379830437153,1
7148,11.832212519268401,13.980333276628327,1
7149,11.857201409497517,13.982853085291284,1
7150,11.82066642010023,13.970986831401461,1
7151,11.86420784119023,14.000248517940744,1
7152,11.901533236265378,14.010619519919388,1
7153,11.901625410639445,13.992740980309007,1
7154,11.895866365142359,13.98808341382106,1
7155,11.915868616946803,13.991364364070455,1
7156,11.969791065917322,13.973365923153759,1
7157,11.977974682794901,14.002584871432417,1
7158,11.949533716996994,14.00085818816951,1
7159,11.976133255644088,13.961251544730553,1
7160,8.010166153104462,14.021430788384944,1
7161,8.051706626197541,14.023966546951995,1
7162,8.046552410765324,14.033643274250867,1
7163,8.02505812736227,14.020732177777395,1
7164,8.120393193826127,14.057321337852109,1
7165,8.084050190421632,14.029800571859024,1
7166,8.081273235734175,14.05924346364786,1
7167,8.179627697723838,14.054413204476875,1
7168,8.181413201060703,14.036420692086226,1
7169,8.178421913514725,14.036031842343707,1
7170,8.229374437810005,14.059342444936604,1
7171,8.21908337098821,14.058838444677786,1
7172,8.192484972293999,14.016686854437276,1
7173,8.249974229591588,14.028708623378286,1
7174,8.239819247556147,14.03220159397891,1
7175,8.27304109025702,14.055989666702787,1
7176,8.255347948199413,14.02348544800733,1
7177,8.340594363109565,14.05233920122017,1
7178,8.303628092553142,14.025643541453267,1
7179,8.29919300817742,14.015949756677072,1
7180,8.303149839538579,14.016641737070069,1
7181,8.3607760528991,14.022307580846856,1
7182,8.35185670968922,14.032742762770116,1
7183,8.356178431648463,14.04496357715944,1
7184,8.359674100193535,14.027123561871928,1
7185,8.40785462117256,14.019313446913522,1
7186,8.412094827077803,14.017047712971658,1
7187,8.443263274043536,14.059637622458991,1
7188,8.467118748000042,14.05144996872598,1
7189,8.466939691991248,14.030100619558516,1
7190,8.456506537480406,14.022693418509116,1
7191,8.492134604753042,14.028673469488158,1
7192,8.530876617248975,14.033638464019038,1
7193,8.54788430161156,14.051898797540034,1
7194,8.509872868236373,14.03151569362103,1
7195,8.593327413637248,14.052332009793432,1
7196,8.594124699651607,14.026723450731774,1
7197,8.648972208203277,14.039069031895227,1
7198,8.614967966787978,14.061150684408519,1
7199,8.69404967010398,14.05505286669313,1
7200,8.67734086673362,14.017060690537855,1
7201,8.73199663975583,14.021345762450233,1
7202,8.752467419245205,14.011078317865616,1
7203,8.760629807590272,14.030475657349097,1
7204,8.807020300284208,14.026499306754046,1
7205,8.82282162372229,14.020518400310847,1
7206,8.771153290136567,14.057223050437276,1
7207,8.840699036058004,14.05738489017872,1
7208,8.82962123935818,14.062067996031194,1
7209,8.9208267343567,14.061610677582273,1
7210,8.926780854853028,14.011955645196993,1
7211,8.97329107476022,14.027079818775627,1
7212,8.936874464248932,14.039717327108923,1
7213,9.036404369978637,14.041708603515868,1
7214,9.000131694021956,14.01950212623412,1
7215,9.024170562149854,14.027920422094159,1
7216,9.088539412904803,14.02211664478657,1
7217,9.065374964732188,14.012819337933433,1
7218,9.053112947474354,14.040738319411416,1
7219,9.136931321299544,14.04595569326916,1
7220,9.094188598157944,14.026226714263878,1
7221,9.133355861337536,14.012126226962089,1
7222,9.09549112270721,14.012201664466234,1
7223,9.164534638361802,14.040630320820824,1
7224,9.174951362570894,14.016142250278836,1
7225,9.150035953692216,14.017154189076688,1
7226,9.153594167322604,14.052991896448408,1
7227,9.226170726799841,14.012183809163774,1
7228,9.2363642921064,14.013340426195898,1
7229,9.207351741601979,14.047387699363336,1
7230,9.22803928398603,14.039227429024338,1
7231,9.265577019341414,14.054547447315699,1
7232,9.25688618946027,14.043188586320408,1
7233,9.25367524483054,14.03967793989507,1
7234,9.25325408709033,14.0549517336424,1
7235,9.330281222484667,14.051417456384183,1
7236,9.324547625850578,14.022932363048845,1
7237,9.356996526769118,14.028773615283324,1
7238,9.399299975407432,14.02998913523825,1
7239,9.404589634929897,14.029511387999008,1
7240,9.377475164697143,14.022089035518182,1
7241,9.44474029062852,14.058843461361855,1
7242,9.422432382018352,14.060387097610555,1
7243,9.489621339831503,14.03483796783737,1
7244,9.515457793074255,14.060697044368533,1
7245,9.493805078451174,14.045189265739216,1
7246,9.525203836801062,14.010883556995054,1
7247,9.530427700170069,14.02379371858545,1
7248,9.624814360855165,14.027636990176251,1
7249,9.616569430235005,14.02559849441249,1
7250,9.594282946486809,14.057808906127892,1
7251,9.644948952928438,14.012974067605214,1
7252,9.627174048296972,14.063169123413616,1
7253,9.671415082215018,14.062038101807026,1
7254,9.67725672979171,14.059310169519273,1
7255,9.702534688795405,14.014107888879746,1
7256,9.709966361133702,14.0283830745749,1
7257,9.696226507631525,14.054893952499663,1
7258,9.749509876830476,14.059269828383533,1
7259,9.81498847381633,14.027983043966994,1
7260,9.85571562273968,14.044214128811712,1
7261,9.885115627755741,14.022728325040978,1
7262,9.869249935795363,14.01178915990992,1
7263,9.946062564836456,14.028030600615626,1
7264,9.908738866566665,14.05955023045359,1
7265,9.921037716665992,14.019137376391507,1
7266,9.928974918723672,14.032205157845699,1
7267,9.972954434266162,14.035890827192151,1
7268,9.994152781607653,14.010868737325731,1
7269,9.97648497288804,14.020966271977302,1
7270,9.999874931742841,14.061537861279174,1
7271,10.021444841557464,14.011645139908499,1
7272,10.009570986603789,14.027625503133924,1
7273,10.018065982650834,14.06359048962287,1
7274,10.057940072251895,14.032593182799811,1
7275,10.093680370965508,14.03201780305065,1
7276,10.110189160069652,14.038160824136297,1
7277,10.130322233438026,14.019112479291492,1
7278,10.179279668012587,14.055467789090955,1
7279,10.16399710425838,14.027886649890677,1
7280,10.193801952722824,14.048721663214728,1
7281,10.21464014590882,14.010908522783353,1
7282,10.241347843270068,14.046493840682608,1
7283,10.214864651952112,14.018993589909202,1
7284,10.307699559330048,14.061767904205508,1
7285,10.292494907231749,14.017645378782182,1
7286,10.319135832127234,14.057804062503052,1
7287,10.368218145050655,14.021771023940957,1
7288,10.3426800173761,14.060450438151204,1
7289,10.347240432022515,14.048429053569746,1
7290,10.329284263801442,14.013722000853507,1
7291,10.414803883697159,14.03785168004813,1
7292,10.414439212794477,14.025565371957065,1
7293,10.427447537008593,14.01193437922559,1
7294,10.392095574668177,14.013299382712598,1
7295,10.39338014080736,14.040601864972956,1
7296,10.464040183467802,14.063563114480074,1
7297,10.472939808269702,14.052571004235457,1
7298,10.47560430692469,14.063816305087574,1
7299,10.443412273901764,14.03704900008463,1
7300,10.52598956621722,14.045468324479248,1
7301,10.491254592525179,14.042094775927696,1
7302,10.554273281040928,14.048292678093572,1
7303,10.572351628335225,14.037159311856602,1
7304,10.62007511641049,14.032026553755406,1
7305,10.592497799693813,14.027197593843585,1
7306,10.618370731089353,14.023538610592896,1
7307,10.657811131426167,14.02688707513048,1
7308,10.68728920593779,14.01458717385749,1
7309,10.674632642280207,14.056630350751941,1
7310,10.74237131994877,14.046106194676215,1
7311,10.747279167208148,14.031483368842112,1
7312,10.712461586205217,14.029317436596788,1
7313,10.800746966533502,14.043353379969128,1
7314,10.768740963856613,14.059806205521678,1
7315,10.765329612023438,14.016888785224781,1
7316,10.808286286051409,14.014608034897849,1
7317,10.815599967400475,14.042004950105582,1
7318,10.803199437459767,14.032061649627398,1
7319,10.90592588699856,14.014107919529208,1
7320,10.86355776567609,14.03313598090632,1
7321,10.885055545151166,14.041983132980809,1
7322,10.914292843293914,14.014865559641859,1
7323,10.952621756942392,14.051692450430165,1
7324,10.936624416600303,14.03671151419565,1
7325,10.973021131356436,14.028985793792378,1
7326,11.013333781892293,14.044004541594038,1
7327,11.043405172401037,14.058383339967378,1
7328,11.042558203966744,14.058128765712635,1
7329,11.040223021870558,14.016245629216186,1
7330,11.119155375453682,14.013533469802406,1
7331,11.091117568063474,14.064126564444146,1
7332,11.089326899729057,14.04721860839107,1
7333,11.13057350883865,14.061450884443307,1
7334,11.215762340225057,14.049516274187356,1
7335,11.21209805364419,14.029748986352466,1
7336,11.26945798760213,14.024539836485069,1
7337,11.278357218237538,14.032478902845478,1
7338,11.322800189978125,14.016850951101787,1
7339,11.318010146160201,14.029249758633577,1
7340,11.302908023311913,14.049751796636295,1
7341,11.353052097052819,14.046978929203704,1
7342,11.3697899689227,14.053685558144194,1
7343,11.388725269439792,14.012408387451464,1
7344,11.416249300864497,14.012818033741203,1
7345,11.397744959370927,14.057945397902802,1
7346,11.440553874134507,14.053612606195275,1
7347,11.443834848532077,14.055277899715467,1
7348,11.45142895588745,14.046897342221245,1
7349,11.460371080404277,14.037805718868468,1
7350,11.490441618357103,14.059044872808524,1
7351,11.461232253426289,14.01940484118084,1
7352,11.526674951786118,14.054070056057128,1
7353,11.545961013717738,14.05918508303564,1
7354,11.514904778020977,14.043607287336442,1
7355,11.583092983353234,14.028273530945294,1
7356,11.596220091318513,14.048770445321292,1
7357,11.640049433538227,14.031632871600213,1
7358,11.640978835371996,14.013265172772485,1
7359,11.662742205314697,14.024201504816237,1
7360,11.693413567364408,14.053084615313773,1
7361,11.67964397531344,14.020400423754044,1
7362,11.745294557224309,14.030467321402535,1
7363,11.733539245103659,14.024484436657454,1
7364,11.752045111819957,14.037539552504171,1
7365,11.746511388167349,14.044078096321126,1
7366,11.802033025266383,14.045276034018995,1
7367,11.784337087775405,14.018973284677992,1
7368,11.770026633984244,14.018814227647175,1
7369,11.807842506366482,14.063095784936323,1
7370,11.86549577937984,14.060914988529452,1
7371,11.828747794900597,14.028846873594713,1
7372,11.846294757575949,14.04969726245646,1
7373,11.865568944499502,14.033654650500639,1
7374,11.833327319990165,14.030300240757835,1
7375,11.875146770051325,14.01605281077067,1
7376,11.877250104883132,14.03348758442121,1
7377,11.924327745955534,14.037345616944911,1
7378,11.924261899788869,14.059902266311955,1
7379,11.913756667576306,14.04835410441518,1
7380,11.95757553437763,14.028793399290091,1
7381,11.93745876094551,14.04040420946722,1
7382,11.955562178301866,14.01778350645584,1
7383,11.960736977032377,14.044357202283956,1
7384,11.975097362318353,14.02656520753269,1
7385,11.990767397609703,14.047187818718685,1
7386,11.993777167435098,14.018313470311247,1
7387,8.017346926343457,14.115762629283012,1
7388,8.005503159794715,14.1050437439936,1
7389,8.000610395594853,14.064723060116174,1
7390,8.029248893531186,14.082450777557689,1
7391,8.039933614773652,14.082949458656561,1
7392,8.045339863277224,14.077967793994626,1
7393,8.107544591897176,14.077015082705653,1
7394,8.081282052723097,14.076055745758385,1
7395,8.099426501536527,14.098297825786553,1
7396,8.141681997018638,14.10637800990513,1
7397,8.17920206029334,14.084110291605928,1
7398,8.168286602219993,14.09504467024067,1
7399,8.218907659391034,14.112762383562675,1
7400,8.194006734372469,14.07654465978377,1
7401,8.216071435280426,14.06949022123743,1
7402,8.281579406385646,14.104888484768889,1
7403,8.254438379979373,14.077217030865564,1
7404,8.282374354503249,14.10506093368585,1
7405,8.294882119267251,14.094397457816791,1
7406,8.31650230093543,14.101539227490209,1
7407,8.312832411744328,14.110948912509755,1
7408,8.329742412458684,14.110998222612881,1
7409,8.382564145722368,14.09664059768804,1
7410,8.391883664541199,14.072890026258284,1
7411,8.348484892240934,14.100866156519412,1
7412,8.345830353812717,14.107828162640619,1
7413,8.40684320885582,14.094061643118659,1
7414,8.41789579874897,14.075877854114074,1
7415,8.415351703845216,14.104302229560393,1
7416,8.440499587063593,14.110474113212836,1
7417,8.496475843844506,14.097292990100494,1
7418,8.467728859341628,14.106916522854956,1
7419,8.463924804809322,14.111935202266194,1
7420,8.492484947185705,14.084583002901315,1
7421,8.53858031882759,14.078769075761615,1
7422,8.528413936593838,14.115557975320312,1
7423,8.509048946641233,14.075228937004402,1
7424,8.519902360209567,14.08118594188295,1
7425,8.602245508976784,14.097321612395568,1
7426,8.601586385551752,14.072446842066933,1
7427,8.568484683918683,14.07200111390245,1
7428,8.65663805489286,14.07346731510743,1
7429,8.623013935711278,14.06604866634121,1
7430,8.629479549830677,14.085820981770997,1
7431,8.676236198740382,14.109692097265857,1
7432,8.663972078223727,14.07615158625222,1
7433,8.711432811803483,14.07948196042572,1
7434,8.761361292117497,14.070028760602998,1
7435,8.718854289839632,14.112199260530916,1
7436,8.804562567487107,14.108420473618272,1
7437,8.80261258261918,14.11289737573444,1
7438,8.80802183377675,14.06685363900174,1
7439,8.855137490145717,14.068375349753412,1
7440,8.85909823884456,14.111595098328195,1
7441,8.875602141802537,14.068356812106174,1
7442,8.870137133826477,14.085175928046004,1
7443,8.913178540755297,14.0996173743639,1
7444,8.920500348487089,14.099375669572071,1
7445,8.885328966598564,14.113949105336788,1
7446,8.928182341989237,14.082536811026301,1
7447,8.974009781703645,14.085215282197996,1
7448,8.957105143926102,14.101439392305997,1
7449,8.97085052030066,14.10788725405142,1
7450,8.947199672688045,14.07260693770396,1
7451,9.010726479890891,14.083570683254164,1
7452,9.033757837354633,14.103042092734576,1
7453,9.014811944942094,14.084364412445927,1
7454,9.08047407892219,14.06812341654709,1
7455,9.080347206899095,14.068934881657785,1
7456,9.081402800435589,14.09689205474488,1
7457,9.064208440456333,14.097437593167808,1
7458,9.143895607057669,14.092434232202173,1
7459,9.140316744600602,14.097705523992564,1
7460,9.13348622018461,14.1048980214158,1
7461,9.100575747437977,14.08826513843276,1
7462,9.192094660761676,14.112286436590075,1
7463,9.146147197587672,14.11101825624061,1
7464,9.167251469237296,14.113418449751881,1
7465,9.187808564280914,14.101176742798408,1
7466,9.247555060128768,14.108740987147934,1
7467,9.239485922112003,14.108581197071555,1
7468,9.216302419535547,14.107993497107406,1
7469,9.252506484892248,14.089790758622835,1
7470,9.300800845265714,14.101167713208245,1
7471,9.254613049475324,14.094861173144906,1
7472,9.31998433314821,14.069310545808346,1
7473,9.352187279225689,14.117290229979341,1
7474,9.334734626634551,14.07561772607499,1
7475,9.378474681854945,14.110813206699037,1
7476,9.391158664327659,14.08485443658823,1
7477,9.379592553353449,14.090962883591603,1
7478,9.455942046712552,14.080215341218235,1
7479,9.437616031712368,14.066300508199099,1
7480,9.481135465363328,14.09906192988981,1
7481,9.468584285745202,14.084398802241713,1
7482,9.545526191327266,14.106291419033841,1
7483,9.523174057551193,14.10699825328094,1
7484,9.54181901883909,14.065033033526868,1
7485,9.61270786720061,14.091667570632653,1
7486,9.60440017423332,14.071118317454824,1
7487,9.625155541605773,14.074281395214742,1
7488,9.576870996432836,14.09945056947706,1
7489,9.606752523876118,14.100659612860069,1
7490,9.67588574153763,14.112842811016673,1
7491,9.626249971507807,14.112832805263563,1
7492,9.663834647721888,14.09915490144783,1
7493,9.637841430208706,14.084077966061063,1
7494,9.646069711836779,14.07208411531194,1
7495,9.68745594822376,14.110254395671195,1
7496,9.787961650663991,14.104964588738742,1
7497,9.870102510453277,14.073316166432784,1
7498,9.88920305129423,14.095842915122201,1
7499,9.856225364237908,14.091513184862853,1
7500,9.862758732642979,14.11125852528277,1
7501,9.920204862770117,14.109541990227727,1
7502,9.929611015003132,14.089437633652885,1
7503,9.899707743960978,14.078154876578864,1
7504,9.937704623772685,14.094995716572967,1
7505,9.931678000064869,14.113024194167204,1
7506,9.973016063467876,14.087153032633987,1
7507,9.990510206313138,14.105296308174394,1
7508,9.979850834501828,14.092507554227902,1
7509,9.998331340479812,14.094127779935281,1
7510,9.994228418123374,14.094886084819676,1
7511,10.003263780184398,14.087413250706708,1
7512,10.01305358578353,14.071430250456862,1
7513,10.009515132670819,14.082072166441092,1
7514,10.068043239934156,14.088752311330095,1
7515,10.080185709286313,14.086713868896465,1
7516,10.12549714189006,14.087326134647283,1
7517,10.153516283069795,14.089077210095812,1
7518,10.178170811478628,14.10943732590264,1
7519,10.194093295868456,14.11328810590612,1
7520,10.255185769070982,14.111695974422407,1
7521,10.218745042444672,14.097913483237738,1
7522,10.304652294566072,14.06651315883384,1
7523,10.28233959277208,14.083904700571317,1
7524,10.342309086880755,14.109580428556754,1
7525,10.358984691667878,14.106993946913516,1
7526,10.373572115210477,14.103180185338935,1
7527,10.416503938155614,14.085061740028847,1
7528,10.381375601802796,14.073837651050473,1
7529,10.388247170562948,14.101328627399313,1
7530,10.453483818587584,14.067709865478259,1
7531,10.450755625120593,14.06653805124127,1
7532,10.45168831577592,14.06695771181103,1
7533,10.527902094556278,14.102442931386856,1
7534,10.491398108405583,14.10036815794096,1
7535,10.508773065016547,14.11094206783865,1
7536,10.564098749628958,14.10924305823394,1
7537,10.587673886351368,14.101188910357397,1
7538,10.627237395874706,14.109285982379793,1
7539,10.634942800343373,14.083289951234804,1
7540,10.640151803800812,14.080068887102994,1
7541,10.686396548930901,14.084189418065053,1
7542,10.668518577254982,14.096460008601996,1
7543,10.659069075862623,14.115735228575623,1
7544,10.720534778108332,14.104554470817463,1
7545,10.697064683121798,14.097755060389291,1
7546,10.71128192902024,14.106277050790384,1
7547,10.778818467228644,14.105210588564873,1
7548,10.756924727232855,14.095557347426928,1
7549,10.758151080928304,14.072293261989387,1
7550,10.80971568702618,14.11610450357124,1
7551,10.809673313285348,14.109335727208752,1
7552,10.826777101345334,14.080047564754267,1
7553,10.890590101525282,14.08968762172807,1
7554,10.89704084319064,14.076667659220353,1
7555,10.946214331176975,14.081548431430456,1
7556,10.946449842887002,14.078258733364011,1
7557,10.986112152314867,14.103373831170682,1
7558,10.964849382181908,14.065227190281542,1
7559,11.042674560052472,14.089039893884449,1
7560,11.03961834037586,14.07648524516291,1
7561,11.107561485176168,14.094256700861967,1
7562,11.10286348493003,14.09280315259366,1
7563,11.149522175302133,14.087723158433858,1
7564,11.181963575783021,14.090352270503155,1
7565,11.228554753101342,14.116186576487857,1
7566,11.26841753048468,14.086795314794319,1
7567,11.231614891400545,14.08029085746112,1
7568,11.280822821119834,14.097430629358026,1
7569,11.330588508663984,14.095855075425447,1
7570,11.30234304934731,14.109294913103163,1
7571,11.364859897840923,14.08794670730877,1
7572,11.376837887210646,14.073411648326342,1
7573,11.358129286871195,14.10849841046394,1
7574,11.40734898541526,14.105731369700006,1
7575,11.442589104236017,14.084084081932135,1
7576,11.406593773957013,14.074883089701027,1
7577,11.417608423997873,14.08716245585559,1
7578,11.462357518024394,14.091085376740143,1
7579,11.47938420743487,14.116389633221939,1
7580,11.496916702695813,14.107185663713901,1
7581,11.447667501362565,14.097496395713673,1
7582,11.510791037151106,14.091393385142949,1
7583,11.501272833914209,14.092395279560801,1
7584,11.524195052729542,14.069078195325547,1
7585,11.551619007754981,14.115824151853653,1
7586,11.558638425649292,14.071416051304814,1
7587,11.643771666761122,14.106311825979546,1
7588,11.620073997050167,14.103296657446185,1
7589,11.665709237030791,14.090887067561482,1
7590,11.71046093360873,14.078502590867476,1
7591,11.69012008840459,14.07373934312988,1
7592,11.748298263835796,14.09697681167693,1
7593,11.726520719546293,14.111716184352767,1
7594,11.741679241136264,14.092433832474304,1
7595,11.732050055703626,14.110490989878533,1
7596,11.768640196944228,14.08614734739155,1
7597,11.795960845724005,14.075210276383036,1
7598,11.81265074793337,14.077303150304603,1
7599,11.779033491680094,14.103610126140705,1
7600,11.789261096228651,14.099795970254473,1
7601,11.834321506446498,14.085323183240346,1
7602,11.822674590763238,14.069362946260007,1
7603,11.83328741394915,14.112757359467304,1
7604,11.849365324430426,14.074335026356145,1
7605,11.842896316723703,14.08836133930204,1
7606,11.88554947373917,14.07913878471928,1
7607,11.898221437536034,14.065624264284475,1
7608,11.900307272173842,14.075091113246499,1
7609,11.882619752032257,14.105549014774978,1
7610,11.909332059471945,14.087522189469599,1
7611,11.953853324211524,14.072735226135878,1
7612,11.92688623244432,14.07695203848833,1
7613,11.975385071526064,14.104710364459622,1
7614,11.970248274232944,14.079325403077046,1
7615,11.959040744208092,14.068589460117929,1
7616,8.018288804911661,14.150841015029549,1
7617,8.025442170786778,14.121046507939546,1
7618,8.048702514609069,14.164802147141494,1
7619,8.027711022022446,14.140346562383963,1
7620,8.056840820505036,14.132935889200457,1
7621,8.027172445639168,14.124087740142787,1
7622,8.127177021902767,14.156511145393152,1
7623,8.120781167887365,14.15152039985423,1
7624,8.08590231167518,14.170955775298626,1
7625,8.087403550129732,14.12982738075346,1
7626,8.160320719544695,14.161648860155484,1
7627,8.153276266204916,14.128500959539279,1
7628,8.144609477330192,14.130433769088807,1
7629,8.209513177853784,14.150963862558665,1
7630,8.19993396732322,14.11968971933204,1
7631,8.23231703138626,14.11941526990893,1
7632,8.243609521865272,14.153358401897744,1
7633,8.275242558008657,14.15260582613346,1
7634,8.236379974844741,14.160710304598645,1
7635,8.31494072560572,14.154978356509814,1
7636,8.296950842811688,14.166278849017734,1
7637,8.321743424486371,14.153093963637568,1
7638,8.309296134080714,14.161795807714876,1
7639,8.352281598101303,14.118219173728898,1
7640,8.368973409287031,14.146295875153205,1
7641,8.364988593278163,14.169161289657458,1
7642,8.362970073743957,14.13100974234631,1
7643,8.419116033249509,14.143435757986326,1
7644,8.40475388695608,14.14249568739605,1
7645,8.40350030252626,14.148588235976206,1
7646,8.43727974313824,14.12878738851181,1
7647,8.462423943269648,14.15177804167857,1
7648,8.492200256069964,14.128562422467597,1
7649,8.463215843901853,14.164929491712769,1
7650,8.461898256937378,14.160118742178312,1
7651,8.507534691139092,14.16102450273475,1
7652,8.514681690979753,14.120381412602367,1
7653,8.555262059713744,14.165345054430666,1
7654,8.522898046409281,14.168940809547719,1
7655,8.590282871281,14.159089249841141,1
7656,8.606279179759282,14.142565290888818,1
7657,8.575825166832455,14.1493904206004,1
7658,8.598717703382858,14.147736871127687,1
7659,8.621875452722506,14.145113738464373,1
7660,8.649903328700933,14.13791281637171,1
7661,8.62728866809309,14.166310163755943,1
7662,8.621110087633447,14.1237595612898,1
7663,8.702192848740527,14.164896008110937,1
7664,8.711370918178183,14.171109625021284,1
7665,8.69552305360374,14.127163641878736,1
7666,8.670312569328466,14.152831928548583,1
7667,8.770023520487584,14.159055879769289,1
7668,8.742743135372319,14.125081137313126,1
7669,8.735443577790607,14.13442287605043,1
7670,8.790371270759225,14.137599441464904,1
7671,8.813186535131493,14.121274450157856,1
7672,8.814994383274518,14.149293728951505,1
7673,8.867329076766463,14.15474395671307,1
7674,8.866711124444587,14.12040068378062,1
7675,8.861152123245605,14.160782972031143,1
7676,8.86854480251794,14.126547751236561,1
7677,8.881730596579692,14.126065653794463,1
7678,8.896875478623526,14.16633340404335,1
7679,8.909215331903097,14.160679717406657,1
7680,8.974116861730263,14.120867584044182,1
7681,8.942301117224506,14.150668786146577,1
7682,8.979750314427099,14.168116850711097,1
7683,9.031804480172056,14.162309927485438,1
7684,9.030376197332352,14.127694925998409,1
7685,9.06428382941481,14.121047909982114,1
7686,9.06591467448889,14.120336252266553,1
7687,9.111131670976569,14.128073633269553,1
7688,9.121789676886152,14.164486958734013,1
7689,9.146618526243193,14.12245820522861,1
7690,9.193754602872122,14.161001738400309,1
7691,9.225785649426186,14.120512768455386,1
7692,9.29124917604472,14.151155522020128,1
7693,9.316128453662254,14.161756101992497,1
7694,9.320160285126546,14.156513029842534,1
7695,9.394758577932883,14.1500735474392,1
7696,9.396587786533702,14.12899241393388,1
7697,9.379572113526596,14.1499805604562,1
7698,9.44794571511716,14.1409640509008,1
7699,9.457299310663663,14.170993493315448,1
7700,9.485387337760262,14.136311249937682,1
7701,9.516149833921565,14.161880248120898,1
7702,9.513133621396253,14.143806908772936,1
7703,9.520708016819036,14.15392109106707,1
7704,9.553937688204787,14.126341793548633,1
7705,9.569755476140573,14.12411108489955,1
7706,9.534742709946011,14.170601310809696,1
7707,9.568948055289342,14.15541750901706,1
7708,9.53959092680757,14.149789334000403,1
7709,9.595467762515925,14.129289551613658,1
7710,9.621860874927094,14.140874515077043,1
7711,9.613379764539872,14.130298052140596,1
7712,9.61406944525285,14.130403815545398,1
7713,9.579935696781982,14.152676885340464,1
7714,9.573849499196768,14.160570475665061,1
7715,9.662577520024904,14.12748440971279,1
7716,9.659285358669033,14.147348175272668,1
7717,9.674992659760541,14.148744299719523,1
7718,9.743162372479127,14.122064450826237,1
7719,9.82424458589799,14.162799250117773,1
7720,9.85234433662341,14.119527144586307,1
7721,9.843311659195884,14.132160243823565,1
7722,9.891868240983039,14.133884235124778,1
7723,9.901761554700817,14.167990735419663,1
7724,9.937414687679471,14.142849807632128,1
7725,9.927228959687971,14.14820247338931,1
7726,9.934603849247907,14.137093669919219,1
7727,9.96780760312647,14.14247691437272,1
7728,9.980321388876536,14.143600929330065,1
7729,9.976340058686903,14.148768853633953,1
7730,9.983029055783192,14.135093599304145,1
7731,10.028847311407532,14.167958781965234,1
7732,10.007351686876442,14.119062385853578,1
7733,10.03148140765367,14.135157050457762,1
7734,10.013680862871539,14.129687614880236,1
7735,10.07133483635754,14.16818392444779,1
7736,10.092648737113398,14.150676673609551,1
7737,10.095884739123235,14.16488446450331,1
7738,10.155102629505864,14.12756984369915,1
7739,10.135908667946143,14.1285469945704,1
7740,10.20697145822219,14.1504436809491,1
7741,10.206153985593055,14.168694101048986,1
7742,10.222162009631099,14.161222659206665,1
7743,10.218609466904354,14.160471752955651,1
7744,10.284625546371329,14.148046997475879,1
7745,10.289678115146268,14.133834240555734,1
7746,10.328496283512958,14.124097633704118,1
7747,10.342991971865956,14.13269203489634,1
7748,10.41009155402875,14.128611883881332,1
7749,10.394574865908874,14.132811731276561,1
7750,10.452897865056508,14.137431418045047,1
7751,10.46829929246415,14.152336982271036,1
7752,10.516789966737683,14.128085225753603,1
7753,10.497353865912643,14.160570989800714,1
7754,10.49356926118882,14.118671074947837,1
7755,10.558124766540393,14.1702635600265,1
7756,10.549198567877342,14.129168901532365,1
7757,10.551500051687098,14.120989661528858,1
7758,10.593689670318078,14.12417743765655,1
7759,10.633739503460584,14.128344622188608,1
7760,10.598154022099395,14.135596101896466,1
7761,10.68843226535281,14.144156417583414,1
7762,10.67864553865236,14.128253950618594,1
7763,10.72415026961289,14.1299398066797,1
7764,10.697496893641027,14.117970141365493,1
7765,10.793668757312757,14.153016236671512,1
7766,10.783212808091648,14.133982486306106,1
7767,10.754851711431291,14.164819483425182,1
7768,10.851742245527664,14.118263739946222,1
7769,10.826560603339217,14.139214929774216,1
7770,10.890651048547182,14.164521785563158,1
7771,10.879671242740356,14.120199944215303,1
7772,10.957805852353651,14.123859651386605,1
7773,10.914244709454918,14.153395761564454,1
7774,10.970840335607486,14.164379159425554,1
7775,10.97310535968726,14.140522918697336,1
7776,11.056770508129661,14.15946332305778,1
7777,11.053122214040167,14.170216832444199,1
7778,11.101652574374247,14.155209868610402,1
7779,11.1228177823307,14.157023078215607,1
7780,11.13590277623762,14.128286096292598,1
7781,11.148918049032433,14.13241366520859,1
7782,11.184443816260254,14.153629236826637,1
7783,11.214179914836125,14.13620883759122,1
7784,11.280947801752575,14.148943137702522,1
7785,11.276823211448457,14.129426070820564,1
7786,11.301533463437071,14.134657880116384,1
7787,11.316921725258362,14.151598602603563,1
7788,11.348969135181388,14.13373087286722,1
7789,11.370900427059143,14.143159493581457,1
7790,11.422017082421632,14.118295130805762,1
7791,11.441371768971315,14.122463749360938,1
7792,11.403625371074632,14.135820288007542,1
7793,11.456161324600842,14.146394153575955,1
7794,11.475830679945997,14.155379053786717,1
7795,11.462966338636585,14.15419197597216,1
7796,11.536452001829161,14.147108352279547,1
7797,11.536066806683195,14.161780967310913,1
7798,11.502383440283129,14.167699672679053,1
7799,11.560826543190014,14.145155378379053,1
7800,11.586929844211541,14.141771965062995,1
7801,11.583547329368796,14.155623889961815,1
7802,11.63859939866652,14.13241103335731,1
7803,11.641432724685929,14.165046063644532,1
7804,11.629214092325958,14.132379300356373,1
7805,11.680425914303749,14.158028410027706,1
7806,11.692305330469443,14.162329796078273,1
7807,11.70372169245617,14.167867313794497,1
7808,11.69156785228528,14.127673743007046,1
7809,11.742792369078249,14.14339173349352,1
7810,11.74702713528667,14.124450567672486,1
7811,11.72319413691705,14.169128300226195,1
7812,11.719446683119012,14.170439336939179,1
7813,11.779072680763992,14.12947292392232,1
7814,11.789422357309494,14.137867020402801,1
7815,11.779219462483498,14.120352062555588,1
7816,11.781268074479316,14.161296148870345,1
7817,11.767685033309366,14.118170960434144,1
7818,11.850465120205676,14.148632887894255,1
7819,11.821296308267822,14.128948554480063,1
7820,11.85920011333523,14.12213166777874,1
7821,11.860494340251535,14.170279692484833,1
7822,11.843953879104772,14.148047899729086,1
7823,11.911048858438324,14.119194118869888,1
7824,11.893360011278537,14.148857843102231,1
7825,11.916963147920654,14.122109899932756,1
7826,11.89993867829014,14.118867383640314,1
7827,11.911506014326905,14.129419528312912,1
7828,11.935747726649607,14.139830155799231,1
7829,11.971645675061856,14.140809716591507,1
7830,11.949482211228078,14.132780026613474,1
7831,11.963399016951255,14.13787321724234,1
7832,11.942986819964203,14.154296556519897,1
7833,11.982799059297228,14.16911909935278,1
7834,11.997522530560712,14.152636640623804,1
7835,8.006680208779988,14.18645569213528,1
7836,8.018268733677198,14.203362618289301,1
7837,8.020294794334491,14.183999206330396,1
7838,8.074006136733196,14.211916643332348,1
7839,8.031726355662498,14.215233392249191,1
7840,8.035924534844607,14.215330082164,1
7841,8.033151331676818,14.216684616045121,1
7842,8.127501771176368,14.177620056453156,1
7843,8.092599407619451,14.19859756696766,1
7844,8.120681277591785,14.177665715867798,1
7845,8.140024824403476,14.190502630260156,1
7846,8.16987029334295,14.208938248156175,1
7847,8.18712285137811,14.213397274320691,1
7848,8.186596998078286,14.187810970202197,1
7849,8.246759462866306,14.194498081364912,1
7850,8.278210878751901,14.193944597756431,1
7851,8.238294300770148,14.188991783980093,1
7852,8.321312112429805,14.217097859874785,1
7853,8.306140055689033,14.20303147583169,1
7854,8.304169293177365,14.224176278142913,1
7855,8.359983293929366,14.181154255711755,1
7856,8.372556707428839,14.21195225236383,1
7857,8.34385859933885,14.223732786782053,1
7858,8.437219630196875,14.19885892479728,1
7859,8.43896424787679,14.222330920737825,1
7860,8.431301033796222,14.20878355511376,1
7861,8.468558176674367,14.194921357885399,1
7862,8.468655106428736,14.19096358206692,1
7863,8.477506745042474,14.175326957277006,1
7864,8.51083670238437,14.188802130781664,1
7865,8.511090553028362,14.220378533884688,1
7866,8.58921106899175,14.205846796459857,1
7867,8.5617841024838,14.207452996469378,1
7868,8.594372831983229,14.1875517806876,1
7869,8.631769016078438,14.175963165615439,1
7870,8.611766428372636,14.196825728403065,1
7871,8.654730150938066,14.183550443806226,1
7872,8.658492060443152,14.200614710684919,1
7873,8.630610405368294,14.171275853513665,1
7874,8.685777362254155,14.172734262769906,1
7875,8.707750097165482,14.186317862618646,1
7876,8.66837984162135,14.172018046784272,1
7877,8.710686350261799,14.211444166648281,1
7878,8.692867233773018,14.201169680465062,1
7879,8.725022684823676,14.204982562384222,1
7880,8.730005828413589,14.218991080989262,1
7881,8.765342642365173,14.194802293477357,1
7882,8.784149333841608,14.224431725485863,1
7883,8.78417649666665,14.205214065638945,1
7884,8.821534652987525,14.187340230637174,1
7885,8.839211205556618,14.189862776471957,1
7886,8.844386078326846,14.177201702259433,1
7887,8.862524403064498,14.205497624929672,1
7888,8.892819429776603,14.184919798585126,1
7889,8.953086369126256,14.208806768098023,1
7890,9.024872517647774,14.212596288700285,1
7891,9.037656605905571,14.195121668917032,1
7892,9.1401040265954,14.22282239242811,1
7893,9.37413109755684,14.21363922985843,1
7894,9.395437902425279,14.186070594363366,1
7895,9.420498852809288,14.209888460249092,1
7896,9.461911192222853,14.212694210348888,1
7897,9.481768858749525,14.204571580214786,1
7898,9.491393740937994,14.201353884732004,1
7899,9.495235583330512,14.21274420103248,1
7900,9.473384813956972,14.222715379306893,1
7901,9.568501387472674,14.214797895767356,1
7902,9.543956237698303,14.178126133084094,1
7903,9.525417289819481,14.21015745679904,1
7904,9.533427024320028,14.175463878629309,1
7905,9.539633791324077,14.171894258343077,1
7906,9.547208099936649,14.197969711994293,1
7907,9.582373237027015,14.216953655577749,1
7908,9.617778682327392,14.208407735555683,1
7909,9.613618786972786,14.174612778185127,1
7910,9.611035019530362,14.208871911972292,1
7911,9.648036506494563,14.1875484749304,1
7912,9.701459357561465,14.192831855124666,1
7913,9.734848283867349,14.208040787153173,1
7914,9.773011326250037,14.173622185905746,1
7915,9.837778796498295,14.200973686612635,1
7916,9.787818910302725,14.192333218481847,1
7917,9.858710865238681,14.220215795017344,1
7918,9.850614153230875,14.21633373557487,1
7919,9.917515448013559,14.209829293241464,1
7920,9.908932991778878,14.185585790510435,1
7921,9.929119939302671,14.202875284222838,1
7922,9.963459734848783,14.198824265735917,1
7923,9.974284130829233,14.17272481403479,1
7924,9.98256189649924,14.197169218437875,1
7925,10.028943540606527,14.195663058546874,1
7926,10.050567605561987,14.172377397342782,1
7927,10.003991978270136,14.20629792762496,1
7928,10.103294172837938,14.214826164532836,1
7929,10.066721204787877,14.222400274802117,1
7930,10.05792239997646,14.176523687480438,1
7931,10.13237607862157,14.187544904119072,1
7932,10.117859584318024,14.20856422551987,1
7933,10.154198303541461,14.178715011773848,1
7934,10.186679299343748,14.219356299969386,1
7935,10.195459143730575,14.185005280872211,1
7936,10.254051171935085,14.217693009622504,1
7937,10.235201840253357,14.180189911611603,1
7938,10.255337359075737,14.172731011844137,1
7939,10.291267162132975,14.215539627731562,1
7940,10.315547985452017,14.209689727862695,1
7941,10.315491054527538,14.19697783242068,1
7942,10.322000266880275,14.2160250501473,1
7943,10.355802034037515,14.204007286793123,1
7944,10.331986347522474,14.216040762814245,1
7945,10.423224773733384,14.199482611593492,1
7946,10.410581769323162,14.22448301048952,1
7947,10.428913228208506,14.178735564903349,1
7948,10.488436920275522,14.180235100290506,1
7949,10.507733567395821,14.212945398786907,1
7950,10.515268584313985,14.207343888981878,1
7951,10.582622906073789,14.17438990947226,1
7952,10.584984981086388,14.175671778638549,1
7953,10.583019915595692,14.218172150166575,1
7954,10.589587214566029,14.222570206385639,1
7955,10.598764097093147,14.21666286125761,1
7956,10.620790121034567,14.20300992079279,1
7957,10.646911022284133,14.204135855385333,1
7958,10.651565933815553,14.187784395128624,1
7959,10.665846312478617,14.205145465965023,1
7960,10.700629003615992,14.214282688577693,1
7961,10.741747279137728,14.18387198777516,1
7962,10.713412814474843,14.177160623482473,1
7963,10.779391794214709,14.183155055381008,1
7964,10.753925896925796,14.173765720739153,1
7965,10.790188175353434,14.223665193957482,1
7966,10.821110943636317,14.171131528353134,1
7967,10.83556598017123,14.21775149463021,1
7968,10.840236125304202,14.220812971299654,1
7969,10.89554057167778,14.199155666758257,1
7970,10.88534456183074,14.179897979395644,1
7971,10.873657973345754,14.21747663429663,1
7972,10.939395997126153,14.218731918137344,1
7973,10.92300916797218,14.174672621351654,1
7974,11.00614797298202,14.200660894972543,1
7975,11.005129419713779,14.212309578114265,1
7976,11.035526083581605,14.209324001040436,1
7977,11.027851493279268,14.198890127378911,1
7978,11.109032976754015,14.221172492366117,1
7979,11.085604450561476,14.197587315620938,1
7980,11.163683570798296,14.172668320086526,1
7981,11.17218823151562,14.19079735838314,1
7982,11.22379506536371,14.221611809445442,1
7983,11.219110575471129,14.17408931784449,1
7984,11.259374457346249,14.17825018868662,1
7985,11.257039517257354,14.207356434183538,1
7986,11.248297670626926,14.194811429934145,1
7987,11.308259593579958,14.172853702471484,1
7988,11.301939071373532,14.203425702665307,1
7989,11.306649631353256,14.214200562498226,1
7990,11.371107462980806,14.184987806092215,1
7991,11.370896466952074,14.223871759518161,1
7992,11.345982997760172,14.199938428896932,1
7993,11.415070124584862,14.199613479876948,1
7994,11.402696673508668,14.183343100728997,1
7995,11.393622762102426,14.191564732482588,1
7996,11.458565711310749,14.195674783090116,1
7997,11.470716373231975,14.197132526137457,1
7998,11.459519805664646,14.201065209212498,1
7999,11.525438289053954,14.172208448761987,1
8000,11.503053121925236,14.207038482061128,1
8001,11.52703309229456,14.199246606167259,1
8002,11.557444175981345,14.201757234239718,1
8003,11.585667196434693,14.187567732452623,1
8004,11.597589353542562,14.224196713224021,1
8005,11.559264299114133,14.22150356390803,1
8006,11.628338222219616,14.201949969394256,1
8007,11.620528778589,14.177327302439949,1
8008,11.622736351785676,14.221378785239489,1
8009,11.620360996783544,14.21043852094258,1
8010,11.639606195505612,14.183201501772908,1
8011,11.675658219659265,14.19261494661677,1
8012,11.67235220042513,14.186955909929342,1
8013,11.68398911005246,14.215566272014556,1
8014,11.660701233996779,14.193669207321667,1
8015,11.661704924150982,14.211471076333757,1
8016,11.761721630638041,14.199666736709998,1
8017,11.749341250347063,14.173817320217564,1
8018,11.732116431434855,14.183649585340191,1
8019,11.779397620498855,14.217550441077764,1
8020,11.808619174847559,14.219326144534037,1
8021,11.779815293801086,14.172975166384528,1
8022,11.82276137367891,14.218525494798127,1
8023,11.82180566658587,14.198340115405522,1
8024,11.841405488718063,14.202701362662769,1
8025,11.829492687253993,14.188974588467465,1
8026,11.88196830951104,14.198571614333204,1
8027,11.903352921648917,14.176008627964979,1
8028,11.910894837576208,14.1712228377227,1
8029,11.91475213014831,14.206716345347028,1
8030,11.898021125244284,14.174864152188682,1
8031,11.9757751249363,14.200534916724234,1
8032,11.970598734253366,14.190607880768283,1
8033,11.966992642389105,14.201291460369797,1
8034,11.973022633845293,14.21221637436443,1
8035,11.978822163004827,14.211291325875521,1
8036,11.996009654874987,14.211475078189867,1
8037,8.014534710564549,14.24313814567885,1
8038,8.037157904302333,14.250414667474583,1
8039,8.023517940936042,14.22693527135231,1
8040,8.118880711394544,14.27259673363744,1
8041,8.123337035257435,14.26188286285906,1
8042,8.134030311854241,14.228008915256595,1
8043,8.144923225032413,14.273820321916894,1
8044,8.217257574008402,14.226219481530118,1
8045,8.196636925399062,14.249064794070904,1
8046,8.272129123124223,14.271962306773469,1
8047,8.285288254246701,14.27223371525672,1
8048,8.24111328908706,14.23099972035428,1
8049,8.294971597531616,14.232781270448962,1
8050,8.338670041032705,14.25336433982319,1
8051,8.309907004938676,14.243451009982355,1
8052,8.373481419478418,14.274919739829485,1
8053,8.39256777578693,14.228058389207197,1
8054,8.38863198224155,14.277166498480707,1
8055,8.439134927922312,14.250851227600695,1
8056,8.40938179787077,14.258884816054845,1
8057,8.434263960315773,14.274392222780477,1
8058,8.472972079527615,14.248548378818402,1
8059,8.477440963338307,14.250642141999974,1
8060,8.47717202797302,14.265369667240446,1
8061,8.545928372055783,14.271264047986355,1
8062,8.548290922915475,14.274699514739087,1
8063,8.58085579341516,14.264274678856525,1
8064,8.564864903134302,14.25681503690899,1
8065,8.595571544066447,14.24699862042748,1
8066,8.598275097669829,14.249132535542225,1
8067,8.62416667191571,14.247433002785526,1
8068,8.646940345882872,14.238982044720139,1
8069,8.649017646528304,14.26482566345286,1
8070,8.644701411072994,14.271814958748003,1
8071,8.654294396460807,14.24038755700833,1
8072,8.650179299805636,14.246659595728778,1
8073,8.702991234403042,14.22919506073452,1
8074,8.694298218199021,14.26004397617525,1
8075,8.689766790917043,14.22500397927001,1
8076,8.696825204782705,14.260104711931334,1
8077,8.707616540964352,14.262078103630301,1
8078,8.72862524709141,14.228433219054834,1
8079,8.746816807256792,14.26595741196553,1
8080,8.758382100508452,14.276702778207282,1
8081,8.74930399810408,14.261705266611592,1
8082,8.808122762118186,14.236548003424131,1
8083,8.802094641829196,14.231869061733175,1
8084,8.790197977799226,14.269670006866521,1
8085,8.864406121421885,14.246149844833754,1
8086,8.874617245966599,14.248929776668984,1
8087,8.976069550091674,14.247598783476617,1
8088,9.02746575366828,14.237090056575044,1
8089,9.009291788570254,14.26775944007423,1
8090,9.06863716230807,14.2658700287928,1
8091,9.064912092592808,14.22691790648054,1
8092,9.25036836786024,14.240107480219447,1
8093,9.217622235481617,14.246486073470638,1
8094,9.232521710872728,14.2742943727568,1
8095,9.285016536509373,14.267981005123625,1
8096,9.295444054180305,14.249203544434977,1
8097,9.285178450315357,14.245968273237693,1
8098,9.339358213913862,14.248819942639818,1
8099,9.360919581506334,14.249511524043754,1
8100,9.41141746623962,14.256110948482625,1
8101,9.426529357094134,14.271556781165678,1
8102,9.438115210101573,14.249154335488239,1
8103,9.428540673790865,14.235400546988329,1
8104,9.48342327907462,14.265251425567293,1
8105,9.484408997885435,14.230028062248532,1
8106,9.5064336387564,14.272056347256944,1
8107,9.558749877112612,14.236949068721279,1
8108,9.546645939590098,14.275282794208769,1
8109,9.55358902027197,14.244697875713968,1
8110,9.611834477736885,14.264383423181048,1
8111,9.596550911946206,14.250094669685398,1
8112,9.6241204110458,14.24433234607745,1
8113,9.661081850943958,14.23764378972758,1
8114,9.64757193579976,14.238879334332236,1
8115,9.720368506070072,14.232435721158726,1
8116,9.684370871957737,14.27716984192144,1
8117,9.78375896065585,14.2338931854938,1
8118,9.77870157239251,14.268329038318596,1
8119,9.796794156844728,14.269003376735986,1
8120,9.834507580080436,14.258795499313223,1
8121,9.887405888054346,14.27310814315705,1
8122,9.874932899883312,14.253148311314293,1
8123,9.860954242941595,14.262221874279563,1
8124,9.902924009342977,14.233222072952575,1
8125,9.915646335301863,14.25482777258892,1
8126,9.900528395961672,14.241242146972917,1
8127,9.996811921658894,14.244692255929824,1
8128,9.947040418005146,14.246366009193467,1
8129,9.98200965552407,14.230426337337896,1
8130,10.035014761299012,14.255564500329692,1
8131,10.05231052823361,14.254677626141017,1
8132,10.01365728638451,14.263605582145049,1
8133,10.077815858527766,14.27107288570995,1
8134,10.099760481054334,14.234860984488916,1
8135,10.072137811138456,14.256837241519353,1
8136,10.15434261797882,14.245946918176951,1
8137,10.109079565922261,14.240447739077675,1
8138,10.1963018309838,14.251441675696922,1
8139,10.169925396584526,14.23756970494935,1
8140,10.186583084064402,14.269250991530319,1
8141,10.242729183014205,14.244126034839141,1
8142,10.24501710944039,14.266303228364256,1
8143,10.314807228844337,14.26810478760614,1
8144,10.2683607603955,14.233147650700337,1
8145,10.280337629420993,14.268614109157465,1
8146,10.362243073695273,14.253682131114722,1
8147,10.372797671497015,14.233566074332005,1
8148,10.338594803930155,14.253483126858853,1
8149,10.420498080532102,14.266892394565676,1
8150,10.405680677515019,14.277473792896545,1
8151,10.44419082923841,14.26830413655527,1
8152,10.502201675912117,14.259183153272618,1
8153,10.49478488585186,14.243721577939592,1
8154,10.538861781274438,14.242603555136665,1
8155,10.547650080758272,14.243664565637184,1
8156,10.586082438189376,14.231048506346069,1
8157,10.628911401790857,14.231880879486075,1
8158,10.629253971553252,14.254635280537626,1
8159,10.611415311161794,14.228461583519891,1
8160,10.65488746438835,14.271268456757104,1
8161,10.668610575985593,14.275069985538043,1
8162,10.675521974384345,14.273108894228463,1
8163,10.737526546949947,14.255774383680636,1
8164,10.709609895074754,14.273284654028393,1
8165,10.74644659551227,14.269965289543965,1
8166,10.743046760937505,14.239879514168294,1
8167,10.756441743219657,14.235564931178597,1
8168,10.798736024344654,14.229870789443101,1
8169,10.780998018870438,14.25418077128487,1
8170,10.81403125878345,14.248275591273671,1
8171,10.815914490281266,14.245857594983853,1
8172,10.834195101963758,14.262017584380686,1
8173,10.905256708041625,14.248611937667926,1
8174,10.864684660586425,14.239198895696672,1
8175,10.88044301890752,14.225181624818681,1
8176,10.873862020549122,14.255897801553829,1
8177,10.93346218049961,14.266348114817468,1
8178,10.950962740150572,14.23665482696313,1
8179,10.99239110926882,14.256957755488756,1
8180,11.06887602523065,14.266248856952402,1
8181,11.086284771455624,14.238424307558585,1
8182,11.120512348905631,14.255816796090418,1
8183,11.12779312670647,14.224991433927784,1
8184,11.12875875938915,14.265697806125797,1
8185,11.215146593865096,14.228484478969419,1
8186,11.220553002133663,14.255505171710187,1
8187,11.207488306797678,14.255738549627695,1
8188,11.26147769039099,14.260990744070174,1
8189,11.23761780369086,14.263004126636543,1
8190,11.23541930801736,14.255168193076061,1
8191,11.277314673253107,14.257399020274152,1
8192,11.303292232377704,14.229135788113286,1
8193,11.321644258373041,14.250553815517252,1
8194,11.331364392080022,14.265617625897946,1
8195,11.300170324991859,14.248484060837669,1
8196,11.292735178486074,14.241394902241884,1
8197,11.36408356688439,14.233644104995658,1
8198,11.351839854591356,14.276324836864564,1
8199,11.367805320909975,14.252741010958678,1
8200,11.343582229791643,14.229948085703962,1
8201,11.350052210341506,14.229023770376061,1
8202,11.438273835594298,14.257035493937249,1
8203,11.431630621734223,14.257528035416883,1
8204,11.431944612362336,14.241661501761094,1
8205,11.426927468488053,14.23367150803514,1
8206,11.456434700757187,14.260948204253122,1
8207,11.448517552241556,14.25196272276999,1
8208,11.471127133870825,14.249070380865874,1
8209,11.488645534081911,14.23368963323893,1
8210,11.520107774909777,14.269667363792319,1
8211,11.528080912085969,14.27227976355504,1
8212,11.52654940992315,14.269053770850649,1
8213,11.525587767986995,14.258957678077927,1
8214,11.595395690669731,14.225684452960085,1
8215,11.597197326053498,14.245185764772886,1
8216,11.5980363479918,14.23989570623794,1
8217,11.592466126593022,14.236869843446213,1
8218,11.601771326544704,14.255097546550857,1
8219,11.656953426926924,14.22777575385561,1
8220,11.652293776816112,14.224862834384068,1
8221,11.611169865428458,14.240488488777379,1
8222,11.631543931437735,14.251008061422501,1
8223,11.636546641369229,14.253704602284753,1
8224,11.700724673434944,14.273639187765578,1
8225,11.686445366032062,14.248382182097908,1
8226,11.699643255052667,14.231531484004595,1
8227,11.693694898153664,14.235079603423717,1
8228,11.75717461063118,14.23494294366352,1
8229,11.752966150910906,14.233836409241416,1
8230,11.782489183940694,14.233639776557727,1
8231,11.854266525631479,14.232197621963898,1
8232,11.844365718444708,14.265725204116892,1
8233,11.881495852997904,14.227199223345176,1
8234,11.909207475580912,14.246945706393834,1
8235,11.890542954774025,14.225712075080056,1
8236,11.936821854698907,14.22757363535957,1
8237,11.961066397142174,14.226416632098699,1
8238,11.981604047961353,14.265638283558703,1
8239,11.999705295020583,14.267604696403948,1
8240,8.012309703202833,14.28421682006867,1
8241,8.007558134716186,14.310851584262156,1
8242,8.064479664168344,14.316304464718572,1
8243,8.025212687111928,14.29868002471903,1
8244,8.05945548101832,14.28963612122346,1
8245,8.115452027802425,14.328492742074644,1
8246,8.102623150392148,14.295935974357471,1
8247,8.113407761586668,14.316088992016573,1
8248,8.174625742699059,14.322701879440812,1
8249,8.151289169591301,14.292457216366499,1
8250,8.173434747056705,14.302791863232905,1
8251,8.20462912330081,14.300876067046849,1
8252,8.188747358525138,14.29251812971008,1
8253,8.20878789367643,14.317183199193162,1
8254,8.25241529916802,14.305832783733393,1
8255,8.268040655558545,14.307958795396102,1
8256,8.277693613203958,14.279807988541151,1
8257,8.265642818881672,14.314316091249214,1
8258,8.313918304727276,14.301131783146039,1
8259,8.29323421866915,14.282942762484739,1
8260,8.303947862398362,14.326436246018481,1
8261,8.37310854356934,14.279216975035125,1
8262,8.349307171917001,14.318775519192402,1
8263,8.388720908663169,14.282979289943365,1
8264,8.438633335531085,14.328693213489078,1
8265,8.423393716710997,14.279968319557529,1
8266,8.437483157211481,14.290167538592085,1
8267,8.470242770251438,14.27910291913736,1
8268,8.463372999101201,14.303663381125562,1
8269,8.4700963741433,14.288202305428646,1
8270,8.553972048189305,14.28909003090332,1
8271,8.519070135833697,14.283396417150124,1
8272,8.508152466337396,14.316721781131317,1
8273,8.600824151732079,14.282550516603463,1
8274,8.607164531328385,14.307355906104055,1
8275,8.5953625858871,14.281663420734859,1
8276,8.601212325249422,14.304619781292486,1
8277,8.558925049753416,14.3002771992668,1
8278,8.631496241849407,14.31467678090213,1
8279,8.614596675222579,14.308189998105135,1
8280,8.613374193150236,14.289910123478695,1
8281,8.642426324575267,14.312612880520064,1
8282,8.619131749630148,14.317574420565848,1
8283,8.61123923489818,14.329243715382011,1
8284,8.713469842820347,14.325809447033432,1
8285,8.679689830693727,14.287127683707093,1
8286,8.69148670001336,14.319238097333029,1
8287,8.6651790685089,14.285238543190077,1
8288,8.678755623573068,14.279499828925521,1
8289,8.717624357601068,14.326001570964014,1
8290,8.767800323815427,14.288292990861443,1
8291,8.753591740155159,14.278884834449121,1
8292,8.754154512884583,14.315263983769604,1
8293,8.771784634676253,14.32810453433155,1
8294,8.788875279354148,14.278992984878228,1
8295,8.81839123296102,14.30259976650068,1
8296,8.829722495103058,14.327745871976964,1
8297,8.858758447053404,14.297055955684662,1
8298,8.967443993793571,14.28031736402566,1
8299,9.021090248267868,14.299916544481302,1
8300,9.025743167530138,14.317718913720851,1
8301,9.132919726511213,14.290836050444968,1
8302,9.157111560717698,14.288308189865038,1
8303,9.15030250953245,14.32073670235988,1
8304,9.166498264951139,14.324428263941106,1
8305,9.147250029132945,14.326544370507161,1
8306,9.216698663176434,14.29791642816791,1
8307,9.230461638246513,14.323723618948351,1
8308,9.199487087795752,14.304277421737922,1
8309,9.211375296435842,14.284388372941494,1
8310,9.21080838885736,14.296994863012232,1
8311,9.202030192525903,14.280958323419787,1
8312,9.279823643769614,14.301958167275776,1
8313,9.300578288311579,14.292726148113447,1
8314,9.275081655400543,14.320908060367186,1
8315,9.254467755396162,14.328505989061867,1
8316,9.252248044612601,14.322340462752958,1
8317,9.337275216592435,14.278936355150908,1
8318,9.354602058384403,14.292580921859155,1
8319,9.409307949251364,14.327704285034113,1
8320,9.39340527455295,14.303662661493648,1
8321,9.397113999837376,14.278311341451985,1
8322,9.43245730653083,14.282593859853083,1
8323,9.413644535645872,14.318106665232108,1
8324,9.434183134135873,14.329027408101984,1
8325,9.414308296661696,14.320538146303553,1
8326,9.48714824984126,14.297842293632588,1
8327,9.502181813463718,14.299057873549257,1
8328,9.505939261330571,14.325057588389708,1
8329,9.519212730941378,14.30669554377991,1
8330,9.560997776338324,14.298209908495338,1
8331,9.581456834944802,14.32004839111029,1
8332,9.608678098810756,14.310859249474113,1
8333,9.67693804375653,14.328658671234004,1
8334,9.643801891139125,14.311698226733558,1
8335,9.662633550389153,14.280467817135763,1
8336,9.720744227730105,14.31446130758454,1
8337,9.70936450894458,14.315803597416883,1
8338,9.766749428337903,14.32952811212481,1
8339,9.826925780634593,14.288839372616154,1
8340,9.802778889216233,14.29090207850877,1
8341,9.848264393405243,14.31249785053705,1
8342,9.884060052774561,14.325364438365899,1
8343,9.943576909138962,14.326013305169557,1
8344,9.907866748074264,14.321444866859748,1
8345,9.950878996255254,14.326188467814367,1
8346,9.965512662994183,14.280709419145824,1
8347,9.994185377068655,14.308962165991288,1
8348,10.000238820772372,14.280262554026157,1
8349,10.053401122830662,14.321320126562753,1
8350,10.062779640369065,14.28177813855434,1
8351,10.086009093118026,14.292362886404973,1
8352,10.149569726237855,14.280819215224842,1
8353,10.144834684518877,14.298490792871016,1
8354,10.210799650076094,14.288132337712513,1
8355,10.21250552264588,14.307071138069064,1
8356,10.219660550696885,14.307156347357601,1
8357,10.217457013511929,14.311844008038621,1
8358,10.270847863664056,14.313702166089842,1
8359,10.292655353197967,14.290974313324702,1
8360,10.335769325935368,14.29988777399719,1
8361,10.353924462662755,14.314999481888897,1
8362,10.336470319056744,14.313183601929223,1
8363,10.424320988829292,14.289791450408183,1
8364,10.377069553489784,14.316583657447179,1
8365,10.426790493602674,14.293864536673805,1
8366,10.473463360451,14.29094656766875,1
8367,10.529568223846473,14.30290983137286,1
8368,10.481733120101048,14.318162003998555,1
8369,10.569149434134163,14.312619248384564,1
8370,10.586379957267868,14.281900759457903,1
8371,10.54763449474369,14.300938544170599,1
8372,10.61680709952753,14.294646165507594,1
8373,10.624812118468723,14.314325380752857,1
8374,10.67588790113915,14.299214360945008,1
8375,10.649973497028443,14.301327967145752,1
8376,10.657247234701515,14.297722616090748,1
8377,10.721543365993663,14.323825850970623,1
8378,10.730829806490648,14.295486548882144,1
8379,10.734029646084613,14.304300739524406,1
8380,10.775741675096441,14.293028363701481,1
8381,10.794074747814191,14.287390532061256,1
8382,10.849666824912106,14.325639478880895,1
8383,10.824979136751967,14.301529611070057,1
8384,10.828559225020415,14.317783956336783,1
8385,10.871514087095363,14.307570739152293,1
8386,10.905550929663955,14.287103757741031,1
8387,10.861746955011602,14.300086983315964,1
8388,10.959160178116555,14.32515107322655,1
8389,10.914089525682861,14.280557309437812,1
8390,10.986828622145818,14.29160520646084,1
8391,11.061824053168571,14.285892034666109,1
8392,11.080987797204847,14.28681301043806,1
8393,11.090832143310445,14.319084233176836,1
8394,11.174229730663626,14.303012907617125,1
8395,11.141058932335042,14.285982259853702,1
8396,11.145564055802943,14.297590405374265,1
8397,11.201439905391629,14.29779758086603,1
8398,11.199052520411524,14.319469537013537,1
8399,11.201706036421294,14.289138590084757,1
8400,11.183743311849899,14.281246677084566,1
8401,11.183691409888592,14.305411020330299,1
8402,11.269699131569826,14.310967856963478,1
8403,11.27611196425189,14.296682067714672,1
8404,11.242701190188095,14.331196866887057,1
8405,11.280023837243782,14.301315937120286,1
8406,11.253213626706092,14.303286552327144,1
8407,11.33295004091454,14.284055055271802,1
8408,11.336331385697173,14.278968554709772,1
8409,11.283948857804013,14.316842154054465,1
8410,11.308275136616933,14.323781109983754,1
8411,11.299592631072208,14.326461467588913,1
8412,11.319670703649434,14.28667987514815,1
8413,11.38281826029033,14.281524110667895,1
8414,11.389073550305627,14.321001960261807,1
8415,11.358231039123307,14.305488882489566,1
8416,11.372666678430578,14.331040747685112,1
8417,11.378709044933306,14.329903454290175,1
8418,11.404664893806103,14.325213089754742,1
8419,11.428747399373194,14.307979837524451,1
8420,11.416382971004381,14.283030290527481,1
8421,11.418286026276471,14.29941557421085,1
8422,11.449162523704173,14.317740370185877,1
8423,11.468222464969426,14.308911407710465,1
8424,11.473315230302012,14.287160636073288,1
8425,11.494085346277178,14.292964837093995,1
8426,11.517597994133782,14.278227836478106,1
8427,11.523294832307995,14.28052971198401,1
8428,11.50430164876833,14.313164995144007,1
8429,11.535724109961002,14.27874329342594,1
8430,11.517258161071439,14.284852492780844,1
8431,11.581861196221407,14.326557319642944,1
8432,11.590236937422604,14.313964917008649,1
8433,11.561138095874803,14.305664436468618,1
8434,11.563932012746747,14.286208583369318,1
8435,11.625791775992441,14.31185959180839,1
8436,11.64570657068967,14.279993266534863,1
8437,11.640272445705602,14.291291403038644,1
8438,11.669232462735568,14.298090953809853,1
8439,11.677489494178637,14.28477308181356,1
8440,11.70803896267147,14.311935289894517,1
8441,11.733489341060457,14.2939573817916,1
8442,11.723066034979006,14.32711331654155,1
8443,11.714286115713916,14.279133193313305,1
8444,11.787726495830016,14.31495755666798,1
8445,11.789364180984329,14.329477162411138,1
8446,11.77589932653945,14.291726205515277,1
8447,11.84021529399871,14.326859368493503,1
8448,11.891447358811472,14.319004717795842,1
8449,11.933830727851388,14.299948455419155,1
8450,11.966880739654586,14.296653987287526,1
8451,8.014396353346232,14.36410522779677,1
8452,8.005118578081367,14.370872813524358,1
8453,8.052178216490145,14.382875026773506,1
8454,8.054904988765953,14.334538514566871,1
8455,8.06870677389697,14.358587305110653,1
8456,8.07604955236973,14.380165145203389,1
8457,8.084453632206879,14.340216205234917,1
8458,8.086499057525728,14.380149020033626,1
8459,8.140083922982788,14.334971418445427,1
8460,8.17136531841873,14.35173062351129,1
8461,8.176847863905282,14.368013129123637,1
8462,8.192157693510396,14.34486667311464,1
8463,8.203218184819882,14.35668448309525,1
8464,8.227845165967484,14.371050347126578,1
8465,8.189593657946522,14.379219896882661,1
8466,8.260148373800584,14.360455103297967,1
8467,8.263115390578598,14.384808759504764,1
8468,8.236737815924279,14.358926392793544,1
8469,8.284803755685141,14.36215559864372,1
8470,8.313176585530297,14.335897860029894,1
8471,8.291429251459615,14.359491834090017,1
8472,8.31659910063585,14.35476709824922,1
8473,8.320992508924139,14.356209006353273,1
8474,8.357009882712278,14.342707969154842,1
8475,8.342781328886904,14.36868178256009,1
8476,8.382164179075506,14.33605399366429,1
8477,8.351539592742125,14.376848452427916,1
8478,8.410665553758475,14.378959217575275,1
8479,8.416816125353723,14.339578989376413,1
8480,8.448695048464458,14.343117311497398,1
8481,8.43914880014062,14.35131129309669,1
8482,8.457281604815375,14.34186916874393,1
8483,8.495098018771236,14.38162804523453,1
8484,8.494317488064157,14.337824572909073,1
8485,8.478353514743286,14.331895339519967,1
8486,8.459628183475324,14.342210974148543,1
8487,8.5309385606294,14.354213739476878,1
8488,8.543560285410107,14.3519980313282,1
8489,8.537032979941225,14.37502960384355,1
8490,8.51912498257476,14.360311172174006,1
8491,8.50951138596494,14.35814646018784,1
8492,8.574318783660901,14.36467075988738,1
8493,8.6091706619582,14.363571223300966,1
8494,8.582651014617317,14.375031163689435,1
8495,8.573477780379845,14.345728379909033,1
8496,8.564461534393018,14.334186245947519,1
8497,8.598895784375179,14.350915882424916,1
8498,8.615640184265638,14.354354121511603,1
8499,8.659233737953965,14.383893239271453,1
8500,8.640223913851594,14.375306782970032,1
8501,8.618413297737643,14.358878111423662,1
8502,8.650100223964987,14.34716987205245,1
8503,8.613356583292314,14.34473972400115,1
8504,8.689111730495515,14.342153120415803,1
8505,8.67868962550299,14.359491408665223,1
8506,8.70094592813295,14.358695631108137,1
8507,8.699559357613769,14.356967972944812,1
8508,8.67552908402732,14.353624248699413,1
8509,8.754340475271928,14.366442437286281,1
8510,8.735145325868274,14.384421149466263,1
8511,8.751226658068294,14.382828351014208,1
8512,8.762566065007364,14.362251366746193,1
8513,8.775851670225132,14.350501332235668,1
8514,8.77568666577783,14.380025366401345,1
8515,8.811979320910257,14.341302524997632,1
8516,8.850527235652212,14.355092022679944,1
8517,8.848857601880729,14.368173943225301,1
8518,8.883820313214287,14.360918206124675,1
8519,8.903762986184267,14.359166176385221,1
8520,8.942846647416149,14.343836098593925,1
8521,8.948801723937386,14.37575306721161,1
8522,9.012761356734043,14.348677612284588,1
8523,8.990474798407133,14.344547897038877,1
8524,8.992723545281493,14.362910079724838,1
8525,9.068516338887589,14.368966133237045,1
8526,9.08086413751601,14.339451259817729,1
8527,9.127559111400064,14.367271257701413,1
8528,9.137458560527236,14.375538346946454,1
8529,9.1184961108446,14.340022550182518,1
8530,9.097296316924186,14.3461578747174,1
8531,9.197064113795381,14.369248314372182,1
8532,9.173376906355795,14.343065086582481,1
8533,9.193282287163477,14.357879793203677,1
8534,9.169623092982269,14.371825821214287,1
8535,9.176782364085584,14.367901606673444,1
8536,9.155628661917813,14.378303047627611,1
8537,9.230982150433181,14.365502775818252,1
8538,9.24141808690015,14.362057717006055,1
8539,9.224720992137298,14.347174486105965,1
8540,9.246077011519976,14.358034246538118,1
8541,9.250358980098182,14.356952520615469,1
8542,9.2144649003684,14.356429663581102,1
8543,9.286697702223584,14.353660581713692,1
8544,9.269427420501389,14.347325813662746,1
8545,9.279378007459028,14.34870674393546,1
8546,9.27633144467964,14.350319539556285,1
8547,9.353727659811723,14.333493258831076,1
8548,9.35177524846184,14.375451538872417,1
8549,9.337810163463725,14.347399991859366,1
8550,9.376963672193355,14.367897736172942,1
8551,9.372689665133597,14.385008992438506,1
8552,9.386020439836825,14.3377290818676,1
8553,9.374251211246015,14.380838856350959,1
8554,9.358835524224762,14.339377375307738,1
8555,9.432272916331279,14.3491196015308,1
8556,9.43639389115063,14.352940813360542,1
8557,9.433472946979638,14.356926677558663,1
8558,9.435215072950461,14.335922943720458,1
8559,9.444056691525184,14.338561485036848,1
8560,9.476298503907326,14.373188809226017,1
8561,9.487179246906422,14.37054901220088,1
8562,9.516734099000173,14.363160823025096,1
8563,9.469633430682343,14.339150681416184,1
8564,9.470685860367047,14.357243832731802,1
8565,9.55575105034375,14.35563660727057,1
8566,9.526119828614434,14.338457279292562,1
8567,9.55029551467702,14.353282412715343,1
8568,9.525681181399968,14.35597556948809,1
8569,9.593453503610752,14.36493000959682,1
8570,9.57367861766432,14.342888454797583,1
8571,9.62538679946151,14.339480291888316,1
8572,9.664050579751148,14.37666236078048,1
8573,9.671715598240262,14.35846513342929,1
8574,9.631427755807751,14.335170811166604,1
8575,9.70586913262609,14.366059352540137,1
8576,9.679673147841738,14.335302670121676,1
8577,9.746082804030596,14.335599694459528,1
8578,9.78961870814428,14.371610972490615,1
8579,9.819125350641269,14.331563812991813,1
8580,9.87306826774408,14.378738708699005,1
8581,9.89028419635996,14.371338448010668,1
8582,9.928034634033736,14.349154516431897,1
8583,9.92701196228972,14.348905595079685,1
8584,9.975717532650403,14.35897262795149,1
8585,9.960755188430374,14.3400817012036,1
8586,10.016882656749438,14.340376688291109,1
8587,10.000851729412785,14.370509662096742,1
8588,10.085699001233161,14.336088981064506,1
8589,10.099063547464244,14.333715531464678,1
8590,10.15893754517685,14.360908595345103,1
8591,10.117663327961951,14.363654022852712,1
8592,10.205674093911549,14.331939674376223,1
8593,10.169789431058097,14.383813287955743,1
8594,10.181136137322905,14.349791907094653,1
8595,10.24325822895238,14.371768699838235,1
8596,10.252532940131527,14.338191941360055,1
8597,10.292271943189583,14.331779467395942,1
8598,10.271761021815434,14.366700617245568,1
8599,10.358120472055143,14.354755768710705,1
8600,10.367090845749743,14.378165515263762,1
8601,10.341598303999422,14.35404281678362,1
8602,10.400473318761692,14.357577710341488,1
8603,10.399242654101787,14.364565358447834,1
8604,10.394598850176989,14.383295249583693,1
8605,10.444189604922958,14.378598636991736,1
8606,10.433701281042818,14.336583497795008,1
8607,10.491525938437134,14.376831357524583,1
8608,10.570297968511026,14.361602868041937,1
8609,10.539400111547444,14.339562672380696,1
8610,10.62129173470873,14.371687979785479,1
8611,10.631983843182773,14.35995060926896,1
8612,10.678039724443579,14.381558059633667,1
8613,10.667231112309958,14.350415532160971,1
8614,10.724727221259265,14.380514337778957,1
8615,10.726608954274313,14.37903690202316,1
8616,10.76210353129121,14.367100339019615,1
8617,10.749323743240211,14.347275505407488,1
8618,10.81247995759201,14.337979708606158,1
8619,10.818210951170675,14.362995601468466,1
8620,10.857427582139676,14.334154199438945,1
8621,10.880158488110395,14.339863450964264,1
8622,10.868238532880307,14.341969937310191,1
8623,10.955334249589047,14.345852480759573,1
8624,10.953389218188429,14.363399316724884,1
8625,11.008723263662139,14.357146380871933,1
8626,11.023051307320035,14.355505477849283,1
8627,11.054575836467825,14.353311226808337,1
8628,11.090974853493774,14.359074659129478,1
8629,11.12020568698265,14.384618456660592,1
8630,11.11010399929036,14.358589890074263,1
8631,11.12953869422733,14.335818690029845,1
8632,11.141563377305161,14.378124462818143,1
8633,11.146131651516216,14.332687970148994,1
8634,11.171646330041213,14.377207794831536,1
8635,11.228236181969727,14.349151054582645,1
8636,11.229103465328556,14.347096809083391,1
8637,11.20057368494054,14.344300310811285,1
8638,11.193184468773872,14.359584883799466,1
8639,11.279142078462069,14.352530848088277,1
8640,11.25158761811341,14.369566891100707,1
8641,11.281622698583393,14.351588840621343,1
8642,11.270940864090177,14.376002435878911,1
8643,11.303156041425655,14.374377588455639,1
8644,11.299821288715146,14.375856059027058,1
8645,11.2953157389923,14.377268840090878,1
8646,11.28757925970667,14.352259559553886,1
8647,11.38805726600942,14.364671203537686,1
8648,11.357997931619147,14.369148682317736,1
8649,11.358592653122756,14.372980560121425,1
8650,11.3896689293264,14.340086731120536,1
8651,11.425495556905652,14.361117435141137,1
8652,11.410378414434614,14.356152443057884,1
8653,11.390956952662217,14.337401075475487,1
8654,11.46604549940715,14.363661823626222,1
8655,11.458845221613142,14.36905148339624,1
8656,11.444950454155205,14.376737867821165,1
8657,11.491653675998998,14.370364288654757,1
8658,11.508204356085121,14.339883750677066,1
8659,11.536633597313894,14.381557698834508,1
8660,11.504277892621062,14.366222501834697,1
8661,11.502635436733168,14.341883811630405,1
8662,11.525253753911429,14.345256034869433,1
8663,11.579634640317646,14.367866602404664,1
8664,11.561075442139842,14.346660532039882,1
8665,11.553239355505154,14.37291099343753,1
8666,11.598927056374295,14.360634039556212,1
8667,11.625764370276478,14.367489569143306,1
8668,11.64756332945843,14.333370980955907,1
8669,11.639290811996519,14.34189005085534,1
8670,11.66350699928209,14.372427095251984,1
8671,11.6670542201897,14.373039512589779,1
8672,11.671115739483009,14.333610972403365,1
8673,11.723343889676668,14.34828649676242,1
8674,11.73569063279555,14.350606883224188,1
8675,11.728465635040733,14.369395345068307,1
8676,11.773871686563119,14.344095956426724,1
8677,11.807373794407276,14.382839856455218,1
8678,11.801234928048833,14.374101228428575,1
8679,11.793023011816642,14.380807532342134,1
8680,11.825842130038717,14.350370056884982,1
8681,11.836748811313846,14.348740943672622,1
8682,11.913461170142563,14.360996937812917,1
8683,11.898751890311045,14.372140623481627,1
8684,11.937882398419248,14.36435556735692,1
8685,11.92881650061225,14.351349251391072,1
8686,11.982692188641849,14.356042542172471,1
8687,11.98364898938768,14.344382143260598,1
8688,8.02051346994697,14.419005585748616,1
8689,8.062378752347875,14.433228913651353,1
8690,8.048806441351706,14.416389526978145,1
8691,8.037240887724332,14.389493914728996,1
8692,8.123435479774633,14.397560680337667,1
8693,8.119635463088219,14.40043189737424,1
8694,8.127788394142975,14.40675314655768,1
8695,8.128799059484841,14.418561005585413,1
8696,8.175967450461817,14.42624706634618,1
8697,8.142017693630526,14.389831442398405,1
8698,8.200853579456837,14.42085062042693,1
8699,8.194185824962316,14.406358401421857,1
8700,8.216212893628654,14.40368153190356,1
8701,8.186998058196703,14.397090077293102,1
8702,8.235328530677673,14.408685219387051,1
8703,8.284372882097932,14.421485405867095,1
8704,8.23608396131429,14.390578714215854,1
8705,8.279973913641633,14.437904385495472,1
8706,8.300988651863094,14.424223129104371,1
8707,8.328454008584856,14.420220924041928,1
8708,8.304907243148678,14.423564259530396,1
8709,8.297963510313185,14.394389512499593,1
8710,8.341665623784703,14.431712304547833,1
8711,8.372061891977829,14.392908003535714,1
8712,8.387098876994402,14.431057614612074,1
8713,8.34337334362991,14.393332582014454,1
8714,8.355725537318568,14.422588000090201,1
8715,8.446793090425952,14.438315797481234,1
8716,8.414529476776881,14.425325987828606,1
8717,8.431745078766117,14.407708695118982,1
8718,8.396263107561047,14.431784734686154,1
8719,8.44394258355385,14.3921804654684,1
8720,8.476552970925347,14.39263240196185,1
8721,8.459629994629452,14.396481367690601,1
8722,8.450344641687444,14.423631195229865,1
8723,8.498105138969146,14.393690870918018,1
8724,8.449215711284236,14.413282482969134,1
8725,8.526781412190564,14.427857748626893,1
8726,8.52544892840513,14.402806147773866,1
8727,8.527659101010197,14.437198663736346,1
8728,8.553297883724788,14.40610613331494,1
8729,8.545591823195,14.386247207307502,1
8730,8.602892478519173,14.406105962331122,1
8731,8.592601667669781,14.395566014868205,1
8732,8.577066294342705,14.43431126837954,1
8733,8.578937058198004,14.4328160069343,1
8734,8.592229219317352,14.433872256852496,1
8735,8.568017820353043,14.397248668302215,1
8736,8.613432626993049,14.421263234722556,1
8737,8.62185695843445,14.39677077955556,1
8738,8.662493674003608,14.400460411088686,1
8739,8.626754066881636,14.435916558019521,1
8740,8.61615662694886,14.429517624696262,1
8741,8.645410560214389,14.416331897248208,1
8742,8.711148855474798,14.398531868183916,1
8743,8.705884837271155,14.409752032286113,1
8744,8.687250857004985,14.429711042503177,1
8745,8.698280425407827,14.406016227611994,1
8746,8.738757212605796,14.404010993586603,1
8747,8.761356132325767,14.407665180043415,1
8748,8.767109201739938,14.412187475346254,1
8749,8.814759627682287,14.412036083867639,1
8750,8.783405460789824,14.39111564252282,1
8751,8.79416264809561,14.433824136700231,1
8752,8.857567962424588,14.419702520516148,1
8753,8.849894716975127,14.408044303657887,1
8754,8.913690441085212,14.420430587961047,1
8755,8.906679372593779,14.398209758078623,1
8756,8.934318024535004,14.406238909458441,1
8757,8.942459110814045,14.404391724071951,1
8758,8.95712703228049,14.404507049950443,1
8759,9.028938570688595,14.419290196576972,1
8760,9.01185714956927,14.413430919073873,1
8761,9.002100619789644,14.400213742047924,1
8762,9.011556142588878,14.387066267848066,1
8763,9.0675901331083,14.397457256650977,1
8764,9.039917997165121,14.411520755795056,1
8765,9.04426602241922,14.43387611376674,1
8766,9.069840066993882,14.424924338976735,1
8767,9.076295211713342,14.433202805385307,1
8768,9.095261887127245,14.39775648346031,1
8769,9.103825100112864,14.436472933155773,1
8770,9.093297028094648,14.41581359407783,1
8771,9.095640860683208,14.431210084139567,1
8772,9.10503093080477,14.430485211316325,1
8773,9.147797021302704,14.422768905223768,1
8774,9.145380900407748,14.430418795983108,1
8775,9.186334515946662,14.4131446813841,1
8776,9.148046059821384,14.421829504265428,1
8777,9.170666837363576,14.42670991884136,1
8778,9.245439729534127,14.413187864029695,1
8779,9.217853357383119,14.427467460273682,1
8780,9.205138580802004,14.434492756183015,1
8781,9.296827598116364,14.42702994732818,1
8782,9.256293352970472,14.428874239486706,1
8783,9.261063502252847,14.424671314663838,1
8784,9.354223535053801,14.401509590512585,1
8785,9.336963554249413,14.43071498085704,1
8786,9.327700470464098,14.432560121219849,1
8787,9.319624539232015,14.388801650437694,1
8788,9.399526989268045,14.40860390666307,1
8789,9.358882857412034,14.416422253921258,1
8790,9.374358676404507,14.386913524492401,1
8791,9.384051850249381,14.437962251103107,1
8792,9.377297663931076,14.416119595306608,1
8793,9.45837675192655,14.407105920239507,1
8794,9.438044261834639,14.400913934800531,1
8795,9.430208051923964,14.40243999778141,1
8796,9.440697803120766,14.421964694104112,1
8797,9.417500101721007,14.414279189016785,1
8798,9.501185529396999,14.400595280345089,1
8799,9.476866670526528,14.425513443515104,1
8800,9.50928258573525,14.39109264649503,1
8801,9.50411134052076,14.388626107093069,1
8802,9.501811167338921,14.426874892170016,1
8803,9.528761669704904,14.410140541136947,1
8804,9.519703166381216,14.422488549743093,1
8805,9.52850009545638,14.386182132570307,1
8806,9.526700242920398,14.42369417203178,1
8807,9.597021313574745,14.39517766272082,1
8808,9.59708488326156,14.402019870757192,1
8809,9.600877006995066,14.42881845184624,1
8810,9.609003574831222,14.399037900256124,1
8811,9.63368519447707,14.43138796741502,1
8812,9.672784882979654,14.422060523505102,1
8813,9.673772998579556,14.433863582600594,1
8814,9.661563652883485,14.395686705951382,1
8815,9.709696341249911,14.394448046450698,1
8816,9.708248660514494,14.410839557923929,1
8817,9.835999644580214,14.405397478939356,1
8818,9.87857896596688,14.40300642413734,1
8819,9.89782280801502,14.40708701307977,1
8820,9.990015495628874,14.406677777769193,1
8821,9.987429822927497,14.426963474633565,1
8822,10.006802863726534,14.424059235615974,1
8823,10.14307852741584,14.432625098692064,1
8824,10.163299340184565,14.432526326126274,1
8825,10.212775907893649,14.413603117673096,1
8826,10.243695481258507,14.414079086090727,1
8827,10.231750920839989,14.42065858303471,1
8828,10.292342898422095,14.385425821212236,1
8829,10.28717569043428,14.419405906593077,1
8830,10.344623555042658,14.430127690994263,1
8831,10.371787145132343,14.420436643461828,1
8832,10.38998232713765,14.431842658791144,1
8833,10.374560417581673,14.406650119809786,1
8834,10.419476138765313,14.431167033410286,1
8835,10.480495627708114,14.400222125753723,1
8836,10.434712141719068,14.403929651333277,1
8837,10.502393138408305,14.393297520553899,1
8838,10.531462128709437,14.415215057584376,1
8839,10.585911870999748,14.430865539036988,1
8840,10.581370984660788,14.431375151973464,1
8841,10.543495320914499,14.389133980119668,1
8842,10.590340344524785,14.428498918315277,1
8843,10.599370377554717,14.438074209140588,1
8844,10.594872483051633,14.42232203379582,1
8845,10.66086632184587,14.395678067880882,1
8846,10.674189840686907,14.406556207260524,1
8847,10.718527939142813,14.399455858091573,1
8848,10.744665098911888,14.397806889980982,1
8849,10.717911203900904,14.425490618330318,1
8850,10.801298607189974,14.407738246583286,1
8851,10.781326320705624,14.421642198615885,1
8852,10.790680290944577,14.38782233846024,1
8853,10.846192835580592,14.392729706805707,1
8854,10.821214281911345,14.422299553161134,1
8855,10.865392549548925,14.40623369595476,1
8856,10.870200649650771,14.41931775301598,1
8857,10.865553604142717,14.399700795367492,1
8858,10.955184736199353,14.405077177534686,1
8859,10.955164179200292,14.411942350433007,1
8860,10.976446193233297,14.401065968022738,1
8861,10.967630815864306,14.39089332766384,1
8862,11.066760546326101,14.418980936136103,1
8863,11.032672847998533,14.389779120516822,1
8864,11.101747160851225,14.434519261623045,1
8865,11.113085205838876,14.412326999680253,1
8866,11.07049459471528,14.434221664158722,1
8867,11.155554564860013,14.389179568974921,1
8868,11.171456666894375,14.402392862312924,1
8869,11.172829129586367,14.433573655083098,1
8870,11.2077563106987,14.416483065519083,1
8871,11.195870523267741,14.386580544498464,1
8872,11.240627793718161,14.431173697595003,1
8873,11.264114941459852,14.399496830735382,1
8874,11.331766031053952,14.430773646085912,1
8875,11.296972613501788,14.428667939587683,1
8876,11.382689701104688,14.4376105855263,1
8877,11.353455378441698,14.393586478590848,1
8878,11.40388511647415,14.424462411984676,1
8879,11.417086224186521,14.389888878798882,1
8880,11.483117216294776,14.411414897342095,1
8881,11.48433245152486,14.39206999272677,1
8882,11.452410834090818,14.42274506784357,1
8883,11.542666480538358,14.418888789489937,1
8884,11.545743187220284,14.431500797823542,1
8885,11.51961004973837,14.403169910649897,1
8886,11.523819067981034,14.428238922380512,1
8887,11.583261646288925,14.394711424059311,1
8888,11.563378937345737,14.40723886848886,1
8889,11.553414203346357,14.418136352999436,1
8890,11.59533749440648,14.416642057180338,1
8891,11.64887348685576,14.424665655680213,1
8892,11.650181480725628,14.434034606341074,1
8893,11.608804713869375,14.420097461587845,1
8894,11.65529830473437,14.401440824133102,1
8895,11.710723633764248,14.432480387653689,1
8896,11.672262917175734,14.41984609671859,1
8897,11.709960668227787,14.39982996972255,1
8898,11.722136413958895,14.428421924690207,1
8899,11.722222549833647,14.385501693769251,1
8900,11.732012579025241,14.420229960709845,1
8901,11.774241297715712,14.419338409295081,1
8902,11.767279269263552,14.404291651756399,1
8903,11.764746859530279,14.429561046308846,1
8904,11.794037663420934,14.385527778746559,1
8905,11.832191734907772,14.434083225675366,1
8906,11.827021286370101,14.423952926533016,1
8907,11.887410848179053,14.435484314238993,1
8908,11.878989977925286,14.405920533729942,1
8909,11.953198197472943,14.38578062528847,1
8910,11.931746738817683,14.391598616690912,1
8911,11.988388752073798,14.386028891705827,1
8912,8.012097619312062,14.489175462700057,1
8913,8.066595797880145,14.462532588492138,1
8914,8.039373277059106,14.45703049051535,1
8915,8.073646449411484,14.486973492200818,1
8916,8.077267087470343,14.486753697784817,1
8917,8.117587596792026,14.490666955062943,1
8918,8.084411008125846,14.448312246923711,1
8919,8.168829546878039,14.444338451442013,1
8920,8.147347960328277,14.442740314857149,1
8921,8.171779333719178,14.445611451418744,1
8922,8.197479523267663,14.471790861486664,1
8923,8.206283523239719,14.446776626167932,1
8924,8.190962537957592,14.469183259413295,1
8925,8.201479696569983,14.438892987653633,1
8926,8.286877021202585,14.454499617097545,1
8927,8.240486474937347,14.448850460016757,1
8928,8.273543753407655,14.459765272777442,1
8929,8.267984344538098,14.459797295056035,1
8930,8.274374320444348,14.476178348159957,1
8931,8.333100908968362,14.440547178447543,1
8932,8.341308318423662,14.458534433114332,1
8933,8.312873965391853,14.439953653241949,1
8934,8.33706209515322,14.464361456353894,1
8935,8.308471142424786,14.484550257534636,1
8936,8.342137791190035,14.450931560988655,1
8937,8.34907789821405,14.439917806654924,1
8938,8.388338848354474,14.4778791472268,1
8939,8.351051862053632,14.484352264672042,1
8940,8.352161445181377,14.457772563321328,1
8941,8.438359777181118,14.457024389693359,1
8942,8.409324100529595,14.464851025904961,1
8943,8.417492992081334,14.481603198929095,1
8944,8.475702886091902,14.490889539672047,1
8945,8.459431621495227,14.481122970935276,1
8946,8.488777361608479,14.490288668976904,1
8947,8.507575299503952,14.461970061946978,1
8948,8.543984407320295,14.45858205804127,1
8949,8.550943351789279,14.461080667022687,1
8950,8.565140662578669,14.440838087620358,1
8951,8.599607083403496,14.487206195825168,1
8952,8.590585599260626,14.454302013779627,1
8953,8.597526336210175,14.468956500907254,1
8954,8.645627409759726,14.489267761898962,1
8955,8.632006789295398,14.481983554463437,1
8956,8.660484109403926,14.461723531162185,1
8957,8.655314448960914,14.489309212465205,1
8958,8.709046301599484,14.459692545879749,1
8959,8.678859128854462,14.445916544083753,1
8960,8.68213774135724,14.461805154259167,1
8961,8.76044538703122,14.487410404435504,1
8962,8.757257569592287,14.472252073739591,1
8963,8.794445090679512,14.47944622162449,1
8964,8.786763559111657,14.448516987513532,1
8965,8.862135810541838,14.479360034489261,1
8966,8.997829115657805,14.447259489676712,1
8967,9.015791591616873,14.479123955596263,1
8968,8.986002381682278,14.474404499073488,1
8969,9.073399251243302,14.48153816784994,1
8970,9.063570613691633,14.464081772191232,1
8971,9.06955329364929,14.449862330663679,1
8972,9.077006851337346,14.473728755483721,1
8973,9.136595941967501,14.478601522213555,1
8974,9.115949281834729,14.443951092659814,1
8975,9.13147799850192,14.465201851738554,1
8976,9.132179032930443,14.443376243660294,1
8977,9.156747962430122,14.468372050053897,1
8978,9.149000943049318,14.44498389569584,1
8979,9.202222208147976,14.461841786811656,1
8980,9.22886869007573,14.458769047534494,1
8981,9.26185579723924,14.474578857542632,1
8982,9.251454394927823,14.489339840947864,1
8983,9.330545036319132,14.471089678544192,1
8984,9.329622176072649,14.489591528472387,1
8985,9.326718288132756,14.486994019348119,1
8986,9.41014511549683,14.45003619041119,1
8987,9.40861444993288,14.456540047559848,1
8988,9.375095327841633,14.44889199909062,1
8989,9.39060711392385,14.47850438279601,1
8990,9.449612590149796,14.450265373300482,1
8991,9.450144332240168,14.484756507887932,1
8992,9.419434958146722,14.476751249056369,1
8993,9.413189785791712,14.480505112033132,1
8994,9.48936840415449,14.484275516973469,1
8995,9.480548940004699,14.487512810175593,1
8996,9.479939699383932,14.457575535995543,1
8997,9.550852118265677,14.462466952714923,1
8998,9.533518886425446,14.48129760230847,1
8999,9.524207326879809,14.489582733891691,1
9000,9.529748101370213,14.479107138563505,1
9001,9.592063031293613,14.47825314449202,1
9002,9.580960435526162,14.465363426541053,1
9003,9.617727151431213,14.463878020112546,1
9004,9.617961917361585,14.457502459674156,1
9005,9.621037227906749,14.4620208392304,1
9006,9.667598536505405,14.45050012005015,1
9007,9.630217999705776,14.471153648536548,1
9008,9.642904559092527,14.458807852949466,1
9009,9.67845195288358,14.476390038305851,1
9010,9.706743021096754,14.467954306779164,1
9011,9.67916315099055,14.475793071628074,1
9012,9.703766624162125,14.470219373725014,1
9013,9.785412732368476,14.457483057731894,1
9014,9.784237688274658,14.444396811697722,1
9015,9.823241741826722,14.466928126940754,1
9016,9.797991631257672,14.454933040162963,1
9017,9.827823774329994,14.446871799182498,1
9018,9.789542131174448,14.45364698615461,1
9019,9.87177190537006,14.448766066924719,1
9020,9.873125980842953,14.48808893575309,1
9021,9.857786952579781,14.438590225981299,1
9022,9.886388674429236,14.461649667938914,1
9023,9.914575875047785,14.455991483773959,1
9024,9.940145933634163,14.450185850773156,1
9025,9.913279406545373,14.454408121876455,1
9026,9.944786414563643,14.441900550541067,1
9027,9.985325142372604,14.454804261469269,1
9028,9.996862915851626,14.477254587154539,1
9029,9.979365759631197,14.465170998447409,1
9030,9.957729888795289,14.446757868692034,1
9031,10.043448801769305,14.442110329848507,1
9032,10.014126106691027,14.47576296593937,1
9033,10.04827052523719,14.44106445365031,1
9034,10.055125062896154,14.475769444593984,1
9035,10.081428168451497,14.465172598683369,1
9036,10.111396312818528,14.47817351807871,1
9037,10.13082125413688,14.458186172212635,1
9038,10.205888285037929,14.476494677307773,1
9039,10.21156626358939,14.479105517579342,1
9040,10.171597673640504,14.489336729162854,1
9041,10.26437891428169,14.491080670458263,1
9042,10.26291398828762,14.448720127321385,1
9043,10.279214650374382,14.448341742377526,1
9044,10.289543542163194,14.444970532733183,1
9045,10.340627818340865,14.462024750214995,1
9046,10.337032121926345,14.451822760150252,1
9047,10.383181475130794,14.45547692131283,1
9048,10.408420744068899,14.46054062181208,1
9049,10.461745497903626,14.490286045186076,1
9050,10.460711617708553,14.469198689538164,1
9051,10.508317447891072,14.47996970980952,1
9052,10.513588033842655,14.448451548115381,1
9053,10.587774383218974,14.462999925434561,1
9054,10.537553952456802,14.439444914405248,1
9055,10.625477377540847,14.448505033951642,1
9056,10.603899371807971,14.45604640230678,1
9057,10.637364470105156,14.458027049734005,1
9058,10.662678492139621,14.469551402381931,1
9059,10.66296384232337,14.478922605546005,1
9060,10.663493283525574,14.480565107281123,1
9061,10.725404920126717,14.460983729494727,1
9062,10.697628279204965,14.460061257932551,1
9063,10.725588932635487,14.48502435309686,1
9064,10.725293051284073,14.452413935563975,1
9065,10.750388693100783,14.46329813224279,1
9066,10.770580377000668,14.443076228722651,1
9067,10.772281260121622,14.464100207306382,1
9068,10.841595563509541,14.4488173547343,1
9069,10.844778702823163,14.462031083928997,1
9070,10.857303053807371,14.44734879907963,1
9071,10.866002238157783,14.480264881758377,1
9072,10.916459449077344,14.476681615281604,1
9073,10.915315884372557,14.467128324686575,1
9074,10.917018190699896,14.448572979095536,1
9075,10.993239961833682,14.45063110853862,1
9076,11.0103022102562,14.444446425360946,1
9077,11.02683851921182,14.450754488247833,1
9078,11.055068228155712,14.477242319368536,1
9079,11.049943699768813,14.475383523433232,1
9080,11.087932703463352,14.4580849973388,1
9081,11.097811282761908,14.455861849655035,1
9082,11.083803782495202,14.446182292339792,1
9083,11.124381581005665,14.450045015601088,1
9084,11.156702819434665,14.44795179993502,1
9085,11.135152550111322,14.474674259525134,1
9086,11.17648120818237,14.445256033173143,1
9087,11.224342632796402,14.463433595591411,1
9088,11.278966401943205,14.491810727405166,1
9089,11.253715318092473,14.48391591425962,1
9090,11.316850431305442,14.485722141938952,1
9091,11.306912215511453,14.479501078845395,1
9092,11.383708985676275,14.467739797822551,1
9093,11.356673401952369,14.44927541403706,1
9094,11.4100842688804,14.458630255845971,1
9095,11.393617518662188,14.475740656024445,1
9096,11.456816081572462,14.478834774592693,1
9097,11.479582339555988,14.489711311608213,1
9098,11.533500665822766,14.464198454626148,1
9099,11.52719876106835,14.460922361648068,1
9100,11.529284659158941,14.484276524152786,1
9101,11.592574974120577,14.451580532234082,1
9102,11.591340619571866,14.441384436875081,1
9103,11.570351822251718,14.487214089971188,1
9104,11.635542939946303,14.481142053985938,1
9105,11.618291938734092,14.460091678704575,1
9106,11.63418181539407,14.459667996549221,1
9107,11.678810650112553,14.471269541189358,1
9108,11.695909595855992,14.468217553967149,1
9109,11.691829418462872,14.476195335367862,1
9110,11.712718633559575,14.453509116577811,1
9111,11.735486054610892,14.43993042999364,1
9112,11.756169796112006,14.45273093125477,1
9113,11.759372879290506,14.467401339452117,1
9114,11.77980011255009,14.476672401714508,1
9115,11.787645368389969,14.478485366691274,1
9116,11.775800523538592,14.461963703322423,1
9117,11.805649891527905,14.456579197624944,1
9118,11.820361467094587,14.473854837170967,1
9119,11.828579136441979,14.487407157335014,1
9120,11.92363497827521,14.444189783900725,1
9121,11.891624498179638,14.480574839444234,1
9122,11.93414960394226,14.474179576306891,1
9123,11.949733729006452,14.46404659041793,1
9124,11.984249166133337,14.44255994850208,1
9125,8.00242234615324,14.526295177813163,1
9126,8.01117078315504,14.495573340041034,1
9127,8.026744638680986,14.504591764820548,1
9128,8.026982060833904,14.542107298582701,1
9129,8.041416700401212,14.509080582075423,1
9130,8.117075481911595,14.50199716235533,1
9131,8.117145814845578,14.541501403837007,1
9132,8.094785796531845,14.516120142269523,1
9133,8.164381242691038,14.528610993819136,1
9134,8.152516274707853,14.541275475301832,1
9135,8.152874786609154,14.52155327073485,1
9136,8.155125218548864,14.503232110257821,1
9137,8.233660780512947,14.508214241294473,1
9138,8.187424403155928,14.519844351200462,1
9139,8.200988218669442,14.506536255140466,1
9140,8.228213761718218,14.505839723976502,1
9141,8.183445927341808,14.533612481762608,1
9142,8.22175338952606,14.536354953561004,1
9143,8.262511706319247,14.513451227837653,1
9144,8.26758434474256,14.511161558317134,1
9145,8.280953509936507,14.502777613620706,1
9146,8.262367957162233,14.53034445728492,1
9147,8.283447265441966,14.5027471988724,1
9148,8.24769986164265,14.538492197873934,1
9149,8.30616954703171,14.513628195032695,1
9150,8.33438179690609,14.52606796233695,1
9151,8.313383827698438,14.529414646914756,1
9152,8.340664819225433,14.536215649966973,1
9153,8.291910858115699,14.526315503451157,1
9154,8.309516573681837,14.495101625101364,1
9155,8.363696025978783,14.502242691606218,1
9156,8.35338776270644,14.540064631223347,1
9157,8.34757728190991,14.498147108032795,1
9158,8.385915879374007,14.527487238613372,1
9159,8.448991314882125,14.540267491134902,1
9160,8.48073972978976,14.533113016625764,1
9161,8.523578736429888,14.525725037932462,1
9162,8.597607821835563,14.494036666954637,1
9163,8.592217826325323,14.497326092183807,1
9164,8.619078099865098,14.518254623288852,1
9165,8.625080237547222,14.494871221096222,1
9166,8.667641082590336,14.502726782559497,1
9167,8.678414133342773,14.49463682060976,1
9168,8.670701415791225,14.527453343350368,1
9169,8.754652879676804,14.517443457965179,1
9170,8.733377458235662,14.49852287449979,1
9171,8.763840967302988,14.524862478547716,1
9172,8.804670851235594,14.493812565136283,1
9173,8.816141067544782,14.535743530881257,1
9174,8.822005444460357,14.517929101170283,1
9175,8.854149434178183,14.524072446871207,1
9176,8.847514223442948,14.501942895749472,1
9177,8.864610101020547,14.497106698749265,1
9178,8.879753629933944,14.51729837658146,1
9179,8.921297153856695,14.498336865938851,1
9180,8.975880110857663,14.535922442763068,1
9181,8.981559449808085,14.508283768604018,1
9182,9.11642776203219,14.521841361781572,1
9183,9.196109697176553,14.507093663396986,1
9184,9.206808665448486,14.52433769145386,1
9185,9.247310986200755,14.539023497072685,1
9186,9.293277844186372,14.529520403606796,1
9187,9.27047786221182,14.539412809348546,1
9188,9.301065289088834,14.522268691253252,1
9189,9.309453514115331,14.522371056748268,1
9190,9.31552381939662,14.52760233108862,1
9191,9.345196412217396,14.501223125707307,1
9192,9.32925386378805,14.537851755174527,1
9193,9.409299596472275,14.531273689974338,1
9194,9.376740952365756,14.531349172223827,1
9195,9.38654418477367,14.53341330598089,1
9196,9.368205890260546,14.497593633513508,1
9197,9.453161839856994,14.500035250601366,1
9198,9.447042722749593,14.493104246751857,1
9199,9.447512743620994,14.498064116717604,1
9200,9.469634586881021,14.497836437789756,1
9201,9.466357569149201,14.540271512523695,1
9202,9.48479842968903,14.516839744820041,1
9203,9.552143689099795,14.504261133770987,1
9204,9.520315377168519,14.514235285780694,1
9205,9.546699893946597,14.543961601364979,1
9206,9.537106609452525,14.537695100532034,1
9207,9.610715892545938,14.511980227785774,1
9208,9.574657947609575,14.510973569926424,1
9209,9.61501760741421,14.515666418190326,1
9210,9.611854482900906,14.512728697651038,1
9211,9.61308859130172,14.495742640607748,1
9212,9.648388813846951,14.541183939830203,1
9213,9.65161750047582,14.543365829566406,1
9214,9.670869424714635,14.544343116582318,1
9215,9.674885717525301,14.525464103658502,1
9216,9.724862138288936,14.500920960533513,1
9217,9.686840402998854,14.531006497246775,1
9218,9.690040171322865,14.534677501302546,1
9219,9.731074040946982,14.502310590988476,1
9220,9.782436149916968,14.537715760053167,1
9221,9.732981372245591,14.522812348654435,1
9222,9.734837275565395,14.538972575430723,1
9223,9.750534008798335,14.521599096139084,1
9224,9.76243188307262,14.504955941066584,1
9225,9.805117303183552,14.538110586343441,1
9226,9.79515326191286,14.532299793715842,1
9227,9.792019115824862,14.515264360003693,1
9228,9.824952578779644,14.5434440498392,1
9229,9.81840178265974,14.507837604595368,1
9230,9.84819890437581,14.506288482556196,1
9231,9.846676252871282,14.504600924617144,1
9232,9.873293305494382,14.492490342027223,1
9233,9.85217280070592,14.514156211602767,1
9234,9.878021679209645,14.497242451167565,1
9235,9.844891523490828,14.537504310098305,1
9236,9.918628174079148,14.524113223438224,1
9237,9.932067021718375,14.535887785641046,1
9238,9.895603606302439,14.49565348798264,1
9239,9.94626170751348,14.494350165636824,1
9240,9.944415311227873,14.53386288436257,1
9241,9.942713393817328,14.543500282811618,1
9242,9.984563082188075,14.504712434607697,1
9243,9.973144082670979,14.49557516973857,1
9244,9.994364612462746,14.501886869953937,1
9245,9.953969052330747,14.521450459954004,1
9246,9.976643084118908,14.499066187144097,1
9247,9.949051188084292,14.501395878939656,1
9248,10.00892080384623,14.534744803081423,1
9249,10.033181139079488,14.520466009162337,1
9250,10.01464639852325,14.500680963616075,1
9251,10.019882812809326,14.496949332328109,1
9252,10.026484969183468,14.53241325582803,1
9253,10.074777075502121,14.500222780948668,1
9254,10.086152704655635,14.51154595351899,1
9255,10.077909138442452,14.52000281066268,1
9256,10.09097208149247,14.494384950218453,1
9257,10.059585408448683,14.494682724671014,1
9258,10.137807946010449,14.496619608549322,1
9259,10.155628865094123,14.515724336297776,1
9260,10.128052847089304,14.539063290620595,1
9261,10.154731690257988,14.496847976020728,1
9262,10.151592412185083,14.516711719195294,1
9263,10.180806180567705,14.510511983053242,1
9264,10.185038989207468,14.529324336133234,1
9265,10.161188730874045,14.493460748272357,1
9266,10.259978041514772,14.530158215013225,1
9267,10.229717370988713,14.5439947902931,1
9268,10.308451347388223,14.52689718935782,1
9269,10.31130065314113,14.511995937922034,1
9270,10.35358356160862,14.512071931632379,1
9271,10.370246780884564,14.534541785494074,1
9272,10.394241109918962,14.526857578672493,1
9273,10.474541961837351,14.500179556426115,1
9274,10.457318619114703,14.492574472661326,1
9275,10.509512373957993,14.505159796309362,1
9276,10.515131340244432,14.531230977209555,1
9277,10.513921421525874,14.536119646916731,1
9278,10.558820599991707,14.496825563845329,1
9279,10.562469180576464,14.525392996768593,1
9280,10.555614995191938,14.516201379662537,1
9281,10.598990561518596,14.505884843006474,1
9282,10.6133395291021,14.522213034631644,1
9283,10.597155110590732,14.498642481481378,1
9284,10.667455178037432,14.506402437705818,1
9285,10.692277946708952,14.51926352993537,1
9286,10.649363713742723,14.540839115482099,1
9287,10.743123648453503,14.53975785466782,1
9288,10.74775052147872,14.52404482215929,1
9289,10.747391712878915,14.523948818631796,1
9290,10.778436436145766,14.50494022974573,1
9291,10.765048838293458,14.520507002476329,1
9292,10.782983795717508,14.49520789971818,1
9293,10.849153087385174,14.523268017575429,1
9294,10.833359027422809,14.513072583687102,1
9295,10.893686330403405,14.4923686108634,1
9296,10.903110112729303,14.528714839774466,1
9297,10.958950165484353,14.494181170886959,1
9298,10.951340063823805,14.509729687515726,1
9299,10.930756403697517,14.511002164692378,1
9300,10.988811978748071,14.530843917151591,1
9301,10.972203812351463,14.53517323286521,1
9302,11.011296480612552,14.526157397733042,1
9303,11.020261239356335,14.503694190612267,1
9304,11.062877589946178,14.512414730500002,1
9305,11.017085853543046,14.515409764125875,1
9306,11.062568724363748,14.5160311389281,1
9307,11.091733348849457,14.517602592090537,1
9308,11.070907176657576,14.515190326383996,1
9309,11.069789374454354,14.519965713792782,1
9310,11.172536706709446,14.509021354337209,1
9311,11.135380492621193,14.500835174706285,1
9312,11.1449256620744,14.543857805995863,1
9313,11.218467752419437,14.544599235935559,1
9314,11.222436626491469,14.513219882666533,1
9315,11.230902974919578,14.51301960512759,1
9316,11.243752196276958,14.501858416543026,1
9317,11.301471819611209,14.501239260950237,1
9318,11.29633600528453,14.518484976795895,1
9319,11.341589181080248,14.501580755116537,1
9320,11.380349942458848,14.504245838860735,1
9321,11.33716923921869,14.541789051783697,1
9322,11.416397635169728,14.525497641912379,1
9323,11.411239156099287,14.542383620315116,1
9324,11.4253799950955,14.530056649483805,1
9325,11.445881838625002,14.54247640986279,1
9326,11.444192393371898,14.494002105580966,1
9327,11.445882991336521,14.495864166213416,1
9328,11.534827370833536,14.493577308916,1
9329,11.499394032092129,14.513276616481653,1
9330,11.594779097436959,14.494594159182286,1
9331,11.551742141829218,14.540132762987987,1
9332,11.57586844494145,14.507075764042696,1
9333,11.608817112598297,14.514067710719424,1
9334,11.642060893233896,14.510819929142727,1
9335,11.655973538514191,14.512512066122698,1
9336,11.617529056046283,14.535951658265587,1
9337,11.710176732933345,14.523164877140383,1
9338,11.698449298994737,14.494695426369292,1
9339,11.68989285223772,14.538881875544154,1
9340,11.743854706439514,14.535392388231736,1
9341,11.730097902026527,14.506710138249693,1
9342,11.753906838623603,14.52086566229428,1
9343,11.753422460556969,14.529874695344272,1
9344,11.787562639613999,14.520412887800713,1
9345,11.78380369720327,14.53027238515903,1
9346,11.7707635326536,14.543607431915774,1
9347,11.806460387278177,14.521153464299038,1
9348,11.866491844805504,14.501365303915133,1
9349,11.861334248483738,14.517029018087031,1
9350,11.8493083979102,14.50551463533172,1
9351,11.919248942405002,14.513534263197112,1
9352,11.886167267735622,14.502274431269244,1
9353,11.927398358251292,14.509149959649502,1
9354,11.93100182808018,14.510111788906212,1
9355,11.980191763696816,14.520983281649448,1
9356,8.018081741593877,14.588487644665156,1
9357,8.001896876650337,14.556221445190205,1
9358,8.04860612540918,14.546572315920635,1
9359,8.042848040601237,14.547819544332997,1
9360,8.039841561795397,14.579260023054834,1
9361,8.113546075649998,14.553527499869885,1
9362,8.115685957351555,14.581630283266616,1
9363,8.10188687208588,14.574037625130702,1
9364,8.109085216213582,14.56997825356701,1
9365,8.143590209540344,14.592855216227765,1
9366,8.128487022013143,14.546557029826515,1
9367,8.132672185180065,14.547422076288061,1
9368,8.170841397787852,14.573287870322435,1
9369,8.139512220168585,14.595091392590279,1
9370,8.138558553069108,14.553418441145062,1
9371,8.221355704196101,14.587494527048237,1
9372,8.227301820818852,14.576019682100846,1
9373,8.226724543732141,14.589972095991447,1
9374,8.207145058258945,14.580903752575528,1
9375,8.224437419566614,14.598147823149022,1
9376,8.232819848276863,14.578893451262623,1
9377,8.250005980272425,14.561849998603881,1
9378,8.27475120339537,14.591854075636759,1
9379,8.275417645587527,14.579127606682325,1
9380,8.237397808032041,14.583630770467312,1
9381,8.25448780891586,14.555081911419943,1
9382,8.261709779073387,14.592064619459713,1
9383,8.33987735160482,14.570463352303877,1
9384,8.321478831190978,14.598757180852306,1
9385,8.33703364945404,14.578086649620685,1
9386,8.325019113054632,14.588072689712968,1
9387,8.29783262602122,14.55110433827659,1
9388,8.299051823158095,14.584259238628926,1
9389,8.353473719392595,14.568603734036424,1
9390,8.359144391919475,14.545513822347768,1
9391,8.383680183236791,14.588630797151003,1
9392,8.371924428703743,14.550961501141316,1
9393,8.416877460996577,14.592059267132317,1
9394,8.406688253341155,14.562614607869541,1
9395,8.457767326438402,14.547572259833723,1
9396,8.479063961827661,14.584224517705472,1
9397,8.518203507555093,14.565769521381913,1
9398,8.517497971566788,14.594704505495871,1
9399,8.519537612215082,14.580672755857655,1
9400,8.588195287444243,14.593071706711047,1
9401,8.57571321707158,14.555871346820014,1
9402,8.586166742058573,14.545513995797315,1
9403,8.636782729843153,14.58508547105706,1
9404,8.64497429570382,14.549066281238254,1
9405,8.673328181341812,14.55339043607986,1
9406,8.668727160221096,14.587708590596732,1
9407,8.689463217858865,14.546934197966777,1
9408,8.764562766884753,14.56115110417417,1
9409,8.724800402477447,14.573223244981136,1
9410,8.741388171613554,14.561628649912807,1
9411,8.765486954248383,14.56923379943482,1
9412,8.728001526538208,14.57015569593517,1
9413,8.787946404923261,14.569332735784918,1
9414,8.797493480037883,14.545686151384164,1
9415,8.79763750726482,14.591499511001468,1
9416,8.784425191486342,14.582042757762506,1
9417,8.848645722237169,14.575890458854415,1
9418,8.863674376633398,14.555686276725474,1
9419,8.841118547251295,14.545823605992105,1
9420,8.824614857023287,14.564713269038728,1
9421,8.879519989278714,14.562069503505716,1
9422,8.887507920403916,14.59032785031944,1
9423,8.906302002485683,14.583306234785129,1
9424,8.923377042972689,14.5902184993873,1
9425,8.914519607736734,14.58442339627913,1
9426,8.979468337193522,14.55806132285465,1
9427,8.969225839598701,14.562114870519153,1
9428,8.948415196518178,14.598653865620353,1
9429,8.973447268433945,14.569480760762175,1
9430,8.951242813539578,14.57057100029188,1
9431,9.003754831782212,14.547299677838643,1
9432,8.985836432411995,14.559872319359176,1
9433,9.016056067375828,14.545668127729586,1
9434,9.001961056794048,14.582287345071894,1
9435,9.037768449133573,14.573363700054475,1
9436,9.080006277262525,14.579056985811473,1
9437,9.089208883841875,14.586939664927668,1
9438,9.051203879047058,14.561580758763135,1
9439,9.09175813505712,14.561456749152839,1
9440,9.107551633338183,14.57130879944022,1
9441,9.15559563762271,14.573204995141383,1
9442,9.220291253054855,14.594047989186889,1
9443,9.210390388320526,14.56838966582554,1
9444,9.286435847331527,14.579267897167231,1
9445,9.295688263230115,14.590917525765189,1
9446,9.267124797423524,14.545757725829823,1
9447,9.343870813414156,14.570610159199074,1
9448,9.319507244494238,14.546818077061861,1
9449,9.327636190869322,14.57185004469628,1
9450,9.381670230810752,14.59618035822759,1
9451,9.373863146908489,14.552040131820634,1
9452,9.45360397720045,14.565230582656445,1
9453,9.412871179773788,14.594058933233931,1
9454,9.514197650816019,14.592094964268918,1
9455,9.51551402983836,14.598333260714897,1
9456,9.51833654082562,14.57207727090767,1
9457,9.559742812883773,14.553870316563206,1
9458,9.549393051134818,14.554413907261557,1
9459,9.543275715437526,14.583394335269855,1
9460,9.556590487880497,14.566876914648576,1
9461,9.529739538609594,14.550755070499399,1
9462,9.615637259521776,14.54615589639497,1
9463,9.589307653309818,14.583633517784511,1
9464,9.588777043601137,14.58286880172319,1
9465,9.664484653073488,14.568215689256398,1
9466,9.637400511034746,14.590542297814851,1
9467,9.654583746044949,14.594711233261839,1
9468,9.680856538482264,14.551647683927635,1
9469,9.708979427280433,14.547302020909411,1
9470,9.712533222844172,14.582155916123877,1
9471,9.713423794201969,14.56979875063288,1
9472,9.74487034119504,14.594258837088432,1
9473,9.77110751657547,14.58743452203161,1
9474,9.784208177000973,14.567165598202928,1
9475,9.763379150450696,14.574535416458398,1
9476,9.836609213959093,14.54914062442807,1
9477,9.808040626508378,14.550515600383068,1
9478,9.80333985664014,14.565749182312464,1
9479,9.829580968789251,14.580363961164318,1
9480,9.828287048122597,14.579734500903418,1
9481,9.867048464288915,14.551015825172152,1
9482,9.858052702226027,14.575560640956494,1
9483,9.8510570208156,14.55167779072186,1
9484,9.855294683843457,14.56591374599512,1
9485,9.870341319395836,14.591342355565637,1
9486,9.894975171721388,14.555903194652968,1
9487,9.908740920804739,14.593946854469728,1
9488,9.930778113876665,14.58778487896013,1
9489,9.893351596606653,14.584993276356977,1
9490,9.9150038237089,14.566059114493871,1
9491,9.995880410012013,14.550996899659703,1
9492,9.96607812734876,14.553701752226047,1
9493,9.983203313512414,14.561401031671998,1
9494,9.977916518847213,14.57780926318928,1
9495,9.97300234461669,14.582579707098311,1
9496,10.027776543481096,14.571619151750044,1
9497,10.00576020199929,14.56571938801367,1
9498,10.052030479658384,14.549888071029477,1
9499,10.051882032230202,14.574734663200529,1
9500,10.04821366512035,14.571926270469952,1
9501,10.055577935270255,14.564740273842654,1
9502,10.088553730698775,14.584130254716074,1
9503,10.074594894882086,14.58820053575206,1
9504,10.075246197405113,14.586410158180891,1
9505,10.08180702329802,14.578467408131651,1
9506,10.14572497103632,14.581313410288821,1
9507,10.109661459750729,14.575532648748602,1
9508,10.129582901258166,14.571824601472162,1
9509,10.12045443653562,14.547033609316676,1
9510,10.10736874180404,14.558580428760724,1
9511,10.190274532874625,14.583169388123197,1
9512,10.188047671406505,14.56999320441813,1
9513,10.165978462134724,14.552000005785604,1
9514,10.235064518139076,14.55029358658279,1
9515,10.25584551818684,14.570441769035561,1
9516,10.304569075549164,14.573900981530729,1
9517,10.285993829811138,14.565954563221574,1
9518,10.29183526884561,14.563751769475456,1
9519,10.30429886940231,14.597775362785407,1
9520,10.357074752820692,14.574622112627802,1
9521,10.364644847441605,14.550813490187329,1
9522,10.366767520094804,14.58828981215819,1
9523,10.40698983272412,14.567660049314869,1
9524,10.455022354262391,14.570307370585738,1
9525,10.442215837737491,14.558032789592563,1
9526,10.48178322493801,14.56620105634001,1
9527,10.518907850086624,14.59688692806345,1
9528,10.531716293137052,14.561669680516303,1
9529,10.545684302401076,14.5857407725137,1
9530,10.54709963345335,14.561899086744063,1
9531,10.575879081729497,14.557621354233675,1
9532,10.620675073166353,14.559353290426271,1
9533,10.590625907162687,14.5545853918187,1
9534,10.59446879551639,14.550536836149837,1
9535,10.667152973522581,14.56181000615219,1
9536,10.646621013578958,14.58779880878032,1
9537,10.64935285959164,14.594919921634654,1
9538,10.733026365820383,14.575505386630308,1
9539,10.728005009125585,14.588531192587462,1
9540,10.779607153479645,14.57983415455347,1
9541,10.758232587597139,14.558114653318249,1
9542,10.800633748182781,14.575538022926176,1
9543,10.824573219998156,14.574269258475752,1
9544,10.824206884899837,14.553967830774855,1
9545,10.84816197961478,14.546694817083514,1
9546,10.877691868820456,14.585882624034511,1
9547,10.904492962403664,14.585297183458248,1
9548,10.943622626100467,14.566722798060987,1
9549,10.938880741728385,14.546463206764452,1
9550,10.978678300958107,14.584397307335312,1
9551,10.96948977580072,14.566313133324488,1
9552,11.01441386990227,14.571829569866914,1
9553,11.01742285433983,14.559366071270604,1
9554,11.063854421659023,14.576000320874128,1
9555,11.025001913659034,14.589948889389905,1
9556,11.114827769430274,14.575965172437757,1
9557,11.086340986764935,14.557485980228583,1
9558,11.138248725317553,14.56611964443482,1
9559,11.143936472342345,14.591902896419798,1
9560,11.195119334673384,14.584319142717318,1
9561,11.204875937346376,14.552426463591392,1
9562,11.237540420817613,14.576060628919242,1
9563,11.24838258687596,14.560142977686596,1
9564,11.252378422226833,14.561236257061376,1
9565,11.289335835350343,14.598846027351108,1
9566,11.3107193911252,14.566886868979946,1
9567,11.286545774345257,14.59641603693015,1
9568,11.337806693791856,14.550328838826632,1
9569,11.383759653031024,14.583372077030642,1
9570,11.377234456197789,14.565988218967933,1
9571,11.418057282506476,14.584364657707548,1
9572,11.40351697477769,14.565762075866948,1
9573,11.427340660208797,14.566150490253875,1
9574,11.483930025353553,14.54616749081472,1
9575,11.465564133798448,14.588648166004244,1
9576,11.489058819809927,14.590538959817462,1
9577,11.546244646608896,14.578265684193394,1
9578,11.545482282599233,14.551086084179737,1
9579,11.527986506460893,14.591129555299291,1
9580,11.595843987426681,14.576504496190989,1
9581,11.594871185410575,14.596911270618316,1
9582,11.579529956243709,14.574062532762488,1
9583,11.552890473833545,14.598225921257406,1
9584,11.650445199999186,14.54948720700147,1
9585,11.610166990262433,14.556719777325656,1
9586,11.61445186652446,14.572711875928983,1
9587,11.638953340474663,14.546873109978879,1
9588,11.648939716377988,14.57678387301485,1
9589,11.669332225935978,14.557617086294048,1
9590,11.705600210079286,14.548191914495817,1
9591,11.668057906750963,14.588724669361913,1
9592,11.681984762026286,14.580541417155825,1
9593,11.76446528426513,14.57294536311268,1
9594,11.755952960922142,14.587337538109729,1
9595,11.741134297235684,14.562627084911078,1
9596,11.813193340910237,14.5802904046567,1
9597,11.802913293177108,14.561638692911245,1
9598,11.788284211249065,14.58703828912139,1
9599,11.8008254877154,14.588071610193335,1
9600,11.833451059787821,14.59320177557837,1
9601,11.84416931396164,14.554268881327502,1
9602,11.863340606388903,14.597901111790229,1
9603,11.903037149548204,14.593711688297532,1
9604,11.917000537429953,14.552545477424069,1
9605,11.956891855846635,14.588702761778714,1
9606,11.945106960823338,14.550587683120902,1
9607,11.971802915320337,14.578938478582732,1
9608,8.00738400883285,14.612040823475422,1
9609,8.008474502818187,14.63297610438275,1
9610,8.024858416411172,14.60637719009383,1
9611,8.03705714621828,14.649649691296897,1
9612,8.057494700143598,14.63832598687535,1
9613,8.064738151701464,14.608412418394625,1
9614,8.049346827068057,14.646473803857859,1
9615,8.098069509961636,14.63268504783254,1
9616,8.096282603321539,14.634399613705165,1
9617,8.117837341473642,14.635692873078218,1
9618,8.100195197332035,14.607288651833063,1
9619,8.122048824500563,14.640129094488705,1
9620,8.162693179490129,14.650347241616101,1
9621,8.167057495645153,14.638465950549564,1
9622,8.161954851402466,14.605779237199918,1
9623,8.163510845320632,14.605854088927146,1
9624,8.165627380824548,14.635149169241474,1
9625,8.178862105973472,14.599293011912316,1
9626,8.220146516085057,14.637320163200755,1
9627,8.209137167686562,14.635146491003786,1
9628,8.204416163662874,14.613584859621582,1
9629,8.212955264277296,14.62110560191111,1
9630,8.18384893737362,14.621400657263802,1
9631,8.263278502727257,14.63578429406005,1
9632,8.284450859808576,14.621947841291778,1
9633,8.256948046290184,14.614723404282115,1
9634,8.257334888147625,14.611858172308818,1
9635,8.251648582236259,14.605905901476667,1
9636,8.25785717435517,14.63406662812452,1
9637,8.32031159453905,14.651174639361734,1
9638,8.341861295809073,14.610220112700018,1
9639,8.292073306320223,14.622189024464953,1
9640,8.294915373805301,14.619189341849117,1
9641,8.327178492804734,14.634920278799454,1
9642,8.308232648970252,14.619993774997484,1
9643,8.376205840535587,14.63669836656992,1
9644,8.391311587892954,14.650132210358363,1
9645,8.369734386031869,14.629983726682614,1
9646,8.377920703054379,14.621234577257466,1
9647,8.413766910801897,14.600121203127618,1
9648,8.404047820795926,14.61297401865373,1
9649,8.44556531696334,14.606084563438946,1
9650,8.467673267890696,14.63793652660702,1
9651,8.500902006439382,14.62735197693016,1
9652,8.494132222907531,14.644338122650556,1
9653,8.533197252631641,14.641655618455056,1
9654,8.531023410422138,14.600354612963487,1
9655,8.555547541764222,14.6360973784081,1
9656,8.55400414578445,14.600847760725848,1
9657,8.570695078115694,14.629536927035723,1
9658,8.580772753196253,14.645020956677449,1
9659,8.562666748376953,14.609960395328889,1
9660,8.564186351667642,14.600489028110045,1
9661,8.652723440759146,14.615780967292467,1
9662,8.635344335386044,14.611675729625684,1
9663,8.633223979234348,14.633315414573982,1
9664,8.668117025591135,14.62194687984491,1
9665,8.686805659187378,14.6043388261975,1
9666,8.694885629660948,14.624567285638427,1
9667,8.747325254384567,14.640345192965563,1
9668,8.765990191012893,14.608990165620503,1
9669,8.738927585885405,14.611566976183443,1
9670,8.754864990095122,14.647063633203391,1
9671,8.81958214933769,14.637745205488121,1
9672,8.789414447168879,14.624661586929093,1
9673,8.771888025825548,14.645956564910403,1
9674,8.772773711340243,14.629636837064382,1
9675,8.838104721229719,14.630578987014085,1
9676,8.860256690718753,14.618328486633027,1
9677,8.867868559973193,14.641342938711421,1
9678,8.8659581939597,14.633216923774933,1
9679,8.930267363949355,14.604551418263418,1
9680,8.905507070718235,14.637330805368116,1
9681,8.886383070958583,14.612242271301463,1
9682,8.909461454240276,14.639870373221337,1
9683,8.92748054690379,14.605512443040872,1
9684,8.957511761530585,14.599051064633901,1
9685,8.959618462408027,14.61002789246093,1
9686,8.96310249448482,14.625847510461357,1
9687,8.949437133624128,14.601897883440127,1
9688,8.954365749369892,14.631700427327374,1
9689,8.932255549402349,14.650258122515615,1
9690,9.022982215209327,14.645053732381115,1
9691,9.019806971611668,14.611114623421269,1
9692,8.998911677806987,14.600893158751992,1
9693,9.012387060749303,14.636550329613875,1
9694,9.034503432099815,14.626898065423779,1
9695,9.060175283837088,14.643954663378674,1
9696,9.059481379394034,14.639018367032504,1
9697,9.049013181536063,14.612231547218856,1
9698,9.04571187958936,14.603784010504388,1
9699,9.04393536979754,14.627868051528491,1
9700,9.116877972666746,14.62658727939765,1
9701,9.10826309187086,14.641694454377616,1
9702,9.14104580208493,14.631602493357828,1
9703,9.181851613220118,14.626128373689456,1
9704,9.17286332283659,14.603015378013897,1
9705,9.205148684343762,14.610115630093752,1
9706,9.290718464666469,14.6421478474791,1
9707,9.316986982065702,14.619617615092915,1
9708,9.393717722392774,14.606484739746707,1
9709,9.361390574578081,14.624236326769058,1
9710,9.434175293544573,14.61618925117717,1
9711,9.46251882603516,14.636910813161746,1
9712,9.477320073297749,14.620246181280674,1
9713,9.478170358052896,14.6297677371077,1
9714,9.549574505179729,14.651211287561026,1
9715,9.55900827804277,14.61604466530468,1
9716,9.545699343832945,14.606328012776967,1
9717,9.59701453099176,14.63295747592347,1
9718,9.586376937284573,14.608635511424197,1
9719,9.64771956942692,14.608174768347402,1
9720,9.628690293069592,14.606568374910557,1
9721,9.728621766503867,14.608015064794794,1
9722,9.701238363848272,14.620780851659175,1
9723,9.73393780327976,14.649485711961455,1
9724,9.764968500559867,14.65045214155451,1
9725,9.825323819506256,14.639447949268785,1
9726,9.824113413157404,14.628822725431117,1
9727,9.868133166163497,14.629358635653356,1
9728,9.881693459208932,14.623603844862911,1
9729,9.924818436839358,14.631854864386433,1
9730,9.911110345179141,14.617854734161543,1
9731,9.995396173877575,14.641201361145056,1
9732,9.995394719795378,14.603979395251983,1
9733,10.047752373870846,14.611305882433609,1
9734,10.043454457704184,14.60631610088523,1
9735,10.06807068773753,14.632864765940486,1
9736,10.070573467203236,14.649176246019806,1
9737,10.124062732991952,14.62433281188219,1
9738,10.134939299625069,14.608729679189544,1
9739,10.11499708269239,14.61107094301829,1
9740,10.1682441811799,14.639828850040775,1
9741,10.197339084700609,14.606517666419967,1
9742,10.23178099069957,14.618853278480813,1
9743,10.215461472315587,14.629551763344981,1
9744,10.23351742194193,14.621611759128553,1
9745,10.312579673871562,14.648440898775284,1
9746,10.28659306903558,14.63639469714342,1
9747,10.307008672247878,14.615608570328526,1
9748,10.367679489093467,14.631239527839208,1
9749,10.359977681645626,14.626497433738612,1
9750,10.357517328131937,14.604247392291061,1
9751,10.391833018399053,14.620647743332034,1
9752,10.41795342308363,14.630419978538873,1
9753,10.445072624107652,14.608304315231665,1
9754,10.43109750483369,14.624559000688082,1
9755,10.466825668157583,14.634439047373727,1
9756,10.489254507408912,14.628955167636946,1
9757,10.508522019530544,14.628664178029956,1
9758,10.52092383050435,14.639855957540265,1
9759,10.559389717521713,14.608788693503927,1
9760,10.568605133299837,14.649402263959477,1
9761,10.553709220412662,14.632572622620664,1
9762,10.632834268550107,14.622214779054332,1
9763,10.588475808362663,14.643739635898243,1
9764,10.593834683199553,14.646855484066593,1
9765,10.653003975131845,14.625155066783755,1
9766,10.685882531351348,14.630083606452915,1
9767,10.647826692036874,14.636140884231558,1
9768,10.721719956499035,14.606749166071193,1
9769,10.7028653642229,14.620067646413833,1
9770,10.756189876606477,14.644175527560973,1
9771,10.784103447439412,14.60527972570792,1
9772,10.796227727478179,14.623145625829196,1
9773,10.849254527312514,14.64233024586437,1
9774,10.805440767199679,14.631434304497127,1
9775,10.811045773395216,14.646569001025574,1
9776,10.84995397308424,14.6333662289509,1
9777,10.903817181725442,14.644804198088059,1
9778,10.881910352724837,14.644486926612673,1
9779,10.892011348498356,14.620362156245262,1
9780,10.93023952497256,14.64048422834855,1
9781,10.920899152170687,14.635126973524335,1
9782,11.005870575325353,14.625156363167228,1
9783,10.970509249696697,14.629799367253588,1
9784,10.988557164375495,14.60490408442455,1
9785,11.031277626817086,14.630470849305443,1
9786,11.060050027535201,14.620597864659755,1
9787,11.114936506971876,14.63270974196878,1
9788,11.114708750560713,14.637185168036076,1
9789,11.160185607044772,14.626950883182086,1
9790,11.157927659447637,14.607975179771799,1
9791,11.208723218590572,14.629743896177269,1
9792,11.197375232264942,14.618090662024345,1
9793,11.177791314208076,14.605611123459246,1
9794,11.274723117184388,14.646439995480264,1
9795,11.263168964314978,14.614790213333885,1
9796,11.264773146341224,14.623015690836588,1
9797,11.298858098798958,14.629361177364936,1
9798,11.30343400515325,14.6483588589613,1
9799,11.3242750551374,14.624148731441858,1
9800,11.350746851505415,14.630950762775914,1
9801,11.337982366970623,14.62883820218752,1
9802,11.340112055970886,14.605333426319286,1
9803,11.40726774480466,14.61473302915941,1
9804,11.427860925405987,14.635254640082524,1
9805,11.426258789002533,14.640350868418954,1
9806,11.48563982495088,14.610719086818747,1
9807,11.487666122114469,14.629500584097814,1
9808,11.533237008368513,14.621326866776634,1
9809,11.526665895900459,14.647291033389482,1
9810,11.510120487998003,14.619641325473474,1
9811,11.558945656822951,14.62130934177375,1
9812,11.577957346698797,14.620533855506503,1
9813,11.585919929181822,14.616783780499933,1
9814,11.628603460974857,14.642826343348407,1
9815,11.638332628968792,14.641391943512104,1
9816,11.60900104248756,14.626856752255827,1
9817,11.643654380265136,14.608199076767962,1
9818,11.651207398858103,14.62418773388287,1
9819,11.659835577222765,14.650030393273667,1
9820,11.678310094914263,14.637056705569876,1
9821,11.681030991926711,14.613166576408041,1
9822,11.68747577825162,14.637342163595454,1
9823,11.758865891076919,14.62697219288701,1
9824,11.714606073535265,14.63399258255421,1
9825,11.729348499788587,14.624198318572565,1
9826,11.779272330385918,14.616778163848856,1
9827,11.816289284269471,14.637762838142399,1
9828,11.81337335923315,14.601838810756803,1
9829,11.844155651641874,14.606984285379244,1
9830,11.84276455529277,14.622600523284506,1
9831,11.843008285442687,14.648748978818116,1
9832,11.912707507488907,14.629820286209544,1
9833,11.916843746098566,14.629300896569198,1
9834,11.880857516938107,14.603115047791118,1
9835,11.940206106317163,14.631193137270222,1
9836,11.9375914365755,14.606281465344182,1
9837,11.928135775304076,14.652204532383632,1
9838,11.993485883927393,14.602919835334925,1
9839,8.019779838537437,14.673264341418585,1
9840,8.031579793697546,14.696065341018013,1
9841,8.057578054728985,14.663044811471298,1
9842,8.063072603763075,14.664426730446507,1
9843,8.02145606956114,14.69322788517286,1
9844,8.047456000219247,14.688656235019145,1
9845,8.091965738334972,14.673859014788396,1
9846,8.128018355125667,14.673159000231319,1
9847,8.118226424298616,14.66547728206049,1
9848,8.127955690745816,14.676492609530625,1
9849,8.116857155597893,14.66590315361526,1
9850,8.15275939054312,14.678055541652867,1
9851,8.13777510987573,14.704714932689393,1
9852,8.164471892232596,14.65710612755073,1
9853,8.136445702130287,14.689130537848929,1
9854,8.146560052441176,14.665835166573412,1
9855,8.216175905428251,14.689647113413109,1
9856,8.225868468247425,14.658327462092943,1
9857,8.203484126959019,14.672137343372077,1
9858,8.222730634423264,14.669935147205987,1
9859,8.210211609212335,14.691786066365278,1
9860,8.264962450979327,14.703542477368119,1
9861,8.277794089530666,14.669276775429555,1
9862,8.278622913012933,14.654020875409168,1
9863,8.259869898123533,14.66563429934028,1
9864,8.248139703455609,14.65406998459573,1
9865,8.319927278587631,14.674886193839384,1
9866,8.303747366363204,14.689027944263461,1
9867,8.334921879576482,14.656067425475454,1
9868,8.324842776222049,14.69727209311646,1
9869,8.311663677953678,14.678513242636456,1
9870,8.387952512987264,14.667750728532647,1
9871,8.388315290233317,14.68461079249997,1
9872,8.34619646435776,14.68469595183354,1
9873,8.379123212539922,14.681367864571348,1
9874,8.447839297178975,14.682807733449819,1
9875,8.442980467356952,14.693038524901862,1
9876,8.400509594380843,14.691241733858474,1
9877,8.458448623901777,14.656030748813384,1
9878,8.492050069111798,14.692421114127512,1
9879,8.453777885834024,14.658285019804675,1
9880,8.512595690046346,14.663949991499804,1
9881,8.516126085600929,14.659347569498884,1
9882,8.519953032785741,14.683136610990271,1
9883,8.578497235307013,14.695019995293341,1
9884,8.567142034817591,14.656020313119239,1
9885,8.593030105780516,14.694621027116758,1
9886,8.618096818507706,14.659040156060009,1
9887,8.659550666510336,14.66650609315476,1
9888,8.646973737221714,14.701748577645839,1
9889,8.70046170750684,14.653517169970915,1
9890,8.690810088027893,14.654689164345235,1
9891,8.69338982323438,14.66761597618298,1
9892,8.762712272229074,14.669043703266814,1
9893,8.726691051126219,14.65429691147833,1
9894,8.756987989184081,14.657845473640736,1
9895,8.8031619804377,14.658345637660963,1
9896,8.812129279814917,14.691641017527992,1
9897,8.77355399090686,14.681832371071797,1
9898,8.870521033189249,14.681964460164634,1
9899,8.825743852177172,14.670067453191297,1
9900,8.85545120942269,14.68929995827259,1
9901,8.89146422519185,14.685560406560821,1
9902,8.91707255766215,14.67774822384781,1
9903,8.914413093257263,14.688507680817462,1
9904,8.911858129670195,14.661699918996538,1
9905,8.956689441321338,14.697933504305574,1
9906,8.96434014587633,14.66333995192625,1
9907,8.983684780776118,14.677291622533454,1
9908,8.982511312645755,14.700097544342498,1
9909,9.009631709864122,14.65506198376394,1
9910,9.012505267865386,14.685322096026951,1
9911,8.997512941420883,14.700199804535671,1
9912,8.993083789614579,14.673555941108496,1
9913,9.06382322141358,14.692833314150201,1
9914,9.082436898685303,14.655760489310724,1
9915,9.070319652509276,14.683442137668594,1
9916,9.115850064640638,14.672451229624077,1
9917,9.095050535285893,14.679237214973137,1
9918,9.182008895360953,14.689769339019284,1
9919,9.194438216407153,14.672771600592071,1
9920,9.197983184788454,14.702232087659494,1
9921,9.233643043172437,14.682573241339018,1
9922,9.270883099918828,14.68774653756056,1
9923,9.345909029524543,14.689990999892935,1
9924,9.352982594440888,14.653794833508583,1
9925,9.38518765067744,14.66165877375346,1
9926,9.368601208723787,14.677195206245552,1
9927,9.364657417278998,14.669555969213862,1
9928,9.38832800602849,14.68495589576509,1
9929,9.446760641664627,14.6526607589845,1
9930,9.450774707596354,14.666871064278466,1
9931,9.435192350307776,14.661267920458126,1
9932,9.479467918139827,14.675486975729251,1
9933,9.533226880642152,14.670900996769271,1
9934,9.60739553831801,14.696701098613325,1
9935,9.636683141847746,14.664048251722521,1
9936,9.64061401324939,14.701326116854647,1
9937,9.716433480477376,14.679722658785554,1
9938,9.771119137235424,14.681885133272797,1
9939,9.82487730278879,14.691438034077553,1
9940,9.848222261024562,14.685382514407337,1
9941,9.914784440392744,14.686149114577812,1
9942,9.959448704858177,14.66377606770756,1
9943,10.013743638237377,14.664785736881948,1
9944,10.060009373209091,14.684637565915834,1
9945,10.09478585809365,14.69956460206116,1
9946,10.129909690713525,14.656503963002384,1
9947,10.14752375637983,14.657497846533618,1
9948,10.183702301619634,14.670889853177668,1
9949,10.191223959227827,14.674450884095027,1
9950,10.256644803235183,14.667479824908854,1
9951,10.286223903828375,14.6536657140338,1
9952,10.272233279790642,14.673548511532411,1
9953,10.325951589696988,14.684495157227982,1
9954,10.329548883670434,14.702227051958353,1
9955,10.321251305592575,14.695473185269675,1
9956,10.392396329529438,14.694565348798033,1
9957,10.408221090431995,14.664661206672365,1
9958,10.380292002089734,14.687097463200404,1
9959,10.437402363356238,14.67831420044726,1
9960,10.449936516914565,14.702156864895365,1
9961,10.443267893482743,14.687931288702982,1
9962,10.43786088705639,14.65500640289364,1
9963,10.522573371127802,14.68675125893687,1
9964,10.527250246317292,14.657615315304238,1
9965,10.48490160977848,14.665778321800632,1
9966,10.573716890796794,14.697502251603272,1
9967,10.553777363624478,14.653484812018872,1
9968,10.575079384765395,14.668638666024577,1
9969,10.614618455091069,14.666708926845018,1
9970,10.63288053018115,14.694633050795256,1
9971,10.689132014628635,14.687869505877389,1
9972,10.647185694053269,14.704489866811567,1
9973,10.715053702225664,14.658711837429857,1
9974,10.714850047873659,14.666774638505554,1
9975,10.777132346339881,14.690269277333403,1
9976,10.786436503637464,14.663064379669382,1
9977,10.750697777626291,14.667578581791085,1
9978,10.805621845812329,14.6981047691754,1
9979,10.827422097750452,14.69996608705832,1
9980,10.846120874517098,14.657197971305047,1
9981,10.851723512840278,14.671324554457444,1
9982,10.86268118086844,14.65484083442704,1
9983,10.859357825402604,14.665448682187012,1
9984,10.902025858904578,14.6767606090612,1
9985,10.858101945673639,14.6920832838282,1
9986,10.95041252806252,14.695537891838288,1
9987,10.940780229664213,14.700476870820738,1
9988,10.93576360261177,14.686370296300755,1
9989,11.000143900932846,14.66758823605399,1
9990,10.971346994300509,14.65668409436504,1
9991,11.004979985377375,14.675306169008707,1
9992,11.030370907140677,14.663067461281658,1
9993,11.050578114653872,14.693793511327598,1
9994,11.041236115924812,14.657294063728676,1
9995,11.118090715033617,14.705637736649507,1
9996,11.094970375982117,14.682792429738292,1
9997,11.174216015320932,14.705229113833427,1
9998,11.159180039668728,14.672077964117053,1
9999,11.159830489760298,14.690381994779063,1
10000,11.189965938185889,14.678861165638061,1
10001,11.19965369551891,14.705638869420287,1
10002,11.249191379618706,14.652800457310805,1
10003,11.235716674736443,14.686509912872625,1
10004,11.286475795728188,14.669379339816416,1
10005,11.314684479895675,14.704653347029604,1
10006,11.314808978398656,14.702301791687448,1
10007,11.380923717997405,14.677631250688165,1
10008,11.348869743994243,14.662992449292677,1
10009,11.381209244024898,14.661306431816795,1
10010,11.39399506453524,14.681460463370009,1
10011,11.415437544757001,14.660060276475425,1
10012,11.411952788951957,14.65655505713889,1
10013,11.481558703973764,14.656312862573255,1
10014,11.471137566313455,14.69199968866819,1
10015,11.491835319170391,14.659905406356467,1
10016,11.543818850120145,14.698013259700634,1
10017,11.514237073816858,14.68816866107274,1
10018,11.56521056688827,14.66708017757877,1
10019,11.572493675694076,14.670076977390648,1
10020,11.586812331374556,14.663005012625192,1
10021,11.620664215785673,14.666338864227717,1
10022,11.632586290677343,14.654754191134293,1
10023,11.651238610224386,14.677842298019405,1
10024,11.609967233044706,14.656735524953623,1
10025,11.701380844796068,14.672327408993166,1
10026,11.704511866361777,14.674992041843685,1
10027,11.698913182210774,14.697074466592108,1
10028,11.676892448005454,14.686329224323302,1
10029,11.713003104368173,14.704667729017634,1
10030,11.729840526492513,14.6580184959219,1
10031,11.73706658698366,14.660110007688795,1
10032,11.787066204311628,14.704971038505626,1
10033,11.788992547133333,14.704769362426912,1
10034,11.870500332147738,14.691996562892857,1
10035,11.818358921979106,14.70217659558339,1
10036,11.87351962744192,14.702259969533781,1
10037,11.892027705643258,14.656536616959048,1
10038,11.889278159041258,14.686849909563632,1
10039,11.95478394747002,14.700372886763196,1
10040,11.951927076740143,14.694427990289986,1
10041,11.925514097087575,14.692469335273069,1
10042,8.019183513492639,14.736851972128049,1
10043,8.012245048680825,14.718754490223564,1
10044,8.029494418302837,14.757913212530518,1
10045,8.052324806309933,14.730320194964074,1
10046,8.053223966155613,14.723732628560176,1
10047,8.07139537347838,14.722318501234849,1
10048,8.071628853668356,14.712925842320425,1
10049,8.075364060093138,14.738150163849514,1
10050,8.0893132448638,14.758631174086998,1
10051,8.109073247217042,14.755380870883355,1
10052,8.106997268356105,14.724234144522985,1
10053,8.181509821683242,14.70600780289118,1
10054,8.142074703837707,14.758338973256059,1
10055,8.13745204539947,14.708259197437716,1
10056,8.167323579163899,14.732902615075837,1
10057,8.215592997550104,14.752833646613643,1
10058,8.223331109306317,14.754653071144112,1
10059,8.214045386813277,14.732763108619402,1
10060,8.204674812572428,14.719532221498309,1
10061,8.201822052107515,14.747354778244706,1
10062,8.257806050923097,14.752274065389688,1
10063,8.27090104163956,14.744558614420555,1
10064,8.239760932332288,14.729850920680027,1
10065,8.28384434230608,14.747396628143376,1
10066,8.271710137698122,14.719589012056009,1
10067,8.331256704286991,14.74759750338435,1
10068,8.324774096920848,14.722535389056937,1
10069,8.321598063202599,14.711620201849298,1
10070,8.329251575540084,14.742431183518471,1
10071,8.302481190666391,14.742532063499391,1
10072,8.36579404286324,14.745899046594861,1
10073,8.389535465890344,14.74255367795485,1
10074,8.38119287642109,14.737517539282484,1
10075,8.367940590195909,14.750720376672755,1
10076,8.444120537166139,14.72862221850079,1
10077,8.414764223990543,14.718997613290686,1
10078,8.408389087058712,14.750010820437973,1
10079,8.491578878993103,14.7205132188014,1
10080,8.49727253366782,14.73524820442037,1
10081,8.50420540060469,14.740807713039748,1
10082,8.511323322500488,14.749931809373901,1
10083,8.55931400782079,14.745931431419255,1
10084,8.583720332552838,14.752331204914157,1
10085,8.657911676871885,14.734807376741774,1
10086,8.641601582138465,14.756545194527204,1
10087,8.695214825262148,14.716787841752392,1
10088,8.691138868285135,14.711534755073139,1
10089,8.7178671338537,14.713900123054211,1
10090,8.719100536647309,14.745124286092809,1
10091,8.819112427245573,14.720513234111541,1
10092,8.786563547816609,14.736108885693447,1
10093,8.835032787154258,14.709163230875765,1
10094,8.827582944280733,14.735696848609717,1
10095,8.928900595849031,14.71268543807592,1
10096,8.893475393591736,14.723914110156,1
10097,8.933178904798813,14.747564250207596,1
10098,8.965961838699197,14.736459977796645,1
10099,8.986652161504773,14.741134834477828,1
10100,9.003571664259388,14.74245535944037,1
10101,9.046120286951476,14.709125926291643,1
10102,9.067966749947486,14.708282988264994,1
10103,9.095925382470798,14.733945741525789,1
10104,9.147442911794165,14.73816431393143,1
10105,9.157673462056485,14.72168111966459,1
10106,9.204859237324316,14.746850714272279,1
10107,9.264369851327872,14.758567153322094,1
10108,9.302951346149959,14.742653968177283,1
10109,9.34958697073987,14.736998291964998,1
10110,9.334363930200192,14.707037254781742,1
10111,9.306251107043927,14.723534255315977,1
10112,9.408501617139887,14.721087772922871,1
10113,9.372435359269051,14.74707323127357,1
10114,9.393836856201325,14.758356270505377,1
10115,9.450245082909955,14.754857754016319,1
10116,9.449741599843762,14.742426550984343,1
10117,9.429593657150205,14.748273961873215,1
10118,9.477342650150517,14.734800396322866,1
10119,9.483321517872673,14.72375484943264,1
10120,9.546335220879996,14.716077421275248,1
10121,9.591024002374139,14.745779397151532,1
10122,9.60383709127694,14.735550459520326,1
10123,9.672814950779525,14.72228824912455,1
10124,9.683246812535407,14.713316557446708,1
10125,9.75836392401378,14.753426209523754,1
10126,9.839253661623236,14.743831712785544,1
10127,9.890217950229308,14.706848414758941,1
10128,9.961918115090661,14.725950487851524,1
10129,10.032862055479228,14.714853971744443,1
10130,10.090101186301746,14.743864258013955,1
10131,10.115014743147139,14.752663329389655,1
10132,10.168147675451364,14.758820133401136,1
10133,10.184554464793008,14.711725179820435,1
10134,10.24432812776362,14.718772015437924,1
10135,10.254577294981233,14.759141948118533,1
10136,10.306316193304804,14.753858028242306,1
10137,10.280751979737913,14.755371004065422,1
10138,10.374204995893573,14.756372366372776,1
10139,10.340937837994547,14.73028868616103,1
10140,10.368361714776382,14.745411388021669,1
10141,10.375277694111412,14.732969039428157,1
10142,10.414847244827776,14.753315825492283,1
10143,10.407901174849771,14.747001755456084,1
10144,10.389476074568641,14.710742061695742,1
10145,10.43972011562596,14.752668817999815,1
10146,10.474782698910186,14.716523262581667,1
10147,10.43670613432244,14.709328761715446,1
10148,10.462435636900487,14.709151699254038,1
10149,10.5125538533952,14.714922962631977,1
10150,10.497284516687317,14.735385103427442,1
10151,10.51874628651849,14.741859674633954,1
10152,10.582258179820174,14.70749892082961,1
10153,10.5820151144911,14.751406464728916,1
10154,10.588899560410683,14.720470305934692,1
10155,10.59318729755723,14.744511250065619,1
10156,10.682476195498916,14.741023326675815,1
10157,10.73533715166512,14.72631223130638,1
10158,10.72163043436943,14.736321571825497,1
10159,10.763435160293547,14.74267281748332,1
10160,10.750361069020185,14.752134425000413,1
10161,10.799086937196778,14.718154594182339,1
10162,10.83431101209445,14.727683504840375,1
10163,10.811459192954937,14.714184127535278,1
10164,10.814874648658792,14.734446452678048,1
10165,10.806999741857554,14.722630294961291,1
10166,10.896597707998312,14.757236997748015,1
10167,10.886471852001455,14.715119932190321,1
10168,10.88613121875053,14.721088189624517,1
10169,10.946717216371605,14.715777146004202,1
10170,10.911870526702964,14.749404492328548,1
10171,10.960526953555796,14.716263636938718,1
10172,10.990830074332656,14.732676129079689,1
10173,11.006787234080285,14.743021558638144,1
10174,10.99514063827264,14.74101253529301,1
10175,11.049891845034038,14.728554906522346,1
10176,11.036940277629538,14.729475949300562,1
10177,11.045122155473187,14.75351346806928,1
10178,11.08842756579759,14.716391021520632,1
10179,11.109549008468468,14.715722587581038,1
10180,11.080403796251344,14.715263161654155,1
10181,11.15849430692894,14.7437465126177,1
10182,11.172918696450106,14.73783851856198,1
10183,11.170109594210807,14.719075364442514,1
10184,11.182187207099245,14.742876929238108,1
10185,11.201094861584316,14.756195101253988,1
10186,11.226926413242332,14.713287798528844,1
10187,11.273012619803211,14.750094571800888,1
10188,11.335950858353062,14.75762952553093,1
10189,11.321785810600153,14.74466429787856,1
10190,11.35187754096779,14.738068047392696,1
10191,11.382858598397853,14.749828399744517,1
10192,11.390364034498386,14.739420420053616,1
10193,11.397952049128106,14.741759435643965,1
10194,11.415437395198438,14.728787062336234,1
10195,11.442374404536528,14.75339185631911,1
10196,11.463006862503486,14.736257833090843,1
10197,11.469468356652273,14.745686866378977,1
10198,11.522390025160904,14.754620708278443,1
10199,11.502551541947193,14.748193837947685,1
10200,11.580831851022301,14.750898725706676,1
10201,11.566727732492323,14.732825124278335,1
10202,11.646311302944891,14.71492447734115,1
10203,11.628687553743063,14.708386567986793,1
10204,11.617848868098761,14.726995599449475,1
10205,11.680395496695098,14.752487105635135,1
10206,11.710421888412153,14.718557591385483,1
10207,11.723273674652138,14.725653240445038,1
10208,11.761348608333387,14.740401385195824,1
10209,11.80807745212358,14.714271941728105,1
10210,11.770346310965623,14.747885152276861,1
10211,11.854029166967281,14.758924382612134,1
10212,11.859842233095447,14.722854100002886,1
10213,11.923683948825909,14.714045219670105,1
10214,11.899970155599162,14.719690034035704,1
10215,11.952452696695696,14.713730983109851,1
10216,11.966532878525149,14.708838483487003,1
10217,8.052481040362734,14.77028147135686,1
10218,8.055777493730284,14.808203880129577,1
10219,8.06169938703051,14.791560108143788,1
10220,8.02765242984755,14.785608551651135,1
10221,8.076640204185988,14.767242135147292,1
10222,8.120988242991567,14.800896609846232,1
10223,8.097371934016987,14.768321160149213,1
10224,8.093311517104139,14.801584063169383,1
10225,8.134820094703976,14.771809668242648,1
10226,8.159366646778668,14.78032861836304,1
10227,8.149572346586321,14.795302538782162,1
10228,8.181523978372248,14.788047126315048,1
10229,8.15757375639701,14.79851787477539,1
10230,8.234329866495052,14.77195841549515,1
10231,8.218079068567674,14.765212648124072,1
10232,8.232807693557653,14.769049792675364,1
10233,8.201066487382056,14.801443404554389,1
10234,8.22744343039179,14.792087430393801,1
10235,8.265589353995502,14.777151824670462,1
10236,8.272157499703276,14.801597011489381,1
10237,8.2474474641026,14.794857966081345,1
10238,8.247536092162317,14.76353304947953,1
10239,8.237419831064491,14.774682532765032,1
10240,8.307346282829881,14.80164914004693,1
10241,8.317115535655653,14.781617661070213,1
10242,8.29553476566672,14.762849672164494,1
10243,8.303244130861877,14.809519819453795,1
10244,8.299763297903803,14.78262534480877,1
10245,8.377465037604304,14.768793186798767,1
10246,8.371640982350865,14.800420405124283,1
10247,8.35598718022397,14.796593095314794,1
10248,8.375304467365398,14.769091381442529,1
10249,8.44188368253657,14.786556918250756,1
10250,8.402561188731273,14.77643898402925,1
10251,8.43534384337969,14.765035029808125,1
10252,8.49555612698709,14.80686427806119,1
10253,8.462175969507689,14.775878480151691,1
10254,8.470667493083225,14.774684629120518,1
10255,8.52933496948275,14.800477214787385,1
10256,8.517695121019422,14.803966670566533,1
10257,8.567851409041927,14.801342805473865,1
10258,8.608307042394669,14.784681049026176,1
10259,8.613863656006641,14.767261971859009,1
10260,8.668403421478324,14.786151349763658,1
10261,8.759970703165,14.7777828786329,1
10262,8.725330726690466,14.789024581302886,1
10263,8.819448271444811,14.7610331801078,1
10264,8.791391200314898,14.773214535909503,1
10265,8.826535664144984,14.783191367419846,1
10266,8.87171673179192,14.786697379620179,1
10267,8.910782913142416,14.796324323135304,1
10268,8.95589222161305,14.788942262712068,1
10269,8.942313354525421,14.797111948868613,1
10270,9.01186070323167,14.773138869734868,1
10271,9.01435525782844,14.811693563182684,1
10272,9.006870315271353,14.782178396832041,1
10273,9.028333837340956,14.803107021906143,1
10274,9.048925135848119,14.773011857733845,1
10275,9.045967081082779,14.767348119342206,1
10276,9.058901501161394,14.778873037273923,1
10277,9.13169873974757,14.792719641651637,1
10278,9.095254195491677,14.761860723132074,1
10279,9.19358095293474,14.779355954327128,1
10280,9.155319220819033,14.807794029932104,1
10281,9.228982786401856,14.795707119273716,1
10282,9.248065601335163,14.771142637618473,1
10283,9.261359332421135,14.804288325762608,1
10284,9.277715540444015,14.790606318271562,1
10285,9.312162722927749,14.793494029344673,1
10286,9.408390303379193,14.783239206092377,1
10287,9.465139877047863,14.766115312127402,1
10288,9.432596302091042,14.799980031507992,1
10289,9.48742529192144,14.764843087252965,1
10290,9.496604411526807,14.804428162172103,1
10291,9.547515539880642,14.79136272993029,1
10292,9.522214366565201,14.77113609355208,1
10293,9.592312796156898,14.786956932594265,1
10294,9.607806664874325,14.790907286393844,1
10295,9.632170264770629,14.800813917521452,1
10296,9.654460757836434,14.794844128620605,1
10297,9.689462253079236,14.791058978131739,1
10298,9.707964300319018,14.803293532387428,1
10299,9.7423036538592,14.771454227632994,1
10300,9.745872434832522,14.81116615286414,1
10301,9.810532631262124,14.797140289857332,1
10302,9.835163038382957,14.762251074178568,1
10303,9.865116765345377,14.808963620726768,1
10304,9.96709427671522,14.789348738690311,1
10305,10.020614580588816,14.78397676313824,1
10306,10.041082043276187,14.794018898352231,1
10307,10.054151536189739,14.80579779399457,1
10308,10.124007583057642,14.773561330587361,1
10309,10.200914850141185,14.764090594314572,1
10310,10.21268566263809,14.761931632896298,1
10311,10.241587996475122,14.763272690911537,1
10312,10.229366884342884,14.811752387200968,1
10313,10.22131637551818,14.792992279861123,1
10314,10.306849525583893,14.771060840250083,1
10315,10.295294576520323,14.784395018572564,1
10316,10.315590872459838,14.772369187166964,1
10317,10.371813647701776,14.809885999975,1
10318,10.334793822426555,14.800769338560684,1
10319,10.333531010286215,14.771562668797117,1
10320,10.424953752792469,14.78769716150843,1
10321,10.4041107036617,14.78583752944048,1
10322,10.383699809074358,14.805665464142269,1
10323,10.442841486672252,14.785150109255872,1
10324,10.438241050931481,14.775950059390874,1
10325,10.515868276159893,14.790067325505678,1
10326,10.562974730538391,14.77986547871643,1
10327,10.561983727713942,14.78158008077053,1
10328,10.594083132552896,14.760605196788763,1
10329,10.634671594919304,14.761561231849285,1
10330,10.667752844530943,14.804770554187405,1
10331,10.68032483691869,14.760946769795359,1
10332,10.695902705904466,14.80080367603969,1
10333,10.723609377461905,14.790709983565957,1
10334,10.73611904028554,14.774200154523262,1
10335,10.795624353365875,14.768349506120694,1
10336,10.761620790175275,14.800514624925455,1
10337,10.790947697232399,14.766191544527901,1
10338,10.855399519402305,14.811750416517551,1
10339,10.832269052854626,14.765681333553477,1
10340,10.843070171156477,14.768704150713619,1
10341,10.825556054437948,14.806468184298781,1
10342,10.892714398733352,14.79484701741725,1
10343,10.901665225778304,14.767738522587065,1
10344,10.889070534784754,14.7640555275711,1
10345,10.917925308281985,14.771381334005552,1
10346,10.909407968231246,14.774882260879759,1
10347,10.928840656023237,14.785726958001074,1
10348,10.999810075377486,14.8096129090534,1
10349,11.00017694876442,14.790086021448596,1
10350,11.014955073660717,14.766896195931555,1
10351,11.036107877223543,14.763248270612975,1
10352,11.045890688487098,14.78718393813932,1
10353,11.077822853276558,14.7836230130047,1
10354,11.105357022329164,14.799643367235488,1
10355,11.118771255679274,14.780927545116937,1
10356,11.130892180101885,14.792959873140418,1
10357,11.133862926530165,14.76785148568799,1
10358,11.152888566377776,14.78506500316622,1
10359,11.156614548701798,14.796379077963378,1
10360,11.195418905304818,14.769726602957862,1
10361,11.207320092096749,14.787050966823053,1
10362,11.183819580682224,14.763687651698257,1
10363,11.26140595504567,14.762534895852253,1
10364,11.264052197945766,14.777419708189614,1
10365,11.311679236103366,14.764853134351782,1
10366,11.292103663851218,14.762783799686979,1
10367,11.36613949877714,14.801045747061572,1
10368,11.36289258784763,14.78185912872437,1
10369,11.385660535840367,14.805620617984589,1
10370,11.422269790869148,14.775950405902243,1
10371,11.39318092495432,14.802405552883314,1
10372,11.412222267115757,14.77139306942497,1
10373,11.460826884794812,14.805863406223468,1
10374,11.446423581854654,14.804028340016908,1
10375,11.528206534609177,14.790920922066592,1
10376,11.522839707034766,14.79766413006032,1
10377,11.575945676195605,14.760680700662443,1
10378,11.557519044483952,14.774806155425512,1
10379,11.639275241209583,14.797922552744325,1
10380,11.65560560245908,14.801439382816387,1
10381,11.702423584732719,14.77030837218541,1
10382,11.669888861304665,14.810520438067234,1
10383,11.74380466909896,14.791768942160335,1
10384,11.726116306490063,14.794828800475752,1
10385,11.784120198230497,14.77518027309857,1
10386,11.780271949199605,14.78733590517423,1
10387,11.860124248914696,14.771070603181089,1
10388,11.845144345378687,14.79967690448969,1
10389,11.82065617910217,14.809429569978997,1
10390,11.917278085937427,14.798747733277551,1
10391,11.886437357237865,14.76242631344919,1
10392,11.912427838457573,14.781661046453813,1
10393,11.953619034551984,14.797223353446284,1
10394,11.932039803302299,14.790775163668064,1
10395,11.988990228458423,14.76484822963658,1
10396,8.019208023181216,14.821602900584384,1
10397,8.048975546435681,14.842981978231226,1
10398,8.062463825679322,14.817347382042774,1
10399,8.070371766717985,14.855111388915093,1
10400,8.051753868870547,14.848741196866085,1
10401,8.084254286618075,14.824397720034542,1
10402,8.082809435933797,14.82273985166748,1
10403,8.078342283795678,14.862729118748138,1
10404,8.11496468296128,14.830947562254085,1
10405,8.148998449479253,14.843700095081749,1
10406,8.180740456428678,14.838760149830184,1
10407,8.174333561291796,14.819534768217084,1
10408,8.167023310612954,14.818381187136122,1
10409,8.137985501902756,14.818701351117966,1
10410,8.205248166638748,14.83610486710586,1
10411,8.228678746179414,14.821415045230902,1
10412,8.197460144370991,14.816627482786068,1
10413,8.221516107666664,14.83611531027878,1
10414,8.219446223403452,14.841507007786195,1
10415,8.243216745205627,14.861165123177368,1
10416,8.24870143844409,14.857659563026345,1
10417,8.285363799484323,14.84263400488323,1
10418,8.259914631103149,14.839298254826724,1
10419,8.242911686554407,14.857704487506176,1
10420,8.30771486006825,14.82367443358474,1
10421,8.32355344403198,14.831909086816404,1
10422,8.293379605897517,14.820866928898145,1
10423,8.298761464735492,14.863436556633314,1
10424,8.324352807097252,14.824109344266454,1
10425,8.341155194947946,14.85897549887352,1
10426,8.356062927322172,14.853459754604874,1
10427,8.385506484957808,14.838922639978373,1
10428,8.382195458365223,14.815854872717603,1
10429,8.346327784415779,14.862467846180854,1
10430,8.35278790466269,14.855486127330517,1
10431,8.442083815745011,14.826683879960031,1
10432,8.420077365793603,14.845911969100282,1
10433,8.410280129345871,14.817855453776152,1
10434,8.48998274271342,14.818610001367807,1
10435,8.4732901884467,14.842256432317663,1
10436,8.46833304045504,14.821119910792353,1
10437,8.506556717344674,14.817021625454268,1
10438,8.51352647482392,14.842454781577837,1
10439,8.52734685619781,14.841161006229557,1
10440,8.607667264286821,14.821388498445794,1
10441,8.572320960517436,14.864135247230191,1
10442,8.60539905218791,14.851349752167353,1
10443,8.623954142068454,14.844570160392786,1
10444,8.628838230408494,14.860326446361597,1
10445,8.641961031400738,14.845707288967064,1
10446,8.704673434034884,14.816622751941642,1
10447,8.707382467685088,14.85505895191049,1
10448,8.73095273366736,14.85567285592762,1
10449,8.758423967544152,14.848948230676212,1
10450,8.775547748843113,14.828238716508196,1
10451,8.789386061664445,14.840212205896114,1
10452,8.833268791218558,14.814773459223774,1
10453,8.865185473576291,14.857929751134346,1
10454,8.921752163960457,14.831924360234764,1
10455,8.877878555005083,14.844990140971316,1
10456,8.883772628042232,14.857930336253562,1
10457,8.947238938897021,14.835400922459366,1
10458,8.944485173771186,14.816019702498936,1
10459,8.981599946756877,14.814471370177179,1
10460,8.93598747259712,14.862359488643376,1
10461,9.026088472808315,14.836174016881783,1
10462,9.00100879999052,14.820986274378104,1
10463,8.984855371660975,14.837795871581747,1
10464,9.036545248277429,14.825010161602867,1
10465,9.018643881424806,14.850275878150972,1
10466,9.076312277940056,14.846142481851716,1
10467,9.058522789578406,14.815130240359917,1
10468,9.04475477670682,14.821874049550901,1
10469,9.0780106446033,14.852274751061426,1
10470,9.135694016895995,14.837948957670793,1
10471,9.116410742550379,14.848953972486385,1
10472,9.111494821307337,14.864457191708606,1
10473,9.149114760593582,14.849659820534686,1
10474,9.17077156387103,14.837406473830018,1
10475,9.171825958778225,14.863082198931444,1
10476,9.245594163603256,14.833414152608256,1
10477,9.219181199224908,14.843971165406192,1
10478,9.220170292479303,14.839823659206852,1
10479,9.227940481109819,14.845927857958594,1
10480,9.301857458156125,14.832323692414851,1
10481,9.302820579432634,14.813813965199202,1
10482,9.441727134079844,14.824209572794725,1
10483,9.45324392319059,14.832458231460004,1
10484,9.4666105271966,14.83755905783086,1
10485,9.503149633575095,14.851887396129761,1
10486,9.519272413074425,14.866060275579958,1
10487,9.53433766125486,14.847773705861359,1
10488,9.60676354090045,14.84865191472437,1
10489,9.625149537555748,14.849342607268646,1
10490,9.662900565269434,14.831502702434083,1
10491,9.633502679949483,14.813791594126464,1
10492,9.63395501436343,14.862962949778945,1
10493,9.721881867814119,14.832343487456617,1
10494,9.685746436849769,14.818064443776375,1
10495,9.75651115933951,14.837778711696696,1
10496,9.747734214302609,14.813018436511914,1
10497,9.810767777227467,14.861210869871076,1
10498,9.794801599522266,14.822992302274853,1
10499,9.849066256185164,14.862848144221223,1
10500,9.84245677367729,14.825222479556903,1
10501,9.895367520369383,14.817758630004779,1
10502,9.947775404649429,14.852708435357085,1
10503,9.950109853011265,14.843568188884072,1
10504,10.023422973955512,14.822933815144875,1
10505,10.013490013423713,14.813072849472432,1
10506,10.106454408652196,14.841448347245553,1
10507,10.072691085546973,14.844485515501372,1
10508,10.146146185302984,14.831597717447718,1
10509,10.109895500846331,14.865585270173437,1
10510,10.211133388232813,14.817368523632817,1
10511,10.17053641109257,14.852245679585097,1
10512,10.235105809768022,14.854797086832612,1
10513,10.24625924899853,14.842651963042716,1
10514,10.315924551873609,14.844174678017103,1
10515,10.281158652462688,14.842109145859673,1
10516,10.358409746239298,14.85737788878909,1
10517,10.342239789672208,14.852233518547285,1
10518,10.41132498042425,14.826352331311721,1
10519,10.393545592254227,14.86595594290719,1
10520,10.442441353962176,14.817143397866428,1
10521,10.529890163543058,14.827786246871145,1
10522,10.493113329677014,14.84563945335982,1
10523,10.542536252754,14.849568912982301,1
10524,10.557502282109493,14.861496429650646,1
10525,10.622800566153478,14.828501761106612,1
10526,10.612931544846525,14.817103138645567,1
10527,10.654270365598428,14.856087005453697,1
10528,10.678650025147025,14.856895161915151,1
10529,10.728653055391415,14.840859592230867,1
10530,10.698881745085421,14.843162378177707,1
10531,10.704651185883751,14.854310118977793,1
10532,10.792786101469819,14.860716611004309,1
10533,10.76176478399157,14.817565511732491,1
10534,10.796634781118366,14.837248997297074,1
10535,10.797239701021494,14.860833439573419,1
10536,10.816307444900342,14.844706690102049,1
10537,10.829226434965225,14.816353960976913,1
10538,10.807345383174468,14.824725203621735,1
10539,10.871878332413996,14.842177155436293,1
10540,10.899315754454824,14.85051253991951,1
10541,10.88127617778155,14.826543523167125,1
10542,10.943276217649348,14.858813655403779,1
10543,10.940977063232314,14.836167527176139,1
10544,10.92473337869193,14.843482404985407,1
10545,10.964240661519895,14.856052602485834,1
10546,10.973370280515885,14.847876997611342,1
10547,11.03641403595986,14.847459855123859,1
10548,11.034031566672086,14.854335746099345,1
10549,11.112585116912715,14.863200991926238,1
10550,11.089379048190807,14.824924314835608,1
10551,11.096719293190077,14.86256486212608,1
10552,11.171145433026581,14.818918672364505,1
10553,11.168773462567513,14.835322071298295,1
10554,11.125456433628045,14.866048325651857,1
10555,11.166469961770872,14.826782390625853,1
10556,11.200499802020044,14.8306373247889,1
10557,11.227564408204854,14.82404518734511,1
10558,11.206789869050949,14.8266102856501,1
10559,11.213160167656934,14.816155389924248,1
10560,11.259620137964871,14.862312617925664,1
10561,11.253629034757937,14.847391555681675,1
10562,11.246892305405316,14.862290200042478,1
10563,11.310065288836581,14.849444134253382,1
10564,11.334281237387849,14.833657219983799,1
10565,11.387245063819377,14.863910088354448,1
10566,11.354061682824245,14.851956736542464,1
10567,11.424260029088904,14.839860575197187,1
10568,11.393845842350624,14.853994223149437,1
10569,11.430791460468106,14.848578022385302,1
10570,11.484526198562232,14.820719668308783,1
10571,11.471422275927496,14.825124274854371,1
10572,11.520774795058758,14.862367040799374,1
10573,11.511595570125682,14.86397976542388,1
10574,11.572355491318534,14.831538989886175,1
10575,11.556639103084402,14.816143051115546,1
10576,11.653289256507602,14.827167415587832,1
10577,11.610532095027642,14.84963312797279,1
10578,11.63459543800768,14.841671063168336,1
10579,11.674520747550957,14.848623071879032,1
10580,11.677486079381914,14.834413493993177,1
10581,11.696108146851065,14.82000189341405,1
10582,11.706160249687457,14.819373471348339,1
10583,11.726686725575467,14.83144272970746,1
10584,11.716666517842418,14.831945765158197,1
10585,11.755244609394754,14.860827263615805,1
10586,11.779252863769242,14.849076535963885,1
10587,11.821010494285451,14.814834646037244,1
10588,11.81949638527611,14.855086651286753,1
10589,11.855056540894276,14.863340275398516,1
10590,11.833434245189494,14.842212618503016,1
10591,11.895611911668356,14.836283082321717,1
10592,11.903663126015385,14.829336435319949,1
10593,11.883770276283167,14.828440693298374,1
10594,11.886149146787593,14.83203123230335,1
10595,11.874907716638438,14.863187880713268,1
10596,11.926390776464702,14.855773649105398,1
10597,11.933228646018446,14.834315668699613,1
10598,11.933326115795772,14.84925030046074,1
10599,11.948393294230687,14.866006832129855,1
10600,11.97890749224954,14.817095665215941,1
10601,11.979130401433324,14.835871156097124,1
10602,8.017954657808271,14.904957801408356,1
10603,8.033676089285116,14.902152650958417,1
10604,8.037248549732402,14.870798247766686,1
10605,8.059612421773325,14.890808692276991,1
10606,8.092267785580303,14.907219644514965,1
10607,8.099447271354212,14.887715211097884,1
10608,8.096436620375012,14.88975989161521,1
10609,8.08255442383539,14.868427904132034,1
10610,8.144887302710039,14.877557276038743,1
10611,8.147458658248338,14.890246252403944,1
10612,8.173694520173738,14.893765162132715,1
10613,8.176483317205404,14.871690112759584,1
10614,8.132292763797203,14.916713141609161,1
10615,8.198648099158133,14.907919635978594,1
10616,8.194222641642966,14.897019062253873,1
10617,8.205556906047907,14.909269195311342,1
10618,8.198250818228981,14.871062333267743,1
10619,8.233114939372914,14.87737290524099,1
10620,8.237819063780778,14.874028110148652,1
10621,8.283170102734454,14.90127425116337,1
10622,8.271492313989274,14.8710124170281,1
10623,8.263029389114655,14.888044346322785,1
10624,8.246073303904755,14.870607131260783,1
10625,8.320903433250878,14.889451613661995,1
10626,8.31214536256768,14.895666349145275,1
10627,8.311771238016476,14.88681223552447,1
10628,8.304722177559348,14.910031167953102,1
10629,8.313008126953552,14.888598503855638,1
10630,8.384258134684442,14.884048912878152,1
10631,8.382755321042621,14.903262061626766,1
10632,8.38484516347675,14.916988301180899,1
10633,8.376785667204462,14.913805493394465,1
10634,8.409715282598313,14.908687316698611,1
10635,8.444510625483876,14.87750336944113,1
10636,8.396070398306085,14.914551605821613,1
10637,8.463291357567137,14.879913883632796,1
10638,8.451653978464396,14.916798184206721,1
10639,8.489562012583807,14.918719756529082,1
10640,8.493990687282976,14.873868344793886,1
10641,8.5031174494226,14.896425517708934,1
10642,8.552770941219975,14.867646911850565,1
10643,8.515342844999461,14.900570988914495,1
10644,8.511680032420296,14.86776601962577,1
10645,8.581529624578659,14.88523997923384,1
10646,8.58937331179741,14.895558023512839,1
10647,8.562546172774779,14.890189969417456,1
10648,8.604098032879344,14.91864275967387,1
10649,8.569114867029773,14.906501487603155,1
10650,8.654850372998274,14.883127203243767,1
10651,8.629256173831791,14.887934344955047,1
10652,8.615395120336899,14.884419915453842,1
10653,8.624023578387552,14.890732060737639,1
10654,8.634005896630699,14.916988084599932,1
10655,8.71344030367856,14.89752582912363,1
10656,8.665064230174611,14.898287254873097,1
10657,8.707082985279778,14.907199137007783,1
10658,8.663348358352476,14.885969136556746,1
10659,8.741920527062263,14.913691844019286,1
10660,8.749064897525331,14.905826999355833,1
10661,8.763603608925091,14.902202650524444,1
10662,8.788001881674667,14.87832413469984,1
10663,8.821143516967714,14.88723235168533,1
10664,8.772863779030478,14.869933946848304,1
10665,8.865208003498951,14.885971616899386,1
10666,8.864473764536516,14.909634919610653,1
10667,8.830219004191328,14.8708855469879,1
10668,8.916826213428775,14.868162853363831,1
10669,8.919733962905624,14.9148909684981,1
10670,8.889248641944027,14.892143758524,1
10671,8.90712294537952,14.907684270353103,1
10672,8.974400956064626,14.88869783052807,1
10673,8.93575088747458,14.898196560384788,1
10674,8.962392436667258,14.867644918063979,1
10675,8.933506091562082,14.87253072182379,1
10676,8.97205498015655,14.89516505591467,1
10677,9.018054407563207,14.877684462904815,1
10678,8.995898317858263,14.900731383188708,1
10679,9.021802250985075,14.899337488157549,1
10680,9.004819958877533,14.884851863747159,1
10681,9.005956950450067,14.878812282063972,1
10682,9.044435596180358,14.901885215203638,1
10683,9.085338000877378,14.895981910263863,1
10684,9.03795759610319,14.913223793185473,1
10685,9.138104415151995,14.896140619124338,1
10686,9.124998871507511,14.87248307615202,1
10687,9.115571305085433,14.88325591682278,1
10688,9.114157397605407,14.902615033215623,1
10689,9.17931490328325,14.870239666153209,1
10690,9.186970100543299,14.872255301692903,1
10691,9.155483924955195,14.904488287810592,1
10692,9.14779703288011,14.903629888733452,1
10693,9.154004369279782,14.86794745985756,1
10694,9.204851914796725,14.91695379956589,1
10695,9.249907784867554,14.91094032764048,1
10696,9.219353165696464,14.899213680307755,1
10697,9.215463343984958,14.904785556626612,1
10698,9.301437902273744,14.908350311136703,1
10699,9.274826278138201,14.87180158296921,1
10700,9.336682766680626,14.902961097401356,1
10701,9.426457857800035,14.880597628116181,1
10702,9.516202420138598,14.893853354381942,1
10703,9.48615553892573,14.887532778047051,1
10704,9.495935095604995,14.911964810717766,1
10705,9.52016018745117,14.905783317412503,1
10706,9.530714931489817,14.911682169544576,1
10707,9.543705146235057,14.880976656256145,1
10708,9.579951981488106,14.909360377532435,1
10709,9.607363060786732,14.872074797102393,1
10710,9.667266674539187,14.899744563119155,1
10711,9.626876670892827,14.873783888051445,1
10712,9.716131386781784,14.919121639492147,1
10713,9.722389562121498,14.90489125824797,1
10714,9.771949332813634,14.86656538626877,1
10715,9.78030215337954,14.878248022958896,1
10716,9.794722236374614,14.91571023677174,1
10717,9.836407304490688,14.86671752343218,1
10718,9.89207561758418,14.89969596989619,1
10719,9.841941998357221,14.867019660794426,1
10720,9.897030813105177,14.872865693301408,1
10721,9.903012969860889,14.896909695036406,1
10722,9.96294480223874,14.886185139100343,1
10723,9.997692092324153,14.86640100423278,1
10724,10.036857358475409,14.871176207323161,1
10725,10.045111916254527,14.917872231110813,1
10726,10.065791110023488,14.915151417925728,1
10727,10.075031898692677,14.8683128520485,1
10728,10.075517403144325,14.904050550571924,1
10729,10.124306892079101,14.873097718205404,1
10730,10.125987850676818,14.878830722955982,1
10731,10.130065139269904,14.917079867622915,1
10732,10.201896635426326,14.903003931050348,1
10733,10.184680757025504,14.91828402764076,1
10734,10.239681303528243,14.897735266423428,1
10735,10.227428400667456,14.870716541114824,1
10736,10.269749129023763,14.892633415739228,1
10737,10.271054307428177,14.895340824905723,1
10738,10.290588910400327,14.906268979711209,1
10739,10.364117834463887,14.915714783198867,1
10740,10.350375673137593,14.876051056691402,1
10741,10.361938655256543,14.889500012555594,1
10742,10.381430725218873,14.892200052762641,1
10743,10.3743530870197,14.89287786856866,1
10744,10.419683295982127,14.91740675787342,1
10745,10.458591426848075,14.909656147279671,1
10746,10.431560103639647,14.912274909360539,1
10747,10.487744900156565,14.904081465165325,1
10748,10.500783622127328,14.875621032434656,1
10749,10.538003467993027,14.87808069859045,1
10750,10.542681115047076,14.901774723391227,1
10751,10.58506775977265,14.886456328316886,1
10752,10.628021319445862,14.91619111493796,1
10753,10.597242717183706,14.879794764717776,1
10754,10.588405322152205,14.895532060272428,1
10755,10.675966228690688,14.87120539934927,1
10756,10.64297814670068,14.896692118015489,1
10757,10.73068526075235,14.889449638547706,1
10758,10.707902299322203,14.869456856075795,1
10759,10.7727927315567,14.912598059362695,1
10760,10.7719611665094,14.876442356451445,1
10761,10.757341718373866,14.879712003107036,1
10762,10.817980737539886,14.871990701143396,1
10763,10.851470186409276,14.876889478963376,1
10764,10.809648617780914,14.866343453105982,1
10765,10.860206467781605,14.873694995588922,1
10766,10.906859687399388,14.895104903999359,1
10767,10.879323832552977,14.89248444003971,1
10768,10.92146650969283,14.896843551332006,1
10769,10.927337556755022,14.871095478427513,1
10770,10.948089155928193,14.912516253586995,1
10771,10.99352625805172,14.894831196139771,1
10772,10.977264290977962,14.894249997180621,1
10773,10.990810185759189,14.900818906443307,1
10774,11.039415968896284,14.91355537244681,1
10775,11.035705929994492,14.910981335624253,1
10776,11.075848450556059,14.889264688596858,1
10777,11.093483695931047,14.88270402356232,1
10778,11.087377586170856,14.908831531599043,1
10779,11.07374692569822,14.877300442571439,1
10780,11.126981572769832,14.88671557285359,1
10781,11.15036053092634,14.866856326764283,1
10782,11.160640264340804,14.914844727315236,1
10783,11.171928037380813,14.900036496960816,1
10784,11.183399134256941,14.908884665073996,1
10785,11.215766332263248,14.900857176649208,1
10786,11.178221907259138,14.913745993501097,1
10787,11.180065359935993,14.890720360859405,1
10788,11.23311456454193,14.904086705170577,1
10789,11.246061164940528,14.914388120045079,1
10790,11.27981138466622,14.898811624908236,1
10791,11.335355661640795,14.867772592278829,1
10792,11.295532689121618,14.915684913621238,1
10793,11.372674754828289,14.910341950642355,1
10794,11.354792966248807,14.90497096109258,1
10795,11.41466866655941,14.914909175288452,1
10796,11.395910665971428,14.885968897456433,1
10797,11.466524700839297,14.878344887869854,1
10798,11.456540825160616,14.911570167176754,1
10799,11.530941910957878,14.903345176001773,1
10800,11.539073409322574,14.911667764407785,1
10801,11.577682340635747,14.892499709456134,1
10802,11.596276913468612,14.88399060312969,1
10803,11.64126274244997,14.918717913882807,1
10804,11.617808641568843,14.891114760899104,1
10805,11.608464027348065,14.87527213375092,1
10806,11.657028763801497,14.877092270521125,1
10807,11.685068035256615,14.882940641321103,1
10808,11.681888783105862,14.916143651361342,1
10809,11.700789377601755,14.90619242762634,1
10810,11.660691979872619,14.904066614236942,1
10811,11.710510534060283,14.908701560511709,1
10812,11.756553393688636,14.888692960981537,1
10813,11.734298898919041,14.901452249334975,1
10814,11.742780024094026,14.885763273718213,1
10815,11.762846307341599,14.897450321117596,1
10816,11.817181220946047,14.910170644736766,1
10817,11.850361415578636,14.916163780673447,1
10818,11.830276907488406,14.891000135007388,1
10819,11.842664810872998,14.892897024189068,1
10820,11.844572153250526,14.917829434715653,1
10821,11.878953171140722,14.88007168961578,1
10822,11.893609854498877,14.910011044103173,1
10823,11.879037161130904,14.883369423396877,1
10824,11.87454440974304,14.90942588775534,1
10825,11.87235804762885,14.868753665627539,1
10826,11.951800453933963,14.883886758970416,1
10827,11.961318170731902,14.870089121416207,1
10828,11.93872122038701,14.882823046572371,1
10829,11.967326249872336,14.892032087876608,1
10830,11.934736811280338,14.918514924096302,1
10831,11.978783697083657,14.906605455545156,1
10832,11.988194414757887,14.88273542292064,1
10833,8.004667745990277,14.942139691556662,1
10834,8.07082404721564,14.946157279699051,1
10835,8.028552770931595,14.942867627044219,1
10836,8.051125892346434,14.926522626851149,1
10837,8.093509582267103,14.968464290754344,1
10838,8.09087202086594,14.927368342031816,1
10839,8.112184784978412,14.928020649572467,1
10840,8.177314919674377,14.943806909221056,1
10841,8.135378014103056,14.96345001698337,1
10842,8.178443881295166,14.950487649708226,1
10843,8.230460288569386,14.932854489834297,1
10844,8.209265666936211,14.923815656452158,1
10845,8.197613006291064,14.958196015852241,1
10846,8.251966700474844,14.920604966208655,1
10847,8.274198929585014,14.92879355901484,1
10848,8.273836176499378,14.943026672324724,1
10849,8.316931893282913,14.971966592135033,1
10850,8.291907562757048,14.927810946782568,1
10851,8.329766792195908,14.928310854618093,1
10852,8.331231892640975,14.926197249414827,1
10853,8.362248941879322,14.948059290409448,1
10854,8.37001108875197,14.960763848467275,1
10855,8.366465486333603,14.927265692171424,1
10856,8.447760704109477,14.93390934764362,1
10857,8.41777091815298,14.960415679121937,1
10858,8.42145184509539,14.97061260262244,1
10859,8.461147890675278,14.94437949356066,1
10860,8.454944765403358,14.933157604721165,1
10861,8.452436382557277,14.946711916720831,1
10862,8.473770095691965,14.945137931086895,1
10863,8.542032513083957,14.96504436876739,1
10864,8.526043241720851,14.961448611882675,1
10865,8.520390941776046,14.91982534761938,1
10866,8.514057880843065,14.922791044125297,1
10867,8.563175665657955,14.93214313435943,1
10868,8.593343247268834,14.952624520939178,1
10869,8.578892191349684,14.932554806777494,1
10870,8.576986369204864,14.968523654101674,1
10871,8.65192749850518,14.934784067286273,1
10872,8.631016275551712,14.968913284929835,1
10873,8.660064513318945,14.921376293584013,1
10874,8.616334219210698,14.965958746841546,1
10875,8.642115446852179,14.950046746841599,1
10876,8.6947022549061,14.944113214529041,1
10877,8.685498715136678,14.968185623587123,1
10878,8.665084552582801,14.947715278311676,1
10879,8.674242155902299,14.926810074706449,1
10880,8.696900311584407,14.958183777598943,1
10881,8.738214171923909,14.928990435892645,1
10882,8.720280534474654,14.920230825836164,1
10883,8.748237784618667,14.928230713273038,1
10884,8.773470081695123,14.973114652985014,1
10885,8.791540722911975,14.92321709912494,1
10886,8.826595260081136,14.954664278232949,1
10887,8.865626130588359,14.961145656057772,1
10888,8.830338770830208,14.959999718779466,1
10889,8.885824572177947,14.9354068835445,1
10890,8.915674474200964,14.972336257511548,1
10891,8.908252935181011,14.964800974826675,1
10892,8.958084698314316,14.961470616139069,1
10893,8.947259108454205,14.926293301149506,1
10894,8.964368221041447,14.946419052779877,1
10895,8.951154080202455,14.955250539916033,1
10896,8.93564445149201,14.953083935403068,1
10897,8.985101382962133,14.940714170031338,1
10898,9.008961529635878,14.955905219351578,1
10899,9.017590526041884,14.95265808557504,1
10900,9.035517137866833,14.970422044229416,1
10901,9.052075550655248,14.966015011155589,1
10902,9.075627680736613,14.932844625400564,1
10903,9.113718230758654,14.928883655120798,1
10904,9.12868509995116,14.954289111265455,1
10905,9.12018406449275,14.946274100151134,1
10906,9.120955419739385,14.956612681057862,1
10907,9.162102206349127,14.949516407587723,1
10908,9.196664948279455,14.951522659716936,1
10909,9.188947028378236,14.967216365652483,1
10910,9.154452242979483,14.951358927559387,1
10911,9.160512108248813,14.972109516717758,1
10912,9.230886050281292,14.956625467684253,1
10913,9.212275337533837,14.964238672345653,1
10914,9.297374256393317,14.940410667908413,1
10915,9.346352977852817,14.966792471173356,1
10916,9.368176608325232,14.923168517223134,1
10917,9.438010324270474,14.945581778396848,1
10918,9.512460451645916,14.93856529080952,1
10919,9.500603293290485,14.963933352381156,1
10920,9.535548986185553,14.92920061859009,1
10921,9.530904360466899,14.957592336014146,1
10922,9.587144686874854,14.921936122743178,1
10923,9.572710060579269,14.959155842566847,1
10924,9.577271603395612,14.925923330584375,1
10925,9.657437214798092,14.926856900655228,1
10926,9.675582158707087,14.970939291819096,1
10927,9.7026404081391,14.967203740366608,1
10928,9.695240954436308,14.946711396900152,1
10929,9.735720543370034,14.972651444833176,1
10930,9.771316320297553,14.929967021114651,1
10931,9.771264034011889,14.962405975468474,1
10932,9.839321947051927,14.9508034627725,1
10933,9.817873446412783,14.94480487755378,1
10934,9.852966835203283,14.970920552448636,1
10935,9.853912593886195,14.945349843034046,1
10936,9.941675191109853,14.966621376337223,1
10937,9.89870686868275,14.95981242271733,1
10938,9.907783991603692,14.96369180859335,1
10939,9.995116008049106,14.950048768305846,1
10940,9.963311108712148,14.923418406738804,1
10941,9.965324274856497,14.967289868561593,1
10942,10.005659927976163,14.96531077075865,1
10943,10.051738726421982,14.94650556453818,1
10944,10.041677542186095,14.962450308704124,1
10945,10.093314961992133,14.927715578043841,1
10946,10.073925869076287,14.924346153820816,1
10947,10.098407907453437,14.959197370428836,1
10948,10.151423435323668,14.96221005818568,1
10949,10.119723835203752,14.920778765364659,1
10950,10.126260286487021,14.932058885264798,1
10951,10.178269881212044,14.941952308873748,1
10952,10.19418072774154,14.964742474164119,1
10953,10.224885353941522,14.96875666924479,1
10954,10.25562427783948,14.957160295197857,1
10955,10.274641770227975,14.943106957379038,1
10956,10.26816419395785,14.957531895585275,1
10957,10.275660748642101,14.938067339042366,1
10958,10.346471035402313,14.9658019082017,1
10959,10.350683982666824,14.963784619427667,1
10960,10.33800639897933,14.938909315362485,1
10961,10.407578439612974,14.933239525152231,1
10962,10.381876706399938,14.924590559258776,1
10963,10.392734939147587,14.931612590188193,1
10964,10.4109739000038,14.968026242436554,1
10965,10.431778213399781,14.94641946329329,1
10966,10.4688050636637,14.925152754515105,1
10967,10.447410012036253,14.930563597796594,1
10968,10.503600712008296,14.937700892749582,1
10969,10.52726020162737,14.971731180202601,1
10970,10.558726695217798,14.97000808507822,1
10971,10.545214387701039,14.972148960373106,1
10972,10.598263003135877,14.96003493616809,1
10973,10.617370947118278,14.943657483126197,1
10974,10.669166196773604,14.94280172126,1
10975,10.65625881863787,14.973002240141048,1
10976,10.725061998597008,14.96701841115954,1
10977,10.798947480077631,14.931311440031307,1
10978,10.754163399856939,14.972671814190129,1
10979,10.805482781793517,14.919943586219143,1
10980,10.833887933529866,14.92701461209458,1
10981,10.854142849984182,14.95603579863821,1
10982,10.90036402575205,14.966459483719618,1
10983,10.876171447865156,14.963729528434333,1
10984,10.91474843777945,14.940795689128992,1
10985,10.914878928232836,14.956565099060638,1
10986,11.012693471432971,14.93528060373556,1
10987,10.967329325658607,14.967938473516107,1
10988,10.97704027236817,14.963663222403346,1
10989,11.035172498038468,14.923166260264772,1
10990,11.030342800631788,14.92944481528548,1
10991,11.088287379309591,14.968216237612564,1
10992,11.091980159117542,14.942509952418423,1
10993,11.076209403676632,14.92646155087105,1
10994,11.107786034308594,14.941168889421126,1
10995,11.131658060727913,14.949351382165142,1
10996,11.17438726121981,14.932250708003151,1
10997,11.172319370871948,14.965764947849328,1
10998,11.144494705710937,14.938888466353077,1
10999,11.134799273562855,14.928983849466416,1
11000,11.222937628398455,14.932394092874397,1
11001,11.193456811373363,14.96491733842594,1
11002,11.192319962118452,14.957765572656076,1
11003,11.183119639089556,14.936881642809261,1
11004,11.256823442978076,14.956190002293289,1
11005,11.24395566944305,14.9281016650052,1
11006,11.29355226249954,14.929293107753425,1
11007,11.336889503298867,14.942700569774873,1
11008,11.378311098739921,14.971748324208312,1
11009,11.346265494342012,14.963136719885963,1
11010,11.39445053259278,14.920907995499094,1
11011,11.43869627543287,14.929089206824358,1
11012,11.489875500662336,14.935650703209022,1
11013,11.490438179520307,14.97067622197937,1
11014,11.530046746919401,14.943971717650557,1
11015,11.537633585877956,14.957932748038054,1
11016,11.580811211270277,14.93790464235376,1
11017,11.564088077909682,14.946642089179493,1
11018,11.643854300630572,14.955170628462705,1
11019,11.61519642339703,14.958875728946124,1
11020,11.626748213854494,14.96172351191867,1
11021,11.638486246129785,14.955908444943878,1
11022,11.691923360744749,14.95738358986577,1
11023,11.681864288145412,14.971257900367041,1
11024,11.701820040538012,14.961521675949733,1
11025,11.679142669335606,14.95685343272078,1
11026,11.679110861363842,14.940104722471549,1
11027,11.756589912117741,14.92560047378279,1
11028,11.758668769502053,14.968540937757254,1
11029,11.743634504928542,14.959704251115465,1
11030,11.731243545118305,14.965289869299081,1
11031,11.806893097855545,14.942181689828848,1
11032,11.856544656670719,14.955698762381413,1
11033,11.846955785680628,14.927298285532276,1
11034,11.847383359031838,14.950926822074267,1
11035,11.87387233805608,14.938945356546236,1
11036,11.916660256404446,14.938577672793427,1
11037,11.87286408112612,14.958998206460485,1
11038,11.909070266907328,14.938861925374432,1
11039,11.908729093320897,14.938706870653228,1
11040,11.933357270236451,14.965606941976809,1
11041,11.933476749055853,14.934701523791736,1
11042,11.968566525160183,14.949264128584916,1
11043,11.964238940858811,14.944937961119141,1
11044,11.96970643854233,14.926857982251953,1
11045,11.988689527858646,14.951186666019048,1
11046,8.019501488619953,14.991058619106479,1
11047,8.037653488568555,15.017221255866264,1
11048,8.035919831435667,14.985947969956294,1
11049,8.068400127682505,15.010224438561028,1
11050,8.09347165485341,14.985589688309094,1
11051,8.12319561171709,15.020249794150502,1
11052,8.121986699961795,15.001769723365909,1
11053,8.15431768468255,15.01261464946497,1
11054,8.14445105635283,14.98686229171331,1
11055,8.138702777773004,14.98547267187829,1
11056,8.220478373467778,14.976745055388399,1
11057,8.195783471464203,14.986077001683663,1
11058,8.245667115068597,15.007141810295925,1
11059,8.258392263291624,15.016312074734229,1
11060,8.262272464126891,14.974085477377256,1
11061,8.291692665676791,15.012111551144278,1
11062,8.298479996158457,14.998240333501055,1
11063,8.301443146171339,15.012223367669344,1
11064,8.363395166982885,15.000108255789728,1
11065,8.391477642696511,14.980328691012168,1
11066,8.391832269222393,14.995993507572562,1
11067,8.438949719334737,15.01111338057111,1
11068,8.44445511750544,15.01725205243253,1
11069,8.413224277923792,14.980233185292516,1
11070,8.465660810916644,15.011029679681227,1
11071,8.490125328825465,15.005688465065395,1
11072,8.480640016424013,14.97751673185024,1
11073,8.549392684953064,14.974161200240678,1
11074,8.519796908612587,14.98228420521708,1
11075,8.516277135645508,14.974155039984158,1
11076,8.506030122205772,15.01811930469641,1
11077,8.581769114345072,15.004167607084582,1
11078,8.567431275891114,14.995850551452778,1
11079,8.574167435094667,14.983858139114387,1
11080,8.559418919490508,14.97740454490423,1
11081,8.662072989459467,15.004988070607078,1
11082,8.644565095779434,14.981631407531927,1
11083,8.634866969673192,14.999451398355752,1
11084,8.655810188281377,15.011700805473964,1
11085,8.679635623048124,14.981413637130055,1
11086,8.700864619500313,15.013341150991195,1
11087,8.702447817358834,14.988116195812378,1
11088,8.674611866318484,15.018343283214207,1
11089,8.757950894014073,15.026105517578808,1
11090,8.74716140698038,14.994065042305257,1
11091,8.740661220474035,15.008507408797536,1
11092,8.77779049827336,15.013272211125244,1
11093,8.798184522289041,15.011750711763748,1
11094,8.868124650760157,15.021255840515657,1
11095,8.852120462113561,15.00736925797338,1
11096,8.881221866401862,14.985848902908476,1
11097,8.913280491356577,15.022556669144445,1
11098,8.930016899250226,15.022609022543273,1
11099,8.932608393670613,14.998955704214252,1
11100,8.943077850260117,15.003042544501143,1
11101,8.981294119804897,15.001833354559643,1
11102,8.935698464774752,15.009776813422741,1
11103,9.0347824856543,14.989162549275566,1
11104,9.02991504233079,15.007548909606287,1
11105,9.034157749164397,14.999365168163868,1
11106,9.058742434514969,14.98316553331331,1
11107,9.053392205313713,14.992805734737702,1
11108,9.125338246619828,15.013465701148654,1
11109,9.12177296254961,15.02008722109918,1
11110,9.136364551577609,15.009051057019246,1
11111,9.132569750154833,14.997043269331192,1
11112,9.151824691876495,14.979372470199216,1
11113,9.176703294180893,15.006754155233567,1
11114,9.188214164497385,14.999725075843287,1
11115,9.158123775767324,14.981719923754694,1
11116,9.216606611296838,14.973474899797258,1
11117,9.212541797736497,14.995600026366665,1
11118,9.200976854449543,15.00652111482255,1
11119,9.254780883669289,14.998227459493874,1
11120,9.256763943345666,15.015534609949533,1
11121,9.316917570811603,15.024116915437116,1
11122,9.376716327891211,15.014337545374296,1
11123,9.422716635899306,15.018528331482711,1
11124,9.475506039057965,14.994245889315286,1
11125,9.568491090650797,14.995843107113782,1
11126,9.563287499638,14.993564096068807,1
11127,9.587712639877005,14.982134125341005,1
11128,9.580170594440233,14.99805470602445,1
11129,9.667884849175488,15.000000162145065,1
11130,9.639314630581175,15.000473253605948,1
11131,9.722041234924626,14.991849326330744,1
11132,9.724681336951097,14.97988091107027,1
11133,9.773143062698527,14.97401750585666,1
11134,9.765841113713897,14.995565607700573,1
11135,9.83078565974745,14.986863183906406,1
11136,9.803039297549724,15.01924106514643,1
11137,9.788491894030605,14.99361986583408,1
11138,9.860369639122318,15.00873327819687,1
11139,9.879936387900843,15.022593643035304,1
11140,9.8890960936475,14.98997693056893,1
11141,9.90720068700009,14.991281096801597,1
11142,9.929646668972747,14.97627810537262,1
11143,9.898295566885153,15.01316163766604,1
11144,9.988740309698027,15.010320439841264,1
11145,9.948014959406942,15.012765649929445,1
11146,10.006476254940093,15.018369743132848,1
11147,10.026925442377497,14.975479169845263,1
11148,10.038774390668982,15.013838840815401,1
11149,10.054360301568298,14.9813441398327,1
11150,10.1067735687251,14.990343699702253,1
11151,10.055516347055997,15.012621391434143,1
11152,10.128266033461587,15.01960776364445,1
11153,10.150942397018358,15.011474435794158,1
11154,10.169628815640996,14.982531319133068,1
11155,10.208323934547044,14.998846112515034,1
11156,10.22859911260684,15.022593855026505,1
11157,10.28109865056169,15.026247696385079,1
11158,10.2846664886484,15.008988572242702,1
11159,10.361550079397183,14.98382792283145,1
11160,10.365476169494992,14.973338198688262,1
11161,10.36747204795891,14.98242924917706,1
11162,10.395079188303303,14.973269415896988,1
11163,10.40691363401161,15.020150005402384,1
11164,10.381466161401297,15.001560520119181,1
11165,10.374890903900928,15.00180443019819,1
11166,10.437427239485968,15.025824476610596,1
11167,10.437526920112074,14.98505328806724,1
11168,10.468862161217793,15.012955621597287,1
11169,10.477370074764337,14.976010067241784,1
11170,10.484833158790078,15.018406838747852,1
11171,10.509628717641876,15.016986147415402,1
11172,10.492017842310304,15.010377622648738,1
11173,10.570726206763318,14.984638633825012,1
11174,10.540035632077918,15.001701395893633,1
11175,10.572519789514416,14.97445930878531,1
11176,10.593839518526465,14.994395354506318,1
11177,10.593037676825514,15.011017989813658,1
11178,10.641342388012243,14.994726333404977,1
11179,10.660521298526834,14.998214326235304,1
11180,10.679128599228275,14.994449951785686,1
11181,10.671813423626752,15.020088131768027,1
11182,10.726607547169161,14.99469985815086,1
11183,10.731602669456972,14.996662589394683,1
11184,10.776806873268024,15.005768829196095,1
11185,10.761172250080621,15.023413419858514,1
11186,10.846196822933862,14.997290045435793,1
11187,10.838186677316108,14.989021845329303,1
11188,10.8896921027164,14.979968675843333,1
11189,10.855810916141147,15.003001145499695,1
11190,10.914111051746072,15.01944856636861,1
11191,10.931036280307538,15.021950175589758,1
11192,11.003239617409815,15.002989458725562,1
11193,11.01003916174184,14.976801556831717,1
11194,11.057576126245262,14.990651360453619,1
11195,11.050080517450143,14.98613172639206,1
11196,11.024385367835736,14.990895431512104,1
11197,11.107181518253332,15.0252631519508,1
11198,11.096037099646235,14.979800689104836,1
11199,11.089197499494524,15.018035072906352,1
11200,11.093914439127824,14.995072032608036,1
11201,11.128012813619252,14.985549933381963,1
11202,11.130947542052315,14.9879642884603,1
11203,11.134869707593722,15.009591599057623,1
11204,11.146566388617428,14.97674200760519,1
11205,11.217884661704613,15.020609136962953,1
11206,11.201602661569968,14.99708967467191,1
11207,11.188504301434566,15.012614941681633,1
11208,11.201267106758351,15.005336114576714,1
11209,11.269671891677865,15.011841626977168,1
11210,11.27748847222006,15.002999815232155,1
11211,11.234502559741053,15.006164299968079,1
11212,11.28779635296567,14.99002160360831,1
11213,11.2965351590856,15.021043860928533,1
11214,11.319154017512634,15.010661705629033,1
11215,11.380395795834533,14.97514643328193,1
11216,11.388577722501013,14.998955289328647,1
11217,11.371881748853504,15.021741570742702,1
11218,11.438899916726351,15.016969962609455,1
11219,11.403448832837823,14.989888342928811,1
11220,11.428319745906514,14.990112403844272,1
11221,11.467369691775946,15.019067245535723,1
11222,11.460549607683422,15.022825138501467,1
11223,11.517578599030283,15.011110817680262,1
11224,11.535385298232711,15.01062947386286,1
11225,11.585294155250994,14.991312306131409,1
11226,11.60326073534285,14.994336853839405,1
11227,11.616955894968292,14.995730125987759,1
11228,11.653950493650585,15.023539654812817,1
11229,11.650481619427492,15.02085309451025,1
11230,11.694075672440766,15.004231361776261,1
11231,11.689678468701837,14.999581728403324,1
11232,11.668451076401803,15.020275835507414,1
11233,11.695717110212716,14.99669243608815,1
11234,11.764182594783737,14.99634336414438,1
11235,11.720401067703962,14.99616844056802,1
11236,11.754709238810188,14.974176034425222,1
11237,11.729764915958594,15.021108172296424,1
11238,11.793044621058387,14.997370997966806,1
11239,11.790177489446519,15.005068807092563,1
11240,11.853445232112415,14.97987801753832,1
11241,11.8251089066201,15.001642161729771,1
11242,11.829810292951622,14.980134887071726,1
11243,11.891744287824864,15.015833359195797,1
11244,11.872134955594127,15.00851274369768,1
11245,11.91375874017948,14.999026544320767,1
11246,11.884777768523508,14.97798330576743,1
11247,11.94230064794072,14.985695707803517,1
11248,11.971745820928653,15.022438683866941,1
11249,11.955380256987137,15.025576572566198,1
11250,11.952717622771653,15.024024154331611,1
11251,11.937720493712618,15.007998955301495,1
11252,8.070824389022304,15.065254386479893,1
11253,8.055971020460339,15.064044575370456,1
11254,8.031718682995017,15.03148931394539,1
11255,8.105016875845957,15.059302899787955,1
11256,8.087752360979644,15.049145789914546,1
11257,8.109698537481496,15.031152846356314,1
11258,8.127332835254252,15.065237707935253,1
11259,8.141265144296515,15.03492553432937,1
11260,8.164993539702298,15.03490347589021,1
11261,8.138591778181416,15.060082208634208,1
11262,8.215571489972199,15.073580256582446,1
11263,8.22214624561522,15.059620312880211,1
11264,8.186326737801723,15.057324658375817,1
11265,8.241253577624473,15.045653755342597,1
11266,8.264101660414514,15.039991807247041,1
11267,8.259611487112991,15.062016004784303,1
11268,8.336409474361995,15.077304393746955,1
11269,8.319434101627495,15.06706579815158,1
11270,8.324051484884992,15.03004063471106,1
11271,8.350127370722026,15.053667702455881,1
11272,8.374663564581725,15.066899537102083,1
11273,8.35830463344834,15.063504805698477,1
11274,8.436478965792295,15.045954040885775,1
11275,8.445455443844443,15.079541129967026,1
11276,8.409512244920547,15.0406667287681,1
11277,8.46848002741915,15.068857722042745,1
11278,8.489132296497022,15.036393848969787,1
11279,8.50125004217391,15.037656097899681,1
11280,8.506523907060384,15.070243244653453,1
11281,8.538288554197342,15.044792746361594,1
11282,8.504843624425932,15.076994340147204,1
11283,8.520475700061384,15.079928740606212,1
11284,8.5211346875083,15.079688845469525,1
11285,8.58790744473926,15.058129391669823,1
11286,8.593895118411389,15.057132862528377,1
11287,8.570102065455949,15.052122425096815,1
11288,8.59190842042275,15.06493786939887,1
11289,8.592490009040294,15.061151718408723,1
11290,8.639964697688104,15.046474102286261,1
11291,8.623345163084457,15.079084320967747,1
11292,8.650748253269857,15.042852454028436,1
11293,8.649423302125438,15.036525922319257,1
11294,8.634113199250464,15.045384586050364,1
11295,8.675079076042982,15.07838576150381,1
11296,8.679837925972766,15.064038665161117,1
11297,8.714907558351848,15.053209159755802,1
11298,8.688404179450814,15.060579052381158,1
11299,8.723913895627343,15.050592454886672,1
11300,8.748178617906678,15.066876929623838,1
11301,8.747897158258334,15.030271870768145,1
11302,8.814855782610058,15.051738266020047,1
11303,8.802125643170314,15.063339848673047,1
11304,8.858724607753842,15.075881411582817,1
11305,8.856789204470498,15.055485009565682,1
11306,8.921764810128778,15.041621094118927,1
11307,8.88437248272107,15.050948408944334,1
11308,8.944441096624251,15.0518163047113,1
11309,8.962557270718039,15.052415020038437,1
11310,9.035196933509495,15.07558231177341,1
11311,9.046656711791519,15.0750576544031,1
11312,9.135072684262818,15.052824475776005,1
11313,9.107294338587396,15.075799565507376,1
11314,9.14047956340898,15.071888902692203,1
11315,9.16194713604156,15.044056767062393,1
11316,9.170406861269795,15.049348188348308,1
11317,9.190877925334412,15.02976513089269,1
11318,9.172867238690628,15.067845629791922,1
11319,9.227994553946308,15.040164120494975,1
11320,9.222039770042,15.076125115469642,1
11321,9.20444938716159,15.056780082020836,1
11322,9.222090943120046,15.057915826063237,1
11323,9.20371993721607,15.034946917501813,1
11324,9.27286633566328,15.065175268497816,1
11325,9.304406763566849,15.05171523568787,1
11326,9.274562312004248,15.042910030382323,1
11327,9.273043312852943,15.054340322907406,1
11328,9.281188729814001,15.053964365053407,1
11329,9.324409291402283,15.075260811510642,1
11330,9.309460769008284,15.070395769536974,1
11331,9.306222680850945,15.072648054210974,1
11332,9.37179844719056,15.073904255303207,1
11333,9.447512539018621,15.0580938389662,1
11334,9.488670115202087,15.043318031334307,1
11335,9.579265561391775,15.070353944735682,1
11336,9.601889708521615,15.0642094705272,1
11337,9.656465030594664,15.078704025755016,1
11338,9.654289687664392,15.061154841221908,1
11339,9.721451013630077,15.060511034960593,1
11340,9.68273220197305,15.042080524520005,1
11341,9.77747942317971,15.027005815846094,1
11342,9.73907376161441,15.058761451577539,1
11343,9.82415981701758,15.055735703707978,1
11344,9.788471075451408,15.071275945175087,1
11345,9.825441621764442,15.032696814318317,1
11346,9.851265746062106,15.027312907474782,1
11347,9.868693229180156,15.040788805479641,1
11348,9.872211790533207,15.064953558874576,1
11349,9.93228113081831,15.042211351739132,1
11350,9.924114277589542,15.061232660057208,1
11351,9.944507766388337,15.035883810763599,1
11352,9.994406702455674,15.053880413646864,1
11353,9.955689291412567,15.051061025247272,1
11354,9.952443117130517,15.054579185072264,1
11355,10.014540274896056,15.059851705050594,1
11356,10.014493052220502,15.036278127072775,1
11357,10.046378399627013,15.064756999241347,1
11358,10.092050259408097,15.05828768791741,1
11359,10.068601329154152,15.04464071093765,1
11360,10.101590475529857,15.067743088488477,1
11361,10.13601240564673,15.037334438895286,1
11362,10.15834695806906,15.074713123510707,1
11363,10.132697770007644,15.037998944041604,1
11364,10.198649321049615,15.065522715882226,1
11365,10.189397741908392,15.071830189964494,1
11366,10.202916957539063,15.049005875804454,1
11367,10.23591043611269,15.031710637300648,1
11368,10.259392673461546,15.048591264172948,1
11369,10.30747944986947,15.040060733348152,1
11370,10.298798833748343,15.062208207904522,1
11371,10.321448771371003,15.0304530012567,1
11372,10.328733698410625,15.045771472653591,1
11373,10.339326007749651,15.04325557512005,1
11374,10.387122669849028,15.055691924494328,1
11375,10.37446186178717,15.06270617432878,1
11376,10.398895508385472,15.02697563227604,1
11377,10.39497533718022,15.03126384174537,1
11378,10.403283617165023,15.066868336751224,1
11379,10.467394603116503,15.049933146708348,1
11380,10.434885845829251,15.069174803069432,1
11381,10.467313572928754,15.037365850251039,1
11382,10.440571394293926,15.036931448210566,1
11383,10.49908847805052,15.030654338228269,1
11384,10.501752714027322,15.044912054776862,1
11385,10.529365946409346,15.041520579530092,1
11386,10.551848958457102,15.048909461423758,1
11387,10.58542192680411,15.033877432158695,1
11388,10.545039363087007,15.070448686918231,1
11389,10.585187620273866,15.073664128933844,1
11390,10.638797761632304,15.072419360417046,1
11391,10.635192395727518,15.048153438683059,1
11392,10.633376448595303,15.055165028627723,1
11393,10.63926150025368,15.041198434927509,1
11394,10.657574817009232,15.0324202389468,1
11395,10.645285853913128,15.037142427778177,1
11396,10.654420336844563,15.049319044843376,1
11397,10.712186034867209,15.052464503279708,1
11398,10.710095670748421,15.053543257103586,1
11399,10.793625048978328,15.078056509806423,1
11400,10.79623926762947,15.03190965375849,1
11401,10.777691214289588,15.049756195342313,1
11402,10.842366186149272,15.028551669096942,1
11403,10.848944062110354,15.057689881554623,1
11404,10.822853718184803,15.046801831592617,1
11405,10.908705565940204,15.045580981529081,1
11406,10.906771122986145,15.067987140747904,1
11407,10.923540815686989,15.074947112097233,1
11408,10.93315358944574,15.04263295100007,1
11409,10.929602089892033,15.040253381393097,1
11410,11.00122123856313,15.066924097358024,1
11411,10.982022122907283,15.033633869192425,1
11412,10.975252586930736,15.061202485084914,1
11413,11.063076033824562,15.048352616243722,1
11414,11.018795047735345,15.028268701365539,1
11415,11.08191154880636,15.032037919442459,1
11416,11.11731815400013,15.073378810353828,1
11417,11.088433408843551,15.043485903847863,1
11418,11.13425523179342,15.061344737943664,1
11419,11.128814768737913,15.070725342955926,1
11420,11.127689747275232,15.072611746702682,1
11421,11.124808015406257,15.049619167465691,1
11422,11.190773348634325,15.080213750247786,1
11423,11.190369672312409,15.079260668250827,1
11424,11.224705427343077,15.052368522788077,1
11425,11.185998255175992,15.053583240541762,1
11426,11.183321569868543,15.047636849022538,1
11427,11.247015041725996,15.078986421400149,1
11428,11.272275026752087,15.06719571153295,1
11429,11.280899971871849,15.067520931195167,1
11430,11.250012552400625,15.061527065745459,1
11431,11.300836226776296,15.069331805972109,1
11432,11.310658760377642,15.027260686362292,1
11433,11.289965349554947,15.027268062495315,1
11434,11.383153820900814,15.052299936094014,1
11435,11.355203552493402,15.05650420991944,1
11436,11.380213183579649,15.059709670749143,1
11437,11.391553217638473,15.032025611541988,1
11438,11.421573404462194,15.054757180923984,1
11439,11.406366797551449,15.050513993523309,1
11440,11.494571970800688,15.043763317306986,1
11441,11.49323989152114,15.032691251919692,1
11442,11.460116375443414,15.047035853324063,1
11443,11.511131388029133,15.03246548333282,1
11444,11.499956168599885,15.041064273288873,1
11445,11.534219620943022,15.05935954830158,1
11446,11.568460391488209,15.030483762441813,1
11447,11.627662576287097,15.02932410175113,1
11448,11.692619143743341,15.049903337840792,1
11449,11.693332976286174,15.054962125173967,1
11450,11.725885288863543,15.080172388144971,1
11451,11.716051301338123,15.065824503871063,1
11452,11.7141273459607,15.061317077888415,1
11453,11.787539872152866,15.052510198308925,1
11454,11.817811099950173,15.066175370504276,1
11455,11.865084958044333,15.05525294601777,1
11456,11.846009115860493,15.066943667230058,1
11457,11.818241412748215,15.053483932099146,1
11458,11.878614565684456,15.060865118288696,1
11459,11.924551816613867,15.063214047977652,1
11460,11.873219473783227,15.054448970032132,1
11461,11.942718340097002,15.07856091219346,1
11462,11.92544132889525,15.077658411025158,1
11463,11.932631857815096,15.038873990843575,1
11464,11.963362057478966,15.02896587266047,1
11465,11.984044827997344,15.028105471505373,1
11466,11.992069011678721,15.049732740651724,1
11467,8.037725820928205,15.086660963612145,1
11468,8.057857620166024,15.121835306299044,1
11469,8.044134684399799,15.08719281470454,1
11470,8.125194342632904,15.126287911471863,1
11471,8.106068925421496,15.082314431593385,1
11472,8.101859251405887,15.110389646189704,1
11473,8.114793571997277,15.133524606846375,1
11474,8.15787338844541,15.101240562964774,1
11475,8.159563603553135,15.085987475487414,1
11476,8.156775065466695,15.082340928957418,1
11477,8.171035815615925,15.089360622469849,1
11478,8.212941134177358,15.09877575349556,1
11479,8.185415404848582,15.112032705827867,1
11480,8.192605004569106,15.130333497766586,1
11481,8.273669599762483,15.11329408862519,1
11482,8.257201038601561,15.123664983066378,1
11483,8.300125980164617,15.129974164862356,1
11484,8.337520393335565,15.094903967159116,1
11485,8.334926034675957,15.098511392678084,1
11486,8.358846691319025,15.115732822245993,1
11487,8.358098019895898,15.093949709174604,1
11488,8.377257471801842,15.098919101262002,1
11489,8.42009906244128,15.08989159652231,1
11490,8.4306666854669,15.082585030074789,1
11491,8.415749490103643,15.11024836676783,1
11492,8.457959876892076,15.132248785746615,1
11493,8.474901621118258,15.11763704429517,1
11494,8.45002554390883,15.123729782156566,1
11495,8.51855682968191,15.124246549068621,1
11496,8.529266552052462,15.10971751634437,1
11497,8.549030949146752,15.09514988640673,1
11498,8.536772241757207,15.082052960564678,1
11499,8.505160148971441,15.117424824509342,1
11500,8.579162455997452,15.083503265338653,1
11501,8.591048047621664,15.092340542943033,1
11502,8.600845461883653,15.082895540167016,1
11503,8.570686037896323,15.0832166108747,1
11504,8.564270515725152,15.13135650131982,1
11505,8.591625568973601,15.08321562779314,1
11506,8.65088799315127,15.112196133836974,1
11507,8.645119092733777,15.101731844972923,1
11508,8.651589280354452,15.130093461047508,1
11509,8.643135791638324,15.124199158862115,1
11510,8.633080209851494,15.085384579955775,1
11511,8.619163345439425,15.125233914225426,1
11512,8.703794588017514,15.087398653845492,1
11513,8.688668117112707,15.08523082662659,1
11514,8.705276079125957,15.09898480430081,1
11515,8.667506260899527,15.108651932726048,1
11516,8.733042342297308,15.102421799328358,1
11517,8.76456614341538,15.093802473408063,1
11518,8.759193362226208,15.087574711990952,1
11519,8.820750356829768,15.082934328790373,1
11520,8.81167381256282,15.080723177701039,1
11521,8.820131549502452,15.123243348342573,1
11522,8.829181253078513,15.09594427352717,1
11523,8.850279162552823,15.109445038412325,1
11524,8.850814582803416,15.126189790639517,1
11525,8.887904846675001,15.092105972269378,1
11526,8.890650305246174,15.083441802742362,1
11527,8.905822149656755,15.124317120441166,1
11528,8.932882053547447,15.127437847753873,1
11529,8.959253183284893,15.104886375199591,1
11530,8.980237663428188,15.080434887531869,1
11531,9.028848078095693,15.111659800343396,1
11532,9.001788670345006,15.115612383660423,1
11533,9.016043809863294,15.086855459188042,1
11534,9.038328637262422,15.103840360551011,1
11535,9.075477485337304,15.128861718701128,1
11536,9.118810758453527,15.080246272281942,1
11537,9.099873397447338,15.096429144464809,1
11538,9.172139787027609,15.082660753065236,1
11539,9.163983029034549,15.106399631764493,1
11540,9.180845407702915,15.122586249402067,1
11541,9.236418936114465,15.095112713009833,1
11542,9.21602089141246,15.114474703799452,1
11543,9.235195850707168,15.102581876549863,1
11544,9.215252463780741,15.127402915083591,1
11545,9.219962542261545,15.127149066998845,1
11546,9.257075970603246,15.08593196792735,1
11547,9.30259359340899,15.108573080383826,1
11548,9.297356325544213,15.080702013630296,1
11549,9.296005659044496,15.13022020619544,1
11550,9.256608015699936,15.125603393938679,1
11551,9.27710537729796,15.120626610843843,1
11552,9.332750341975503,15.088601125799634,1
11553,9.352847665750634,15.085724052517971,1
11554,9.314441526824185,15.086368829670471,1
11555,9.326375008572374,15.083825531447504,1
11556,9.32758231987094,15.08507642205323,1
11557,9.402474173159458,15.095758058797584,1
11558,9.365632905989203,15.099740208073877,1
11559,9.457535929259137,15.089855877955305,1
11560,9.494500171719219,15.083561190536617,1
11561,9.605061352699227,15.094189658044504,1
11562,9.631225443929832,15.099525853678056,1
11563,9.648036937129627,15.110084844692095,1
11564,9.691609903736666,15.110990702129962,1
11565,9.721945739126053,15.109121954418363,1
11566,9.752493281908935,15.112729327481343,1
11567,9.736254945438338,15.121278472203915,1
11568,9.826705934648622,15.12753267691621,1
11569,9.830773319180445,15.102397142871578,1
11570,9.847424554609562,15.095275614000325,1
11571,9.891503244238972,15.119478986211506,1
11572,9.9333204752098,15.124164793842397,1
11573,9.938657168626216,15.111100140277204,1
11574,9.911218904235442,15.130729737070187,1
11575,9.994465973495942,15.120797243917535,1
11576,9.974297101830919,15.088559108648939,1
11577,9.959473475799303,15.093796647562984,1
11578,10.013630400876497,15.101071285647,1
11579,10.00952410749209,15.08422819637183,1
11580,10.104924890451487,15.121655618504894,1
11581,10.102631177692784,15.12997976139885,1
11582,10.102350117198979,15.123398604208463,1
11583,10.126706900523637,15.097295236537287,1
11584,10.123852875526472,15.10997214567049,1
11585,10.144020208889625,15.12042567864443,1
11586,10.176794227927378,15.08357775366048,1
11587,10.1622391645128,15.081011816914522,1
11588,10.18764896872822,15.081432383128378,1
11589,10.217514829588339,15.100898587650178,1
11590,10.25174900177419,15.115426422760454,1
11591,10.283497621910469,15.117036995538683,1
11592,10.268577273007525,15.082262165930553,1
11593,10.356999645503176,15.127433322973978,1
11594,10.350106014983176,15.132478616885322,1
11595,10.33875132792359,15.120937288853225,1
11596,10.388066743575749,15.082707869532678,1
11597,10.408773898863602,15.100279938419167,1
11598,10.386673200511723,15.109164085653834,1
11599,10.396278144554904,15.13147903549482,1
11600,10.479574581042675,15.09460494055627,1
11601,10.432813500689948,15.096242614181728,1
11602,10.456166459972664,15.087926568639391,1
11603,10.521974181037747,15.10044923486289,1
11604,10.515720237537032,15.115388863883712,1
11605,10.579334421057368,15.120917283844355,1
11606,10.554156891670427,15.082762099376067,1
11607,10.58849529944712,15.127800891573763,1
11608,10.6145512315831,15.100480225740508,1
11609,10.638039397600126,15.126580634844201,1
11610,10.645267030945767,15.101492278523489,1
11611,10.64396952421236,15.126634396809605,1
11612,10.694203646030429,15.111897655355683,1
11613,10.720147021363204,15.098535389988465,1
11614,10.699718960196162,15.08743781306016,1
11615,10.702084880027819,15.091924058129981,1
11616,10.763965512402626,15.114133812281713,1
11617,10.79106599215587,15.094336171551303,1
11618,10.769642063203975,15.133014752951127,1
11619,10.757021023993119,15.086769418759035,1
11620,10.836355748500099,15.101998232538813,1
11621,10.826440528264655,15.12578455453713,1
11622,10.907384978456225,15.112086395275744,1
11623,10.915884542269378,15.110327727911343,1
11624,10.92139191959241,15.102430302266526,1
11625,10.953494994516758,15.104670908091345,1
11626,11.008984789173276,15.127507271816325,1
11627,10.97998119932798,15.119211411629191,1
11628,10.967761067683476,15.105490665641984,1
11629,11.014991107589857,15.096255841502911,1
11630,11.053604620608475,15.092466944275662,1
11631,11.064403190575643,15.114600571503736,1
11632,11.164366728145996,15.128709351465996,1
11633,11.150084311123829,15.096988249812433,1
11634,11.150988273004113,15.086665857435918,1
11635,11.144207907424608,15.118715640616452,1
11636,11.184021831964136,15.109655901702917,1
11637,11.184470269274525,15.084418438883702,1
11638,11.19719424297325,15.098172280210358,1
11639,11.215038307121308,15.132326891638623,1
11640,11.227589151610117,15.084883352353762,1
11641,11.273297620951926,15.094928659993824,1
11642,11.268288969524882,15.116165079784466,1
11643,11.273454024070148,15.105528277273452,1
11644,11.253266413429909,15.104986468946146,1
11645,11.334408438445879,15.0899579916068,1
11646,11.31456160305698,15.097014365396063,1
11647,11.31817274986904,15.107189438592107,1
11648,11.385670307493283,15.085052682371753,1
11649,11.390274013282175,15.102018959004983,1
11650,11.34561925363819,15.109979642290947,1
11651,11.416710436240573,15.084003556987891,1
11652,11.406850532185825,15.087969887211298,1
11653,11.43273060111636,15.090930767742245,1
11654,11.486943268337207,15.095080066566485,1
11655,11.466934490884077,15.104805641139045,1
11656,11.490265054117557,15.085086390057855,1
11657,11.5354592578631,15.081788457409518,1
11658,11.528438825810063,15.092292399719629,1
11659,11.502886547293155,15.08113839187845,1
11660,11.599626887542948,15.105944588823375,1
11661,11.593866786573296,15.102998883836685,1
11662,11.61636684320926,15.120127695184856,1
11663,11.699525147459248,15.083611419411334,1
11664,11.705784089764643,15.125680803276426,1
11665,11.739910774002022,15.105749115248203,1
11666,11.724681696268814,15.107519996764076,1
11667,11.743738990987278,15.119574243818297,1
11668,11.78678240914084,15.080463186943389,1
11669,11.783900599419598,15.100573726470504,1
11670,11.83475781181144,15.103325388799806,1
11671,11.857521250122371,15.108820239251122,1
11672,11.896533072706687,15.103914175164304,1
11673,11.87425136959178,15.12158347820782,1
11674,11.908696671157838,15.127838612970743,1
11675,11.967375429382662,15.088798753344427,1
11676,11.969540789025434,15.129938012201704,1
11677,11.955254450591449,15.107014302556337,1
11678,11.96810202033374,15.103425839054324,1
11679,11.993541401909557,15.118866131874961,1
11680,8.015221488545446,15.152118645973767,1
11681,8.061070028472448,15.185659514634041,1
11682,8.024137130889546,15.14059284100157,1
11683,8.06925027334859,15.134243982481488,1
11684,8.083964863730245,15.180694775889613,1
11685,8.111606966847908,15.177482094480911,1
11686,8.082681814053712,15.155976489338007,1
11687,8.120658803602923,15.174537909573866,1
11688,8.144466396793177,15.146101263379675,1
11689,8.1711163137446,15.1696060083759,1
11690,8.175864821513338,15.180736660783227,1
11691,8.231469227540213,15.178039750980338,1
11692,8.204070085021316,15.139845086805344,1
11693,8.279362867069217,15.162532223590675,1
11694,8.27721962890508,15.186385492190706,1
11695,8.30587029885464,15.153608459216548,1
11696,8.294986939376498,15.15328675301291,1
11697,8.352790709990229,15.168043489900876,1
11698,8.346478275656759,15.155394438339226,1
11699,8.383167867766097,15.177532407007334,1
11700,8.436337519563263,15.150225697054651,1
11701,8.422343160196421,15.154548699118678,1
11702,8.448641790720403,15.141648580622016,1
11703,8.489993714814528,15.179401490405287,1
11704,8.458276039843227,15.16166655242093,1
11705,8.500845333631867,15.182111903879631,1
11706,8.553713762265035,15.177800306849099,1
11707,8.514176626406224,15.159403482668159,1
11708,8.554825907024167,15.134216277934279,1
11709,8.510234593291711,15.157024810235807,1
11710,8.537633967415813,15.14262690487811,1
11711,8.608943042907008,15.172674581245813,1
11712,8.60552934828886,15.173183538156616,1
11713,8.572608726394046,15.16899552938128,1
11714,8.600515266005107,15.177382655905477,1
11715,8.603316851423445,15.176482174704459,1
11716,8.65656835908044,15.144477430092756,1
11717,8.639012746776466,15.157061476385824,1
11718,8.616065233579267,15.140616461246044,1
11719,8.653029712387708,15.186748398298981,1
11720,8.649178071417815,15.181473124102036,1
11721,8.684305192649234,15.179503893572566,1
11722,8.693782579395215,15.168705566585194,1
11723,8.714937378550191,15.149253509684145,1
11724,8.729037045057028,15.160790891652368,1
11725,8.726542995460411,15.149175135046804,1
11726,8.725930444623398,15.15812300697962,1
11727,8.786273262342885,15.138928638083296,1
11728,8.811956103917334,15.153101538545732,1
11729,8.81456313325902,15.154581734963621,1
11730,8.869786881768466,15.145958785577383,1
11731,8.848020398284095,15.168928603009892,1
11732,8.875705665319293,15.173894644119562,1
11733,8.900223445058769,15.179391414878065,1
11734,8.924082613292091,15.186842558196815,1
11735,8.902190482102137,15.18586532353917,1
11736,8.929821746862762,15.166901360048621,1
11737,8.936929469299805,15.146489093390402,1
11738,8.938602800453944,15.137270645138235,1
11739,8.95542434822301,15.183268705065377,1
11740,8.962098115704459,15.154140024450308,1
11741,9.013133349036487,15.161996558572717,1
11742,9.022504304997755,15.166274307039103,1
11743,8.985871921342858,15.176783133873025,1
11744,9.06209245167515,15.184283581389447,1
11745,9.0979781021302,15.15161934335022,1
11746,9.145290008238359,15.18297167008391,1
11747,9.168782157359022,15.140418770820222,1
11748,9.196558099802111,15.186082225737248,1
11749,9.233331460880342,15.155341671469813,1
11750,9.238846381565809,15.181529209401067,1
11751,9.221198661093151,15.159963920328227,1
11752,9.233260698683578,15.174739588061788,1
11753,9.2847760090068,15.141978950255998,1
11754,9.277769953772692,15.145904912568616,1
11755,9.275513115863605,15.139378650044982,1
11756,9.284606510053619,15.180569425970363,1
11757,9.27650828393526,15.169224637191691,1
11758,9.312882739603747,15.14234804586698,1
11759,9.316901306143981,15.175079554173708,1
11760,9.35749516826638,15.154281852040691,1
11761,9.326824036311649,15.177213650306568,1
11762,9.307837983947735,15.136702099406786,1
11763,9.323204340932302,15.14923675330093,1
11764,9.37432241913087,15.143111680712325,1
11765,9.399738422651977,15.163038721178872,1
11766,9.370995272603007,15.156972685099536,1
11767,9.366915997301595,15.186100256363504,1
11768,9.397658667095207,15.178886323868324,1
11769,9.430976067910628,15.172342240359496,1
11770,9.45346602801591,15.182617406937613,1
11771,9.470779080894026,15.146141153884502,1
11772,9.500401514471541,15.172361080954849,1
11773,9.558093904717362,15.172929046394923,1
11774,9.597368345149844,15.163601245001477,1
11775,9.62765949856241,15.173445508309538,1
11776,9.718595546465057,15.156959342603486,1
11777,9.679645654453134,15.147604964947089,1
11778,9.763905154575621,15.139879353864833,1
11779,9.743368020790953,15.155096661995309,1
11780,9.788774822648394,15.181396382333766,1
11781,9.83660747011399,15.158947654180626,1
11782,9.874220946476806,15.179336354860173,1
11783,9.846497603806824,15.186460633718802,1
11784,9.894122018635864,15.172329684271062,1
11785,9.910469671415925,15.158514035051336,1
11786,9.898421959316302,15.14181322502516,1
11787,9.979292073334449,15.135497184287175,1
11788,9.973653454977887,15.175023006149596,1
11789,10.02115078026902,15.171026252058104,1
11790,10.079996175767004,15.159945057939114,1
11791,10.100754665703349,15.178886657603199,1
11792,10.123813767109677,15.166245937497608,1
11793,10.14559845422444,15.158913563831604,1
11794,10.1083159606816,15.136950795294052,1
11795,10.169970447219788,15.167070532476876,1
11796,10.170150234285472,15.134795593597838,1
11797,10.23125830108611,15.184572695645462,1
11798,10.25128411400656,15.135469868349881,1
11799,10.283023124717335,15.152914952532864,1
11800,10.318227974064339,15.17091794776041,1
11801,10.373870386276918,15.148369656305068,1
11802,10.32503947348798,15.15685704227218,1
11803,10.3923997881685,15.142515700466705,1
11804,10.39810433414746,15.159703553092033,1
11805,10.441273959708218,15.14575156337697,1
11806,10.520145560693104,15.139533126210967,1
11807,10.539346370827845,15.15521428588705,1
11808,10.595944653295636,15.151223738856217,1
11809,10.660928016035902,15.13622413778934,1
11810,10.691997198535983,15.13846312364174,1
11811,10.74313671665274,15.135661688259281,1
11812,10.71914435846924,15.172436850565362,1
11813,10.779268447569011,15.149991542638926,1
11814,10.772663795828526,15.157044242026723,1
11815,10.773601889287919,15.18573940549568,1
11816,10.828529546871653,15.142840202835092,1
11817,10.847550497471435,15.160967433088977,1
11818,10.923476406176544,15.17681334720301,1
11819,10.973929053605195,15.140013961916122,1
11820,11.003116171231467,15.169120303077408,1
11821,10.982830882092518,15.18122079716711,1
11822,11.045262904512684,15.175601945180153,1
11823,11.019797634984826,15.180648596716052,1
11824,11.106350272238933,15.154144943502109,1
11825,11.14733899440048,15.154057381421156,1
11826,11.156538331956721,15.157874252992219,1
11827,11.202711068313215,15.16510833732101,1
11828,11.219775060009388,15.163017546187422,1
11829,11.209830372783479,15.163010898404686,1
11830,11.215449951559538,15.175200838975114,1
11831,11.237841880258626,15.133763372423891,1
11832,11.256939616526079,15.155143852924931,1
11833,11.252499350311256,15.139786322613174,1
11834,11.308138540595774,15.146707382699159,1
11835,11.308771345115042,15.140581178245162,1
11836,11.363040939400035,15.156076331928693,1
11837,11.3629705210368,15.134545943635025,1
11838,11.424968197448287,15.139009074823297,1
11839,11.417116137669314,15.155779202521757,1
11840,11.457843114838308,15.145901083420682,1
11841,11.477492691761999,15.178770337521131,1
11842,11.541040910355186,15.16224532417247,1
11843,11.530436000678195,15.154937270239985,1
11844,11.560373781837027,15.164596784643823,1
11845,11.574264083494038,15.16775172399002,1
11846,11.623505206725195,15.16893588461433,1
11847,11.612980854308669,15.172012888498461,1
11848,11.704805404681139,15.133720264206712,1
11849,11.663548468520023,15.15155398685665,1
11850,11.664801272688084,15.142636698330081,1
11851,11.716599688792947,15.172102973772311,1
11852,11.745494669963305,15.158323007320785,1
11853,11.723375540308101,15.186193380995457,1
11854,11.805227309776203,15.166599317573045,1
11855,11.771627884741408,15.17386325561187,1
11856,11.818747733581077,15.158956962919016,1
11857,11.838385153003502,15.176195082618207,1
11858,11.910556091714248,15.1728981660059,1
11859,11.91117518494931,15.153041186405108,1
11860,11.905352781078648,15.16465368064881,1
11861,11.958063105323479,15.170931005258467,1
11862,11.939753173483638,15.14864070220386,1
11863,11.969567427296942,15.170214400516638,1
11864,11.986290616152926,15.174266764504504,1
11865,8.005477066074652,15.223877467042309,1
11866,8.002071690333095,15.199232388590955,1
11867,8.06683184245831,15.216366491279688,1
11868,8.063624098620812,15.22719040069926,1
11869,8.094133735151761,15.237515073474922,1
11870,8.076471091355737,15.187502412030632,1
11871,8.10904796239138,15.203655685270489,1
11872,8.179868998898488,15.219467688195817,1
11873,8.174563954050846,15.20101760849336,1
11874,8.128734972865875,15.2115129893078,1
11875,8.208632317151624,15.211481457460032,1
11876,8.194513772259729,15.210409671131485,1
11877,8.217075148416814,15.236116314566447,1
11878,8.282056205744537,15.224661887815435,1
11879,8.267091961090093,15.228340769081221,1
11880,8.264197688870935,15.196871333010762,1
11881,8.290757065586135,15.224765228575523,1
11882,8.296670538758843,15.205327155631096,1
11883,8.322461247014413,15.213018223673577,1
11884,8.344071764202003,15.234287884476009,1
11885,8.38751023907952,15.200774435208732,1
11886,8.429855874084856,15.226769830732882,1
11887,8.40993662525548,15.21862542060995,1
11888,8.432930518955235,15.22273680053741,1
11889,8.464113783388507,15.189878657990405,1
11890,8.463486766754723,15.223074117831692,1
11891,8.45208485072194,15.221085924374316,1
11892,8.479245013671232,15.237424545229544,1
11893,8.547772508985595,15.233859576320064,1
11894,8.545055042494175,15.190215023478359,1
11895,8.551468292911325,15.235426237302972,1
11896,8.524585781787225,15.213321546570842,1
11897,8.541291328404204,15.22021277172705,1
11898,8.587150799895113,15.230572222691453,1
11899,8.595967220592836,15.208090843434238,1
11900,8.58098143592742,15.23957496513582,1
11901,8.579451053522305,15.237067078595492,1
11902,8.642595704543343,15.232472752097772,1
11903,8.62080707226619,15.224256396988807,1
11904,8.63979599566265,15.231792571001169,1
11905,8.659890849070853,15.195371765911714,1
11906,8.668167034718364,15.208243341600395,1
11907,8.688731946064099,15.227121489071845,1
11908,8.709138291190936,15.215999995707131,1
11909,8.758730389206864,15.216063018086183,1
11910,8.760216895683337,15.228782058438695,1
11911,8.814123421454047,15.236682416537233,1
11912,8.815293281243925,15.19187389963017,1
11913,8.784140320447484,15.217496724083356,1
11914,8.857288607261419,15.209722218668698,1
11915,8.860421663643528,15.198455093778353,1
11916,8.874195352707396,15.23322930385583,1
11917,8.89844482633473,15.198510113467568,1
11918,8.929588921777281,15.202584469421089,1
11919,8.906319807485415,15.18994085452145,1
11920,8.919342194215202,15.236203761330684,1
11921,8.88706448718812,15.214816091145208,1
11922,8.966608568774932,15.223143487629878,1
11923,8.983660293672315,15.237013852939056,1
11924,8.94268573812798,15.205120892894854,1
11925,8.955098060676582,15.205017236110304,1
11926,9.032757298980519,15.221607078510043,1
11927,9.033981136618983,15.222916156464738,1
11928,9.037691119074696,15.217280810134381,1
11929,9.101392611904272,15.23252092267651,1
11930,9.17697302930948,15.219231952450281,1
11931,9.14872214756181,15.204342936215001,1
11932,9.160514439373983,15.227547331704974,1
11933,9.210824613885226,15.222486099022719,1
11934,9.246635255945103,15.223022344613696,1
11935,9.210836758391723,15.234908343028115,1
11936,9.255194208709014,15.240276731093902,1
11937,9.289078423878202,15.214761271087045,1
11938,9.252075234121264,15.21211422159022,1
11939,9.298036112881107,15.214734652305033,1
11940,9.313511988777778,15.187777408063951,1
11941,9.306645908368543,15.2292872794759,1
11942,9.341469178595858,15.238028148958353,1
11943,9.310911442375021,15.229529935809051,1
11944,9.35695183538505,15.230467900982703,1
11945,9.317943879618737,15.238608517511345,1
11946,9.361681626539902,15.227396182473639,1
11947,9.386472685373485,15.225380869005033,1
11948,9.383069000823259,15.191498433669027,1
11949,9.371386516327243,15.197992094832252,1
11950,9.392491027839025,15.233221385734831,1
11951,9.371276968232975,15.226736967671675,1
11952,9.452035251874541,15.233966183084338,1
11953,9.447405090631786,15.220655892319774,1
11954,9.451390673253178,15.231099156513558,1
11955,9.427302943627424,15.216564922489065,1
11956,9.46728857100457,15.223161701420821,1
11957,9.480105559830724,15.212717976306841,1
11958,9.552819268997599,15.21949342026729,1
11959,9.57887178151744,15.222530933826532,1
11960,9.607866767467822,15.220079682426736,1
11961,9.667446374719043,15.239941476094375,1
11962,9.727896106007664,15.223961145679258,1
11963,9.692528996823674,15.201121666332238,1
11964,9.760923876202126,15.240393531377503,1
11965,9.784049433249765,15.234176715679968,1
11966,9.837856896860647,15.231687166299594,1
11967,9.808937880816215,15.204900753097967,1
11968,9.847952301729343,15.190546549187205,1
11969,9.87200339910988,15.223725916445117,1
11970,9.874104896109454,15.222211249450586,1
11971,9.920035095705698,15.19900436668441,1
11972,9.909321377362888,15.198494646909712,1
11973,9.931695391673465,15.233180602722548,1
11974,9.991382744995025,15.198542182458159,1
11975,9.94652456142905,15.2196023580906,1
11976,10.034121837968437,15.213740581071916,1
11977,10.030695923145982,15.18864820739347,1
11978,10.074708755943576,15.198381706059084,1
11979,10.103341234589596,15.212004743699353,1
11980,10.149749520738919,15.211313291754816,1
11981,10.120071142940937,15.228340502382904,1
11982,10.199291275587784,15.195008011450247,1
11983,10.183560996486586,15.197511756937816,1
11984,10.202428883726485,15.21083648141458,1
11985,10.234752643062876,15.205382906737835,1
11986,10.214775702247193,15.213921805340258,1
11987,10.266340912130213,15.236963092381526,1
11988,10.291596354080687,15.217107727137096,1
11989,10.278409181560471,15.225061489688985,1
11990,10.329896411927061,15.20300230576994,1
11991,10.359476647917452,15.23894929958289,1
11992,10.38094241489434,15.194903507264117,1
11993,10.416811608648821,15.21738707869977,1
11994,10.44425845389348,15.208567622073634,1
11995,10.458601860616238,15.235613729078631,1
11996,10.506541289351816,15.212562494397917,1
11997,10.4933546857016,15.213328399092482,1
11998,10.499556386515001,15.190250158350251,1
11999,10.579184940500163,15.208366090602684,1
12000,10.579932367614443,15.225938541279438,1
12001,10.589315644285438,15.222102951136533,1
12002,10.671735339627244,15.193280346390386,1
12003,10.695075343099665,15.210184965654507,1
12004,10.742917588098054,15.212914630135508,1
12005,10.74217114896471,15.219982481159255,1
12006,10.738667674452266,15.197452654160376,1
12007,10.778520718558294,15.231307146792819,1
12008,10.759043780071025,15.235089268293619,1
12009,10.784819654701042,15.216407919736598,1
12010,10.761093970425373,15.208030172833046,1
12011,10.818451347091667,15.19149065890354,1
12012,10.841869233258077,15.226900501187199,1
12013,10.81642363154407,15.211531800686883,1
12014,10.808724873242802,15.23986484093841,1
12015,10.887568248049467,15.223920377916315,1
12016,10.98971067623961,15.202699941480411,1
12017,11.051017434869895,15.202483510331534,1
12018,11.03874929219939,15.193985966404925,1
12019,11.040868940704627,15.215029689362856,1
12020,11.10500475873406,15.23979918051366,1
12021,11.12016579430643,15.230555922729163,1
12022,11.143034500042264,15.227101631851298,1
12023,11.194865939319277,15.214687104389535,1
12024,11.206753168140011,15.19491696020822,1
12025,11.22041311639558,15.240163791397299,1
12026,11.237624631116043,15.233912444367993,1
12027,11.25383684650186,15.237554280701968,1
12028,11.230796805213053,15.215192185701227,1
12029,11.307372561646238,15.192819684121766,1
12030,11.345081195304815,15.237981499489011,1
12031,11.352384789882297,15.210675204808094,1
12032,11.40313314004558,15.206528698251747,1
12033,11.422626197783293,15.205228679277806,1
12034,11.486833845198527,15.215060924299056,1
12035,11.474430847321603,15.22987280183971,1
12036,11.518641865161644,15.213640003485134,1
12037,11.506108564133836,15.210587965684192,1
12038,11.560370842277303,15.192170371248663,1
12039,11.554287609503449,15.20366686874047,1
12040,11.625407550334474,15.226919682644297,1
12041,11.650852560844472,15.2143358554177,1
12042,11.642565353476899,15.199081105306508,1
12043,11.69056591831177,15.211255980705976,1
12044,11.683940377052267,15.196245198161424,1
12045,11.686702789938908,15.1994553621366,1
12046,11.75711654123061,15.240402372577384,1
12047,11.741198431420395,15.188081919691301,1
12048,11.734824599521717,15.221321325413843,1
12049,11.776715717916112,15.224374184689083,1
12050,11.800292491708472,15.190945384024095,1
12051,11.848308645860829,15.214413915916614,1
12052,11.851661510122138,15.22786666095544,1
12053,11.822941389084264,15.219280476986258,1
12054,11.884772943579522,15.20772402888372,1
12055,11.91904030617172,15.197434281079328,1
12056,11.913667681517863,15.22638001299681,1
12057,11.966076834271464,15.188399242995123,1
12058,11.94230660893995,15.223053011866345,1
12059,11.974232317924457,15.23166000047082,1
12060,11.986550874817103,15.20850297567982,1
12061,11.991441338431404,15.237449870440546,1
12062,8.006515809950915,15.26485699333712,1
12063,8.031505161368532,15.24843113216031,1
12064,8.04177425452601,15.267525408854247,1
12065,8.123212375261375,15.292176119889934,1
12066,8.124451636008573,15.284668403834951,1
12067,8.129228054503587,15.28750471023274,1
12068,8.166943129690203,15.279976321430839,1
12069,8.137412422443314,15.273049575434193,1
12070,8.151788372006864,15.257756447024084,1
12071,8.187236508600764,15.278478103087885,1
12072,8.22400445395025,15.283188926551903,1
12073,8.1828196001112,15.28192541955336,1
12074,8.185658710501164,15.249102543573276,1
12075,8.211111887821863,15.261294526462391,1
12076,8.240767679158738,15.252940006558033,1
12077,8.258703575620816,15.258767750599409,1
12078,8.269012481068433,15.287798019464523,1
12079,8.263838760363894,15.26776664392815,1
12080,8.335520260320292,15.271078579272158,1
12081,8.296683096932993,15.243032210225428,1
12082,8.319860396958829,15.281662083375796,1
12083,8.368868025918026,15.269671296031172,1
12084,8.346700909451924,15.269784542734511,1
12085,8.350026618347,15.244881120647731,1
12086,8.408112035260375,15.245021214116582,1
12087,8.422181318808011,15.268038515326582,1
12088,8.446191961338341,15.266466617744717,1
12089,8.480299952930281,15.26188974609164,1
12090,8.469656513777235,15.25055294216997,1
12091,8.45093161427091,15.24816572245367,1
12092,8.478372538705448,15.275642522024352,1
12093,8.553212391753375,15.292481024162427,1
12094,8.503462135701833,15.268057467206813,1
12095,8.504096914661165,15.265559882277397,1
12096,8.554002147922136,15.277641125287559,1
12097,8.521400412158377,15.257291904960802,1
12098,8.551765226075727,15.287659799372861,1
12099,8.567931629464386,15.267645565310074,1
12100,8.577670728966986,15.265302497816894,1
12101,8.596590110390586,15.251241423624313,1
12102,8.58200034834256,15.27943150386161,1
12103,8.577000379620497,15.266070956909457,1
12104,8.654642226480124,15.261288001179304,1
12105,8.610468019282173,15.261993210915879,1
12106,8.614192232945864,15.290459953309284,1
12107,8.662241418525724,15.243156529435584,1
12108,8.633867347562502,15.27815895028195,1
12109,8.689812585688541,15.249083423312303,1
12110,8.707254292498897,15.252155869504993,1
12111,8.677362736789213,15.285716239558674,1
12112,8.716565069590194,15.275554023123679,1
12113,8.756637170728789,15.273164716923187,1
12114,8.766244305589213,15.2870096402123,1
12115,8.753921098899685,15.267598042014182,1
12116,8.776074683743762,15.249030992379508,1
12117,8.793519365249574,15.267257302425563,1
12118,8.783143144925699,15.291111847772397,1
12119,8.87273838217853,15.270374342643725,1
12120,8.837602744038815,15.287365849668541,1
12121,8.84816571151755,15.249065462175746,1
12122,8.826107607702944,15.286354164015615,1
12123,8.92576232473326,15.244399879141014,1
12124,8.912763124242868,15.271052820353496,1
12125,8.879397138910345,15.264348063477833,1
12126,8.928334510312341,15.258696881679668,1
12127,8.983665856505056,15.241566316953044,1
12128,8.96512203139455,15.243960184376764,1
12129,8.952095023885507,15.255921635124064,1
12130,9.089488099137446,15.275813757274781,1
12131,9.132434315508652,15.250111000177753,1
12132,9.178839715861425,15.273782070561635,1
12133,9.184334332208977,15.24755110303913,1
12134,9.210656636998522,15.28771627294898,1
12135,9.217153803365992,15.281261119761659,1
12136,9.298205742158132,15.243336856968103,1
12137,9.279734697850547,15.271218024532791,1
12138,9.258103819102962,15.259185011601728,1
12139,9.316396369666029,15.24656297021253,1
12140,9.314357113895177,15.253995454572797,1
12141,9.32501526214992,15.24667530487936,1
12142,9.309371674956868,15.263630330623045,1
12143,9.364981186046267,15.246582118833167,1
12144,9.403559858045957,15.280183839781078,1
12145,9.366590353378708,15.288138830537534,1
12146,9.383530404683002,15.293538212104819,1
12147,9.359178484824923,15.290556858283743,1
12148,9.36390149535682,15.246345635325643,1
12149,9.444881865818342,15.278867624221416,1
12150,9.42875701969846,15.292389902177794,1
12151,9.418315896549606,15.266907773589356,1
12152,9.46096397095695,15.24426540183632,1
12153,9.43369927313172,15.257878485712789,1
12154,9.441327616716633,15.286891631635267,1
12155,9.500231337588698,15.288868992056848,1
12156,9.49953191262152,15.287956693030923,1
12157,9.499643702391214,15.242726448109424,1
12158,9.52468141722265,15.276051287144739,1
12159,9.535270863021182,15.285346282807739,1
12160,9.622898234427696,15.253466962838205,1
12161,9.611056983838308,15.282434755277578,1
12162,9.65493346683754,15.289024541151159,1
12163,9.729339102689643,15.284769919132644,1
12164,9.767136821229904,15.261997274549024,1
12165,9.758046680231013,15.259163756667627,1
12166,9.799370716973876,15.262477718417527,1
12167,9.79389700390659,15.244623993613022,1
12168,9.874626465465566,15.285958084542864,1
12169,9.86908231998316,15.254360472179538,1
12170,9.871371665516707,15.277052722362708,1
12171,9.91406098353894,15.255447552826103,1
12172,9.900120299332936,15.291519855549044,1
12173,9.939504982391158,15.282432850055288,1
12174,9.968918468629042,15.254236069701061,1
12175,9.979603391672017,15.291634147638526,1
12176,10.022084312616204,15.29243311658887,1
12177,10.051662418025945,15.261541922775491,1
12178,10.060704025642888,15.278106009411404,1
12179,10.070903536888785,15.25113009046331,1
12180,10.127161801489542,15.255876055318673,1
12181,10.150618948345919,15.284856631319997,1
12182,10.191810702088572,15.28352182607012,1
12183,10.210041736940113,15.275239167396055,1
12184,10.23513928166156,15.269317274661256,1
12185,10.252991768765897,15.262867725643883,1
12186,10.23678638713516,15.275939789638302,1
12187,10.214230093416806,15.252689196916663,1
12188,10.311690773990033,15.273301672654751,1
12189,10.277447625174645,15.255581336358008,1
12190,10.319566451889207,15.249608809155472,1
12191,10.372809435844747,15.26196158679446,1
12192,10.34177245845625,15.255617007633049,1
12193,10.3292615236199,15.29406819046728,1
12194,10.38420728019156,15.26996457206444,1
12195,10.37474819569256,15.253500833595552,1
12196,10.459093056414513,15.272906448993377,1
12197,10.481268952508772,15.246431197585926,1
12198,10.505266436505858,15.262080074746716,1
12199,10.512075272912988,15.243251834158428,1
12200,10.511493824951227,15.253211949789442,1
12201,10.493856079177974,15.282803126276585,1
12202,10.566552101457768,15.266290635572727,1
12203,10.542058231456043,15.292647727663613,1
12204,10.572649948475469,15.247938036219406,1
12205,10.606253698149528,15.255248502482774,1
12206,10.643681391074098,15.245259613372099,1
12207,10.694914615121652,15.253037374403739,1
12208,10.696355894833827,15.248274904359006,1
12209,10.726547837648663,15.251327999691506,1
12210,10.802069258727533,15.242595881366666,1
12211,10.777716403394011,15.271211225983759,1
12212,10.789471710432139,15.283962088069918,1
12213,10.763072521941682,15.27882935798016,1
12214,10.814245928646802,15.271180539428979,1
12215,10.838274225200749,15.28322331850128,1
12216,10.836418592660724,15.255034058500783,1
12217,10.819153338971324,15.269133351350192,1
12218,10.898849769967066,15.242472922455507,1
12219,10.866286940778128,15.268184848469028,1
12220,10.905155304574148,15.241219404220445,1
12221,10.939718966871721,15.261468711955205,1
12222,10.958916595820078,15.246070409979543,1
12223,11.013975729678773,15.26154372198683,1
12224,10.989762094182868,15.261921253694037,1
12225,11.06806469468361,15.283388551808207,1
12226,11.064981109535937,15.276723004133576,1
12227,11.106936201487352,15.26027659548234,1
12228,11.08787971477911,15.281927182253625,1
12229,11.100671496362562,15.243466047587809,1
12230,11.150714348141124,15.282949040969948,1
12231,11.205472462645707,15.247660659912478,1
12232,11.215663078624626,15.283263345043428,1
12233,11.188562637868591,15.273954584575959,1
12234,11.272839557473747,15.279344395416437,1
12235,11.26185027999274,15.247424045136611,1
12236,11.240135022038508,15.241998330169192,1
12237,11.307327784033287,15.252955285881603,1
12238,11.389130336180072,15.29124103224916,1
12239,11.34599036467025,15.26605507644642,1
12240,11.43233984552325,15.247933610258663,1
12241,11.431703851284494,15.244264071264594,1
12242,11.4773634365779,15.26191216326466,1
12243,11.473595124456905,15.25007330614524,1
12244,11.521586199588667,15.279776032412537,1
12245,11.522469698538043,15.250010828555078,1
12246,11.561257346512633,15.292978726343021,1
12247,11.587776426962957,15.279237720792727,1
12248,11.622744955674948,15.26235071496088,1
12249,11.614592416837063,15.24785299542297,1
12250,11.610843765137172,15.256972012621407,1
12251,11.687556991862666,15.245859179049704,1
12252,11.697531032000231,15.277705215191503,1
12253,11.695202004077096,15.242600688194495,1
12254,11.732845061759498,15.251039740724611,1
12255,11.748815476027616,15.24535978328277,1
12256,11.729047766641445,15.284796356623634,1
12257,11.767615233053668,15.26168890318344,1
12258,11.780170364296191,15.25421840135877,1
12259,11.82432423736084,15.245792696190106,1
12260,11.863543572633251,15.270735685004901,1
12261,11.834927604764138,15.253312150042433,1
12262,11.895148412797658,15.268670670840311,1
12263,11.892397424262914,15.273830591439534,1
12264,11.902133444791255,15.274074285244055,1
12265,11.926260847071237,15.26487765985885,1
12266,11.927057424169758,15.277791713061236,1
12267,11.974609413547665,15.265272319645119,1
12268,11.94206488393031,15.243307331073098,1
12269,11.989444228662581,15.263809738913077,1
12270,8.024781446421763,15.331346198465988,1
12271,8.02559845659235,15.340619276589425,1
12272,8.114061072747468,15.306868681431176,1
12273,8.088697995682889,15.32203123448075,1
12274,8.087580271489896,15.29563460738179,1
12275,8.149650256369826,15.339032147928654,1
12276,8.149354936446073,15.327644521397515,1
12277,8.132269365587572,15.338487575306234,1
12278,8.142892629391763,15.312679033060366,1
12279,8.195196546936963,15.313092334850287,1
12280,8.201927918954269,15.33310670800938,1
12281,8.216274650574533,15.34694155549242,1
12282,8.195224627376653,15.296829440959094,1
12283,8.188535374513426,15.307760640499628,1
12284,8.262538435226517,15.309320023882927,1
12285,8.24687969539581,15.342398443197181,1
12286,8.280226995640461,15.332896419830385,1
12287,8.319891511342005,15.319299725220498,1
12288,8.293913763194425,15.310393414434042,1
12289,8.372468844957226,15.30958354759674,1
12290,8.359300935699451,15.324719979588131,1
12291,8.367562514722467,15.339307375178011,1
12292,8.434569414255364,15.318501433965986,1
12293,8.44364163406158,15.306062166772588,1
12294,8.447222353422372,15.341392000853642,1
12295,8.400056424235936,15.301061457063915,1
12296,8.495602839355538,15.303365747157702,1
12297,8.46143601197967,15.342018096015513,1
12298,8.49287778477208,15.29464002778427,1
12299,8.463586038860255,15.33547147610562,1
12300,8.544689265175656,15.306037701914594,1
12301,8.53743045427031,15.33977439973823,1
12302,8.552788051416188,15.346765291557261,1
12303,8.533211223022851,15.315089789072767,1
12304,8.54753082560846,15.310769909571224,1
12305,8.553086410677833,15.331506050416623,1
12306,8.588368232540837,15.31269893225671,1
12307,8.581101570178172,15.308036349576954,1
12308,8.559393249715486,15.31965314138558,1
12309,8.606883828598722,15.3475385322331,1
12310,8.606023170517386,15.311759978216687,1
12311,8.574083335363472,15.326029863289543,1
12312,8.657175395169727,15.297179204035432,1
12313,8.647511332055066,15.315725210972223,1
12314,8.62688786291935,15.31750116819506,1
12315,8.65781543886427,15.336495862117394,1
12316,8.640003231928,15.310398106088284,1
12317,8.645664026218416,15.334504175006852,1
12318,8.677868050206914,15.321388487583558,1
12319,8.680658100228401,15.331777690458228,1
12320,8.669378332925968,15.32227613544298,1
12321,8.714533637006719,15.33285160732113,1
12322,8.672601605912103,15.336493165777032,1
12323,8.723539657817897,15.296221817159687,1
12324,8.767855810239924,15.327833450035937,1
12325,8.749224233185451,15.318694385486568,1
12326,8.776343894334188,15.308147642170482,1
12327,8.818622062202037,15.3372608310501,1
12328,8.78759664965013,15.333192403103237,1
12329,8.79847134317077,15.318531873168707,1
12330,8.826651634667508,15.314802954379548,1
12331,8.847705970383453,15.315009223169358,1
12332,8.853519515488694,15.315502790284649,1
12333,8.84886814060204,15.32089378669275,1
12334,8.8547481679283,15.31085629590468,1
12335,8.889960084944363,15.313273990726344,1
12336,8.914327944455886,15.29957220144847,1
12337,8.88993541645904,15.321282648077966,1
12338,8.892111112758126,15.296824287285096,1
12339,8.945569432558445,15.346907309059116,1
12340,8.952698220692795,15.336365114538225,1
12341,9.040895668738585,15.33116966383415,1
12342,9.107195834152252,15.3429931914414,1
12343,9.195020570626898,15.300465872193534,1
12344,9.226135538491926,15.319253152795268,1
12345,9.207312397743419,15.343320043402572,1
12346,9.273508692240231,15.326580948490395,1
12347,9.298953250110928,15.343236062903292,1
12348,9.330908859844481,15.308147935184168,1
12349,9.347377334959027,15.3101583146941,1
12350,9.330503938615767,15.32605657492878,1
12351,9.386680070767508,15.33571747469669,1
12352,9.384154091712563,15.329973693734313,1
12353,9.37316954643792,15.29686203832874,1
12354,9.371891255863881,15.342939757418586,1
12355,9.39913474297242,15.309241644177375,1
12356,9.439276524038453,15.32491316695068,1
12357,9.437431597124661,15.326790413799532,1
12358,9.431496210866667,15.31907758734643,1
12359,9.462464851015271,15.341895516105122,1
12360,9.443446358999536,15.344772005292972,1
12361,9.458270044800537,15.316016644296873,1
12362,9.506669052378793,15.327566182502647,1
12363,9.465963349790089,15.32951968726324,1
12364,9.502754033124276,15.309468122590648,1
12365,9.49417810917682,15.325266477774683,1
12366,9.55873232061296,15.341848900609483,1
12367,9.562431383085984,15.299817003667714,1
12368,9.585889843919077,15.31421883262367,1
12369,9.575183077973376,15.300506039805224,1
12370,9.666067989556922,15.312678597598946,1
12371,9.674519198100546,15.337317151582042,1
12372,9.695262613319407,15.304588788359693,1
12373,9.691576855755706,15.318251960102861,1
12374,9.745591310047907,15.340591355420424,1
12375,9.754663931318904,15.316441339079702,1
12376,9.81502998787987,15.314791775909404,1
12377,9.835805613783355,15.31406212218946,1
12378,9.886884356060774,15.336680399860981,1
12379,9.869997545106298,15.31955769031346,1
12380,9.936211764971736,15.29919229989371,1
12381,9.946186674469288,15.298853612350277,1
12382,9.929420054229308,15.323808208527751,1
12383,9.98533008827735,15.305587650978495,1
12384,9.966990662088115,15.30886900724974,1
12385,10.050527473526424,15.344767598339734,1
12386,10.018077387523725,15.320229525090355,1
12387,10.087072036746392,15.300083907701003,1
12388,10.074823594704597,15.32903123333337,1
12389,10.088331002777176,15.329644744016603,1
12390,10.10779828823188,15.335729959658405,1
12391,10.139647275639224,15.319773478120116,1
12392,10.17510421875513,15.340047872089249,1
12393,10.161264926536925,15.335641943595252,1
12394,10.24416485837969,15.338326136771975,1
12395,10.214548389107785,15.34114953882368,1
12396,10.245894083841167,15.333199912708258,1
12397,10.284119073888057,15.294421240254731,1
12398,10.302596776960552,15.314653122815402,1
12399,10.271860332615477,15.331371895933382,1
12400,10.31566632315435,15.320300038857406,1
12401,10.324939269822236,15.332865274264627,1
12402,10.372671999133189,15.32158680062532,1
12403,10.34996742393336,15.347579174900757,1
12404,10.343277046599932,15.306847087328885,1
12405,10.380441444026303,15.344350009772908,1
12406,10.407242335867897,15.314201274708537,1
12407,10.37481651337949,15.338528520758864,1
12408,10.42927625762515,15.3185185355939,1
12409,10.462639971932097,15.340246236061398,1
12410,10.484198901780175,15.32217520102221,1
12411,10.522723545609495,15.325858702589569,1
12412,10.520501015789792,15.318661193257274,1
12413,10.5158372415531,15.301632698742228,1
12414,10.5551426565926,15.294646734709312,1
12415,10.587858344228406,15.336151251130433,1
12416,10.553784475985942,15.327508191868766,1
12417,10.540337685250927,15.311573660375842,1
12418,10.612147023707422,15.313105589346627,1
12419,10.616059460622298,15.321020940892296,1
12420,10.667910854953758,15.336579086794124,1
12421,10.652193897254957,15.333537125689224,1
12422,10.700955299832879,15.340247598610189,1
12423,10.710294584593479,15.301855610251797,1
12424,10.717006211401905,15.337842297555525,1
12425,10.722580945763209,15.346992464521948,1
12426,10.789433373784401,15.339129944588212,1
12427,10.798568601452292,15.306674100861736,1
12428,10.790063638702593,15.312630683837355,1
12429,10.76280949843771,15.34258041256804,1
12430,10.828649858002645,15.311216544818215,1
12431,10.854256073031749,15.325770381005878,1
12432,10.843516257331416,15.33512619427997,1
12433,10.841678747160874,15.343684350240697,1
12434,10.874569246183933,15.331177472824063,1
12435,10.874883048449325,15.29786677554336,1
12436,10.877013596117449,15.31157522063133,1
12437,10.857460353544287,15.300353666929503,1
12438,10.960717750342654,15.320616202386068,1
12439,10.959409340316201,15.330193191697825,1
12440,10.938845604184639,15.347104272551961,1
12441,10.956854613963865,15.336042262946988,1
12442,10.990688165560359,15.308366217205025,1
12443,10.975188030590402,15.30347662960042,1
12444,10.996299020669987,15.33229164142619,1
12445,11.031359649688929,15.297492487056141,1
12446,11.020648086396124,15.314306897493314,1
12447,11.10859982884106,15.324595076193042,1
12448,11.069607855226106,15.32490114808549,1
12449,11.072236841868024,15.3018703586018,1
12450,11.149914612120234,15.33908737595148,1
12451,11.17684149635439,15.335632477315745,1
12452,11.210348727250151,15.318605665920055,1
12453,11.282056905402474,15.300726674215865,1
12454,11.253938943781078,15.338934531887864,1
12455,11.33649398247935,15.314606457473575,1
12456,11.321604453482097,15.324768950455027,1
12457,11.370482095825128,15.301465153895794,1
12458,11.37570168786258,15.334748298399287,1
12459,11.409034490748953,15.347493649981688,1
12460,11.42072684282724,15.297401925411169,1
12461,11.441815748053365,15.294433426644094,1
12462,11.475845730165517,15.339680231885854,1
12463,11.48197571464485,15.327347125195384,1
12464,11.511247742131204,15.30622006981691,1
12465,11.603620442365507,15.300345654007126,1
12466,11.598942208499937,15.335970943949086,1
12467,11.616691089884808,15.33682332302838,1
12468,11.614076844726723,15.342615463341739,1
12469,11.6469194365894,15.319157670030874,1
12470,11.708178339924999,15.302814021491272,1
12471,11.665937597138289,15.318079640927982,1
12472,11.758411242896166,15.338874928598718,1
12473,11.728384779443267,15.343096912393706,1
12474,11.767340284853942,15.296855812041535,1
12475,11.803006750075312,15.295437934682166,1
12476,11.845155259345427,15.295568066542225,1
12477,11.846834750090418,15.330239260506652,1
12478,11.876250708810348,15.305826999031593,1
12479,11.90313713626902,15.340109071270087,1
12480,11.879932994833908,15.311715753369903,1
12481,11.904720374153246,15.301384874122617,1
12482,11.953609256281402,15.312853706890438,1
12483,11.950599603578777,15.31558667984987,1
12484,11.926916054557886,15.33496021813822,1
12485,11.946197468112498,15.320805860483322,1
12486,11.99972347113755,15.296719902435262,1
12487,8.01088378325118,15.366385710191576,1
12488,8.002343347574945,15.35133944454857,1
12489,8.01673331375815,15.37155256194221,1
12490,8.052485334941977,15.351006140875308,1
12491,8.045986233578082,15.394411485265657,1
12492,8.023396336406288,15.348644519229103,1
12493,8.124478236767155,15.38405024270714,1
12494,8.100298839000617,15.400927692745974,1
12495,8.087343300326179,15.400134669420707,1
12496,8.145656065524362,15.35899859425328,1
12497,8.180810510635373,15.390022662989761,1
12498,8.167034757029345,15.375817443556146,1
12499,8.13616598011909,15.39187328169573,1
12500,8.199075984506988,15.37134291978611,1
12501,8.2038251083708,15.365784154323915,1
12502,8.198732844463628,15.392060055897065,1
12503,8.211895333839884,15.386184755450609,1
12504,8.248037368952842,15.369050211817067,1
12505,8.241415251443463,15.379848537682385,1
12506,8.265380869217278,15.367887303011008,1
12507,8.32654722433893,15.34880974131064,1
12508,8.331935224052925,15.372215937589964,1
12509,8.318900468250876,15.393567778813251,1
12510,8.386489300392968,15.352015242369784,1
12511,8.360777746584573,15.398189774571728,1
12512,8.360321685815073,15.35025312292323,1
12513,8.363969724723768,15.37779554384132,1
12514,8.40791968386991,15.39712117321149,1
12515,8.417630723515744,15.362855964572313,1
12516,8.420762547549002,15.357008764829976,1
12517,8.427503485218446,15.351345316581288,1
12518,8.4608524636886,15.392813421467697,1
12519,8.48790410099555,15.377147816616642,1
12520,8.501746071776859,15.391840600413895,1
12521,8.551710888989495,15.35847374323636,1
12522,8.535653072810671,15.400295396226381,1
12523,8.539666564623618,15.354125513191795,1
12524,8.524778722218677,15.354289282729576,1
12525,8.525023999133852,15.363824681365774,1
12526,8.587015386781806,15.362715226326115,1
12527,8.572120721834459,15.35614984166242,1
12528,8.573749742644209,15.361764724056654,1
12529,8.609585124461121,15.362844492319255,1
12530,8.603618813009172,15.372647824576816,1
12531,8.563469790068194,15.37323098225382,1
12532,8.658676610015183,15.395457018787639,1
12533,8.628847802163548,15.358131069666209,1
12534,8.662643315397192,15.365050425816055,1
12535,8.621943856208448,15.368694609760396,1
12536,8.661268102353656,15.392303043555428,1
12537,8.643444021775073,15.376263346076293,1
12538,8.699065050784682,15.397285121027245,1
12539,8.675208354815814,15.400978293129652,1
12540,8.687239487946414,15.379756414099774,1
12541,8.704922117600082,15.349615503948996,1
12542,8.708552794287764,15.394172241985164,1
12543,8.711312172351965,15.376311972982034,1
12544,8.730876773967012,15.398363998405525,1
12545,8.720514780506239,15.366961387510717,1
12546,8.730295968367964,15.375562210972388,1
12547,8.745324359771379,15.35628006191955,1
12548,8.783027573229393,15.350506538919191,1
12549,8.788435448203392,15.35194877900136,1
12550,8.795094776184905,15.374376062793774,1
12551,8.811628032503364,15.390310319143643,1
12552,8.856928788674947,15.352419311172348,1
12553,8.85099681141004,15.379323860747853,1
12554,8.823956455497889,15.369780469580297,1
12555,8.858199941483543,15.375437934042376,1
12556,8.896700710332873,15.353874516137763,1
12557,8.90024668642839,15.36118118542089,1
12558,8.892081353572472,15.360250546272484,1
12559,8.906498262105222,15.385851416529059,1
12560,8.951958806032163,15.360061619737088,1
12561,9.027092407979774,15.356426275069836,1
12562,9.041152628199356,15.363912125695329,1
12563,9.090186046021529,15.36487563833063,1
12564,9.120056815223343,15.369665995310129,1
12565,9.099116314469242,15.393370398862151,1
12566,9.186091620233238,15.396003968501669,1
12567,9.24757154204489,15.360146806016274,1
12568,9.258599795489578,15.350225541348019,1
12569,9.252108846476709,15.39357885199462,1
12570,9.319021185316668,15.362465070536114,1
12571,9.40291518900868,15.368569831486985,1
12572,9.405511432750204,15.385847611382813,1
12573,9.362378795480588,15.390636500197038,1
12574,9.414431314759446,15.382776447104064,1
12575,9.42423876416491,15.349886320117449,1
12576,9.438876024477393,15.347665579769131,1
12577,9.42980239660821,15.374067479167167,1
12578,9.453569411310829,15.390242389597455,1
12579,9.473054772137987,15.36361291561895,1
12580,9.477418119743731,15.353065757260579,1
12581,9.476283537557299,15.377036538892588,1
12582,9.50799346152652,15.380432111542197,1
12583,9.534180819165412,15.390248783522818,1
12584,9.5514797072976,15.360273385136871,1
12585,9.524166327524744,15.349349709967997,1
12586,9.617487564936932,15.365292419199067,1
12587,9.614283300234511,15.354156830312702,1
12588,9.613050182164935,15.375028876974321,1
12589,9.628498647126285,15.369882256468337,1
12590,9.635723348858713,15.354910698718038,1
12591,9.6788631176469,15.37575115019501,1
12592,9.646311538166021,15.35441233785973,1
12593,9.707842149638644,15.392591796258426,1
12594,9.725281985021926,15.352147470595083,1
12595,9.703194013728227,15.360629543409148,1
12596,9.686421054522912,15.400370778549686,1
12597,9.73990056988973,15.363145612198391,1
12598,9.736954712275258,15.368624553626564,1
12599,9.819156715408745,15.365169477604185,1
12600,9.813935706548262,15.382319339041967,1
12601,9.843915802330972,15.376973426907036,1
12602,9.871909702105798,15.35609502936554,1
12603,9.939235045998547,15.3482219785608,1
12604,9.923191359207063,15.355388200857885,1
12605,9.97049686540413,15.39078453060494,1
12606,9.98272307648842,15.390724918268775,1
12607,10.000014601298272,15.377150054908789,1
12608,10.05094137229668,15.375054275782595,1
12609,10.063075629283016,15.395719849058297,1
12610,10.067926878518739,15.367299850098844,1
12611,10.155966924553985,15.379383425234224,1
12612,10.108502020530882,15.389900871790227,1
12613,10.197682492067107,15.374396363545841,1
12614,10.196019722439608,15.378324321067394,1
12615,10.226238690507357,15.361028009398762,1
12616,10.23158094677229,15.359104742723146,1
12617,10.25781337601243,15.355932415791905,1
12618,10.298590495913578,15.367124435489746,1
12619,10.314127206665436,15.392280248468152,1
12620,10.274771447553553,15.394697379251737,1
12621,10.304253001944309,15.368227863646892,1
12622,10.352632790219499,15.391071875723107,1
12623,10.36156760302447,15.349573038341292,1
12624,10.339565411287321,15.353890317329709,1
12625,10.37133158893895,15.361509279066873,1
12626,10.37604278453854,15.400974261845949,1
12627,10.392004111291202,15.366803684145928,1
12628,10.419466957513315,15.382482091650001,1
12629,10.449271219058662,15.355196274723735,1
12630,10.458852797822853,15.359606056263788,1
12631,10.529555219205433,15.386978900412153,1
12632,10.520956660629595,15.397672752141169,1
12633,10.501180816368334,15.357814404902292,1
12634,10.581014593144836,15.349957941954385,1
12635,10.556282190223694,15.365065345868064,1
12636,10.540995076039758,15.390366818243137,1
12637,10.578703536046914,15.398957265159455,1
12638,10.63724345908258,15.376188029872468,1
12639,10.640351289900957,15.388961150643414,1
12640,10.693337488490663,15.37314753847369,1
12641,10.642795420616377,15.377396328795319,1
12642,10.660549039446499,15.366903236273174,1
12643,10.735748073140014,15.362549205719244,1
12644,10.710503533675048,15.39613344062842,1
12645,10.713025798743798,15.397763820727386,1
12646,10.714907395794574,15.389780463261392,1
12647,10.743487912642804,15.396581660771291,1
12648,10.751888752968329,15.386381548483996,1
12649,10.775464739996806,15.400392597497722,1
12650,10.767491747096532,15.365357158481878,1
12651,10.79107446509047,15.3544117908229,1
12652,10.752017424681334,15.357522722693561,1
12653,10.808674108645478,15.389274836864026,1
12654,10.816008251669915,15.364960264347623,1
12655,10.807503867700058,15.393061889980425,1
12656,10.85690305606549,15.395663693709512,1
12657,10.908346091826527,15.380209940341324,1
12658,10.856939507548477,15.384629651907954,1
12659,10.913422193083651,15.377132551885342,1
12660,10.936908802134804,15.392040868374252,1
12661,10.95768788154746,15.35690639052039,1
12662,10.928519599573882,15.397528042986067,1
12663,10.976235544554818,15.368275264844886,1
12664,10.974879679165035,15.35601848119862,1
12665,10.977764628936768,15.353940277290395,1
12666,11.05192400504026,15.392165179316812,1
12667,11.063329351440286,15.398760450849815,1
12668,11.106896725802155,15.372201028145978,1
12669,11.070500216132105,15.362451845658004,1
12670,11.126523100711072,15.360379773542356,1
12671,11.156555953565466,15.36460590011702,1
12672,11.193379626022429,15.370305106906574,1
12673,11.212035095245112,15.394104812676048,1
12674,11.244190541634666,15.36425907109382,1
12675,11.233970105503698,15.369998321676999,1
12676,11.245019728495203,15.380342569616726,1
12677,11.317496588385866,15.397034745605366,1
12678,11.323535840382597,15.399921358454927,1
12679,11.358111084061342,15.355845190753108,1
12680,11.375244605009355,15.369219671605766,1
12681,11.401262671451427,15.398621551808938,1
12682,11.440184061003988,15.36503256916381,1
12683,11.395456434226128,15.367999270890632,1
12684,11.406768185810318,15.384498456039111,1
12685,11.445916172596732,15.357462551888375,1
12686,11.45891874243218,15.373884141161236,1
12687,11.521489215669769,15.394840193074472,1
12688,11.56974242513784,15.3648431624888,1
12689,11.590425271940425,15.363609269021921,1
12690,11.645615285002163,15.354569272044406,1
12691,11.606975552875337,15.389494167138384,1
12692,11.629646620992181,15.380164440041135,1
12693,11.673321320084023,15.397811847913678,1
12694,11.669379553106738,15.39689509777008,1
12695,11.750629337819893,15.392773246999436,1
12696,11.74688555579176,15.351854728176114,1
12697,11.77781098616782,15.377398509259873,1
12698,11.814049501169245,15.370860528243211,1
12699,11.855198831788694,15.39989885449208,1
12700,11.849213797614702,15.352970696903233,1
12701,11.87599744364642,15.375726595017971,1
12702,11.91471262249876,15.397421951965276,1
12703,11.917255802257579,15.399021973516184,1
12704,11.918272223101338,15.370407390905205,1
12705,11.957737982847906,15.399755627511693,1
12706,11.931917762246421,15.398422246896361,1
12707,11.937528664437634,15.364084152003077,1
12708,11.95664530800514,15.38290361297278,1
12709,11.951584902708051,15.348354822494489,1
12710,11.988678972001932,15.382426304683124,1
12711,11.99057469197607,15.373473166650559,1
12712,8.020945102448419,15.41511046449691,1
12713,8.026549555703486,15.405119082283838,1
12714,8.059677592201414,15.44107125546526,1
12715,8.03134678630233,15.448310136489411,1
12716,8.021566930575805,15.43447813307324,1
12717,8.096181771447547,15.432082534392547,1
12718,8.10892349838305,15.442796535762488,1
12719,8.120494518407867,15.426979984257505,1
12720,8.09094846229313,15.421381199101074,1
12721,8.140368015972296,15.447453533189595,1
12722,8.175583724559791,15.432194241168853,1
12723,8.163384580056217,15.445657155428776,1
12724,8.145691208123928,15.421362136837299,1
12725,8.129423878115258,15.424907007540808,1
12726,8.22674012917917,15.451258483875788,1
12727,8.216153969473595,15.434360071330346,1
12728,8.205830169635188,15.440527372140805,1
12729,8.205053639618926,15.41860546668772,1
12730,8.188407290396755,15.416044822469996,1
12731,8.240774727594678,15.451414132154408,1
12732,8.237509156463886,15.442855594272709,1
12733,8.279582031391842,15.426797665350655,1
12734,8.265869616008246,15.423014189451825,1
12735,8.320520836167958,15.436227824571567,1
12736,8.298475868095094,15.406022190138248,1
12737,8.310127714349658,15.450142732821314,1
12738,8.331570430191148,15.445593531061578,1
12739,8.313788546150919,15.436089463488331,1
12740,8.362667024239174,15.452951259567305,1
12741,8.34876715648146,15.429679299295936,1
12742,8.375707833824073,15.420121580618549,1
12743,8.380693664320434,15.433902455997428,1
12744,8.358602990655129,15.432090427573641,1
12745,8.346314976323521,15.438935049503769,1
12746,8.43463940332268,15.452768042396,1
12747,8.403035161268539,15.429908355668056,1
12748,8.422297320761743,15.40282716480648,1
12749,8.426335632148499,15.417668478189203,1
12750,8.40353861440284,15.404784204631135,1
12751,8.453108565961085,15.406162374128176,1
12752,8.453858649871545,15.451418473786772,1
12753,8.483429069575411,15.406636995914939,1
12754,8.5027335170245,15.403820254450483,1
12755,8.555038442966346,15.435282741079687,1
12756,8.550871463004713,15.428856343029931,1
12757,8.519083877130377,15.430943250488244,1
12758,8.606443069862372,15.41417456050617,1
12759,8.571116817792232,15.420732104865829,1
12760,8.576700304437367,15.449413861369617,1
12761,8.599148357253224,15.450190309646608,1
12762,8.596807087976991,15.434269591747238,1
12763,8.624537367784125,15.431698021587493,1
12764,8.649086532129633,15.410416315843301,1
12765,8.631328314706156,15.440570948513075,1
12766,8.634085643960582,15.433594694788502,1
12767,8.650140814285637,15.453297579973952,1
12768,8.631459319252036,15.432257360361268,1
12769,8.705933191811518,15.417119423626762,1
12770,8.707624366937424,15.43678932794277,1
12771,8.683841624824694,15.405475709486172,1
12772,8.670824891657922,15.430304023011178,1
12773,8.669888411255537,15.438618727036355,1
12774,8.713427628347706,15.42960675036536,1
12775,8.748507905565434,15.40432671992023,1
12776,8.763701628399003,15.412161560884293,1
12777,8.749827048301155,15.453130617452876,1
12778,8.7218189472684,15.43643840377573,1
12779,8.768763077022765,15.420254137008076,1
12780,8.811668384418343,15.453439933145605,1
12781,8.823115749215244,15.452946779075384,1
12782,8.792450485893525,15.416040671397397,1
12783,8.871796790291548,15.439476442785239,1
12784,8.854223891112706,15.401410285321651,1
12785,8.837153940691447,15.409816429943085,1
12786,8.900276923045764,15.435229117542178,1
12787,8.924269045899843,15.445585706955608,1
12788,8.898956338915545,15.40217142207326,1
12789,8.935015350813735,15.452022120280391,1
12790,8.960684628935233,15.449216986853836,1
12791,9.00792667955849,15.40200936211101,1
12792,9.06447538557891,15.445328850542078,1
12793,9.081324935940385,15.433165293875437,1
12794,9.098146618109176,15.419709240409357,1
12795,9.101654691919371,15.405698252025385,1
12796,9.176879189166847,15.427524235122467,1
12797,9.146677011370558,15.433900821899558,1
12798,9.22018818337421,15.404169915048366,1
12799,9.230861242577275,15.42887377252933,1
12800,9.294954140653234,15.438611536539664,1
12801,9.27095931967313,15.431910548790922,1
12802,9.35689693369591,15.413062427064084,1
12803,9.424335931691468,15.406130675480913,1
12804,9.443303163726766,15.433939833140483,1
12805,9.488739675529331,15.449222699119122,1
12806,9.509023826510486,15.41499918549594,1
12807,9.496400556123112,15.434532704257634,1
12808,9.506943407506974,15.44304801602833,1
12809,9.564031825579542,15.430292864616971,1
12810,9.540826922608595,15.439851309673358,1
12811,9.557420963298195,15.410667393593664,1
12812,9.61555407591858,15.43486214402438,1
12813,9.621940000085198,15.409347837341379,1
12814,9.62196005836917,15.414644109781753,1
12815,9.670896391623364,15.415329681696509,1
12816,9.643391214428808,15.440710655753998,1
12817,9.673576033129908,15.409688433313327,1
12818,9.6549992390613,15.426903439804875,1
12819,9.713715818036116,15.443361242931788,1
12820,9.682635650102096,15.412586253665774,1
12821,9.705165950565897,15.40958788099831,1
12822,9.680826967081629,15.4490264713007,1
12823,9.67983856724684,15.447056253216601,1
12824,9.758709523686134,15.421212863561705,1
12825,9.736966654327844,15.403719959385716,1
12826,9.781744699256585,15.445973050671123,1
12827,9.740539049617952,15.42535613191734,1
12828,9.789459443361237,15.40166705643802,1
12829,9.815764255090619,15.412860008242719,1
12830,9.833632401042879,15.436108967557695,1
12831,9.791513844612965,15.44331433443503,1
12832,9.87564211716251,15.404074886588736,1
12833,9.860162719545743,15.406562172210903,1
12834,9.88648748331072,15.408717213783733,1
12835,9.888823850272853,15.405747701827991,1
12836,9.91989028777386,15.429966633991036,1
12837,9.943259940400278,15.434444061741733,1
12838,9.942614701394675,15.41022804711955,1
12839,9.92098303535972,15.45035537235154,1
12840,9.982969534955336,15.417519526972853,1
12841,9.991846440972918,15.413187812216368,1
12842,9.948937876741795,15.424795615494574,1
12843,10.014001560375453,15.410225133795631,1
12844,10.026939035792974,15.452133902294994,1
12845,10.051464260790798,15.413508976442536,1
12846,10.057757473710247,15.432607391582298,1
12847,10.081416194607717,15.446651190758365,1
12848,10.148646387575022,15.413834454621933,1
12849,10.164185439206443,15.437140399365454,1
12850,10.174976742759632,15.439253158602757,1
12851,10.262671573274822,15.40501775010409,1
12852,10.259156122325757,15.422749848729744,1
12853,10.217648806759469,15.441734400513317,1
12854,10.310193338679705,15.433519211699485,1
12855,10.273245683930561,15.406717637151518,1
12856,10.281508113481129,15.426498839772215,1
12857,10.31388966105162,15.426197054677203,1
12858,10.345754656017137,15.405774896521638,1
12859,10.328136718789914,15.402644000728133,1
12860,10.352365200940548,15.402013436495755,1
12861,10.359209316909896,15.451258476141685,1
12862,10.411149849174492,15.403521697607903,1
12863,10.39739007735153,15.426509002092414,1
12864,10.405668120217634,15.422900016406942,1
12865,10.467677579761643,15.424057955845338,1
12866,10.469323620578585,15.413321195052967,1
12867,10.493926577070264,15.411117255258963,1
12868,10.51023869330209,15.409447821209184,1
12869,10.53412358739614,15.422775634415805,1
12870,10.572440037915326,15.410700711796341,1
12871,10.587532700955235,15.415180522501883,1
12872,10.554019052780227,15.416291396774334,1
12873,10.559115455584324,15.401916949469836,1
12874,10.595978655592113,15.426728500721515,1
12875,10.610474038901986,15.40443184937067,1
12876,10.685173903608911,15.422989457695815,1
12877,10.65393269655724,15.411550162007995,1
12878,10.693784540798426,15.438774475911833,1
12879,10.71644866686647,15.4533410428771,1
12880,10.721650252883219,15.440982352075839,1
12881,10.69998080468051,15.437963119505095,1
12882,10.706890620523385,15.402030699659274,1
12883,10.707266677318636,15.426523678338171,1
12884,10.774396881027625,15.416270604855999,1
12885,10.782035306268934,15.449819070023196,1
12886,10.801307790802644,15.409990055373903,1
12887,10.793127116165504,15.4013184077267,1
12888,10.783868254729626,15.42966288023317,1
12889,10.810989574028765,15.445584458595379,1
12890,10.80342203595179,15.417255730601934,1
12891,10.829612128926131,15.444520445463265,1
12892,10.898171158289083,15.445862599032147,1
12893,10.883571788127846,15.403770884634833,1
12894,10.916331410358175,15.43589198623843,1
12895,10.949013696859817,15.404739351483054,1
12896,10.92812063282244,15.436217111590507,1
12897,10.934059932634172,15.404505279998798,1
12898,10.963322636610291,15.421161635256507,1
12899,11.00835082104935,15.412682524472302,1
12900,11.014922497059723,15.440545592434752,1
12901,11.014111870305797,15.431915385548676,1
12902,11.0628658381693,15.405312508553894,1
12903,11.045036513145133,15.424739752162541,1
12904,11.08774039120064,15.436696128242307,1
12905,11.100343321855485,15.45262567088376,1
12906,11.120586307620865,15.407684023532878,1
12907,11.128823922222281,15.415681652791811,1
12908,11.191716072627624,15.414106338965492,1
12909,11.239928868458904,15.40861712370804,1
12910,11.274965259657092,15.431556620867438,1
12911,11.317236935443681,15.414135060823432,1
12912,11.332073010913318,15.429907564780162,1
12913,11.353316952457462,15.428436238507134,1
12914,11.370967242436995,15.447159115679046,1
12915,11.400146496424938,15.410460091097326,1
12916,11.43723373623613,15.403782609266974,1
12917,11.425427653632214,15.441580874659738,1
12918,11.465100725807787,15.444846936879028,1
12919,11.457352597051054,15.426746725756509,1
12920,11.451586650522529,15.417348583949575,1
12921,11.510403965948258,15.421519082233974,1
12922,11.565219204461922,15.445457709495502,1
12923,11.55327160350744,15.40779249546135,1
12924,11.656991755977185,15.441882612659757,1
12925,11.651256910668588,15.422291470719749,1
12926,11.64626454359861,15.439494060310997,1
12927,11.69139177298393,15.447666249431524,1
12928,11.66435713258106,15.408884173707369,1
12929,11.746766563382272,15.418119451520312,1
12930,11.75119574597301,15.414092712355872,1
12931,11.73926734132521,15.451546433470584,1
12932,11.792861111318446,15.432689140121122,1
12933,11.768563626595414,15.443433627253267,1
12934,11.788364382711828,15.424486692500096,1
12935,11.850967520729938,15.427998661624564,1
12936,11.864609664182238,15.425745744537515,1
12937,11.830248267308708,15.403607664282045,1
12938,11.918249419565285,15.414209928347745,1
12939,11.892267683056286,15.44852201128202,1
12940,11.907698479719132,15.442743839964523,1
12941,11.884206755798889,15.405502691641926,1
12942,11.902443173435824,15.42976179439581,1
12943,11.969628977594963,15.445050212642041,1
12944,11.959995247769506,15.402160931494095,1
12945,11.97073002500761,15.406761194893623,1
12946,11.97155092379021,15.431558181621899,1
12947,11.93803230541053,15.430006848475314,1
12948,11.985949342567329,15.430438329744009,1
12949,11.999903536178897,15.404982491269696,1
12950,8.068249168093715,15.506002788801235,1
12951,8.049582182432918,15.460586993487789,1
12952,8.029018889474278,15.465399239971106,1
12953,8.114849763692513,15.479183287018365,1
12954,8.125248423398428,15.48702183579298,1
12955,8.125569513068093,15.50107049428663,1
12956,8.094098015543068,15.469982664104254,1
12957,8.116098474497267,15.504634459350633,1
12958,8.163586720820625,15.488305603637416,1
12959,8.137913244294154,15.460039867042095,1
12960,8.174831831613348,15.462112359542553,1
12961,8.164125425820824,15.501526095504872,1
12962,8.165733065592354,15.501752075185763,1
12963,8.180690184392924,15.470545224074089,1
12964,8.198585524886392,15.499138071027168,1
12965,8.211921401598813,15.46437035468209,1
12966,8.204764313758227,15.48956700361619,1
12967,8.19480661188731,15.487559904497077,1
12968,8.228168120809393,15.473939479861963,1
12969,8.24043602968941,15.478162031342322,1
12970,8.245917208933218,15.462343294818576,1
12971,8.261941290226892,15.499389449088483,1
12972,8.259765594888682,15.470114416384869,1
12973,8.239451237916708,15.478202156552715,1
12974,8.336899296265273,15.480539310976175,1
12975,8.313438151730379,15.461044313561187,1
12976,8.309213348766011,15.469612856048562,1
12977,8.294730046784172,15.478636367643942,1
12978,8.302502663597764,15.455814774988708,1
12979,8.339690587344187,15.491903940840805,1
12980,8.393215688255301,15.484435778469356,1
12981,8.37277811393386,15.485743051745343,1
12982,8.360766014983648,15.50572614686385,1
12983,8.379401129648585,15.479337791676736,1
12984,8.371968274511216,15.478757518404901,1
12985,8.378296855108836,15.474228747028091,1
12986,8.440401451661767,15.471501633675175,1
12987,8.419448569054195,15.496089327387562,1
12988,8.442123939357959,15.482121743733828,1
12989,8.409755088816901,15.5016033213184,1
12990,8.475666698929418,15.49651810983783,1
12991,8.491197138833423,15.497601227046838,1
12992,8.475497733457402,15.480284928298587,1
12993,8.528087500419756,15.456980993875979,1
12994,8.536796258106685,15.4820806793725,1
12995,8.528539983403483,15.493449521915535,1
12996,8.59407416563912,15.499111884012834,1
12997,8.603231232037514,15.476510748243204,1
12998,8.600524195610035,15.480134527821912,1
12999,8.599421952701562,15.504075739937678,1
13000,8.59545151889385,15.481029225381818,1
13001,8.659056609766695,15.477507646103664,1
13002,8.62596759583543,15.489105339214873,1
13003,8.636274310692444,15.4702205198714,1
13004,8.658085461732982,15.458540023190128,1
13005,8.617402899796144,15.489269531899271,1
13006,8.621640759784139,15.479504100295387,1
13007,8.71292518449804,15.462463702295803,1
13008,8.695425246621102,15.49231369230219,1
13009,8.672426783475848,15.463710697586647,1
13010,8.683026175766004,15.473730745925563,1
13011,8.691700682259436,15.468544840854587,1
13012,8.764048089875033,15.492781515888508,1
13013,8.725530052113,15.497819099961363,1
13014,8.737678844080639,15.492013769624538,1
13015,8.788662341416627,15.50765990390933,1
13016,8.792071223915539,15.476982465216128,1
13017,8.788793937267767,15.507738238931536,1
13018,8.851401611172914,15.482118728520119,1
13019,8.831198519373077,15.461999036165068,1
13020,8.920946243761454,15.461514854121912,1
13021,8.903309411887083,15.456142862708095,1
13022,8.93774973947541,15.477641685758154,1
13023,8.948443730019067,15.475400873715977,1
13024,8.941323397975719,15.500035565277852,1
13025,9.036815742822686,15.470688882601856,1
13026,9.054646286274266,15.495738682025136,1
13027,9.14365926201232,15.504641494045844,1
13028,9.109060093065544,15.48730276756767,1
13029,9.14455465445413,15.492926046918962,1
13030,9.160231414042357,15.482562847771257,1
13031,9.231501693681535,15.474531702706575,1
13032,9.244333112413766,15.473304140106746,1
13033,9.274912644157125,15.507848723930907,1
13034,9.256189118029583,15.504887185066554,1
13035,9.264839516821157,15.470639698839614,1
13036,9.306213748264755,15.4920870518271,1
13037,9.319349641802427,15.495854557219534,1
13038,9.307225807145507,15.502854722325338,1
13039,9.409097864868933,15.484810630554696,1
13040,9.392527437713952,15.461963120697378,1
13041,9.45585715382808,15.46702463475327,1
13042,9.452234585713194,15.472391534885798,1
13043,9.476823235806991,15.499450357780784,1
13044,9.472504261812093,15.49005824824033,1
13045,9.50644109207924,15.495379967506365,1
13046,9.53918924335297,15.483711728185556,1
13047,9.522062423173727,15.505997200056443,1
13048,9.578040828058038,15.47156111553431,1
13049,9.62140565158039,15.476422133853784,1
13050,9.62646899383175,15.50543744262912,1
13051,9.674596454062991,15.475594240090992,1
13052,9.679855211589652,15.456185850174634,1
13053,9.682372935464642,15.467336210188211,1
13054,9.703173698502635,15.492858925545253,1
13055,9.718066744748686,15.460719220286697,1
13056,9.755417567462853,15.495818874737198,1
13057,9.779975609767838,15.497641807181772,1
13058,9.76805498381695,15.479636919042512,1
13059,9.743979928886093,15.496077173560089,1
13060,9.765075297840111,15.494456157449893,1
13061,9.798609039209706,15.464451910463772,1
13062,9.839362919935397,15.456213052835015,1
13063,9.836530189875342,15.487656157464356,1
13064,9.819505166775752,15.494563272088532,1
13065,9.800206689257383,15.468021003126827,1
13066,9.872298763610921,15.473574525221869,1
13067,9.871623569715643,15.507013380058451,1
13068,9.860280716435865,15.487602287215298,1
13069,9.889026822540824,15.497004904641287,1
13070,9.85647450495663,15.504864366809871,1
13071,9.857835546748897,15.479527549289012,1
13072,9.934524346725311,15.457995250418387,1
13073,9.933044474648518,15.501905095022572,1
13074,9.932321711739714,15.487846025786714,1
13075,9.925960323109033,15.498688341792054,1
13076,9.944597009628446,15.495893417225938,1
13077,9.89554067117742,15.501991032566686,1
13078,9.948684094696505,15.502008462163369,1
13079,9.953986279302734,15.475907931471633,1
13080,9.96973935015728,15.476278338781862,1
13081,9.974618260104364,15.472843591432541,1
13082,9.969158904052154,15.496223254591618,1
13083,10.017104752428956,15.471650046114897,1
13084,10.03596352124353,15.459531655039438,1
13085,10.004634102897258,15.494508243742693,1
13086,10.04854817370325,15.48124957816808,1
13087,10.026384368832524,15.459790996222452,1
13088,10.073075634303585,15.497365072890465,1
13089,10.069787829892915,15.483733740560396,1
13090,10.087821141285746,15.46700007972939,1
13091,10.153912957469885,15.486752545053285,1
13092,10.161186193365994,15.478501636662566,1
13093,10.210981445797927,15.49262790959491,1
13094,10.257592277438054,15.496088656143883,1
13095,10.2519516157769,15.484916848309847,1
13096,10.22070250825988,15.457795078280824,1
13097,10.23937578770498,15.485616519325593,1
13098,10.287048519421976,15.455661972512628,1
13099,10.297987880211283,15.47680957731579,1
13100,10.318416085781033,15.485909002410615,1
13101,10.362162287509001,15.480573681158626,1
13102,10.344981713690148,15.487916616147992,1
13103,10.420519189595021,15.49665240126744,1
13104,10.409472866907798,15.499829767318742,1
13105,10.428880806674428,15.50085689423368,1
13106,10.47618895521953,15.500367298362425,1
13107,10.518470803351297,15.497518579734695,1
13108,10.502159712265692,15.485714237016111,1
13109,10.542636654372899,15.486755861540827,1
13110,10.542828824579267,15.45623427984492,1
13111,10.558302343385702,15.50526592562606,1
13112,10.546183273862166,15.482304659181727,1
13113,10.598471788639566,15.493742555398802,1
13114,10.640810865286536,15.485256781540064,1
13115,10.62279607731923,15.494057058920621,1
13116,10.655989307330563,15.46113349837291,1
13117,10.667764815801581,15.502864802252157,1
13118,10.67943927169907,15.46343425318928,1
13119,10.744347755567333,15.461283230542202,1
13120,10.719743028079412,15.455906344188248,1
13121,10.699240340563762,15.507387506933277,1
13122,10.742309735245072,15.499488227811286,1
13123,10.777755537802197,15.455410189156389,1
13124,10.764848114354967,15.497558564784716,1
13125,10.776757881570052,15.507817068093411,1
13126,10.758910245428625,15.468694998109488,1
13127,10.7727962249878,15.470569197726673,1
13128,10.81709515474301,15.481318301347962,1
13129,10.836702248050067,15.498230184084635,1
13130,10.836370891435587,15.471881032461713,1
13131,10.858322371416552,15.502409898263213,1
13132,10.933407483818556,15.493960382889655,1
13133,10.919204230254598,15.486541593147352,1
13134,10.941845086987028,15.46354130405623,1
13135,10.915303875983884,15.491900361146856,1
13136,10.989903020494925,15.496911516623342,1
13137,11.008747581477278,15.47372104089664,1
13138,10.980809254747049,15.483823983452687,1
13139,10.994103827016284,15.469421387311671,1
13140,11.027438917900506,15.489369858558744,1
13141,11.021352179829883,15.467504211082426,1
13142,11.03314315928726,15.499575336890747,1
13143,11.079797092908954,15.468345853496173,1
13144,11.102314706384522,15.47175194867312,1
13145,11.081794805219534,15.472376934336191,1
13146,11.173894538487403,15.455795039888153,1
13147,11.204000193750973,15.48144634466827,1
13148,11.26947824564185,15.468509979387951,1
13149,11.23434323645472,15.48523522334436,1
13150,11.313668756854874,15.485267996564456,1
13151,11.312529592570323,15.493366061325816,1
13152,11.348235616285898,15.50463005326196,1
13153,11.35282786157786,15.49967080889993,1
13154,11.395028949458903,15.481624233148606,1
13155,11.420883548737207,15.459798411305975,1
13156,11.480909062661121,15.501145305411496,1
13157,11.493210730500262,15.504957594352259,1
13158,11.543871670172091,15.461127150015683,1
13159,11.603778125898385,15.506867416246582,1
13160,11.628030785284155,15.504855777754374,1
13161,11.60839943532411,15.492064576936876,1
13162,11.63433294506999,15.479718516144002,1
13163,11.655469861584436,15.462461890060228,1
13164,11.707904911775124,15.469829842530137,1
13165,11.696254892492583,15.50120215457439,1
13166,11.682042496287803,15.50111300665155,1
13167,11.723574907690413,15.484333888082569,1
13168,11.748102184731259,15.481385973719545,1
13169,11.72721551705704,15.487653863901457,1
13170,11.77578974274536,15.467312998368753,1
13171,11.81031152149323,15.455966040511885,1
13172,11.809405048501242,15.494761724834097,1
13173,11.843784585364077,15.465988740950161,1
13174,11.864209084098997,15.491924265710347,1
13175,11.8415788903383,15.46271940074823,1
13176,11.884350814731011,15.480434508203409,1
13177,11.885869432069455,15.473368622224323,1
13178,11.8945883662978,15.470874690416585,1
13179,11.909970304316774,15.485164199341897,1
13180,11.96866104009999,15.486158896477699,1
13181,11.937102200895064,15.505067152287419,1
13182,11.92565388714452,15.487603365490315,1
13183,11.986777457008793,15.503196076319195,1
13184,8.003093514624792,15.511729244863037,1
13185,8.04102405404389,15.540725637645492,1
13186,8.056802799593651,15.548172272044026,1
13187,8.055486746322446,15.542199964079574,1
13188,8.048645293877287,15.533789862988426,1
13189,8.120462022803698,15.510629673361832,1
13190,8.09941227957034,15.559267250325693,1
13191,8.111786525120205,15.537329996668019,1
13192,8.108783376225945,15.5319570239077,1
13193,8.077631039400176,15.513757459917572,1
13194,8.128393115485597,15.525155877618017,1
13195,8.13965679154963,15.541934564280382,1
13196,8.137315338449625,15.518174789356886,1
13197,8.133694366247935,15.513107778968434,1
13198,8.177312042370794,15.533304626440968,1
13199,8.204682534883405,15.521333053727075,1
13200,8.232451029661775,15.523160313430536,1
13201,8.230542057029314,15.540394857403768,1
13202,8.216370512333345,15.54576515755374,1
13203,8.24899812676832,15.560726297620002,1
13204,8.246440120892064,15.556294363504636,1
13205,8.246489356303258,15.555421939637512,1
13206,8.277250804823332,15.52244544422316,1
13207,8.258806402485257,15.547373030065572,1
13208,8.265021815068435,15.5237164987416,1
13209,8.331225285554485,15.54583690997672,1
13210,8.339374429550993,15.544780615406937,1
13211,8.335920675487737,15.558812148321206,1
13212,8.325915196110527,15.544075417965612,1
13213,8.314827790522775,15.518301640147536,1
13214,8.34089926616752,15.522126189839256,1
13215,8.37903891167195,15.519485422702274,1
13216,8.346515744672299,15.543094546711108,1
13217,8.357616960434457,15.516292300273854,1
13218,8.357520884906632,15.508136408794382,1
13219,8.353730789421839,15.552528094432569,1
13220,8.434826691428002,15.54708541035102,1
13221,8.44707317228092,15.527019779354589,1
13222,8.447629697616959,15.520647727164773,1
13223,8.449640253696137,15.524713589263778,1
13224,8.456410236193271,15.539314340893553,1
13225,8.488331791446527,15.518322448689258,1
13226,8.528489318687965,15.5242629868604,1
13227,8.55429792816651,15.5186336373802,1
13228,8.515549354724259,15.514397067985433,1
13229,8.518572662446015,15.522108487496359,1
13230,8.605678505496243,15.54806348930963,1
13231,8.588269318200371,15.514655573212822,1
13232,8.570726696638967,15.542296332166947,1
13233,8.587906156219876,15.516091312985806,1
13234,8.579330678064427,15.536271625946297,1
13235,8.630136202748002,15.53080362243258,1
13236,8.652543948982423,15.553668334565547,1
13237,8.661087211692283,15.561158019136442,1
13238,8.624691249855246,15.525205023743522,1
13239,8.661434466911707,15.560781079618916,1
13240,8.677978351005107,15.513126105362446,1
13241,8.693148887312805,15.531465369425465,1
13242,8.682609213313148,15.549524411598934,1
13243,8.664451766857638,15.523939755723966,1
13244,8.769783698769123,15.516985734555321,1
13245,8.74105205355637,15.561120342833352,1
13246,8.752128391119388,15.529953888002469,1
13247,8.810598745237732,15.555809878339067,1
13248,8.7772249961386,15.525920092068912,1
13249,8.790707064750638,15.51649936811919,1
13250,8.8492105868832,15.53736177369107,1
13251,8.854104278513532,15.549081239240033,1
13252,8.912874225491155,15.558483468596666,1
13253,8.921026806776378,15.513431295512085,1
13254,8.921970176265852,15.522904076680378,1
13255,8.97988143069902,15.54681969024497,1
13256,8.977057702440614,15.548954477188579,1
13257,8.965491379616386,15.549598953952268,1
13258,9.03474671715272,15.554116456796507,1
13259,9.08471556530274,15.532898310916766,1
13260,9.11933670421634,15.525953487871886,1
13261,9.1054551132118,15.532102172052772,1
13262,9.195057495449037,15.539312067192078,1
13263,9.20183020980695,15.510879731573338,1
13264,9.202802700020515,15.556049874489627,1
13265,9.298528687377589,15.524417842445883,1
13266,9.290749362587658,15.51592077326967,1
13267,9.277135783188381,15.521271126727049,1
13268,9.328967182988963,15.525273994910163,1
13269,9.331156062190601,15.561069572308288,1
13270,9.32779700931624,15.557203641061086,1
13271,9.334444974041734,15.555482902355354,1
13272,9.340926589300263,15.549573256977812,1
13273,9.367895815143667,15.554980596019291,1
13274,9.40849450181969,15.535657818774455,1
13275,9.37868124118741,15.52358314653635,1
13276,9.37997612455272,15.54373604678367,1
13277,9.382830687464928,15.517120115607677,1
13278,9.46301363791877,15.547928452801235,1
13279,9.459623204559554,15.557222659411973,1
13280,9.45933611321738,15.510379185903004,1
13281,9.436416990991644,15.515446186718563,1
13282,9.428853706027581,15.527025559501359,1
13283,9.5034913685985,15.5461745750203,1
13284,9.485506630255232,15.545820646043342,1
13285,9.51576120551337,15.548375085351434,1
13286,9.476170074204836,15.535750610582099,1
13287,9.571689702477695,15.533900900117432,1
13288,9.542568921620408,15.534962239980091,1
13289,9.53675103790145,15.53675462591566,1
13290,9.574742929595374,15.527319267644327,1
13291,9.579024507360586,15.557543633976785,1
13292,9.687269770758155,15.518049549229186,1
13293,9.774773287579286,15.557299072168856,1
13294,9.74620958200134,15.520081979231884,1
13295,9.746072204815778,15.51270884388251,1
13296,9.81649306206748,15.515750657416612,1
13297,9.81982380119,15.51953008308865,1
13298,9.822413705948836,15.53895130349483,1
13299,9.826793032619346,15.529434800272083,1
13300,9.845968678902878,15.518477686565591,1
13301,9.874032931426875,15.560709703415078,1
13302,9.852556643135939,15.529949545565035,1
13303,9.883653745247754,15.551058339462253,1
13304,9.865341531896942,15.531691359218403,1
13305,9.906099945250931,15.536275967947002,1
13306,9.909525214734593,15.514032569565304,1
13307,9.905723585462628,15.529991165560377,1
13308,9.907246972409498,15.551837590852832,1
13309,9.918723239941535,15.556901241062063,1
13310,9.935311362606152,15.552534886214268,1
13311,9.974601787124728,15.5254307677806,1
13312,9.970393740124756,15.559574789766488,1
13313,9.97407543272043,15.559899425836718,1
13314,9.959290499792719,15.53772018550551,1
13315,9.990940748298062,15.54008496974326,1
13316,9.956539717095866,15.52059976428554,1
13317,10.044423250350814,15.547983659900932,1
13318,10.020132243239182,15.52022605754701,1
13319,10.02950969122809,15.540342915522718,1
13320,10.020667830848128,15.553147574688635,1
13321,10.045143898153896,15.551920410877303,1
13322,10.039080204010872,15.518644941545606,1
13323,10.063077737372774,15.546918548540177,1
13324,10.064108451292936,15.557212482640915,1
13325,10.09833324805911,15.550495977044154,1
13326,10.091235082984927,15.559922258309996,1
13327,10.06805015349317,15.52561067963804,1
13328,10.117471686641862,15.543416716875722,1
13329,10.14813134142302,15.555835221666031,1
13330,10.129591544976611,15.554505750087085,1
13331,10.16536716876303,15.53064218419324,1
13332,10.20681449397283,15.548531211275476,1
13333,10.264402290180868,15.532548183330952,1
13334,10.237466884924608,15.553462422706763,1
13335,10.24322301357646,15.542751459672479,1
13336,10.280011708047693,15.557393187307952,1
13337,10.27418634326196,15.543716145951299,1
13338,10.293353617383971,15.561310739975038,1
13339,10.355796955486428,15.547351298368435,1
13340,10.378099915473053,15.50881056155284,1
13341,10.423375908362896,15.524182803882326,1
13342,10.473305757595158,15.517401517041128,1
13343,10.474335150791346,15.55679853582579,1
13344,10.498195960852788,15.556529851305811,1
13345,10.50440137691407,15.541097529148995,1
13346,10.582512470254953,15.530264735614402,1
13347,10.564685697516328,15.538202743862403,1
13348,10.562962732135885,15.547877529973668,1
13349,10.637825221944912,15.539849762967362,1
13350,10.6082621010077,15.524027102822673,1
13351,10.594467145374416,15.508195382479249,1
13352,10.686385049353259,15.516914399633587,1
13353,10.688988937917717,15.525135145017197,1
13354,10.704587459451226,15.540384070616964,1
13355,10.738139615119206,15.531258270842127,1
13356,10.778325087063209,15.528539225285309,1
13357,10.791595647914109,15.5107394417274,1
13358,10.760723806148107,15.556686870079066,1
13359,10.795859748138314,15.551882487819192,1
13360,10.814389366819162,15.534268186722532,1
13361,10.821797085439915,15.522453709820997,1
13362,10.824385158205112,15.52967987433385,1
13363,10.866864966396092,15.54402809629859,1
13364,10.923985557744222,15.544603186198541,1
13365,10.957296676026958,15.545347888313186,1
13366,10.975731331465063,15.554287745204972,1
13367,11.01432720099274,15.541000101746205,1
13368,10.978530556691116,15.541285898671983,1
13369,11.012115213252487,15.52862956537094,1
13370,11.051772996182276,15.528407077300942,1
13371,11.045705516337566,15.528077617640287,1
13372,11.016699988853858,15.522517924456357,1
13373,11.09329017854999,15.54393073560459,1
13374,11.122398139710931,15.539094297946558,1
13375,11.12069871601376,15.511136073858806,1
13376,11.12928359501053,15.521571413177176,1
13377,11.123911470441955,15.537806400703454,1
13378,11.162885397450511,15.523128545943775,1
13379,11.195174266350534,15.544314130727974,1
13380,11.262540246574655,15.549085575346213,1
13381,11.313831195722898,15.554826325214373,1
13382,11.315454165647237,15.53749867808598,1
13383,11.302145449434546,15.556030698132687,1
13384,11.346214019753111,15.539489382260232,1
13385,11.373781278254464,15.541555361761137,1
13386,11.428442435185021,15.55497937416758,1
13387,11.41478288825285,15.556288120946805,1
13388,11.477727061906814,15.52282477188997,1
13389,11.45458585660037,15.529837525127329,1
13390,11.457725827513446,15.535830728586609,1
13391,11.51193450353911,15.557708539897272,1
13392,11.580981276634562,15.555303916597808,1
13393,11.651053484143642,15.551590871305667,1
13394,11.618196524211157,15.514261378265582,1
13395,11.681413018011087,15.53906219981736,1
13396,11.679333651721421,15.513689056480619,1
13397,11.70777291519308,15.540873815167567,1
13398,11.730328582633135,15.55449660347909,1
13399,11.720205997765316,15.521117870922277,1
13400,11.762552144054903,15.517122539053121,1
13401,11.772705994576173,15.529059801561324,1
13402,11.769446083685567,15.555160934401272,1
13403,11.808819495765103,15.556296062582732,1
13404,11.840601306478064,15.552922408733778,1
13405,11.843402492737,15.527763496403134,1
13406,11.87629919531166,15.553976123873847,1
13407,8.020508636786666,15.58469074156283,1
13408,8.013596917226895,15.574785973042548,1
13409,8.046045732430176,15.607788099026301,1
13410,8.050574638176911,15.566422837318314,1
13411,8.027414122869823,15.607420601263888,1
13412,8.058055834030045,15.603547083084923,1
13413,8.060209436054311,15.605492859984333,1
13414,8.075793750523207,15.57046615541888,1
13415,8.097489112081076,15.57726010177198,1
13416,8.124532484180843,15.585862378295522,1
13417,8.120394123783893,15.591474413394321,1
13418,8.146234719752197,15.572007680609127,1
13419,8.133491123432975,15.59529767475131,1
13420,8.188807575590706,15.574202072406985,1
13421,8.200210005189358,15.602953543682382,1
13422,8.188657092076275,15.565132480651744,1
13423,8.263849428817855,15.564111665672884,1
13424,8.241202509997676,15.577868938386137,1
13425,8.280893790163528,15.60249191577406,1
13426,8.265926098163792,15.570141986223586,1
13427,8.307495254126692,15.572634928175102,1
13428,8.299454387836223,15.576709590669479,1
13429,8.290656844362836,15.580678000414405,1
13430,8.293964212718112,15.58371518705911,1
13431,8.352245867628014,15.58530996819003,1
13432,8.35736091051505,15.59193062153829,1
13433,8.345629465173717,15.605528820060405,1
13434,8.384620268417146,15.589629568601238,1
13435,8.43894518822363,15.56630732846214,1
13436,8.447902070272947,15.593854295228338,1
13437,8.433488807651507,15.600774985993143,1
13438,8.397120767514945,15.591311962239182,1
13439,8.462342865776172,15.60781363482826,1
13440,8.48104581480133,15.603669146382337,1
13441,8.501639205719872,15.601718964255864,1
13442,8.449661123547756,15.567222273555323,1
13443,8.522682912855657,15.571113293415964,1
13444,8.505797859431835,15.60698650949128,1
13445,8.526968156727008,15.5732512160739,1
13446,8.512916462851287,15.585599467376754,1
13447,8.558964523421178,15.603685678555175,1
13448,8.572766298218312,15.561969339242024,1
13449,8.583053671150758,15.610188271047171,1
13450,8.564481041127404,15.578154252790121,1
13451,8.586138190054687,15.56335583003508,1
13452,8.647464154841828,15.58058308939599,1
13453,8.65563801131463,15.574086630051978,1
13454,8.65227722712459,15.600076958303724,1
13455,8.640256698479089,15.58531725200638,1
13456,8.64627603297508,15.60633797540885,1
13457,8.684801240054512,15.56982154056289,1
13458,8.664331423446091,15.566272224736007,1
13459,8.706789102101892,15.566234044519316,1
13460,8.708283636269632,15.611367908082595,1
13461,8.735728950356222,15.60723659373448,1
13462,8.749303527606463,15.587971793946798,1
13463,8.751277210552605,15.591549621709456,1
13464,8.74670719016546,15.613567168427727,1
13465,8.79534124035022,15.580859367954297,1
13466,8.797446054480591,15.59746771664109,1
13467,8.814081455321263,15.575825381757674,1
13468,8.77591261107427,15.585415382854013,1
13469,8.830029817902497,15.56239104228646,1
13470,8.838567538176052,15.605985006188135,1
13471,8.883034644907614,15.567875691379808,1
13472,8.911494697231797,15.583940243504193,1
13473,8.887835965728268,15.593692199318538,1
13474,8.971466782972074,15.605511866750241,1
13475,8.937833146097262,15.581457431904893,1
13476,8.983921553330372,15.588996250857692,1
13477,9.001296674965255,15.579868947593937,1
13478,9.063458123841471,15.599205532081035,1
13479,9.127350430352815,15.587447544526894,1
13480,9.240531519570157,15.599877179490651,1
13481,9.220577739541067,15.579539962533719,1
13482,9.296425771246952,15.589514818423327,1
13483,9.253078583282134,15.581814869277123,1
13484,9.277479272598534,15.599256157777422,1
13485,9.258534701042914,15.611337989409032,1
13486,9.352817105247643,15.570007148578885,1
13487,9.322455599850855,15.571589626041982,1
13488,9.31261204043268,15.57210931073701,1
13489,9.321940734295366,15.56682311804844,1
13490,9.351932110876357,15.599607349106671,1
13491,9.38120978594997,15.586122588192366,1
13492,9.361480509282783,15.590638375626297,1
13493,9.382625766662771,15.56156682457899,1
13494,9.393739283418178,15.566778100686149,1
13495,9.451271900753968,15.604330236351027,1
13496,9.452056433305126,15.601007006651935,1
13497,9.434242105791416,15.583801567054136,1
13498,9.414259288308157,15.59151234883308,1
13499,9.501107061017901,15.604612074122302,1
13500,9.474208413670905,15.590713079839944,1
13501,9.473771414361059,15.590581555597613,1
13502,9.47451125981892,15.608509346071463,1
13503,9.520974941654305,15.607156524185076,1
13504,9.554866855512236,15.60534743251859,1
13505,9.551058514070245,15.580985409047166,1
13506,9.603931411408402,15.564341554509596,1
13507,9.605551282725985,15.61096138378196,1
13508,9.595262042446262,15.587140234356005,1
13509,9.674043002685632,15.588403349489548,1
13510,9.645519558450864,15.561805669577318,1
13511,9.721357976314046,15.573603750915682,1
13512,9.726758199463625,15.612036431430456,1
13513,9.749779871936052,15.596012081332697,1
13514,9.741466640699025,15.563629558439693,1
13515,9.750845975429113,15.606551351151362,1
13516,9.802024539194734,15.599540216477676,1
13517,9.811912360877818,15.56792375262749,1
13518,9.830427654082895,15.569396491284225,1
13519,9.878746845101228,15.60278568387012,1
13520,9.886003710722465,15.57661951250067,1
13521,9.85769585560423,15.58416775854185,1
13522,9.91256563346925,15.60144092902996,1
13523,9.908094849708764,15.578839366567093,1
13524,9.93508336643113,15.571364542615662,1
13525,9.934623039774092,15.605795897028436,1
13526,9.97029513481223,15.60781005302939,1
13527,9.971451759462205,15.572915097740651,1
13528,9.988899888911833,15.5868056776882,1
13529,9.989613592092306,15.574703135923365,1
13530,9.966329453210234,15.61036585079994,1
13531,10.021213596433736,15.562045181623725,1
13532,10.015016492932444,15.607653073114081,1
13533,10.022097391772991,15.589159828170926,1
13534,10.0287799401832,15.588023234728645,1
13535,10.04928968913982,15.599573010035765,1
13536,10.08619198259138,15.56322928327875,1
13537,10.097469367277698,15.600349120594228,1
13538,10.106419311688802,15.57043812291458,1
13539,10.088754905587436,15.584053524556703,1
13540,10.119419767788381,15.607204583261677,1
13541,10.16019115862518,15.56970064153078,1
13542,10.129313589173682,15.581122812897783,1
13543,10.21348390287203,15.600086060458047,1
13544,10.187791855531072,15.591389121873434,1
13545,10.26129177968881,15.5999172519653,1
13546,10.244892761508957,15.570958007199875,1
13547,10.255930906801161,15.591572971976548,1
13548,10.269529814157453,15.603431694206764,1
13549,10.287265158830358,15.56518389449055,1
13550,10.313943341941957,15.60973028393445,1
13551,10.368335884825903,15.583650382304176,1
13552,10.347281671024911,15.586822910022347,1
13553,10.392364861913784,15.595344475299813,1
13554,10.396451125270987,15.576292827016065,1
13555,10.433227889480598,15.603346915327087,1
13556,10.46790661501956,15.575646687119063,1
13557,10.487687235037079,15.585876137766501,1
13558,10.48479645335591,15.575598394713685,1
13559,10.537052524718105,15.61418766727997,1
13560,10.553067667816135,15.56590537120947,1
13561,10.575922879377227,15.581482257684145,1
13562,10.604831333965173,15.61476775309682,1
13563,10.590618386081742,15.600241024352503,1
13564,10.592820568995391,15.608518199018869,1
13565,10.668189457380532,15.588372983665339,1
13566,10.719724471779116,15.577153432274871,1
13567,10.800356193813341,15.571571089137132,1
13568,10.778424823273976,15.574628158026083,1
13569,10.780547929696178,15.609420322862851,1
13570,10.812933100024107,15.585267956310574,1
13571,10.817688151378508,15.60735415841691,1
13572,10.840846675974868,15.579703352929219,1
13573,10.872706796608147,15.603814390806521,1
13574,10.94958085071344,15.573341309854923,1
13575,10.917874963989425,15.611284392725796,1
13576,10.994150911379279,15.56199364685688,1
13577,11.010209108829983,15.600069967866462,1
13578,10.994360098029242,15.60347718443589,1
13579,10.98584594120913,15.57871886733589,1
13580,11.041592014919235,15.613593978111503,1
13581,11.068508053112733,15.583168690873206,1
13582,11.03144743207384,15.580494635327296,1
13583,11.11881454038343,15.580552564229345,1
13584,11.078429994426626,15.601393209847087,1
13585,11.102135195678919,15.577995299878443,1
13586,11.165287222567523,15.594862099968285,1
13587,11.171832303853625,15.614475582232865,1
13588,11.16094155707179,15.585212268626515,1
13589,11.213224523254334,15.6057586917404,1
13590,11.185100534811683,15.605896502909161,1
13591,11.237978806537408,15.562612416379766,1
13592,11.294500959035146,15.61068028942045,1
13593,11.300167988480453,15.589585205249977,1
13594,11.313145929087593,15.611777672454915,1
13595,11.350501718839086,15.59531240374281,1
13596,11.37769660222235,15.601870635274418,1
13597,11.37784137292323,15.605082168745636,1
13598,11.410512660005626,15.581524593921612,1
13599,11.39570453624342,15.586447110884857,1
13600,11.452366109311482,15.591761078099282,1
13601,11.471669596945533,15.59044516960701,1
13602,11.521107443086166,15.590985739504285,1
13603,11.649796246480157,15.609889145456878,1
13604,11.681555429680929,15.563458003021879,1
13605,11.760336964740219,15.57557377523251,1
13606,11.756455047023225,15.574547290464153,1
13607,11.794299209005407,15.575926442744784,1
13608,11.799153691455329,15.611910627992968,1
13609,11.790158223079155,15.577397256728611,1
13610,11.851408325308723,15.60535557476232,1
13611,11.837934529374865,15.58607709902355,1
13612,11.915181497223971,15.59619396416068,1
13613,11.896544042705,15.584640811838597,1
13614,11.956858226905226,15.59596621819873,1
13615,11.971203980325907,15.603799993588407,1
13616,11.990480525050884,15.57750136394673,1
13617,11.997457691711176,15.572726812104813,1
13618,8.002786287761824,15.624491676609336,1
13619,8.016128283662143,15.641233762869586,1
13620,8.002453117416838,15.637875301101378,1
13621,8.040209645988991,15.662655633338344,1
13622,8.07206259645836,15.65555980400061,1
13623,8.029227653625648,15.657984393307839,1
13624,8.038441062229222,15.660890890411274,1
13625,8.027976546049477,15.644795647210051,1
13626,8.110392373343295,15.634372471274883,1
13627,8.12804867736146,15.664554065193617,1
13628,8.101687178464314,15.615909893890722,1
13629,8.133984395169493,15.621697279045085,1
13630,8.169773367624598,15.651145003323801,1
13631,8.182371580107452,15.644181588579569,1
13632,8.192474708086928,15.650200821267784,1
13633,8.272506947333145,15.630215632626726,1
13634,8.321348332192596,15.6345735871088,1
13635,8.36319237334403,15.637752354856481,1
13636,8.38086333465007,15.632032391820863,1
13637,8.380075560035182,15.624052781445037,1
13638,8.425258476815284,15.635366985055988,1
13639,8.407666908404448,15.628710285019839,1
13640,8.421793933032866,15.661530558889856,1
13641,8.415607814049674,15.641612967707555,1
13642,8.400289211973913,15.66079003912122,1
13643,8.46369101236726,15.641070037211668,1
13644,8.479127768538318,15.665807080036899,1
13645,8.485933413116568,15.629300932984481,1
13646,8.465803906092075,15.659911881032581,1
13647,8.486822821507895,15.661416380919226,1
13648,8.504551306518929,15.636661235136472,1
13649,8.52435553932114,15.66221435865236,1
13650,8.531599028752444,15.622786344498357,1
13651,8.57592642303965,15.616124195241326,1
13652,8.584174243380264,15.629170292658454,1
13653,8.59401387136219,15.643919925806175,1
13654,8.646172366296634,15.632745259548566,1
13655,8.653534618926928,15.662911710224263,1
13656,8.63458407855054,15.638614024934299,1
13657,8.653789877276726,15.629275899854253,1
13658,8.670084190612073,15.630382447461765,1
13659,8.704861968154205,15.6634677354617,1
13660,8.71080136791368,15.649006146177395,1
13661,8.688166528905906,15.621761895715833,1
13662,8.693901561092922,15.618658100686764,1
13663,8.72686662929457,15.643877978976288,1
13664,8.743544187726544,15.656388264617007,1
13665,8.759339746516178,15.618058794160701,1
13666,8.755116044421467,15.626198241552615,1
13667,8.716736807532488,15.660880780775308,1
13668,8.819177351159608,15.650321059461772,1
13669,8.772080062905578,15.666914305889604,1
13670,8.788197408569005,15.642283806742421,1
13671,8.822705062680331,15.644339029357132,1
13672,8.871680413961968,15.659277853990902,1
13673,8.863577816108824,15.659911627404274,1
13674,8.890128870712608,15.633642475235503,1
13675,8.9251020508484,15.631118882371664,1
13676,8.955561154655785,15.6220339651006,1
13677,8.96142881566028,15.649849458339302,1
13678,8.975472888914913,15.625207836169025,1
13679,9.034288461998951,15.640504534866231,1
13680,9.047725286142686,15.631986868400949,1
13681,9.1352193789281,15.642893695676984,1
13682,9.205721883752977,15.667146809048239,1
13683,9.246840004823992,15.638316120386179,1
13684,9.283354880997486,15.627267958293059,1
13685,9.268824128812007,15.618519625901124,1
13686,9.303331064987821,15.631754037815695,1
13687,9.260532436053058,15.623855222097093,1
13688,9.327342671547575,15.655011589174178,1
13689,9.316270690883838,15.663481289482046,1
13690,9.337475024439403,15.635040734810174,1
13691,9.338274383875328,15.658226314932104,1
13692,9.411270924020958,15.626418498077301,1
13693,9.387157512389422,15.648009372384202,1
13694,9.50397839779759,15.620287772348348,1
13695,9.512182991367203,15.619670200505093,1
13696,9.53807409100708,15.621902786787729,1
13697,9.545743117769938,15.643112955601843,1
13698,9.596223872475539,15.64902581985309,1
13699,9.59259896529531,15.620132639956031,1
13700,9.600359944768973,15.659229983661714,1
13701,9.6729251089715,15.663972433565997,1
13702,9.642039456607355,15.654834960345477,1
13703,9.71041320461188,15.62758799077583,1
13704,9.71936055865537,15.667905345627393,1
13705,9.688114939948854,15.633424719603376,1
13706,9.772721808196696,15.622243684776938,1
13707,9.752068868378094,15.626765657590928,1
13708,9.752258479950362,15.665486163380903,1
13709,9.834573603880253,15.618404576709876,1
13710,9.829526452360305,15.62358610689851,1
13711,9.80032247133966,15.617063195745578,1
13712,9.883227681572096,15.650499031808682,1
13713,9.867181166496012,15.654750491949677,1
13714,9.940361588299568,15.634516681999132,1
13715,9.933689020719866,15.635437444769334,1
13716,9.953160565064021,15.646533682364538,1
13717,9.951107668808477,15.664738310342248,1
13718,9.968971046201169,15.6600138046629,1
13719,10.022744073004462,15.646347390112215,1
13720,10.012106979837254,15.661381736852608,1
13721,10.03344654255947,15.648373841431962,1
13722,10.086324427515134,15.641442966632614,1
13723,10.102261319475847,15.63157690700882,1
13724,10.12032190508638,15.65537888544326,1
13725,10.148435268392651,15.657961539481061,1
13726,10.178415055936144,15.657761468821992,1
13727,10.206237123037583,15.639995457547636,1
13728,10.25594538387759,15.629589314384711,1
13729,10.236856222690756,15.625822514562845,1
13730,10.275379053224192,15.625482284021892,1
13731,10.296277891910155,15.66752354372388,1
13732,10.2931135287919,15.629218158076931,1
13733,10.371101564301247,15.627320583294427,1
13734,10.334040461510922,15.638838123234429,1
13735,10.41279092999692,15.653010619060845,1
13736,10.388873633375107,15.628069684934472,1
13737,10.452796657702823,15.619313170760249,1
13738,10.49426791094098,15.637989819401035,1
13739,10.484841397121167,15.615332604673846,1
13740,10.542363437415519,15.647394018814586,1
13741,10.556139991596442,15.657634631843273,1
13742,10.569656572547107,15.622187866238415,1
13743,10.620589836802562,15.662875276057028,1
13744,10.594916783886498,15.631639550377948,1
13745,10.591449257556462,15.654858608326888,1
13746,10.690278269826797,15.649673381703357,1
13747,10.69388569335323,15.631816487690863,1
13748,10.746606434916917,15.621808548744262,1
13749,10.733471487795748,15.628364161878169,1
13750,10.699205948656337,15.65225034467874,1
13751,10.767610207242905,15.63088707327711,1
13752,10.768236347900363,15.628859944871866,1
13753,10.763349696335752,15.65588956953253,1
13754,10.800816361003205,15.641872189105786,1
13755,10.820199414084405,15.637015004382503,1
13756,10.803375853409985,15.638905652781915,1
13757,10.832638182614351,15.623191908528273,1
13758,10.899605077607218,15.634269593259244,1
13759,10.891872178580556,15.654950649718252,1
13760,10.886433366643661,15.644752386830902,1
13761,10.915185804850875,15.617289218085105,1
13762,10.958772166742236,15.626785173843983,1
13763,10.929011093299893,15.641508621684524,1
13764,10.977835172500855,15.638745073367046,1
13765,10.979042621891207,15.666645491938858,1
13766,10.996874145656903,15.617339674633527,1
13767,11.049998594466551,15.643355202154156,1
13768,11.040386434077076,15.629902769441571,1
13769,11.090452081237908,15.664202966505908,1
13770,11.08132484968839,15.645599673079133,1
13771,11.151868608182614,15.639205269366835,1
13772,11.137662744290008,15.62580264377213,1
13773,11.13268957642395,15.655834738321714,1
13774,11.204355979253545,15.617975756771996,1
13775,11.186224718384373,15.630388672222017,1
13776,11.23010794091764,15.664733477436977,1
13777,11.323934239467151,15.638552193193854,1
13778,11.303426735681567,15.664387083802136,1
13779,11.382529048448964,15.644968128995572,1
13780,11.368736512192427,15.665190568796145,1
13781,11.401582770504712,15.664631286695984,1
13782,11.418181866795765,15.666965611685269,1
13783,11.479754045035484,15.653521927337158,1
13784,11.444261391330283,15.615740907772903,1
13785,11.530278027744277,15.644505716946115,1
13786,11.567258499686183,15.645950225918252,1
13787,11.652114920142465,15.656015883966909,1
13788,11.671334111821054,15.628414687854578,1
13789,11.695826165558257,15.651409449932295,1
13790,11.729321032663728,15.640390394462907,1
13791,11.74504904322953,15.66200603283218,1
13792,11.799507226886993,15.629878934214634,1
13793,11.796450481666286,15.62223493339508,1
13794,11.765730592744497,15.668437436464817,1
13795,11.823559170288505,15.663406259844972,1
13796,11.848086303574268,15.654383027912049,1
13797,11.82543408958178,15.637560082544544,1
13798,11.880954184333767,15.619212403589831,1
13799,11.878854630531347,15.650137068471796,1
13800,11.892395902299006,15.662523908059521,1
13801,11.936032248042903,15.61864147699977,1
13802,11.972000287220611,15.618369032602917,1
13803,11.938286906392731,15.636927743094255,1
13804,11.93682002557593,15.641356469647375,1
13805,11.996437316268672,15.665374931813348,1
13806,8.006514988356278,15.679650939081862,1
13807,8.004260499006666,15.697808372919917,1
13808,8.047883731339596,15.676998406494848,1
13809,8.028285171768779,15.701058853584309,1
13810,8.076305231500234,15.688498849181231,1
13811,8.115994591575035,15.6724637976238,1
13812,8.179604229814657,15.719309869628443,1
13813,8.158489204544342,15.721079400661136,1
13814,8.15736055212428,15.716381404447889,1
13815,8.220405317890767,15.71303789224519,1
13816,8.210029897709894,15.670791053406251,1
13817,8.194935488049943,15.7124834635067,1
13818,8.258777392384145,15.680730704201007,1
13819,8.264112300969535,15.67564518767399,1
13820,8.297368132866927,15.71580144504267,1
13821,8.312969372139312,15.693518863021486,1
13822,8.38598126597355,15.701924844422745,1
13823,8.394698130722192,15.70877634448938,1
13824,8.358325695710652,15.712941668982701,1
13825,8.44580380996794,15.669502389983803,1
13826,8.429368761557933,15.699654594570621,1
13827,8.411418909470994,15.703517985904764,1
13828,8.415804453675536,15.688180618732273,1
13829,8.496656305456895,15.71924257299254,1
13830,8.467370435327762,15.675670376156095,1
13831,8.495105151861326,15.712554398354262,1
13832,8.512361478052132,15.687123332169797,1
13833,8.532921283965234,15.697417159966973,1
13834,8.579665719651418,15.700636106010746,1
13835,8.568713752245467,15.692569810275568,1
13836,8.649366282254988,15.717119200020301,1
13837,8.662445432693888,15.688140265236969,1
13838,8.711132856130087,15.680003569171838,1
13839,8.665175406524394,15.714434870341458,1
13840,8.672028756677262,15.691771824183668,1
13841,8.740505327190606,15.687848019738745,1
13842,8.728242562542256,15.67258502313571,1
13843,8.769870074877902,15.69937513212068,1
13844,8.745556261210213,15.687553163053451,1
13845,8.809392887713319,15.695258405722017,1
13846,8.801757205161072,15.703702826287167,1
13847,8.816625884982388,15.711399847857887,1
13848,8.847615425404085,15.690425910526526,1
13849,8.842752718060842,15.672227190791176,1
13850,8.875930298411754,15.67002286383827,1
13851,8.905125183621163,15.693237133228747,1
13852,8.895776957613693,15.710283645623033,1
13853,8.960539882988048,15.707258352399654,1
13854,8.941043074932782,15.673709982348257,1
13855,9.02047612256079,15.678469399392535,1
13856,9.021562338800598,15.678046105706988,1
13857,9.044137949615266,15.721341942197986,1
13858,9.067751477734165,15.677509003614823,1
13859,9.131247139786705,15.678662643590345,1
13860,9.217072285343272,15.683297398771243,1
13861,9.29295805722005,15.674141030756523,1
13862,9.275069176197485,15.672520772472906,1
13863,9.276737124979562,15.678111751629324,1
13864,9.357969621572238,15.668745595542582,1
13865,9.333677569411728,15.712417867936761,1
13866,9.391728395128133,15.696917357594437,1
13867,9.423544400665723,15.71602382130328,1
13868,9.49842218176036,15.699116440940854,1
13869,9.53955682292751,15.708880477671983,1
13870,9.580792203188278,15.697539499328569,1
13871,9.666849101482013,15.71619045952404,1
13872,9.701691760583332,15.676128621703988,1
13873,9.679927857172453,15.69515464984877,1
13874,9.776738665935081,15.715546105413724,1
13875,9.75025200463081,15.671508285552303,1
13876,9.826884284715705,15.679845870454963,1
13877,9.807677122931196,15.694964836922296,1
13878,9.88681658188451,15.670741197171743,1
13879,9.861950263610083,15.714105868764117,1
13880,9.945674176665973,15.669441685116274,1
13881,9.917116010833965,15.694632081819334,1
13882,9.996629417669906,15.689512892974951,1
13883,10.030282086815369,15.698848513390587,1
13884,10.07926743962019,15.696161123576404,1
13885,10.079754204038826,15.67176660349276,1
13886,10.138174913356144,15.706782192838652,1
13887,10.154411747444986,15.713215508063628,1
13888,10.17750423735531,15.718450310164803,1
13889,10.199504883257129,15.697234117948016,1
13890,10.215574959424794,15.6972129692424,1
13891,10.320184226912543,15.675977168095821,1
13892,10.286926937775108,15.67231676806972,1
13893,10.324831895687703,15.72068443076171,1
13894,10.36457400211392,15.71882266390431,1
13895,10.418057427266985,15.713258806192847,1
13896,10.399057881364513,15.709614403322457,1
13897,10.460614307543356,15.677432489286993,1
13898,10.49025402871248,15.718568917975983,1
13899,10.515320535613105,15.679717510606558,1
13900,10.552505240191898,15.672990662077245,1
13901,10.553365150330297,15.69237539992598,1
13902,10.560150782680493,15.721476878185058,1
13903,10.595371917088217,15.692406639960195,1
13904,10.61710203185732,15.695384494733254,1
13905,10.692710375951266,15.720284009093808,1
13906,10.675425900609671,15.691476283088528,1
13907,10.707425731444424,15.691881432483267,1
13908,10.741114548659144,15.703671310772444,1
13909,10.730765168744599,15.689485830827552,1
13910,10.765039687682252,15.682530987049041,1
13911,10.784581065629013,15.71662297959763,1
13912,10.751935268541857,15.687558220148965,1
13913,10.836822860796005,15.673417152031181,1
13914,10.812913236141608,15.70532495466158,1
13915,10.90133352048356,15.702967069106666,1
13916,10.908208649293508,15.668800244994399,1
13917,10.93713660497565,15.709132033504227,1
13918,10.995411036466697,15.6940690768914,1
13919,11.15513284599062,15.690408233877834,1
13920,11.193148022966628,15.671488074100989,1
13921,11.215821572144334,15.70183884133924,1
13922,11.274427514464971,15.673505260164971,1
13923,11.33392634247897,15.718133372290342,1
13924,11.375853956060565,15.689693031767316,1
13925,11.337192982869203,15.669020393214742,1
13926,11.392991082663581,15.698565345139846,1
13927,11.391053789827536,15.717538641946616,1
13928,11.483686785300174,15.671891152688834,1
13929,11.527370932171136,15.693899988302798,1
13930,11.50334097479038,15.714694228777407,1
13931,11.601075117264601,15.684439104762484,1
13932,11.566987755271178,15.670921654937773,1
13933,11.623221618598908,15.721413145205124,1
13934,11.624107319928887,15.696126848232625,1
13935,11.680268469515461,15.677091588135166,1
13936,11.68026657232388,15.687910500435557,1
13937,11.728874354126273,15.708299995007394,1
13938,11.754700645792136,15.681786652211047,1
13939,11.750322681832753,15.700196951756409,1
13940,11.772180059612133,15.702043958703904,1
13941,11.769341574859265,15.713065999903732,1
13942,11.805525304654457,15.704482240393846,1
13943,11.822775300552076,15.720601350714322,1
13944,11.85606910917007,15.712383659309957,1
13945,11.819111292658995,15.682067069313291,1
13946,11.876954142580562,15.693923770063554,1
13947,11.923309439984134,15.67366867576506,1
13948,11.900096628772124,15.68759175116774,1
13949,11.939412649139388,15.705666833222924,1
13950,11.93608157912466,15.706376873387859,1
13951,11.946584833947385,15.716675936572319,1
13952,11.9752638209038,15.684411741027105,1
13953,11.989279059763845,15.693121159555018,1
13954,11.999323315333575,15.68559924997147,1
13955,8.053733597772231,15.731398464377715,1
13956,8.021490456101892,15.763526466870827,1
13957,8.035532139054428,15.75425374290029,1
13958,8.107891261257164,15.7224326673964,1
13959,8.095796258487974,15.74492710463904,1
13960,8.119773398273056,15.764964497621108,1
13961,8.08637877864774,15.726492825674727,1
13962,8.149831704301077,15.76683497193952,1
13963,8.166728783039906,15.740190718393938,1
13964,8.15660298885116,15.745315685752415,1
13965,8.160955622146643,15.763672134985011,1
13966,8.204215783150504,15.771787225194501,1
13967,8.196203337871072,15.768736869586697,1
13968,8.205288051186765,15.740236072736181,1
13969,8.223804077609628,15.773522717679423,1
13970,8.265973995778495,15.746804447185317,1
13971,8.241321925483966,15.756600099312832,1
13972,8.26893812307887,15.731985381320463,1
13973,8.245523875119074,15.757940939503984,1
13974,8.334161859233213,15.7229850665349,1
13975,8.32584357113963,15.753035270037886,1
13976,8.293754694725312,15.76141613472547,1
13977,8.361566970037261,15.72280439942403,1
13978,8.35233124547112,15.735628757887913,1
13979,8.378283389131974,15.746942784099971,1
13980,8.394963581944227,15.722126199360382,1
13981,8.415230499721762,15.77052191903801,1
13982,8.430551001431716,15.770690169047713,1
13983,8.423344953923783,15.725468017161736,1
13984,8.426012819357256,15.77506719247572,1
13985,8.495875725678596,15.727865407604385,1
13986,8.45883941056574,15.758054320809496,1
13987,8.47019559757875,15.761617397953433,1
13988,8.46903552125946,15.77376262691112,1
13989,8.524263329132392,15.772500491891925,1
13990,8.555113823174551,15.76139648777152,1
13991,8.544501641760194,15.746254311099287,1
13992,8.508332781877103,15.74146408781101,1
13993,8.581567947679915,15.74059816108308,1
13994,8.608140032088945,15.767434764565106,1
13995,8.565704856643078,15.730237023917852,1
13996,8.611759522986917,15.74667754757902,1
13997,8.609700589506737,15.768236538324386,1
13998,8.616152069416398,15.7263067422339,1
13999,8.699063075362496,15.770788160967234,1
14000,8.683963414247042,15.753058731886203,1
14001,8.708211220009364,15.743671636037186,1
14002,8.767895608364277,15.76208731822824,1
14003,8.718166225201296,15.739904621223397,1
14004,8.728729123027337,15.766344023031023,1
14005,8.74170895700856,15.738884924262521,1
14006,8.789816552954774,15.75080300370252,1
14007,8.797774043564578,15.754985290271112,1
14008,8.807296244315511,15.725802578832086,1
14009,8.82703370784894,15.75327167940622,1
14010,8.841562711565304,15.745745857495855,1
14011,8.858661665897959,15.728428729716736,1
14012,8.86980760807806,15.748557972192302,1
14013,8.877399567407492,15.753046924035472,1
14014,8.926988030585624,15.745976428771842,1
14015,8.912466843098448,15.732944729723481,1
14016,8.914536020112537,15.733105750896039,1
14017,8.945847559616174,15.7489133519001,1
14018,8.981738836009633,15.765005272697906,1
14019,9.034577779180395,15.768763503261669,1
14020,8.994873669229818,15.745002558491207,1
14021,9.041722005568143,15.737916798184996,1
14022,9.086021555722182,15.725113653188206,1
14023,9.091730774922592,15.73079698488909,1
14024,9.103654985194877,15.76389292377047,1
14025,9.15892368646895,15.745495091820949,1
14026,9.245056351115954,15.764474059109244,1
14027,9.27580300170512,15.73479723026094,1
14028,9.32856261191415,15.744351974703793,1
14029,9.394658734402709,15.759455529648248,1
14030,9.452282234968056,15.75365324904378,1
14031,9.47809317585302,15.729060270561439,1
14032,9.553298637602046,15.737300142203297,1
14033,9.617080281057687,15.749716254312487,1
14034,9.572593086675841,15.75808793798285,1
14035,9.64448741077015,15.75636324754998,1
14036,9.652059751346249,15.75927465198458,1
14037,9.720052232843017,15.76302289060131,1
14038,9.719451253161878,15.762758408895202,1
14039,9.749003414245358,15.742746083326205,1
14040,9.74432102324006,15.730996280616926,1
14041,9.824477311202596,15.751796136968984,1
14042,9.883621241931083,15.726028238355418,1
14043,9.859855949103544,15.767944313903271,1
14044,9.894854353143815,15.728028272232224,1
14045,9.908060908292368,15.773058759928754,1
14046,9.984780710708762,15.763068941596343,1
14047,9.954698407130472,15.740905772491864,1
14048,10.035589610006596,15.742561338820272,1
14049,10.010223336828702,15.736674484472621,1
14050,10.068379999790782,15.756071126483675,1
14051,10.089009242798376,15.763985024985178,1
14052,10.121879143839239,15.748708520612487,1
14053,10.159512875372274,15.769533590729665,1
14054,10.206250916518934,15.745457395837967,1
14055,10.212500297913962,15.765817475937505,1
14056,10.224911276717863,15.741473752833745,1
14057,10.248178989656937,15.734987747101854,1
14058,10.26811510803387,15.754109005410923,1
14059,10.307896004068628,15.743153467044015,1
14060,10.35730514445766,15.743318204254962,1
14061,10.342718882747603,15.757247111929315,1
14062,10.423098983770977,15.735794165469612,1
14063,10.407510864134707,15.771140594941155,1
14064,10.382497648217244,15.758710908980678,1
14065,10.43564436795257,15.76783855348538,1
14066,10.480204599525264,15.773794049252091,1
14067,10.430659496484369,15.764967426524093,1
14068,10.5171605311468,15.732811455493062,1
14069,10.527986217484898,15.754801370431574,1
14070,10.58745274891281,15.737887769951183,1
14071,10.537640536114838,15.7248255375792,1
14072,10.63127779759407,15.753595211204363,1
14073,10.648621210573024,15.768202475003015,1
14074,10.745838170124694,15.749606809211858,1
14075,10.7788576207017,15.748365774100881,1
14076,10.945453547515067,15.765181509045759,1
14077,10.966253086715957,15.743333653879452,1
14078,11.001209170660777,15.75111936867047,1
14079,11.062087745868359,15.735596539040932,1
14080,11.049598604121867,15.726200225721355,1
14081,11.107793968354224,15.737825663833787,1
14082,11.118162434990493,15.729838551060142,1
14083,11.181768193660702,15.724686168907596,1
14084,11.260535976231154,15.758856240393216,1
14085,11.285969538273541,15.743814158637264,1
14086,11.29345969904193,15.752471751836744,1
14087,11.365521378346607,15.752179456715163,1
14088,11.340095822444773,15.722834659259167,1
14089,11.357064608623784,15.741651888523268,1
14090,11.439264848692755,15.748325602701799,1
14091,11.424790692213811,15.771758355928148,1
14092,11.431403752032702,15.766214220811449,1
14093,11.497152401588753,15.751614283641187,1
14094,11.445938955338262,15.73020085536226,1
14095,11.50174430491663,15.75382748588567,1
14096,11.532446087448239,15.729020766912948,1
14097,11.597618951587268,15.729243635959202,1
14098,11.62928869842731,15.760399038317559,1
14099,11.609297396366431,15.771352734051808,1
14100,11.627431434119824,15.747404508064697,1
14101,11.667783287480907,15.765998573932725,1
14102,11.66165506418326,15.727092709874544,1
14103,11.672416931668801,15.72958189733547,1
14104,11.737478628807192,15.754223766510513,1
14105,11.72744585729219,15.740233984060644,1
14106,11.724620317794274,15.732352827379822,1
14107,11.79962131974693,15.741657212406576,1
14108,11.816420000943888,15.75301813325728,1
14109,11.870897979690788,15.763293403441255,1
14110,11.8523737373513,15.734655352105378,1
14111,11.92299102212788,15.7659015638303,1
14112,11.890709220826118,15.768683249449335,1
14113,11.901184210986735,15.737481204307718,1
14114,11.922469217213036,15.733716525725791,1
14115,11.949097694887872,15.769190465552583,1
14116,11.973315554692112,15.730072211234084,1
14117,11.947066437665724,15.767612730951177,1
14118,11.972556781620074,15.744938687353853,1
14119,11.996843281969431,15.725192520240226,1
14120,8.012144549326765,15.798507849511072,1
14121,8.011208420562635,15.786885914276835,1
14122,8.038256166173104,15.795348998857323,1
14123,8.058260275579393,15.793556575394936,1
14124,8.03826575007248,15.802609786246016,1
14125,8.045735787381158,15.814467836869284,1
14126,8.11660148122155,15.826389663380684,1
14127,8.124745449618754,15.805354217192171,1
14128,8.08494004369416,15.79915658528004,1
14129,8.126997803823121,15.813252482961358,1
14130,8.168815659876813,15.793187090019378,1
14131,8.134954518029906,15.777749088811852,1
14132,8.163064478340276,15.807019811585256,1
14133,8.227170486451497,15.779072352548921,1
14134,8.234091086896777,15.828792080815566,1
14135,8.216685479993421,15.812177144734292,1
14136,8.275274428899332,15.820580053088925,1
14137,8.282195142362433,15.779536033256667,1
14138,8.274273594893556,15.800087035094318,1
14139,8.336135255865274,15.788297218666633,1
14140,8.299790619441163,15.78725384040427,1
14141,8.32663295599882,15.816692133782732,1
14142,8.372262143499126,15.814797038915836,1
14143,8.357875995669712,15.793389670326583,1
14144,8.395069462912199,15.802728559226685,1
14145,8.364010223643664,15.777042835397186,1
14146,8.371009239712173,15.795706504922387,1
14147,8.411180039391049,15.784115562637526,1
14148,8.397180804591677,15.810300445640573,1
14149,8.410655725319602,15.779769288663521,1
14150,8.442205376469738,15.789756264843199,1
14151,8.399384886376222,15.797641299861814,1
14152,8.448297024112833,15.796873937680422,1
14153,8.495342300377454,15.78823598633616,1
14154,8.494620056425033,15.80844574068736,1
14155,8.485442738675927,15.78407528150836,1
14156,8.45021959501533,15.797628558560366,1
14157,8.483027252714876,15.786967720177815,1
14158,8.537427829636565,15.783824359799215,1
14159,8.504451560524378,15.780477024436728,1
14160,8.50493146780749,15.803177596004584,1
14161,8.563924807568869,15.818742347593089,1
14162,8.566545607518693,15.822230135295369,1
14163,8.558414596898098,15.804993960683506,1
14164,8.62207473142778,15.80356306742145,1
14165,8.6260615030242,15.813683302897228,1
14166,8.614390168332509,15.782754494844529,1
14167,8.674333147767424,15.811892441607457,1
14168,8.702578196168496,15.792809525834915,1
14169,8.67890149696092,15.81614239104903,1
14170,8.73925848619333,15.80742476292059,1
14171,8.731761754664278,15.786064751284666,1
14172,8.759556490299442,15.825599660681506,1
14173,8.765460934261686,15.824106489141437,1
14174,8.787675566382394,15.803673513674173,1
14175,8.791918003811768,15.775524523905332,1
14176,8.784631161668313,15.813358894083828,1
14177,8.785294226045803,15.82120156520066,1
14178,8.865268538312753,15.779689670152298,1
14179,8.826432761849617,15.778575792714724,1
14180,8.876623519568769,15.796580359918535,1
14181,8.856157197772486,15.804613684137797,1
14182,8.895181486387415,15.787309776452783,1
14183,8.908697804258265,15.824432975468879,1
14184,8.897430968328882,15.785721988863148,1
14185,8.922740163810305,15.810433462912105,1
14186,8.931271792386765,15.794182025863854,1
14187,8.956093448686465,15.801403464775793,1
14188,8.943109864466779,15.783790724971695,1
14189,9.02503877710588,15.801494863411456,1
14190,9.041210848663514,15.803499826572951,1
14191,9.12041179345801,15.791473512256934,1
14192,9.124877757666582,15.78294291655132,1
14193,9.150431020897745,15.818276833710813,1
14194,9.175246088645235,15.780899641173233,1
14195,9.209299978370547,15.781020471276612,1
14196,9.2051717436086,15.783255252048699,1
14197,9.293371156850284,15.828444849640213,1
14198,9.341695742854737,15.786288590382698,1
14199,9.404905649710287,15.81889949550054,1
14200,9.438717459476994,15.803115123795253,1
14201,9.51621152370371,15.781578587274204,1
14202,9.485929663705887,15.80361802898611,1
14203,9.55993595405303,15.814763597772492,1
14204,9.570616076389852,15.813154833275455,1
14205,9.580881741366229,15.798687880692986,1
14206,9.614786331018287,15.797020329505079,1
14207,9.64575151713703,15.823360011882915,1
14208,9.63411035903064,15.823238207127083,1
14209,9.636929564101628,15.786236158699708,1
14210,9.679622068779132,15.780926399943036,1
14211,9.727792608219628,15.787788255876,1
14212,9.741279014780078,15.784000408701345,1
14213,9.767764842082391,15.814824040480602,1
14214,9.81753800379818,15.817720287717442,1
14215,9.857411627826611,15.777485678008814,1
14216,9.944760182346986,15.821565265160014,1
14217,9.947973104734292,15.783399826789767,1
14218,10.053453368806649,15.806678440167207,1
14219,10.028243354332469,15.826826388507518,1
14220,10.061413938854182,15.784201501837773,1
14221,10.145244862191065,15.797446978272625,1
14222,10.147592004660073,15.82813002059339,1
14223,10.166901402463763,15.817767018807185,1
14224,10.162520712128678,15.828154288907397,1
14225,10.262878477732324,15.787459135217071,1
14226,10.254878291177773,15.796641003994933,1
14227,10.304824513938739,15.828011124207395,1
14228,10.288891488214766,15.803943213576392,1
14229,10.357809831254622,15.787515949955706,1
14230,10.371357139839851,15.804654083664659,1
14231,10.42479402139142,15.777948321947072,1
14232,10.390231995251481,15.795365453069305,1
14233,10.388823586037638,15.77776784059661,1
14234,10.460367933386692,15.799796906487177,1
14235,10.44588188890855,15.795284690097972,1
14236,10.447973061255022,15.803291069636712,1
14237,10.478356966064245,15.793654575827398,1
14238,10.496175699180355,15.794708701824328,1
14239,10.492446193974061,15.796245707584761,1
14240,10.487734244848415,15.82021492540392,1
14241,10.555495996439493,15.794837489427486,1
14242,10.573245234451466,15.784442711852043,1
14243,10.696452175824039,15.793888437418193,1
14244,10.748971576971526,15.825880822638947,1
14245,10.891197829056924,15.800452991819396,1
14246,10.865538554778077,15.810099216100413,1
14247,10.934047679875052,15.800562642160171,1
14248,10.929912371982875,15.822968484549719,1
14249,10.94415911501794,15.79911348028515,1
14250,10.979830345983544,15.777709500704807,1
14251,11.008885857325746,15.785880242200356,1
14252,10.999858806011678,15.811684708746263,1
14253,11.068364541663136,15.776171625551095,1
14254,11.069253762156057,15.7903026172988,1
14255,11.02626279645602,15.828443851427362,1
14256,11.065566065308312,15.79770839077387,1
14257,11.093739189871753,15.77591461374132,1
14258,11.09406780249084,15.799969551057709,1
14259,11.093924460116416,15.82682829035241,1
14260,11.125783956924511,15.796469673965701,1
14261,11.212315117022227,15.79270155656881,1
14262,11.241767641283252,15.818989223507344,1
14263,11.294025097850415,15.79137556790527,1
14264,11.288476815553883,15.810134445274292,1
14265,11.346824001858387,15.792919208476784,1
14266,11.370151621410358,15.791556053236759,1
14267,11.386196803702212,15.811715889372058,1
14268,11.430138252708794,15.795978160516977,1
14269,11.419770431454767,15.814145772358234,1
14270,11.435372890236424,15.825465465643466,1
14271,11.488798205211834,15.825913187741932,1
14272,11.459325078690155,15.778134306962452,1
14273,11.497123320494227,15.805095668880023,1
14274,11.542732963554425,15.782495935001371,1
14275,11.53386438822781,15.799406213336086,1
14276,11.575563123459201,15.791115086269116,1
14277,11.560803486955384,15.785917168655379,1
14278,11.632315656851032,15.788681631260213,1
14279,11.62468014858222,15.789623418208235,1
14280,11.636923886386256,15.77838772557554,1
14281,11.70644127326359,15.81227504334439,1
14282,11.68731257292452,15.80985924676141,1
14283,11.667186806481725,15.82605407495534,1
14284,11.694179528044279,15.82222989802598,1
14285,11.754991638277456,15.81664230477264,1
14286,11.736877197941729,15.790838219645874,1
14287,11.76363672363661,15.788558242302164,1
14288,11.747944722578632,15.825326528744997,1
14289,11.77961300941613,15.792723298212842,1
14290,11.767215344249609,15.825488783513759,1
14291,11.855206234114334,15.821724185337905,1
14292,11.822092293461656,15.784402379929185,1
14293,11.873699244104401,15.80221086382219,1
14294,11.87248901099129,15.793826266124338,1
14295,11.878709922518244,15.792907911883916,1
14296,11.903377030595996,15.79281388282072,1
14297,11.978068095696534,15.795690173554881,1
14298,11.973512204050614,15.818375490714002,1
14299,11.930312158322648,15.789520872019706,1
14300,11.948410008506624,15.799658380298675,1
14301,8.018786277595387,15.851936041698467,1
14302,8.007774199999258,15.848894993865773,1
14303,8.031852280159931,15.865003586144635,1
14304,8.044807036127493,15.879945307051017,1
14305,8.039239868987227,15.867324607034831,1
14306,8.05621300846202,15.85391721465004,1
14307,8.119326519678616,15.83196747048023,1
14308,8.0888573879819,15.834077953320321,1
14309,8.08277696186071,15.871706707708526,1
14310,8.176587751693697,15.853701806093401,1
14311,8.147542277250556,15.849227559744048,1
14312,8.225509864588899,15.831556893049497,1
14313,8.202787853382345,15.88100848108915,1
14314,8.281967152140767,15.851438922762062,1
14315,8.290359680817431,15.841027639790383,1
14316,8.291220593188893,15.863829507520903,1
14317,8.335415469510915,15.85514232033606,1
14318,8.344430916532758,15.86964470894799,1
14319,8.393696939749212,15.868549627060927,1
14320,8.36456425700968,15.875566422051323,1
14321,8.367533701924344,15.864459712865038,1
14322,8.375801176279033,15.848461025213421,1
14323,8.399469691757178,15.850053053383386,1
14324,8.396088781991931,15.843917664825959,1
14325,8.402008949867142,15.88224271262761,1
14326,8.438506985252946,15.87642119444449,1
14327,8.458848633335144,15.854207622010486,1
14328,8.487087033422187,15.867144074637052,1
14329,8.451353366073164,15.845016714520149,1
14330,8.555473188935796,15.873864784913458,1
14331,8.531401937000135,15.870945375716092,1
14332,8.572665623690074,15.843938600500936,1
14333,8.574579095909977,15.846145657625604,1
14334,8.56118840930917,15.873611152272147,1
14335,8.649642925565391,15.858574492817752,1
14336,8.637547755494541,15.861010686426509,1
14337,8.659194197870438,15.867185471371082,1
14338,8.706195033645786,15.869256617862199,1
14339,8.708294287158663,15.858219779295622,1
14340,8.714617367733377,15.874671920485236,1
14341,8.72383412180158,15.867737368030914,1
14342,8.73854152379028,15.867007398302869,1
14343,8.732066960859418,15.837609441171145,1
14344,8.728144145633891,15.860225323184116,1
14345,8.789954464309455,15.835204525036769,1
14346,8.77270440042984,15.848873296486689,1
14347,8.798224761240089,15.849087964376013,1
14348,8.80709989332114,15.853894488562819,1
14349,8.834168102673878,15.871777359474123,1
14350,8.852054252867237,15.831398479878278,1
14351,8.84797468772823,15.875178156292403,1
14352,8.909726194720053,15.837345711967478,1
14353,8.918696541773118,15.843102823992076,1
14354,8.903299470261496,15.830841574083284,1
14355,8.961248805088088,15.861260558564364,1
14356,8.952079139321558,15.8549249344873,1
14357,8.965118817295037,15.837166308324887,1
14358,9.029063345066735,15.854951215261528,1
14359,9.062668331008485,15.858444389515563,1
14360,9.13338717926591,15.86118034804518,1
14361,9.121168127340011,15.86754949540464,1
14362,9.192464530724237,15.87201214870508,1
14363,9.160065536292684,15.860385654981359,1
14364,9.23129044621379,15.84294177932629,1
14365,9.21975062744974,15.87019538475031,1
14366,9.299957010553943,15.861649221528424,1
14367,9.284215491840245,15.860627327859538,1
14368,9.311296853334802,15.853395747702281,1
14369,9.305590178002596,15.84124615802233,1
14370,9.36089957172174,15.853044802666052,1
14371,9.448197798082264,15.874491839130453,1
14372,9.416056706094077,15.873420492292484,1
14373,9.473794899801893,15.831341922148388,1
14374,9.496824764278259,15.851971943781928,1
14375,9.53982112640018,15.873610136260575,1
14376,9.546861933757738,15.86713910733736,1
14377,9.617241082779383,15.877526562047342,1
14378,9.576907498896222,15.844499274457101,1
14379,9.631640339436084,15.867743739690434,1
14380,9.628060456516563,15.839437007162237,1
14381,9.72650576346923,15.876031417341338,1
14382,9.728892835260165,15.858355434577593,1
14383,9.735992799943249,15.8481833714587,1
14384,9.743035667256843,15.842635952362576,1
14385,9.825938858793027,15.85737179036726,1
14386,9.849736901588505,15.851987869626525,1
14387,9.919132062665357,15.878214966292859,1
14388,9.981827126783523,15.839607829967827,1
14389,10.029126170156065,15.842536493676624,1
14390,10.087158610237111,15.876692674423195,1
14391,10.148593541343905,15.864784393517757,1
14392,10.162984337258655,15.873375700167946,1
14393,10.194808362404622,15.840738031011204,1
14394,10.251805828022253,15.868824849587892,1
14395,10.219636417965678,15.847981361101972,1
14396,10.309531394075778,15.866926327601249,1
14397,10.27591226037461,15.878618178757225,1
14398,10.348985685652787,15.877268361384722,1
14399,10.345303972990433,15.830484555191255,1
14400,10.423592751677727,15.856444149650732,1
14401,10.413641787585485,15.879005224097519,1
14402,10.400578842517621,15.872296026431288,1
14403,10.458733384998656,15.843612368537531,1
14404,10.47256295358131,15.838982249103692,1
14405,10.450673758435775,15.872371109379259,1
14406,10.487303196186899,15.869039070978278,1
14407,10.485920223478253,15.856660842949264,1
14408,10.53282972946323,15.835420392167961,1
14409,10.577977370134185,15.829522770756972,1
14410,10.58508213301617,15.87203217255823,1
14411,10.574576352279333,15.847559790821752,1
14412,10.604783547120453,15.835875260543947,1
14413,10.64148217695981,15.85686756387727,1
14414,10.673997047705747,15.850553117929245,1
14415,10.68284128789723,15.831645981448272,1
14416,10.714522507726112,15.836018264922199,1
14417,10.748351589059295,15.843839008369336,1
14418,10.747987420484028,15.841076867473571,1
14419,10.767933544096834,15.841122076840083,1
14420,10.763974745494076,15.834217834979095,1
14421,10.847614800454382,15.861333964829004,1
14422,10.807925746913101,15.869839091713851,1
14423,10.803507604029885,15.848701226985774,1
14424,10.90048492290351,15.862280351456835,1
14425,10.89855166984239,15.865710141250988,1
14426,10.857729945045863,15.861764981542215,1
14427,10.863583711566475,15.844670386726202,1
14428,10.914675208084955,15.86677748272704,1
14429,10.961376850467328,15.844646058672469,1
14430,10.924610754415957,15.83132283584887,1
14431,11.001351778850799,15.87768506110951,1
14432,10.982025553787166,15.856060892496114,1
14433,10.968389873019712,15.8382221957078,1
14434,11.04286295180722,15.85862712622818,1
14435,11.035388611924578,15.861165032791726,1
14436,11.042634764413112,15.870254535633997,1
14437,11.079280468100569,15.838136001122638,1
14438,11.115355280347513,15.872012130310193,1
14439,11.08137733214422,15.88077287049828,1
14440,11.081756857819201,15.833717629323715,1
14441,11.145622853961282,15.873363952383391,1
14442,11.131416244881477,15.870893815928449,1
14443,11.136728303993774,15.879156211967508,1
14444,11.22117027105742,15.8747982408397,1
14445,11.22707516115757,15.878150180228593,1
14446,11.225458800056122,15.851710914468667,1
14447,11.247612263715618,15.84585388640765,1
14448,11.283217343621855,15.874278771520396,1
14449,11.35495923843295,15.836063807918656,1
14450,11.388069365097952,15.84300191286507,1
14451,11.415006338171162,15.86213033086025,1
14452,11.403960100198217,15.847433002708204,1
14453,11.4069023243028,15.877875362239735,1
14454,11.454447973443154,15.856064131873046,1
14455,11.44820489840468,15.835720340740405,1
14456,11.532308436689648,15.833397351741885,1
14457,11.587979920043672,15.88221667452265,1
14458,11.599192700943304,15.865020399954352,1
14459,11.599413785554397,15.87342528359915,1
14460,11.647987447183285,15.842632752359895,1
14461,11.61962793580801,15.850966527080805,1
14462,11.650780670005036,15.879861397455455,1
14463,11.635581003739278,15.84608438711415,1
14464,11.667065044584367,15.870269833831479,1
14465,11.702934136372281,15.842285873674165,1
14466,11.662321027509021,15.867887889249337,1
14467,11.691312772158259,15.86950126909585,1
14468,11.747476523371267,15.849914763610926,1
14469,11.747065048816125,15.848366237782566,1
14470,11.725490827532736,15.83082703880544,1
14471,11.734953698001743,15.850608041151345,1
14472,11.797748017497346,15.849866972477727,1
14473,11.788397059964348,15.877599385968704,1
14474,11.778847314656886,15.857149431558216,1
14475,11.798199326108522,15.8792709409068,1
14476,11.8566026070808,15.833373540804832,1
14477,11.843289328731414,15.841597721526727,1
14478,11.863791526026919,15.83085106821365,1
14479,11.912252911389551,15.878756602474555,1
14480,11.896846399444755,15.853418956439992,1
14481,11.914596480390012,15.8582218476316,1
14482,11.924042683741614,15.846480461439699,1
14483,11.92798475901809,15.85445765250692,1
14484,11.975650411479302,15.834859764894357,1
14485,11.966058395815299,15.866524350621335,1
14486,11.951832230311666,15.829445632904536,1
14487,11.996882686131823,15.876351225837611,1
14488,8.051228799230884,15.91683035048743,1
14489,8.071770377452063,15.903349706118997,1
14490,8.072295318367471,15.91078795669538,1
14491,8.029406932218619,15.919617125285187,1
14492,8.098179339969692,15.882670166638416,1
14493,8.099150791429022,15.919296103735178,1
14494,8.07539810159475,15.883932921022781,1
14495,8.165648137863666,15.900162870136525,1
14496,8.166480005612833,15.904321556026558,1
14497,8.22158625444039,15.894017962155964,1
14498,8.229394763999613,15.884738772037581,1
14499,8.282008365411178,15.918735114373677,1
14500,8.265480719569549,15.88752053269938,1
14501,8.337406163493089,15.927814775806812,1
14502,8.33897516551503,15.917258461527826,1
14503,8.363058966188824,15.913217292687092,1
14504,8.393997860711375,15.930668178649892,1
14505,8.423462798831702,15.924979183232825,1
14506,8.43618474508238,15.924748682283724,1
14507,8.455071862654252,15.908887494868718,1
14508,8.514269593145203,15.927543357348137,1
14509,8.514904393514845,15.92408888926131,1
14510,8.60113032790519,15.90600811320912,1
14511,8.59329648123148,15.928902631939316,1
14512,8.61246100173211,15.90803251237985,1
14513,8.662622709728288,15.926055869253846,1
14514,8.66573249086138,15.916382992945115,1
14515,8.697862441462032,15.926863536211608,1
14516,8.717444655452137,15.887035812877874,1
14517,8.766408463327897,15.920628712538718,1
14518,8.743707594304578,15.932208978623631,1
14519,8.787648465210138,15.90972887137828,1
14520,8.778720752326212,15.935823355538297,1
14521,8.841043062777235,15.886279899360641,1
14522,8.839767011160339,15.912925812201843,1
14523,8.895964091376465,15.916784363703352,1
14524,8.923565877819224,15.903628652977062,1
14525,8.951280102965368,15.901667902511539,1
14526,8.933007299086043,15.89047204380245,1
14527,9.028736489575843,15.895386758275796,1
14528,9.04978788751507,15.904241494879994,1
14529,9.142762002784407,15.930441643355888,1
14530,9.148494773541715,15.905273971469557,1
14531,9.15236536081719,15.911895376369348,1
14532,9.221742200090917,15.916335315998126,1
14533,9.23189319283941,15.888430750391489,1
14534,9.301398377057488,15.883919072827227,1
14535,9.278565505224961,15.892020581218583,1
14536,9.304961159300655,15.90630640999946,1
14537,9.348421746294585,15.917970868150405,1
14538,9.398157422895803,15.913050244760262,1
14539,9.396586823840941,15.898837262701154,1
14540,9.451785245493078,15.930928205803243,1
14541,9.431520176452459,15.884823193619564,1
14542,9.419798500714556,15.926387671874641,1
14543,9.515256073531193,15.93101058248595,1
14544,9.488237396599802,15.885465368682942,1
14545,9.511042834683675,15.91090667842619,1
14546,9.541123160636262,15.914665233631423,1
14547,9.591130227390073,15.929268552649507,1
14548,9.611131890278305,15.934455768517841,1
14549,9.63191599147632,15.907493473155817,1
14550,9.6527295842653,15.906591320106456,1
14551,9.689235308095295,15.925892175699753,1
14552,9.718593473149172,15.913315112792665,1
14553,9.740640219379692,15.910771090936947,1
14554,9.736108262001808,15.931498306249312,1
14555,9.816827491555076,15.908447517447902,1
14556,9.813594495317357,15.92872198623946,1
14557,9.877188989071827,15.901625387977093,1
14558,9.929713969085844,15.915250158220205,1
14559,9.985759941937463,15.902059548453867,1
14560,9.980797047433873,15.899388214950463,1
14561,10.051588023111549,15.898250871972845,1
14562,10.009466478296593,15.900277942079926,1
14563,10.0587075226435,15.930224826904439,1
14564,10.081093838257026,15.890195269199193,1
14565,10.13875910884827,15.934530174816658,1
14566,10.153790103939704,15.886483952356544,1
14567,10.168520946292508,15.90311988948823,1
14568,10.19830298109112,15.907255888292541,1
14569,10.229681128979912,15.918249259703856,1
14570,10.23008091828224,15.896675744433969,1
14571,10.226894013825985,15.925413718490582,1
14572,10.292257749647382,15.915669379104544,1
14573,10.308268768980712,15.904097722711187,1
14574,10.288630291804454,15.896465764650838,1
14575,10.336274322364355,15.91640370770048,1
14576,10.35847080469508,15.883785123480404,1
14577,10.395021982500928,15.917109132540878,1
14578,10.40472157033499,15.918240462983293,1
14579,10.430160551677119,15.933483635165937,1
14580,10.452390931157328,15.9325192451239,1
14581,10.436706715014548,15.893713490920058,1
14582,10.524435738210142,15.928204038833094,1
14583,10.512256541642492,15.910061229568734,1
14584,10.501826967131219,15.91874100021223,1
14585,10.54929635289255,15.890523310791055,1
14586,10.55985527861688,15.888410677202035,1
14587,10.578686336929204,15.902623239217798,1
14588,10.59992768800188,15.889705000979049,1
14589,10.639793842080659,15.89426766879385,1
14590,10.621308635899005,15.908175838101428,1
14591,10.688557649312168,15.922177807583537,1
14592,10.68324383053036,15.904508809983351,1
14593,10.650381101773444,15.900894556144705,1
14594,10.742399281185923,15.89188776899232,1
14595,10.700420485185207,15.906048526642138,1
14596,10.735439932323366,15.93414704319928,1
14597,10.76240370997516,15.92153086475737,1
14598,10.748946107168697,15.884501249318395,1
14599,10.814678164595806,15.882533431648097,1
14600,10.85153442046922,15.883776564307782,1
14601,10.806413454139992,15.916172830775334,1
14602,10.818465458819853,15.90575086577593,1
14603,10.89924441889223,15.9265172806454,1
14604,10.873863024687047,15.90203453470384,1
14605,10.869028477453982,15.89001817559909,1
14606,10.861225289198243,15.911367095136146,1
14607,10.960597684694456,15.922792873679898,1
14608,10.938400189101795,15.92640293025809,1
14609,10.923551446124236,15.930954865226717,1
14610,10.982911578035749,15.920528433000884,1
14611,10.968637338254537,15.897088518772799,1
14612,11.063793290139254,15.920125486148912,1
14613,11.062763099443801,15.917821584598478,1
14614,11.053313173717237,15.911602292000955,1
14615,11.107849638803796,15.902404051792612,1
14616,11.088399708161536,15.915817023662761,1
14617,11.107429582986503,15.93112262920721,1
14618,11.165899643059676,15.888370703831013,1
14619,11.168805684340773,15.924129845687377,1
14620,11.125185930099676,15.917303860549579,1
14621,11.224187022318938,15.908998164377612,1
14622,11.192267792911682,15.887717213234108,1
14623,11.213227170331825,15.912513183340323,1
14624,11.23535614121493,15.901055067796376,1
14625,11.244446585688276,15.897438116709452,1
14626,11.281303586410958,15.935452929304141,1
14627,11.37957970231147,15.901915926867584,1
14628,11.378450443475504,15.918115060712532,1
14629,11.422794771121655,15.897041700141802,1
14630,11.437192807849435,15.91665301907087,1
14631,11.552548812836573,15.915467307168582,1
14632,11.600290018800253,15.920428921982271,1
14633,11.605406680774568,15.916217314220848,1
14634,11.631286561839294,15.893008118757134,1
14635,11.634755286171536,15.926486422216389,1
14636,11.650369184819658,15.9021318781043,1
14637,11.664914234349812,15.920101530075293,1
14638,11.668077947940978,15.904192913144081,1
14639,11.658051309126131,15.926901471127461,1
14640,11.740795403508065,15.934975180404383,1
14641,11.735139724225155,15.898752771749326,1
14642,11.720692953871119,15.904836929497257,1
14643,11.802751540785733,15.882434549484357,1
14644,11.765304627977823,15.931743114381508,1
14645,11.788765425423243,15.890875776361336,1
14646,11.765075919503861,15.933400992763515,1
14647,11.822120454068697,15.925501238193164,1
14648,11.828272278202286,15.899314534235609,1
14649,11.839537569398637,15.934435981768695,1
14650,11.838735183314403,15.898193224803986,1
14651,11.892374894491414,15.927517565300258,1
14652,11.923753367571477,15.930677838628622,1
14653,11.873844592423895,15.909262679110558,1
14654,11.918263308329395,15.915215369869678,1
14655,11.978047444591517,15.89403244914371,1
14656,11.963964495179706,15.925443113884048,1
14657,11.974735706593624,15.909805767492601,1
14658,11.972376127406855,15.920922091854496,1
14659,11.98555828507459,15.906453877152275,1
14660,8.01161449091893,15.975142786171185,1
14661,8.002605544468933,15.959008788565624,1
14662,8.069483903258508,15.984704607404538,1
14663,8.032989517737297,15.952475205305696,1
14664,8.052419286021001,15.944194717154733,1
14665,8.031744699129602,15.965862080566916,1
14666,8.116405295457932,15.954780148671432,1
14667,8.079276461896926,15.940592366788321,1
14668,8.085081609024979,15.955388691381389,1
14669,8.13702882376707,15.987447257945124,1
14670,8.143121140265027,15.961885349757114,1
14671,8.201677306791693,15.984535677264647,1
14672,8.183878955674862,15.945497451317697,1
14673,8.28240877013593,15.986810932570815,1
14674,8.267668019996547,15.967551734417164,1
14675,8.336382126293914,15.937560505790243,1
14676,8.319388206969993,15.950173262093163,1
14677,8.368832378665461,15.940350402614014,1
14678,8.373618732544315,15.936890142483179,1
14679,8.411084996282728,15.952445784904006,1
14680,8.436489316738895,15.937043137202103,1
14681,8.47789494163884,15.942770677223711,1
14682,8.46847748798658,15.976651940491266,1
14683,8.536953810685167,15.942523392056673,1
14684,8.510743641996758,15.949746898379177,1
14685,8.59982495951132,15.955161273671491,1
14686,8.58431225309904,15.96248853500037,1
14687,8.619851550068741,15.962185252701609,1
14688,8.644468421106952,15.975764458292042,1
14689,8.697452251457321,15.947181257869499,1
14690,8.688468849824401,15.937018524190623,1
14691,8.735019921166002,15.944425644617507,1
14692,8.762105358387618,15.93825569861236,1
14693,8.805171247194608,15.981191744885697,1
14694,8.812425264971512,15.960267314388808,1
14695,8.834088741566797,15.947546194629565,1
14696,8.871536906671954,15.939179139958421,1
14697,8.897100180803017,15.963615465987692,1
14698,8.903757274081059,15.957701177652051,1
14699,8.948015793102547,15.95446986199439,1
14700,8.940699841279844,15.98438218702597,1
14701,9.015243950340402,15.940286465557595,1
14702,9.018703176537576,15.980815797958218,1
14703,9.107821275882404,15.975328570697817,1
14704,9.196680397376301,15.980444655114347,1
14705,9.238616751655254,15.950600299344984,1
14706,9.250370875057888,15.939913002078507,1
14707,9.281080827532755,15.979232672326324,1
14708,9.293484083558448,15.977427073197562,1
14709,9.34740221419215,15.9859089885015,1
14710,9.354108688281741,15.939163846366345,1
14711,9.389683193610031,15.962806127643729,1
14712,9.367772877805681,15.987859598739957,1
14713,9.419526414424542,15.938114083978249,1
14714,9.462873227521513,15.966109896486175,1
14715,9.435244243006597,15.949015286083467,1
14716,9.470087987787995,15.950775309693379,1
14717,9.503852804085998,15.943210008565567,1
14718,9.478262392245954,15.97010713392294,1
14719,9.533262613644844,15.976625482055589,1
14720,9.620712779660257,15.972548224836615,1
14721,9.630742920175972,15.972123220944583,1
14722,9.671381574370919,15.978779927462973,1
14723,9.725219579687224,15.984956364534575,1
14724,9.687472263205182,15.984994465578904,1
14725,9.718102961199243,15.936359111022119,1
14726,9.747482690282894,15.967235477629504,1
14727,9.761562004048594,15.962429681808183,1
14728,9.809887027131335,15.942692624642355,1
14729,9.848895941328236,15.967788752028145,1
14730,9.905302649609824,15.985953406340412,1
14731,9.893739963793625,15.96262694981538,1
14732,9.957920796122702,15.947728667657785,1
14733,9.962238533432673,15.985586080128696,1
14734,9.958174800498353,15.955308687429742,1
14735,10.036911515617755,15.97366337998154,1
14736,10.018551645567909,15.953230487796075,1
14737,10.008922519847777,15.980437630691506,1
14738,10.102845523286698,15.961016094309512,1
14739,10.064434017529663,15.974447348568752,1
14740,10.056272559558714,15.950210314303153,1
14741,10.123901603831037,15.988954708425467,1
14742,10.158129252331582,15.9449721513655,1
14743,10.183065038549703,15.962950883430052,1
14744,10.191778517909407,15.95844386514399,1
14745,10.217534371133844,15.980542227341154,1
14746,10.217808212552324,15.952056977539408,1
14747,10.236820303016081,15.968393731653288,1
14748,10.28751411570219,15.939133272025668,1
14749,10.277210180509739,15.96655513709636,1
14750,10.277184724050512,15.987896789017077,1
14751,10.335844243631414,15.95860136883315,1
14752,10.333880182443473,15.950791303057057,1
14753,10.409328939614628,15.941657702738688,1
14754,10.407722221301524,15.984407479286205,1
14755,10.38275917765063,15.983055922187443,1
14756,10.46461218873994,15.94973059286088,1
14757,10.468909726010487,15.959462519052586,1
14758,10.431997255119777,15.946083993510074,1
14759,10.514801795202827,15.953286809015479,1
14760,10.498436754525382,15.982898892357548,1
14761,10.523294695155839,15.936320483070194,1
14762,10.54623398377395,15.946985170946737,1
14763,10.545953857300255,15.965203653787931,1
14764,10.5554239450634,15.966391005133769,1
14765,10.62192515331094,15.973060034325002,1
14766,10.632478188572652,15.962101337535811,1
14767,10.60682986100458,15.9770798607087,1
14768,10.679000134014865,15.95413485753228,1
14769,10.673877691724321,15.97703331658752,1
14770,10.674201137325165,15.970266288119253,1
14771,10.64423870327372,15.969058395159468,1
14772,10.727537596716367,15.977643117726835,1
14773,10.718779583240527,15.957301723973062,1
14774,10.745733047985134,15.983528824279215,1
14775,10.765076374400712,15.980947714597944,1
14776,10.79045395615645,15.981497029892829,1
14777,10.760935030178892,15.962300288666073,1
14778,10.823289781065395,15.942526863098525,1
14779,10.85483021884276,15.954425912610079,1
14780,10.854823038326037,15.942687106288677,1
14781,10.8941090508726,15.966288241037873,1
14782,10.884549029965848,15.945953772711142,1
14783,10.868125034884748,15.943432970980467,1
14784,10.861225368761055,15.936211710652607,1
14785,10.942105691162732,15.963544765866507,1
14786,10.938452421310718,15.972647515361249,1
14787,10.911903142236405,15.938575604628017,1
14788,10.939410786828082,15.987271391675687,1
14789,10.982840899488082,15.962172210627141,1
14790,11.003643775854881,15.962245135345823,1
14791,11.03849231667203,15.983790290594992,1
14792,11.020752907213526,15.958423055523793,1
14793,11.042623012546274,15.967395173177898,1
14794,11.116606414391017,15.984443523514463,1
14795,11.105242017102409,15.957817645434426,1
14796,11.112865658671991,15.979045687726021,1
14797,11.128362489520718,15.93632717191089,1
14798,11.139847030959043,15.93810716264062,1
14799,11.220918647343716,15.967987191861317,1
14800,11.228644084418768,15.979352029259255,1
14801,11.18802615282654,15.979352746862629,1
14802,11.248506567727588,15.937304436582073,1
14803,11.241265230678797,15.969715370072844,1
14804,11.27969078122581,15.968628451527266,1
14805,11.291598950596752,15.940421793236702,1
14806,11.357555372761816,15.987951248738412,1
14807,11.339839465260631,15.984403002139736,1
14808,11.418246060156958,15.98075469464884,1
14809,11.43011297171793,15.941906783099531,1
14810,11.573111057586129,15.950844791549143,1
14811,11.651706034203082,15.987659020270732,1
14812,11.63079153395848,15.986241346482608,1
14813,11.688591256249994,15.965295592389225,1
14814,11.68781958397812,15.937271770238457,1
14815,11.66366605335634,15.938058929260515,1
14816,11.741221886512728,15.94503620759725,1
14817,11.744275722762241,15.98719467463817,1
14818,11.718328165197406,15.979183379102821,1
14819,11.776441040266901,15.939449613630346,1
14820,11.810247256296686,15.962575789981896,1
14821,11.817992450130943,15.955838518181194,1
14822,11.840150732663332,15.972704752400462,1
14823,11.83032994201272,15.942475535200192,1
14824,11.864673063280247,15.958528322705511,1
14825,11.900426787696361,15.965421138841416,1
14826,11.922135231344535,15.987145639024089,1
14827,11.878975364731417,15.959698224557501,1
14828,11.889633704740467,15.976082127450397,1
14829,11.960357921726958,15.956476321725884,1
14830,11.96305863168139,15.979079559489323,1
14831,11.966891289222344,15.966772054687299,1
14832,11.985118074462669,15.936097486476351,1
14833,11.986234875684467,15.949616003973379,1
14834,11.989947224383492,15.968439128586684,1
14835,8.019086646378552,16.00174014712286,1
14836,8.00155956178073,16.01688943469343,1
14837,8.032484675255205,16.029867476539355,1
14838,8.047759756212852,16.025777051097762,1
14839,8.09028296951591,16.03447133159708,1
14840,8.095966223112889,15.994349955030694,1
14841,8.179558681590425,16.037676938002168,1
14842,8.129287091595016,16.01606145315134,1
14843,8.231884287109564,16.01195735487613,1
14844,8.212567328867959,16.032979500066595,1
14845,8.252559918393692,16.036512621950177,1
14846,8.260682428543914,16.02477859483754,1
14847,8.327137955462112,16.029229927875743,1
14848,8.305852421553496,16.02379996403087,1
14849,8.36910582132598,16.001702166562403,1
14850,8.3610451308718,15.99525831446842,1
14851,8.399754170937074,16.02360200220636,1
14852,8.427972732490304,16.019474408957777,1
14853,8.468536884532448,16.03312223500193,1
14854,8.485018927708856,16.01132719614155,1
14855,8.550634644857663,16.007355336220723,1
14856,8.524915137141926,16.02404936179812,1
14857,8.558779397652158,16.001016696410474,1
14858,8.559047593571389,16.03618896907894,1
14859,8.586595704957043,16.008524050257407,1
14860,8.620239679925469,15.996456700743536,1
14861,8.631718874662994,16.007484189398134,1
14862,8.62667819851304,15.995965857541718,1
14863,8.674980182793005,16.026301000906972,1
14864,8.67650636684499,16.015305820650195,1
14865,8.759048768010281,15.996178635475106,1
14866,8.752997984652522,16.0242886512947,1
14867,8.785997051367062,16.023441979751283,1
14868,8.799919808508655,16.037579215906803,1
14869,8.815303906103049,16.013303044937246,1
14870,8.8455583992478,16.02987298834594,1
14871,8.871922902444757,16.0116846535282,1
14872,8.866358500289584,16.0235024002427,1
14873,8.882694838022353,16.04021982592655,1
14874,8.91261331018683,16.03824795327756,1
14875,8.952476545219575,16.030448443068646,1
14876,8.958623106996642,16.008477158988338,1
14877,8.951269463944485,16.039738585330966,1
14878,8.988416382702503,16.03069532998708,1
14879,8.998453126219152,15.998717184166512,1
14880,9.063351756488425,16.008063003259114,1
14881,9.1707871197851,16.001482244509525,1
14882,9.229394147317127,16.03210781141927,1
14883,9.243086818429507,16.042503203039647,1
14884,9.278213967115123,16.027007640130112,1
14885,9.267559556100439,16.015302407915424,1
14886,9.341196639087835,16.00982870820128,1
14887,9.319502732826626,16.031183583306834,1
14888,9.38660480844831,16.001559192374273,1
14889,9.371740352272026,16.037412483392607,1
14890,9.416160838479094,16.00698509677393,1
14891,9.425686398282409,16.02009922953283,1
14892,9.483702201355346,16.037076195081855,1
14893,9.478201454596377,15.991738956202349,1
14894,9.485141649147248,16.03243287333562,1
14895,9.529782370358433,16.04275981824442,1
14896,9.519862127761355,16.02961740480326,1
14897,9.61600211223987,16.035757424835094,1
14898,9.582937256465362,16.02522217285284,1
14899,9.642611305810012,15.99011571882767,1
14900,9.663377248403663,16.031240229032402,1
14901,9.72958351168498,16.039743121870845,1
14902,9.71698223355109,16.027425222079007,1
14903,9.758657610102683,15.997243432165739,1
14904,9.785210177638886,16.010674765219346,1
14905,9.787557701825456,16.040582416310766,1
14906,9.855248919194,16.03680428375835,1
14907,9.923495107856501,16.024366924489915,1
14908,9.908248209225324,16.028399177616542,1
14909,9.981492749173485,16.017217173672897,1
14910,9.946839837484175,16.00457507547636,1
14911,10.035005219002084,16.03809499533152,1
14912,10.029405283360866,16.01958065173098,1
14913,10.09506999398264,16.039513814816633,1
14914,10.07451791041385,16.030324386934705,1
14915,10.107247448021976,16.02982601112337,1
14916,10.113910258975945,16.010347774475054,1
14917,10.177719331529122,16.008745260055132,1
14918,10.168399786511046,16.01732777052672,1
14919,10.184752897618537,16.00463639922753,1
14920,10.238859229036944,16.02286870542928,1
14921,10.25182552490933,16.003810608604034,1
14922,10.272157890191028,16.020564909139896,1
14923,10.304958937508202,16.020307303517182,1
14924,10.352090999375653,15.98934496533005,1
14925,10.361967946283356,16.01828376208582,1
14926,10.399514345966358,16.00751775373499,1
14927,10.376439489960992,15.998118827593842,1
14928,10.385432299641149,16.003517247511837,1
14929,10.441312486861621,16.01779297441641,1
14930,10.448757816498563,16.011282382792018,1
14931,10.428298289598327,15.994790627922761,1
14932,10.517937286980814,16.01635795043514,1
14933,10.526650709157972,16.022499347256204,1
14934,10.580436581499685,16.036926527872694,1
14935,10.571880212256444,16.019511780449466,1
14936,10.592240563452073,16.002180739796174,1
14937,10.628825376430123,16.023343958338945,1
14938,10.60068518021034,16.009379698409532,1
14939,10.672455351051246,16.021641311338332,1
14940,10.670513799067178,15.995636318395514,1
14941,10.673937488321428,15.9959117485677,1
14942,10.664350914542258,16.030475630521998,1
14943,10.744310619215403,16.007344332393238,1
14944,10.726917097693695,15.995170177555481,1
14945,10.738318455999924,16.005268419472404,1
14946,10.751893006807316,16.00554292728397,1
14947,10.780233991233724,15.991500214079997,1
14948,10.775321539762396,15.99789038155884,1
14949,10.854553498716475,16.01003800478319,1
14950,10.849306260731085,16.035581265197504,1
14951,10.813158569984756,16.042166879577167,1
14952,10.908738607981713,16.03808839995569,1
14953,10.885624407924242,16.01753031973609,1
14954,10.858391156281332,16.000834456478746,1
14955,10.856277187638929,15.989669884822476,1
14956,10.954263004903025,16.03730151071224,1
14957,10.946628158394976,15.991776553518093,1
14958,10.93615280502709,16.033245159100815,1
14959,10.975646726267357,16.025415859937702,1
14960,10.99745840925961,15.99653602697297,1
14961,11.06880385816193,16.037589111380797,1
14962,11.046921364719806,16.035605877321785,1
14963,11.095217819158494,16.018933300918704,1
14964,11.099560940933136,16.024961314791103,1
14965,11.134124809818244,15.992335523497276,1
14966,11.172923504198597,16.012923020763328,1
14967,11.148311453100266,16.01928077124418,1
14968,11.204918426648884,16.00532197983579,1
14969,11.194674687205062,15.993827110071148,1
14970,11.219052830855693,16.040478745823552,1
14971,11.210900772903452,16.009493903206156,1
14972,11.26091982105171,16.000267784215417,1
14973,11.262192166975364,16.025687061311206,1
14974,11.253399535597834,16.001346061811187,1
14975,11.332610907127895,16.041620597675365,1
14976,11.300169948557672,15.99992348844037,1
14977,11.371000226393624,16.031943140193974,1
14978,11.362270958370965,16.035734530873565,1
14979,11.376964409267046,16.00759805197436,1
14980,11.400579887721012,16.02138717073299,1
14981,11.404403663473591,16.035240360189853,1
14982,11.482224069777905,16.036626143602813,1
14983,11.545202723412812,16.02093452466468,1
14984,11.571240250260795,16.028558678054836,1
14985,11.627625633983023,16.01308852534012,1
14986,11.68397631659776,16.005980931494328,1
14987,11.687892732309184,16.00239252609046,1
14988,11.76279644138945,16.036734409448965,1
14989,11.72828079231547,16.02688182548166,1
14990,11.774580863356594,16.036223533289757,1
14991,11.781641832872527,16.009033401882057,1
14992,11.843702640020672,16.03488041541938,1
14993,11.821174500091631,16.00863529572412,1
14994,11.844343713907385,16.03099584551249,1
14995,11.91759455768736,16.00961636212235,1
14996,11.887180630987778,16.000145891511565,1
14997,11.885055674915385,16.008207036364947,1
14998,11.931568127567505,16.012424178909438,1
14999,11.935523779245392,16.04125735744056,1
15000,11.976445337435035,16.014029161209347,1
15001,8.000693362364139,16.06262886987016,1
15002,8.04982949984546,16.069829122362773,1
15003,8.050762796279407,16.072621187864055,1
15004,8.111816511985042,16.06767672629475,1
15005,8.09331893058655,16.047031879217258,1
15006,8.143620309654855,16.070274562095246,1
15007,8.133220085790889,16.093726213489195,1
15008,8.200102022390084,16.079176239701983,1
15009,8.206677251529145,16.06169067512643,1
15010,8.268663703037415,16.063311097473623,1
15011,8.256654403718091,16.093292804212858,1
15012,8.316475769463837,16.081074050429944,1
15013,8.293655662096919,16.05302332951197,1
15014,8.35266360323484,16.058778189877795,1
15015,8.379947298022008,16.043042169486057,1
15016,8.436046177360826,16.096118473043706,1
15017,8.403941317101573,16.059703834011508,1
15018,8.488364335656836,16.057171875074463,1
15019,8.485193927690654,16.08240643038662,1
15020,8.54716971895378,16.05776525039779,1
15021,8.543308454565667,16.06206620551377,1
15022,8.586518615594047,16.055033971447074,1
15023,8.582203927565754,16.090661320036762,1
15024,8.583582151976245,16.0721007711955,1
15025,8.585774691146682,16.056393139572847,1
15026,8.631401174461283,16.05224789778621,1
15027,8.627012608034274,16.089853939651665,1
15028,8.623720128790056,16.076739518642054,1
15029,8.657760707261327,16.05879967676361,1
15030,8.611703034024195,16.06850227341906,1
15031,8.704405901663346,16.077737763804834,1
15032,8.711417126904568,16.045953594079776,1
15033,8.669873631937193,16.092686763644597,1
15034,8.665036303000976,16.04769321458304,1
15035,8.737194634594326,16.06327721471471,1
15036,8.75255820240972,16.078768422074997,1
15037,8.781126459590542,16.06397884289902,1
15038,8.782490152011317,16.079012111155553,1
15039,8.799480769960404,16.08890642029501,1
15040,8.84971193461303,16.0735973704169,1
15041,8.84000174286561,16.07260334190487,1
15042,8.866673592575646,16.07388265741391,1
15043,8.924998177247103,16.049145512655087,1
15044,8.91598374543469,16.053216993824392,1
15045,8.948777684739628,16.055702637690782,1
15046,8.935467790090923,16.09181632570284,1
15047,8.950877017876502,16.05613623511922,1
15048,8.991822932618897,16.083002056219662,1
15049,9.018094042455324,16.087454443504143,1
15050,9.135926771929268,16.064891325942824,1
15051,9.167832916117678,16.06026689679627,1
15052,9.231929629582867,16.063683462960583,1
15053,9.244604627112686,16.0443340207599,1
15054,9.259797993473287,16.06190295748563,1
15055,9.27304962345767,16.08127945328163,1
15056,9.310128301965527,16.081602304699764,1
15057,9.326046378172409,16.048548564227627,1
15058,9.373031645393276,16.08362252455507,1
15059,9.42937129970006,16.050390083235893,1
15060,9.486472974094701,16.063290509343922,1
15061,9.512158588365958,16.06173711075647,1
15062,9.567228651531307,16.079425235768525,1
15063,9.539984708957709,16.084489407847485,1
15064,9.578037708442155,16.066521194142894,1
15065,9.645925751259236,16.076605522536745,1
15066,9.632925128788385,16.09092762222852,1
15067,9.68931674292175,16.044634296270136,1
15068,9.76172272152364,16.06158020345395,1
15069,9.786304937536284,16.05349762934966,1
15070,9.812309012905557,16.04703984500876,1
15071,9.883441553414682,16.071128846760043,1
15072,9.85427227797059,16.04559960371346,1
15073,9.93298742272084,16.074019697860876,1
15074,9.934482370769432,16.04285015094932,1
15075,9.91236017470685,16.06058523817466,1
15076,9.959335536286137,16.082910779897194,1
15077,9.964436882105106,16.07486521530813,1
15078,10.021017561339512,16.08782388728907,1
15079,10.033778357291483,16.071444128750883,1
15080,10.029909327699663,16.051408816096515,1
15081,10.059655299374558,16.054035019973718,1
15082,10.083512844819172,16.080512024676693,1
15083,10.158230248592814,16.055128305397634,1
15084,10.136348747771065,16.07083308775681,1
15085,10.18989358467722,16.060343472079694,1
15086,10.16226944832472,16.080001371566315,1
15087,10.225851490883752,16.077324046070903,1
15088,10.214444849557996,16.075129156632748,1
15089,10.299582602614793,16.0804630225959,1
15090,10.324721937562472,16.08937596746099,1
15091,10.352757263154402,16.07652251103785,1
15092,10.420297055389955,16.092119228798,1
15093,10.418861704019248,16.057372773250567,1
15094,10.415625853024618,16.087600928448992,1
15095,10.463254595148497,16.07350504291012,1
15096,10.466079079939494,16.050273791626015,1
15097,10.467878993810126,16.092585270762445,1
15098,10.523894420962122,16.071531381213884,1
15099,10.481574839456243,16.074204740548865,1
15100,10.579620503814096,16.050003792209353,1
15101,10.580986136167445,16.091018865579215,1
15102,10.625716591729365,16.09062758128944,1
15103,10.61064682023833,16.048692281976283,1
15104,10.636664682405675,16.071934782699913,1
15105,10.658951027572606,16.04348271710518,1
15106,10.69193612272892,16.07319327007169,1
15107,10.685108233265746,16.04678122487539,1
15108,10.687760731102948,16.089400177645903,1
15109,10.705843330632476,16.046051724560957,1
15110,10.743920777138994,16.074211621226066,1
15111,10.706462962442638,16.050755818404166,1
15112,10.789629459273577,16.06706934154057,1
15113,10.759308382717652,16.09519756369763,1
15114,10.817730148272219,16.065846161716717,1
15115,10.827860290411385,16.08991041038669,1
15116,10.842772379311747,16.048506567684278,1
15117,10.864032628093995,16.072387656370402,1
15118,10.876131058007838,16.092527250302876,1
15119,10.86420084851765,16.053113483781967,1
15120,10.887686192923049,16.05711387869752,1
15121,10.920290781024116,16.092253903025203,1
15122,10.929789325977204,16.08922100966574,1
15123,10.962358328680128,16.061017758855638,1
15124,10.983613114287841,16.07649422821973,1
15125,10.98542321428233,16.082783564488036,1
15126,11.041722725308881,16.066928395218305,1
15127,11.060935560553977,16.075488474973525,1
15128,11.084156493616833,16.07667031729009,1
15129,11.076786803455693,16.08788839820668,1
15130,11.125498719666584,16.058926776186638,1
15131,11.16134759268737,16.07076471261208,1
15132,11.165039873852022,16.0480840166678,1
15133,11.212180493215346,16.042952359774283,1
15134,11.20959936764091,16.089507184668904,1
15135,11.225175956297383,16.0435529458594,1
15136,11.235485062177446,16.08752574071552,1
15137,11.264417370300082,16.06863367284934,1
15138,11.246306619698007,16.052435204359114,1
15139,11.303443383353693,16.082366864410638,1
15140,11.283750516886974,16.085953916769963,1
15141,11.31547898380015,16.09457574104752,1
15142,11.359934426786412,16.059188869312806,1
15143,11.34744604888777,16.047356574356,1
15144,11.35858978762418,16.059612606879305,1
15145,11.366229472293654,16.07687572694351,1
15146,11.442267480344343,16.073832728587384,1
15147,11.396062100011607,16.06210495862182,1
15148,11.401359761975149,16.092936258408255,1
15149,11.477593638030966,16.086456851451125,1
15150,11.528587276599675,16.046539466416643,1
15151,11.517241327782747,16.072862923122088,1
15152,11.575338719949402,16.065936496728057,1
15153,11.570025747652194,16.07918072378665,1
15154,11.55287029980877,16.077253116774372,1
15155,11.622797291796788,16.04560234346248,1
15156,11.617909189241493,16.089359312020743,1
15157,11.66967897612461,16.08378739624702,1
15158,11.742271692900056,16.088781476203188,1
15159,11.718049588316887,16.07161401737453,1
15160,11.792746855916198,16.04691572037139,1
15161,11.76751260853871,16.087005040324954,1
15162,11.795253879644287,16.07538652812432,1
15163,11.855837431496289,16.05466239587893,1
15164,11.861858845380027,16.057999353871853,1
15165,11.839479439050699,16.06797434980071,1
15166,11.912723808975022,16.043574561342073,1
15167,11.90227208660914,16.062796238655284,1
15168,11.897917957426246,16.06986707899402,1
15169,11.9584834208166,16.089104954220375,1
15170,11.95080770151956,16.065314571193433,1
15171,11.936336574165912,16.064360229300124,1
15172,11.992654172078351,16.045504231108396,1
15173,11.989637286664426,16.07410189808294,1
15174,8.061516472116338,16.128637854229314,1
15175,8.04221735922954,16.11948824674607,1
15176,8.071541501268378,16.144695339369658,1
15177,8.08749276269679,16.105466081214157,1
15178,8.124504353688705,16.11875637992389,1
15179,8.107138790992359,16.136998607061727,1
15180,8.156381080184847,16.131767332443847,1
15181,8.133419758255506,16.11871006247038,1
15182,8.191115199920002,16.128231980387,1
15183,8.194336526475423,16.098843979475937,1
15184,8.266506236951935,16.148056818152654,1
15185,8.273846408374501,16.12054135437983,1
15186,8.29361213210873,16.102338952825345,1
15187,8.311510135276851,16.09675804391623,1
15188,8.37553542383893,16.10519716010669,1
15189,8.362769467992129,16.121027760780766,1
15190,8.42496750582664,16.111099990307878,1
15191,8.412714920355079,16.132133964517347,1
15192,8.464717790806406,16.107564404314992,1
15193,8.495740660014206,16.104229318366787,1
15194,8.541064531597609,16.113004304617526,1
15195,8.53301164112626,16.12021569575976,1
15196,8.534357374901948,16.105301202040998,1
15197,8.600946569328007,16.144179716690648,1
15198,8.565074755740126,16.125331364730666,1
15199,8.584403204158999,16.11433217238014,1
15200,8.57126032036817,16.10349958643866,1
15201,8.56233630660601,16.102448828254893,1
15202,8.63230446852776,16.135986416813683,1
15203,8.616642596926155,16.09635497115235,1
15204,8.62979873455905,16.108537221023443,1
15205,8.646588921333,16.136785152408365,1
15206,8.630816973185313,16.13402649237306,1
15207,8.621843782343825,16.100088971024523,1
15208,8.709984913085362,16.118001029229365,1
15209,8.70761308050597,16.14225321965284,1
15210,8.7054428055975,16.123737141396006,1
15211,8.750499385126197,16.14970601857641,1
15212,8.763950099303633,16.11564785335863,1
15213,8.772050468713433,16.14383940104033,1
15214,8.793367187811882,16.12395314757661,1
15215,8.80025902711405,16.103600191985127,1
15216,8.858192919707731,16.137474908356047,1
15217,8.829448314607157,16.1362928710668,1
15218,8.886090996852678,16.131377650279465,1
15219,8.95861203318441,16.12094864553635,1
15220,8.93855326483064,16.141997167838603,1
15221,8.989510765228191,16.111907932674104,1
15222,9.010545439245256,16.126963516422695,1
15223,9.034629509826004,16.142309097598737,1
15224,9.060409897456452,16.105856153610784,1
15225,9.153823515910156,16.12203743324856,1
15226,9.228260469613092,16.10503885472469,1
15227,9.281787745596723,16.11050452599678,1
15228,9.284443977203223,16.11730188998126,1
15229,9.354093526846645,16.144056930433223,1
15230,9.400700079011235,16.14288694051515,1
15231,9.432381786520267,16.105413746045482,1
15232,9.470098384197799,16.12732718083034,1
15233,9.510220404526802,16.13825203546161,1
15234,9.556362649304846,16.10910244610854,1
15235,9.529055108115,16.13308514880531,1
15236,9.608320715727302,16.10015086697077,1
15237,9.613958216289532,16.14356050824141,1
15238,9.66255715669473,16.119879385454638,1
15239,9.652067752007907,16.140161208208735,1
15240,9.729016278826927,16.099665349066992,1
15241,9.770496970496822,16.115876187032775,1
15242,9.773862235976852,16.096697642089357,1
15243,9.793922894335727,16.118360344385987,1
15244,9.806067312922181,16.145647163576783,1
15245,9.804428423047735,16.13198543901577,1
15246,9.857389395517346,16.127611484478265,1
15247,9.86956063086179,16.13465353220571,1
15248,9.890754220977447,16.148814274739525,1
15249,9.912857991782987,16.1377908014655,1
15250,9.926596420630625,16.138895257393713,1
15251,9.896301097699393,16.10316747920101,1
15252,9.963107050570667,16.139462402079495,1
15253,9.960872856384352,16.127798421555223,1
15254,9.970346685548336,16.117375789689312,1
15255,10.030598100269742,16.12768830748828,1
15256,10.052224394758944,16.113309954536895,1
15257,10.034488016482772,16.102473633615336,1
15258,10.081335460017348,16.103006588130597,1
15259,10.088554089374702,16.137503827091766,1
15260,10.143854722280125,16.119533783110526,1
15261,10.131524518582168,16.136998840621747,1
15262,10.191676025773296,16.12072524385511,1
15263,10.207243206532384,16.135972745878153,1
15264,10.24306113867243,16.122922902651638,1
15265,10.233090942864767,16.141831842922983,1
15266,10.29309174050509,16.100384631510895,1
15267,10.34303737827668,16.13575580397202,1
15268,10.369747479179944,16.12223849675899,1
15269,10.421465519484551,16.122519877859332,1
15270,10.378755288415773,16.100837123732195,1
15271,10.41320948386163,16.133132013616272,1
15272,10.432848386600337,16.138694771097022,1
15273,10.471019112234298,16.107429687604537,1
15274,10.443466175479605,16.130363874833037,1
15275,10.526193728037919,16.146024146937314,1
15276,10.52218484768191,16.115163135637765,1
15277,10.500393572556485,16.10578932135339,1
15278,10.54508440541523,16.13142568375915,1
15279,10.567617952355171,16.13801796069425,1
15280,10.635958588438028,16.120616970866532,1
15281,10.592782307410731,16.14868007776306,1
15282,10.691320029837206,16.143752945739596,1
15283,10.668793818570652,16.102700486635165,1
15284,10.643885527744239,16.1297823090688,1
15285,10.698646831803842,16.138980792636634,1
15286,10.722688982750768,16.132877376977365,1
15287,10.741089267683178,16.14849418143012,1
15288,10.792220228941986,16.120663193405882,1
15289,10.766464240734066,16.133815914569922,1
15290,10.835923580619557,16.133524450623778,1
15291,10.848225630570854,16.11567042885482,1
15292,10.81612552961467,16.137722957795702,1
15293,10.88857427532755,16.13766590471745,1
15294,10.90461198041891,16.119070405887356,1
15295,10.901314474146691,16.131161536040747,1
15296,10.86747356431932,16.140406767502768,1
15297,10.912952016479915,16.146127498913934,1
15298,10.947316024812078,16.097317114189636,1
15299,10.941528051324381,16.118016974389484,1
15300,10.977509823365391,16.121638039048676,1
15301,11.046684815028758,16.144327807056737,1
15302,11.081057024123087,16.10594231010717,1
15303,11.114310105967927,16.124787574680127,1
15304,11.147070180837561,16.136226736489387,1
15305,11.167795189491699,16.10689567831845,1
15306,11.132619573211054,16.127123361452288,1
15307,11.21087225211792,16.135071828986842,1
15308,11.190145833366978,16.14797701677248,1
15309,11.178302010902629,16.11634395396808,1
15310,11.273495685441443,16.12663712260562,1
15311,11.27765201133955,16.14567051261269,1
15312,11.274806940488597,16.103464453116548,1
15313,11.308087615199772,16.100227712998727,1
15314,11.310353183106109,16.099294347570247,1
15315,11.366131186548698,16.118012254859984,1
15316,11.349937107398137,16.1083052023689,1
15317,11.379263345562427,16.11505186308683,1
15318,11.364646056029134,16.10041395461661,1
15319,11.399947700034605,16.10979841868213,1
15320,11.394438116794719,16.146228325643172,1
15321,11.39176391814087,16.10980078657554,1
15322,11.520490284530759,16.13642320157586,1
15323,11.530518069673652,16.115203453362906,1
15324,11.549564541220008,16.143042380249153,1
15325,11.565798638953794,16.119547610352658,1
15326,11.59388758531677,16.11619941967124,1
15327,11.60167551128897,16.139142159714147,1
15328,11.561658573790961,16.122515843949753,1
15329,11.653838813465391,16.136075981136376,1
15330,11.612413389812172,16.09688735441694,1
15331,11.606596816191225,16.110006770766038,1
15332,11.710809573984411,16.137329216260763,1
15333,11.715753710788503,16.127591520359278,1
15334,11.77275854801245,16.104365747436653,1
15335,11.81272339387975,16.105533324139014,1
15336,11.861596847925684,16.105602539510233,1
15337,11.868738047813496,16.12419518131717,1
15338,11.829931209414669,16.107723014655146,1
15339,11.844359118257985,16.11041624902612,1
15340,11.871761663538729,16.096877751016105,1
15341,11.902730219877721,16.128436847795538,1
15342,11.909308713902925,16.141585225980588,1
15343,11.913843192119666,16.10981646346488,1
15344,11.948174034780088,16.127103747437054,1
15345,11.926132466691271,16.10808351337511,1
15346,11.974090262410114,16.13553753374899,1
15347,11.972407216748854,16.128881776547104,1
15348,11.995632867527553,16.114944179833923,1
15349,8.054845584571114,16.181201263129314,1
15350,8.025656679418523,16.1547732925517,1
15351,8.053278785621883,16.173359385964048,1
15352,8.117823159804104,16.183458950267024,1
15353,8.098910947943056,16.192516860923938,1
15354,8.181018359147881,16.151748955226743,1
15355,8.174170972568637,16.190142308221194,1
15356,8.186628991407776,16.153122550127957,1
15357,8.217708583617464,16.19840681151039,1
15358,8.256701300171045,16.168695723274254,1
15359,8.2718343935769,16.1812302893221,1
15360,8.29058469884997,16.17436858878383,1
15361,8.300180333358398,16.189558939397887,1
15362,8.393318992154374,16.163838281336695,1
15363,8.349825583256742,16.18329104496763,1
15364,8.444566602493373,16.201323985223436,1
15365,8.44757589437525,16.198555019752337,1
15366,8.486687141193613,16.158317352231382,1
15367,8.476399368054508,16.1606077550422,1
15368,8.53768207420386,16.195879944912292,1
15369,8.542739607121522,16.187127926362276,1
15370,8.514216995141973,16.17300653026297,1
15371,8.511870674106252,16.151357175793255,1
15372,8.513285934759582,16.157246428792316,1
15373,8.56592317788707,16.192728818222495,1
15374,8.608219579884432,16.20246853639336,1
15375,8.562375497441305,16.18842762868717,1
15376,8.580901810557057,16.16794256666419,1
15377,8.608994531304692,16.183351214656756,1
15378,8.609302663356486,16.177695491169125,1
15379,8.650688939603148,16.15974624251438,1
15380,8.646878282207542,16.17906626411162,1
15381,8.617829923978434,16.18934738720384,1
15382,8.653016205276254,16.175327093498268,1
15383,8.66773142144354,16.16292840817093,1
15384,8.700785536011928,16.19788156790135,1
15385,8.735957133849572,16.167582039965684,1
15386,8.763695636443149,16.159256531485013,1
15387,8.779646174990098,16.189596953275068,1
15388,8.816334452950112,16.17441215585392,1
15389,8.84517250081894,16.179796206147216,1
15390,8.867147052359647,16.156642797386432,1
15391,8.826360395884212,16.18750950330004,1
15392,8.916657085590233,16.172063760309246,1
15393,8.924549349756758,16.16804083342681,1
15394,8.880903961115376,16.16106338455585,1
15395,8.89258754350695,16.200990299296574,1
15396,8.959202274967904,16.166356307275823,1
15397,8.936208360713938,16.16484541561047,1
15398,8.967716750933477,16.170528489280326,1
15399,8.978669748561392,16.20222420632642,1
15400,8.97173895551238,16.180137215229916,1
15401,9.001728222357599,16.18289176200945,1
15402,9.010499394542714,16.160854725851397,1
15403,9.031214330105813,16.175740975488672,1
15404,9.15675737099737,16.184665117388274,1
15405,9.202169973518002,16.19757908443606,1
15406,9.290203022604876,16.19042171231452,1
15407,9.309651809490475,16.178810907302942,1
15408,9.374121710905593,16.156350058951382,1
15409,9.421538171879579,16.15756357199057,1
15410,9.437858748522721,16.178255763676596,1
15411,9.478846480941131,16.153439528486768,1
15412,9.561744366274779,16.154627900040936,1
15413,9.603504795689279,16.15229443119518,1
15414,9.6111650246297,16.17267287609295,1
15415,9.6745051891664,16.198044614075368,1
15416,9.645314810570364,16.176173608024044,1
15417,9.637748323712048,16.15895377206013,1
15418,9.679621582179132,16.16913191930825,1
15419,9.699214187972597,16.166617270661835,1
15420,9.770248639446239,16.14987010804602,1
15421,9.773749546936267,16.188006821391873,1
15422,9.803094267600187,16.153095589595015,1
15423,9.78814264728165,16.202740969157198,1
15424,9.861290725703755,16.174183756537214,1
15425,9.888386365448957,16.176440879072654,1
15426,9.895363331711184,16.19078193881909,1
15427,9.912210797197936,16.17890922648217,1
15428,9.929845810340929,16.20269885057195,1
15429,9.988169063902042,16.183468966969773,1
15430,9.979391922234099,16.188804018186303,1
15431,9.975662430261833,16.20013204710369,1
15432,10.007327665882215,16.171643925918886,1
15433,10.00628551919838,16.187815066899315,1
15434,10.034462447048313,16.196275970509557,1
15435,10.080741539514433,16.151844315020544,1
15436,10.07011671590611,16.159802158183595,1
15437,10.115927323524833,16.18903777745869,1
15438,10.138830028298765,16.153270742393627,1
15439,10.205517259861022,16.169783045946975,1
15440,10.169636820762626,16.1910035771238,1
15441,10.221740166944326,16.19245777436156,1
15442,10.258087233712565,16.159930547339727,1
15443,10.276909300762439,16.172557563299122,1
15444,10.337584864855478,16.202917051525873,1
15445,10.327564607121584,16.151744812617284,1
15446,10.4147157326378,16.16406647505692,1
15447,10.419207973101454,16.183797347435547,1
15448,10.45168490106885,16.186646261353214,1
15449,10.467225917385733,16.190317213681887,1
15450,10.492354543183838,16.202845682853532,1
15451,10.522730554893748,16.167295888239202,1
15452,10.503980035372923,16.157158101898517,1
15453,10.557096541090978,16.175222996169776,1
15454,10.546465014302226,16.176480438205097,1
15455,10.539571513835995,16.159116486312787,1
15456,10.620453746016185,16.201356970215233,1
15457,10.602177816553638,16.177500181030332,1
15458,10.667885987083615,16.162674666497196,1
15459,10.656987782855165,16.163947189015893,1
15460,10.662521536437225,16.18254127884921,1
15461,10.720456797484399,16.164645551546545,1
15462,10.705045178774247,16.15510102382297,1
15463,10.776000714708157,16.152856892556777,1
15464,10.79209233912163,16.199425465452205,1
15465,10.832285666900693,16.17908269079148,1
15466,10.84284596288836,16.165342659873854,1
15467,10.819036068204847,16.171181533351124,1
15468,10.894223270395411,16.182757040551866,1
15469,10.906441572796664,16.163089891044073,1
15470,10.866069799002608,16.158710489910764,1
15471,10.910932743670788,16.202569900729063,1
15472,10.960095006504615,16.201936905450115,1
15473,10.983633762868948,16.180525407223243,1
15474,10.980048748943524,16.195535274109773,1
15475,11.052377964546396,16.1963914172689,1
15476,11.067951977972834,16.16025336527869,1
15477,11.077735756311762,16.192051169519615,1
15478,11.093128317871935,16.168672941698045,1
15479,11.08213328433137,16.16332768893714,1
15480,11.169161035506399,16.14989896699532,1
15481,11.128217176935934,16.157800268838038,1
15482,11.150545851962324,16.16659842701358,1
15483,11.191105122652692,16.16439635977205,1
15484,11.225121500300022,16.158094509747414,1
15485,11.213490865778814,16.159163096878164,1
15486,11.196953446406857,16.16350437903189,1
15487,11.241983863021064,16.168144479501677,1
15488,11.25705978091868,16.173125848491114,1
15489,11.241739476008744,16.1885830400658,1
15490,11.304056969850754,16.17615663674484,1
15491,11.305427547458208,16.154588325152865,1
15492,11.364579913289395,16.15077658808286,1
15493,11.361862331616994,16.18869702686992,1
15494,11.349939830840906,16.15263184926797,1
15495,11.394830055774914,16.19687482484991,1
15496,11.392052596850169,16.16396504789262,1
15497,11.41001947840446,16.15261099978585,1
15498,11.464879720845735,16.170120846461465,1
15499,11.459988633979657,16.175947852055774,1
15500,11.514468278636778,16.16071811436677,1
15501,11.512115927956291,16.178827679647885,1
15502,11.517037837336629,16.19507125776767,1
15503,11.568317593654616,16.187446396896238,1
15504,11.579978799679973,16.163431668095516,1
15505,11.562580556247132,16.16757360661924,1
15506,11.551860447133647,16.19907294702185,1
15507,11.627529275473062,16.168179990717604,1
15508,11.646448415419648,16.174858042149257,1
15509,11.676118245261016,16.200038202473177,1
15510,11.721827357476391,16.15078592313615,1
15511,11.799089171954739,16.177565082883355,1
15512,11.85213377758422,16.17779915866318,1
15513,11.833506548209467,16.182167371678016,1
15514,11.90837048821597,16.15112453710674,1
15515,11.873992197756126,16.18805481755416,1
15516,11.876712518216308,16.18063635199201,1
15517,11.963919864031487,16.192531369638697,1
15518,11.933561630823386,16.15062908749135,1
15519,11.962277963191331,16.16537408477652,1
15520,11.994451082705917,16.17075272157421,1
15521,8.01315121266161,16.22605914124909,1
15522,8.045454690353793,16.22393348918275,1
15523,8.03105265525157,16.229279410960025,1
15524,8.066661630056062,16.23914531420129,1
15525,8.117490598675813,16.204508045433677,1
15526,8.08859539721873,16.221715939278315,1
15527,8.164488978795584,16.236096943695177,1
15528,8.137791499582391,16.23024821488417,1
15529,8.200061789525936,16.25340605838471,1
15530,8.220802924290956,16.215794952110002,1
15531,8.266297960759038,16.242298666737828,1
15532,8.278197425373426,16.215260030716014,1
15533,8.29967825432511,16.250761446199846,1
15534,8.321323292282194,16.228154169453234,1
15535,8.384495485837686,16.215572717186404,1
15536,8.344273113073825,16.236250436512023,1
15537,8.424268640487782,16.20912705583018,1
15538,8.423073288659332,16.203960581263082,1
15539,8.451342088386369,16.245438663271166,1
15540,8.495514879004592,16.22945725120884,1
15541,8.490495221476634,16.214875543914122,1
15542,8.547910094329474,16.20652994739283,1
15543,8.519337534323705,16.20926728578442,1
15544,8.549762359191476,16.21685731836361,1
15545,8.515473465090693,16.218228639188993,1
15546,8.543174228556309,16.209400111938645,1
15547,8.606627480165773,16.207095802510057,1
15548,8.592181916953608,16.216874718065874,1
15549,8.609229834996874,16.229403305476655,1
15550,8.594637822893933,16.234916617007002,1
15551,8.557007539898695,16.210492268214,1
15552,8.630981818106573,16.219674929980442,1
15553,8.658411778714525,16.217143577325523,1
15554,8.643316842841761,16.21800048070966,1
15555,8.694116849819206,16.212897285675584,1
15556,8.706458283658426,16.24908342209004,1
15557,8.725008465281041,16.242393706516047,1
15558,8.757467737382957,16.250919313715908,1
15559,8.818713398359465,16.2531370534713,1
15560,8.793033277065952,16.2314630972489,1
15561,8.851463297147978,16.210993336196207,1
15562,8.851663486821929,16.23215134817532,1
15563,8.875795956301113,16.208357821496104,1
15564,8.831119178827626,16.2068965127789,1
15565,8.908859999230765,16.250898347962668,1
15566,8.928705768337577,16.22144918051649,1
15567,8.926611614995766,16.2122560379867,1
15568,8.910833803060894,16.217002869949425,1
15569,8.883891066254542,16.24445385406198,1
15570,8.907145496721174,16.21376788941525,1
15571,8.961683954267704,16.213234097082328,1
15572,8.968464302737008,16.242043172369737,1
15573,8.948865643456111,16.214418946170333,1
15574,8.96066535553223,16.238099866791917,1
15575,8.9699374195983,16.21490687560327,1
15576,8.948762853294985,16.2510002531857,1
15577,8.989428320998563,16.244824346656866,1
15578,9.016497698025264,16.216612729885398,1
15579,8.988521436781026,16.24467728282701,1
15580,9.092374702054185,16.222293184827095,1
15581,9.186253427849078,16.217959828898593,1
15582,9.29941610511373,16.234272896914934,1
15583,9.34461529151629,16.23130222617252,1
15584,9.435619921901672,16.229168718184077,1
15585,9.485066352748932,16.213358507379162,1
15586,9.493499805663614,16.251233492087344,1
15587,9.558129865214616,16.240206185579012,1
15588,9.579191870546916,16.21074207080931,1
15589,9.669826839836194,16.227244850507127,1
15590,9.644437487044648,16.21057074267039,1
15591,9.669662796405289,16.219929960956314,1
15592,9.718212279159617,16.231696826787584,1
15593,9.687396981125065,16.251240200464256,1
15594,9.718766040276426,16.219906467853136,1
15595,9.75234701291675,16.23446701806015,1
15596,9.780734490095153,16.231358872378532,1
15597,9.793223001963856,16.25627328570273,1
15598,9.834504546269097,16.2518621169255,1
15599,9.887285389763408,16.22104564044616,1
15600,9.899017080282738,16.231042255234804,1
15601,9.910551961526052,16.227390767805442,1
15602,9.952562106049989,16.221953968681195,1
15603,9.968933037273302,16.219629910744366,1
15604,9.950000731270888,16.220726054258503,1
15605,10.027273396085956,16.231663200495937,1
15606,10.038003020757115,16.23796800872763,1
15607,10.08123033105523,16.21659282122548,1
15608,10.086568407428102,16.215998859458576,1
15609,10.14621840370572,16.23804471825084,1
15610,10.209742361482002,16.24099107289902,1
15611,10.204118896064529,16.221740841664914,1
15612,10.260676881332836,16.20475937265909,1
15613,10.250094544637264,16.236703937860884,1
15614,10.269532023600092,16.217768082715835,1
15615,10.351486371676428,16.254352337041546,1
15616,10.345039148908171,16.2345615775945,1
15617,10.37845457277838,16.243779999077905,1
15618,10.38303799770744,16.21726943551445,1
15619,10.415659493957282,16.255565316393294,1
15620,10.435463378203202,16.253092025639862,1
15621,10.481008415588164,16.24735270259274,1
15622,10.510773413884309,16.22751715400677,1
15623,10.510664507624151,16.238481738079354,1
15624,10.501616652455196,16.237113688670707,1
15625,10.571991176734631,16.230002985608767,1
15626,10.56142127030675,16.204096663216117,1
15627,10.5806402696264,16.224350382056794,1
15628,10.605812635156655,16.252851590239796,1
15629,10.618731309145213,16.23650413268426,1
15630,10.646646763782353,16.20489671448649,1
15631,10.647877254612832,16.206975408089875,1
15632,10.65838091328576,16.243930955217802,1
15633,10.714026752232952,16.238437458733678,1
15634,10.71102297278161,16.206910032128988,1
15635,10.768188546581383,16.235427909171392,1
15636,10.789769685063634,16.240404772186277,1
15637,10.827696376252616,16.233858077212087,1
15638,10.81945044444173,16.24940385203346,1
15639,10.851625438370249,16.21140797732127,1
15640,10.905984031514345,16.254457362142404,1
15641,10.869327861453726,16.232320907473643,1
15642,10.89058969397623,16.255070574756477,1
15643,10.959517914911244,16.235085882378943,1
15644,10.954835240579325,16.24816975379982,1
15645,10.999959291672004,16.220571543613858,1
15646,10.992180258339413,16.21515099136236,1
15647,10.98994869231324,16.233315040479926,1
15648,11.062225909642006,16.20435488642532,1
15649,11.016440622862278,16.228003070810615,1
15650,11.113119604342854,16.243602998446292,1
15651,11.079589294770859,16.23212309898196,1
15652,11.088257810925786,16.21530008204624,1
15653,11.167622630160775,16.218008434609636,1
15654,11.169818620032338,16.211929777357234,1
15655,11.149414412089948,16.219173870235316,1
15656,11.204649547031003,16.21004837614076,1
15657,11.229778951042503,16.220188181664334,1
15658,11.190086785513913,16.24618407326456,1
15659,11.262052505361485,16.224877371414436,1
15660,11.267643739468005,16.242832647102347,1
15661,11.249638011322194,16.21684695002952,1
15662,11.31738337583441,16.24375937371526,1
15663,11.298827787288849,16.225274775157327,1
15664,11.341810142122235,16.23180444541434,1
15665,11.347324646431753,16.24539233064246,1
15666,11.365914265348799,16.252547399636622,1
15667,11.394347976456807,16.253532247682493,1
15668,11.42444118472175,16.24388572151967,1
15669,11.403913917803802,16.24397163812786,1
15670,11.435023121399908,16.238018222728865,1
15671,11.445063763786079,16.216272514903583,1
15672,11.465259066752365,16.253508530673713,1
15673,11.470238856291964,16.220969236480492,1
15674,11.465148133474363,16.208980510714166,1
15675,11.515159952244886,16.239471911486163,1
15676,11.525099271509097,16.229224998074205,1
15677,11.544295089523901,16.243626171765175,1
15678,11.532723935723766,16.23834761637188,1
15679,11.57644512425824,16.215954662843526,1
15680,11.55363653041483,16.227672247855313,1
15681,11.61545678568341,16.252284810428236,1
15682,11.63488847831051,16.253366483942784,1
15683,11.662723344372283,16.255661389717247,1
15684,11.679732524678682,16.23135215375649,1
15685,11.726753415558097,16.219005154127302,1
15686,11.748062354319346,16.229899013263704,1
15687,11.786435150205588,16.225436103484483,1
15688,11.829084493416168,16.238940243704107,1
15689,11.876085480218315,16.21447946492994,1
15690,11.878870642628398,16.251597261567788,1
15691,11.933486180626513,16.207162385556273,1
15692,11.938548285985839,16.218824959663777,1
15693,11.973564649130086,16.207769326318118,1
15694,11.990865835918823,16.203225804325854,1
15695,8.020806352843179,16.28285978533313,1
15696,8.019931132850616,16.29347947396007,1
15697,8.071708458557566,16.284954059109708,1
15698,8.061146924907897,16.29377131112793,1
15699,8.03407217208933,16.261128949430564,1
15700,8.079610803463728,16.27991750455466,1
15701,8.11462302004646,16.2645245155345,1
15702,8.111233074786824,16.286256885895938,1
15703,8.103228007351406,16.291774957042794,1
15704,8.137182232460182,16.3071428315404,1
15705,8.145336779400129,16.276784734000437,1
15706,8.162992390290889,16.281744305907367,1
15707,8.146208055825676,16.264700543536613,1
15708,8.220884782511204,16.273891516741255,1
15709,8.21131015801916,16.28231177269243,1
15710,8.211266966054707,16.305631065420442,1
15711,8.210133811750625,16.304490497641535,1
15712,8.240715013893636,16.25906457625659,1
15713,8.241101507225466,16.305435419730937,1
15714,8.250012339195388,16.287394005560916,1
15715,8.333285421349112,16.282877452297903,1
15716,8.320332650603774,16.308300480709065,1
15717,8.321170263488412,16.294636340529358,1
15718,8.365663378669856,16.30555078101502,1
15719,8.371161869233378,16.296671085604412,1
15720,8.378050436606832,16.29927177304462,1
15721,8.424063440830919,16.278193839869342,1
15722,8.430747607059518,16.27164910891415,1
15723,8.4433685179257,16.26086330100677,1
15724,8.482791009289995,16.296205566487462,1
15725,8.456644374612075,16.299341248532485,1
15726,8.500982915747343,16.276842790893628,1
15727,8.547476077896732,16.283366274614632,1
15728,8.552569653717516,16.303361602459656,1
15729,8.537174456819079,16.300906708801605,1
15730,8.535886312297768,16.27664058477213,1
15731,8.524398955674968,16.299001305507364,1
15732,8.592282954766985,16.26478375947495,1
15733,8.59302799204747,16.268520316284686,1
15734,8.562528155324927,16.28689570530633,1
15735,8.563664808693703,16.31003217382944,1
15736,8.633471023020817,16.283532751399008,1
15737,8.610165002827882,16.26207046873966,1
15738,8.650226119811432,16.3093150765384,1
15739,8.715641751617593,16.2998913172094,1
15740,8.679329233469737,16.289054093231584,1
15741,8.735995701909186,16.26897854369911,1
15742,8.74174954538037,16.27122470309975,1
15743,8.808724065362888,16.282424745845173,1
15744,8.820142840063241,16.273470284307333,1
15745,8.813766502382695,16.268100159477324,1
15746,8.824063088834682,16.27376502717699,1
15747,8.826306767861794,16.3031562802178,1
15748,8.826237832410522,16.278693346184657,1
15749,8.851650174759822,16.272693105802514,1
15750,8.890540645673584,16.274585407491458,1
15751,8.90546200928968,16.269628918119384,1
15752,8.922276084324384,16.308852395332202,1
15753,8.888191637763478,16.278105329844628,1
15754,8.925461404526683,16.306806017904517,1
15755,8.891931763193666,16.291460320038784,1
15756,8.968188415133127,16.291203009916693,1
15757,8.955994331246988,16.26292179033899,1
15758,8.948862187582057,16.30185623460769,1
15759,8.952815910160293,16.270773696399598,1
15760,8.956416799857745,16.289363552581193,1
15761,9.023822001742335,16.30977961971472,1
15762,8.987643112020345,16.286520334141095,1
15763,9.113078389382967,16.286176037952995,1
15764,9.187242853256773,16.261962373506204,1
15765,9.220802179082787,16.28940027257297,1
15766,9.28334902333708,16.305040828020612,1
15767,9.262262446152196,16.261226097601796,1
15768,9.331714560944102,16.29536652672371,1
15769,9.43598583949907,16.28586504228516,1
15770,9.474302691410587,16.265325115901916,1
15771,9.559629812393737,16.307132277297846,1
15772,9.622953856774776,16.282402264430313,1
15773,9.658522992457955,16.304971141906236,1
15774,9.66880053965236,16.267880550159386,1
15775,9.68852341924866,16.276044045586087,1
15776,9.691794721304,16.308871082401698,1
15777,9.698327686374522,16.279960369128982,1
15778,9.742354325718939,16.310143225837628,1
15779,9.76717420465937,16.295453882451092,1
15780,9.819296599192459,16.308986909053186,1
15781,9.827736001299913,16.274102285659275,1
15782,9.8909291543067,16.268639323123978,1
15783,9.901666751862326,16.266679121796685,1
15784,9.975848323372759,16.275203877810608,1
15785,9.966186134272448,16.264981225121815,1
15786,10.018979445947583,16.265207049176883,1
15787,10.034762541426247,16.27674904577757,1
15788,10.07933526724615,16.2596056311929,1
15789,10.056556676058854,16.308981000794148,1
15790,10.141032084279663,16.279023249853186,1
15791,10.112232690308762,16.284189935693913,1
15792,10.2053750431284,16.27047956054851,1
15793,10.241059052805056,16.29083898405213,1
15794,10.263761319823557,16.257900649444107,1
15795,10.299689247846983,16.26064324087318,1
15796,10.288078224388057,16.30474052879099,1
15797,10.35511944942423,16.295418232465337,1
15798,10.351634634225476,16.283557253461332,1
15799,10.380151205275322,16.260767904466796,1
15800,10.40019123055048,16.30436441428534,1
15801,10.455003396278526,16.28133993024002,1
15802,10.444247601456548,16.26595636967668,1
15803,10.51088687297811,16.29561241634594,1
15804,10.485206497056371,16.26853085162277,1
15805,10.502956693232697,16.29522763433422,1
15806,10.55996907445466,16.307513927250174,1
15807,10.573536635023272,16.293466905188577,1
15808,10.544404516750747,16.283256115426884,1
15809,10.599532955343813,16.28362986331949,1
15810,10.628626124413797,16.279959485626087,1
15811,10.646309727100085,16.26104470443681,1
15812,10.693423321547437,16.298775392045414,1
15813,10.714846006647132,16.2730772372247,1
15814,10.699859332566584,16.306690957959287,1
15815,10.760848191353503,16.302617878856584,1
15816,10.750582710265315,16.29368837454896,1
15817,10.821900203985914,16.295468878285313,1
15818,10.813256410424982,16.276931360308645,1
15819,10.834862642954691,16.29478991243472,1
15820,10.899279660739143,16.258331415178887,1
15821,10.904935610281239,16.296335309796557,1
15822,10.878260533175613,16.290552316276724,1
15823,10.935520043821946,16.280590727447272,1
15824,10.990269809549337,16.293644773280544,1
15825,11.011732716521903,16.284822179494764,1
15826,10.985415928163347,16.286251833928286,1
15827,11.046606353649159,16.280753315329896,1
15828,11.037329990514037,16.28651733091464,1
15829,11.049057649359307,16.26607127698009,1
15830,11.08915777079893,16.263623368139978,1
15831,11.121486286786295,16.300843353790235,1
15832,11.115583832468317,16.271238431591076,1
15833,11.126343062770687,16.305530647667357,1
15834,11.1317467820556,16.30978646477014,1
15835,11.160604374309003,16.29373826017146,1
15836,11.2221814111266,16.297205870917008,1
15837,11.18504151159423,16.285051474706602,1
15838,11.191743134280927,16.272840863714226,1
15839,11.249710775557396,16.258526728244682,1
15840,11.265292629666833,16.295018067448762,1
15841,11.278670582112522,16.257985068903466,1
15842,11.296758228494252,16.29726252122224,1
15843,11.323080729966632,16.286622497416403,1
15844,11.349134695030225,16.3004749263104,1
15845,11.34751554557899,16.25705615764774,1
15846,11.38596580456519,16.306312881932648,1
15847,11.407823886794802,16.29203391729567,1
15848,11.435504832234507,16.297969741808437,1
15849,11.430758909012159,16.27403580443258,1
15850,11.437758301358459,16.28746458340667,1
15851,11.4524734699542,16.28332683801406,1
15852,11.490907494970648,16.270683386767175,1
15853,11.493693903592916,16.25790540599147,1
15854,11.47361379484023,16.273436666238798,1
15855,11.541417167097999,16.304778561999534,1
15856,11.529808553504642,16.269777455637254,1
15857,11.512974801762288,16.263371929212063,1
15858,11.554836214398414,16.29791083219053,1
15859,11.645488655810643,16.27340150174257,1
15860,11.657374315313247,16.306734057954326,1
15861,11.702673276384658,16.292034309680208,1
15862,11.694381418301463,16.297558275245756,1
15863,11.741593708121078,16.28344485173154,1
15864,11.750045301837005,16.283405629463513,1
15865,11.76960395278313,16.26470846930946,1
15866,11.805626601621878,16.271676164510392,1
15867,11.8714181381608,16.277386119513537,1
15868,11.95261375108465,16.262545873131586,1
15869,11.929646478467006,16.301003002697087,1
15870,8.017802432837929,16.31888269740919,1
15871,8.00122674133225,16.34218522819054,1
15872,8.041955399345074,16.353202467008845,1
15873,8.06113548481833,16.322317623345956,1
15874,8.064678816892469,16.337100193891693,1
15875,8.046134372668599,16.336924939053652,1
15876,8.100104659325641,16.318741815575013,1
15877,8.112919823871678,16.354646850806144,1
15878,8.08186517008625,16.35377413352773,1
15879,8.082967751284352,16.355903416188422,1
15880,8.113248123760801,16.32194437568589,1
15881,8.167679903783352,16.333989155696774,1
15882,8.139794050667419,16.33683203417591,1
15883,8.163130612932145,16.314082054265914,1
15884,8.176071451044969,16.361029117463758,1
15885,8.155610637488692,16.357300313262396,1
15886,8.224289245070358,16.34345514664843,1
15887,8.229933723523349,16.338803690329378,1
15888,8.1954428157765,16.321635690977295,1
15889,8.2091847119486,16.361935913955456,1
15890,8.191273651009217,16.358283335061564,1
15891,8.28606015379239,16.346670962094635,1
15892,8.281824318111273,16.324771035881078,1
15893,8.258225027422533,16.347328299916477,1
15894,8.275227212160456,16.34211078823069,1
15895,8.248058610851473,16.318654451172527,1
15896,8.295109795482583,16.36142733773139,1
15897,8.313261604202252,16.346008774645686,1
15898,8.297553554032682,16.346485189338246,1
15899,8.329306301407657,16.359373913973073,1
15900,8.31592167047666,16.334914822769367,1
15901,8.380069136642323,16.3270300691981,1
15902,8.351862898522592,16.344566189205867,1
15903,8.34610291450388,16.342830886108008,1
15904,8.375035674669897,16.330531658040016,1
15905,8.429191126074034,16.331462469917554,1
15906,8.403985204022845,16.353847553969064,1
15907,8.405182687630326,16.35971966254411,1
15908,8.41492494714736,16.356139324289188,1
15909,8.461344044714089,16.33868773007847,1
15910,8.450399589942664,16.357675761329237,1
15911,8.539357241133311,16.340189013366828,1
15912,8.523660433341268,16.347949518122576,1
15913,8.52128638106173,16.318047555364746,1
15914,8.577585333021407,16.36358488628213,1
15915,8.568767750152473,16.357031123664175,1
15916,8.607914402738599,16.335303457670165,1
15917,8.581517116279938,16.339677508839138,1
15918,8.65073975560735,16.348574872894147,1
15919,8.619155031232312,16.352085281494258,1
15920,8.654809104774856,16.337956116156143,1
15921,8.690210244739815,16.321887363800883,1
15922,8.69411589992581,16.358391169157287,1
15923,8.717564697793081,16.35480126895254,1
15924,8.765570844612837,16.323944466037954,1
15925,8.736220820257659,16.357611996530427,1
15926,8.814584153014822,16.359506625655314,1
15927,8.797209621229715,16.3574910285755,1
15928,8.778615700556701,16.351327506790028,1
15929,8.875348736148968,16.313320535725673,1
15930,8.850804513153117,16.347357616008267,1
15931,8.870204493775313,16.33586666957351,1
15932,8.858922379660688,16.318042794558053,1
15933,8.899124613715705,16.31764086373859,1
15934,8.89634360635522,16.329217766508176,1
15935,8.926538118399963,16.357597185472045,1
15936,8.924294985953642,16.358530923583455,1
15937,8.952011840113164,16.32884396652007,1
15938,8.958306806264993,16.340070902123365,1
15939,8.955947430195522,16.320507782735874,1
15940,8.968810552407364,16.320596380045316,1
15941,9.025633682419802,16.313651830686425,1
15942,9.004637983507754,16.315562025266328,1
15943,9.077508068413916,16.319223903023428,1
15944,9.112870803966405,16.32681910653571,1
15945,9.173876271461681,16.352479566797374,1
15946,9.218554675004336,16.321410284038834,1
15947,9.264675133411009,16.35553967607886,1
15948,9.281310584762272,16.36008442873388,1
15949,9.336566243794808,16.36051249683172,1
15950,9.392008533727262,16.357058942978995,1
15951,9.420014376400479,16.354332003714184,1
15952,9.508730655575484,16.352083979923407,1
15953,9.487882848140783,16.33296013271517,1
15954,9.521674033878867,16.35256474281889,1
15955,9.523758562574903,16.356192090859548,1
15956,9.625579143560365,16.354074210058947,1
15957,9.59686646618454,16.333020926249638,1
15958,9.650403454211277,16.347947323544485,1
15959,9.665301780187542,16.334783185465053,1
15960,9.652895248255222,16.342623341432784,1
15961,9.705974738104947,16.32967214847353,1
15962,9.685230791130186,16.336944732269597,1
15963,9.702335383895157,16.326514244018846,1
15964,9.763125150313051,16.34489132264963,1
15965,9.736118008376847,16.35742409361326,1
15966,9.76455467542563,16.316200470810344,1
15967,9.823028474623923,16.345964509494156,1
15968,9.837578604076208,16.328720488412937,1
15969,9.834293567460817,16.34479620935569,1
15970,9.848207207657829,16.33962555926664,1
15971,9.867608878448666,16.357113133006237,1
15972,9.94490791261349,16.342872518084697,1
15973,9.893462467589375,16.351451153543522,1
15974,9.948561746213352,16.315369314171047,1
15975,10.04977439540454,16.347385834859676,1
15976,10.077242670417464,16.33775872220153,1
15977,10.098087662883502,16.348675951056336,1
15978,10.121089728961536,16.33052789891685,1
15979,10.133502179035393,16.3421034430172,1
15980,10.17938372348547,16.34104099051137,1
15981,10.199687058633021,16.323558825978576,1
15982,10.228811598190516,16.33562179419238,1
15983,10.243379857919678,16.33377113240571,1
15984,10.296672796385037,16.352408539272634,1
15985,10.320364242957647,16.32693106273717,1
15986,10.33943331402851,16.337129629299877,1
15987,10.368428251647288,16.35244727353347,1
15988,10.374810320939494,16.33011569157622,1
15989,10.376305877700192,16.34337003447721,1
15990,10.433552792801349,16.3111697341634,1
15991,10.468356151451026,16.358823899535494,1
15992,10.502253911689492,16.333898397799253,1
15993,10.530512624833687,16.345223142351266,1
15994,10.486490427849017,16.315592935796438,1
15995,10.560925029433701,16.329543859985623,1
15996,10.582647970215023,16.31745552779134,1
15997,10.545354621395044,16.340248762788814,1
15998,10.640901494173024,16.31982082772286,1
15999,10.654502407205575,16.362153467249144,1
16000,10.680705369754456,16.33631338910895,1
16001,10.698582624144679,16.356709330789005,1
16002,10.741750730131756,16.356615833933493,1
16003,10.710972915681964,16.363310611055056,1
16004,10.774413764548845,16.347982608604518,1
16005,10.785776744368327,16.321965811444706,1
16006,10.824133416104551,16.343769283841116,1
16007,10.835269000838341,16.350516257162617,1
16008,10.819806941781305,16.35608056876341,1
16009,10.845690178377628,16.355937689570272,1
16010,10.898943307178362,16.351411795590966,1
16011,10.883432758631718,16.331404404205692,1
16012,10.898017156172958,16.326650681755627,1
16013,10.899605285758417,16.315169161193058,1
16014,10.911751337269347,16.318765814887094,1
16015,11.00784980920494,16.3168953994959,1
16016,10.972065058374676,16.340536530782092,1
16017,10.97964432914619,16.343993925326938,1
16018,11.054767865076993,16.330518996827667,1
16019,11.02383284902374,16.320386374220767,1
16020,11.056448167584232,16.348675872598335,1
16021,11.054576956284059,16.351003380256273,1
16022,11.085514753659538,16.3541100980963,1
16023,11.071673372916578,16.33872001017529,1
16024,11.139590671416203,16.3562462751548,1
16025,11.142310679641255,16.323546451177922,1
16026,11.1693914274253,16.359997002682302,1
16027,11.196707988514875,16.323500268494353,1
16028,11.205554649479883,16.336960496695156,1
16029,11.209804600142844,16.346674922964734,1
16030,11.188775753326546,16.32893585266838,1
16031,11.247419673646453,16.3513209740987,1
16032,11.23827728306767,16.313026089505147,1
16033,11.27487613194869,16.354521626784297,1
16034,11.301882775701811,16.36312450881207,1
16035,11.34335343351891,16.342900435918807,1
16036,11.38979310871068,16.35142328128619,1
16037,11.402121067267993,16.356277543662245,1
16038,11.39464457034658,16.32613558636702,1
16039,11.423289274273293,16.332759413541364,1
16040,11.448513436266877,16.34378390569485,1
16041,11.48246941988037,16.312267640077277,1
16042,11.502339550993929,16.336436404244466,1
16043,11.544032696927534,16.324164834989844,1
16044,11.60168771406515,16.335736708837732,1
16045,11.579998836851304,16.33595189774525,1
16046,11.612609186846996,16.358072141493654,1
16047,11.638316421645253,16.323214614233486,1
16048,11.68010934259106,16.346770594175997,1
16049,11.667322931360363,16.348906736129017,1
16050,11.743739554862913,16.346530597573334,1
16051,11.745154471301134,16.324864076271005,1
16052,11.802922715571382,16.320126776241704,1
16053,11.79407344020732,16.337855013348122,1
16054,11.86969758924579,16.358939685591036,1
16055,11.824038320754834,16.314916029397303,1
16056,11.823024754954037,16.32824023285415,1
16057,11.89003067994072,16.346084600472157,1
16058,11.912941084517986,16.359620091429537,1
16059,11.963071228862637,16.333936405205474,1
16060,11.971248735456518,16.335719820353823,1
16061,11.98124474215964,16.31111338801394,1
16062,8.012495236810544,16.407962264955383,1
16063,8.065772873898899,16.391308864104538,1
16064,8.056497317899586,16.404279174455976,1
16065,8.073790847608457,16.395940779325517,1
16066,8.12061764968512,16.410420508031287,1
16067,8.118639407923293,16.37925623460998,1
16068,8.118605396574852,16.412068748041143,1
16069,8.097049976775116,16.392202161485237,1
16070,8.142424315956665,16.378006380001537,1
16071,8.145883515481808,16.408246034653313,1
16072,8.157169561226157,16.398075185209397,1
16073,8.175124070662445,16.37962298893187,1
16074,8.207713752214683,16.365875508091786,1
16075,8.197847747363337,16.402790788041838,1
16076,8.213719889587834,16.400285096683515,1
16077,8.211262176081174,16.385185543689534,1
16078,8.183181884498511,16.411600942884974,1
16079,8.287804299707956,16.37344193738376,1
16080,8.273586233518007,16.405512358594525,1
16081,8.285190455052728,16.382053599580253,1
16082,8.273406556673377,16.387029116393872,1
16083,8.242891680259294,16.39605487717377,1
16084,8.3076022042865,16.376059931329696,1
16085,8.318434175469273,16.404561297833876,1
16086,8.293568050102804,16.372679731443522,1
16087,8.318141998967588,16.3868200058384,1
16088,8.303074643673165,16.393653420435157,1
16089,8.393719334287178,16.412747497251605,1
16090,8.355460457586993,16.373687659588747,1
16091,8.355965749734327,16.369650359072192,1
16092,8.362775547646995,16.407544070185,1
16093,8.376174181679545,16.380517138019215,1
16094,8.43891203308181,16.385250513432105,1
16095,8.42885630622577,16.405900889275046,1
16096,8.429438214524472,16.405312684792655,1
16097,8.41360052031275,16.40299573323081,1
16098,8.474785597988674,16.38183670602942,1
16099,8.473144562306214,16.390683491411043,1
16100,8.541098457109635,16.371686344297817,1
16101,8.55532114644394,16.36854005929385,1
16102,8.584681984263952,16.404742769783972,1
16103,8.559939011628092,16.40200366790771,1
16104,8.587572507874421,16.399117441860533,1
16105,8.660351799134263,16.37998118534948,1
16106,8.645322049207989,16.403959367814178,1
16107,8.617568430480242,16.383841600223732,1
16108,8.694123641858846,16.397277429357594,1
16109,8.701276151893437,16.369540030370107,1
16110,8.671786401619755,16.41049548532944,1
16111,8.738944485696695,16.3665284036409,1
16112,8.725631876088173,16.41147305034995,1
16113,8.728506624889482,16.378359841586725,1
16114,8.777559270674962,16.37154881513444,1
16115,8.805415257538208,16.365673257028536,1
16116,8.77350710612384,16.41474078330941,1
16117,8.867879246246716,16.377210071138993,1
16118,8.87259531002589,16.37145997202405,1
16119,8.874705699395296,16.368782776055262,1
16120,8.928385818446637,16.387376872702955,1
16121,8.891691307651225,16.396341242247317,1
16122,8.928189008031739,16.399061941502843,1
16123,8.983497710082185,16.392089745531496,1
16124,8.977291566526176,16.366719395018947,1
16125,8.95507045137616,16.410463859962093,1
16126,9.03168954706145,16.40367640969422,1
16127,8.993391781125542,16.392078073293895,1
16128,9.010667207391412,16.403338064409663,1
16129,9.0719722674946,16.394843324856772,1
16130,9.120579355149045,16.375599257610276,1
16131,9.177835627719375,16.379449607642705,1
16132,9.215706145345026,16.381420780516233,1
16133,9.28328814715125,16.371450513784236,1
16134,9.265580580331674,16.3752019689237,1
16135,9.306112853162059,16.397249450361095,1
16136,9.366386337857726,16.40366270060119,1
16137,9.359059568581273,16.364057052219046,1
16138,9.417697427459672,16.416114129191765,1
16139,9.501833092329447,16.382209404839777,1
16140,9.498295139645741,16.372877508556254,1
16141,9.522529023656302,16.37870198609815,1
16142,9.571722907560066,16.39163423009936,1
16143,9.559368605062847,16.371380164323636,1
16144,9.575907141800696,16.368795910760987,1
16145,9.582106136442064,16.411790869873887,1
16146,9.582650441059858,16.382567276257607,1
16147,9.673684113116899,16.389211778668766,1
16148,9.627839021152097,16.414811836155046,1
16149,9.664869824965155,16.409189499327823,1
16150,9.70048066178438,16.381110265248086,1
16151,9.707453352896835,16.385123154819446,1
16152,9.713211192104007,16.403812044708165,1
16153,9.747230709245997,16.380476869495983,1
16154,9.783620952583409,16.37472873328504,1
16155,9.78504418387134,16.404497290006013,1
16156,9.800359522923337,16.378953062901974,1
16157,9.83445973135969,16.36957450147036,1
16158,9.816383814559618,16.36878342943771,1
16159,9.885017044797666,16.382243445946713,1
16160,9.85921026821766,16.371786113181006,1
16161,9.840168519919906,16.41315014781037,1
16162,9.917187059111754,16.3736118828025,1
16163,9.917047654107641,16.398205860786476,1
16164,9.96763213646823,16.405782940966287,1
16165,10.01628904462232,16.400929705338722,1
16166,10.07449058410738,16.39492119427344,1
16167,10.130177661529425,16.373744774809605,1
16168,10.109437160602806,16.40915217125095,1
16169,10.133837091307793,16.397636852512765,1
16170,10.19274536185285,16.373228444641775,1
16171,10.199874942808263,16.377093329582564,1
16172,10.19597084755326,16.374523380346563,1
16173,10.262888483869872,16.384751857956136,1
16174,10.222129714822008,16.41529120620689,1
16175,10.259696005271294,16.391438998911624,1
16176,10.296937873146147,16.380184369516055,1
16177,10.269603480835462,16.36664708331179,1
16178,10.35100272508807,16.398882249339202,1
16179,10.387852186785766,16.368142348863632,1
16180,10.388559104863763,16.38468660190807,1
16181,10.430578292326349,16.3800520284045,1
16182,10.46604305079074,16.3877958530317,1
16183,10.503746486091824,16.390160395912353,1
16184,10.53465032748633,16.38812436650941,1
16185,10.539829858105968,16.36542154924417,1
16186,10.557127252906758,16.4143538360453,1
16187,10.579552556275702,16.382773221705378,1
16188,10.635071326301661,16.413801762642528,1
16189,10.615549734664878,16.369050647762883,1
16190,10.649859733273619,16.365192264998097,1
16191,10.660357192540543,16.396350669081723,1
16192,10.74017764472232,16.39017599783838,1
16193,10.739460579173146,16.36730804495832,1
16194,10.728026812245838,16.368000313162895,1
16195,10.760177530384262,16.402512934263537,1
16196,10.782933921628127,16.396564923504513,1
16197,10.836568855765895,16.403483012461308,1
16198,10.849704197155786,16.415506118463927,1
16199,10.850973550736553,16.39341896656146,1
16200,10.900698367608445,16.36895879387201,1
16201,10.893743253283395,16.380837134858236,1
16202,10.899335451300113,16.404238382723086,1
16203,10.931250196093814,16.409013255464235,1
16204,10.926874752822144,16.41688268325932,1
16205,10.968048966930317,16.369081043392264,1
16206,10.984461908196188,16.403740711037543,1
16207,10.970089547312226,16.413091706510084,1
16208,11.059369655766384,16.38053767443032,1
16209,11.055157405064492,16.36526594520376,1
16210,11.064467374443604,16.36997519735459,1
16211,11.076489230047219,16.36479825198728,1
16212,11.164997908563512,16.37856236865551,1
16213,11.163750642886862,16.380528475017904,1
16214,11.134290246309346,16.41115995152938,1
16215,11.180882499658987,16.38750246521851,1
16216,11.225455109081706,16.401495298294325,1
16217,11.186605133368534,16.411567313482706,1
16218,11.20808037505627,16.371767009333162,1
16219,11.262088712775414,16.393123945722746,1
16220,11.237589364478305,16.36723406271489,1
16221,11.271388077808282,16.39885266800424,1
16222,11.298457356107864,16.414090481075025,1
16223,11.352531652050939,16.373911047172783,1
16224,11.376736373083107,16.37869767079922,1
16225,11.443627903780804,16.410136918546232,1
16226,11.418825299840519,16.373392636553923,1
16227,11.47026544971632,16.37855490919683,1
16228,11.471459316557258,16.380441759595005,1
16229,11.542500800566918,16.374729831827576,1
16230,11.547018058382523,16.391890004171533,1
16231,11.569327123843088,16.407166464334388,1
16232,11.582386836210695,16.396514226355553,1
16233,11.557076034351567,16.394867674627807,1
16234,11.614207720272809,16.40172680819637,1
16235,11.619228554059326,16.393524529830298,1
16236,11.681499856233385,16.374335026113798,1
16237,11.697219759612228,16.412649648308076,1
16238,11.723836514375819,16.40847506795725,1
16239,11.739930836993679,16.396510971582618,1
16240,11.772204707797695,16.404117653106606,1
16241,11.785568750753235,16.4042006824357,1
16242,11.848867997435738,16.398655892133448,1
16243,11.867568740994292,16.370515783496277,1
16244,11.853015154678394,16.40495124982792,1
16245,11.871099867820488,16.404453684692594,1
16246,11.917139122008306,16.393772692624953,1
16247,11.889015332031002,16.38438547033177,1
16248,11.873201389711253,16.41305398274357,1
16249,11.899423954671606,16.4170351668674,1
16250,11.94198159005168,16.380340967762113,1
16251,8.003276550525037,16.456877839504823,1
16252,8.000774876371073,16.447705884304085,1
16253,8.037082379886966,16.461531604831368,1
16254,8.057114564750865,16.431205683660135,1
16255,8.11008652000758,16.442589461902767,1
16256,8.117408563623073,16.44510353453639,1
16257,8.162499145255454,16.427861176017593,1
16258,8.131303984827397,16.430001317815623,1
16259,8.162006479736563,16.420123594366693,1
16260,8.19662028244961,16.44132356943799,1
16261,8.189618223686054,16.42791650692408,1
16262,8.184488114403633,16.44937777828641,1
16263,8.284246367068056,16.46370499920373,1
16264,8.287281570898344,16.4333673252466,1
16265,8.264334390633863,16.4501769464649,1
16266,8.327550714928208,16.44469416026908,1
16267,8.339740957243649,16.441584801075923,1
16268,8.339717240035919,16.420398700828134,1
16269,8.31120435098762,16.457743850872944,1
16270,8.384173139988324,16.427115568934095,1
16271,8.388437656890144,16.46610003087087,1
16272,8.364601226820865,16.423724906251287,1
16273,8.344988671976447,16.460772662894072,1
16274,8.349385906439455,16.45781789631213,1
16275,8.443346963029517,16.44931909306927,1
16276,8.422417318509945,16.443950340454656,1
16277,8.417602131330874,16.42117286957369,1
16278,8.4588550393039,16.457971022723985,1
16279,8.523754676396994,16.46117911508461,1
16280,8.50827674036289,16.456725282978635,1
16281,8.573814193839963,16.449671690634176,1
16282,8.576624890178511,16.447498491116495,1
16283,8.562384513192857,16.427803111917395,1
16284,8.635442918405856,16.428952544503023,1
16285,8.63245604640425,16.450347368411254,1
16286,8.611660087018736,16.44257378595655,1
16287,8.687544528543583,16.447684240142113,1
16288,8.697365218282311,16.44247504321663,1
16289,8.68554830232029,16.435431301373406,1
16290,8.736447579836753,16.464153231330137,1
16291,8.726620926857201,16.440544365940465,1
16292,8.736309251260268,16.432186709511647,1
16293,8.819380198299758,16.469040480147456,1
16294,8.804707990228582,16.43106591752196,1
16295,8.80051350345601,16.44063976405307,1
16296,8.866459651553834,16.421556061912494,1
16297,8.828884630451908,16.455959273488173,1
16298,8.848268222268146,16.459366378500437,1
16299,8.89242467086887,16.464105100487963,1
16300,8.895032177106481,16.427034728123676,1
16301,8.913993104756102,16.423186268895638,1
16302,8.967588604711786,16.459158684431173,1
16303,8.953345302840187,16.45358909182792,1
16304,8.964380304212863,16.46502710965221,1
16305,9.01385884940755,16.423139425118784,1
16306,9.02931241327401,16.42786273020889,1
16307,9.062184512347587,16.434173030591364,1
16308,9.104900358841233,16.463555458732884,1
16309,9.156789277642076,16.435879580970916,1
16310,9.203272673105063,16.423800095372183,1
16311,9.264503550840612,16.422999737225464,1
16312,9.335905410002104,16.444623482024074,1
16313,9.360826224185166,16.435064178147968,1
16314,9.392995820189785,16.41972642750256,1
16315,9.452007711943864,16.440232426980582,1
16316,9.50658486455715,16.467242118078687,1
16317,9.556562268755917,16.432058383839326,1
16318,9.546026500728301,16.43825828814293,1
16319,9.527733362538578,16.459479498565045,1
16320,9.577144010684863,16.448265233250105,1
16321,9.577805586567226,16.461779778468237,1
16322,9.622519921896664,16.421064500784286,1
16323,9.642033487284655,16.422244643762685,1
16324,9.653224416510946,16.446607244569723,1
16325,9.656857360808166,16.441848734386152,1
16326,9.730588776177663,16.44408506392383,1
16327,9.706019120014297,16.432677405028222,1
16328,9.729586805286216,16.449692873311456,1
16329,9.750844301788325,16.444346627861513,1
16330,9.735113519434995,16.46324133143198,1
16331,9.74383191615122,16.424950674262238,1
16332,9.800227182902653,16.448553273313735,1
16333,9.81955793791563,16.459975929255737,1
16334,9.828938380974591,16.465031358745843,1
16335,9.863726040694962,16.417733228906293,1
16336,9.850536163876269,16.42586356054125,1
16337,9.89175005329386,16.444318487286697,1
16338,9.939781711373891,16.441070476365535,1
16339,9.916092432771492,16.468903543202075,1
16340,9.899110387158327,16.429055056051336,1
16341,9.971192837387358,16.441366752416727,1
16342,9.97988006818929,16.450992012634817,1
16343,10.046597915665156,16.42260271354315,1
16344,10.126017685960967,16.45096106083087,1
16345,10.124163765864635,16.46294994262439,1
16346,10.155084394750867,16.441742702091485,1
16347,10.19511864377662,16.44660434151033,1
16348,10.16893334581099,16.46632532923426,1
16349,10.180809978572393,16.432583227873376,1
16350,10.181013527918811,16.4621687061786,1
16351,10.257324548138957,16.436161054682533,1
16352,10.265432149463464,16.436564942470426,1
16353,10.266185363202561,16.43334134699531,1
16354,10.297857717779412,16.44487018267417,1
16355,10.26939253256758,16.432134300256767,1
16356,10.27673630247616,16.44567207394981,1
16357,10.323202141205803,16.465362617674742,1
16358,10.334238089527252,16.435932117187118,1
16359,10.382926701858011,16.43885296283513,1
16360,10.412392767095014,16.465043944317284,1
16361,10.466682872872907,16.467466771390676,1
16362,10.475163137256628,16.457435284066186,1
16363,10.518607717630392,16.436509117860822,1
16364,10.52945625361683,16.44312546689725,1
16365,10.547768237210413,16.444956584760163,1
16366,10.555816121202476,16.42854289684893,1
16367,10.555699062192765,16.4464226130428,1
16368,10.596507185350054,16.470180176843716,1
16369,10.638122378295598,16.44331638253195,1
16370,10.590279770643578,16.431358627097946,1
16371,10.67390585245858,16.436505773652396,1
16372,10.653543445202914,16.43323144992161,1
16373,10.746721155785076,16.465292181678777,1
16374,10.71330291697716,16.42718275766736,1
16375,10.771311628640108,16.41984399769516,1
16376,10.757205508007727,16.41815238971782,1
16377,10.854383154777512,16.42060755617278,1
16378,10.838869550991758,16.443838050092328,1
16379,10.839349846728433,16.443711873858543,1
16380,10.86266745068159,16.422660677290725,1
16381,10.86985469256921,16.46489785264641,1
16382,10.867806952353467,16.459551157776623,1
16383,10.946976978011653,16.462631267117818,1
16384,10.92066584365734,16.42127695806676,1
16385,10.920803888661036,16.435348042697907,1
16386,10.98726914294993,16.44957353946926,1
16387,11.004304714881943,16.46298117318516,1
16388,10.980713665814346,16.448662646824317,1
16389,11.032496682740193,16.45890944124279,1
16390,11.061696783311964,16.46715405312582,1
16391,11.080446592833004,16.469531458626356,1
16392,11.149930316230769,16.42459244961607,1
16393,11.151255617571476,16.46173158079228,1
16394,11.136885941650727,16.446747908960212,1
16395,11.158529051132701,16.42082415722186,1
16396,11.22320625423573,16.45179419346792,1
16397,11.190858262209346,16.439349259470156,1
16398,11.214452564755337,16.4197661298714,1
16399,11.214211415849496,16.44071792073521,1
16400,11.202162124457137,16.44189680134019,1
16401,11.247030508171326,16.459586986680243,1
16402,11.261982034152052,16.452744695953623,1
16403,11.295081189512365,16.422736573141997,1
16404,11.367637723705716,16.44227676402963,1
16405,11.379829857567344,16.425920445053144,1
16406,11.40457493045021,16.446559705598673,1
16407,11.396314725443613,16.469468626020795,1
16408,11.487608583684516,16.42906452724266,1
16409,11.482744651029542,16.447706771151775,1
16410,11.547825597394603,16.426032040270226,1
16411,11.526205318037812,16.447804944868796,1
16412,11.599293716486661,16.457208843033815,1
16413,11.579124015052715,16.429164769739153,1
16414,11.55874134168347,16.41762197818099,1
16415,11.614005727028886,16.418575715150304,1
16416,11.653590217813836,16.419802376082,1
16417,11.664368656807135,16.433381672828876,1
16418,11.703160319383864,16.424061362002334,1
16419,11.724876029964053,16.456197886026565,1
16420,11.737055030371264,16.456636554110116,1
16421,11.786098867601622,16.460542423705387,1
16422,11.787421160737592,16.438557389557,1
16423,11.772233943944343,16.43065547578788,1
16424,11.825533592222145,16.450385439504664,1
16425,11.868609478030175,16.453982293390908,1
16426,11.842227894348609,16.459615377527655,1
16427,11.850913408180029,16.456909531117244,1
16428,11.907558739753563,16.449855115088994,1
16429,11.877625449349576,16.422080821357426,1
16430,11.89640186693251,16.449453890967288,1
16431,11.935412960326282,16.460655338272005,1
16432,8.018522124862264,16.506374776502494,1
16433,8.015676140426546,16.479115894756376,1
16434,8.059827508411196,16.519741061456592,1
16435,8.041481458159165,16.515560957683267,1
16436,8.106647972512604,16.50086544496772,1
16437,8.12023792774998,16.481699452934535,1
16438,8.12786618404193,16.472620979984235,1
16439,8.168568562078352,16.492262583623855,1
16440,8.149208334620825,16.479524354627266,1
16441,8.157293747815933,16.503856010574538,1
16442,8.207393095089257,16.48533923472766,1
16443,8.192453814472087,16.475333582188963,1
16444,8.208872337071126,16.517856956233118,1
16445,8.279298945151952,16.483251011061398,1
16446,8.255894535092413,16.503918244611686,1
16447,8.242365691445396,16.516926422843728,1
16448,8.332377277689446,16.518165815328263,1
16449,8.309669779636224,16.477173965332483,1
16450,8.311575911297165,16.502044281065476,1
16451,8.29797290408165,16.48988266669749,1
16452,8.34943330536307,16.480273020295577,1
16453,8.38621500564402,16.497336452127904,1
16454,8.348721787097167,16.50003394824776,1
16455,8.351666030288563,16.488422818143572,1
16456,8.42501450893439,16.494650591850686,1
16457,8.415829470873263,16.51011131996361,1
16458,8.423030598102578,16.482188038663665,1
16459,8.47233767447235,16.503681556132122,1
16460,8.518018525956487,16.50931400917671,1
16461,8.537308962280179,16.473962505809848,1
16462,8.575195112867297,16.483451338935883,1
16463,8.581375765727547,16.488776572485346,1
16464,8.564299292199362,16.511474693174403,1
16465,8.632764356446616,16.509201493735016,1
16466,8.64101044189799,16.501606744766786,1
16467,8.640805518497451,16.50405407430113,1
16468,8.664478983498116,16.50383676261273,1
16469,8.693612604007193,16.512406355345874,1
16470,8.676114905983793,16.50035582600602,1
16471,8.729859032660816,16.47684512516223,1
16472,8.726086362753689,16.476235545101485,1
16473,8.73280232131219,16.482406063469607,1
16474,8.808347315799114,16.47472261602006,1
16475,8.818431427458691,16.49928138252453,1
16476,8.816196287286067,16.491885316986696,1
16477,8.835047143874517,16.50255281382487,1
16478,8.858345387030615,16.51735630946838,1
16479,8.836969087121373,16.474110845957092,1
16480,8.887814634339827,16.477040949211617,1
16481,8.925909495799452,16.47665614771511,1
16482,8.881116429338002,16.47704897059158,1
16483,8.949597543027751,16.505054361025376,1
16484,8.943137669721981,16.500044523123037,1
16485,8.952605924348836,16.476034709212414,1
16486,9.017998211735975,16.5196116983455,1
16487,8.99465908357344,16.495919015231216,1
16488,9.050545194576403,16.5035300659444,1
16489,9.085512862248727,16.48339958742321,1
16490,9.115972504329081,16.49952775027832,1
16491,9.189383992175053,16.48749002173737,1
16492,9.216062601775702,16.50784855498359,1
16493,9.213557123619237,16.523582948324734,1
16494,9.277853111054577,16.496717529587347,1
16495,9.316363766997656,16.497218221985992,1
16496,9.395646585658897,16.48742654871078,1
16497,9.43610432253935,16.50612847053703,1
16498,9.4851664806413,16.488779888775657,1
16499,9.539668920646017,16.51755258474497,1
16500,9.52997523578079,16.47971301143103,1
16501,9.523237810379467,16.508072074378912,1
16502,9.586086371758498,16.474061871602615,1
16503,9.57590519563689,16.505469706965783,1
16504,9.608455986097598,16.4934298578576,1
16505,9.646353993386523,16.5130715982445,1
16506,9.672971124649147,16.509366742273837,1
16507,9.667222639714243,16.484868383079295,1
16508,9.699080784573447,16.517241503851913,1
16509,9.698421278521346,16.48876922422488,1
16510,9.715962198587471,16.4836087984711,1
16511,9.783086275319599,16.49407258039183,1
16512,9.769643666097553,16.496495309763105,1
16513,9.769522563337262,16.506642631479917,1
16514,9.831003151631567,16.517132208547945,1
16515,9.825673517295144,16.48322676645349,1
16516,9.793045073139162,16.484320628252945,1
16517,9.867865605753565,16.519992002274897,1
16518,9.855266471063988,16.505856822783407,1
16519,9.865507239070777,16.523094656560595,1
16520,9.93152067989702,16.520793991401277,1
16521,9.933042411380018,16.50370272895216,1
16522,9.937256526588929,16.488480173630563,1
16523,9.950591509598505,16.48239200334568,1
16524,9.965473317638782,16.50809013058262,1
16525,9.990403608828178,16.519954707217394,1
16526,10.004280176520195,16.478404025879534,1
16527,10.017438203940864,16.472531367961974,1
16528,10.137323004863516,16.505006978385662,1
16529,10.143319795480755,16.498128040675567,1
16530,10.211351166973138,16.512108645350743,1
16531,10.204949008522476,16.483404086809916,1
16532,10.209266722146989,16.51863781648987,1
16533,10.184744837860226,16.493890495293797,1
16534,10.261214805594237,16.523857649095678,1
16535,10.248615784272797,16.496676676504652,1
16536,10.247139352849404,16.480124353452638,1
16537,10.311539883913431,16.509163286257767,1
16538,10.298386788231248,16.51594592247857,1
16539,10.288877929184128,16.501368373813133,1
16540,10.371360244700755,16.47527849621927,1
16541,10.35329426034467,16.490390909540398,1
16542,10.356915860931542,16.509865224369307,1
16543,10.375519871396843,16.51909364533262,1
16544,10.407441832695802,16.506857343757613,1
16545,10.46733647799443,16.516149805162126,1
16546,10.478821874945197,16.49035718866739,1
16547,10.511713775945523,16.50029810637851,1
16548,10.53040261024371,16.500288830048987,1
16549,10.569738491291186,16.492149158167038,1
16550,10.5797651169686,16.471850158809012,1
16551,10.540720285640502,16.520625315268507,1
16552,10.628472156430238,16.510908044189215,1
16553,10.640561213374358,16.50251244236277,1
16554,10.638853502289571,16.481960597652744,1
16555,10.662322631359405,16.494291933857358,1
16556,10.649589508751179,16.496556643819602,1
16557,10.731499724051067,16.504927255468193,1
16558,10.729024647949833,16.495489379235487,1
16559,10.774980747383319,16.481378666843824,1
16560,10.778937960578606,16.505159158539048,1
16561,10.81759877952116,16.48432113759937,1
16562,10.846716076104487,16.51272321067162,1
16563,10.838028575915631,16.483658851327856,1
16564,10.907287924579979,16.517575113732338,1
16565,10.875441151468234,16.504996471459613,1
16566,10.862056331597723,16.487914255458485,1
16567,10.889255482185705,16.50748995408112,1
16568,10.920104654419292,16.49150131385685,1
16569,10.959957480852449,16.50273078366501,1
16570,10.909827452392898,16.503378310498203,1
16571,10.962660507330396,16.496879859402664,1
16572,10.966364565638296,16.499675989823253,1
16573,11.065198544824009,16.497057022687244,1
16574,11.024381448392235,16.518221258604992,1
16575,11.069526505526955,16.502498157757294,1
16576,11.109727879207538,16.503322928226236,1
16577,11.154806458892304,16.507033244279924,1
16578,11.145430657714513,16.478775710416464,1
16579,11.167675479703286,16.47709548996326,1
16580,11.212217582801944,16.50528419121213,1
16581,11.21414325070865,16.509665839009777,1
16582,11.202254268458951,16.4913286353534,1
16583,11.227058270977217,16.489454499512455,1
16584,11.264925551369641,16.472942276100238,1
16585,11.272304873123028,16.49736047941009,1
16586,11.282631177371341,16.517381104490884,1
16587,11.284826262960475,16.47353778095401,1
16588,11.321756863973997,16.479960455660432,1
16589,11.379424552186984,16.478821459323413,1
16590,11.371162644434829,16.51607984226717,1
16591,11.395056406831392,16.509273475416624,1
16592,11.424857479993195,16.50243039919149,1
16593,11.453751736830798,16.493132986531656,1
16594,11.482252921692229,16.482694117738504,1
16595,11.539920856645946,16.518215682491228,1
16596,11.505514978023989,16.490508111875503,1
16597,11.55393658828397,16.49996171367345,1
16598,11.5890974291871,16.49368009479519,1
16599,11.621286779217153,16.49855318804304,1
16600,11.6058482328158,16.51307281394206,1
16601,11.698103679871531,16.484012906846218,1
16602,11.678005221040012,16.508338575511996,1
16603,11.725337835744059,16.50089215649161,1
16604,11.74539443208502,16.483269808302122,1
16605,11.771556532033621,16.48469440501715,1
16606,11.792465485910316,16.48914288673721,1
16607,11.844141333078483,16.47215802277809,1
16608,11.855981256599273,16.522087306063803,1
16609,11.825753039272044,16.472147331721672,1
16610,11.821252199179415,16.509635686618413,1
16611,11.826710409708257,16.506587168090597,1
16612,11.925132804255291,16.495974550003265,1
16613,11.910710286369,16.475602246282573,1
16614,11.899784413765186,16.49803040327849,1
16615,11.916263941725981,16.507401958384314,1
16616,11.960472415305814,16.512277774508906,1
16617,11.934023152248205,16.473336681967382,1
16618,11.967961977255491,16.501160268064673,1
16619,11.993977638884413,16.501845722685978,1
16620,8.067681637696843,16.52798573820074,1
16621,8.046371360079037,16.557513555194532,1
16622,8.045302877950473,16.526470502151412,1
16623,8.082931347685044,16.541856269557556,1
16624,8.077727198929104,16.575324525215652,1
16625,8.099717108763947,16.57722405455095,1
16626,8.115261929398557,16.559458293075085,1
16627,8.156801040475766,16.541288773133065,1
16628,8.134913686014198,16.527565266709733,1
16629,8.17469408598095,16.532569944535744,1
16630,8.130889036211524,16.52658276136702,1
16631,8.146854088518383,16.552679314233266,1
16632,8.190030128129324,16.555299865607566,1
16633,8.211204408737029,16.529943124793217,1
16634,8.235066708052605,16.53921162317844,1
16635,8.229063208746185,16.535219241184127,1
16636,8.18893294042837,16.537227548121034,1
16637,8.26962151944044,16.524977043529088,1
16638,8.259283870119589,16.57665325732068,1
16639,8.270738125013265,16.527021648075678,1
16640,8.270505672964408,16.536393410290334,1
16641,8.284433851061047,16.567645587942902,1
16642,8.339923221723968,16.561592695728404,1
16643,8.318436331393604,16.56045484888863,1
16644,8.291428652721635,16.542982104299142,1
16645,8.375596924180975,16.528692379191973,1
16646,8.386289019471748,16.558581878456515,1
16647,8.3863709823167,16.531514039411444,1
16648,8.355785274734552,16.525418371235514,1
16649,8.412627740979833,16.568718449540036,1
16650,8.435729734011312,16.57610347901153,1
16651,8.424183299399134,16.534273659426955,1
16652,8.442056483697762,16.576702240460722,1
16653,8.470464802125809,16.532247737367616,1
16654,8.486673771651317,16.567906978910674,1
16655,8.487198345073033,16.53101917763764,1
16656,8.55385139956277,16.554866736707943,1
16657,8.542267018806308,16.55088213207235,1
16658,8.558858569038401,16.541275392744918,1
16659,8.576585027243693,16.54449795793896,1
16660,8.581308453455607,16.566692999476352,1
16661,8.63092087322815,16.54658287685107,1
16662,8.651553589693895,16.548064593154074,1
16663,8.61561893651583,16.549959442645296,1
16664,8.687551865789109,16.562363703549043,1
16665,8.699864170347064,16.556537859707316,1
16666,8.663793502643033,16.534983865975892,1
16667,8.759940346025447,16.54753897288848,1
16668,8.746514015248916,16.56437719457411,1
16669,8.755407000319341,16.56518574382269,1
16670,8.818757651679048,16.57403639269434,1
16671,8.801981885055685,16.54668517797676,1
16672,8.790892731027517,16.559305885746895,1
16673,8.841165833468825,16.544036038018298,1
16674,8.845436866773612,16.571541802188175,1
16675,8.849363126191617,16.527613460442414,1
16676,8.910957017979365,16.55488301820447,1
16677,8.908712843761498,16.530566899985228,1
16678,8.885230673814126,16.55117276144334,1
16679,8.936734133086414,16.56033875741034,1
16680,8.976866140902553,16.560287713527064,1
16681,8.968594022349818,16.543918102963787,1
16682,9.029493671661976,16.551303999466462,1
16683,8.991625739292136,16.5477081560647,1
16684,9.018265067884133,16.54432730966336,1
16685,9.071624220247402,16.5401249451373,1
16686,9.06806480642658,16.55111770239422,1
16687,9.10483016543523,16.53941132309437,1
16688,9.151491556153047,16.524203971562905,1
16689,9.238701031374863,16.56984606788643,1
16690,9.302131608098716,16.52533282089896,1
16691,9.308642587562055,16.57595068312245,1
16692,9.380714180242277,16.530586034813766,1
16693,9.377384618911552,16.547930493653897,1
16694,9.448901208813925,16.551216119317928,1
16695,9.512673831013588,16.56985101267983,1
16696,9.559860954209475,16.566558731047092,1
16697,9.522537849117432,16.54750178863125,1
16698,9.576963371577987,16.537167979549316,1
16699,9.622337430677986,16.528602824113626,1
16700,9.588043755623067,16.5492029721643,1
16701,9.62990012184315,16.573288407728732,1
16702,9.62675854338492,16.533554116896195,1
16703,9.701463794817037,16.54930678592725,1
16704,9.72480658408795,16.561187607825563,1
16705,9.747289860507829,16.57718438555797,1
16706,9.758031077034518,16.570347039887455,1
16707,9.786647104044913,16.526508916251068,1
16708,9.79348811059672,16.554916799051817,1
16709,9.884338541865446,16.533983503817392,1
16710,9.850868396318287,16.529334797422017,1
16711,9.889010722238593,16.574875480501294,1
16712,9.920417438426012,16.564765033266454,1
16713,9.905509300099862,16.549623814074465,1
16714,9.897667947528449,16.528552849018254,1
16715,9.986512004786782,16.54898253342967,1
16716,9.976101737652966,16.556756486158633,1
16717,9.950452737160465,16.534471497991955,1
16718,10.015190096204973,16.54309082122709,1
16719,10.049221019445044,16.530829915928557,1
16720,10.065120547240737,16.55692509219153,1
16721,10.122711578460738,16.55745124177866,1
16722,10.194499482363817,16.576930336881063,1
16723,10.188011338190943,16.57399741913416,1
16724,10.22266790821023,16.57379065455994,1
16725,10.26733713034623,16.541722707004098,1
16726,10.268783021091046,16.552643703360054,1
16727,10.296894762962825,16.5673003022983,1
16728,10.305481258728205,16.57267432649917,1
16729,10.358408725837585,16.54656744390073,1
16730,10.329373902202132,16.571139007676774,1
16731,10.359506536890553,16.56104808933919,1
16732,10.348389048389599,16.5633182257558,1
16733,10.38675460208009,16.564477906602907,1
16734,10.404762763600273,16.567206909035985,1
16735,10.430300454545813,16.571382127317914,1
16736,10.532578189977572,16.525986468623344,1
16737,10.522433827149468,16.554113838392826,1
16738,10.506734393649053,16.53527076917271,1
16739,10.562490448296241,16.53317904375129,1
16740,10.54836333270786,16.536349761083883,1
16741,10.568219096731644,16.57627427382553,1
16742,10.584294030783123,16.55516525781976,1
16743,10.59899776658921,16.565629556539403,1
16744,10.625088723577358,16.535046487798112,1
16745,10.61389973037895,16.53315464234392,1
16746,10.619861659537126,16.55567667551444,1
16747,10.689517316878852,16.543638850310934,1
16748,10.655229462462424,16.55429984121979,1
16749,10.731786985258712,16.57193516364085,1
16750,10.725126166451247,16.547567802074056,1
16751,10.760045561230838,16.55045036006867,1
16752,10.752418196247033,16.551361636177045,1
16753,10.804460529220583,16.549773884516597,1
16754,10.84699328064396,16.5415150611266,1
16755,10.82275636448914,16.53815455648621,1
16756,10.870258048243956,16.577285811412388,1
16757,10.879789166135653,16.55437290599223,1
16758,10.907811809872653,16.526507261379688,1
16759,10.962196744172703,16.54817282031913,1
16760,10.951062218346554,16.53096669576884,1
16761,10.93326403045332,16.553696452699576,1
16762,10.981510764714407,16.537071206488594,1
16763,10.997235238516751,16.527470777292443,1
16764,11.058551974683766,16.568931355888026,1
16765,11.037363708273723,16.55736811949231,1
16766,11.107612874224792,16.536333522854367,1
16767,11.083420786428698,16.560049298701784,1
16768,11.148259834276564,16.56643011704961,1
16769,11.157838234558776,16.56489347704354,1
16770,11.191548348032942,16.558924346377808,1
16771,11.1844855018793,16.537345031387446,1
16772,11.185100056922387,16.541044001991466,1
16773,11.260561787679535,16.528202881805118,1
16774,11.242891560940496,16.56495678627577,1
16775,11.277157868677929,16.533318735573882,1
16776,11.32165309633728,16.542892595403185,1
16777,11.301948015092634,16.531597400035007,1
16778,11.386032326731629,16.57577687470637,1
16779,11.344822764388844,16.572848932474262,1
16780,11.395153796360338,16.535885273892287,1
16781,11.436388569382633,16.53285116894216,1
16782,11.456608763339137,16.53573090184632,1
16783,11.494727340816226,16.550130686615386,1
16784,11.525551250022408,16.570107231408922,1
16785,11.510001065573537,16.548293106938203,1
16786,11.502327011561492,16.5769973980338,1
16787,11.582351429852459,16.57676255228298,1
16788,11.594878230529954,16.55421694333216,1
16789,11.57318635513487,16.5635025887722,1
16790,11.604992719164319,16.54137648947769,1
16791,11.646539131625538,16.549316381017196,1
16792,11.641141946983796,16.549753654484636,1
16793,11.676269387608377,16.540933947567044,1
16794,11.69645556836807,16.52619897520841,1
16795,11.723684049482488,16.564465150842064,1
16796,11.782992971798246,16.533750889302738,1
16797,11.779387806958326,16.57016528277651,1
16798,11.839315817035489,16.53040407787824,1
16799,11.820952866477057,16.56891411887162,1
16800,11.838353436268905,16.565864359314084,1
16801,11.845457580495717,16.5267498088531,1
16802,11.903682866466681,16.561435801840766,1
16803,11.88669608102826,16.57463442980074,1
16804,11.874015614983385,16.53764033655446,1
16805,11.912588758106196,16.526439127775774,1
16806,11.959799501477791,16.561597707483703,1
16807,11.977942009727727,16.575906495398954,1
16808,11.954474702627504,16.547390542604926,1
16809,11.967665889988492,16.546238858647953,1
16810,11.98057898742461,16.52559196722485,1
16811,8.015522246628686,16.59701771068501,1
16812,8.063533255977939,16.630678325091633,1
16813,8.032445494556418,16.613215722252495,1
16814,8.054390004786502,16.629298295285448,1
16815,8.117353050417737,16.57880476761442,1
16816,8.080908495595727,16.58429500978345,1
16817,8.085180376871048,16.62069473136129,1
16818,8.123592295043782,16.627589617775573,1
16819,8.176051224647015,16.583022489231332,1
16820,8.150211888805636,16.587986322973634,1
16821,8.159588122571787,16.60458496386179,1
16822,8.152021965352281,16.606559927168316,1
16823,8.139574914628934,16.595885781467775,1
16824,8.223543234991807,16.60162370993431,1
16825,8.212017248908174,16.615568814565627,1
16826,8.205566154376786,16.59140774135184,1
16827,8.22335997031577,16.60907179910789,1
16828,8.18320803777343,16.580688921675907,1
16829,8.206229033347325,16.623349273067323,1
16830,8.255539745936105,16.613205017266065,1
16831,8.243529685477489,16.626127531492617,1
16832,8.272832430407009,16.593553178905864,1
16833,8.275002575668541,16.587530139441377,1
16834,8.235691866768907,16.58999704948792,1
16835,8.302807009469364,16.61783793010757,1
16836,8.337489065229686,16.625971188426583,1
16837,8.376119956856698,16.601373612208967,1
16838,8.34484276160152,16.603226950660858,1
16839,8.389087507161484,16.60481351216403,1
16840,8.434475314790662,16.61279999852716,1
16841,8.401196492728898,16.615750243640107,1
16842,8.410097763459683,16.600784403995085,1
16843,8.420849239037416,16.62925566608831,1
16844,8.480090371490718,16.579516794817625,1
16845,8.484287891988545,16.601273726459493,1
16846,8.465334039017291,16.578442480404867,1
16847,8.461406286460932,16.591379340796948,1
16848,8.546002616478942,16.625227478217035,1
16849,8.541023163929012,16.629594826601046,1
16850,8.594958750270075,16.61655904019776,1
16851,8.561073831271107,16.625140827514976,1
16852,8.620891126962983,16.630006391559803,1
16853,8.622838553199918,16.619801380029593,1
16854,8.643550068322297,16.605694359018894,1
16855,8.706033435541622,16.62545833811278,1
16856,8.681608589555113,16.597334723007243,1
16857,8.677284096342833,16.58186111856107,1
16858,8.67558772114584,16.62319447175361,1
16859,8.728268388333413,16.616146558944344,1
16860,8.751669136834517,16.59882464281146,1
16861,8.760437053853316,16.614068542081245,1
16862,8.742016138290735,16.61598058323672,1
16863,8.790071575665273,16.612502664463197,1
16864,8.810858558689935,16.628869392961725,1
16865,8.821387866173339,16.620969814646376,1
16866,8.873700611962239,16.62047552769971,1
16867,8.83463460103,16.629229661242245,1
16868,8.903243521710701,16.604589195828613,1
16869,8.912530088479878,16.590865125469218,1
16870,8.96616175527561,16.62905205190935,1
16871,8.974645212501953,16.598822187417376,1
16872,8.955797801711098,16.587993575716734,1
16873,8.99126769347104,16.59814120158993,1
16874,8.998239956207803,16.601392424923066,1
16875,8.992397415755953,16.61309483805517,1
16876,9.081538236200398,16.587117610013067,1
16877,9.050043727494318,16.58497729196468,1
16878,9.09891131009116,16.62135488322319,1
16879,9.148103968371515,16.630802771333574,1
16880,9.149050696457316,16.611963377162386,1
16881,9.222378689715985,16.581015543983643,1
16882,9.27034270504743,16.601944525428447,1
16883,9.349830349087796,16.62241372292912,1
16884,9.392967920163214,16.592592862040153,1
16885,9.410476334215693,16.6147263078373,1
16886,9.417003260821703,16.59419969275306,1
16887,9.437124549527974,16.61908099840178,1
16888,9.483949904043438,16.584684357298986,1
16889,9.561907736090562,16.622048030199476,1
16890,9.551888990850896,16.626105127855638,1
16891,9.612199548536351,16.628083019551134,1
16892,9.573787412242789,16.59107534051435,1
16893,9.640863076136885,16.58290947232795,1
16894,9.632075528339035,16.62995935857731,1
16895,9.69211941877833,16.62210459611843,1
16896,9.712926938110298,16.57767708116861,1
16897,9.756975849742947,16.60482836908157,1
16898,9.73879272766919,16.616424632443355,1
16899,9.839509321378861,16.619556997981675,1
16900,9.805810167213155,16.62715382563347,1
16901,9.876784630606082,16.62690224888083,1
16902,9.87375591109686,16.61860341853066,1
16903,9.892078454440767,16.619925386791866,1
16904,9.924207732556198,16.61789436388111,1
16905,9.923239768957382,16.629409515105266,1
16906,9.92541429967343,16.603027084385232,1
16907,9.990417698701613,16.578596128613018,1
16908,9.998732004109835,16.61559605364566,1
16909,10.014343700242021,16.6093455036384,1
16910,10.028976551667236,16.625046776563796,1
16911,10.07876636322732,16.584411493584042,1
16912,10.064567584513016,16.613876152453933,1
16913,10.134040177589194,16.58481784646325,1
16914,10.198345380350984,16.60730024077009,1
16915,10.2207676838806,16.62804969317503,1
16916,10.231695641824482,16.59381459108425,1
16917,10.292610167102362,16.611967217279144,1
16918,10.290281782194,16.592416019357803,1
16919,10.295714020234206,16.597990080997043,1
16920,10.287594917277408,16.61216922535241,1
16921,10.334960940025391,16.57976369334812,1
16922,10.343377934745316,16.610700313497098,1
16923,10.357107524813696,16.600816257587653,1
16924,10.357420315599027,16.588376629705106,1
16925,10.418596975821135,16.58957296495505,1
16926,10.514535899835842,16.603362739598932,1
16927,10.525570553329977,16.623541897477914,1
16928,10.54442712546133,16.587443856194902,1
16929,10.539895589580924,16.62046952900123,1
16930,10.562045914306704,16.630328123128308,1
16931,10.58304370894915,16.609568495455736,1
16932,10.622245841285226,16.59403015139352,1
16933,10.637025062580415,16.586512560354123,1
16934,10.636561381489782,16.618172478816643,1
16935,10.631325268349173,16.611691411061233,1
16936,10.679882218473859,16.62201458239431,1
16937,10.667720255063616,16.588544438189025,1
16938,10.732034771919253,16.616548978429158,1
16939,10.774765362386875,16.614318816131235,1
16940,10.809325605393234,16.623398715826436,1
16941,10.819194923518403,16.615000922134772,1
16942,10.817378665344632,16.583629586954324,1
16943,10.875033047351756,16.602107300821235,1
16944,10.899045571768259,16.62981286825676,1
16945,10.859325866147184,16.582027109305127,1
16946,10.871828757590063,16.592982686052945,1
16947,10.9457894775491,16.588403237101318,1
16948,10.954771119825317,16.607707195881336,1
16949,10.956126725536347,16.61262752899093,1
16950,10.99713144779731,16.588180452779152,1
16951,10.99536311267716,16.579676213877793,1
16952,11.023872521896624,16.591595679520996,1
16953,11.026582858809874,16.602801670154182,1
16954,11.025525950666712,16.58188432309154,1
16955,11.105429172919154,16.604843156256543,1
16956,11.105850559031783,16.607373099164718,1
16957,11.076753340264668,16.581054911866193,1
16958,11.137720975963303,16.59915867075452,1
16959,11.15520442942851,16.59848253530117,1
16960,11.186472083713923,16.618418047513885,1
16961,11.211320122768308,16.587339991938475,1
16962,11.276483559823523,16.58717183789756,1
16963,11.230369803185878,16.604766136095925,1
16964,11.300350361831358,16.621104006127172,1
16965,11.30071833592343,16.613523044451306,1
16966,11.36333120066293,16.582816253772627,1
16967,11.342705543038313,16.57775216279505,1
16968,11.390093683422498,16.584743842945638,1
16969,11.408406987432265,16.596199844774016,1
16970,11.404175507000359,16.62752440626907,1
16971,11.461074448605219,16.61925951691957,1
16972,11.445072962108023,16.616593774438837,1
16973,11.517948354267444,16.595533260756593,1
16974,11.49764709710063,16.624950761272043,1
16975,11.570045917204403,16.60804001773682,1
16976,11.576010450666837,16.622712149995515,1
16977,11.581593598653416,16.622378216980053,1
16978,11.63787828447417,16.614380876182345,1
16979,11.650068240092386,16.584367343419625,1
16980,11.611711664083225,16.62986207646496,1
16981,11.641481736657383,16.61604256143491,1
16982,11.666783909653331,16.590580117325466,1
16983,11.677124547308912,16.583234527603135,1
16984,11.74491949569893,16.625782094896977,1
16985,11.752060654891874,16.622805144202644,1
16986,11.781701352177347,16.616594797995788,1
16987,11.782941911975996,16.578287086713637,1
16988,11.82654291799226,16.600596416517455,1
16989,11.822620384349669,16.627855575607914,1
16990,11.842064086044529,16.599389451590596,1
16991,11.871904733683268,16.61374904494564,1
16992,11.911163965642503,16.584527150078166,1
16993,11.90076414233067,16.580804253585754,1
16994,11.89942040742864,16.611595158241162,1
16995,11.9700625602368,16.58497062660118,1
16996,11.97127932463681,16.591222672506085,1
16997,11.937091773933272,16.5863132881867,1
16998,11.929249284210453,16.596259537198065,1
16999,11.993333840111381,16.605376927910264,1
17000,8.02122747773645,16.64121287685184,1
17001,8.040097870239727,16.647884602453363,1
17002,8.074412192834265,16.662554600956245,1
17003,8.057560143996353,16.66664516807134,1
17004,8.1232895656113,16.657761373741728,1
17005,8.113171253294949,16.638141188946303,1
17006,8.079449755797194,16.638277288079458,1
17007,8.121650246718756,16.66408565073953,1
17008,8.119628069114365,16.63663125545672,1
17009,8.13489277824097,16.64412878881191,1
17010,8.138148361284511,16.639094076794205,1
17011,8.150369029516659,16.648475805697288,1
17012,8.132933329304697,16.663903119431854,1
17013,8.166377982611442,16.668669922729734,1
17014,8.161409108363438,16.66950666976094,1
17015,8.213562663809842,16.681054528572844,1
17016,8.235163444566291,16.679742333534634,1
17017,8.191878586838518,16.666434398031228,1
17018,8.219684014213698,16.675902102520155,1
17019,8.187159807506957,16.681556111811467,1
17020,8.193668237896288,16.65649035355187,1
17021,8.242099238698145,16.679354680690725,1
17022,8.285921773906951,16.670205540110906,1
17023,8.270371462577295,16.63719361473011,1
17024,8.272260829263855,16.633568402543403,1
17025,8.314600268263098,16.68100111808527,1
17026,8.33322291378813,16.63356434068974,1
17027,8.31573279338402,16.67461173668116,1
17028,8.393137884505997,16.680961315707417,1
17029,8.393070044168324,16.672365431327155,1
17030,8.380152129716395,16.676575818652445,1
17031,8.405368018126609,16.646738013013252,1
17032,8.434624797334788,16.681065148941535,1
17033,8.408651763532552,16.65817179698011,1
17034,8.475824986236614,16.661878303538135,1
17035,8.461875693264286,16.65693507733185,1
17036,8.490010119354855,16.6805230846208,1
17037,8.46214385586202,16.666857596215568,1
17038,8.526619203911364,16.670807904195463,1
17039,8.534054868320807,16.676727365502657,1
17040,8.519663810772341,16.66029495855778,1
17041,8.552540454485097,16.64635538729573,1
17042,8.60603086615428,16.67363251997164,1
17043,8.647982106103022,16.662072767753205,1
17044,8.628977218336994,16.676625057985643,1
17045,8.663090078178413,16.637226452827598,1
17046,8.670772727115663,16.66838551928783,1
17047,8.673028070898262,16.676558755863613,1
17048,8.66430039489517,16.683152047959677,1
17049,8.705898687818044,16.682960523078577,1
17050,8.682452970519318,16.64146749220591,1
17051,8.70891581752918,16.680946021356796,1
17052,8.76850608101144,16.65676901166135,1
17053,8.740722868874663,16.640233604063752,1
17054,8.749612556118178,16.633117782930338,1
17055,8.764720836337313,16.636846664279513,1
17056,8.767242506103306,16.675496119547894,1
17057,8.810940835942782,16.649071894681814,1
17058,8.815639541605515,16.634797170875963,1
17059,8.82614805496484,16.6703019423629,1
17060,8.88575434962398,16.683717769445483,1
17061,8.881762685374479,16.632423924733736,1
17062,8.956532522310807,16.65647899668734,1
17063,8.937943000023026,16.681053759326726,1
17064,9.03566753143358,16.661907914656634,1
17065,9.005779420121408,16.681712324669466,1
17066,9.050597296154125,16.66270180320798,1
17067,9.051549655005449,16.653101370394417,1
17068,9.091777107740413,16.6340613781902,1
17069,9.120606920705843,16.66712242052031,1
17070,9.19027183565315,16.679773193751583,1
17071,9.171450475930012,16.651207124130263,1
17072,9.24585062879902,16.679005164818953,1
17073,9.215967531322475,16.669673832789737,1
17074,9.254050015096622,16.63630998271312,1
17075,9.33037273550889,16.674555990929143,1
17076,9.333336982911886,16.664004393324547,1
17077,9.362820679072575,16.68042010577179,1
17078,9.362185475523715,16.666334867705903,1
17079,9.41181625738127,16.662324809761618,1
17080,9.413220422419137,16.64253227793172,1
17081,9.510255545705371,16.684043159182945,1
17082,9.561576118811706,16.66677907741721,1
17083,9.569323557709893,16.6683238510554,1
17084,9.603406805566749,16.665055839415064,1
17085,9.608228182037108,16.634331302139206,1
17086,9.648336790577233,16.668472187283342,1
17087,9.65646186635733,16.633884078708373,1
17088,9.732293377493061,16.668003963865885,1
17089,9.694901436046178,16.65541561324998,1
17090,9.779291856367102,16.67333670213253,1
17091,9.73763350929677,16.66539737480886,1
17092,9.803765962029845,16.68069734231356,1
17093,9.797632317002833,16.642130225463887,1
17094,9.84678215260682,16.646037501568646,1
17095,9.886184772385873,16.683825000497446,1
17096,9.931851542429774,16.679169193425224,1
17097,9.936182780905598,16.68273709221691,1
17098,9.907225771038963,16.648866409126235,1
17099,9.970118002388391,16.63483263261155,1
17100,9.976016675809499,16.673907773065526,1
17101,10.011511775527513,16.676802046835174,1
17102,10.026753342552711,16.65428669163495,1
17103,10.08817878849152,16.654170935741167,1
17104,10.080107186885598,16.67017528815636,1
17105,10.097176154326332,16.65554515083692,1
17106,10.159885603996603,16.65802522895224,1
17107,10.123861981931281,16.664567029749538,1
17108,10.113555964224082,16.651861456624072,1
17109,10.191410242494776,16.668178179235767,1
17110,10.16980105374507,16.64594400324703,1
17111,10.253909694705472,16.679984871633152,1
17112,10.24682262784501,16.660452170137155,1
17113,10.273631905294199,16.657420066887052,1
17114,10.302050243766653,16.654306932880633,1
17115,10.269526639935258,16.672589654697422,1
17116,10.367518039338002,16.644189972795708,1
17117,10.343437846191852,16.64747090178113,1
17118,10.370821820011932,16.664029259460577,1
17119,10.334405898934076,16.659158224209108,1
17120,10.399708095069055,16.679826489358327,1
17121,10.412205173281322,16.645642544432036,1
17122,10.391411288660633,16.6706822826847,1
17123,10.412980163392376,16.669318152963097,1
17124,10.43055263226039,16.661638078905376,1
17125,10.439120998635905,16.668203744229046,1
17126,10.526311564562203,16.647112497819617,1
17127,10.582636722863915,16.641675550703006,1
17128,10.557185923736885,16.635331233808294,1
17129,10.539553215003036,16.661615631525855,1
17130,10.611269291109497,16.6498747542446,1
17131,10.629523828164857,16.644591948909806,1
17132,10.597910936706233,16.64151798454207,1
17133,10.636692261982283,16.683735796439297,1
17134,10.644347888833114,16.63843337520717,1
17135,10.679214260033183,16.668191322736405,1
17136,10.688736868758124,16.641002369029085,1
17137,10.760787321846223,16.67586284087413,1
17138,10.841452585952721,16.675191810741868,1
17139,10.825971195783106,16.65214938172507,1
17140,10.84792140757757,16.644287393798347,1
17141,10.889265374564056,16.638595252542654,1
17142,10.882389992728871,16.632471870519325,1
17143,10.874610325495757,16.650781252410006,1
17144,10.905007035678333,16.664351662840637,1
17145,10.953945850684306,16.661469537375183,1
17146,10.949737679630836,16.67315680277071,1
17147,10.910129392308846,16.656180604327275,1
17148,11.008350135622194,16.648143470669478,1
17149,10.967931682447384,16.63602719518127,1
17150,11.063904822895255,16.642669150498584,1
17151,11.063492675964053,16.65955889359009,1
17152,11.017520195101069,16.682846952675284,1
17153,11.095205377369032,16.679609169649833,1
17154,11.09522955590109,16.65294275490079,1
17155,11.106267247274838,16.6340675801645,1
17156,11.150006733698397,16.648231867170654,1
17157,11.171361768016034,16.652733771785204,1
17158,11.19178930395652,16.63351656904602,1
17159,11.199481963472993,16.672504304728477,1
17160,11.24109601745621,16.674913349466713,1
17161,11.253218877925569,16.63498094451349,1
17162,11.335520093567286,16.634752615443166,1
17163,11.307267460729703,16.675592594380493,1
17164,11.379596367753637,16.637815420279157,1
17165,11.375416383316866,16.682546908227415,1
17166,11.345741524129357,16.641208391064325,1
17167,11.42701750834898,16.67768952611494,1
17168,11.415576104412912,16.65761004839174,1
17169,11.482956498246605,16.662732387723356,1
17170,11.450579356439857,16.636147290466866,1
17171,11.537729552996204,16.63102271088329,1
17172,11.51248642877724,16.682726400035868,1
17173,11.602479023677233,16.650763559531434,1
17174,11.583349829196226,16.64413714897818,1
17175,11.585561550961923,16.68378543834836,1
17176,11.62291441280089,16.633375862517852,1
17177,11.624288077431093,16.635667225221496,1
17178,11.627976663064466,16.68383656116467,1
17179,11.671813866349229,16.673209982158404,1
17180,11.688114053281954,16.670021490642945,1
17181,11.67832826885589,16.664700752762958,1
17182,11.745118825016169,16.64028402163546,1
17183,11.722818371485568,16.653322093132648,1
17184,11.72466227000772,16.675591894449326,1
17185,11.765806057937008,16.64663457069995,1
17186,11.796203478718702,16.631086540040503,1
17187,11.817285822229364,16.6635415192991,1
17188,11.829238959570253,16.646633996254586,1
17189,11.840433917560654,16.662598667204737,1
17190,11.82955750972865,16.684123028010895,1
17191,11.91693687183645,16.679290069166157,1
17192,11.918863824151098,16.64490470701775,1
17193,11.877539117458992,16.635530549271003,1
17194,11.974289275167852,16.66130287448985,1
17195,11.945108300165254,16.63393870017793,1
17196,11.947314493260178,16.653024961745718,1
17197,11.958356276987095,16.68080225843489,1
17198,11.989439692267991,16.633960870952148,1
17199,11.995236434069328,16.665964861290043,1
17200,11.997017000978888,16.650900198792186,1
17201,8.018971545010404,16.733500787519198,1
17202,8.060640202368079,16.68883835882108,1
17203,8.04888438371251,16.72234131015481,1
17204,8.023311088977934,16.727220750811046,1
17205,8.084400104062372,16.686081446807815,1
17206,8.104226995180525,16.705951136282295,1
17207,8.092293553085378,16.693903878389836,1
17208,8.122303165791774,16.722947534032187,1
17209,8.17806549021262,16.69674710042209,1
17210,8.13708485197589,16.690427598035264,1
17211,8.141489119120086,16.69441817914758,1
17212,8.137858659222768,16.711135420346917,1
17213,8.153664090923067,16.726644993202456,1
17214,8.138287072673991,16.719162377084682,1
17215,8.210689285809892,16.713462300738414,1
17216,8.233308457645148,16.69747772922684,1
17217,8.234803926864794,16.70439739275481,1
17218,8.194189443851931,16.716015932184245,1
17219,8.272593664727095,16.714524390585414,1
17220,8.274242866755923,16.72893570443067,1
17221,8.247572326576874,16.73460011475114,1
17222,8.270392449832178,16.705165491752123,1
17223,8.321732442985969,16.732046433766676,1
17224,8.305091443605717,16.706842636672075,1
17225,8.304870808706239,16.71630881884847,1
17226,8.29112771509084,16.706121548964756,1
17227,8.33231122038967,16.70703719572576,1
17228,8.39468379611586,16.691025621804517,1
17229,8.377884707798017,16.697362231300612,1
17230,8.37211697007074,16.70134594089706,1
17231,8.383041883578064,16.711725515595372,1
17232,8.461542294149782,16.69858121873931,1
17233,8.47201746830498,16.726534320170153,1
17234,8.517072595364077,16.69494118440078,1
17235,8.512536431219726,16.69986952628495,1
17236,8.549567211624064,16.72275013642997,1
17237,8.55818832303518,16.73046464695369,1
17238,8.624415780916465,16.70847554738536,1
17239,8.65829689651851,16.71903639893184,1
17240,8.618219629138048,16.694339398798594,1
17241,8.708907526926723,16.694863382999927,1
17242,8.701772310221168,16.708250157076126,1
17243,8.689690189810227,16.71821051856788,1
17244,8.71245977286642,16.72752648726448,1
17245,8.666194963880757,16.733060489501035,1
17246,8.769377800574938,16.731071129709427,1
17247,8.717438796606247,16.736473095761912,1
17248,8.728307373096998,16.690832450993966,1
17249,8.799247116874735,16.700421000572387,1
17250,8.836946085282946,16.691383888623577,1
17251,8.860182854013626,16.687916168944387,1
17252,8.9034324324608,16.729609136125514,1
17253,8.92697313236286,16.727791707369505,1
17254,8.964432902348792,16.716022679566787,1
17255,8.961003903020789,16.719238757091176,1
17256,9.007584781066447,16.714558061449996,1
17257,9.012936880281954,16.7070579124201,1
17258,9.03958238525151,16.701659895097652,1
17259,9.058315661189093,16.700950253174117,1
17260,9.12093041010628,16.731339509127373,1
17261,9.193346465918504,16.703459391530767,1
17262,9.1519169266979,16.710542967843136,1
17263,9.198308754212674,16.732086386476897,1
17264,9.227432447296293,16.73736672579936,1
17265,9.290671265074216,16.716563145051357,1
17266,9.301151714476287,16.726842637406303,1
17267,9.33473034705001,16.70071395798572,1
17268,9.341018791259796,16.702163856339066,1
17269,9.379537161239377,16.69206558000225,1
17270,9.398217531647674,16.715893716933852,1
17271,9.399096708019766,16.734699161887576,1
17272,9.431098945872034,16.693651191262937,1
17273,9.416045122153276,16.713426034423996,1
17274,9.48357536640606,16.692405734535832,1
17275,9.546932332424882,16.705587598151876,1
17276,9.611581150132997,16.73252404153339,1
17277,9.577513670776622,16.718220014306194,1
17278,9.676231181186221,16.702215667598217,1
17279,9.637507271525385,16.690483101287445,1
17280,9.716413602978902,16.704148695215746,1
17281,9.71480715810422,16.70442277963953,1
17282,9.764121202211957,16.710744160400324,1
17283,9.75764525466364,16.718850920207384,1
17284,9.81968727499869,16.689625822667633,1
17285,9.826821414754892,16.71026162941504,1
17286,9.883870303221189,16.69191278005435,1
17287,9.874690484949477,16.727761389666888,1
17288,9.893335471804116,16.705582071622462,1
17289,9.897100108690386,16.71580138797177,1
17290,9.896540486069087,16.706034327163966,1
17291,9.962532317788856,16.710494341380407,1
17292,9.97968320825064,16.70099470202478,1
17293,10.037124189321634,16.70504297658629,1
17294,10.024213650624146,16.7178244058327,1
17295,10.053885527700103,16.73247748033528,1
17296,10.06911133377097,16.70860474163373,1
17297,10.081347207267287,16.713354243992807,1
17298,10.125651407247014,16.69301957770901,1
17299,10.129101541376063,16.707861427161724,1
17300,10.153316810405112,16.7267690841749,1
17301,10.15870335368544,16.72610074770261,1
17302,10.208383232322165,16.71739615463758,1
17303,10.206289891321104,16.72551119452164,1
17304,10.19463698939344,16.7298049449388,1
17305,10.199680355195825,16.688281206878106,1
17306,10.215386432251828,16.696163091949334,1
17307,10.232222160102582,16.736888481632974,1
17308,10.302073023104306,16.689950019872345,1
17309,10.288040355142659,16.696645153063404,1
17310,10.368077757722208,16.706526073644493,1
17311,10.371233204028385,16.717318665952707,1
17312,10.333397417531831,16.71511057968517,1
17313,10.347414177597848,16.711574991096867,1
17314,10.38371904841222,16.730725066046382,1
17315,10.397485567074918,16.731879544457527,1
17316,10.386353194363275,16.707283659893367,1
17317,10.39089856819002,16.717696857181416,1
17318,10.412355662022518,16.701019803433752,1
17319,10.429715172468411,16.700504642850298,1
17320,10.432759446717025,16.68693519771297,1
17321,10.436865680662255,16.71488344034509,1
17322,10.430415067536961,16.729215645038355,1
17323,10.483811110981568,16.72019217523833,1
17324,10.499061214219598,16.72297510762199,1
17325,10.58567168231344,16.68604993554172,1
17326,10.538917173230562,16.7270968025198,1
17327,10.630246706984503,16.73316114370021,1
17328,10.591124949959132,16.734926540473836,1
17329,10.60733980058095,16.696848484831257,1
17330,10.61401136811997,16.701587131519304,1
17331,10.68867110990155,16.71390062915332,1
17332,10.676600691835493,16.71586250558476,1
17333,10.676022423540601,16.68576842083972,1
17334,10.742201717960308,16.70163214759972,1
17335,10.77352358491843,16.685354701828096,1
17336,10.802945353544516,16.73470279940203,1
17337,10.84305989058267,16.732552315619067,1
17338,10.832076864765154,16.72246335970439,1
17339,10.900634387673296,16.71625254157805,1
17340,10.882985201977412,16.708856018368667,1
17341,10.893875215758262,16.722579820363755,1
17342,10.868577606435451,16.686914257835152,1
17343,10.927878128573841,16.693054473076163,1
17344,10.933010547302771,16.690959606876064,1
17345,10.94507432033932,16.721535622746995,1
17346,10.920066595531129,16.710131806433747,1
17347,10.98952548563898,16.696210662166106,1
17348,11.000076569564847,16.688977571616505,1
17349,11.056857034961627,16.728100317182378,1
17350,11.056646162122208,16.730214377723975,1
17351,11.028609683621568,16.71846385586933,1
17352,11.086244534769872,16.69639085485458,1
17353,11.088220789492693,16.698747222786846,1
17354,11.119359084014905,16.69900811880257,1
17355,11.155252845084023,16.687022542517106,1
17356,11.127251367899321,16.689681206562216,1
17357,11.215334237717967,16.723020421874516,1
17358,11.229558241685409,16.730130138340847,1
17359,11.278225477355457,16.69632617597209,1
17360,11.256708595118972,16.702975498655366,1
17361,11.23353939233814,16.728901444238623,1
17362,11.322489899848316,16.71902170357005,1
17363,11.292286162139382,16.701233564739372,1
17364,11.334051921334765,16.70917753702477,1
17365,11.35264821908999,16.712700503175405,1
17366,11.375540939514625,16.736757787556375,1
17367,11.386138401495462,16.699739234135365,1
17368,11.3911515060208,16.709505215488317,1
17369,11.403279222497568,16.704877401565778,1
17370,11.438182638445562,16.693155665972345,1
17371,11.496119949827689,16.701134786186376,1
17372,11.469055217892238,16.717174621406254,1
17373,11.485819505149296,16.69481751742327,1
17374,11.517740321938264,16.690051327860687,1
17375,11.498933825377536,16.72603468900111,1
17376,11.568611235813188,16.692717785904335,1
17377,11.575947035178581,16.713777107827696,1
17378,11.647894361807449,16.733030541988818,1
17379,11.639822660565402,16.69327101313212,1
17380,11.680305464336707,16.689377445087135,1
17381,11.702274944363797,16.689082024388327,1
17382,11.739716046356024,16.696492695043236,1
17383,11.761537297355005,16.729218690120845,1
17384,11.793058756658029,16.706856539368513,1
17385,11.774569586292369,16.71747395191209,1
17386,11.81703621350504,16.734171063448038,1
17387,11.863486727399266,16.729408245777996,1
17388,11.869455319037908,16.689740256952216,1
17389,11.900844697029699,16.704256450293713,1
17390,11.88465516733164,16.71634709291016,1
17391,11.887288831677939,16.72886194471722,1
17392,11.946561978114755,16.70450651516689,1
17393,11.963941728098344,16.713975794467775,1
17394,11.971135683440343,16.702955842031386,1
17395,11.946565242324592,16.717098854092963,1
17396,8.018117131060643,16.74071901283638,1
17397,8.04084077305165,16.764491071798712,1
17398,8.02366108411281,16.741142900344975,1
17399,8.08418284608821,16.771527155547364,1
17400,8.107266718006855,16.753134459271138,1
17401,8.121545802395003,16.773458247402758,1
17402,8.156542457693671,16.74360401926715,1
17403,8.157937247840602,16.750343085910764,1
17404,8.153908878375105,16.75825718423848,1
17405,8.130548513332046,16.78343241786619,1
17406,8.191359037858927,16.78185777459394,1
17407,8.231754121509471,16.764295158293894,1
17408,8.230603658795284,16.739439208555186,1
17409,8.27347273079939,16.748759685464233,1
17410,8.243126017308343,16.74479904824165,1
17411,8.27241132888501,16.771044074348627,1
17412,8.288437582945516,16.76472294005118,1
17413,8.30832408956481,16.783849596750915,1
17414,8.31752714095479,16.74681135986405,1
17415,8.29783900184975,16.76645864020679,1
17416,8.290591530940384,16.743847225043044,1
17417,8.293085407387267,16.743920606739206,1
17418,8.357889376421744,16.758113178029898,1
17419,8.355625118213132,16.759686030832054,1
17420,8.375864399925256,16.742058060468228,1
17421,8.609386663873362,16.7740192916782,1
17422,8.572071145224092,16.744724224330504,1
17423,8.614734174600478,16.787818663118152,1
17424,8.61211862557198,16.748933662415048,1
17425,8.618266880352325,16.767579974995222,1
17426,8.616026646625958,16.79104849790888,1
17427,8.68955582848191,16.790360584967498,1
17428,8.680231179151352,16.764394338341333,1
17429,8.665164191166825,16.778328860352456,1
17430,8.672063744474649,16.74489432937228,1
17431,8.76506510437669,16.783755953086683,1
17432,8.769257138631122,16.770139940044704,1
17433,8.73737237001638,16.78529181504426,1
17434,8.793422107592674,16.770030249320758,1
17435,8.791043305595705,16.7537269954137,1
17436,8.7951296945863,16.79028112354154,1
17437,8.835128534251576,16.76680648932748,1
17438,8.830552481961726,16.757525772685952,1
17439,8.850592433020594,16.784165895510817,1
17440,8.894801868175591,16.77863707845078,1
17441,8.930327013185323,16.76492270143272,1
17442,8.915458200963675,16.788801745057533,1
17443,8.965870535121956,16.77631569626905,1
17444,8.944667096798755,16.774396603208288,1
17445,8.990662412006557,16.739413794849824,1
17446,8.989400293272451,16.749952887956233,1
17447,9.007197567013352,16.758336904905857,1
17448,9.073158105447954,16.772887719994763,1
17449,9.074245344566348,16.780102646087627,1
17450,9.105757669210128,16.78184293163912,1
17451,9.159511297783705,16.77226946928962,1
17452,9.241521463985064,16.75159314179508,1
17453,9.278303374761354,16.772927263670077,1
17454,9.302790479649854,16.7718070680827,1
17455,9.316045455429594,16.738932826417248,1
17456,9.358215460327953,16.78549037958278,1
17457,9.401581544087392,16.7718152740847,1
17458,9.39175015938473,16.78192637309618,1
17459,9.382332317442414,16.754957616642773,1
17460,9.4274112693312,16.759565077079213,1
17461,9.438445441819422,16.756341012989733,1
17462,9.535047780748206,16.755524176694372,1
17463,9.609047866033304,16.763594933677513,1
17464,9.57868489853611,16.757570082006293,1
17465,9.58981779132955,16.756865225526425,1
17466,9.630089302168962,16.753418741409224,1
17467,9.657376524339783,16.78404153774586,1
17468,9.655760881113267,16.779385365241783,1
17469,9.710589396434534,16.784100784934218,1
17470,9.723423801304744,16.769546487822822,1
17471,9.775710933744408,16.738083028461688,1
17472,9.754524774469964,16.79066427311067,1
17473,9.823614524260886,16.78183571519157,1
17474,9.811011048074647,16.77042106484131,1
17475,9.881900641585043,16.78864442769101,1
17476,9.868107117095368,16.763466877972135,1
17477,9.910489248924423,16.76502321506408,1
17478,9.926805002803695,16.782935945171978,1
17479,9.926735906462916,16.789678108806793,1
17480,9.97241307907542,16.78702297381158,1
17481,9.948260873384866,16.784505116928315,1
17482,10.021025554077541,16.743805960691173,1
17483,10.013949390241516,16.767834329263394,1
17484,10.094134419609466,16.75574158726545,1
17485,10.08552013747602,16.738273082049783,1
17486,10.080400853194327,16.765592105305505,1
17487,10.128698316146982,16.769373480016508,1
17488,10.129522428371988,16.748242248174535,1
17489,10.122823250816163,16.750010353007124,1
17490,10.134094907810328,16.764245693455894,1
17491,10.160380794061325,16.738567983434407,1
17492,10.202747269395594,16.767618058589296,1
17493,10.20593515391998,16.73894044866931,1
17494,10.2077156020499,16.745331055818202,1
17495,10.202619266739108,16.760732429447657,1
17496,10.190997622310583,16.77449628430565,1
17497,10.236786290590253,16.782726861198725,1
17498,10.263181356624658,16.758686157067537,1
17499,10.243964524294245,16.766819273448057,1
17500,10.24636350826819,16.7588090925685,1
17501,10.294006300884744,16.767996732259686,1
17502,10.309818385397797,16.753019576594973,1
17503,10.333821042649525,16.755652180744722,1
17504,10.332049365403217,16.781082290966236,1
17505,10.352435107942595,16.757677790882273,1
17506,10.425520099035209,16.77158159153157,1
17507,10.41836378184069,16.77585915935249,1
17508,10.397991730152269,16.745209389304055,1
17509,10.404289681906326,16.74379499079745,1
17510,10.410506397424252,16.746706899967858,1
17511,10.431503886432047,16.775969162328067,1
17512,10.475878869414395,16.765086461266055,1
17513,10.437306286680593,16.7527349195317,1
17514,10.456836595628491,16.750632076870886,1
17515,10.516112017058594,16.766779930233756,1
17516,10.490311384040986,16.77931898811827,1
17517,10.580296948286058,16.77326582445165,1
17518,10.631002149548086,16.73833152139074,1
17519,10.595102493442441,16.75237514237367,1
17520,10.680207429330281,16.739303711177875,1
17521,10.65098581501463,16.75101715348516,1
17522,10.653687743115535,16.74738771166925,1
17523,10.705020868799389,16.779697792100016,1
17524,10.701996943551638,16.782904182898392,1
17525,10.78583828141818,16.744617399292675,1
17526,10.835345243077258,16.768973855389508,1
17527,10.849178895680792,16.761288961328297,1
17528,10.845574572695286,16.78224983181392,1
17529,10.866650046115192,16.740961321330918,1
17530,10.896653679724196,16.74255787238126,1
17531,10.868102502454805,16.770699827500092,1
17532,10.860896829335312,16.7450892052831,1
17533,10.952304941259591,16.784952578629046,1
17534,10.96220247487623,16.741584576473294,1
17535,10.938554258271601,16.76720677445989,1
17536,10.927428663983836,16.78533209748345,1
17537,10.982034171066683,16.756455652718945,1
17538,10.964161828848846,16.74362232018558,1
17539,11.054242057030486,16.756997233978645,1
17540,11.01958212545985,16.762663081910006,1
17541,11.029619158642811,16.75731996555233,1
17542,11.08983434842556,16.762227057232153,1
17543,11.087083505850561,16.790989376519736,1
17544,11.076950828931663,16.756838868640234,1
17545,11.109929365229432,16.769921015136916,1
17546,11.13482082678151,16.778191069851786,1
17547,11.148248984906813,16.774172179541814,1
17548,11.20252665151618,16.763392432216502,1
17549,11.179173093442069,16.748080732845736,1
17550,11.203679668647327,16.790886010492297,1
17551,11.235185760080894,16.790980495910734,1
17552,11.275830053455678,16.75854913480182,1
17553,11.272841797221798,16.75185351630756,1
17554,11.256933679518282,16.786528506466276,1
17555,11.320246195822493,16.775229573042374,1
17556,11.335257899578748,16.788668248580958,1
17557,11.3055961146053,16.791373910634867,1
17558,11.34963032489904,16.760713234875418,1
17559,11.352679377606432,16.761471078596244,1
17560,11.421296899791178,16.73823537640728,1
17561,11.438963650028121,16.739564699724177,1
17562,11.414032735958227,16.749053192988868,1
17563,11.491463573762537,16.766230775015984,1
17564,11.466053109784113,16.74328819205762,1
17565,11.476221678943663,16.781301702121095,1
17566,11.500187186144192,16.760888180021507,1
17567,11.548909412291753,16.74586915781699,1
17568,11.603145555763525,16.785804530871474,1
17569,11.55270904189186,16.79013096464084,1
17570,11.618426082007353,16.786236431122692,1
17571,11.653536770186575,16.75463999084233,1
17572,11.692654646060676,16.78041669450021,1
17573,11.74261340025483,16.761806244182193,1
17574,11.75241139671041,16.782267613044073,1
17575,11.808599362574375,16.77395808442925,1
17576,11.791202012237008,16.748100421600483,1
17577,11.774024275386914,16.76619615505195,1
17578,11.828400439997194,16.738736147132066,1
17579,11.827554819366403,16.7529496152247,1
17580,11.882610478099016,16.753377641395083,1
17581,11.914259221327812,16.772775655883244,1
17582,11.940807171509467,16.777485640137186,1
17583,11.950842433711546,16.782596284138556,1
17584,11.96276749761516,16.777166410013653,1
17585,11.999142033369623,16.786452210290626,1
17586,11.995818371701697,16.75752159022023,1
17587,11.989688455139001,16.783646882398646,1
17588,8.003144841340134,16.80469073729834,1
17589,8.005098758935533,16.80108879752766,1
17590,8.038330848038814,16.799602861365532,1
17591,8.032512180755207,16.82701036518035,1
17592,8.072131717497905,16.838066655453254,1
17593,8.08533618283206,16.812136990592542,1
17594,8.12491934425373,16.830911852163243,1
17595,8.115044666045911,16.83004815226735,1
17596,8.12884464467794,16.817661583497458,1
17597,8.13493232852195,16.8245475829325,1
17598,8.149442233107074,16.816801729814422,1
17599,8.197128385517265,16.819509981063995,1
17600,8.185593839139052,16.79519656442717,1
17601,8.213158205382511,16.827983303476152,1
17602,8.281878927660822,16.81280333834604,1
17603,8.236449001732643,16.83062208142552,1
17604,8.262720742384651,16.828262538815306,1
17605,8.235707639664632,16.82977180984801,1
17606,8.338793842793192,16.805098941832323,1
17607,8.302566458005197,16.84214723299286,1
17608,8.336502787880118,16.83359319099457,1
17609,8.378108372499526,16.806407016405828,1
17610,8.353188686277306,16.821551108845817,1
17611,8.479491023725844,16.8202238898359,1
17612,8.596538329176855,16.83958717473562,1
17613,8.575624645484476,16.83308494653705,1
17614,8.603571827312011,16.838319760696326,1
17615,8.66232857244668,16.82824899904827,1
17616,8.627452594196763,16.81086283390151,1
17617,8.662369477795561,16.794210165505177,1
17618,8.634437312047929,16.794295403437946,1
17619,8.716337068144474,16.83412092158664,1
17620,8.70299758922452,16.812411776171334,1
17621,8.667349027520427,16.79145776798956,1
17622,8.670373803812437,16.818962388401026,1
17623,8.748957276873464,16.80455095021521,1
17624,8.7428090396374,16.81310560545274,1
17625,8.746934978321873,16.83572324184968,1
17626,8.792221379523626,16.79655226261685,1
17627,8.816919348203772,16.842842149455628,1
17628,8.804440248617366,16.84474802763066,1
17629,8.782800583105434,16.799630377783075,1
17630,8.8678802646527,16.821090967809436,1
17631,8.876717618911954,16.798445377604228,1
17632,8.862787372975088,16.821302132850885,1
17633,8.916841494572484,16.816266451267268,1
17634,8.91205733389097,16.834709955607515,1
17635,8.897437810956058,16.821939397315205,1
17636,8.971055516857602,16.825265796609933,1
17637,8.93268368213675,16.83873256009474,1
17638,8.949976564048274,16.817592874609243,1
17639,8.947783835808561,16.82724635289813,1
17640,8.987590093675712,16.837836216338292,1
17641,8.98852323162772,16.81853650442893,1
17642,8.99080927090155,16.83204550164698,1
17643,9.026631692020228,16.830275066365527,1
17644,9.019091235073834,16.795806766457186,1
17645,9.046407707623086,16.806842374172604,1
17646,9.047682748156243,16.84408603802966,1
17647,9.089527240454467,16.812783429548418,1
17648,9.067859915892509,16.805937326021038,1
17649,9.118288553727211,16.796428528879957,1
17650,9.23020414676181,16.81280310004207,1
17651,9.28244291813782,16.82821370765532,1
17652,9.261410003607775,16.820680583203828,1
17653,9.322768266584383,16.821310215628003,1
17654,9.342980978391033,16.83447532984125,1
17655,9.392435937015128,16.79224046515544,1
17656,9.36653035750618,16.79247977763773,1
17657,9.427474495317714,16.830988991350882,1
17658,9.444630053369309,16.82136237760566,1
17659,9.493185312763117,16.80256116769997,1
17660,9.573867767308236,16.79372604006005,1
17661,9.576278810792896,16.840813083554867,1
17662,9.626714514754134,16.804087589488574,1
17663,9.659253024202785,16.841107068847116,1
17664,9.668583893064245,16.824712821063375,1
17665,9.724379200374152,16.819784351786957,1
17666,9.71702509981333,16.832385936123814,1
17667,9.756096292369147,16.80590642663124,1
17668,9.763488586532402,16.82235001851138,1
17669,9.798924462019386,16.83615794983833,1
17670,9.839102994456288,16.83622273535906,1
17671,9.875080453568222,16.83899451615525,1
17672,9.86619984874917,16.822847962105197,1
17673,9.938225373894106,16.806193635682224,1
17674,9.938179745731716,16.83027479620697,1
17675,9.980222227736157,16.836719779739152,1
17676,9.968861614078405,16.79431542370419,1
17677,10.0331680698518,16.80318364853544,1
17678,10.031735472602195,16.844778258919735,1
17679,10.0616211245398,16.820775275892345,1
17680,10.064364163332034,16.8276615891915,1
17681,10.060829688181327,16.79573472520229,1
17682,10.117704124511599,16.834527336348227,1
17683,10.109754276177336,16.819989949850584,1
17684,10.150211563502744,16.801060927465965,1
17685,10.108151097439354,16.812385986229796,1
17686,10.169953727898598,16.833119190279206,1
17687,10.204484399004084,16.816478230041785,1
17688,10.192260303150444,16.836415287983137,1
17689,10.203140644626984,16.82030587639693,1
17690,10.212926986725211,16.79766974065997,1
17691,10.230181866379013,16.793504388296004,1
17692,10.265498532278912,16.793347983960086,1
17693,10.259685659893812,16.824570203839034,1
17694,10.229550556186533,16.81903283376382,1
17695,10.23326942394535,16.808091958159583,1
17696,10.280586508375103,16.82006874004588,1
17697,10.274305254243043,16.794931963811152,1
17698,10.353491951071511,16.792259006261176,1
17699,10.362499449426547,16.794729929018086,1
17700,10.344135043462922,16.830178869000385,1
17701,10.387511978507153,16.836806452238974,1
17702,10.417790788239689,16.81278809051653,1
17703,10.384431520404762,16.84358303740626,1
17704,10.399982609687038,16.79761551434075,1
17705,10.468859226194965,16.83957109069562,1
17706,10.444473274151392,16.816285160636575,1
17707,10.43373761992531,16.79272784554476,1
17708,10.508029577549351,16.794518943700297,1
17709,10.55964269112408,16.80174424282098,1
17710,10.589345648497812,16.80802471255219,1
17711,10.611441669590256,16.82969538859193,1
17712,10.694436771236962,16.84168118863231,1
17713,10.694751043713577,16.796715025623374,1
17714,10.673236750959717,16.808665111792937,1
17715,10.718621916840682,16.819904883128544,1
17716,10.72125709099905,16.814824138514005,1
17717,10.71025653554833,16.840421522571553,1
17718,10.781579759709548,16.829203863731312,1
17719,10.83653237846876,16.828403521189838,1
17720,10.851560911924665,16.824649976164167,1
17721,10.877947837414727,16.80244556689964,1
17722,10.904770530439158,16.79181303056629,1
17723,10.867526045814463,16.843320571946933,1
17724,10.958694495308604,16.829179708828736,1
17725,10.941767566605483,16.814527341716488,1
17726,10.922562058037643,16.806344007216794,1
17727,10.990983917254473,16.832865624111147,1
17728,10.99953531951804,16.84340756525874,1
17729,11.055601794950594,16.80551742638166,1
17730,11.018579524008818,16.79361399100462,1
17731,11.042773470193868,16.836825570148903,1
17732,11.083629015273857,16.841656607897313,1
17733,11.078266749803314,16.827425734137385,1
17734,11.078291175948728,16.839602496477532,1
17735,11.126883534899154,16.833349512761625,1
17736,11.153608713346964,16.818495197371515,1
17737,11.178142432518596,16.832987683197786,1
17738,11.193536046973167,16.79285437150542,1
17739,11.282864525078027,16.83831166864429,1
17740,11.275626244124723,16.823563916937168,1
17741,11.255303002682224,16.84104836076103,1
17742,11.286556641252073,16.839062479410668,1
17743,11.295269861701794,16.792718891782073,1
17744,11.327760526823704,16.805431525744613,1
17745,11.337026603128653,16.82125075117185,1
17746,11.348235480427476,16.820147921031506,1
17747,11.410410520593114,16.842666816135875,1
17748,11.439615193535964,16.825674922783517,1
17749,11.403278548077575,16.828876843984553,1
17750,11.462384607451162,16.835093383865686,1
17751,11.472653321850482,16.83245750318936,1
17752,11.45829661681776,16.836582393347566,1
17753,11.462879190174123,16.833131780183457,1
17754,11.53071843937787,16.834434587096226,1
17755,11.545842633915113,16.841770600025544,1
17756,11.53713937793928,16.79584685945953,1
17757,11.558712344680844,16.837506217274953,1
17758,11.595206261670745,16.817264692394325,1
17759,11.603362032803902,16.84044602887643,1
17760,11.650200774961123,16.82014600596432,1
17761,11.609692402131367,16.821347606908606,1
17762,11.628681726032974,16.820486252326848,1
17763,11.70027542714728,16.794900507732297,1
17764,11.685824201996972,16.825928349231074,1
17765,11.726429394513374,16.828946360868827,1
17766,11.75324866474326,16.836845577756048,1
17767,11.745655859486112,16.829356198371585,1
17768,11.798106520563257,16.801575005841208,1
17769,11.769100948830754,16.824757882272436,1
17770,11.768332272845683,16.81930755445713,1
17771,11.777307847844478,16.825839993180075,1
17772,11.87064816017398,16.795824598702797,1
17773,11.833458438169115,16.809202806335477,1
17774,11.838789987478231,16.796741717839144,1
17775,11.84000907791586,16.824324209346038,1
17776,11.887522310824421,16.84157138646361,1
17777,11.890940349511936,16.82371657214069,1
17778,11.948825048632278,16.825446992270297,1
17779,11.997234969303195,16.811168197920068,1
17780,11.99946050444031,16.820948035507353,1
17781,8.009587285994744,16.847596499886475,1
17782,8.008611621556778,16.867590960753887,1
17783,8.03675980892669,16.845912018237893,1
17784,8.067383397016608,16.872099301661223,1
17785,8.047681959207706,16.870197200031303,1
17786,8.119070154100813,16.888765319174915,1
17787,8.109159754405088,16.894064639081748,1
17788,8.114884824305669,16.894783597902165,1
17789,8.152536029592007,16.876171025963536,1
17790,8.132682836776938,16.887706332426614,1
17791,8.134640285844434,16.86134462305923,1
17792,8.218292802446463,16.87156186119249,1
17793,8.219607622798616,16.86788976325761,1
17794,8.229273639673863,16.882106544474464,1
17795,8.240963554492987,16.89157409188716,1
17796,8.267735056804494,16.860680661977845,1
17797,8.283267216427193,16.886459337112314,1
17798,8.310777538352522,16.8534414544821,1
17799,8.323589338580796,16.880719414700657,1
17800,8.370824671846998,16.863251172670108,1
17801,8.40886980766348,16.859064650941452,1
17802,8.47683244018784,16.86604584571137,1
17803,8.470827889657196,16.884085058992955,1
17804,8.537318226056689,16.86531366267887,1
17805,8.535395132737108,16.886977418609,1
17806,8.568243309143929,16.863260466651404,1
17807,8.582002618144834,16.851051598002325,1
17808,8.575789484283096,16.87150375255513,1
17809,8.63565430238304,16.848858735675194,1
17810,8.61687654660311,16.869222214238203,1
17811,8.657522934696777,16.864989204370783,1
17812,8.704730361855118,16.885325010371197,1
17813,8.682457521843121,16.885770259185865,1
17814,8.70216507020412,16.85315091220154,1
17815,8.760969562245672,16.880696048580543,1
17816,8.761211343513489,16.861477813134496,1
17817,8.766791783301732,16.897061615917487,1
17818,8.741733328338706,16.893259161948972,1
17819,8.798168279680386,16.864880473521545,1
17820,8.812047430441629,16.876519707571042,1
17821,8.770546559665755,16.884830899459374,1
17822,8.852612911872361,16.85597555630327,1
17823,8.840781784439157,16.870258115348626,1
17824,8.870513240944174,16.890291581389366,1
17825,8.852457992595646,16.874661831690673,1
17826,8.906003564446065,16.89372597885852,1
17827,8.902425595921287,16.894915436452056,1
17828,8.889109391134307,16.885771242771217,1
17829,8.910860323086913,16.847751008106286,1
17830,8.918891119933921,16.890000762858385,1
17831,8.93813767498979,16.848776802830784,1
17832,8.941283794070282,16.848120623860435,1
17833,8.938917001072685,16.877913367059307,1
17834,8.939259012793107,16.86408467981608,1
17835,8.94233133791111,16.885145184564646,1
17836,8.931322732936692,16.845307910740143,1
17837,9.021187519951795,16.87642854575028,1
17838,9.014965858069974,16.884933208321943,1
17839,9.02645139027069,16.845092183659943,1
17840,9.021809184041064,16.85644323854987,1
17841,9.024984361984702,16.88878960337519,1
17842,9.000848214409034,16.870453063614637,1
17843,9.045398364813941,16.870869830625985,1
17844,9.03985606684887,16.896094273309544,1
17845,9.061034434490129,16.857111981362653,1
17846,9.081410701268513,16.886812478346574,1
17847,9.22063890397674,16.88637900745873,1
17848,9.251789192528266,16.849212162899324,1
17849,9.35730781956533,16.888305113072015,1
17850,9.364827017969308,16.851204262908784,1
17851,9.380332310071788,16.84715105267011,1
17852,9.461984915942105,16.871412493033993,1
17853,9.468765753285073,16.87262683935965,1
17854,9.515916655850583,16.88223251447292,1
17855,9.563734793213722,16.847470909681753,1
17856,9.580178172314774,16.870429276980065,1
17857,9.650900773915914,16.85772453147021,1
17858,9.670505101298957,16.86690568433519,1
17859,9.718903111686211,16.85135701995443,1
17860,9.699644669407139,16.887646077829412,1
17861,9.769485647777492,16.895539060619754,1
17862,9.746278432281418,16.88720594141852,1
17863,9.784195196117407,16.87684992788293,1
17864,9.813639500246067,16.886703424819036,1
17865,9.835882173059863,16.85214785206707,1
17866,9.793584680784198,16.89611371898488,1
17867,9.869410904582242,16.867230071375552,1
17868,9.840574065501709,16.858077607808568,1
17869,9.920904320824661,16.86133180245356,1
17870,9.953962139557897,16.848836243455946,1
17871,9.982895375869004,16.888098343956777,1
17872,10.002540314327069,16.855421985986176,1
17873,10.045247243485885,16.88399248440767,1
17874,10.033514680661145,16.882244586582857,1
17875,10.105572950087513,16.868395895987028,1
17876,10.057634082340936,16.883526434460194,1
17877,10.131437795927798,16.890404779619384,1
17878,10.138846919164122,16.87612048616669,1
17879,10.164176106218754,16.8646250080509,1
17880,10.204623804479333,16.877115436074718,1
17881,10.185661683081339,16.89316409950286,1
17882,10.227809288604648,16.88867260087025,1
17883,10.247505644729692,16.845700378558462,1
17884,10.217456669432547,16.866670353775483,1
17885,10.225864726213976,16.862784243666713,1
17886,10.294258934303192,16.850865451206325,1
17887,10.280517199918064,16.848990607863076,1
17888,10.340680651393964,16.85955674745703,1
17889,10.352801269018322,16.88549353285809,1
17890,10.335456747739357,16.880882588234638,1
17891,10.388571348451462,16.88617852773322,1
17892,10.387234651447566,16.884167273540555,1
17893,10.402912868774598,16.856764992362958,1
17894,10.476286263366418,16.861145274774795,1
17895,10.45500124406596,16.86903849134473,1
17896,10.43239035629074,16.876948989028953,1
17897,10.481638589227389,16.887240935714754,1
17898,10.521550554000367,16.866189571016818,1
17899,10.543437333152102,16.862884399853666,1
17900,10.54274905858515,16.861962332016,1
17901,10.625080653452288,16.891749782715994,1
17902,10.590445094450708,16.887472828771543,1
17903,10.687250851378627,16.89583445686543,1
17904,10.664415950254197,16.846182979335918,1
17905,10.686891289918215,16.875008315635434,1
17906,10.680250981751554,16.850697968118528,1
17907,10.734244764254298,16.889005977065843,1
17908,10.723399961988427,16.88456407724109,1
17909,10.724253926705149,16.847558812048895,1
17910,10.791248936913066,16.852159713749735,1
17911,10.785286715811566,16.85559325334998,1
17912,10.80446581386848,16.87853210063065,1
17913,10.820026328346781,16.873344102590938,1
17914,10.862428916636548,16.881600380081636,1
17915,10.876541289222036,16.884494853769283,1
17916,10.8944643604671,16.88709110119212,1
17917,10.931647551787988,16.890643249140307,1
17918,10.94336386700026,16.861290851303266,1
17919,10.989501955133443,16.86500188492144,1
17920,10.963626691212214,16.896858780207822,1
17921,11.035960393651177,16.89373242255433,1
17922,11.044167205232576,16.860648577216246,1
17923,11.042668514169454,16.896027231430402,1
17924,11.082977988841431,16.882893982417364,1
17925,11.118819478934471,16.8464217985047,1
17926,11.111069159657731,16.856791598032043,1
17927,11.161549286895205,16.89629797465335,1
17928,11.1353255674745,16.852923614636637,1
17929,11.215327085972767,16.86498732609625,1
17930,11.192817877008672,16.86310846387191,1
17931,11.25512269149137,16.858449749042887,1
17932,11.237884016616663,16.894805643421275,1
17933,11.270299745066355,16.884572859534796,1
17934,11.28677556364562,16.873547037878804,1
17935,11.300655645266744,16.894947169525867,1
17936,11.314265881270263,16.895507095569897,1
17937,11.331435890588068,16.876000139718066,1
17938,11.337569665605397,16.863179210535023,1
17939,11.345652621148595,16.88136241110187,1
17940,11.357088434665883,16.87201446141094,1
17941,11.44088734042246,16.89611704037206,1
17942,11.403361654690185,16.884548694947178,1
17943,11.399207925609424,16.89773515009839,1
17944,11.480634772161377,16.88950416121199,1
17945,11.452520938023445,16.856765867225118,1
17946,11.444846365068212,16.877150366842255,1
17947,11.461520529744154,16.847770274550747,1
17948,11.528149035794357,16.854027024290005,1
17949,11.516956718412345,16.88099054591995,1
17950,11.539477380525772,16.894772483800804,1
17951,11.528646781104035,16.87614271187508,1
17952,11.556884186828897,16.85981703109692,1
17953,11.559138244542913,16.88675877156045,1
17954,11.59245170328709,16.876817999273047,1
17955,11.599288393864995,16.86953948205379,1
17956,11.650524713310269,16.860248495879354,1
17957,11.652165413662965,16.852023518440763,1
17958,11.642539017960432,16.85232066225285,1
17959,11.690813698884181,16.895658372370637,1
17960,11.710009793181522,16.881509722006335,1
17961,11.734136015837398,16.85633327018729,1
17962,11.755227741168676,16.884519306283167,1
17963,11.713327323572198,16.895863307555473,1
17964,11.811708405838429,16.86147644591375,1
17965,11.78972572093227,16.866309234563374,1
17966,11.778623259361728,16.867185617324793,1
17967,11.772888243796002,16.893823355325335,1
17968,11.828337939852474,16.854513316533687,1
17969,11.820878305971538,16.8887163816346,1
17970,11.820784291689408,16.884747597790366,1
17971,11.824713025298182,16.861480636585302,1
17972,11.862749106284198,16.884970883178923,1
17973,11.885738710077737,16.86386169918472,1
17974,11.915960721938996,16.86446911060599,1
17975,11.976588442489664,16.861180563393518,1
17976,11.932080272292048,16.87351664446233,1
17977,11.981964570685188,16.86011512446967,1
17978,11.98039222264694,16.879765766855897,1
17979,8.0105407612279,16.905220484061818,1
17980,8.074164968067048,16.939903768378485,1
17981,8.04193334931287,16.91048350291046,1
17982,8.037217495480942,16.92872385504242,1
17983,8.042968346724862,16.946262694664195,1
17984,8.12660908824736,16.917496655358086,1
17985,8.09578253631596,16.925033701420556,1
17986,8.106511256126122,16.92991978063709,1
17987,8.098276413703289,16.912513859383075,1
17988,8.170554763510227,16.9433366136307,1
17989,8.17069301894541,16.937925200055222,1
17990,8.157371730520545,16.924804764869407,1
17991,8.133347833140947,16.934322197872156,1
17992,8.232233399344839,16.930403276506198,1
17993,8.193396788476202,16.918357069997597,1
17994,8.230483981456231,16.917333756510324,1
17995,8.184189896570524,16.944781453396807,1
17996,8.222733728152763,16.92297227159218,1
17997,8.241831719204889,16.935069228986922,1
17998,8.257111443505734,16.905943588339944,1
17999,8.26594872313573,16.950211569577075,1
18000,8.320866438822577,16.94870815553783,1
18001,8.389182121467714,16.913654617477405,1
18002,8.424015363418773,16.90965418604483,1
18003,8.396802376279142,16.9074609424854,1
18004,8.487729862065196,16.923871229720692,1
18005,8.48093785871532,16.911671217703642,1
18006,8.497755568001706,16.923159464275024,1
18007,8.534086164767045,16.92449026372612,1
18008,8.504097485830245,16.929078539443974,1
18009,8.55612049982628,16.94497640804013,1
18010,8.582618994771227,16.905779276918366,1
18011,8.5695201325306,16.930859686259225,1
18012,8.602417790136776,16.94876929014643,1
18013,8.624097672931908,16.91870361892329,1
18014,8.652115417883891,16.901024220954078,1
18015,8.714952693305738,16.93407644295637,1
18016,8.674871520403578,16.901599853451273,1
18017,8.69660921944327,16.941789473815515,1
18018,8.743322591274449,16.945509486946133,1
18019,8.769795723737802,16.950109642765177,1
18020,8.740495329728878,16.930595269570354,1
18021,8.785128109585425,16.924925994013194,1
18022,8.823493043884408,16.923253845726826,1
18023,8.811625445679669,16.947102765783963,1
18024,8.829333005341462,16.930961394153673,1
18025,8.835844361468004,16.91713573112199,1
18026,8.828136048823703,16.940128564208358,1
18027,8.831771539932113,16.903514528465294,1
18028,8.902393496460592,16.93768031167866,1
18029,8.908648938335112,16.93730465125076,1
18030,8.913424432252716,16.946352583663064,1
18031,8.896864789278284,16.906883146658032,1
18032,8.886394063374366,16.929866149322898,1
18033,8.886188096362757,16.90588548401297,1
18034,8.931525478183373,16.915891625375366,1
18035,8.961896085232548,16.92859819842733,1
18036,8.937926264518248,16.933270264085273,1
18037,8.937683885507322,16.915633409755618,1
18038,8.957715461108982,16.929174459548104,1
18039,9.013665474769372,16.92850931973731,1
18040,9.035093816852434,16.926126304612303,1
18041,9.011138349961499,16.910374097539865,1
18042,9.016662276862602,16.941421652059926,1
18043,9.089468895073276,16.904857680911817,1
18044,9.203554889212448,16.915816364392093,1
18045,9.265808776256744,16.904760766222,1
18046,9.275860952801358,16.913306859988417,1
18047,9.316289045697472,16.930873777608294,1
18048,9.311337080896848,16.904762240707832,1
18049,9.359392678322937,16.90028717339343,1
18050,9.375033536630218,16.937066374825758,1
18051,9.423469188549282,16.90837912910264,1
18052,9.434582705199746,16.951484242231665,1
18053,9.48894664970643,16.91725417619897,1
18054,9.500696992836394,16.922186755143667,1
18055,9.54525089951024,16.919367360253474,1
18056,9.567344104711768,16.946429935524495,1
18057,9.612210242781218,16.898751768842036,1
18058,9.627835655245365,16.94872366391651,1
18059,9.644619594352871,16.913665677584493,1
18060,9.728050081576898,16.930855167174887,1
18061,9.717898319428105,16.901241034767953,1
18062,9.713544228315444,16.91608823587955,1
18063,9.759370668459532,16.94248044307739,1
18064,9.763555150047702,16.948556336739035,1
18065,9.73315354684507,16.9082524407706,1
18066,9.831010462230877,16.92728359503845,1
18067,9.820003755646477,16.930620695817534,1
18068,9.830682737716714,16.950244044936248,1
18069,9.868558629661589,16.899621471879954,1
18070,9.848700023300593,16.912718221330216,1
18071,9.934208439334386,16.933978617971437,1
18072,9.970862272587837,16.95147953231843,1
18073,9.948139800148754,16.950622769556787,1
18074,10.037272224716281,16.932482211172456,1
18075,10.048839060945634,16.930397113553497,1
18076,10.092409894986677,16.942053318853304,1
18077,10.058230433417952,16.899232290008175,1
18078,10.107358033849412,16.925277591715744,1
18079,10.16638468032947,16.948539769810907,1
18080,10.197591346168771,16.946157806064296,1
18081,10.26552117775676,16.95158934886689,1
18082,10.260623644972492,16.906883804404906,1
18083,10.304290025142938,16.940723635300106,1
18084,10.342561308377043,16.93261453215504,1
18085,10.351404597007877,16.908994166210984,1
18086,10.354232404232004,16.910754936140584,1
18087,10.375070056736805,16.942676541105,1
18088,10.410089768611794,16.94958205026076,1
18089,10.41122474405283,16.9481199223118,1
18090,10.38629275162714,16.89906526160152,1
18091,10.467947349443904,16.9006055536329,1
18092,10.447586825368077,16.905535694168044,1
18093,10.476692182063294,16.907837841591906,1
18094,10.514015707587308,16.93272207726702,1
18095,10.510217555531764,16.941398249403303,1
18096,10.504839733006744,16.928422824795316,1
18097,10.546586763944761,16.937092783104323,1
18098,10.573733813598608,16.912929135883005,1
18099,10.574107197011838,16.942627877585863,1
18100,10.628860027708567,16.94057986139592,1
18101,10.640893951263024,16.927857636807623,1
18102,10.639453445005325,16.91619321925485,1
18103,10.669118121818345,16.947719937091996,1
18104,10.687750987471432,16.906085992567693,1
18105,10.652230365550734,16.941791845219115,1
18106,10.675891336363124,16.948087577736494,1
18107,10.729157037026438,16.929447980672485,1
18108,10.716481671529712,16.935810928187625,1
18109,10.72873027860191,16.912645226531904,1
18110,10.75125388242376,16.905204788135542,1
18111,10.792418229098045,16.911757357241758,1
18112,10.814951357761291,16.916272243392655,1
18113,10.84528121904514,16.91602523490208,1
18114,10.884666991008926,16.924908906140047,1
18115,10.891574443081092,16.932688969402353,1
18116,10.925233169951868,16.95119978770608,1
18117,10.943725335246986,16.947245138119005,1
18118,10.929273872071123,16.920653813824195,1
18119,10.963409885413748,16.919658475080553,1
18120,10.980612079159751,16.91438658765045,1
18121,10.981310862539239,16.926755727068336,1
18122,11.034384382041809,16.923485648225615,1
18123,11.016489691966187,16.946772385750588,1
18124,11.049709875379175,16.905088163917732,1
18125,11.087266144897281,16.92467883446281,1
18126,11.102205062726238,16.943852911853458,1
18127,11.076720831710725,16.911606260105238,1
18128,11.154789475022847,16.9049615440583,1
18129,11.171519314029304,16.91406999541756,1
18130,11.133313990427197,16.909475522418095,1
18131,11.220877964753313,16.9378210805891,1
18132,11.22059691861406,16.923803601912656,1
18133,11.209914511640545,16.940391882709847,1
18134,11.183818808644947,16.92518783620002,1
18135,11.235019948951948,16.940870362843036,1
18136,11.236878449703202,16.91549179043253,1
18137,11.251728041916031,16.92197755856822,1
18138,11.263131538551688,16.905831566264272,1
18139,11.265532124960641,16.9450470506653,1
18140,11.304004298826854,16.934188155664415,1
18141,11.283788051320855,16.909754211454867,1
18142,11.309167216740697,16.93703902294012,1
18143,11.30578774704307,16.90982031948052,1
18144,11.379700632150183,16.939688148771243,1
18145,11.348249010128269,16.944079526102286,1
18146,11.441471466943064,16.944677923209994,1
18147,11.472557141269014,16.94770185304673,1
18148,11.4599459758764,16.942101324754105,1
18149,11.450934680424805,16.92327197426506,1
18150,11.52762379295084,16.89963477489742,1
18151,11.526890794638511,16.904727243930466,1
18152,11.503912758339363,16.940154760118652,1
18153,11.520956125312527,16.899714773847304,1
18154,11.598703296055252,16.928877554608082,1
18155,11.55141273222445,16.90034484511978,1
18156,11.58007955599167,16.92348788452777,1
18157,11.585463442122778,16.921974638473163,1
18158,11.621212056312594,16.92079808826753,1
18159,11.606202910022855,16.951535689419245,1
18160,11.635752065183807,16.951247152233165,1
18161,11.61617254187209,16.92219729090278,1
18162,11.659766225930058,16.900523583633987,1
18163,11.674552603311131,16.910878210146556,1
18164,11.743916202679634,16.903086071734823,1
18165,11.731480472989304,16.924285670574047,1
18166,11.795335238580146,16.923891263333566,1
18167,11.797644734684788,16.92409082528515,1
18168,11.793856089142817,16.90859839436829,1
18169,11.823870448461806,16.91536432444465,1
18170,11.870251002830354,16.92853762742411,1
18171,11.869907003742293,16.945382389928753,1
18172,11.859184067016773,16.95112635339726,1
18173,11.850358623662169,16.92935329754703,1
18174,11.894058412559513,16.930770654579838,1
18175,11.879789318432207,16.950766272234457,1
18176,11.880125047208468,16.922278354279054,1
18177,11.958456138023385,16.899296712829244,1
18178,11.954968527071323,16.945354477682198,1
18179,8.007186038594527,16.991088220104185,1
18180,8.00626385329864,16.972045983664227,1
18181,8.005722684133438,16.961486007138184,1
18182,8.02062906813471,16.963228563404982,1
18183,8.055095328854716,16.962976703161864,1
18184,8.051818410789167,16.957228918652675,1
18185,8.06818727010441,16.99459977256188,1
18186,8.052219923838107,16.972738490556385,1
18187,8.032190367419034,16.976111162303475,1
18188,8.059902431528917,16.996552421908707,1
18189,8.096912369985622,16.954067351591526,1
18190,8.110720337485786,16.95775591718619,1
18191,8.090676829770414,16.960305347300565,1
18192,8.108487682759925,16.95776581386827,1
18193,8.077570466626629,16.998980955565806,1
18194,8.165867688806236,17.003864079566064,1
18195,8.155503538310581,16.958980549850562,1
18196,8.136455818222728,16.990233948664514,1
18197,8.172204025522225,17.00125914823976,1
18198,8.158417493626692,16.985072385684713,1
18199,8.216489705166177,16.970025519883087,1
18200,8.1839284259569,16.98726155434926,1
18201,8.232050684736592,16.961101547124393,1
18202,8.226652838272202,16.96224444190593,1
18203,8.197029775806364,16.9865422063362,1
18204,8.204556170688432,17.00339695632646,1
18205,8.24987873546129,16.974692094130152,1
18206,8.280956365385963,16.98445316992556,1
18207,8.256577403588507,16.96948438509989,1
18208,8.282536763161776,16.954926687804587,1
18209,8.28115767865816,16.96700687946446,1
18210,8.315999377029563,16.96481184247938,1
18211,8.338993033568244,16.95911733031432,1
18212,8.321803307386277,16.994183691652278,1
18213,8.322701492100434,17.004609058059472,1
18214,8.361214228720337,16.96303819031487,1
18215,8.364102169251682,16.96052609785445,1
18216,8.370400260892733,16.97241794596322,1
18217,8.383612740971595,16.970180328818326,1
18218,8.415640577644904,16.952063412780646,1
18219,8.428255968077833,16.999958341927357,1
18220,8.417001624746662,17.002626764513714,1
18221,8.421136544678442,16.96814791045796,1
18222,8.452892419149089,16.978305961266916,1
18223,8.502329149006265,16.985528357370608,1
18224,8.475576960366839,17.000770529981402,1
18225,8.462628111999717,16.956268151235726,1
18226,8.544453330948487,16.979151367861864,1
18227,8.539252312908475,16.966294905352818,1
18228,8.538148318326506,16.970597704070354,1
18229,8.555012030764392,16.974152225466298,1
18230,8.525582733386575,16.987831799298423,1
18231,8.60889760717496,16.97468735993584,1
18232,8.584389955994844,17.00192851733047,1
18233,8.587956240625838,16.9597977604853,1
18234,8.587236490947566,16.955745910366765,1
18235,8.636852098530866,16.985073339320785,1
18236,8.610981900178576,16.967886017349127,1
18237,8.690632670430992,16.995862017679176,1
18238,8.763130899116625,17.00411904356335,1
18239,8.7480207568093,16.99540431472407,1
18240,8.757744117737339,16.985102395053055,1
18241,8.791838656244726,16.973504943569594,1
18242,8.787142687040456,17.00273739174524,1
18243,8.791715777918393,16.958835885604696,1
18244,8.818855263599666,16.96026413303785,1
18245,8.773951468137353,16.975958308219525,1
18246,8.851892855269366,16.95342784847316,1
18247,8.844962350767812,17.000223805946685,1
18248,8.857238178729242,16.975315097273462,1
18249,8.824267322098619,16.99118553503877,1
18250,8.892007229476091,17.000774799743258,1
18251,8.897495894477858,16.99670350309223,1
18252,8.924333344865541,17.00380413358665,1
18253,8.936098672309758,16.990910939030403,1
18254,8.93455750578182,16.967099837049197,1
18255,8.967721117813918,16.95631540157228,1
18256,8.991014277358888,16.955110801034444,1
18257,9.017395970174048,16.98670314685965,1
18258,8.987814464464028,16.96108785817441,1
18259,9.069095887756035,16.972283099542132,1
18260,9.056979084877701,16.96932302932796,1
18261,9.059435145754255,16.995859541660383,1
18262,9.092001035038102,16.965769373927966,1
18263,9.23733972346652,16.959797923052577,1
18264,9.224470169831891,16.966268510388023,1
18265,9.271925777585588,16.966930191047506,1
18266,9.284110802418494,16.97412923286981,1
18267,9.341409857714222,16.969291605339393,1
18268,9.313710130507927,16.979676199897952,1
18269,9.410596870706284,16.96373904402113,1
18270,9.40610437269427,16.99599736406946,1
18271,9.417600534977312,16.952890078481204,1
18272,9.42351038607474,16.994207711122154,1
18273,9.509147167877398,16.996112486902245,1
18274,9.507618446802521,16.984277185671377,1
18275,9.526551096577645,16.988642675772358,1
18276,9.524987010903137,16.981902750930935,1
18277,9.613617510206364,16.9976698555885,1
18278,9.575566741099308,16.95735397495891,1
18279,9.663734153191177,16.952100826769893,1
18280,9.66129697082751,16.990102852496896,1
18281,9.702504485484168,16.997896387651622,1
18282,9.680421040695448,16.97067672107848,1
18283,9.704801645742965,17.00180055592817,1
18284,9.785494837006796,16.98760520814003,1
18285,9.733638357898458,16.953993860373583,1
18286,9.80387432583204,16.953162715658,1
18287,9.79467389182485,16.969941107080903,1
18288,9.86913768897393,16.955188405776067,1
18289,9.875257534880951,16.971581529589354,1
18290,9.920425293863753,16.972465074623823,1
18291,9.93593166590776,17.00146156340586,1
18292,9.949569054314146,16.965618056796266,1
18293,9.978601009405784,16.976563485778623,1
18294,10.032646167224687,16.984759602679514,1
18295,10.043240157025172,16.993334289416833,1
18296,10.090441107423649,16.95702618325639,1
18297,10.05581794821523,16.992667915913195,1
18298,10.157332597814701,16.967178146230765,1
18299,10.209120350067193,16.969062105612483,1
18300,10.244157024578833,16.960949508632112,1
18301,10.283478493213899,16.98179780002599,1
18302,10.356723029526188,16.954499905536945,1
18303,10.32846780131948,16.985297482288896,1
18304,10.360989552611688,16.963569679952208,1
18305,10.378558499795915,17.00043840815256,1
18306,10.390280586379737,16.971831602721593,1
18307,10.398315098380127,16.95205571183578,1
18308,10.450967858203478,16.98377818893386,1
18309,10.429539861074899,16.977450189812743,1
18310,10.471467988773961,16.9803559376812,1
18311,10.534146211979566,17.004396992287216,1
18312,10.498404401217286,16.97635701795541,1
18313,10.500983904968976,16.999299967722564,1
18314,10.542744497680669,16.959098017028175,1
18315,10.546224313628988,16.969971385559646,1
18316,10.572497918506095,16.95886890506273,1
18317,10.619384686368068,16.967514315702317,1
18318,10.638982316365967,16.97123115937015,1
18319,10.594035112087928,16.979614118905968,1
18320,10.629596477004437,16.977284457307718,1
18321,10.649469915922781,16.982118387014683,1
18322,10.677526557190989,16.982979534005747,1
18323,10.658280529959647,16.974727019915758,1
18324,10.681102645149794,17.002618403704467,1
18325,10.738477124488671,16.966702378158637,1
18326,10.740194627589537,17.00036575613414,1
18327,10.71888837302004,16.97101474980978,1
18328,10.800050862340802,16.973461428547644,1
18329,10.791314173712454,17.005176158625236,1
18330,10.824973658962223,17.000123142686896,1
18331,10.887473824116153,16.971542263947953,1
18332,10.886618297949312,16.988235004817117,1
18333,10.931563643878858,16.955268132297174,1
18334,10.921443797473021,16.977191303974106,1
18335,10.923304834271251,16.96110283875891,1
18336,10.913374452519902,17.003233727435774,1
18337,10.965838372006255,16.957559905071346,1
18338,10.997080115223081,16.99620496658571,1
18339,10.990557363318553,16.963633075584855,1
18340,11.003014496764077,16.954974182715983,1
18341,11.057811830365356,16.983413491381654,1
18342,11.067428321095168,16.975015289211672,1
18343,11.032976434328406,16.972999249569483,1
18344,11.10562335902776,16.96658089844998,1
18345,11.07478994010308,16.98586890945347,1
18346,11.091829847265995,17.000502892456684,1
18347,11.148020348107327,16.999550897587557,1
18348,11.162960191453905,16.986265606439996,1
18349,11.155810259131032,16.987021807034225,1
18350,11.2217391590718,16.9685967689651,1
18351,11.207135369892473,16.97072668820107,1
18352,11.213248405393287,16.998649746693573,1
18353,11.228317473075135,16.997225457208373,1
18354,11.268946097871366,16.96112447793168,1
18355,11.239394691503474,16.996753424933498,1
18356,11.243950278228512,16.998907958424187,1
18357,11.272635026297651,16.967242351083193,1
18358,11.270808869022156,16.99984631626671,1
18359,11.328546218112157,16.95896574874258,1
18360,11.331032789242803,16.958016515641496,1
18361,11.303822409107696,16.98996119770493,1
18362,11.297565843753928,16.952799239171593,1
18363,11.342663243067593,16.985534193644995,1
18364,11.36551806777676,16.988232881447377,1
18365,11.402646532566182,16.983162687655767,1
18366,11.46107450710504,16.998676744930208,1
18367,11.478932508388347,17.004349654119284,1
18368,11.533019516906874,16.97034491409686,1
18369,11.515904209941164,16.96975597773018,1
18370,11.507554763331294,16.97741919179423,1
18371,11.502941354161779,16.955310678018275,1
18372,11.579298954047317,16.99671986595098,1
18373,11.55605198921832,16.9746370582377,1
18374,11.579287413372011,16.99727705308297,1
18375,11.570105130004636,16.99532441307498,1
18376,11.640039295918688,16.99380773668739,1
18377,11.615823467805635,16.953183163437934,1
18378,11.655069288021497,16.9858755698263,1
18379,11.65213258325213,17.00188619537083,1
18380,11.677298617569969,16.984845599769535,1
18381,11.7101602357117,16.98814576653455,1
18382,11.749265230938546,16.953164661048184,1
18383,11.807149631105535,16.961459609895215,1
18384,11.806025561933923,16.981762738801994,1
18385,11.851998319498572,16.97440630635125,1
18386,11.841256339292674,16.963305274710294,1
18387,11.853701568080957,16.961266187257536,1
18388,11.924298591603351,16.986807146932275,1
18389,11.894127757560758,16.962216101328025,1
18390,11.94355814225891,16.964456559569683,1
18391,11.925791105938897,16.973521756308926,1
18392,11.985254463007703,16.95563111103879,1
18393,11.984228289135801,16.960772213358073,1
18394,11.984377118132954,16.97959713401674,1
18395,8.001820995801292,17.051897582942207,1
18396,8.064965977079082,17.01061349026518,1
18397,8.031547870706275,17.043262004526348,1
18398,8.06384037381551,17.038939510104594,1
18399,8.058429121177028,17.013353650688536,1
18400,8.045259901873314,17.036759426560895,1
18401,8.076459819664766,17.024279073291186,1
18402,8.116136317241883,17.03830243637864,1
18403,8.076837806039665,17.025728140733822,1
18404,8.111596129127792,17.01820425626434,1
18405,8.128012389488234,17.048457699595833,1
18406,8.173342375985918,17.057141007283285,1
18407,8.138642949966972,17.009213978743077,1
18408,8.135903230680713,17.053469453589873,1
18409,8.137848160137322,17.048636173182278,1
18410,8.171836754312778,17.023263468454026,1
18411,8.216403847486186,17.045695472512424,1
18412,8.211268987805703,17.00583615549762,1
18413,8.183686833269537,17.01924359823231,1
18414,8.206642706827209,17.019423709547564,1
18415,8.222498469777408,17.03331710761748,1
18416,8.278653960267244,17.037659708417156,1
18417,8.237722048971952,17.04129735705291,1
18418,8.270206877344734,17.03139553844374,1
18419,8.248920631882907,17.032821194966182,1
18420,8.255567088653862,17.009234878837923,1
18421,8.333472164640002,17.043624666254892,1
18422,8.29851161472522,17.027777838153042,1
18423,8.333454211930942,17.02329908653292,1
18424,8.334900448323138,17.033070639378202,1
18425,8.332011612336354,17.042615716482867,1
18426,8.328452887124497,17.014171814265524,1
18427,8.366708825440618,17.044402249986852,1
18428,8.346047007570307,17.033924511246852,1
18429,8.374254260795217,17.04012245169373,1
18430,8.357771291016892,17.026826306056535,1
18431,8.359266680359795,17.026322992189172,1
18432,8.36232579265355,17.024921112002676,1
18433,8.417191311520579,17.012725232871325,1
18434,8.405441910122438,17.050393644306247,1
18435,8.43452891712315,17.053674274925413,1
18436,8.44767096648416,17.045160409061406,1
18437,8.433725680689067,17.04170881045896,1
18438,8.463425928037621,17.04010645175757,1
18439,8.450267479971073,17.038138543041182,1
18440,8.464321632084792,17.023401272446375,1
18441,8.460433403449658,17.043540147507834,1
18442,8.487985095708757,17.006042214128563,1
18443,8.476220744146149,17.007658300975887,1
18444,8.537868220819135,17.023544780633642,1
18445,8.52683451153086,17.04345959600385,1
18446,8.527388242870966,17.044732736127994,1
18447,8.554399991704994,17.015629716212274,1
18448,8.508733939809458,17.040983292249674,1
18449,8.600814963277713,17.036096257376755,1
18450,8.581358560558103,17.021621824169976,1
18451,8.599511820042272,17.03503816450105,1
18452,8.605454082435081,17.023147541405013,1
18453,8.566478276093417,17.035415145029408,1
18454,8.627592835528487,17.04472387286584,1
18455,8.619210205448434,17.028048601728347,1
18456,8.647895253311313,17.01203233307387,1
18457,8.751916688587936,17.02668191165608,1
18458,8.735675513270225,17.046157343019782,1
18459,8.730856224316733,17.01977182155018,1
18460,8.7946322267928,17.040726622912555,1
18461,8.792404843174559,17.046489063035082,1
18462,8.780526310964131,17.04529000387845,1
18463,8.77487725496889,17.030944508087668,1
18464,8.804541021395458,17.038022775718545,1
18465,8.861478290523111,17.05664093994038,1
18466,8.833958568454623,17.02149303606212,1
18467,8.829014216031972,17.04172667814114,1
18468,8.862162322608565,17.046346747709563,1
18469,8.925731516832318,17.055146360060654,1
18470,8.885561437015284,17.054467924425957,1
18471,8.927554623970192,17.05173743626744,1
18472,8.931013386307956,17.051567455167106,1
18473,8.967105982998083,17.017018876653452,1
18474,8.977186197902999,17.05094369171432,1
18475,8.933519424420057,17.038235380904727,1
18476,9.023900361052632,17.043950072081415,1
18477,8.991680881525816,17.0383362472092,1
18478,8.985688335039313,17.026032903398622,1
18479,9.029717654892977,17.01044396316054,1
18480,9.036890139304706,17.009837707005712,1
18481,9.025157622089276,17.01212983054927,1
18482,9.045599349533964,17.028688913275115,1
18483,9.048366314016928,17.019718372696854,1
18484,9.065425746800003,17.029890232987366,1
18485,9.069629101022178,17.008594768175293,1
18486,9.059123083022197,17.03189625789773,1
18487,9.141815279344662,17.036516342431746,1
18488,9.097922500063923,17.058288208598963,1
18489,9.152883273702498,17.036770181211867,1
18490,9.224355560898404,17.035156546256815,1
18491,9.219740423769771,17.01980432904871,1
18492,9.258268082141873,17.02127007309531,1
18493,9.26547788418523,17.007323077482667,1
18494,9.346826272798973,17.029363887120024,1
18495,9.309023306771332,17.02829042898437,1
18496,9.374994037055341,17.01891813512182,1
18497,9.362760491597065,17.054037689988835,1
18498,9.44262628894991,17.05771383850903,1
18499,9.452252571083351,17.00537000109503,1
18500,9.51298554685369,17.01488366724575,1
18501,9.504188957899922,17.02083984613409,1
18502,9.529129391360485,17.028145938700725,1
18503,9.546797785346808,17.052189146073324,1
18504,9.598826102028267,17.05324143204509,1
18505,9.600251694735833,17.025798500714682,1
18506,9.582982089257785,17.048194078280776,1
18507,9.58979818522789,17.042256713025406,1
18508,9.652728115933812,17.053969465168265,1
18509,9.628833068106625,17.043536608691713,1
18510,9.677787806407052,17.046664815856598,1
18511,9.658818095009378,17.006771261979534,1
18512,9.665260109040183,17.014659657152926,1
18513,9.684560009255105,17.02686523855241,1
18514,9.6994999547635,17.02362790752095,1
18515,9.728518722586745,17.027362269046332,1
18516,9.7046779188016,17.03374296227268,1
18517,9.767360348483603,17.010450177909398,1
18518,9.739987615197425,17.013158019636112,1
18519,9.744840845772208,17.040142343366632,1
18520,9.837135965074832,17.018794321642524,1
18521,9.836240010713103,17.0276475180537,1
18522,9.86527524588219,17.014503988288936,1
18523,9.87311045910702,17.056078681133037,1
18524,9.912684707211207,17.00557400206249,1
18525,9.936603505094421,17.05780908232267,1
18526,9.97982650600951,17.005513968892668,1
18527,9.985475288231209,17.05652312136201,1
18528,10.021413902968758,17.023516660783862,1
18529,10.0370180521223,17.030049247079127,1
18530,10.055958464443304,17.04641952482865,1
18531,10.07156550884901,17.029631383460348,1
18532,10.141279011836488,17.01877437852252,1
18533,10.118441874975616,17.056630557515795,1
18534,10.171969721844489,17.009862102295948,1
18535,10.248559235921952,17.031921462447226,1
18536,10.3119026654147,17.01401776258152,1
18537,10.355820151185359,17.014753154633468,1
18538,10.37974530780886,17.05867790300441,1
18539,10.414789020421109,17.027231727440633,1
18540,10.396725754397867,17.04314205777998,1
18541,10.43593173408215,17.042421056796652,1
18542,10.429686020340299,17.053979230674543,1
18543,10.487888195369397,17.04833510163872,1
18544,10.549335481575943,17.053215439761008,1
18545,10.567714732794027,17.02162249298982,1
18546,10.592703099828627,17.01242450258129,1
18547,10.628748861520979,17.019216720317043,1
18548,10.594920172645393,17.007905729473713,1
18549,10.674499141255623,17.04847834779734,1
18550,10.690516187159927,17.02758303616874,1
18551,10.681222857261137,17.05725803836655,1
18552,10.734548830551391,17.02890252155353,1
18553,10.74390879371223,17.027291888700546,1
18554,10.718543324761203,17.02578543350099,1
18555,10.789156905033643,17.016915580097013,1
18556,10.7636303176718,17.011976259585044,1
18557,10.851490323081697,17.036321801331212,1
18558,10.829878434491729,17.029253514248772,1
18559,10.879388839172766,17.038913755200024,1
18560,10.891406150838222,17.014929605935492,1
18561,10.907153008151056,17.032525920099616,1
18562,10.946578738468261,17.03235136795821,1
18563,10.92468764871598,17.031115090245557,1
18564,10.910194055351239,17.046217754628387,1
18565,10.946695658128624,17.022145454948884,1
18566,10.99457566065206,17.022795153025342,1
18567,10.977023391646394,17.054899027819303,1
18568,11.00324441066777,17.03336605762318,1
18569,11.023002668972754,17.04687237939585,1
18570,11.02222379231643,17.054176744447464,1
18571,11.034796419911116,17.014258168483195,1
18572,11.119955600757931,17.03392361553329,1
18573,11.0916452132529,17.034099155545825,1
18574,11.118677677283072,17.035413070792487,1
18575,11.099911497850227,17.01739589060002,1
18576,11.157146349612677,17.027260480581003,1
18577,11.127014825952367,17.031950786530288,1
18578,11.226218359271584,17.044808309745534,1
18579,11.19305654073266,17.025547440890435,1
18580,11.199713631483862,17.01721198910794,1
18581,11.259244219090975,17.01370610522466,1
18582,11.243779692181354,17.028137210137476,1
18583,11.252386782704498,17.020013048440557,1
18584,11.240769463745805,17.011238617021522,1
18585,11.307968383990012,17.009619917830964,1
18586,11.312774438030786,17.050915565387363,1
18587,11.28900489061558,17.056852860032105,1
18588,11.374804027944526,17.005971223870766,1
18589,11.346749386043223,17.01534771114467,1
18590,11.416945951279232,17.0125116795754,1
18591,11.4385564388683,17.01667126892179,1
18592,11.470338691224697,17.021476450830423,1
18593,11.456325171709562,17.014728523796233,1
18594,11.51254817382514,17.023049244800106,1
18595,11.527002701928994,17.043650367133825,1
18596,11.536708799249288,17.04728596487968,1
18597,11.514393450639181,17.020409592575145,1
18598,11.589289690911963,17.038427362077012,1
18599,11.604172213389615,17.040775916808418,1
18600,11.574844770368523,17.01509228767538,1
18601,11.574108329667759,17.01066549145733,1
18602,11.62417684643043,17.02505781402287,1
18603,11.608083492689845,17.005860868817738,1
18604,11.651395104139885,17.023081981994046,1
18605,11.648139822256184,17.03887629158763,1
18606,11.613811847158479,17.04899922681247,1
18607,11.66763365067612,17.04428722409278,1
18608,11.680683065216156,17.032031615417058,1
18609,11.675979859768157,17.008429657634284,1
18610,11.734845812189816,17.01107495466305,1
18611,11.720893288951572,17.015311185502608,1
18612,11.774488844004138,17.05161854784916,1
18613,11.804440685432981,17.013282462918593,1
18614,11.826709808491167,17.034833926675887,1
18615,11.846811170484012,17.030757690435408,1
18616,11.918392366542571,17.014269060410477,1
18617,11.92230794351414,17.01118817693988,1
18618,11.953626872389295,17.020277651608495,1
18619,11.957919706615122,17.028466879254307,1
18620,11.999320004902815,17.05285892918212,1
18621,8.008081460254232,17.102743489848088,1
18622,8.000964463170934,17.10954410243237,1
18623,8.021632610106545,17.108180664388595,1
18624,8.060618757798055,17.107030420360132,1
18625,8.072924508416659,17.108576091178207,1
18626,8.024653061934293,17.070372919228404,1
18627,8.087799240705259,17.094230927332347,1
18628,8.10111447241375,17.09541117072109,1
18629,8.113581375681,17.088370665373194,1
18630,8.105818060862186,17.09259408186502,1
18631,8.177299729470622,17.109322947089385,1
18632,8.139020141605515,17.065028864820814,1
18633,8.142765673476013,17.08773809501366,1
18634,8.18615350832178,17.082096742282932,1
18635,8.206204196982096,17.086964726922595,1
18636,8.225374879284583,17.0944459040203,1
18637,8.26177558685263,17.077263782550318,1
18638,8.26093837661362,17.06362648173306,1
18639,8.255136018417456,17.069174219149925,1
18640,8.24652085753456,17.095278876693158,1
18641,8.327463474667018,17.092914950094006,1
18642,8.309348697269716,17.087201267543872,1
18643,8.313091755914552,17.104266873230422,1
18644,8.309385988096302,17.098127740606074,1
18645,8.37436435633464,17.06141434069733,1
18646,8.361646235755922,17.06198312883984,1
18647,8.37359622827807,17.108382764327846,1
18648,8.375212336126063,17.108889738209307,1
18649,8.404175206900772,17.102246704703106,1
18650,8.430946309280104,17.10239293336885,1
18651,8.440347455516296,17.103911601656467,1
18652,8.408431798895057,17.092713971632524,1
18653,8.396983156673862,17.101582181104224,1
18654,8.449427539866074,17.085022641808234,1
18655,8.46588211622806,17.059435166545484,1
18656,8.468396025094075,17.091358077909227,1
18657,8.495554863423694,17.072558719655028,1
18658,8.469027877129387,17.08442811369518,1
18659,8.479547822642393,17.08511416805979,1
18660,8.504209392050537,17.106821362477465,1
18661,8.547308011501826,17.090859895487213,1
18662,8.538625725800427,17.10040821456222,1
18663,8.539580582072713,17.106414631160227,1
18664,8.539693591320315,17.10951437799789,1
18665,8.514886334981558,17.088187155235655,1
18666,8.579860466944924,17.111994795267147,1
18667,8.58886728143082,17.076815966936326,1
18668,8.556548537266329,17.077417378129418,1
18669,8.565512133414435,17.09481895465503,1
18670,8.57656156139678,17.086407642964865,1
18671,8.633329805162763,17.082328977870084,1
18672,8.651988811615524,17.088455265162306,1
18673,8.615771241523369,17.099460815685774,1
18674,8.646075876373681,17.09638891171911,1
18675,8.797655069048513,17.088626448517523,1
18676,8.799106847523682,17.099896313132877,1
18677,8.794555613916001,17.078906599149427,1
18678,8.875607413467637,17.089416497925875,1
18679,8.851891689490392,17.07094889277039,1
18680,8.861076964659903,17.076490730379273,1
18681,8.86640109323107,17.064732838722527,1
18682,8.900810992943715,17.062548224259515,1
18683,8.905393344903976,17.102851182769616,1
18684,8.910430811173127,17.108451463656866,1
18685,8.890034830800884,17.10811416934836,1
18686,8.948573033435341,17.0589796752876,1
18687,8.932115266618203,17.077554524105427,1
18688,8.968283729716187,17.10902754036713,1
18689,8.963917703721501,17.103066335819175,1
18690,8.956297036209767,17.077213692425218,1
18691,9.015212686966661,17.082740792771144,1
18692,8.989206348328066,17.07844159661773,1
18693,9.006388696878052,17.103556088654543,1
18694,8.996644762949582,17.101933271295998,1
18695,9.031451531931548,17.08154124375117,1
18696,9.027290524110176,17.112235330834523,1
18697,9.071244118768009,17.077828972099155,1
18698,9.070774621041837,17.069756536041734,1
18699,9.064214438520118,17.089506943145533,1
18700,9.078755531456524,17.078445412097096,1
18701,9.083055441560152,17.07198111750214,1
18702,9.065033679334162,17.11020809374504,1
18703,9.129648024073193,17.094419927320956,1
18704,9.116937972732709,17.070529157164692,1
18705,9.181348095917354,17.089127668904236,1
18706,9.170004911028839,17.071506609240966,1
18707,9.234047658233116,17.067198735756016,1
18708,9.208132082698134,17.084075821729055,1
18709,9.296580849273086,17.074926951397305,1
18710,9.279745103478284,17.105963388810498,1
18711,9.342725861904736,17.060898074933046,1
18712,9.33833124413298,17.081843552877547,1
18713,9.39733833417817,17.102702995382298,1
18714,9.366147745440397,17.108706713155023,1
18715,9.42713380283575,17.080556389208226,1
18716,9.424904175416689,17.092679125585896,1
18717,9.489602685090329,17.100785260130724,1
18718,9.487244681784793,17.067846616987843,1
18719,9.527560547915018,17.100895667113956,1
18720,9.552882669101592,17.07250157140427,1
18721,9.528916731094762,17.090565122868828,1
18722,9.57397460444234,17.093544991305084,1
18723,9.586660366460057,17.07588425714248,1
18724,9.61295950738827,17.062441942325993,1
18725,9.619695167330903,17.108552881554303,1
18726,9.600392264099836,17.099352750075123,1
18727,9.657233933055043,17.086887830068587,1
18728,9.635318387745778,17.10622281366854,1
18729,9.673794009918815,17.09147155906186,1
18730,9.629297532164621,17.09928588557345,1
18731,9.642048310629397,17.085162406937712,1
18732,9.636322970912156,17.077447138182738,1
18733,9.711889543829212,17.08316465102769,1
18734,9.725006335963625,17.063759852461846,1
18735,9.696815918302573,17.068874135832623,1
18736,9.70166331961953,17.0723367170826,1
18737,9.705073435962213,17.08134084841701,1
18738,9.776069619947991,17.061798784126605,1
18739,9.751306925819636,17.089943819272115,1
18740,9.775534947691572,17.10511818222133,1
18741,9.780660066061,17.084791805192346,1
18742,9.79815047666762,17.087063085394412,1
18743,9.837737969015976,17.090447377427413,1
18744,9.8634103578126,17.060881418994107,1
18745,9.943227545044172,17.066478102972347,1
18746,9.920648547048511,17.107559484749025,1
18747,9.91905649882228,17.10437017404898,1
18748,9.994051843812262,17.09453171585419,1
18749,9.982602612227264,17.1001679455854,1
18750,10.00759216081681,17.059622722185463,1
18751,10.080586806524742,17.07669105310533,1
18752,10.061781188539152,17.081602151177012,1
18753,10.107827455831371,17.08084745174658,1
18754,10.151586941961348,17.08762241042029,1
18755,10.197211469434068,17.07639765603128,1
18756,10.349623207578151,17.085460723214364,1
18757,10.418569890598524,17.075431972007873,1
18758,10.427458307518553,17.065476126872078,1
18759,10.382129848448878,17.08592878631669,1
18760,10.428844986252175,17.061645391561335,1
18761,10.47603502467101,17.11117362208217,1
18762,10.461165495962845,17.075847002974765,1
18763,10.51178483415633,17.072754522494147,1
18764,10.564140355461612,17.063401721221947,1
18765,10.576842956738286,17.066582956387236,1
18766,10.59905311186602,17.05924488574648,1
18767,10.62122030923874,17.075415325532838,1
18768,10.590693287150192,17.080801132116733,1
18769,10.658790797540814,17.0988727379036,1
18770,10.684761075511556,17.107985780627587,1
18771,10.649818548086266,17.072394374332916,1
18772,10.7448599280755,17.106685919098204,1
18773,10.733760820237853,17.079058551775226,1
18774,10.769034913682686,17.063685225328314,1
18775,10.843472649681262,17.104144725277816,1
18776,10.851873302048784,17.106634255068887,1
18777,10.831681303030772,17.08522079892844,1
18778,10.881600451325891,17.103848799134987,1
18779,10.864777727936044,17.09373664115068,1
18780,10.877320708075533,17.068170736293084,1
18781,10.881818159267006,17.102554233313974,1
18782,10.93037844354923,17.099391543728167,1
18783,10.934995387176228,17.10292242781153,1
18784,10.94257452409769,17.06416855209233,1
18785,11.00392141794361,17.082206924382433,1
18786,10.977089738641032,17.101110529860094,1
18787,11.037492510631813,17.085833666847584,1
18788,11.04796405044853,17.100570273731417,1
18789,11.058457865862866,17.106944268889382,1
18790,11.105325283730066,17.069498663273706,1
18791,11.114542381270004,17.07045371183349,1
18792,11.081330995150678,17.097387162464752,1
18793,11.11033591757983,17.06942684450105,1
18794,11.147000203582259,17.059083953857776,1
18795,11.16197509480547,17.09824808827146,1
18796,11.201525817761512,17.081096668758953,1
18797,11.18819409522234,17.107791046860086,1
18798,11.2574783227903,17.092196863618774,1
18799,11.262701671545592,17.101113889152582,1
18800,11.231852336939193,17.092263019358498,1
18801,11.318037716528053,17.070797856323985,1
18802,11.296524112488163,17.063772477098492,1
18803,11.299455186937282,17.110687087197658,1
18804,11.359334365259906,17.110108470812897,1
18805,11.371138809512434,17.093698249893862,1
18806,11.406641843521358,17.099582360769706,1
18807,11.41267091923187,17.108655481383973,1
18808,11.476673305992083,17.08816262031597,1
18809,11.481789365280495,17.06653960212095,1
18810,11.515193828903387,17.111842964329973,1
18811,11.54903289614163,17.07643146862374,1
18812,11.517980929187756,17.083258968985053,1
18813,11.524593205379533,17.065375449149077,1
18814,11.581542031327942,17.108765312920045,1
18815,11.582063241675495,17.108329654910225,1
18816,11.567368535378582,17.099905223668127,1
18817,11.565321560307495,17.10781152562259,1
18818,11.605076339406978,17.07743505587446,1
18819,11.612683254933131,17.099035815243695,1
18820,11.64834316850305,17.0828800189951,1
18821,11.645912288916039,17.104328153210897,1
18822,11.678528252796559,17.09457683709957,1
18823,11.687694534332945,17.077342756652218,1
18824,11.693277580251063,17.07813534969569,1
18825,11.7557343507339,17.09509041905272,1
18826,11.722889663542187,17.10868961718679,1
18827,11.765159926580798,17.075196627586525,1
18828,11.796629753204483,17.09003317733356,1
18829,11.87056210588972,17.062664574205566,1
18830,11.83114881578515,17.088565782489297,1
18831,11.884630355224832,17.092384359542358,1
18832,11.89319676012098,17.058989050236594,1
18833,11.877144116202,17.077712719005,1
18834,11.951590725524895,17.083921850364778,1
18835,11.955052444178092,17.10020253107752,1
18836,11.977744234364174,17.063450712938632,1
18837,11.995491529457784,17.06047769782863,1
18838,11.997686786934242,17.076452266425786,1
18839,8.016205011165514,17.115506454968667,1
18840,8.020489426428282,17.156220304673823,1
18841,8.045137601019361,17.162214236014606,1
18842,8.050013181297878,17.11612815374428,1
18843,8.045648960960696,17.135897469810065,1
18844,8.103188587775389,17.113429001504404,1
18845,8.110879419206922,17.11827291982161,1
18846,8.120649196123875,17.16222903691972,1
18847,8.09934819939029,17.157665267432645,1
18848,8.15599108663412,17.11675595676749,1
18849,8.153753067114959,17.137685962401807,1
18850,8.14922867719563,17.133174329444646,1
18851,8.202969101962761,17.136788071447672,1
18852,8.20860152668158,17.139243499526685,1
18853,8.27976548457273,17.132386458471654,1
18854,8.268209276441125,17.16166809522649,1
18855,8.302796515794514,17.147652722961503,1
18856,8.315154649588443,17.154740230159103,1
18857,8.330249988878911,17.146788996195493,1
18858,8.3626114356209,17.117583918015413,1
18859,8.359939732250858,17.14583790283562,1
18860,8.37453279602546,17.144599258009805,1
18861,8.423844836785463,17.13034937770581,1
18862,8.422466243375952,17.146509866576036,1
18863,8.438607449880172,17.16518842919258,1
18864,8.402241643009116,17.156857289911333,1
18865,8.436712318840575,17.139003942660246,1
18866,8.454592806830446,17.12956854059326,1
18867,8.493171497259926,17.123737180037985,1
18868,8.48246022294046,17.11858846478662,1
18869,8.486399812895286,17.150912435924155,1
18870,8.482867515314503,17.116399329150955,1
18871,8.450963851465476,17.116461246569695,1
18872,8.551649031377938,17.14733805201378,1
18873,8.514775799635906,17.14427222805202,1
18874,8.545561851803642,17.155186272971243,1
18875,8.519708488208172,17.13482992769091,1
18876,8.515310293346918,17.1209241274025,1
18877,8.564901040507023,17.127567819927467,1
18878,8.557952520050321,17.136290964371366,1
18879,8.582581606391201,17.117632280705106,1
18880,8.60901055590916,17.15367058020075,1
18881,8.57370489062812,17.119488086384713,1
18882,8.622750974596187,17.12244497633959,1
18883,8.613941124705546,17.119016890215395,1
18884,8.630035052835279,17.143202062177387,1
18885,8.873212921057267,17.121073247131914,1
18886,8.869881457479455,17.118516681810746,1
18887,8.91953334257711,17.16031678068741,1
18888,8.912618643063263,17.157770784377277,1
18889,8.910518438685774,17.14153138606793,1
18890,8.925835224171742,17.11313697542735,1
18891,8.936404657942246,17.14620900732878,1
18892,8.942728464810028,17.164296023570547,1
18893,8.937918238811335,17.16544304685935,1
18894,8.963518682735128,17.127618852668785,1
18895,8.93871492581401,17.117215014764078,1
18896,9.009191553568181,17.131609656081938,1
18897,9.015734755525983,17.161277700436838,1
18898,9.024533404515964,17.11385939622695,1
18899,8.985459756989709,17.162504916943984,1
18900,9.012321199804298,17.125377039819007,1
18901,9.0302493342283,17.11869476380087,1
18902,9.044994403843415,17.131285672854354,1
18903,9.058122204179954,17.142229265868185,1
18904,9.042163598347594,17.150527100106014,1
18905,9.06259605377194,17.165073748416937,1
18906,9.050156521368786,17.134887724027628,1
18907,9.11954290735189,17.151726219650183,1
18908,9.14098306164984,17.118022037350762,1
18909,9.114022951643939,17.128549137958007,1
18910,9.191886369612297,17.161460281313477,1
18911,9.16650057742786,17.151788677904634,1
18912,9.235329470370278,17.127352650157732,1
18913,9.209287889671334,17.145050486052476,1
18914,9.28637877709937,17.148888656235002,1
18915,9.252969103236738,17.151471835819798,1
18916,9.349579159359468,17.140614091802263,1
18917,9.305500108193748,17.121787235466957,1
18918,9.39628168524042,17.1319740081653,1
18919,9.358756265466598,17.130247220228036,1
18920,9.448543022204596,17.162204384418366,1
18921,9.448921076699506,17.131044338572117,1
18922,9.497438387012746,17.151322951338724,1
18923,9.482082552859076,17.14862611522906,1
18924,9.531310955197306,17.121651783548323,1
18925,9.541419747741175,17.124694218117185,1
18926,9.519090189755483,17.132463179732518,1
18927,9.55377134429513,17.159636603874663,1
18928,9.602374534562522,17.135368779126384,1
18929,9.61491530271922,17.130316559119702,1
18930,9.588767605368446,17.154655346831838,1
18931,9.618950697365552,17.15106281338474,1
18932,9.615612326702424,17.14689174052172,1
18933,9.594782286927934,17.130955326151863,1
18934,9.676177026502774,17.159762124962086,1
18935,9.678986858960073,17.161317592740573,1
18936,9.677336209377632,17.15562471620477,1
18937,9.670270698635504,17.160289304390144,1
18938,9.651256365395549,17.141782166514922,1
18939,9.728387141833661,17.148817157286683,1
18940,9.713687464631102,17.113076568985125,1
18941,9.693877842235667,17.127655091506867,1
18942,9.713258870131208,17.1505972737847,1
18943,9.725697365000336,17.138506641270524,1
18944,9.716460195117529,17.11611731550038,1
18945,9.781477100311864,17.15181558432764,1
18946,9.764215261039284,17.13525196504315,1
18947,9.750305951321378,17.123469686496833,1
18948,9.774268621880736,17.11300454682739,1
18949,9.834606128150536,17.155524429075143,1
18950,9.793889203825364,17.143900918473125,1
18951,9.877639883071696,17.13707724212005,1
18952,9.893990660589033,17.1643599160458,1
18953,9.93313921708965,17.16066003245141,1
18954,9.951705988650582,17.114065850192617,1
18955,9.946850149386144,17.144956639276085,1
18956,9.990163451915745,17.132131329647574,1
18957,10.006834913857292,17.134986237697763,1
18958,10.047844883407318,17.137268350220687,1
18959,10.018011628985638,17.146596994380428,1
18960,10.056580501014759,17.11814188725602,1
18961,10.099777529321734,17.148605699870416,1
18962,10.102716234644022,17.159831731525212,1
18963,10.134944600009609,17.11426947795465,1
18964,10.13684297486283,17.135144878806333,1
18965,10.164289533763766,17.159191881638638,1
18966,10.286404907527574,17.15728307160085,1
18967,10.360033240477211,17.150765715592332,1
18968,10.367090055756007,17.14713662487459,1
18969,10.42083706223632,17.12333346541832,1
18970,10.3895776951414,17.126005879694162,1
18971,10.41387667112393,17.15348194474154,1
18972,10.47210321531139,17.141212674519238,1
18973,10.428571125527565,17.131331686348293,1
18974,10.442681164278078,17.148002890442484,1
18975,10.484380612800194,17.14444398378362,1
18976,10.551581167205919,17.128661650971914,1
18977,10.559252704518101,17.144210538093002,1
18978,10.54350349396699,17.132004153472927,1
18979,10.63192551896607,17.12039769495872,1
18980,10.621918613053793,17.119754936564146,1
18981,10.640655872775044,17.145191232133573,1
18982,10.615422459287204,17.135465397631112,1
18983,10.679295026250006,17.119049273489704,1
18984,10.666315756054935,17.13754319625669,1
18985,10.657605616392651,17.150555381404164,1
18986,10.660742892745374,17.134717003755792,1
18987,10.747085166298879,17.14856199937129,1
18988,10.73734134244152,17.144204657106837,1
18989,10.754019251461463,17.148697614330413,1
18990,10.820453264158987,17.15132218271439,1
18991,10.841026057718683,17.16343004227423,1
18992,10.81898271483729,17.128443266440154,1
18993,10.892121683988053,17.161326261391082,1
18994,10.866102742206715,17.14126088104402,1
18995,10.867135998640698,17.14182814958955,1
18996,10.856998765829749,17.15840123021623,1
18997,10.959614019718291,17.145213193075712,1
18998,10.9175337681716,17.133047440625184,1
18999,11.009241741226937,17.120720351233487,1
19000,11.053638915278846,17.155811147151432,1
19001,11.032709684095234,17.154986503894936,1
19002,11.036048141857284,17.119590328920037,1
19003,11.071664861127037,17.14904290122463,1
19004,11.103381653464957,17.151632847759988,1
19005,11.077753924479303,17.141784077852233,1
19006,11.085593658939985,17.12217136824094,1
19007,11.127592748653248,17.136360550590346,1
19008,11.176408034699447,17.165562922654402,1
19009,11.21882049387036,17.131411935320784,1
19010,11.22761567649416,17.13652746239676,1
19011,11.25986489991661,17.133265466245565,1
19012,11.237071364842981,17.11334455140166,1
19013,11.306491281347428,17.147962213843236,1
19014,11.285199717125739,17.128489971777434,1
19015,11.318526716288597,17.158012570295703,1
19016,11.38107276192498,17.11563083342245,1
19017,11.373595942514935,17.117693289281195,1
19018,11.409666509166252,17.16160456491746,1
19019,11.429769409495243,17.16272395091305,1
19020,11.47148299798875,17.143678988779936,1
19021,11.457376575338298,17.165418634810887,1
19022,11.463844135603802,17.127501593491942,1
19023,11.510949324757625,17.158716423850546,1
19024,11.49757004207492,17.11828179903541,1
19025,11.523941175758434,17.141962719552648,1
19026,11.500315179008638,17.150637902412267,1
19027,11.58154926155344,17.145826060751986,1
19028,11.6026378014986,17.158014322556294,1
19029,11.600638664942627,17.121735272881683,1
19030,11.567043661569098,17.143080997552715,1
19031,11.613704441273562,17.133954340107888,1
19032,11.653972953001647,17.13486514130713,1
19033,11.61868301137935,17.126582374540313,1
19034,11.604754903817748,17.132177023182486,1
19035,11.689005860023094,17.150205094053923,1
19036,11.67473339014437,17.11780665855795,1
19037,11.684591627464236,17.13227133328804,1
19038,11.753607645460841,17.14705454892589,1
19039,11.746806247619768,17.130453714941186,1
19040,11.794373407632806,17.15139189208098,1
19041,11.818460980877548,17.159693253606385,1
19042,11.908598661875176,17.113557185693946,1
19043,11.904919121270815,17.139392682442836,1
19044,11.921526939457074,17.114340936671844,1
19045,11.91044226071615,17.152753522420117,1
19046,11.957221486094506,17.123576365980767,1
19047,11.930936984827056,17.122634854443245,1
19048,11.962219337882116,17.162038927623463,1
19049,11.991504268314664,17.11648146281742,1
19050,11.989990679540423,17.138717694248683,1
19051,8.003038175796624,17.170166807417818,1
19052,8.004332781357332,17.201698930578075,1
19053,8.071114862601762,17.189592323513,1
19054,8.06454835203977,17.178936382104748,1
19055,8.037673719676361,17.215888708171153,1
19056,8.0993996505319,17.176753141702815,1
19057,8.124109792082123,17.181547948294316,1
19058,8.121358006574878,17.207815495843935,1
19059,8.118366251968045,17.195478994421507,1
19060,8.144974778558778,17.20661301960347,1
19061,8.149241060209144,17.208853034131373,1
19062,8.181131944442985,17.167129561032876,1
19063,8.165539556855132,17.193713611702893,1
19064,8.151193398172426,17.21623726810632,1
19065,8.182854562224621,17.187783644752727,1
19066,8.214573389042037,17.19800289639628,1
19067,8.194570656753637,17.218143721693995,1
19068,8.274598001505101,17.216117674622843,1
19069,8.257547731487467,17.18365774101495,1
19070,8.336068420637933,17.211996626298205,1
19071,8.327144282519805,17.17555314289598,1
19072,8.302668134208615,17.177880221689534,1
19073,8.385707025805386,17.19381624406679,1
19074,8.382871356740951,17.1788338961713,1
19075,8.35313910771148,17.204614414726073,1
19076,8.400249248516113,17.188167760923157,1
19077,8.410648078743108,17.20607049278419,1
19078,8.443039731167266,17.21853356977565,1
19079,8.39755350551269,17.213975135046006,1
19080,8.46256543257388,17.210450048454003,1
19081,8.45473187469189,17.1775151078567,1
19082,8.488996045347289,17.18802234666894,1
19083,8.4891067997066,17.208818768893693,1
19084,8.542657489179133,17.181534010217707,1
19085,8.513401045716865,17.178665626433578,1
19086,8.517900793392453,17.211519229227367,1
19087,8.58240053816998,17.197087341526725,1
19088,8.643925178489233,17.168343776336535,1
19089,8.833328562572587,17.194105392240104,1
19090,8.923786980833102,17.19638695479781,1
19091,8.903490467458045,17.208215023202136,1
19092,8.880453508875062,17.20842161802775,1
19093,8.94005441323064,17.180363447189112,1
19094,8.951943587495762,17.177872186292042,1
19095,8.969050409003332,17.212459711635766,1
19096,8.97794404173222,17.214298450821527,1
19097,8.963877538630417,17.185465605392036,1
19098,8.99474577166307,17.195516824316215,1
19099,9.034871964738326,17.218705455374412,1
19100,8.98746695100348,17.19930486807482,1
19101,9.004909875644833,17.179384104648506,1
19102,9.028989477847466,17.204507149061566,1
19103,9.037799965856413,17.194317615734295,1
19104,9.06461993778154,17.20035119383173,1
19105,9.08022570469954,17.189164892639376,1
19106,9.087393397890398,17.216126469064175,1
19107,9.134654673595119,17.19577785697947,1
19108,9.134663399162491,17.176723637945912,1
19109,9.193766048086763,17.198230829363425,1
19110,9.195412929207036,17.212772525771175,1
19111,9.234675756320911,17.180675220362758,1
19112,9.207288852751141,17.191130089557518,1
19113,9.210658042779658,17.188150985948766,1
19114,9.27573350151933,17.191006595245202,1
19115,9.263116719478539,17.21868737064524,1
19116,9.305534398178457,17.181154829810232,1
19117,9.353560013819418,17.175416913229174,1
19118,9.398697507809123,17.169566207878137,1
19119,9.387335078477111,17.166766450796356,1
19120,9.44127057095227,17.191763461612688,1
19121,9.421196433770735,17.197963927176193,1
19122,9.498924600243928,17.213736135625318,1
19123,9.475887675168716,17.178449062534735,1
19124,9.540361366678537,17.212975320621087,1
19125,9.5409806055121,17.19440964221645,1
19126,9.530072141195774,17.197388276385404,1
19127,9.53542183642063,17.21617507022148,1
19128,9.583791435160789,17.17534967450066,1
19129,9.618134518909923,17.168428225573166,1
19130,9.599366270172224,17.204670167270482,1
19131,9.572530295850218,17.20080154348382,1
19132,9.591576874564275,17.198003706482943,1
19133,9.611921145861235,17.199794806438902,1
19134,9.67295790565091,17.188621804405273,1
19135,9.652595440135398,17.177124573020045,1
19136,9.671716805357683,17.16952785283653,1
19137,9.67813393526927,17.176983052670963,1
19138,9.63311331610633,17.17916170183565,1
19139,9.641909211029617,17.196360037145038,1
19140,9.708250159081514,17.202655582885576,1
19141,9.70211392657054,17.180862723041937,1
19142,9.686722927831662,17.19456728352483,1
19143,9.72422103259829,17.185503883480713,1
19144,9.691420736993534,17.177999019234566,1
19145,9.76031975494107,17.17103816273746,1
19146,9.758723098357608,17.212368467956438,1
19147,9.77080911218225,17.186094463766434,1
19148,9.837807006249028,17.21421254133379,1
19149,9.786852358576125,17.18342944285476,1
19150,9.879792100422918,17.16804040378121,1
19151,9.894290925707391,17.175151115446486,1
19152,9.937607230004751,17.183797222402163,1
19153,9.949255076377012,17.165850411262962,1
19154,9.983864040785264,17.17750521633614,1
19155,9.999699279689118,17.193858142083158,1
19156,10.026913971972489,17.21348476797712,1
19157,10.0526736117527,17.21338993658717,1
19158,10.034041041359648,17.195654099907895,1
19159,10.0588514237575,17.167332256461084,1
19160,10.058713032589516,17.20458973888365,1
19161,10.071275831784014,17.200760239456198,1
19162,10.096790214730321,17.210652333993224,1
19163,10.141414364028886,17.203218027484763,1
19164,10.123350201197026,17.19405857118976,1
19165,10.134296092923199,17.180723575103546,1
19166,10.174293767169177,17.183519000979224,1
19167,10.305877746958814,17.188149239305286,1
19168,10.28558048434185,17.197066379223816,1
19169,10.342574740927471,17.171650730032614,1
19170,10.341760600006053,17.196291266178108,1
19171,10.420980480438901,17.198849728054185,1
19172,10.384737484302775,17.21690115279704,1
19173,10.414987979301037,17.176261786563558,1
19174,10.46852149092449,17.16744332799707,1
19175,10.432876842468184,17.201228529918104,1
19176,10.450833648018332,17.216107843600373,1
19177,10.519189459119595,17.201732228545126,1
19178,10.584733093552261,17.18403775656392,1
19179,10.553480943075055,17.170400107638695,1
19180,10.5752755953053,17.174792861553,1
19181,10.638839001666884,17.206943481598906,1
19182,10.631474157328904,17.208735787756297,1
19183,10.605874908831348,17.20048028779832,1
19184,10.595373294306807,17.20060617589448,1
19185,10.66565555389084,17.21383483508831,1
19186,10.668719212217276,17.197561222456503,1
19187,10.677644083896391,17.17541143997893,1
19188,10.67447323134761,17.20704761901671,1
19189,10.711929845817805,17.20945393041726,1
19190,10.710995327513592,17.18755443046279,1
19191,10.796543123073507,17.186949442565343,1
19192,10.81234617030178,17.192830490316673,1
19193,10.853964521273463,17.170095565189836,1
19194,10.883469572019022,17.201274722947854,1
19195,10.866977585055162,17.174608369968748,1
19196,10.871283116437684,17.196893336001885,1
19197,10.935769914524153,17.171537569008805,1
19198,10.961745132215128,17.174087681363055,1
19199,10.96975116133362,17.175671866699627,1
19200,11.060446651913038,17.204001083235926,1
19201,11.055094779740026,17.198675454910322,1
19202,11.017866602881162,17.17759565975939,1
19203,11.073241837890286,17.177896875811477,1
19204,11.11059958256139,17.2191108689532,1
19205,11.071821592145564,17.191240680790074,1
19206,11.092673737572621,17.206286770744555,1
19207,11.129975998660676,17.19328488128479,1
19208,11.154410792243242,17.19475219361592,1
19209,11.192842277162688,17.179362241438206,1
19210,11.195815608654144,17.188537974677338,1
19211,11.24615048997278,17.193554670605348,1
19212,11.282581090773068,17.180937163219575,1
19213,11.261821071571582,17.19324680862358,1
19214,11.299629528379258,17.205781926605667,1
19215,11.324388552255376,17.166401069061745,1
19216,11.329624024189915,17.206490549124428,1
19217,11.347437738668454,17.177733370573822,1
19218,11.337611740096904,17.190437815371308,1
19219,11.39860642733975,17.20938803076962,1
19220,11.469906226959816,17.179400265079394,1
19221,11.478021141157107,17.187556051214635,1
19222,11.44613179159881,17.171961357895107,1
19223,11.530822729044603,17.216634502710427,1
19224,11.534094801535602,17.216686650289606,1
19225,11.513682827359222,17.21139892016992,1
19226,11.586457083396612,17.203075575975838,1
19227,11.582213438754902,17.194768678756095,1
19228,11.570600077514275,17.17601856761775,1
19229,11.605528589963352,17.212195006693253,1
19230,11.647276576587961,17.21627227103531,1
19231,11.653839079375917,17.196162033164594,1
19232,11.645925788579053,17.16618663001694,1
19233,11.691165915646959,17.169452918533597,1
19234,11.69668067034309,17.213839610904273,1
19235,11.707528979098969,17.182148297802915,1
19236,11.709888185009182,17.177214976683814,1
19237,11.720795988926952,17.215546690806768,1
19238,11.738619190580678,17.180900302260575,1
19239,11.733992487648932,17.212140994876695,1
19240,11.804213118425427,17.204580836584707,1
19241,11.778950101396907,17.189566473333223,1
19242,11.846551995079446,17.184760447857776,1
19243,11.82408107670888,17.211439498147364,1
19244,11.873582511070737,17.184603361947183,1
19245,11.909579470802944,17.187308955950567,1
19246,11.897635955790465,17.18343768895374,1
19247,11.915975071537572,17.171918526154272,1
19248,11.93512305279218,17.17607240452988,1
19249,11.97042139759971,17.21321854396081,1
19250,11.95069905730523,17.183990992001352,1
19251,8.015040272852342,17.264339573807536,1
19252,8.056073460145122,17.26539741964621,1
19253,8.024201777727656,17.22675309468852,1
19254,8.05253187333907,17.233457185033252,1
19255,8.11443668338003,17.23511101103841,1
19256,8.095045928520419,17.23187285938219,1
19257,8.094760486342123,17.25075270185032,1
19258,8.140014604632633,17.223125537841998,1
19259,8.133066581920131,17.252554794141666,1
19260,8.168661365231037,17.234239117938873,1
19261,8.149406473582292,17.24630226244064,1
19262,8.19924452977802,17.27203432804806,1
19263,8.223481353442132,17.238153120457433,1
19264,8.226485603379862,17.233655161335555,1
19265,8.242347341836664,17.261271296682256,1
19266,8.271777067332579,17.235066646096012,1
19267,8.301247447054795,17.26515731007113,1
19268,8.327381534613135,17.246092984033208,1
19269,8.327429652779621,17.256591834760254,1
19270,8.347429082651084,17.254139336160485,1
19271,8.37419529019437,17.247412700973324,1
19272,8.349545283773383,17.231914879418454,1
19273,8.384879270021381,17.244430769209323,1
19274,8.365833677633221,17.22623151842367,1
19275,8.421698612224477,17.240711016877,1
19276,8.401309079665499,17.259861895248587,1
19277,8.417421910742844,17.260137814837826,1
19278,8.398473769364168,17.25100997722089,1
19279,8.442763012095027,17.266226526076906,1
19280,8.466205037911648,17.25367336052914,1
19281,8.496543542772416,17.236224779317485,1
19282,8.500379138859081,17.231867483896835,1
19283,8.463887018145712,17.259549716406593,1
19284,8.533418325839637,17.228513450686798,1
19285,8.514086874446287,17.25079254507507,1
19286,8.848065135907559,17.235781917517375,1
19287,8.9045146468557,17.261639258589028,1
19288,8.884230603444845,17.261302807419558,1
19289,8.89610259890618,17.254516510931776,1
19290,8.948764757746025,17.246051584335817,1
19291,8.972832766897552,17.243470156718907,1
19292,8.973163362896113,17.265376202670986,1
19293,8.982220859761316,17.261862958293705,1
19294,9.032322359136165,17.228263973700596,1
19295,9.036329650595741,17.260630599283765,1
19296,9.031226270480882,17.223794074304912,1
19297,9.077911522285525,17.228201965483265,1
19298,9.04953971340909,17.240722731529683,1
19299,9.143861507762777,17.23107859233751,1
19300,9.122626011039399,17.270989852877904,1
19301,9.17154097545246,17.221809463763456,1
19302,9.183558666554283,17.260544100023314,1
19303,9.22468885921801,17.2303608094091,1
19304,9.229212849984155,17.271911757236925,1
19305,9.278893422649483,17.22154769439587,1
19306,9.317671331450073,17.23049243416853,1
19307,9.318942705850471,17.258385900426934,1
19308,9.410276753122854,17.229659449443663,1
19309,9.410107191682213,17.221913330994166,1
19310,9.427071510028853,17.222318476781332,1
19311,9.422584874722185,17.252190688375013,1
19312,9.422861055669717,17.231262272743866,1
19313,9.488980430634406,17.234225147563585,1
19314,9.542672067612104,17.271011097586015,1
19315,9.538162510693624,17.24943683943,1
19316,9.548381764112877,17.227481193609005,1
19317,9.591472043382238,17.2485999299518,1
19318,9.59352904326316,17.241851297413472,1
19319,9.585655315221015,17.2503328907751,1
19320,9.61700540725822,17.254452478388657,1
19321,9.595625093336913,17.220647279934806,1
19322,9.660824971814478,17.27128653522946,1
19323,9.66609234802269,17.23455210830415,1
19324,9.652729093446696,17.25875948463807,1
19325,9.627327979908967,17.263212972072072,1
19326,9.672922890566552,17.236106333458665,1
19327,9.722267258962665,17.2726728851255,1
19328,9.71623429277636,17.237357473998674,1
19329,9.685236970257977,17.229288126807976,1
19330,9.721518158954037,17.253564699934063,1
19331,9.775926984857382,17.25678046899712,1
19332,9.76774198381277,17.266280501119773,1
19333,9.816114775862802,17.235124202763433,1
19334,9.866747691924775,17.262739787322634,1
19335,9.896519859115909,17.260717869533334,1
19336,9.90672257643335,17.23302080793888,1
19337,9.958123483961064,17.226802309016154,1
19338,9.967855240330143,17.236646320564926,1
19339,10.003143920890357,17.262162573826764,1
19340,10.012788829553308,17.243110212634797,1
19341,10.05265755027707,17.264284575193003,1
19342,10.064183737933792,17.231872569908553,1
19343,10.059819459432479,17.219291109022077,1
19344,10.08858681528555,17.23219985302811,1
19345,10.095418359079392,17.26211494736174,1
19346,10.114786383986077,17.23070772765833,1
19347,10.12965546976674,17.2521510901558,1
19348,10.1458315694019,17.267374004326978,1
19349,10.205921400379674,17.25917914964913,1
19350,10.175691613285663,17.227990151537572,1
19351,10.225164646291208,17.23548236862257,1
19352,10.266424525893061,17.23822054932564,1
19353,10.278471440560866,17.225539554473652,1
19354,10.289604912730924,17.256095454690087,1
19355,10.34419235030626,17.26524186097376,1
19356,10.342284603517806,17.23064829418399,1
19357,10.389009223950211,17.25720932087229,1
19358,10.38664548528281,17.250778796058505,1
19359,10.417002846045754,17.265107534980057,1
19360,10.429323309224115,17.26531846790979,1
19361,10.445312388461755,17.25492049034137,1
19362,10.483476540890784,17.225107360846206,1
19363,10.568476644207577,17.270509263036338,1
19364,10.597412301637666,17.243246451635333,1
19365,10.618487908824141,17.262827454196287,1
19366,10.612605535760244,17.269468072100466,1
19367,10.621447999029975,17.24789537271334,1
19368,10.675872888027959,17.235922013216992,1
19369,10.689508550122557,17.24906539283588,1
19370,10.65029829638735,17.224259519339242,1
19371,10.691660763358401,17.247065378259887,1
19372,10.706887848068382,17.223179612983195,1
19373,10.713196746144689,17.266818225021222,1
19374,10.716991421513235,17.222616430245246,1
19375,10.789191641575771,17.255425726680475,1
19376,10.850009913882989,17.26644194141214,1
19377,10.813059719459321,17.230674486371036,1
19378,10.906879101569027,17.234648761838997,1
19379,10.86765603912885,17.265306842401024,1
19380,10.901202060073864,17.237970769581537,1
19381,10.957117868410341,17.26841826644402,1
19382,10.943290830847653,17.240430602683173,1
19383,11.00599320214667,17.26310234440856,1
19384,11.022714658547546,17.247721050556994,1
19385,11.021449419114616,17.238692866909574,1
19386,11.032282639751674,17.22172268860027,1
19387,11.104444522995971,17.22114192416967,1
19388,11.095221159943739,17.261171459547537,1
19389,11.102557006454173,17.254899262964738,1
19390,11.094961964234448,17.225649756835693,1
19391,11.156537083140371,17.253841176093985,1
19392,11.14204887833867,17.266179725212265,1
19393,11.217083107977155,17.269899975303392,1
19394,11.229464358195978,17.2502085932971,1
19395,11.244105638989005,17.259345090325652,1
19396,11.236389022771453,17.23095886464929,1
19397,11.26716650280469,17.250821558064178,1
19398,11.235569290342681,17.256797891412692,1
19399,11.329668228089213,17.221780016175334,1
19400,11.324054652457326,17.268035052499204,1
19401,11.317594847836371,17.23058371407391,1
19402,11.326074372899091,17.25616004403725,1
19403,11.359657020137657,17.245903358095692,1
19404,11.355020598135406,17.27081226343114,1
19405,11.44033146682957,17.227253943081823,1
19406,11.459871991218925,17.242120368999654,1
19407,11.484317133328084,17.25961774702948,1
19408,11.54414405601706,17.23736060303633,1
19409,11.533592310061305,17.229307394072812,1
19410,11.511217948275197,17.26612967970974,1
19411,11.603118218779562,17.227981804514375,1
19412,11.557894840188434,17.23478162020463,1
19413,11.622779170227561,17.264153438471165,1
19414,11.618221097968199,17.264338744924505,1
19415,11.649036030286751,17.2262231499248,1
19416,11.606593440860076,17.265545582761614,1
19417,11.704999280010055,17.272333706449956,1
19418,11.696869912889731,17.27103948597192,1
19419,11.707439579720118,17.259554025229953,1
19420,11.680611174878198,17.255568857537437,1
19421,11.718657971176734,17.242426296631322,1
19422,11.763600998103568,17.254685841363084,1
19423,11.755592300012347,17.240748709674147,1
19424,11.7615650216154,17.235998318088317,1
19425,11.788851345352848,17.220805259350858,1
19426,11.78129925079488,17.261849986735598,1
19427,11.791603433563791,17.226519176640444,1
19428,11.864744279581533,17.262704204199938,1
19429,11.842501948086438,17.26040376595033,1
19430,11.878688371779633,17.22174523710185,1
19431,11.872504181998252,17.244634116092545,1
19432,11.897869704566725,17.25484859613591,1
19433,11.888020174656425,17.225207830196602,1
19434,11.958137173802236,17.26528641132294,1
19435,11.962343875116094,17.252686823029865,1
19436,11.96458386056201,17.22708882282298,1
19437,11.979678421764016,17.252868635414917,1
19438,11.992412022137682,17.252001368904903,1
19439,8.014892228650083,17.274446663093045,1
19440,8.03626606088204,17.32583858106481,1
19441,8.0435305623743,17.275093090865905,1
19442,8.087384710732795,17.276549407852034,1
19443,8.087411468182335,17.292254871804328,1
19444,8.160767527107305,17.28515841003731,1
19445,8.142586648123679,17.323707446122725,1
19446,8.158349504651088,17.324753550588195,1
19447,8.184834127047687,17.3012935195877,1
19448,8.216701796019667,17.295242924512902,1
19449,8.286638609515474,17.289114189966412,1
19450,8.269715056321916,17.282734579947682,1
19451,8.292122350946157,17.283768560399146,1
19452,8.317004950819177,17.305271416347836,1
19453,8.338459510251358,17.278827847413226,1
19454,8.3713262916722,17.318634929742327,1
19455,8.367664887734517,17.286340446401017,1
19456,8.372072170468568,17.304690730331846,1
19457,8.37092626854179,17.324844810751422,1
19458,8.4177090790469,17.28038753845158,1
19459,8.403065658345138,17.3062608048367,1
19460,8.424376688803028,17.28426500448325,1
19461,8.40684506017994,17.32002351788225,1
19462,8.501304780487592,17.29943596854505,1
19463,8.466566098236827,17.30392625560861,1
19464,8.487429825988178,17.274174421683767,1
19465,8.505057067230629,17.284545557851843,1
19466,8.533883515643884,17.275580107967553,1
19467,8.567927523881098,17.27729989688518,1
19468,8.577390082658349,17.315246605093485,1
19469,8.594342861982172,17.3000645193263,1
19470,8.627495883107523,17.314578675276202,1
19471,8.632167925683763,17.282933442872935,1
19472,8.72158162247397,17.288289063032494,1
19473,8.785846100924534,17.294543601877937,1
19474,8.833277595484141,17.28443656016167,1
19475,8.855092702849069,17.324875850424444,1
19476,8.890344319512858,17.30065611036208,1
19477,8.915639586517736,17.287147937477563,1
19478,8.97082886113812,17.325171865475763,1
19479,8.966427177276023,17.32103777024777,1
19480,8.94418209533086,17.309338696422373,1
19481,9.010616954415903,17.300712023380434,1
19482,9.000663689624986,17.302984794115478,1
19483,8.989539186804237,17.322319672128565,1
19484,9.045181787537166,17.320772453604725,1
19485,9.06676870265728,17.279324402326036,1
19486,9.079596864142355,17.308952056667223,1
19487,9.140197477631007,17.3254776762497,1
19488,9.1394854006662,17.302281936733895,1
19489,9.18399577203327,17.275015198522983,1
19490,9.160621159609692,17.317442066393077,1
19491,9.222895013763424,17.28440090796115,1
19492,9.352638439215308,17.297343748164476,1
19493,9.312803154461394,17.32193360735531,1
19494,9.365854466325473,17.309078191696873,1
19495,9.371149351870107,17.315288267157527,1
19496,9.445176046963635,17.277800780569777,1
19497,9.432171725667901,17.322198091485088,1
19498,9.46668087555493,17.279318181975885,1
19499,9.54986534063021,17.29978306922559,1
19500,9.541623168606,17.299214206125495,1
19501,9.583753576009475,17.322351646388256,1
19502,9.588410610228348,17.318540195858468,1
19503,9.607526611205026,17.301867289213163,1
19504,9.582598228145377,17.2980336870591,1
19505,9.615284906919774,17.324564943077217,1
19506,9.627480526006625,17.31302252957877,1
19507,9.665242619723728,17.29997249120417,1
19508,9.673318098515107,17.324216592973244,1
19509,9.627116334442716,17.304296035807894,1
19510,9.637443674969056,17.3253534007102,1
19511,9.649389614738288,17.28870551897429,1
19512,9.69470108477729,17.30689274114251,1
19513,9.701494019302562,17.28225851584507,1
19514,9.716005694938904,17.296481610315517,1
19515,9.783552554591525,17.273372913906954,1
19516,9.74868554653023,17.319394437438834,1
19517,9.793662103457502,17.30070803191073,1
19518,9.81047070151821,17.27927537148092,1
19519,9.868905263048852,17.28979065664017,1
19520,9.844134267917969,17.320264283684505,1
19521,9.89932203871161,17.28377866504982,1
19522,9.911714402857635,17.285568008684717,1
19523,9.919759787445074,17.27767922951066,1
19524,9.982620974703295,17.291712984066066,1
19525,9.973745286952965,17.28552287238784,1
19526,9.992867734999656,17.29573477412599,1
19527,10.03514154096246,17.302996699200698,1
19528,10.026165294000865,17.29822059283258,1
19529,10.021354317832207,17.313911954098685,1
19530,10.099043364274353,17.321536836254786,1
19531,10.07705888695947,17.307517288990596,1
19532,10.097538585856976,17.31367545219585,1
19533,10.14719783230561,17.31979461499886,1
19534,10.12367845118706,17.28117022976831,1
19535,10.148018988322589,17.27813423164293,1
19536,10.205150297790443,17.321275085144475,1
19537,10.187884161985373,17.27389903307858,1
19538,10.188044885862425,17.281286531628968,1
19539,10.237928977458752,17.32352964333775,1
19540,10.246077156900489,17.302678848777536,1
19541,10.243948419904894,17.274404245845336,1
19542,10.317609255340976,17.326030259633292,1
19543,10.287107705778725,17.299069205493883,1
19544,10.315657165807584,17.28889927477872,1
19545,10.348255858120053,17.289856835707766,1
19546,10.348547148972479,17.319953973901537,1
19547,10.395730344573314,17.294957889875434,1
19548,10.403616528101251,17.2816043511103,1
19549,10.428910619482417,17.278618457885592,1
19550,10.438785310472014,17.283233882558932,1
19551,10.491277853661202,17.285528357285543,1
19552,10.535451392480276,17.29378747928743,1
19553,10.62485625081031,17.279706037193296,1
19554,10.63883776839831,17.32597376449395,1
19555,10.590821791292866,17.310798863398496,1
19556,10.643346051295406,17.310509574181747,1
19557,10.650174407080657,17.277583012963856,1
19558,10.68221778704028,17.292779865994017,1
19559,10.723096217373582,17.278506522500084,1
19560,10.722435399701842,17.288011914513362,1
19561,10.741648405239765,17.307807235290426,1
19562,10.782507240062424,17.309409422873525,1
19563,10.759394399352601,17.282633776111037,1
19564,10.821428659151316,17.29870081098102,1
19565,10.83325004644416,17.316260425707974,1
19566,10.882047826285639,17.294224298367993,1
19567,10.890430518302319,17.317462537506213,1
19568,10.86269440128652,17.299413740620444,1
19569,10.947414883765953,17.275892465770955,1
19570,10.916317065328553,17.31788817306682,1
19571,10.979605703755494,17.276809885307337,1
19572,10.965297594969558,17.30521942205851,1
19573,11.036344731441542,17.28465423129054,1
19574,11.027417256430512,17.300636505190354,1
19575,11.051164679126492,17.30124625380298,1
19576,11.089872207771592,17.313567738091244,1
19577,11.088626363305995,17.280508095190427,1
19578,11.100855132355207,17.31216854113991,1
19579,11.11487279306174,17.31009019058179,1
19580,11.17366044662141,17.307387853544178,1
19581,11.137815150397374,17.3084305451683,1
19582,11.208707561818011,17.283798365959694,1
19583,11.19503944696327,17.324473506551758,1
19584,11.258556645394856,17.29468691844275,1
19585,11.239768062766581,17.296009477774913,1
19586,11.256973339278915,17.320015698646365,1
19587,11.255485347916864,17.278065966159563,1
19588,11.295046067090764,17.288275996890864,1
19589,11.317479836502017,17.32309358591894,1
19590,11.286694529742192,17.284818206628955,1
19591,11.285518454630708,17.315082919934106,1
19592,11.382827923253597,17.28666496001773,1
19593,11.359562939753182,17.301806325672047,1
19594,11.383586782994191,17.284766277403442,1
19595,11.406384784989408,17.31045420715245,1
19596,11.479424087965182,17.30803831986012,1
19597,11.464849137916557,17.31176696468629,1
19598,11.539060818962414,17.311701263785405,1
19599,11.541978873927393,17.31438258832176,1
19600,11.5752632657045,17.323639804232595,1
19601,11.586534024549653,17.308293357449465,1
19602,11.63862338954316,17.31643606358765,1
19603,11.60556206404555,17.314852151345352,1
19604,11.646585382817163,17.301949793776867,1
19605,11.607390391888849,17.28764730392374,1
19606,11.701413666964902,17.314473547248223,1
19607,11.704626050155252,17.312932575823584,1
19608,11.69121775675785,17.291834386016223,1
19609,11.74156559031779,17.303305010510943,1
19610,11.751939786663035,17.294184493125606,1
19611,11.732927887948549,17.283972375361664,1
19612,11.770281824540096,17.27285166959524,1
19613,11.79162961231101,17.29217740327673,1
19614,11.792542590620199,17.294401631793175,1
19615,11.856355496633423,17.275260399016734,1
19616,11.854641008654058,17.31836935003368,1
19617,11.916224243000332,17.283978180272026,1
19618,11.907119799161537,17.29726404312157,1
19619,11.875492969425066,17.313072984253314,1
19620,11.928171343647765,17.310825958997086,1
19621,11.936432844128346,17.30239856346407,1
19622,11.956196781880877,17.31115490877544,1
19623,11.992135454590253,17.319498711057214,1
19624,11.992551916797582,17.300169984379867,1
19625,8.048323763316105,17.374993221869353,1
19626,8.060935253888957,17.329737283229345,1
19627,8.108018923381307,17.3607721670131,1
19628,8.125502511001455,17.37718175799405,1
19629,8.18022256450715,17.32972812544129,1
19630,8.16006536786147,17.349862091706,1
19631,8.19700460698614,17.347602943280247,1
19632,8.24035443843832,17.37107592249251,1
19633,8.252340396093608,17.329393194044165,1
19634,8.319515004525767,17.37322168152755,1
19635,8.305921865850344,17.335724671431393,1
19636,8.348364138711231,17.375762847288687,1
19637,8.345742941691592,17.338849140710085,1
19638,8.408563275368685,17.364189923506366,1
19639,8.445139898136341,17.35220811687682,1
19640,8.453303221936084,17.339601067427708,1
19641,8.498833556430437,17.329332531934828,1
19642,8.516694927156601,17.3385277032332,1
19643,8.515140349523815,17.33742927433907,1
19644,8.57261683927935,17.336372894395975,1
19645,8.607981250849,17.330869254914752,1
19646,8.557949399998066,17.33104561083448,1
19647,8.616666568234283,17.333077264013724,1
19648,8.614603388266739,17.33747729817995,1
19649,8.724023363437386,17.36291919958805,1
19650,8.72532573914947,17.354972078674944,1
19651,8.780366304587423,17.360314372915376,1
19652,8.819349232382283,17.341311689050997,1
19653,8.827001938073426,17.373287234272834,1
19654,8.933681550399521,17.36982909034116,1
19655,8.933482108078811,17.33081816740725,1
19656,9.000445504349104,17.331775321738295,1
19657,9.030547846459275,17.348612285159483,1
19658,9.0103035121114,17.32771967421672,1
19659,9.022105804765456,17.37782178925377,1
19660,9.03653654604789,17.37349376723905,1
19661,9.05132994150533,17.341710409645344,1
19662,9.0430798857565,17.350973341762355,1
19663,9.059080106960272,17.36060063706458,1
19664,9.05763464914615,17.33690694189914,1
19665,9.068205457651741,17.369401676275853,1
19666,9.11174013075205,17.3482530364344,1
19667,9.10605363280099,17.342404901001608,1
19668,9.111485767217046,17.374756252029197,1
19669,9.297511739084351,17.34935862546268,1
19670,9.319119024630705,17.368568029806074,1
19671,9.377736908072402,17.3746398162693,1
19672,9.391767989631665,17.37087150672433,1
19673,9.4389513181597,17.33002291791457,1
19674,9.450454777509723,17.355449167522952,1
19675,9.486902627820296,17.34665015758732,1
19676,9.554525889687174,17.339905715849508,1
19677,9.533475342653158,17.330149606366074,1
19678,9.547081503307504,17.355959434851414,1
19679,9.610319408307552,17.349861022805715,1
19680,9.589617716045925,17.347686078432602,1
19681,9.591985080556434,17.363092438462402,1
19682,9.577815036620835,17.35404560957078,1
19683,9.60523027177101,17.363652386738423,1
19684,9.635635736200427,17.363089884583022,1
19685,9.667636310328163,17.34486965171312,1
19686,9.650105365737229,17.335104658538615,1
19687,9.629083773408027,17.368045325291895,1
19688,9.706450169628898,17.377456231870894,1
19689,9.716163530647108,17.334127725547706,1
19690,9.780650408969896,17.341210040924217,1
19691,9.808660537384167,17.35919667902622,1
19692,9.814464759408988,17.362792559025532,1
19693,9.89114667715939,17.373761888886854,1
19694,9.875293598846794,17.379399255790922,1
19695,9.88453468967278,17.3627302602084,1
19696,9.914302719597877,17.3317385698415,1
19697,9.90422831007757,17.33725582086545,1
19698,9.910913276012291,17.343198930270404,1
19699,9.967832720283447,17.33516779959324,1
19700,9.985507436710837,17.33931431131956,1
19701,9.952884678364637,17.34749716885536,1
19702,10.004734557325618,17.372390448135377,1
19703,10.040369252666068,17.377134307374586,1
19704,10.002062902604926,17.377341068412374,1
19705,10.100502682542059,17.350087279450708,1
19706,10.104240775384081,17.341822708189472,1
19707,10.081377848942633,17.346023570627484,1
19708,10.125468772900527,17.364492471767143,1
19709,10.113251209813306,17.36508626425917,1
19710,10.110659094486312,17.37207802019272,1
19711,10.166228872382447,17.337708518796102,1
19712,10.175511685059014,17.375792755312606,1
19713,10.205883947245713,17.33056855839143,1
19714,10.239100390248034,17.368437772225466,1
19715,10.255950062170182,17.371758587588083,1
19716,10.214896751775987,17.350933114750138,1
19717,10.300766964336997,17.37632937940934,1
19718,10.317091312899306,17.372085687394307,1
19719,10.31107237757126,17.347317719880177,1
19720,10.32511022628256,17.368591926478494,1
19721,10.355782207814991,17.329736318569633,1
19722,10.383346061435065,17.334278198108475,1
19723,10.439348237499084,17.339073637802937,1
19724,10.498932433551893,17.34709934821107,1
19725,10.55597554994457,17.351165905927573,1
19726,10.615755423215282,17.362972505818977,1
19727,10.604280049269384,17.32689207210664,1
19728,10.652981006717852,17.335062832174582,1
19729,10.661790748046506,17.378425483239134,1
19730,10.661430834380687,17.365301685730415,1
19731,10.743764990986953,17.352242308598477,1
19732,10.743123584528316,17.34831130209148,1
19733,10.753937398030107,17.371740281505197,1
19734,10.788606501982644,17.365841265912575,1
19735,10.849705028379251,17.371117660910315,1
19736,10.838443220928875,17.37368098260762,1
19737,10.830678513382065,17.333668651066418,1
19738,10.880086164996705,17.372874864869612,1
19739,10.893886783000855,17.377191474248626,1
19740,10.909002709490926,17.326945940614742,1
19741,10.942612243402571,17.337860867680412,1
19742,10.949904481133888,17.343567866910924,1
19743,10.99662482437098,17.348365769405106,1
19744,10.972045013339029,17.33003851737772,1
19745,11.040258801314808,17.377131100823107,1
19746,11.062278797548405,17.32971806144819,1
19747,11.05262887179719,17.346269184137395,1
19748,11.081875381014552,17.331598040869874,1
19749,11.114064292923516,17.344416177844376,1
19750,11.101612973106977,17.34315829812112,1
19751,11.145716107022844,17.337009812715333,1
19752,11.146718880403672,17.331167239894146,1
19753,11.20248099236082,17.351721416862613,1
19754,11.201947416025641,17.352878134878857,1
19755,11.269057835230557,17.378074550222625,1
19756,11.282486467680618,17.356524408757313,1
19757,11.273514383355057,17.377339065459797,1
19758,11.256346911460835,17.3700403450516,1
19759,11.300901051312175,17.342876423392287,1
19760,11.311333009470786,17.330784757111157,1
19761,11.322908867476624,17.36901170824165,1
19762,11.2887364916925,17.378965076439286,1
19763,11.364967328526324,17.37193018837551,1
19764,11.383645989438687,17.369677162449655,1
19765,11.383226502918262,17.328976339418325,1
19766,11.395820747011776,17.375445732422808,1
19767,11.44430021921745,17.346394300261412,1
19768,11.447866515812425,17.37959967795824,1
19769,11.546263089463721,17.356831822018417,1
19770,11.511692706188915,17.37112173615734,1
19771,11.577306042955268,17.36945531897428,1
19772,11.555289296890857,17.343759368956228,1
19773,11.567464866604274,17.34879360281174,1
19774,11.612901827695666,17.34612712149516,1
19775,11.64249972712802,17.328925226438926,1
19776,11.646360387544307,17.362423261634095,1
19777,11.618949754357784,17.34181272600075,1
19778,11.70280741346709,17.33440227869624,1
19779,11.688877864910713,17.37688138682416,1
19780,11.761156166247085,17.331619472698666,1
19781,11.775734850855324,17.371045387341344,1
19782,11.792486306931638,17.328352339424832,1
19783,11.85813899232726,17.348994077692254,1
19784,11.909430395282062,17.33371233217729,1
19785,11.912306128973546,17.33744932939259,1
19786,11.971750573039628,17.358104116574424,1
19787,11.962036210009515,17.366080349326616,1
19788,11.983607670986872,17.365198783721,1
19789,11.983838238657667,17.35928973494818,1
19790,8.011942953946704,17.379834847411853,1
19791,8.071649687222228,17.401054940690518,1
19792,8.059776262953864,17.40629249200045,1
19793,8.082290489061213,17.38525279840089,1
19794,8.103199153088351,17.406124012464268,1
19795,8.128351491818075,17.410490325063236,1
19796,8.152148404079847,17.391280898681725,1
19797,8.219507070204372,17.42847446792683,1
19798,8.199768465328964,17.399556867482307,1
19799,8.258295555130228,17.422921150397823,1
19800,8.26047269445831,17.420583450079807,1
19801,8.295662826141243,17.389699192062277,1
19802,8.324282516113792,17.40733069249749,1
19803,8.371762826468572,17.416367541531706,1
19804,8.361906141499995,17.38712033267339,1
19805,8.43120161228,17.40890302703587,1
19806,8.442643513084198,17.38631807423867,1
19807,8.500470225672661,17.394634930024665,1
19808,8.472731651954037,17.41456627420554,1
19809,8.526456357048353,17.43181884584882,1
19810,8.511230468862,17.429835736907954,1
19811,8.550221348002186,17.427122634224723,1
19812,8.602281140550168,17.408856478120008,1
19813,8.591036201072905,17.39775680291148,1
19814,8.605115407842177,17.417885468907702,1
19815,8.660844393407638,17.405403333790495,1
19816,8.662205081435147,17.395715771842625,1
19817,8.689650243581207,17.39374128595558,1
19818,8.675893253528276,17.389645125408457,1
19819,8.743497015458807,17.39244047618181,1
19820,8.738572096557949,17.40464135017692,1
19821,8.774627769257155,17.41255715500013,1
19822,8.77499531289849,17.39092098716512,1
19823,8.866273755660787,17.392738099525527,1
19824,8.874514044117355,17.38305780851857,1
19825,8.887457573104845,17.388099386862667,1
19826,8.907356763693102,17.40134634206613,1
19827,8.927386916674358,17.38252580554254,1
19828,8.981251777103632,17.400701019296946,1
19829,8.977458304268838,17.41554370712537,1
19830,8.950391432071601,17.40511558973892,1
19831,8.957182311653964,17.407472112151808,1
19832,8.937701318237592,17.41764192795726,1
19833,8.995754650774586,17.401848276460125,1
19834,8.985388749243057,17.388353105437396,1
19835,9.017526868153874,17.41113078738056,1
19836,9.012428756782995,17.386385974691848,1
19837,8.996059546161343,17.432213304232405,1
19838,9.01619125251047,17.397475607914963,1
19839,9.05939049730091,17.394179706828126,1
19840,9.04284755843086,17.417187485714898,1
19841,9.065613797514477,17.403023040064735,1
19842,9.065237447714221,17.415736498281884,1
19843,9.039777535763356,17.41774250824691,1
19844,9.068335879440673,17.394126554729176,1
19845,9.1309235972512,17.40647101499489,1
19846,9.141336960096966,17.406196640679234,1
19847,9.134906143344754,17.421681455660146,1
19848,9.111630754983018,17.38959764092961,1
19849,9.156787328410037,17.382805177651125,1
19850,9.18877649340086,17.431243746999428,1
19851,9.231230412169191,17.41565840950947,1
19852,9.255770447896285,17.400154639543207,1
19853,9.327765730770128,17.42030542959314,1
19854,9.37883188238606,17.43289454930219,1
19855,9.394811265948865,17.433061975994704,1
19856,9.431012951667089,17.41376515371182,1
19857,9.446418039155475,17.42781476422292,1
19858,9.514746769054174,17.40472085868515,1
19859,9.506427832776351,17.380259519177724,1
19860,9.547830220451527,17.400114960705977,1
19861,9.567148183958889,17.423442547320782,1
19862,9.558828216737059,17.386956436124777,1
19863,9.621876222665923,17.418515687920745,1
19864,9.600057979571273,17.40978147746044,1
19865,9.586236937542411,17.41669372339966,1
19866,9.666973123578925,17.387025458487297,1
19867,9.641289639686084,17.385929438087775,1
19868,9.7245386187449,17.422973236152313,1
19869,9.751765098043627,17.42862460305674,1
19870,9.753699393250848,17.423720132892463,1
19871,9.81349171251724,17.384417361377675,1
19872,9.827161400117442,17.420668416900813,1
19873,9.801865510672432,17.432907746115617,1
19874,9.847173285175225,17.383530763243552,1
19875,9.885807258105016,17.429201537158242,1
19876,9.853643701005904,17.39930469188929,1
19877,9.944979611743756,17.396685638128066,1
19878,9.931023541511129,17.432624301323635,1
19879,9.898995777173468,17.39629295515364,1
19880,9.983817544992945,17.402578444149114,1
19881,9.958754621938473,17.399452078321712,1
19882,9.97330405405116,17.431503040283797,1
19883,10.017062572283404,17.408683827027765,1
19884,10.026674578275765,17.404185503038008,1
19885,10.050176016919181,17.38118480205135,1
19886,10.06174245857382,17.3904525797582,1
19887,10.061348318951815,17.386393051937905,1
19888,10.079470041167452,17.393971380451898,1
19889,10.151251135920228,17.420592420117387,1
19890,10.148859237297067,17.380731907451352,1
19891,10.143058135253783,17.401113519897002,1
19892,10.187875509741136,17.411618967450394,1
19893,10.20259062533134,17.386404673638367,1
19894,10.179917199793056,17.382182444351315,1
19895,10.21764299794763,17.426930174266293,1
19896,10.218744417888301,17.418857922233713,1
19897,10.292670932381503,17.425327076525168,1
19898,10.319486671070386,17.391626318800817,1
19899,10.36913922357523,17.40676500985966,1
19900,10.364489360347395,17.420402937547387,1
19901,10.404423347899213,17.385430512883396,1
19902,10.4599051128571,17.38817135588553,1
19903,10.521779311056145,17.41210723079039,1
19904,10.575852055808953,17.416539944325073,1
19905,10.617968854067321,17.42954041436232,1
19906,10.693553216849471,17.41116835830178,1
19907,10.675257738799433,17.426890915778213,1
19908,10.734883750253903,17.41942377884455,1
19909,10.724825377942826,17.391119027904658,1
19910,10.787207195089737,17.410336134672637,1
19911,10.77020482393814,17.425605829081,1
19912,10.81457909361739,17.387831583426223,1
19913,10.818125450799393,17.398797692092533,1
19914,10.821495696295514,17.41364755125333,1
19915,10.887819717002358,17.43271731844919,1
19916,10.87340114684126,17.43153050616666,1
19917,10.895748493687416,17.385703180977877,1
19918,10.919005039827091,17.41360632048166,1
19919,10.94444469509467,17.395858385276586,1
19920,10.99597347464507,17.407171669063416,1
19921,11.013701507950536,17.422000847369816,1
19922,11.032092221613661,17.413771337642714,1
19923,11.019835161218273,17.413235843428648,1
19924,11.046731685180767,17.414921882063762,1
19925,11.041425482887513,17.395079356821885,1
19926,11.082971859864635,17.386700041175857,1
19927,11.073266479566087,17.399526136397565,1
19928,11.101484423771273,17.388116415602532,1
19929,11.119911038843803,17.412688828328317,1
19930,11.158160861429831,17.40331772391481,1
19931,11.146694045664317,17.409301179226013,1
19932,11.13170526383345,17.405827970629574,1
19933,11.204103954254117,17.395549895348687,1
19934,11.179970577208142,17.428689231175294,1
19935,11.239244982536572,17.38008588586292,1
19936,11.249915323736609,17.405401402449087,1
19937,11.245284794983096,17.421719721647833,1
19938,11.295831059039257,17.40425846185407,1
19939,11.329189808584808,17.421384836535005,1
19940,11.295963515142452,17.401531782433636,1
19941,11.289036955652188,17.41653607674827,1
19942,11.337722549051104,17.425200158434198,1
19943,11.367612549612941,17.413822002950894,1
19944,11.389133141478956,17.400707091300216,1
19945,11.438560378494337,17.43046974092107,1
19946,11.417107830612059,17.393826425796767,1
19947,11.483614908414808,17.402684137546526,1
19948,11.454145871733663,17.425767423286068,1
19949,11.539501350194058,17.39356720041671,1
19950,11.501219286925824,17.409194620062443,1
19951,11.600783834755905,17.386439754241017,1
19952,11.583482920549791,17.41454419499621,1
19953,11.564426035836581,17.412734267619008,1
19954,11.61744213399013,17.41651045363716,1
19955,11.611587466288572,17.401002462621438,1
19956,11.652823968464896,17.409698349853638,1
19957,11.657056323008534,17.431429756561425,1
19958,11.685110166824849,17.40697916213031,1
19959,11.664598619137116,17.39565357820694,1
19960,11.706208031852428,17.419068985030055,1
19961,11.758763638015115,17.41614613253395,1
19962,11.762650119764858,17.40501690886438,1
19963,11.807594565687728,17.421503121182777,1
19964,11.818096688803376,17.40153208511108,1
19965,11.821891033515245,17.43153656514833,1
19966,11.846316054617699,17.389578600531184,1
19967,11.87291745233174,17.411227443809565,1
19968,11.879522369813614,17.394403969547284,1
19969,11.971179940807499,17.391344493400524,1
19970,11.962080400875324,17.42570543472674,1
19971,11.93333149759544,17.416206627632427,1
19972,11.981213082323132,17.38868263418698,1
19973,8.01692630181915,17.439485166392704,1
19974,8.031029808318838,17.47434044570255,1
19975,8.023808355750907,17.45695040422453,1
19976,8.029703549025523,17.460541063304316,1
19977,8.110293960368221,17.46083050284916,1
19978,8.106979815359479,17.480312755786308,1
19979,8.09951557628306,17.43727709456373,1
19980,8.14505096150706,17.486316047906612,1
19981,8.132498374143047,17.455556225988275,1
19982,8.177256850636702,17.4338717036795,1
19983,8.196353390480523,17.443960865994605,1
19984,8.230686543097063,17.44685319942826,1
19985,8.199834326247545,17.470621090634328,1
19986,8.287782945679242,17.47989648842262,1
19987,8.25985282869905,17.450081055125022,1
19988,8.326161117153108,17.441415743079034,1
19989,8.331427537726775,17.461596312270082,1
19990,8.382555137245703,17.43343140786838,1
19991,8.39543572558226,17.483376191634683,1
19992,8.414270824447934,17.4358237915613,1
19993,8.397806495728492,17.483224912818443,1
19994,8.470083719939483,17.450090020331082,1
19995,8.454753619386466,17.480809262326854,1
19996,8.482521874848258,17.460467789691403,1
19997,8.511892640376722,17.47511629150273,1
19998,8.512893993742457,17.435456103591484,1
19999,8.551532472183947,17.45458327858921,1
20000,8.575965167203579,17.442885172380088,1
20001,8.574533671777619,17.460430848082574,1
20002,8.578370296818786,17.466488044635508,1
20003,8.662857443541242,17.47073787608658,1
20004,8.641938835160463,17.457141899004863,1
20005,8.713959816272062,17.45446593362629,1
20006,8.681736467664008,17.433541384640986,1
20007,8.709868291846526,17.43710021948114,1
20008,8.767754060901867,17.44195473651801,1
20009,8.752992682580375,17.441038994020243,1
20010,8.765620096765478,17.458890624256426,1
20011,8.817978868429924,17.44814428145033,1
20012,8.792465769689958,17.45323341920452,1
20013,8.863340324374722,17.436215975990827,1
20014,8.909695039113375,17.446129319823115,1
20015,8.896811769004106,17.442615722949782,1
20016,8.92098129004284,17.435510806209727,1
20017,8.91447791822477,17.46527575499496,1
20018,8.944501137611043,17.44476184814773,1
20019,8.952221022710633,17.473192197184492,1
20020,8.980137456994056,17.474886069724292,1
20021,8.96894226552754,17.47410239911936,1
20022,8.959214817437813,17.47925057760561,1
20023,8.93437345680139,17.482569176449953,1
20024,9.017258704196507,17.484350861447613,1
20025,8.998520532627417,17.48274959911368,1
20026,8.994494489147536,17.452749569961696,1
20027,9.033624442488794,17.45467142450653,1
20028,9.010562487492198,17.442400423176082,1
20029,9.053019845901298,17.43504730284277,1
20030,9.048526914564512,17.444131530745665,1
20031,9.074527664634264,17.452405064933508,1
20032,9.05913217563024,17.440398094024424,1
20033,9.063687170642776,17.481166040116175,1
20034,9.081200449464681,17.464257965624892,1
20035,9.138845403627318,17.464042041970618,1
20036,9.12182106304008,17.457296313232302,1
20037,9.100786139695193,17.481943582454218,1
20038,9.126036963093934,17.455570529541742,1
20039,9.135951656256093,17.45042225428097,1
20040,9.1407283847771,17.471814061856442,1
20041,9.184507627129651,17.442949629987513,1
20042,9.196455923748484,17.437499283352405,1
20043,9.144544101658152,17.450662886731273,1
20044,9.174665040094036,17.469005351505313,1
20045,9.232485343781812,17.44944841596058,1
20046,9.286693347965759,17.455400554166637,1
20047,9.356812322074973,17.48490602561747,1
20048,9.340322542109204,17.448740360818366,1
20049,9.396939776693758,17.48195171626398,1
20050,9.392905806292093,17.452085562437315,1
20051,9.415880453476962,17.459496838735507,1
20052,9.431540025844823,17.47603940417485,1
20053,9.476282283120593,17.441654835588086,1
20054,9.491207445744386,17.460371504458827,1
20055,9.522516104947142,17.44132745865697,1
20056,9.534284975206699,17.43348546781295,1
20057,9.595884213514706,17.44656630495496,1
20058,9.605111133469796,17.434946087735103,1
20059,9.676633282927781,17.442521686302076,1
20060,9.647092189365091,17.475595541479333,1
20061,9.666773174172693,17.455279676728622,1
20062,9.709522679247279,17.481084469955974,1
20063,9.722348220570854,17.480324612784724,1
20064,9.731174169584436,17.48380561080492,1
20065,9.718305540919925,17.463968743476595,1
20066,9.760020903805481,17.433248566572008,1
20067,9.754425914208024,17.482671622943034,1
20068,9.774070024809825,17.459841594419665,1
20069,9.75804375166069,17.455404298629322,1
20070,9.782092004207374,17.476109422813423,1
20071,9.816307701265035,17.43663363754739,1
20072,9.822206184122823,17.434810821680465,1
20073,9.804508880410786,17.47266733642302,1
20074,9.787199583161366,17.441728484261066,1
20075,9.861228093168737,17.443486902225935,1
20076,9.83967064254246,17.447934609740003,1
20077,9.894319516137633,17.44459501151551,1
20078,9.896716633078205,17.433397575651682,1
20079,9.957926736592954,17.437475173571695,1
20080,9.97128312727174,17.458078437221882,1
20081,9.977254004745411,17.476824560734496,1
20082,10.047479114581286,17.473864889271212,1
20083,10.01128054144646,17.448328689521677,1
20084,10.028738937261863,17.440479509792223,1
20085,10.095740798273455,17.45845308309765,1
20086,10.053511481078468,17.446543843420656,1
20087,10.098854729109211,17.469116668732212,1
20088,10.130580810162156,17.461395214316685,1
20089,10.131237382839007,17.462156812199964,1
20090,10.140917719370401,17.465119052068584,1
20091,10.198383112474131,17.444432478127265,1
20092,10.19126872904189,17.4557065656239,1
20093,10.193186174896704,17.465129268037124,1
20094,10.259502851711915,17.444761917211594,1
20095,10.266280249296976,17.48124252395766,1
20096,10.291382034775404,17.439088756342002,1
20097,10.277150056902588,17.468166228701204,1
20098,10.272310497272736,17.47309214078565,1
20099,10.354129924988676,17.45994222410144,1
20100,10.37347869577342,17.453498734619266,1
20101,10.366190538150477,17.459249098763333,1
20102,10.389427951414742,17.438347675484323,1
20103,10.436881808709751,17.447306394516183,1
20104,10.520995494852984,17.436051361307452,1
20105,10.482801308864227,17.45369414515403,1
20106,10.52054977577161,17.451440588183743,1
20107,10.576986595801118,17.44203734923979,1
20108,10.555186164327996,17.45741599703685,1
20109,10.634961727415257,17.447609166379802,1
20110,10.59735033581484,17.451539444573246,1
20111,10.657741836785338,17.458659576585273,1
20112,10.69393409822253,17.442261746824634,1
20113,10.682364864842613,17.468699523882965,1
20114,10.732535960553326,17.477344987714293,1
20115,10.726699261487838,17.482285496807105,1
20116,10.76498237610673,17.441228195991687,1
20117,10.756899299334714,17.480824467278516,1
20118,10.810587872276706,17.439363383618588,1
20119,10.840151289036402,17.45423905802212,1
20120,10.88130026006421,17.441740005792717,1
20121,10.862955982401019,17.437389811054064,1
20122,10.895571752299748,17.44367628845662,1
20123,10.914835775523093,17.457009401489955,1
20124,10.923219740883791,17.435176719719646,1
20125,10.914869493826469,17.470113806733266,1
20126,10.981718325852816,17.47119864697897,1
20127,11.032863917090648,17.45047895416845,1
20128,11.041900318703497,17.45658300222877,1
20129,11.031069418891986,17.46849473053099,1
20130,11.117984093680413,17.46944305509008,1
20131,11.12264397884228,17.479019540896054,1
20132,11.101175291195059,17.45752576161913,1
20133,11.083672072855274,17.486187961322972,1
20134,11.130250588513372,17.458721269525057,1
20135,11.124312770252597,17.476759356527634,1
20136,11.13499158501359,17.43782915766928,1
20137,11.178179641191136,17.48099844780073,1
20138,11.204560536336212,17.46369160186667,1
20139,11.268332574989369,17.445861426497405,1
20140,11.245361326423428,17.452194471110136,1
20141,11.251103351108467,17.43585004814166,1
20142,11.266275301746344,17.43625997406727,1
20143,11.286329340355616,17.434102546743098,1
20144,11.29629711666182,17.44075190648591,1
20145,11.322854842442904,17.466352778340237,1
20146,11.322647462056445,17.461065694356225,1
20147,11.34237245110307,17.451797591427603,1
20148,11.385397977736526,17.451425202536853,1
20149,11.36863912983384,17.452263914361893,1
20150,11.365575418915904,17.474537363284217,1
20151,11.41015591330373,17.47022995005165,1
20152,11.420374105672531,17.449617028818714,1
20153,11.410424260685415,17.447463906725744,1
20154,11.466644211184567,17.446843357902,1
20155,11.487820094798977,17.45653116077752,1
20156,11.45298109663503,17.44659423151921,1
20157,11.519841786063484,17.48062384972425,1
20158,11.540145628322705,17.446235917246508,1
20159,11.576915250728609,17.48338643137895,1
20160,11.60284800335592,17.44879480769491,1
20161,11.61446634244949,17.43532509782532,1
20162,11.649088206337828,17.47328207001101,1
20163,11.610031619767113,17.467150648174737,1
20164,11.629113795411424,17.436028149934536,1
20165,11.68068076319756,17.471567106974653,1
20166,11.666336427653338,17.458531194706616,1
20167,11.679155741889934,17.479650380819866,1
20168,11.69296970097239,17.482311807050735,1
20169,11.73006270765876,17.474652503103126,1
20170,11.74356925818667,17.486256914860046,1
20171,11.728953774079356,17.46940629480615,1
20172,11.713217208173681,17.44104838205763,1
20173,11.802048750819825,17.45819136424365,1
20174,11.807581026708732,17.46261937239771,1
20175,11.799823363415383,17.467209099695683,1
20176,11.767133508806603,17.473784640545894,1
20177,11.83126310784285,17.455356455448296,1
20178,11.850212801196783,17.458642699305724,1
20179,11.826487799360615,17.4790836868658,1
20180,11.87945228126177,17.47098869102521,1
20181,11.88200107780949,17.4400011350804,1
20182,11.8785770913117,17.483474228364212,1
20183,11.938939347739577,17.43759026945528,1
20184,11.945463799229339,17.44512300883728,1
20185,11.933028607756354,17.46691167617827,1
20186,11.991134023857748,17.457584845929475,1
20187,8.016526605632636,17.51062583699399,1
20188,8.00417124762166,17.5341167889247,1
20189,8.014479971851706,17.51087252303281,1
20190,8.072017281156858,17.5163447777608,1
20191,8.02560802707264,17.489268929729263,1
20192,8.063821804005073,17.517429607886065,1
20193,8.045381946440244,17.53092819285104,1
20194,8.112679508120163,17.518003264596263,1
20195,8.104172255660778,17.539518192921413,1
20196,8.095035433357637,17.527899004516673,1
20197,8.078954080207293,17.48779958961433,1
20198,8.168970101418756,17.538358661946265,1
20199,8.170558699724198,17.487394900366905,1
20200,8.169753349330595,17.503954121571677,1
20201,8.163693712135798,17.50840755199282,1
20202,8.207613570648524,17.487427798703735,1
20203,8.219551207062072,17.52308518584326,1
20204,8.19566741797196,17.525231390890642,1
20205,8.195667815169866,17.527762199165025,1
20206,8.26304236943648,17.49829944339372,1
20207,8.236875073693598,17.507397958614895,1
20208,8.304775293089405,17.510993471823276,1
20209,8.305951033902886,17.504518645522193,1
20210,8.35028628100318,17.502611106575436,1
20211,8.445232604173567,17.539888129513685,1
20212,8.45609588861207,17.51269714880141,1
20213,8.470043077960595,17.508262189123624,1
20214,8.452782359451906,17.505982892971538,1
20215,8.510698923711642,17.529820972890395,1
20216,8.515743012892743,17.5108144032877,1
20217,8.509065949185839,17.504408324066528,1
20218,8.580621005078045,17.500667107488763,1
20219,8.591377899585368,17.520352901170963,1
20220,8.616085283433083,17.515653065661525,1
20221,8.638939145084276,17.490057614210258,1
20222,8.692087944412584,17.517092320647365,1
20223,8.713100398615312,17.499841950028106,1
20224,8.74840920373549,17.48887832167125,1
20225,8.747108535430982,17.53822072374823,1
20226,8.791670886247626,17.529010195330372,1
20227,8.80996553170292,17.53428889622696,1
20228,8.85995232764947,17.52711497294636,1
20229,8.828570404003713,17.489723304838087,1
20230,8.911167389321927,17.511506800755445,1
20231,8.906870927460597,17.506704383974345,1
20232,8.949103018408943,17.504902738422466,1
20233,8.947780077573796,17.495663431887657,1
20234,8.948761043585916,17.49486306117695,1
20235,8.931390225350052,17.509638101366708,1
20236,9.00183164620091,17.492398936358146,1
20237,9.035414598932784,17.497034403915013,1
20238,9.031999293651166,17.510604798204962,1
20239,8.984894257606706,17.495862239931704,1
20240,8.999674859446648,17.536314901911318,1
20241,9.045631471330253,17.534000325053917,1
20242,9.048121395137164,17.511613201023312,1
20243,9.05361705809302,17.48988193478064,1
20244,9.066777502177526,17.525893304060393,1
20245,9.07869846321267,17.49676595966758,1
20246,9.12256145371964,17.49564493819697,1
20247,9.115781851078763,17.491882074362323,1
20248,9.112360337719732,17.50893775656104,1
20249,9.090909536360087,17.52153981481613,1
20250,9.17983729546904,17.49309768023835,1
20251,9.188785325446574,17.53623909034089,1
20252,9.224093752039632,17.507807657814173,1
20253,9.274288839766527,17.515068521348834,1
20254,9.272510150086974,17.53724402210063,1
20255,9.317381744297643,17.5367910866532,1
20256,9.3293915031132,17.503230105482057,1
20257,9.38291272076959,17.499971520595214,1
20258,9.40459987361874,17.526276429818996,1
20259,9.422975804580284,17.533314839330494,1
20260,9.422740866337234,17.502893154491897,1
20261,9.46710379878429,17.512203817990834,1
20262,9.468428787594181,17.495036378787884,1
20263,9.516836969832271,17.535336953547503,1
20264,9.571321718718645,17.538097331403723,1
20265,9.563753674328677,17.53481498864157,1
20266,9.546361701056759,17.535089865312305,1
20267,9.594248311808446,17.52475394532321,1
20268,9.592407258157639,17.511817254936325,1
20269,9.624507269341484,17.537735264340558,1
20270,9.574621808678893,17.492741918902198,1
20271,9.582484072648414,17.52697202291243,1
20272,9.66464249198186,17.52391229209024,1
20273,9.654472914757344,17.49154981801879,1
20274,9.671042006208014,17.491736253225284,1
20275,9.637874245219688,17.508686679047493,1
20276,9.672920061114837,17.49219967769544,1
20277,9.691671756189706,17.48788391200662,1
20278,9.709749007685874,17.508779838553423,1
20279,9.694673045546581,17.52470755628354,1
20280,9.684501682646683,17.494594114184494,1
20281,9.731485186332936,17.52263939390121,1
20282,9.72678093932628,17.494530423549364,1
20283,9.76119107771422,17.527185255753917,1
20284,9.766569129222447,17.52305084433712,1
20285,9.768639058285178,17.525434603398708,1
20286,9.737000699993139,17.526025178122598,1
20287,9.78601608520463,17.52830137629474,1
20288,9.78265826263175,17.535768677618492,1
20289,9.796571499874595,17.49371734428935,1
20290,9.78849699142567,17.506051324152168,1
20291,9.792671087705282,17.538002780360117,1
20292,9.942010640026355,17.494544173577744,1
20293,9.950679211447431,17.528142217408483,1
20294,9.998809354547703,17.525795703844487,1
20295,10.03199752537383,17.495684929056456,1
20296,10.0261433691191,17.502811029099565,1
20297,10.098173632262679,17.538401918784214,1
20298,10.061394804401516,17.529242058341655,1
20299,10.055379401531292,17.53743732188577,1
20300,10.157387049228234,17.49335135924506,1
20301,10.116790864361299,17.50072232777905,1
20302,10.1302941806701,17.500844488253353,1
20303,10.170933629878416,17.496102440706238,1
20304,10.16834817240786,17.4982136377842,1
20305,10.247317528977904,17.535889615066864,1
20306,10.221559588322148,17.506256874458266,1
20307,10.317558759351375,17.529801618774357,1
20308,10.272579659031054,17.501104599405874,1
20309,10.337791248284091,17.528209047533913,1
20310,10.362206213920894,17.529547531653293,1
20311,10.372500915004705,17.49774762293413,1
20312,10.372748390990283,17.53392405418116,1
20313,10.41232113311172,17.522962270206776,1
20314,10.39691839227355,17.506145363998723,1
20315,10.455512003607433,17.516454194112598,1
20316,10.506233930283052,17.490602817863675,1
20317,10.516301909559603,17.528812868341877,1
20318,10.524588007087395,17.531095136237184,1
20319,10.56450018073224,17.49973858496093,1
20320,10.58312500974668,17.524395824808096,1
20321,10.54505631125321,17.52087111218507,1
20322,10.593854036764997,17.495777509226635,1
20323,10.609302653803574,17.521435942348646,1
20324,10.650816225043673,17.524273887207034,1
20325,10.656159571092111,17.530787013538255,1
20326,10.646749396384433,17.504915794725928,1
20327,10.723611907859828,17.48810783683472,1
20328,10.735565641714638,17.502470378375953,1
20329,10.714770967811965,17.4966527602144,1
20330,10.761595479380277,17.493905671459665,1
20331,10.770089499180855,17.506551203408446,1
20332,10.826027861429026,17.51050845088071,1
20333,10.889814140452266,17.51738024830212,1
20334,10.866851649117784,17.511535538806648,1
20335,10.864633663746936,17.525598056661817,1
20336,10.91341935959383,17.493546445599346,1
20337,10.919031683207653,17.53718258404549,1
20338,10.945603907246413,17.539027044463282,1
20339,10.99186035924338,17.53389618309378,1
20340,11.005320393703748,17.51907879874718,1
20341,11.020383187188651,17.5146010605109,1
20342,11.02791182999031,17.505680520494817,1
20343,11.101165131165674,17.52117993548581,1
20344,11.108986812639806,17.505633836849274,1
20345,11.087329793915055,17.49753013631226,1
20346,11.086048729560016,17.53518161311914,1
20347,11.162896286511897,17.5147032018296,1
20348,11.151327477892053,17.49235948510671,1
20349,11.127304837519278,17.502450010780606,1
20350,11.223027945921414,17.500057335727277,1
20351,11.202568579679824,17.52312623180452,1
20352,11.20296017425684,17.496280148372463,1
20353,11.27436599839546,17.523259875819893,1
20354,11.245802928230754,17.501371001794812,1
20355,11.254173510129931,17.51166709591558,1
20356,11.278376188011872,17.487123521915098,1
20357,11.307398764492328,17.49816067114681,1
20358,11.287286433909232,17.505188315094248,1
20359,11.306893202791867,17.534765248543266,1
20360,11.31696080114323,17.50791497219058,1
20361,11.374113480097527,17.491700626390077,1
20362,11.368861496233007,17.49779884019818,1
20363,11.366837521069385,17.53738124590126,1
20364,11.34502918958103,17.497831163884072,1
20365,11.432545738592946,17.507038746341998,1
20366,11.394254891188865,17.50104654691079,1
20367,11.391325274133349,17.51140881596269,1
20368,11.45372650995563,17.517987056981834,1
20369,11.46451768323244,17.49273676005324,1
20370,11.47740771027812,17.511088565459357,1
20371,11.549579757569552,17.492824262135052,1
20372,11.538517336782327,17.487043999185108,1
20373,11.509787503132364,17.52157655225385,1
20374,11.576780307985905,17.53041484666639,1
20375,11.578588529261804,17.527223844294213,1
20376,11.621357835639872,17.51627557456754,1
20377,11.61487165641091,17.503152581015875,1
20378,11.632968815413472,17.493217818927768,1
20379,11.607788515792715,17.499650760325547,1
20380,11.6847467089519,17.49513219914633,1
20381,11.67512319533276,17.510651841982103,1
20382,11.701923610546713,17.512773789363674,1
20383,11.665480983954216,17.537175662026716,1
20384,11.754009763544031,17.50585075225146,1
20385,11.74740689089257,17.51961512768233,1
20386,11.720815734232174,17.503981456715312,1
20387,11.741946041048985,17.51484671731037,1
20388,11.817744718589976,17.521480392095434,1
20389,11.783710042107836,17.529101061004027,1
20390,11.781195048578905,17.520975896421753,1
20391,11.77284176796768,17.538733048019658,1
20392,11.827271086718614,17.528768578940856,1
20393,11.84227705186911,17.50416287943801,1
20394,11.863999351334911,17.508476639040374,1
20395,11.865318964712928,17.495969081814952,1
20396,11.882711781643003,17.50938760223439,1
20397,11.905336191481222,17.519136422751764,1
20398,11.8784322843019,17.503135002463253,1
20399,11.95532056959006,17.494278865329495,1
20400,11.968279482782478,17.5188748040631,1
20401,11.929513285844898,17.49706826443466,1
20402,11.979445211761934,17.488391753141553,1
20403,11.99987358661445,17.510344077508552,1
20404,8.008752102240894,17.582570930379212,1
20405,8.026283072421382,17.592919613210185,1
20406,8.033809940798568,17.590108924980026,1
20407,8.060928967554348,17.554642651258018,1
20408,8.03477279074925,17.550599973901893,1
20409,8.083412349826174,17.542843298732823,1
20410,8.088059274755587,17.549063420627466,1
20411,8.109851132587556,17.588232968113022,1
20412,8.11524025180873,17.564796626872976,1
20413,8.136939294467007,17.589670797594028,1
20414,8.136198530272166,17.569754163734768,1
20415,8.1815255728633,17.577425128232967,1
20416,8.218561590262425,17.564482512478754,1
20417,8.222328680040505,17.569746387324916,1
20418,8.226293226869496,17.553966745767255,1
20419,8.257168141403916,17.55798138505912,1
20420,8.265989867411443,17.545214977618144,1
20421,8.251352933609008,17.55397295230096,1
20422,8.32305180883481,17.588865464569754,1
20423,8.297563590285916,17.551013299700934,1
20424,8.348095996107137,17.556415670768047,1
20425,8.416971077883359,17.585337798923913,1
20426,8.422848086269237,17.57437252805428,1
20427,8.490071792214568,17.592454098458553,1
20428,8.467356535749449,17.553006965433482,1
20429,8.507709450383006,17.58744151156765,1
20430,8.513061416577115,17.58790497544019,1
20431,8.5702551935265,17.584560461388225,1
20432,8.575558057504379,17.57979526698648,1
20433,8.630868969250544,17.553364932875816,1
20434,8.651987877660087,17.581491599481947,1
20435,8.66354737962567,17.56424872974347,1
20436,8.693327528757607,17.544041128623068,1
20437,8.719268048480835,17.59201458831484,1
20438,8.732723362826647,17.543438491754788,1
20439,8.784700785927352,17.568202176567606,1
20440,8.779582219033236,17.56414234094603,1
20441,8.871391821682868,17.545023393845582,1
20442,8.853663830167786,17.57740706674697,1
20443,8.915948708038178,17.565153867103064,1
20444,8.912596904691068,17.58721256383302,1
20445,8.94922606099662,17.589434344111737,1
20446,8.9714815807515,17.58157118152654,1
20447,8.988308974883621,17.576767152524408,1
20448,9.014618563146295,17.57748711145282,1
20449,8.989888121962515,17.591773131264077,1
20450,9.07250639967045,17.565598397141923,1
20451,9.051175344797468,17.55291718127988,1
20452,9.07259606341325,17.547117653138354,1
20453,9.137336036844978,17.540447480361244,1
20454,9.12071692737705,17.545626059853085,1
20455,9.184568859167832,17.565173119176567,1
20456,9.150185604240459,17.546741687993027,1
20457,9.24313558663434,17.54364733607736,1
20458,9.227703508099035,17.5891737378322,1
20459,9.283867551668664,17.553940759961772,1
20460,9.306762015486294,17.57952737100667,1
20461,9.40686763884823,17.56789478661586,1
20462,9.382039855029893,17.578108626036943,1
20463,9.438785530322054,17.574350081103557,1
20464,9.446562792912008,17.553210290282117,1
20465,9.463814787754167,17.588349999260007,1
20466,9.502239843918812,17.58972348649358,1
20467,9.490446211835618,17.56867031575945,1
20468,9.466414978867277,17.565438677759737,1
20469,9.493907900677355,17.546134317343068,1
20470,9.496286117163525,17.54754412774359,1
20471,9.550549942392134,17.545259080242886,1
20472,9.55166210699739,17.546787308658615,1
20473,9.550939411290312,17.55901471652565,1
20474,9.542594999200276,17.577198661325625,1
20475,9.568255572037026,17.546537933864986,1
20476,9.594737243087264,17.580159099211542,1
20477,9.601997043926053,17.553765482870695,1
20478,9.583698790023082,17.55077611445007,1
20479,9.609416878023783,17.547762583431716,1
20480,9.62319616095494,17.587826834575186,1
20481,9.585849419141654,17.58212779828423,1
20482,9.666411011238944,17.5468917480479,1
20483,9.635844059575971,17.581877230239982,1
20484,9.642116236731413,17.56462381153865,1
20485,9.630996240892662,17.58275971263598,1
20486,9.638546038656639,17.568559500223518,1
20487,9.637987514984989,17.58155070827144,1
20488,9.711503345474839,17.548971974856784,1
20489,9.680469799007625,17.576187681146653,1
20490,9.690606656501926,17.542563003003934,1
20491,9.702245254300843,17.5619863878782,1
20492,9.68665176417785,17.54569206289983,1
20493,9.743342202902573,17.55114106471924,1
20494,9.78530720431806,17.564475642383393,1
20495,9.764618607391215,17.56305207742263,1
20496,9.886480844065934,17.565748317358352,1
20497,9.926003206401441,17.546532454293544,1
20498,9.926660977105685,17.57339596672409,1
20499,9.95382261512707,17.560861895244138,1
20500,9.998700282939138,17.576352359336056,1
20501,10.004765815320297,17.554598329944582,1
20502,10.02488510492491,17.57783216018984,1
20503,10.094802787167026,17.55256267648604,1
20504,10.098982858955385,17.54798745190211,1
20505,10.116861197196814,17.586764084194673,1
20506,10.12521790511196,17.55234032148168,1
20507,10.107560211847208,17.563448512696407,1
20508,10.172186047722949,17.540694890093153,1
20509,10.204628165228385,17.548554581347517,1
20510,10.188885410144248,17.58490077692543,1
20511,10.228409702145775,17.568433724662018,1
20512,10.248166921981849,17.588237905567325,1
20513,10.289504172518406,17.58651038160513,1
20514,10.285513562624716,17.568331510863693,1
20515,10.267938780418865,17.565421766925404,1
20516,10.337470761758011,17.556683423737116,1
20517,10.340304627543343,17.563925158631612,1
20518,10.353525145232156,17.592130015286465,1
20519,10.323539418279982,17.590780229469146,1
20520,10.406635859003286,17.58046322837336,1
20521,10.410771564581328,17.57965063247111,1
20522,10.398112608076506,17.583311966992234,1
20523,10.470791401312324,17.577888622446775,1
20524,10.505573372992421,17.544002737744858,1
20525,10.512629351406503,17.583482302686953,1
20526,10.588079129997691,17.560533243069465,1
20527,10.567486392073096,17.585785572431657,1
20528,10.546001868932894,17.56389041023739,1
20529,10.604445062038883,17.551146476928217,1
20530,10.600798440379586,17.58753045544554,1
20531,10.67765591066396,17.546033064941664,1
20532,10.649590198235554,17.54737727426352,1
20533,10.720972202679878,17.579935969182916,1
20534,10.74639338593902,17.54304222159141,1
20535,10.695715253904932,17.573893782740065,1
20536,10.780821759401473,17.579205748114617,1
20537,10.75919486581373,17.541043964120366,1
20538,10.750762534008443,17.542907408402552,1
20539,10.843838447912367,17.557412135141902,1
20540,10.833841924863629,17.592086240757403,1
20541,10.891249196490895,17.547540777640638,1
20542,10.864654681715948,17.567825766854984,1
20543,10.899745137392626,17.578337883207002,1
20544,10.94745370318026,17.561375913035036,1
20545,10.960277907528335,17.550173139906043,1
20546,10.941296070028073,17.550545653181874,1
20547,11.011298546538473,17.58326786759705,1
20548,10.977261152535782,17.564282491150703,1
20549,11.019141153129574,17.572812091841087,1
20550,11.059507489232189,17.585025654184864,1
20551,11.080467226297051,17.58903263721879,1
20552,11.11992088913207,17.587493131279984,1
20553,11.100763138367412,17.57854424669652,1
20554,11.17488250733459,17.581188221107638,1
20555,11.1339830692375,17.565440215867262,1
20556,11.129101425209068,17.585998725844423,1
20557,11.21593555412157,17.546498193643988,1
20558,11.186923867444714,17.557587633460535,1
20559,11.18587517068361,17.574183850751826,1
20560,11.242413303312604,17.590735302857567,1
20561,11.27975622455765,17.575058747450534,1
20562,11.25254318030911,17.554603174423566,1
20563,11.307429340741058,17.540930181770115,1
20564,11.325084152259107,17.577873366603924,1
20565,11.301662695228575,17.555575300852336,1
20566,11.330386009727471,17.563413232646273,1
20567,11.330788076212647,17.565955912929873,1
20568,11.345354764650049,17.581811924341423,1
20569,11.372662924418796,17.55355646716691,1
20570,11.34430772652678,17.575615839636285,1
20571,11.383999317626769,17.545705626376407,1
20572,11.41957159901123,17.545050154814128,1
20573,11.417541420621678,17.550897149186287,1
20574,11.393234261505267,17.580088580553134,1
20575,11.490827116062045,17.57037969528098,1
20576,11.469645898893454,17.56420190118107,1
20577,11.476782890056834,17.59119632074802,1
20578,11.549849403569453,17.552714474880613,1
20579,11.534874604775688,17.55054080092006,1
20580,11.503703973815025,17.55519674511101,1
20581,11.581184656998216,17.58037039416736,1
20582,11.562577094541318,17.57518172174536,1
20583,11.644462169391767,17.56188407046598,1
20584,11.622519454890808,17.586894489747166,1
20585,11.630121461475389,17.57898098766846,1
20586,11.626795578330208,17.572585838469294,1
20587,11.660624662746688,17.58752112656018,1
20588,11.666291245522627,17.587031984039644,1
20589,11.70715026194202,17.55888636820471,1
20590,11.701541007363032,17.560157453616977,1
20591,11.746740850532658,17.548829457958885,1
20592,11.727902308509686,17.547537488021902,1
20593,11.722436133631975,17.58376037085133,1
20594,11.773910790935238,17.566534356649374,1
20595,11.764919673480465,17.55505262900319,1
20596,11.78153981648485,17.584464780345247,1
20597,11.791079234564146,17.580043014157937,1
20598,11.837394111279691,17.566186845806058,1
20599,11.836994631493214,17.552152560237705,1
20600,11.838728418506738,17.549623145278648,1
20601,11.878982720089015,17.5767874972218,1
20602,11.913264395935755,17.543772850580645,1
20603,11.893229687146459,17.57260939480392,1
20604,11.932087011874847,17.56530717774674,1
20605,11.969913846501871,17.57568544061373,1
20606,11.937423243111823,17.58500760806733,1
20607,11.984650743461964,17.56739968570446,1
20608,8.015250503649208,17.598170915934023,1
20609,8.01917075840891,17.640394177010528,1
20610,8.005888985702798,17.63635008778458,1
20611,8.042350317242306,17.635770236489776,1
20612,8.02605903280025,17.625800634948096,1
20613,8.051139812736114,17.60908402995127,1
20614,8.119259980257555,17.61395574899857,1
20615,8.095067133968392,17.643100467860712,1
20616,8.08668637433845,17.624675653771188,1
20617,8.128598552998586,17.625790900901464,1
20618,8.158178740603965,17.604643482927713,1
20619,8.166464839367773,17.606361520932847,1
20620,8.198004831647994,17.607980321530828,1
20621,8.196507045738558,17.624280707946752,1
20622,8.274381916154526,17.631999419759605,1
20623,8.274629883032514,17.644756230564465,1
20624,8.293497499519066,17.6284555348859,1
20625,8.292387171668647,17.601052545799284,1
20626,8.376507682938108,17.633964306148286,1
20627,8.348916255151865,17.622646465726792,1
20628,8.426929351989655,17.603296973216224,1
20629,8.442626693212517,17.60036823563042,1
20630,8.458803856269194,17.63130253426191,1
20631,8.460782000626239,17.644734355587513,1
20632,8.538938337358326,17.63974369091082,1
20633,8.529721995282687,17.617849410537616,1
20634,8.60810609908372,17.622675087358186,1
20635,8.592851116327267,17.62655981677556,1
20636,8.615393353015913,17.63989168993456,1
20637,8.620421562075315,17.60516432601613,1
20638,8.663840719122497,17.63191748649983,1
20639,8.710777832648377,17.6464485023655,1
20640,8.725996138436315,17.62280667332518,1
20641,8.755887133442629,17.61517371470343,1
20642,8.78128915942763,17.640502620203,1
20643,8.797657391094031,17.618104816141493,1
20644,8.857064117777774,17.595269006784466,1
20645,8.847027401450616,17.60321762030988,1
20646,8.918221867664219,17.622862814714704,1
20647,8.895707643628084,17.626104469035134,1
20648,8.9761612409077,17.639907620029486,1
20649,8.966030651149294,17.599633594992085,1
20650,8.953259896802386,17.610130134979954,1
20651,9.019867671216959,17.622199212893822,1
20652,9.00393205745672,17.621055783607876,1
20653,9.048227391426927,17.601853511089658,1
20654,9.081759445029975,17.62221409485166,1
20655,9.106003403044518,17.615322959313946,1
20656,9.099815497600062,17.630522668110125,1
20657,9.173731622206038,17.642622782227825,1
20658,9.186206896957852,17.621306342588067,1
20659,9.24745469007661,17.621778675082584,1
20660,9.23700450911627,17.61431272404458,1
20661,9.231991085567902,17.640137468499294,1
20662,9.288432559803228,17.617296645495394,1
20663,9.30002061168201,17.61621221400195,1
20664,9.353914699612615,17.605923044551524,1
20665,9.336953214543925,17.6287803892281,1
20666,9.401338961829474,17.622769463830586,1
20667,9.380533833705874,17.608483250535333,1
20668,9.376692806108073,17.625687150775228,1
20669,9.378343313089587,17.615802403024237,1
20670,9.416342762903595,17.61434583498104,1
20671,9.438327839313455,17.607473541196168,1
20672,9.43027040144152,17.595504288690094,1
20673,9.413898514199563,17.622069918002627,1
20674,9.462674192716507,17.59534886243455,1
20675,9.491927977369917,17.594649725115993,1
20676,9.4766589013736,17.61770071899242,1
20677,9.497127679538789,17.643090100229948,1
20678,9.514847576374304,17.634075483198483,1
20679,9.467943094228612,17.633614551534215,1
20680,9.520102866400011,17.6075811568831,1
20681,9.563122627523,17.61573346507512,1
20682,9.525406925519974,17.600013847552038,1
20683,9.55505628278352,17.637445183480814,1
20684,9.567337524482635,17.641789569367045,1
20685,9.529950844020783,17.64482350282301,1
20686,9.620806609621694,17.623804831054375,1
20687,9.58772159936312,17.62124110799544,1
20688,9.58086990723821,17.62232749074307,1
20689,9.58637747657395,17.616297135787082,1
20690,9.572443020841108,17.634633355842354,1
20691,9.631260682916402,17.596024856508517,1
20692,9.633414383326889,17.643350256632495,1
20693,9.640531732795385,17.60798996726011,1
20694,9.671179472603102,17.597968894970776,1
20695,9.652071889759412,17.600688224876787,1
20696,9.686424016669411,17.60822152633265,1
20697,9.731071066392241,17.64244719143792,1
20698,9.705896678282418,17.615666838805407,1
20699,9.723774791678492,17.621749984791037,1
20700,9.768273853960155,17.633212667563036,1
20701,9.814414761571044,17.623881976362725,1
20702,9.82701921283969,17.630894517967207,1
20703,9.857041274805823,17.60154245218679,1
20704,9.868344031278518,17.59556200931048,1
20705,9.844808715564215,17.614256570405246,1
20706,9.90131901540172,17.60074458299286,1
20707,9.922113263476131,17.644942075505046,1
20708,9.90829217080781,17.61827014243369,1
20709,9.954675883890806,17.628846797246563,1
20710,9.950443812054598,17.63446229181607,1
20711,10.046881528570712,17.60360746280323,1
20712,10.000221731848134,17.599587492178436,1
20713,10.100372813219542,17.646140161490365,1
20714,10.06842001887024,17.600211557420657,1
20715,10.150566202964592,17.644144175629037,1
20716,10.109475296893581,17.62655959269854,1
20717,10.18788188292437,17.620700491589645,1
20718,10.20919917762432,17.613515452237476,1
20719,10.181678995304477,17.6257941630879,1
20720,10.259129921193708,17.602599877719776,1
20721,10.220122390863276,17.615437134996107,1
20722,10.244926171772201,17.60601262832599,1
20723,10.31280649445391,17.628703029931273,1
20724,10.304333620731018,17.59441290294173,1
20725,10.300210797636437,17.6202111677371,1
20726,10.370057334032607,17.60143647900204,1
20727,10.334340501003902,17.637833710754947,1
20728,10.364293170182364,17.63966870767689,1
20729,10.345395441382841,17.645213008456878,1
20730,10.415044962858515,17.621487655938235,1
20731,10.380807852649268,17.627646161167696,1
20732,10.410968148596195,17.610707509474434,1
20733,10.393062685862764,17.62418964485529,1
20734,10.441170653737856,17.594883490531917,1
20735,10.433737327489649,17.643582313054107,1
20736,10.53051011630215,17.60155085177205,1
20737,10.513132820437741,17.60828315541013,1
20738,10.564294038707471,17.638542146670222,1
20739,10.543580765611663,17.595451027081875,1
20740,10.597638568278064,17.593637124595446,1
20741,10.605830107613905,17.614677398535445,1
20742,10.653783939965983,17.60040077901343,1
20743,10.73356600051234,17.622034177797595,1
20744,10.73339515983669,17.619495084508227,1
20745,10.747594075579032,17.63484668576889,1
20746,10.78690214748097,17.594333009905032,1
20747,10.767092063103792,17.595549491574204,1
20748,10.838174209480238,17.624287984056313,1
20749,10.811650967916087,17.60275722889703,1
20750,10.855692915881443,17.629274021421715,1
20751,10.895799704152445,17.643478383787674,1
20752,10.948801389660382,17.629608306824043,1
20753,10.961218639479204,17.62725446332007,1
20754,11.0042643576746,17.622848205079997,1
20755,11.04221548239985,17.59795563492533,1
20756,11.109714100056701,17.64135824624336,1
20757,11.112331229267594,17.62907215379737,1
20758,11.126822052692573,17.59363307652432,1
20759,11.158202439011994,17.615279407149682,1
20760,11.181193601135625,17.642127253873205,1
20761,11.187783992336206,17.59710715864384,1
20762,11.254599574668275,17.61414824565317,1
20763,11.25435550202871,17.614102748670973,1
20764,11.267821398903989,17.62807508470497,1
20765,11.32116279077918,17.623046193907193,1
20766,11.30808364642901,17.627008265324342,1
20767,11.30467003891852,17.624749434455516,1
20768,11.330324995535424,17.605222248387502,1
20769,11.376801243464099,17.60872722345007,1
20770,11.355317496600309,17.640743683048374,1
20771,11.37048507856894,17.595570180577845,1
20772,11.364733737882073,17.614580398624163,1
20773,11.39474674017724,17.64045359612299,1
20774,11.416144692230683,17.64317886918179,1
20775,11.412770752309331,17.617589441358987,1
20776,11.45948951043595,17.61260587810913,1
20777,11.449549580062307,17.598369859054245,1
20778,11.474411624451204,17.60969413027139,1
20779,11.535379476861895,17.60314901228176,1
20780,11.527978615325459,17.609669355030086,1
20781,11.533319765829635,17.626329884689575,1
20782,11.558599629742025,17.61997601947205,1
20783,11.569247490060384,17.5946231923371,1
20784,11.581901934387604,17.614775686161767,1
20785,11.616599770905303,17.63522189034665,1
20786,11.638269295857485,17.646910580574104,1
20787,11.617114839695049,17.597487712804103,1
20788,11.682860880309686,17.60910890128187,1
20789,11.709157448408437,17.64155206398601,1
20790,11.733568541894826,17.634233300943112,1
20791,11.758557888813542,17.60283939953371,1
20792,11.774550106496356,17.62262163332035,1
20793,11.769997695391377,17.631641320354955,1
20794,11.861241157385637,17.632968153384894,1
20795,11.84199252211039,17.6186696611883,1
20796,11.892818849107192,17.628438491666646,1
20797,11.893798467070427,17.635776015449636,1
20798,11.909977447957667,17.63624355176958,1
20799,11.961596505388213,17.608941176173442,1
20800,11.932033394542957,17.60595118404609,1
20801,11.953186596355641,17.63516104491784,1
20802,8.005030591780624,17.677600369630717,1
20803,8.052457065999599,17.662172957249084,1
20804,8.049837378768112,17.696367128618288,1
20805,8.061609001633727,17.661270534899884,1
20806,8.113371033913769,17.666784876270768,1
20807,8.11815682239046,17.68809691461493,1
20808,8.104773096712648,17.68753742753296,1
20809,8.177036304129857,17.661682257247303,1
20810,8.128815565427807,17.664728071844088,1
20811,8.229954363473482,17.663897175294718,1
20812,8.216658864421982,17.68441533781364,1
20813,8.277729185723542,17.674614463693032,1
20814,8.340846472726263,17.668837287568113,1
20815,8.372582137532829,17.675135651776838,1
20816,8.448980587806817,17.65245178264668,1
20817,8.481221468814686,17.685808524109564,1
20818,8.478440758537447,17.67186035223137,1
20819,8.551334797349107,17.670909979949275,1
20820,8.511098486253376,17.65459023536912,1
20821,8.605590246139249,17.682632397730167,1
20822,8.605179764266897,17.695884400399418,1
20823,8.647347758329532,17.661028719068195,1
20824,8.615609365202424,17.672107183706053,1
20825,8.693434324001988,17.648285684574113,1
20826,8.675975949351821,17.694815255676716,1
20827,8.743908316892465,17.685150601539082,1
20828,8.738145893090666,17.65983805161601,1
20829,8.818946834943757,17.65511537787149,1
20830,8.862764315975292,17.659892657677858,1
20831,8.906988395976757,17.653264482286264,1
20832,8.9772243823565,17.677106712023914,1
20833,8.942748776405665,17.685926758119933,1
20834,9.007714914348819,17.668462191354124,1
20835,9.06447065278932,17.665029123516895,1
20836,9.135396541759988,17.662051098753633,1
20837,9.10834397643677,17.66484120526297,1
20838,9.171685833747292,17.679016319419052,1
20839,9.185519413113846,17.67723516992873,1
20840,9.219767702941954,17.67554354450849,1
20841,9.240430548511116,17.678629798470443,1
20842,9.273861355900536,17.699430259109544,1
20843,9.267800472777676,17.667869250276066,1
20844,9.270957831051392,17.692766541588632,1
20845,9.354931610477474,17.696907219018,1
20846,9.332624634413355,17.661931665634242,1
20847,9.332090778557143,17.685545753816672,1
20848,9.338011254398348,17.660486311183213,1
20849,9.320103757662762,17.678684769960256,1
20850,9.364914378717913,17.676686935759665,1
20851,9.35937995286301,17.65678667536898,1
20852,9.368974448601488,17.68691657552896,1
20853,9.391643751492552,17.69712027082318,1
20854,9.403520106508502,17.67409457962309,1
20855,9.42886083204541,17.65522784814061,1
20856,9.417454780276538,17.678789021804082,1
20857,9.434780581902974,17.66247208190257,1
20858,9.43771377145328,17.6763263305584,1
20859,9.463935024023282,17.66931844524444,1
20860,9.501279371858486,17.666724752930186,1
20861,9.48977564204845,17.669447436734696,1
20862,9.4742376009643,17.692096037428154,1
20863,9.472318982730775,17.657756394322316,1
20864,9.495383386275538,17.654485776995312,1
20865,9.499802279931814,17.660314216804313,1
20866,9.550028099201679,17.684590901182496,1
20867,9.56119939522594,17.664774791001108,1
20868,9.551616954201895,17.69152454724944,1
20869,9.544515750817363,17.669158145967625,1
20870,9.53385870438539,17.690484166953553,1
20871,9.622446299016794,17.678806257940053,1
20872,9.608057381458476,17.699864861932664,1
20873,9.586996760987612,17.688988766882435,1
20874,9.595282910236607,17.65738123881979,1
20875,9.588363839275004,17.666897686384342,1
20876,9.675530211908562,17.697436269809597,1
20877,9.629872781356855,17.659150810217465,1
20878,9.673462974381927,17.69724671813984,1
20879,9.636927111258364,17.67306199886341,1
20880,9.695111744898465,17.668456373935072,1
20881,9.749575154692842,17.68441852776559,1
20882,9.776295151520006,17.658833539166807,1
20883,9.802659312601959,17.678424176751225,1
20884,9.837140177650946,17.69897581480759,1
20885,9.892535347431057,17.682442519254312,1
20886,9.8407880188706,17.664997028550953,1
20887,9.86672502968346,17.687952960750966,1
20888,9.930999335453343,17.658276975055724,1
20889,9.922405391679163,17.648986184662867,1
20890,9.91096985109255,17.698141784119493,1
20891,9.998900707660292,17.670452300195784,1
20892,9.946765780180725,17.654879228725292,1
20893,10.031269904702016,17.656257838356613,1
20894,10.008712597489781,17.66324850128781,1
20895,10.094160345168591,17.668851260640324,1
20896,10.074294510206382,17.689158975442997,1
20897,10.159254671596,17.680525693220762,1
20898,10.139856311489211,17.68722734315297,1
20899,10.206371736974273,17.69617560252438,1
20900,10.16844256050007,17.653627026272403,1
20901,10.22974535107322,17.679561373241256,1
20902,10.240268910707764,17.65484981223067,1
20903,10.309910605535757,17.654471654505,1
20904,10.295709613820662,17.67172540041216,1
20905,10.320608226864994,17.654083758721324,1
20906,10.323382635584833,17.68515006343262,1
20907,10.36807642559899,17.654636428875744,1
20908,10.373323680133362,17.65328363214956,1
20909,10.423321899779076,17.68091913243764,1
20910,10.421133471493393,17.662327710135305,1
20911,10.39943777124188,17.676114146016104,1
20912,10.480200565776924,17.69246647129699,1
20913,10.44270001039472,17.685801437158403,1
20914,10.481662499377833,17.652613603395064,1
20915,10.502321661722402,17.665040068912035,1
20916,10.525350557934022,17.654823538465838,1
20917,10.583195037996035,17.65185538443353,1
20918,10.579268310631349,17.65915741045119,1
20919,10.551113565771065,17.669635874792334,1
20920,10.577126129539021,17.67322274881212,1
20921,10.638732143136666,17.653860841080913,1
20922,10.631096418319832,17.650936750782822,1
20923,10.620133332826132,17.648464974181927,1
20924,10.666659074237899,17.697607465404865,1
20925,10.68734413101328,17.66427568799317,1
20926,10.746535346342162,17.694090691069846,1
20927,10.705580975420753,17.650377522517523,1
20928,10.768191607845072,17.64771843298159,1
20929,10.80313316712901,17.699310111739948,1
20930,10.876742992072458,17.663363769628567,1
20931,10.9580107312886,17.699583014940202,1
20932,10.95018484051935,17.663349945883358,1
20933,10.966288741163735,17.653262425473876,1
20934,11.013344271364081,17.686516976697337,1
20935,11.06939896815943,17.65483266644261,1
20936,11.025817183407959,17.674987912167257,1
20937,11.050950305321344,17.64886662640111,1
20938,11.088167471367441,17.64712490879098,1
20939,11.07261006254586,17.699080996854047,1
20940,11.111033403874542,17.67305659207903,1
20941,11.103020605615452,17.659839676007213,1
20942,11.144718229438011,17.685348059893734,1
20943,11.134983959116754,17.68951746301538,1
20944,11.133552994889415,17.69656385399382,1
20945,11.173380448421792,17.660189032847533,1
20946,11.203422662526608,17.69868748683268,1
20947,11.207338171715834,17.667388326459765,1
20948,11.215809371598969,17.66109448247658,1
20949,11.178480703614058,17.678239555555088,1
20950,11.273526843221536,17.692058312516153,1
20951,11.24594404102341,17.66355598911132,1
20952,11.245039531555495,17.662023391370965,1
20953,11.230759537624799,17.66317550433501,1
20954,11.283817475762511,17.68999500471396,1
20955,11.307617416594882,17.677263897842995,1
20956,11.309898995858406,17.675642464272787,1
20957,11.326718069190546,17.65109287688464,1
20958,11.34017371387238,17.689976221733165,1
20959,11.388517774882306,17.650364785199336,1
20960,11.384569206787134,17.678245279897347,1
20961,11.425666677752501,17.64939341297105,1
20962,11.421071398407078,17.68874726034871,1
20963,11.412384058080546,17.692525590718848,1
20964,11.451527062828184,17.652037717277203,1
20965,11.477507371771573,17.68513119272755,1
20966,11.479835901825307,17.66822685730786,1
20967,11.524399472958406,17.679907738951155,1
20968,11.509800556011623,17.689780918681695,1
20969,11.500140690974076,17.68933364493612,1
20970,11.55333449843305,17.698849341977432,1
20971,11.56541646059798,17.649369250262502,1
20972,11.606276092472788,17.659657805055414,1
20973,11.638340714219106,17.67472550585999,1
20974,11.669210500080995,17.67316570480126,1
20975,11.706999915262262,17.669982002284446,1
20976,11.749579451581262,17.68722122003976,1
20977,11.720573768818928,17.6912452506191,1
20978,11.769941160658496,17.69609601703525,1
20979,11.770524817910415,17.697963979797912,1
20980,11.812106921284466,17.648148584426085,1
20981,11.844177116984534,17.69683796547695,1
20982,11.824648836869821,17.7001300816477,1
20983,11.829212471471022,17.659789929775258,1
20984,11.912629323849279,17.672354554339375,1
20985,11.907537602372406,17.65319257928098,1
20986,11.920329320405555,17.67497928940686,1
20987,11.969030812977197,17.69553253562504,1
20988,11.94455286758581,17.676405232574027,1
20989,11.950790959790533,17.693674481610085,1
20990,11.950199794879072,17.679246959794447,1
20991,11.984930071609533,17.67672411944751,1
20992,11.996257959766456,17.654001435879845,1
20993,8.016196231877796,17.72954772751214,1
20994,8.058779342914024,17.74139911397394,1
20995,8.061008546295723,17.737046292915448,1
20996,8.056784029824527,17.729761695072664,1
20997,8.128301383982324,17.74388899919993,1
20998,8.117666882691864,17.70879554939885,1
20999,8.103757056606623,17.720356389581642,1
21000,8.132973358552286,17.72487559829463,1
21001,8.175794971295618,17.748662856792652,1
21002,8.232900496718965,17.750746897537745,1
21003,8.218452995662506,17.72730613649142,1
21004,8.221594394004573,17.700804004261737,1
21005,8.255518729113781,17.70960206932076,1
21006,8.278757771593213,17.726214164820817,1
21007,8.23911021735142,17.717217734986352,1
21008,8.311286328856266,17.748267694133727,1
21009,8.306013497785955,17.739743500051024,1
21010,8.332043924750913,17.727888468658396,1
21011,8.308368522831545,17.719270529909586,1
21012,8.349307032527966,17.706987650172433,1
21013,8.361851016732402,17.737337965520624,1
21014,8.382050387917982,17.701157523538544,1
21015,8.420462307856676,17.709716632193842,1
21016,8.401983902149523,17.753309543694133,1
21017,8.455499933643733,17.732233547187317,1
21018,8.466295237785017,17.71005600424247,1
21019,8.544600972030201,17.741495459958884,1
21020,8.555828442358598,17.74143915581019,1
21021,8.568794254282915,17.73067884195709,1
21022,8.559784533718767,17.729579827652525,1
21023,8.623976309676763,17.740069007462253,1
21024,8.611111819688496,17.749545821771875,1
21025,8.71597232994029,17.75107109560451,1
21026,8.716149770763291,17.75366969533134,1
21027,8.754362400720186,17.739135772371313,1
21028,8.719803984641544,17.723403047513898,1
21029,8.788028080399325,17.75275748771147,1
21030,8.828324094880895,17.74469537584419,1
21031,8.879840808755466,17.701408899822685,1
21032,9.125622433398034,17.73434551003325,1
21033,9.17830665702388,17.71250716171999,1
21034,9.197226126673714,17.70885138596921,1
21035,9.213859731883234,17.708639084876232,1
21036,9.223571857704306,17.71609327275338,1
21037,9.295124131010281,17.750488815871922,1
21038,9.260683125870287,17.74219999847632,1
21039,9.342631668824803,17.732006329541395,1
21040,9.35716015863564,17.75339185891236,1
21041,9.318206029375583,17.746769769908973,1
21042,9.326284870042985,17.71582431525483,1
21043,9.371427147238192,17.71971705137152,1
21044,9.384271162136137,17.724717773275493,1
21045,9.403318980487068,17.724225443308473,1
21046,9.401489749742046,17.75258841304889,1
21047,9.371390815126597,17.714961856913412,1
21048,9.43645586837865,17.704361827749764,1
21049,9.414956686717195,17.73947996083676,1
21050,9.419772706920673,17.715957102023648,1
21051,9.458098461792858,17.74947531765617,1
21052,9.412889987223105,17.74752755301923,1
21053,9.485381789166363,17.704940394398857,1
21054,9.513695560080464,17.70293048872132,1
21055,9.51035235654007,17.743793874295203,1
21056,9.46593454393632,17.7363630684201,1
21057,9.489989133284467,17.7240038795061,1
21058,9.484702689412781,17.743264954688527,1
21059,9.52824235402005,17.733728318260717,1
21060,9.536005976933723,17.71158507947879,1
21061,9.553434544290791,17.728929715496815,1
21062,9.528167072105791,17.717310581452853,1
21063,9.556886317353992,17.70179982933112,1
21064,9.574483866630784,17.70454463323333,1
21065,9.612549875554189,17.72485628617815,1
21066,9.572832707747084,17.75235749662198,1
21067,9.58731087931372,17.72450866312013,1
21068,9.661338850757009,17.750329218018024,1
21069,9.709355423422306,17.73812047637472,1
21070,9.718303917230658,17.70984953878297,1
21071,9.784579019064719,17.748679830943885,1
21072,9.778582089857524,17.745351324749215,1
21073,9.836681193494226,17.72020539877473,1
21074,9.813640471511718,17.748715207156724,1
21075,9.807286829779494,17.73958558245812,1
21076,9.842653024109733,17.719057122245296,1
21077,9.880821674576763,17.739677480113702,1
21078,9.873899985227874,17.736640837447574,1
21079,9.909884372997825,17.702063290875923,1
21080,9.903657213376038,17.70498211545615,1
21081,9.923989156133098,17.752536030959146,1
21082,9.975857083276846,17.715087757151714,1
21083,9.952985936254859,17.73905512172636,1
21084,10.008580996587229,17.709231916878316,1
21085,10.064515500690277,17.73661066962909,1
21086,10.084875689431593,17.705444354996526,1
21087,10.150050660718435,17.70863179249932,1
21088,10.117259845568551,17.73826436918673,1
21089,10.107323231236876,17.723942578232066,1
21090,10.18307386604392,17.750715687505235,1
21091,10.172313567584395,17.725744566642792,1
21092,10.260458509179692,17.71675848509736,1
21093,10.251302893492669,17.713501601670938,1
21094,10.297590251992622,17.71436278099703,1
21095,10.306969203874296,17.745868397647357,1
21096,10.34480408686434,17.724579080035195,1
21097,10.368272920276578,17.727320817466676,1
21098,10.391061373075791,17.720828440914122,1
21099,10.401504417926986,17.715713422337657,1
21100,10.47896857000135,17.753530504670824,1
21101,10.475981005825208,17.71044664979337,1
21102,10.434779522959538,17.747102553023563,1
21103,10.50199021079131,17.70271465798353,1
21104,10.499416545961036,17.73676149642369,1
21105,10.527179326850604,17.75043381132975,1
21106,10.565884624883845,17.726353979322102,1
21107,10.535741957690904,17.71817450072008,1
21108,10.582537972838939,17.70487953073981,1
21109,10.600812528359977,17.73461094194081,1
21110,10.613701909121193,17.711609163766642,1
21111,10.68614408962026,17.74865722287012,1
21112,10.685737389863245,17.7332564130342,1
21113,10.660843397962722,17.74175146806358,1
21114,10.721549481788673,17.720409250961378,1
21115,10.72584782660268,17.74052998779764,1
21116,10.802421589811027,17.742907390452146,1
21117,10.88307317503036,17.747476877370353,1
21118,10.907072078550758,17.732646674480264,1
21119,10.934335853705264,17.726087138475695,1
21120,10.937855043848518,17.740799877263733,1
21121,10.963393458896364,17.75208667728152,1
21122,10.972016017233267,17.707613056779845,1
21123,10.967167805790538,17.733550975925834,1
21124,11.0411666869821,17.720963082412773,1
21125,11.02315501857791,17.73830966338719,1
21126,11.020173422978361,17.735171953364844,1
21127,11.033041585531375,17.73545035281675,1
21128,11.092206898763962,17.733109872655216,1
21129,11.103410611389315,17.72395413757423,1
21130,11.121124905464548,17.74087950550625,1
21131,11.119562602465692,17.737481377321064,1
21132,11.073121387585763,17.752624131985673,1
21133,11.170514929997395,17.73048449725076,1
21134,11.175996238336142,17.751677217744124,1
21135,11.13583722004928,17.713647138775784,1
21136,11.148960106404942,17.726534790900732,1
21137,11.147345415869045,17.714483069143427,1
21138,11.22150856515739,17.753629045679062,1
21139,11.229629845886235,17.745696794394533,1
21140,11.18238531083654,17.722160806948967,1
21141,11.179363729727356,17.713789296904817,1
21142,11.21504301807064,17.751181687693002,1
21143,11.240879042636664,17.707859443184113,1
21144,11.255794546468055,17.739226057639158,1
21145,11.240156589924652,17.719764355407708,1
21146,11.273158353006027,17.734248267156428,1
21147,11.27002098328166,17.75034047184556,1
21148,11.285940765691072,17.73273382829567,1
21149,11.296718808213294,17.73050442231777,1
21150,11.326878230754915,17.73041208077004,1
21151,11.297486430654443,17.73591966535905,1
21152,11.341728965309635,17.753288847003567,1
21153,11.372508522532014,17.709601443701153,1
21154,11.389127125962919,17.705850512850542,1
21155,11.38496423339891,17.74668160770228,1
21156,11.40299732160788,17.727972500242334,1
21157,11.409849982623944,17.746165677881372,1
21158,11.396992409467918,17.74140852446363,1
21159,11.42071269263503,17.701042437970344,1
21160,11.458854747160595,17.740818637474444,1
21161,11.49574048194744,17.73559521042099,1
21162,11.485980975435666,17.72479387422226,1
21163,11.487847244448023,17.702284949731567,1
21164,11.527501997671902,17.753331395336193,1
21165,11.521865726816563,17.709349239508324,1
21166,11.519804995705458,17.71136089807977,1
21167,11.513518475729276,17.73496413916794,1
21168,11.582484416968363,17.75269666271376,1
21169,11.572863864937435,17.732824946919596,1
21170,11.601149836158974,17.74502592949852,1
21171,11.60974132469255,17.732730772097153,1
21172,11.621106065963147,17.701437069461992,1
21173,11.636516764209963,17.75393875657965,1
21174,11.706114898203763,17.708802271885013,1
21175,11.70839456114626,17.736410417717185,1
21176,11.698090894416927,17.753113335627496,1
21177,11.76122592163548,17.714571388787473,1
21178,11.71331977480321,17.749026545449368,1
21179,11.808030566245126,17.72359024344015,1
21180,11.777919278649696,17.730005742836024,1
21181,11.774677299036291,17.710638214603925,1
21182,11.847754350814546,17.72759643015235,1
21183,11.861237340313476,17.73743641323413,1
21184,11.838193570533056,17.712091769769255,1
21185,11.919571533207924,17.723450614005525,1
21186,11.916175454958905,17.72280482682631,1
21187,11.89815151668944,17.731875965225512,1
21188,11.974543022928094,17.730063239965254,1
21189,11.95347941515247,17.706255902638983,1
21190,11.92578922110484,17.721968718495763,1
21191,11.952004920739606,17.73673261761042,1
21192,11.997836581414159,17.744586559740526,1
21193,8.01621294947104,17.77615910073954,1
21194,8.006530189458765,17.75667953263298,1
21195,8.063665110084218,17.755927835879408,1
21196,8.066663427961,17.783940316984495,1
21197,8.0496658364494,17.76816644797113,1
21198,8.114785688823345,17.793161112109598,1
21199,8.084085530622552,17.775016155388585,1
21200,8.076470341730937,17.79551741037228,1
21201,8.16938169556473,17.807180892600176,1
21202,8.178916967738497,17.79425857212813,1
21203,8.155809019043888,17.75822959819187,1
21204,8.18787575471073,17.775875913437403,1
21205,8.185439462374243,17.80270192952137,1
21206,8.20403896141335,17.797118920673125,1
21207,8.204155373438773,17.793592671142108,1
21208,8.224055983914132,17.76173895382548,1
21209,8.271557087387915,17.80424754715947,1
21210,8.235629943591013,17.757309930824675,1
21211,8.26781086781332,17.795537934000393,1
21212,8.249378277751616,17.763998784562553,1
21213,8.255310769076155,17.807010581521148,1
21214,8.264064589700617,17.758496616026004,1
21215,8.300000003392764,17.799052420232037,1
21216,8.302699780045678,17.76618006528114,1
21217,8.308532798387146,17.76826302193939,1
21218,8.340635598363022,17.787708318025196,1
21219,8.291147252990092,17.76645712100658,1
21220,8.334463433897666,17.777166679051756,1
21221,8.348520423028074,17.781557202849367,1
21222,8.344594906134244,17.773630266895854,1
21223,8.349869943897524,17.75450824053801,1
21224,8.375651990437534,17.777132830590432,1
21225,8.362690050226451,17.796152257662534,1
21226,8.408150704485646,17.78653290761697,1
21227,8.437966810247078,17.799947515299866,1
21228,8.398788265224098,17.804311410049923,1
21229,8.39676399717669,17.777596317938638,1
21230,8.496335869306552,17.754848069144316,1
21231,8.457225149692423,17.758738653062807,1
21232,8.45332097392303,17.775854232777437,1
21233,8.497516204806397,17.777320221592625,1
21234,8.524121909912687,17.80179337321707,1
21235,8.504911608755913,17.790272038305645,1
21236,8.539839731210408,17.795472407700146,1
21237,8.527860417791056,17.78247955585408,1
21238,8.582927516109155,17.80596649355494,1
21239,8.604081611843519,17.78665906381925,1
21240,8.59422319945763,17.760363522050078,1
21241,8.6421056174747,17.785756083413993,1
21242,8.633883365628101,17.760528586097166,1
21243,8.6360508577879,17.76422114342905,1
21244,8.654900165848872,17.80435885432238,1
21245,8.667048268252083,17.801601428070153,1
21246,8.706682986701566,17.75744210708862,1
21247,8.707947163861883,17.803298461516352,1
21248,8.717657363549195,17.79056960899548,1
21249,8.766203427640775,17.773572800621654,1
21250,8.765562575090128,17.78495945336889,1
21251,8.797133818972021,17.759356308236388,1
21252,8.796226748353527,17.759047755194477,1
21253,8.833778021534153,17.758754485475354,1
21254,8.8433978873238,17.78770881214591,1
21255,8.893711664397214,17.75594437128232,1
21256,8.907218134356512,17.767659045062185,1
21257,8.941153342502512,17.78205721430022,1
21258,8.982118327579025,17.76307031608481,1
21259,9.020779838112409,17.785324104369735,1
21260,9.022036619526416,17.767807944819886,1
21261,9.041458052085023,17.7783875575943,1
21262,9.078149966225835,17.7760249415802,1
21263,9.114798039102304,17.774918982780374,1
21264,9.107375302458006,17.78155782187378,1
21265,9.134641582241075,17.79292843304357,1
21266,9.160896602831883,17.801762362228835,1
21267,9.197158409830664,17.79650175099147,1
21268,9.185323468241045,17.78614348500629,1
21269,9.224064012012718,17.754383388930364,1
21270,9.304489460850602,17.754986518487378,1
21271,9.31354047358806,17.792096920142157,1
21272,9.315571589408371,17.77181126874639,1
21273,9.358341036088476,17.75946263871599,1
21274,9.374575317990354,17.757198889085625,1
21275,9.38659561519992,17.786163341434452,1
21276,9.424460102340388,17.791091738474986,1
21277,9.431812318983503,17.779315348557642,1
21278,9.448543192551819,17.773294601461274,1
21279,9.436133966740941,17.765054203928443,1
21280,9.466005686850037,17.78659039204885,1
21281,9.506506922406317,17.76799027613152,1
21282,9.518157569613544,17.77814949529197,1
21283,9.48757276232808,17.762102657821632,1
21284,9.502457274457468,17.75627144880416,1
21285,9.536228505111232,17.78317988193085,1
21286,9.546576752868415,17.7884373859631,1
21287,9.53378732795132,17.754228153511196,1
21288,9.533313912640502,17.755286066891557,1
21289,9.577014527166456,17.7846681628066,1
21290,9.595107688317585,17.799918797841112,1
21291,9.6539248069933,17.758129800272844,1
21292,9.709397337888415,17.763530379851208,1
21293,9.695236303197468,17.785579902611563,1
21294,9.773522256262396,17.798624641264897,1
21295,9.777574802626537,17.77633765231839,1
21296,9.788529609830634,17.790121448063445,1
21297,9.822913859736476,17.799807912896856,1
21298,9.891744001355102,17.791306014052562,1
21299,9.845699071657625,17.78881917083916,1
21300,9.901687284332198,17.787952803534708,1
21301,9.907844870375833,17.758262144496985,1
21302,9.961696162993213,17.789933727363188,1
21303,9.96159060158882,17.756612088320914,1
21304,10.016307843644109,17.803624185800118,1
21305,10.069937115447939,17.797423181024588,1
21306,10.062509351575645,17.78460663971736,1
21307,10.124722605651211,17.759142403168415,1
21308,10.13184554977737,17.754474529726604,1
21309,10.175092084647872,17.76193609724848,1
21310,10.200709679119383,17.796615002882096,1
21311,10.2397128895163,17.805397278433787,1
21312,10.29888335132206,17.773229129082655,1
21313,10.334023469283466,17.7796052917462,1
21314,10.349543990631219,17.759104903515304,1
21315,10.399465297384564,17.755349872724203,1
21316,10.376707049279963,17.799335032610017,1
21317,10.451034943781277,17.77301731081312,1
21318,10.447063408255907,17.76140041784329,1
21319,10.505724699230093,17.773656901698125,1
21320,10.485291455063646,17.794710285740734,1
21321,10.53243256061357,17.76149169920005,1
21322,10.574730465242304,17.779371412261995,1
21323,10.546274809852235,17.758511155804463,1
21324,10.59274230615232,17.773977428114698,1
21325,10.602302168630183,17.765317595900267,1
21326,10.665405369512875,17.77429117328983,1
21327,10.653578098002635,17.782500276131454,1
21328,10.725455413126637,17.757489262845183,1
21329,10.73933814353241,17.772185980886242,1
21330,10.720434231890772,17.794557185731243,1
21331,10.759065439284132,17.7956847956319,1
21332,10.777944510614079,17.78193977343995,1
21333,10.818495659363217,17.7692953362329,1
21334,10.842541875105075,17.77790817014435,1
21335,10.862676256010808,17.76103650709226,1
21336,10.88833974341585,17.756209046635593,1
21337,10.923427978263243,17.772592068801355,1
21338,10.942395754542108,17.76206509880574,1
21339,10.991196506150942,17.769623110951294,1
21340,10.96885139970682,17.80469301576842,1
21341,10.983038472740866,17.75628494653841,1
21342,11.019207581158913,17.77451086380566,1
21343,11.050104905867906,17.758800065027135,1
21344,11.02451015301922,17.799411989209975,1
21345,11.089380280292161,17.79983521055865,1
21346,11.08628274260108,17.774797132853934,1
21347,11.112987483204428,17.75624897675704,1
21348,11.090310889091198,17.767329845306957,1
21349,11.170357946224437,17.806524628288923,1
21350,11.150212942699161,17.780946090025335,1
21351,11.16506561014956,17.786377943030185,1
21352,11.149016329444578,17.76358725576684,1
21353,11.187344156817698,17.76506265679022,1
21354,11.178681215190846,17.79518647760155,1
21355,11.227699998432941,17.80140011699214,1
21356,11.22212582489566,17.793978740307104,1
21357,11.283358097595011,17.766626244431933,1
21358,11.234359485258743,17.78994847351933,1
21359,11.28308093475771,17.758169946042926,1
21360,11.251058508790488,17.80215640301605,1
21361,11.308896441275428,17.794804253549177,1
21362,11.300131909723657,17.758521483487495,1
21363,11.290587268317926,17.788259636214576,1
21364,11.313126954339278,17.78619572811556,1
21365,11.341156557385716,17.78004431470945,1
21366,11.36771613448049,17.759990281601496,1
21367,11.370410066846155,17.805047079472015,1
21368,11.38684409224127,17.774290921427077,1
21369,11.391364174602584,17.757481587676903,1
21370,11.407928312016992,17.795277711767625,1
21371,11.41963122171186,17.768507249915466,1
21372,11.433672662515548,17.781263588311173,1
21373,11.454937197688986,17.794587092558412,1
21374,11.472242211626938,17.802551685079386,1
21375,11.496306494524173,17.78733267208073,1
21376,11.486764517127614,17.772954796772552,1
21377,11.481828554147011,17.76791479916645,1
21378,11.509385392939354,17.79488767936747,1
21379,11.538706992185187,17.77208232782865,1
21380,11.521435675294342,17.7821686221221,1
21381,11.518910538558147,17.771319579923478,1
21382,11.546964677405493,17.803392510560183,1
21383,11.582427192959697,17.772700005684587,1
21384,11.582631716973587,17.792812618421593,1
21385,11.560236133724297,17.78377812098908,1
21386,11.557953013990016,17.771096680313274,1
21387,11.568574426220948,17.765262345174612,1
21388,11.655389859098454,17.800136364727567,1
21389,11.646268348974958,17.767065538202065,1
21390,11.640372301616278,17.776370070144562,1
21391,11.637058543826514,17.806597795470786,1
21392,11.700777629114569,17.78906130367705,1
21393,11.679350214750214,17.805003719332102,1
21394,11.669439572720458,17.775721965537546,1
21395,11.74278890740726,17.777451838443895,1
21396,11.776060975292307,17.776473010162167,1
21397,11.825469599949102,17.75594514418698,1
21398,11.87590752090141,17.783944688407175,1
21399,11.887389780198255,17.792048160220315,1
21400,11.958263195507739,17.795398465969274,1
21401,11.968261482534968,17.761699504013308,1
21402,8.031670160957301,17.844910328947805,1
21403,8.05477409815354,17.81573129680925,1
21404,8.033449485433882,17.82437843946305,1
21405,8.026632696185873,17.81877345093056,1
21406,8.095220263467805,17.849874740594327,1
21407,8.090717163057942,17.81451878972395,1
21408,8.106306965785645,17.838979978267297,1
21409,8.08113368101309,17.840449163681242,1
21410,8.14916513637996,17.851217566790126,1
21411,8.154484848014166,17.80851335522137,1
21412,8.156939452147968,17.81698145163962,1
21413,8.180592992283232,17.81112420738114,1
21414,8.234957220201311,17.80892688843209,1
21415,8.192059710333575,17.82418298385642,1
21416,8.204377416208187,17.815928082093816,1
21417,8.184959536410354,17.83103750290405,1
21418,8.216110768681704,17.8087598456832,1
21419,8.263603291275981,17.85210823888022,1
21420,8.239801664802513,17.834390708232267,1
21421,8.240725894756173,17.810482042059977,1
21422,8.28785943556798,17.849120767865607,1
21423,8.275675949282785,17.849716565386057,1
21424,8.274849333033373,17.84721616197652,1
21425,8.326812697933896,17.82561018746306,1
21426,8.313889951489106,17.824017879110123,1
21427,8.320663286374103,17.819725050206014,1
21428,8.339817310389762,17.830067374267326,1
21429,8.321678645511083,17.85462048867149,1
21430,8.2922389860892,17.80919216487754,1
21431,8.352168264554262,17.810746870485712,1
21432,8.360784303045467,17.858511980039715,1
21433,8.354122330064165,17.85158664907102,1
21434,8.35837796947878,17.83207626196477,1
21435,8.358838634750471,17.851240681491063,1
21436,8.412310964587707,17.838624162351124,1
21437,8.404374760325089,17.826973198309346,1
21438,8.39860636022876,17.8114054230628,1
21439,8.42341422599822,17.83819117037825,1
21440,8.45242865514988,17.837590230479673,1
21441,8.470919078278142,17.830769712863127,1
21442,8.451529390442095,17.826089477006484,1
21443,8.468289741566442,17.81151080485093,1
21444,8.529208537951018,17.818852521008846,1
21445,8.534623973460363,17.817450186541997,1
21446,8.555079137474731,17.819740225551538,1
21447,8.516609411440013,17.83160385848903,1
21448,8.51288218755072,17.857147780610294,1
21449,8.596882031079193,17.85671703616297,1
21450,8.598785069515852,17.82894482002588,1
21451,8.557610744305428,17.814517053126753,1
21452,8.567538819389336,17.856526469668996,1
21453,8.562353650497718,17.849976376296006,1
21454,8.656563777546996,17.843933888710104,1
21455,8.623318798951761,17.830204855234896,1
21456,8.625568715516417,17.855299400345512,1
21457,8.655776762789245,17.807747438952624,1
21458,8.626552252542224,17.852770278534955,1
21459,8.694229908931677,17.822647875374543,1
21460,8.66343128643085,17.818878052629323,1
21461,8.664260444540295,17.81136068603582,1
21462,8.688379471430016,17.812313607387384,1
21463,8.753871377219479,17.80842706466331,1
21464,8.731346649725582,17.85615731136824,1
21465,8.802583194487392,17.840636025458117,1
21466,8.801893106026876,17.8248627590659,1
21467,8.845529985321354,17.852632624422125,1
21468,8.867255420844247,17.859629088479913,1
21469,8.908931369730949,17.81070947374471,1
21470,8.916169759564788,17.82214506954716,1
21471,8.931724562501532,17.829251300427156,1
21472,8.9656130914701,17.830502510499375,1
21473,8.953403121254839,17.82500563141446,1
21474,9.022599773600284,17.82234298704292,1
21475,9.036140905239947,17.81940344759632,1
21476,9.01082098904752,17.8322485320329,1
21477,9.041037190066431,17.85160686445721,1
21478,9.081945037981955,17.814531723779055,1
21479,9.065458170862206,17.83239538575804,1
21480,9.130011071396,17.8318049745157,1
21481,9.120489184730447,17.855357843210466,1
21482,9.121268748813682,17.83699748440511,1
21483,9.156257793875954,17.845919982770084,1
21484,9.165380846527711,17.808264590342223,1
21485,9.240783472581722,17.852673126061816,1
21486,9.280195757807158,17.819922229285787,1
21487,9.253116397632681,17.811799861191876,1
21488,9.343398761918861,17.853207591457483,1
21489,9.46349684401392,17.85181708086328,1
21490,9.427834963509147,17.83790646832337,1
21491,9.424148834849898,17.8484845222551,1
21492,9.497063448381386,17.835638176412342,1
21493,9.474337609298965,17.858087281850764,1
21494,9.511999532292336,17.836723432247297,1
21495,9.498726312186468,17.846777522600473,1
21496,9.545827089797797,17.84490719692689,1
21497,9.532548824872114,17.840289939022085,1
21498,9.59143560052158,17.829435120035942,1
21499,9.618050255814257,17.812237180271058,1
21500,9.630736161248318,17.83480863326279,1
21501,9.639931552480574,17.841919924734846,1
21502,9.683077568046631,17.817148211511487,1
21503,9.689237755634968,17.842734771987843,1
21504,9.720325159894777,17.853165951389904,1
21505,9.733940014243254,17.842141842999407,1
21506,9.754905677482816,17.847390395716403,1
21507,9.838984326438482,17.833216258352234,1
21508,9.79205765045933,17.827030812075712,1
21509,9.831422297242039,17.85121721623726,1
21510,9.857058706550358,17.816274584975602,1
21511,9.868259098086135,17.847564847948146,1
21512,9.899583374126838,17.82865004534014,1
21513,9.902954797752448,17.83089709235634,1
21514,9.981645734133293,17.819779127361006,1
21515,9.996871987273014,17.84431697525079,1
21516,10.032877014696522,17.832140537277212,1
21517,10.095700169000024,17.858195165562137,1
21518,10.156295763869322,17.83144957504048,1
21519,10.119051548041984,17.81823184974852,1
21520,10.125956819682104,17.821381423165683,1
21521,10.188087808161553,17.856856948796818,1
21522,10.161267983778044,17.819050283843875,1
21523,10.19098961038124,17.813237868604986,1
21524,10.245294207536519,17.847037396934397,1
21525,10.220654027875849,17.81824957202994,1
21526,10.296842918489315,17.814111632434493,1
21527,10.355706883947365,17.83530449119324,1
21528,10.423765318579942,17.808781248475057,1
21529,10.394009412581235,17.850390652778724,1
21530,10.481177951193446,17.835651581262688,1
21531,10.468186904093072,17.821759880646084,1
21532,10.48705748131965,17.842611471976696,1
21533,10.505161173601216,17.837691223847983,1
21534,10.566036784026174,17.84894467963349,1
21535,10.584201816857487,17.847650938694244,1
21536,10.54095327074932,17.857499136676875,1
21537,10.631800839200606,17.85581536744111,1
21538,10.601346907119916,17.855618956677386,1
21539,10.621863881978243,17.820929452934337,1
21540,10.66735348632127,17.822024753673016,1
21541,10.682090807108587,17.846356027882212,1
21542,10.668692005587555,17.813362725372073,1
21543,10.731257142783551,17.834219023668304,1
21544,10.738608282108421,17.853387805185243,1
21545,10.729018489768247,17.835994145100187,1
21546,10.708198295269558,17.845045901415293,1
21547,10.750046772931043,17.85081981000012,1
21548,10.769437095026277,17.8565962224377,1
21549,10.796751710600612,17.807865649655984,1
21550,10.76713846065374,17.84839502441165,1
21551,10.837306155305626,17.83987134663789,1
21552,10.81428168592442,17.824320097253757,1
21553,10.817664741097062,17.829486088278607,1
21554,10.86035430891584,17.843198003721188,1
21555,10.889794208990233,17.841129402508592,1
21556,10.877835813900408,17.831856270161193,1
21557,10.91793611545114,17.851573064716522,1
21558,10.954220218584036,17.828863844493497,1
21559,10.946365308496333,17.842782385954006,1
21560,10.978497767272666,17.822291581023276,1
21561,10.963696556265186,17.80761562084601,1
21562,11.013748334668675,17.844463736941282,1
21563,11.01923263238732,17.859090435428516,1
21564,11.059070604463022,17.821867032215593,1
21565,11.024692980952715,17.821139857804912,1
21566,11.110905904037306,17.85333408227351,1
21567,11.12241241830219,17.854167686117115,1
21568,11.116388852399913,17.82550755497702,1
21569,11.167416952748244,17.835738513385103,1
21570,11.143525542469025,17.84808863091286,1
21571,11.159994431460392,17.841910529508308,1
21572,11.226245142246183,17.839371660906206,1
21573,11.224256682312678,17.841045504391296,1
21574,11.214723324878383,17.811575961342285,1
21575,11.242984255884174,17.8351232048128,1
21576,11.256992409397743,17.809503289109063,1
21577,11.254053259580107,17.848651037469583,1
21578,11.31062771221093,17.80869594798965,1
21579,11.302074258073473,17.833354521481933,1
21580,11.286511817475564,17.83247164289558,1
21581,11.362694627091885,17.84243149618382,1
21582,11.384726069711071,17.845669407236905,1
21583,11.366960316806928,17.827121266386715,1
21584,11.393986620082712,17.815666879258504,1
21585,11.423378904756822,17.860314530296897,1
21586,11.417092325736784,17.81055678830131,1
21587,11.477571462828553,17.840675002376585,1
21588,11.470499784762294,17.83294301708137,1
21589,11.45766876902431,17.854014083247684,1
21590,11.461071773360638,17.824307360654046,1
21591,11.535780491034862,17.854806370483864,1
21592,11.500742376808732,17.85819000907811,1
21593,11.501861301782979,17.83156511351996,1
21594,11.593197343571946,17.84234798350219,1
21595,11.591028696705532,17.816341803963727,1
21596,11.59330284106119,17.846743113684237,1
21597,11.646395498432597,17.839884252173828,1
21598,11.621466913857581,17.818429562010515,1
21599,11.636537906085675,17.842132217338158,1
21600,11.676551144987819,17.82846937063573,1
21601,11.677053130588265,17.84337344556505,1
21602,11.762546465755998,17.82698531022206,1
21603,11.811110105913333,17.819483535634014,1
21604,11.834728817319654,17.811779580208828,1
21605,8.019099773358802,17.89479039712118,1
21606,8.039453931346545,17.86982920505816,1
21607,8.058237410662926,17.899487774152647,1
21608,8.027504733825824,17.890543986607504,1
21609,8.099592864740984,17.897898270226516,1
21610,8.110438553766462,17.87755124162827,1
21611,8.117629228556723,17.90935101515043,1
21612,8.10676511766526,17.887679799960544,1
21613,8.144758250787003,17.880225856720855,1
21614,8.15273892360754,17.898048278221392,1
21615,8.161818057979714,17.9053913197892,1
21616,8.135309208986687,17.862841962440715,1
21617,8.21699409732133,17.877888413382646,1
21618,8.215591411268406,17.904536292819003,1
21619,8.188310221015744,17.88519174421739,1
21620,8.18787378292694,17.86110587213742,1
21621,8.263560221603926,17.90380529840764,1
21622,8.24476275073469,17.86570567769989,1
21623,8.277333502333159,17.865887499905792,1
21624,8.269188146579102,17.862454278966016,1
21625,8.236044346376655,17.868518812790207,1
21626,8.313672935074518,17.865370617315214,1
21627,8.312465142179747,17.865708104316237,1
21628,8.307200442786383,17.888209343089578,1
21629,8.2924126673146,17.904840650631012,1
21630,8.386552919060593,17.88674709842062,1
21631,8.35364493596648,17.90685873867357,1
21632,8.345574065728192,17.901573922387293,1
21633,8.414318625085457,17.880945092946888,1
21634,8.441736993557516,17.86520669863808,1
21635,8.445707627790283,17.90518532592948,1
21636,8.501846608333002,17.87264056905004,1
21637,8.450626099015432,17.89862640796162,1
21638,8.482019752429833,17.87004449810897,1
21639,8.459103273623008,17.895547165518277,1
21640,8.507584345889331,17.906085742724848,1
21641,8.521505168562694,17.861356224559124,1
21642,8.507335719920619,17.90152950866481,1
21643,8.523401032042338,17.913874138684236,1
21644,8.573126050998958,17.913632444081973,1
21645,8.596935516864123,17.91294470176085,1
21646,8.604862248459566,17.913068490412243,1
21647,8.65707214627086,17.870353192008505,1
21648,8.656800005035619,17.895713489213776,1
21649,8.649820917613278,17.873914642191956,1
21650,8.675428030287323,17.90973962409043,1
21651,8.673420737330886,17.87607126722467,1
21652,8.667144853989173,17.89167419799186,1
21653,8.74143083629986,17.9044509419495,1
21654,8.790338244399052,17.885785482608902,1
21655,8.853563347379659,17.874857584998974,1
21656,8.836132146705273,17.88322203380232,1
21657,8.894137379990692,17.885421661938008,1
21658,8.91644992447273,17.912217623775568,1
21659,8.936527967416088,17.883778846783894,1
21660,8.955940926649285,17.895754582507536,1
21661,8.98475796943197,17.89763037376168,1
21662,9.017534760082693,17.878846462464992,1
21663,9.06756386286334,17.907132437038566,1
21664,9.068506092943872,17.894320720079357,1
21665,9.078563906364296,17.900782471771787,1
21666,9.114607804307822,17.872495079837783,1
21667,9.125474862307541,17.873168630345283,1
21668,9.11631635372413,17.870026870828962,1
21669,9.158626577628,17.877754259363403,1
21670,9.182071832575112,17.90953452905316,1
21671,9.1722161983628,17.875014723687375,1
21672,9.200037754504384,17.867201823437505,1
21673,9.21864868568208,17.86439251507839,1
21674,9.266891693021666,17.866264862326283,1
21675,9.276596399466602,17.878885167978293,1
21676,9.335868590815457,17.90057358217455,1
21677,9.351762649138394,17.877691034638794,1
21678,9.410554161044379,17.86177336209813,1
21679,9.465094902765815,17.899369222386852,1
21680,9.43716207292522,17.880044669071797,1
21681,9.50741906018927,17.87683408109477,1
21682,9.518368566286584,17.88082693138693,1
21683,9.561844323035801,17.88942036963176,1
21684,9.569639849718516,17.893518177814453,1
21685,9.620545481368142,17.90954379288493,1
21686,9.634222613066163,17.906659954663382,1
21687,9.667871259868553,17.908747709525944,1
21688,9.63118508508268,17.90716602177745,1
21689,9.708788079205425,17.876581971040604,1
21690,9.698819490211173,17.871325827295802,1
21691,9.730219308922468,17.892320504099754,1
21692,9.744669183521571,17.88590196905568,1
21693,9.772327253146758,17.90498273913037,1
21694,9.779823955276541,17.901710628328544,1
21695,9.82397166167978,17.862746492534182,1
21696,9.836473438809481,17.905889684545297,1
21697,9.877532319845699,17.875580230903957,1
21698,9.880164493139445,17.867783829725354,1
21699,9.921759676050316,17.90100387134706,1
21700,9.93585403757668,17.863349412904576,1
21701,9.98863529078801,17.905683289932433,1
21702,9.972631651539285,17.86367631465499,1
21703,10.039907961716574,17.885120945648378,1
21704,10.054812002887738,17.895549127524145,1
21705,10.082105825867263,17.885560899782806,1
21706,10.135213647563734,17.878440610684788,1
21707,10.151120860571885,17.91100824877279,1
21708,10.151957404920578,17.8933981960152,1
21709,10.206438859917487,17.88758349875552,1
21710,10.180808119259167,17.912319419648195,1
21711,10.16571310189653,17.884394138981722,1
21712,10.256026821637455,17.87766444591112,1
21713,10.25907453638974,17.904183560599844,1
21714,10.258013222830618,17.881120286513543,1
21715,10.268706625021453,17.893611710520176,1
21716,10.281191931906106,17.875918307155544,1
21717,10.331707061882069,17.901082386517963,1
21718,10.326234737655007,17.89704768515837,1
21719,10.377485429722862,17.86813881054127,1
21720,10.419693646922708,17.8671088535797,1
21721,10.443141009546855,17.881566522544766,1
21722,10.448650362118892,17.889859357452618,1
21723,10.525448207994422,17.872348599625568,1
21724,10.506464038728481,17.88820420928691,1
21725,10.553205155005562,17.903309914923348,1
21726,10.551409541021025,17.88470958766859,1
21727,10.612279753414057,17.906093622273914,1
21728,10.616983155693038,17.901654384987875,1
21729,10.59551804919867,17.90539779113515,1
21730,10.690905940358933,17.892813729372385,1
21731,10.658880057995137,17.910454525706278,1
21732,10.693517994784367,17.909477710532116,1
21733,10.71151293162329,17.86699888253062,1
21734,10.745287372228676,17.90780456436955,1
21735,10.711067197043551,17.86310148260655,1
21736,10.787955429207583,17.909958441785417,1
21737,10.78734522404243,17.90233961934002,1
21738,10.760659589673816,17.88849658295332,1
21739,10.830959652198388,17.86438537145811,1
21740,10.830446694934052,17.8878355445064,1
21741,10.836569622393027,17.868355944904522,1
21742,10.856627366072829,17.90025568808849,1
21743,10.90092320201018,17.892031646273754,1
21744,10.884648904343535,17.892647079154383,1
21745,10.922839127413024,17.883654578319717,1
21746,10.923782283766823,17.889632317933692,1
21747,10.960814717672013,17.900648446289654,1
21748,11.01100072902589,17.902795603856053,1
21749,10.99986042178544,17.871881223636546,1
21750,11.032812735360222,17.91075025127981,1
21751,11.06917326799622,17.876425323191967,1
21752,11.048875797119848,17.89456494154556,1
21753,11.103433724077334,17.90927659202391,1
21754,11.106217422242462,17.897682122869323,1
21755,11.093706624267993,17.881578573385912,1
21756,11.15618671170311,17.908185425912155,1
21757,11.151647228682464,17.896487554184112,1
21758,11.135703009073561,17.878259942613642,1
21759,11.21119134965918,17.903741253446192,1
21760,11.219511825143764,17.87584747888535,1
21761,11.19467784047884,17.883910580975737,1
21762,11.273678325173972,17.892436449152264,1
21763,11.236606402953857,17.89555839884009,1
21764,11.2702483808013,17.88449949649611,1
21765,11.31244061352482,17.893401901416624,1
21766,11.288332363150612,17.88333719353844,1
21767,11.37502388811695,17.870032798687944,1
21768,11.38346910447576,17.880655059231387,1
21769,11.404256475629433,17.905489360062624,1
21770,11.393286390173474,17.865197385134177,1
21771,11.421656116543328,17.87889945203678,1
21772,11.491758180126135,17.895731664385853,1
21773,11.448476873812444,17.910197311845806,1
21774,11.44487324337431,17.86098631358529,1
21775,11.499396039308744,17.910513393107877,1
21776,11.5035515242441,17.868823924616393,1
21777,11.521764556527641,17.861366532071628,1
21778,11.555552755493622,17.89343087576505,1
21779,11.560225448733442,17.91318094026815,1
21780,11.657228350747205,17.867876247151017,1
21781,11.611639305974975,17.863272685686905,1
21782,11.69489163705885,17.888447799813267,1
21783,11.675668493907414,17.896935166394666,1
21784,11.71923285424978,17.876898588547,1
21785,11.717522154358573,17.87653502190696,1
21786,11.775256158062426,17.902181590471564,1
21787,11.801134175465855,17.882812958021024,1
21788,11.826509765740406,17.88402261488117,1
21789,11.838300983901503,17.906042248780132,1
21790,11.889599380686636,17.871093080797802,1
21791,11.900222770261134,17.86658831734485,1
21792,11.941179550261525,17.877198854576974,1
21793,8.027088858496617,17.930947975418515,1
21794,8.027354607093969,17.963088741450886,1
21795,8.047532028075924,17.944655293467296,1
21796,8.081900367808368,17.914499665938237,1
21797,8.120167597286812,17.928915696141075,1
21798,8.08977983682466,17.961873164971895,1
21799,8.077678423441208,17.940843043574315,1
21800,8.091199608016936,17.91603789020741,1
21801,8.176106045178448,17.91813273466296,1
21802,8.140077806039178,17.93858238676676,1
21803,8.154500398358808,17.94252649939882,1
21804,8.143403733276976,17.929739480353614,1
21805,8.208912035665486,17.94918355279407,1
21806,8.21561471891437,17.928150822652785,1
21807,8.235164900199328,17.936798597562714,1
21808,8.198873547322453,17.929476999921093,1
21809,8.245827595850939,17.957733836448995,1
21810,8.247784728722417,17.914618982284406,1
21811,8.267425646424327,17.915145198764407,1
21812,8.321449980759645,17.948085842982078,1
21813,8.318062560392388,17.9665395628069,1
21814,8.34031940961429,17.952678294085757,1
21815,8.370706539869364,17.930015519170592,1
21816,8.385311661062305,17.916455269173106,1
21817,8.370291650330868,17.918431732699247,1
21818,8.44076746051838,17.966227711618824,1
21819,8.435512505107301,17.95221130527606,1
21820,8.422959160039651,17.961384408057437,1
21821,8.458251091458553,17.938421862195327,1
21822,8.485332587314645,17.9509937986851,1
21823,8.501785626166674,17.922765188661558,1
21824,8.50673278105122,17.95389800011452,1
21825,8.524407955102765,17.948718152169715,1
21826,8.58615399485793,17.959137680285668,1
21827,8.65935545302078,17.942387171898826,1
21828,8.694474989849295,17.915542717705616,1
21829,8.767987681626263,17.946657360990006,1
21830,8.79984397217133,17.922429053328816,1
21831,8.85927726696096,17.948363152922603,1
21832,8.913054857471426,17.94985011280421,1
21833,8.903896977677201,17.935172750622485,1
21834,8.973128766706544,17.939276662127963,1
21835,8.977903565902434,17.940403959788718,1
21836,9.037109103914686,17.95629686345425,1
21837,9.00919443827959,17.922854267879742,1
21838,9.055342470372118,17.920924059009153,1
21839,9.058942008569428,17.92928918592586,1
21840,9.068103575715151,17.94213490219093,1
21841,9.111645729944629,17.959467825273798,1
21842,9.142072348034448,17.927135126695404,1
21843,9.106279641695881,17.966241325419528,1
21844,9.161630448142947,17.933065531279617,1
21845,9.171141091998171,17.937194568987966,1
21846,9.221897441553294,17.960628738250108,1
21847,9.226971378836902,17.937690549643047,1
21848,9.240060413977362,17.961969867848104,1
21849,9.290509692151037,17.967225528785118,1
21850,9.29579740127734,17.964722843500134,1
21851,9.25191227279146,17.944951487104532,1
21852,9.338860716181662,17.95046141550968,1
21853,9.332165264236579,17.962515467834116,1
21854,9.364334080009511,17.931088117371914,1
21855,9.38361673741473,17.965559996877644,1
21856,9.457208672398064,17.918686320452135,1
21857,9.462319745716055,17.961290480039153,1
21858,9.464098088760323,17.915262431665084,1
21859,9.472246953910467,17.956648966430116,1
21860,9.498892324787901,17.922636858279326,1
21861,9.569175714995241,17.925795742747123,1
21862,9.598729721813562,17.960747833721403,1
21863,9.633404694384996,17.962458760018446,1
21864,9.701716574285163,17.938560817057276,1
21865,9.721929116069338,17.967355390155685,1
21866,9.734390095220487,17.9365740601025,1
21867,9.735828022254601,17.932413443490223,1
21868,9.80673212611687,17.94316191233597,1
21869,9.838498097253956,17.91859145323955,1
21870,9.850881558889885,17.943327943392013,1
21871,9.8470216087316,17.922411234117146,1
21872,9.910361322491394,17.962160414241893,1
21873,9.916893243707893,17.94741234894788,1
21874,9.993182344784023,17.932415482757087,1
21875,9.953091100322602,17.96694294905744,1
21876,10.012111201348038,17.949929602584078,1
21877,10.000704955167802,17.96191970398182,1
21878,10.100051113066481,17.93785974470191,1
21879,10.105932344304794,17.967828459197964,1
21880,10.059598042146344,17.91552669521034,1
21881,10.108958472066872,17.918822457062877,1
21882,10.141448548575573,17.956563986198297,1
21883,10.115026230360632,17.935405162500285,1
21884,10.180764295888329,17.943295227746024,1
21885,10.20897618867959,17.940148923577052,1
21886,10.185870899428442,17.95579195357955,1
21887,10.251605637664662,17.96012350872351,1
21888,10.240030747914275,17.950217808054862,1
21889,10.216851425230045,17.930728426208074,1
21890,10.303045057048026,17.940723130952076,1
21891,10.301458644677064,17.928828362753915,1
21892,10.365749346021508,17.919758761580503,1
21893,10.33943890443754,17.946428748572227,1
21894,10.408531894753242,17.93901978420934,1
21895,10.397259265376317,17.94860742499024,1
21896,10.45758723317629,17.916267099185916,1
21897,10.47268957532818,17.951000213766548,1
21898,10.522787486270635,17.94564555238055,1
21899,10.510896531515726,17.925834986094888,1
21900,10.562432407454086,17.91467284365256,1
21901,10.54412938837951,17.917855553633544,1
21902,10.592609191645,17.922076906462998,1
21903,10.623107037864044,17.922291231699187,1
21904,10.67432922791715,17.962201916035756,1
21905,10.679337929556917,17.923214314547074,1
21906,10.723060583634007,17.942193690561403,1
21907,10.721379533817933,17.940660724751698,1
21908,10.698917069891845,17.949085186861826,1
21909,10.772570430467985,17.950569929686086,1
21910,10.776631893335786,17.92833241797634,1
21911,10.840364089542584,17.942720275298058,1
21912,10.85218033855861,17.92623906789997,1
21913,10.817009770634671,17.941062059311523,1
21914,10.86674982157279,17.931087270571098,1
21915,10.872130390602681,17.92824656705237,1
21916,10.962278414797401,17.95982160086967,1
21917,10.911529895218475,17.931026762804652,1
21918,10.988418781598636,17.93700564457812,1
21919,10.993811627365378,17.96640364836741,1
21920,11.040546523912852,17.942793693654952,1
21921,11.02285689864065,17.962674135393964,1
21922,11.072646836729156,17.923397019760166,1
21923,11.113057108180191,17.93843865851657,1
21924,11.155673087657672,17.922622842726515,1
21925,11.13594768160033,17.961193159952195,1
21926,11.194707570354353,17.956653328343535,1
21927,11.193359743302238,17.936039774035667,1
21928,11.17922486203936,17.948823098824228,1
21929,11.262646268097216,17.95920684258334,1
21930,11.24443181535418,17.94260228672303,1
21931,11.29892824635575,17.93592701496165,1
21932,11.317697450801479,17.958269045965753,1
21933,11.374836656099504,17.915781325190984,1
21934,11.374244584942048,17.925428211048636,1
21935,11.39072728714971,17.9344417305703,1
21936,11.423774747327267,17.96712100594818,1
21937,11.47760682491291,17.92516303714575,1
21938,11.467680617957663,17.91782861558037,1
21939,11.465801204181371,17.963035849018663,1
21940,11.5192328515398,17.94152328150319,1
21941,11.49850706812243,17.92368222653597,1
21942,11.534124039966775,17.956153999185258,1
21943,11.5529515357862,17.95494146187211,1
21944,11.578527448727632,17.929409831457825,1
21945,11.605851432670322,17.947054577379486,1
21946,11.63904488790281,17.943286858033012,1
21947,11.622499562719753,17.922768474762645,1
21948,11.702419275519988,17.93759666247108,1
21949,11.663980208813083,17.930174742210944,1
21950,11.675558335264983,17.935201731969265,1
21951,11.723048830102444,17.94001994494115,1
21952,11.742417902964933,17.94642598134739,1
21953,11.778375434776219,17.931095851236343,1
21954,11.769372144306319,17.949296838370536,1
21955,11.82076887919749,17.916972111968207,1
21956,11.843200385307695,17.917231191232155,1
21957,11.91750554325161,17.967895329883778,1
21958,11.924415872742166,17.926567447593776,1
21959,11.904648225192211,17.929877251742244,1
21960,11.975803694977579,17.942272470623507,1
21961,11.955319101618644,17.920878983664483,1
21962,11.927457997101508,17.967759194824666,1
21963,8.066555127411666,17.977541552604706,1
21964,8.047079893593125,17.96886948605212,1
21965,8.106849230846564,17.968348857023425,1
21966,8.084299016869611,17.97415974824898,1
21967,8.18113944104583,17.975104787069778,1
21968,8.229930647781073,17.9695738545262,1
21969,8.216537315936096,17.97234333419144,1
21970,8.246211752034508,17.990164734738695,1
21971,8.251784745483638,17.997484672896654,1
21972,8.289789287254678,17.982864152043476,1
21973,8.293184013467922,17.992551420995262,1
21974,8.353092921035541,17.99382580483594,1
21975,8.39484268715956,17.98385366077173,1
21976,8.388778657831917,17.986672740240305,1
21977,8.482003754047273,17.978014766707695,1
21978,8.470790957048075,17.97176020419882,1
21979,8.544281942782234,17.977702403252625,1
21980,8.573872896903755,17.994494486756864,1
21981,8.611372498790283,17.977981081997207,1
21982,8.7229232273071,17.996413268688343,1
21983,8.79055468037208,17.985794657364718,1
21984,8.876270034965758,17.98085436969556,1
21985,8.904545468790694,17.994338840090492,1
21986,8.954945619976225,17.98826082722077,1
21987,8.96100842779721,17.978222699249244,1
21988,8.989136620898519,17.99767533434808,1
21989,9.03400525049906,17.987286260805487,1
21990,9.07110973427148,17.9991310474061,1
21991,9.09062568646775,17.97131449794953,1
21992,9.128335633949966,17.979306404800695,1
21993,9.103484665686501,17.99173966932817,1
21994,9.14666503511729,17.975798727991528,1
21995,9.230190493104587,17.99205419471383,1
21996,9.297203881369564,17.986904536663406,1
21997,9.32466967357693,17.998408769499235,1
21998,9.39107978372537,17.983732619258276,1
21999,9.371302685106786,17.9945536942019,1
22000,9.43898546346309,17.97464677518766,1
22001,9.412548383452858,17.981130519382805,1
22002,9.474044097792977,17.970830173298125,1
22003,9.547505480122455,17.976252885613164,1
22004,9.659239937271268,17.979236066588065,1
22005,9.635234907986833,17.97836482726783,1
22006,9.650125805508706,17.971866134103927,1
22007,9.699413230319863,17.99917749150393,1
22008,9.71345464836008,17.987120980317293,1
22009,9.73023052094318,17.98072269939357,1
22010,9.764001408973892,17.97334094763845,1
22011,9.818162847136925,17.982680832412548,1
22012,9.897782712192328,17.989619381782955,1
22013,9.957877966576966,17.984569771914952,1
22014,9.996314294126167,17.97810601366741,1
22015,10.00270880356976,17.98226800254917,1
22016,10.01813323609085,17.97636312436894,1
22017,10.08636233900439,17.98982973713994,1
22018,10.120167712185301,17.99749463800495,1
22019,10.129730543604557,17.984015583277756,1
22020,10.198882701938318,17.99293752495914,1
22021,10.17666363765954,17.989421883965555,1
22022,10.240914533843132,17.975738526685355,1
22023,10.249422772499376,17.97339697433328,1
22024,10.283958040407985,17.995541995250132,1
22025,10.356217881082664,17.976537413253105,1
22026,10.325328268018705,17.98531822483633,1
22027,10.402899814592244,17.969078965420472,1
22028,10.461866379235639,17.983529084101306,1
22029,10.498163182271536,17.977048479906784,1
22030,10.490831597339074,17.999683391519586,1
22031,10.550562555573034,17.98802703223609,1
22032,10.619548491555332,17.99934355842595,1
22033,10.643974449081298,17.96957997527686,1
22034,10.743435296525922,17.972111856060295,1
22035,10.778518359464963,17.991789662458746,1
22036,10.791869983269924,17.97340503507855,1
22037,10.84091046206706,17.970431608391078,1
22038,10.845465757408386,17.98807524155996,1
22039,10.860432769533276,17.993500558411718,1
22040,10.9302882170816,17.978541259984617,1
22041,11.013821989336963,17.99072181266353,1
22042,10.98935462938,17.98326138840386,1
22043,11.036082029310355,17.968418929301972,1
22044,11.068497762732797,17.997444330689433,1
22045,11.092907574346336,17.982893897549882,1
22046,11.128996199825751,17.97906779770321,1
22047,11.166235727856929,17.98592536045144,1
22048,11.210758156874448,17.997816166823654,1
22049,11.227834619552029,17.988099977931867,1
22050,11.278163795023543,17.99922969098348,1
22051,11.244363320092521,17.993488868633992,1
22052,11.328945791074167,17.97674643069418,1
22053,11.415216049563107,17.977854521267364,1
22054,11.485332379776876,17.981685863977933,1
22055,11.529207778452944,17.995867548680845,1
22056,11.524460933914067,17.99660440500792,1
22057,11.580195881503094,17.97923562101537,1
22058,11.652585880887504,17.98694747146654,1
22059,11.649872264709781,17.991981772928927,1
22060,11.660338963983433,17.972517921399568,1
22061,11.70435758820102,17.97427890191172,1
22062,11.745613561884651,17.987808798173123,1
22063,11.747239158255365,17.981571024030977,1
22064,11.81435143278371,17.977711526917357,1
22065,11.868632658350872,17.973710674188773,1
22066,11.890668424504666,17.984511960589153,1
22067,11.914189765586718,17.981476862883337,1
22068,11.95429531111007,17.99607250917738,1
