,x_val,y_val,data_channel
0,8.016049969983095,0.018221381070473157,1
1,8.07304717341933,0.047306259284148305,1
2,8.058393540697615,0.011016723734486946,1
3,8.10648549585562,0.012198415639433845,1
4,8.106818738858777,0.004439634161937626,1
5,8.134487675688392,0.032771624172935915,1
6,8.164130694063715,0.045801068602540726,1
7,8.200310906472994,0.04398781332141386,1
8,8.193268054602663,0.0063622774295713745,1
9,8.268422954832953,0.0452005549007123,1
10,8.254505244754506,0.03985101540607658,1
11,8.305035881464164,0.03146126373815688,1
12,8.314620020573761,0.019091961337504567,1
13,8.346932379129287,0.04406958158544177,1
14,8.37357790087239,0.03617904101777815,1
15,8.425196847693647,0.010500099228048525,1
16,8.442316041056765,0.00210370836855792,1
17,8.535684541946766,0.0009566977718588343,1
18,8.582442898415502,0.03487606938688948,1
19,8.560920064312473,0.027791603177962355,1
20,8.602293030604594,0.02615462046742023,1
21,8.633942080259585,0.05206629410108732,1
22,8.659641744330592,0.02707840783585535,1
23,8.65630917980669,0.019032254430549674,1
24,8.679970072398648,0.013329323307964177,1
25,8.712149908046461,0.022583299279213702,1
26,8.735317912041593,0.02605314670266366,1
27,8.765384513631208,0.02638093579366158,1
28,8.811764056590901,0.009447509848705331,1
29,8.79297370977412,0.014439544343012803,1
30,8.815093923275908,0.034597800228509036,1
31,8.846181809477244,0.028104772095850123,1
32,8.846060425526288,0.041785152922009246,1
33,8.982831525161977,0.02926089129450994,1
34,8.968047721214703,0.029783741248196514,1
35,8.957159794908481,0.02931167822737444,1
36,8.994613819203778,0.028281385262121636,1
37,9.018622583467446,0.015311260926320023,1
38,9.023863086886598,0.023019965112173055,1
39,9.027721793883497,0.047651306753979,1
40,9.055098408795082,0.012258277798607636,1
41,9.071798187353686,0.003747582773098572,1
42,9.119903909422801,0.03796241411491136,1
43,9.184021840578804,0.03606719972916694,1
44,9.149828632212255,0.010316529529683092,1
45,9.218025758816198,0.02101523602732906,1
46,9.225411063139928,0.031385774260590145,1
47,9.225144744808487,0.01712469763371201,1
48,9.27454603464331,0.026669388041699188,1
49,9.267825271425725,0.02965579346633732,1
50,9.376353685629832,0.018089085496363753,1
51,9.377707534434055,0.04870544574935877,1
52,9.37191891956031,0.02170370079024407,1
53,9.441412345110216,0.019706934468418754,1
54,9.428491749713407,0.02410140024594813,1
55,9.424342573763735,0.011448600655152824,1
56,9.507326702472614,0.026213817603614922,1
57,9.524245218907124,0.045391290665474274,1
58,9.595525276203842,0.04207704589185136,1
59,9.578083946505025,0.032158386605553584,1
60,9.596870351271706,0.008611937563191632,1
61,9.633738696720414,0.014419313057692505,1
62,9.653808045952571,0.02521588027745109,1
63,9.664690157415716,0.0038909638140118665,1
64,9.706797425218204,0.04787182936659877,1
65,9.709705941266066,0.03519647684006281,1
66,9.680807432571154,0.007354822490908931,1
67,9.74848755723227,0.04459336928077078,1
68,9.781392134027797,0.005807859824344038,1
69,9.772845584953046,0.011597383134511663,1
70,9.795394239952984,0.012779977248571262,1
71,9.800759318316503,0.00857927996655093,1
72,9.802138789815828,0.014504103123305872,1
73,9.85585500513472,0.011382530940136514,1
74,9.84061760627098,0.027968481868326334,1
75,9.860519839254636,0.035248538544410186,1
76,9.925392917400632,0.01313619489500979,1
77,9.908670562889716,0.018391294456319113,1
78,9.953435659057021,0.0514200658880268,1
79,9.96339402404543,0.03987997962477438,1
80,9.993464048373248,0.023933322110250416,1
81,9.984964055796503,0.007960559644220638,1
82,10.013142690503692,0.05262506121811615,1
83,10.001451527227324,0.028911488077852078,1
84,10.00254920317062,0.009485026661393054,1
85,10.016425926022299,0.021402230107204972,1
86,10.051279081258324,0.04085081734762555,1
87,10.094870119001296,0.04304794768083686,1
88,10.103727292269959,0.04548384145642008,1
89,10.086795631841547,0.0226979246345298,1
90,10.245905762447974,0.01639437713278662,1
91,10.267282925755776,0.0004940297066582942,1
92,10.298080168604255,0.03520208453032488,1
93,10.307959596008443,0.05180294106451435,1
94,10.275133657535486,0.0421125831164458,1
95,10.333488599194219,0.025569414951261516,1
96,10.350225424593992,0.019655796179935892,1
97,10.354250982384777,0.022103095443472342,1
98,10.423383072494016,0.025711940576262457,1
99,10.4026686378017,0.0427681804323117,1
100,10.46782870964762,0.018708028034336976,1
101,10.474552466374684,0.01962624248690833,1
102,10.520537608391763,0.010053819855453049,1
103,10.497369030085956,0.007315377385801065,1
104,10.485861864711376,0.043288522813165274,1
105,10.581396525454595,0.04715732677232811,1
106,10.577715925977284,0.0294926893089292,1
107,10.560275747699384,0.00591844057936192,1
108,10.59489239957816,0.03581357903198577,1
109,10.590565010420859,0.04970229868273164,1
110,10.626317370965463,0.044050923094747466,1
111,10.65822352194914,0.023509774176785982,1
112,10.666270600881521,0.004289635588543407,1
113,10.694696061097376,0.03702466980526112,1
114,10.730571348406599,0.02680844109599268,1
115,10.702683238659944,0.0519488453103824,1
116,10.699831591438945,0.04872642207309249,1
117,10.73719985719722,0.043568148607406335,1
118,10.790208920704133,0.04475521948412563,1
119,10.793690768338777,0.017643634570112064,1
120,10.768520064258759,0.047132150243754875,1
121,10.773279543068563,0.03555236477110521,1
122,10.76581204893185,0.03881329227083655,1
123,10.808330680498962,0.05283035084069148,1
124,10.835153777667855,0.04729659063375662,1
125,10.816794768277799,0.032827225068313426,1
126,10.840219342892656,0.007052960009618792,1
127,10.834597147174136,0.05033774954068595,1
128,10.848611515215643,0.019963331070101488,1
129,10.856226936831888,0.026712504477758015,1
130,10.907477361658861,0.013496470454538917,1
131,10.897456211461057,0.03320724478032365,1
132,10.899811413430177,0.05105246872975667,1
133,10.85800487993142,0.04743270046880939,1
134,10.85630462810578,0.03511490817625571,1
135,10.934919772848707,0.039995493866270763,1
136,10.947501167618482,0.015095312144837034,1
137,10.915485583219066,0.051420687302164134,1
138,10.94964287247815,0.0007335803708211284,1
139,10.977024073981863,0.026314762147496607,1
140,11.00481149996272,0.0444039942846271,1
141,10.981557033856774,0.029475585566508682,1
142,11.05686933378745,0.030813301565791394,1
143,11.035202778167536,0.03428926890778009,1
144,11.046104928884906,0.04029302399700406,1
145,11.018861195129446,0.01925895552058244,1
146,11.020648255884026,0.009723452557812755,1
147,11.11163663911652,0.0406923577737259,1
148,11.105033189834302,0.03056454402074425,1
149,11.08675753516238,0.04307395689751927,1
150,11.073958251392714,0.012347108129437295,1
151,11.099277162027812,0.043926536070328544,1
152,11.087217102519825,0.00597680113663738,1
153,11.158629459822583,0.011798524545795738,1
154,11.142895566019904,0.008880534405185728,1
155,11.148312641701729,0.028319604026393837,1
156,11.155103451768882,0.0162645504048655,1
157,11.154437475650747,0.032474049256609114,1
158,11.186845862248255,0.011504004466453888,1
159,11.19083045425472,0.04375164624671555,1
160,11.207014110218555,0.0008382778899997754,1
161,11.214251622820802,0.02901969051910916,1
162,11.219670926379749,0.04985825258999964,1
163,11.247854501027179,0.02142047807012246,1
164,11.264334998454238,0.008188397964487342,1
165,11.260628600271094,0.02799540845827941,1
166,11.249392212233426,0.024948374444168885,1
167,11.253137260939905,0.018624839815723167,1
168,11.311943342637534,0.034457493047942996,1
169,11.28353805383791,0.004958792029289257,1
170,11.289587565836117,0.01029724891021382,1
171,11.323445862848086,0.006741969525183171,1
172,11.3468837782708,0.004144732942917075,1
173,11.383598766783075,0.019121408046766236,1
174,11.377975161920673,0.038512763885252745,1
175,11.427458532878077,0.012556909668466627,1
176,11.430178543912199,0.006053992458796668,1
177,11.406163563653006,0.02658646878495308,1
178,11.420955438053566,0.02770608692341021,1
179,11.449048088468473,0.02319272539142868,1
180,11.493936071215,0.017952113883672294,1
181,11.465166280672756,0.04921204927961998,1
182,11.465758612280872,0.008077081399121899,1
183,11.540421995133164,0.017610091589106973,1
184,11.498885540117541,0.01065331328393707,1
185,11.533117478718454,0.009848663024526284,1
186,11.510778799548456,0.0032963032950251874,1
187,11.584587437974303,0.004031533891032668,1
188,11.556768192908574,0.02963890531397639,1
189,11.573047918306532,0.04416293667961453,1
190,11.551611113859247,0.0037637319680842887,1
191,11.639304870400085,0.019593434170120688,1
192,11.63680446659221,0.027498092697732967,1
193,11.655321605265435,0.04781922448019668,1
194,11.638986471001287,0.019857655706248586,1
195,11.613228200873444,0.047518936184956784,1
196,11.659588319277038,0.03183183498741009,1
197,11.688730813247043,0.044404397120239865,1
198,11.671392430391831,0.03699071769794624,1
199,11.70397990708546,0.017695058963349684,1
200,11.700273151384753,0.03363839614064649,1
201,11.738328176796246,0.01515166721684431,1
202,11.715143210738892,0.014590099102222203,1
203,11.763631179009218,0.0017949801934002462,1
204,11.741464876657984,0.03438372534948,1
205,11.71401330845996,0.05276261570200982,1
206,11.790292612922746,0.02840400791637177,1
207,11.784924772666178,0.03742300134117417,1
208,11.803310609472783,0.008696362535985214,1
209,11.789439156203134,0.0260822639109333,1
210,11.836582579141842,0.008233646369015241,1
211,11.871155677907687,0.03365583115772918,1
212,11.852453303597986,0.028425247216499562,1
213,11.848817856363642,0.0062516673331000265,1
214,11.884538697300705,0.034158196339937476,1
215,11.873437365760536,0.047223349140063826,1
216,11.876841271484379,0.005489200127615042,1
217,11.919101444882969,0.02659506006753945,1
218,11.977844083024387,0.022954779380232226,1
219,11.968767114556767,0.027680746925597487,1
220,11.97743799447424,0.04717892577290625,1
221,8.015626031837728,0.0980163910029843,1
222,8.0215126292222,0.058955579958448766,1
223,8.046611766616865,0.0810415903148507,1
224,8.123917386793742,0.06424895429392172,1
225,8.104935694557783,0.08655125910451353,1
226,8.155585549924485,0.05729106858591975,1
227,8.145773886730296,0.10103682070320408,1
228,8.188950553383783,0.08055027821125549,1
229,8.223877720725804,0.10588604181973124,1
230,8.236784853996514,0.078114570039746,1
231,8.262277485588253,0.06610780318404413,1
232,8.335864243476943,0.06751043995553792,1
233,8.312644201795854,0.09619173011358939,1
234,8.37983705079586,0.0726123881731705,1
235,8.369429279248608,0.07534464328751557,1
236,8.396241393253971,0.10102255490911217,1
237,8.415608025175413,0.08060960187364066,1
238,8.515739820789912,0.09506814763745143,1
239,8.563123185811728,0.08633018657702085,1
240,8.591641705685985,0.08383553372521775,1
241,8.583782086497784,0.1000256044508702,1
242,8.637450958284354,0.06970529984138293,1
243,8.617702809967346,0.07646783715786848,1
244,8.633296457410543,0.10435708815908605,1
245,8.612659673678271,0.0751378724256169,1
246,8.712400090110505,0.06877513093749518,1
247,8.669497839875033,0.05355448191189151,1
248,8.707907025664328,0.09151216031958477,1
249,8.76615153751207,0.10391361382100439,1
250,8.76931323181011,0.06514122547596062,1
251,8.782625687433343,0.08965754164160236,1
252,8.815137884702645,0.0676701500992073,1
253,8.826815282607091,0.09055619679962586,1
254,8.832465453992015,0.1001521812900619,1
255,8.908623022508277,0.05950577594796167,1
256,8.977809576057625,0.10584740547066229,1
257,8.971217376756622,0.0793172258246943,1
258,9.019735967859974,0.07346096785918799,1
259,9.019868429633032,0.06667740502659059,1
260,8.990290203084808,0.10204860742120779,1
261,9.022143865743415,0.07136455394912143,1
262,9.059641848196298,0.060537273426665136,1
263,9.038542548299963,0.07938293151860103,1
264,9.042783313418251,0.08671603037774805,1
265,9.182420616824174,0.0758556837331443,1
266,9.243179170250743,0.09014232822511085,1
267,9.24693743041593,0.08925234748526654,1
268,9.230400138229435,0.09675399541947063,1
269,9.286347040193212,0.08389364798579588,1
270,9.283533926112673,0.05547576306134116,1
271,9.352085125380016,0.061477340671686954,1
272,9.384608982311347,0.10087019263306206,1
273,9.401866098542078,0.10116396116964559,1
274,9.44203457423048,0.07553901501700877,1
275,9.435073047724485,0.058493824325463316,1
276,9.502677033857688,0.07036241431191456,1
277,9.529195670425352,0.06268480561778081,1
278,9.570157561213232,0.08244656595332388,1
279,9.594195078311513,0.06522401501641018,1
280,9.608975542911754,0.08936991259878595,1
281,9.582598674435525,0.053673685182169195,1
282,9.65149957423788,0.09622769342211258,1
283,9.646691016369424,0.0697607223177275,1
284,9.62803119422778,0.0983074223906738,1
285,9.724838456263235,0.056063414758343574,1
286,9.730936619331407,0.054663429073585755,1
287,9.728244844576485,0.06431108914221252,1
288,9.74543620964955,0.09676318351496405,1
289,9.764530444739302,0.07716303642325066,1
290,9.783771778317377,0.06304691321520388,1
291,9.793889062264698,0.09061417929636403,1
292,9.822434003553363,0.0652084958606843,1
293,9.790643553128373,0.09344061484105749,1
294,9.840117610550228,0.07498035015716112,1
295,9.865100843022978,0.06720895227207935,1
296,9.881914841268244,0.053552107941065644,1
297,9.94221430709509,0.06705304737867838,1
298,9.941023650761204,0.07658288352144899,1
299,9.951825771079289,0.09817404820627804,1
300,9.972820438517362,0.08358339647439321,1
301,9.946748087146657,0.09476235579698786,1
302,9.967855324791232,0.07313305033913903,1
303,10.040443701746922,0.05573078480549259,1
304,10.017079789341125,0.09193792000641546,1
305,10.046853321867202,0.08376207011188133,1
306,10.008109911758183,0.06205877853384304,1
307,10.023840933047651,0.05531168081421848,1
308,10.071152046506146,0.10467043389843528,1
309,10.091323567269145,0.09089164863499599,1
310,10.085098670223633,0.09364720222614596,1
311,10.2562868254466,0.09934017327786139,1
312,10.253180276195387,0.10546553207304257,1
313,10.25834884512897,0.1028769145047812,1
314,10.298024240081215,0.07580172803435901,1
315,10.297755762684707,0.07173034432372559,1
316,10.269457376017556,0.08479021192246788,1
317,10.372815432481707,0.06364925649942546,1
318,10.322626826529211,0.06909044491389153,1
319,10.353015494705467,0.09839032480475983,1
320,10.41488510301522,0.08632388294334684,1
321,10.389911624019101,0.06839628424186443,1
322,10.382550818212362,0.08544556167546924,1
323,10.479962587783167,0.054381494417035756,1
324,10.43104478596361,0.06523470932212999,1
325,10.442817356387899,0.08103598836065444,1
326,10.483155902446594,0.09558234595706591,1
327,10.490162900327382,0.07342768373884395,1
328,10.492968093568743,0.0862582547044264,1
329,10.53713061733356,0.09628822242129047,1
330,10.57935033336062,0.07917404718114716,1
331,10.548817032841518,0.09555786813309164,1
332,10.617346892693284,0.09312030699677427,1
333,10.623209347322076,0.08073281336121942,1
334,10.594651599611012,0.05678716778759489,1
335,10.673684960753777,0.06124004332327759,1
336,10.673221375726964,0.09195731117696918,1
337,10.656263000768236,0.05907238294550108,1
338,10.67603633930571,0.05361262390330774,1
339,10.69698203293115,0.08897397475666886,1
340,10.745314821428494,0.07795006326253669,1
341,10.735562275762765,0.08602668838465968,1
342,10.721399370183997,0.08292363517557992,1
343,10.72739013770766,0.07844663635800601,1
344,10.755474090491067,0.09938014180527541,1
345,10.788928724326,0.0619622089663762,1
346,10.760105069405,0.08549470537101557,1
347,10.762487782434535,0.07984796778312529,1
348,10.756830955889175,0.06341247581605614,1
349,10.78176401947336,0.08890930918609477,1
350,10.829929520066653,0.09083753069574091,1
351,10.831365705601442,0.08661474198280024,1
352,10.827296284734796,0.09556250784985076,1
353,10.842028199570038,0.07313605533501606,1
354,10.848958278666709,0.054432113491567964,1
355,10.830395709915058,0.08942841647435876,1
356,10.890894906819902,0.07071483164938176,1
357,10.864114701104269,0.09511720941559947,1
358,10.908361708007737,0.09544469010047332,1
359,10.899558424963269,0.08520536197064782,1
360,10.892302758992493,0.05973696664670733,1
361,10.896449658907315,0.0715528634336652,1
362,10.928509414079551,0.06903828943986048,1
363,10.910080670834855,0.06905306684753001,1
364,10.93771509065079,0.0738871735146296,1
365,10.95089060742038,0.08883095661529418,1
366,10.971032681104212,0.07409709519093473,1
367,11.00790993292059,0.06343169430380123,1
368,11.002334850274547,0.09736366414723684,1
369,11.032206854059453,0.08421823675312633,1
370,11.034306613216977,0.10305375730164831,1
371,11.046992428473422,0.05833019272390724,1
372,11.04234327458378,0.09436793783038008,1
373,11.022332874759785,0.06388543551849346,1
374,11.033600566833288,0.07867534187014363,1
375,11.10709165529232,0.0786173237475622,1
376,11.100438838721006,0.08864892888546584,1
377,11.0841835539266,0.05856487250016341,1
378,11.10865227527773,0.10178961921814707,1
379,11.109766244627222,0.09716113367057407,1
380,11.072492496615267,0.08742910403181597,1
381,11.155657289561896,0.08295106307804959,1
382,11.152769318734709,0.08402835432759194,1
383,11.128435616010798,0.06933928160158029,1
384,11.15216070135069,0.06774391990077061,1
385,11.143745346547314,0.061463079945702,1
386,11.144983360767753,0.0723991427834922,1
387,11.20166425026878,0.10097643344055895,1
388,11.192462625587222,0.09777639721017514,1
389,11.190519894920687,0.09472836524637812,1
390,11.216537235323262,0.0698333974693896,1
391,11.204043801817255,0.10128978120917874,1
392,11.201738614427958,0.0967677351717711,1
393,11.271246527560681,0.07471862234751724,1
394,11.233110983141506,0.08614872070495767,1
395,11.234355479144236,0.09717014107786288,1
396,11.262221967507077,0.10468967576357038,1
397,11.288673062278448,0.08711380371275684,1
398,11.310246935921223,0.07733508426072551,1
399,11.305524876992399,0.06338657981392246,1
400,11.340011846302216,0.10438077004920819,1
401,11.350996721717948,0.07517550439831513,1
402,11.381758195845713,0.06824943731167747,1
403,11.437677587134434,0.07112911017257888,1
404,11.439359465242003,0.07025595417822683,1
405,11.418724135695587,0.0668409234597267,1
406,11.435515131522763,0.07807554007150257,1
407,11.45809959686878,0.07815142375181874,1
408,11.495181402678922,0.06690829036183982,1
409,11.477962888367417,0.0672932546721572,1
410,11.452977039040134,0.10572628609215315,1
411,11.513006931640787,0.09356495232407205,1
412,11.515387367508097,0.07976059529095886,1
413,11.527550644222751,0.07321282413408008,1
414,11.512282164797513,0.06883438546382192,1
415,11.587105428474795,0.06767803193724681,1
416,11.597585278380839,0.09747622714992368,1
417,11.573909332813797,0.09441681195996658,1
418,11.588958752467983,0.08350091824984024,1
419,11.65270229834888,0.09508736091816306,1
420,11.611951158904336,0.1054947880040223,1
421,11.626131448056604,0.07735236842035038,1
422,11.654478586356673,0.0559865768172592,1
423,11.705867325014085,0.10560788390776697,1
424,11.659492426307974,0.0552869352590453,1
425,11.702695284219772,0.09022291775757088,1
426,11.668226865430192,0.06562618517906699,1
427,11.693392102315093,0.09799599572346047,1
428,11.717113853456071,0.05371273142548301,1
429,11.731788113584585,0.08120824021916596,1
430,11.748616867204367,0.06624562317423932,1
431,11.712542659722263,0.09675628088661578,1
432,11.725050855814406,0.07863128142159724,1
433,11.762906652283322,0.10353964485354494,1
434,11.774788939523043,0.09721669281580676,1
435,11.798391396786824,0.07826823982938534,1
436,11.800427781282474,0.07176291572747068,1
437,11.789213962498811,0.0710295197109957,1
438,11.777437151692514,0.09766868172768038,1
439,11.825341913958214,0.0614125044452822,1
440,11.848366853289878,0.10444697108900913,1
441,11.855949282085193,0.08367537573901743,1
442,11.854960802779292,0.08864242724656676,1
443,11.90425784459014,0.0713713567659824,1
444,11.882858409185099,0.08865162441149699,1
445,11.88780435610321,0.0816665263802133,1
446,11.919012120890317,0.09071659667370284,1
447,11.923711036425024,0.08133525376236335,1
448,11.972424129935389,0.07186136035400212,1
449,11.972063352428144,0.10681845245306995,1
450,11.958242627271744,0.07573579205154612,1
451,11.98136041127014,0.08276978220762236,1
452,8.030109333439647,0.11528239251131793,1
453,8.050324534012857,0.15200580185972992,1
454,8.082969483772178,0.1247085041249809,1
455,8.101852457956957,0.1422454794432486,1
456,8.151069800736051,0.1118450247880738,1
457,8.20762143910441,0.11980818940107928,1
458,8.213122343319593,0.11551177881240715,1
459,8.255975762458,0.13328336474793187,1
460,8.261685299010844,0.13427521594117758,1
461,8.296617340086316,0.11816545592172485,1
462,8.333506261902965,0.1350221024872198,1
463,8.362102917415537,0.12596471362019845,1
464,8.363760168846722,0.10944987332802682,1
465,8.42573411716851,0.1266006993959297,1
466,8.416281362975763,0.12253656050738863,1
467,8.564477929586408,0.1567290206841988,1
468,8.563606410032815,0.1599017247476945,1
469,8.562895261071985,0.1329673124577569,1
470,8.6126715809005,0.11877541637082269,1
471,8.626525756937038,0.10752594374978305,1
472,8.65291999823742,0.15796721693245222,1
473,8.637121924426824,0.1398156920123598,1
474,8.670440874979988,0.11868300260787178,1
475,8.713900795723891,0.14092557287555618,1
476,8.688102195384172,0.10728183658047082,1
477,8.749158891239764,0.11161443431003414,1
478,8.804116810952419,0.1410939888119241,1
479,8.849928867233329,0.14020521524301377,1
480,8.838643899287067,0.1196243999529484,1
481,8.910629296826446,0.10736502073196139,1
482,8.929289959233044,0.14732198896299864,1
483,8.979746219868,0.13982658579238288,1
484,8.955696868111776,0.15840127880142588,1
485,9.00114590324944,0.1338794611467808,1
486,9.016621955185604,0.14996681700257916,1
487,8.994973879980229,0.13542910089006732,1
488,9.034427668444627,0.1132612747823771,1
489,9.085461351205547,0.1099939589631713,1
490,9.062675599478613,0.11640234684397424,1
491,9.04904614461847,0.15419892946975372,1
492,9.128493570793864,0.12478843895982661,1
493,9.184679468130751,0.15529576715501522,1
494,9.179647801411564,0.13922503431146332,1
495,9.210830215767249,0.14580030422083487,1
496,9.213223355520732,0.1279829096990917,1
497,9.26207543847494,0.11074765658820933,1
498,9.275312241445034,0.12748778412062547,1
499,9.256861066109403,0.157521542284993,1
500,9.349781337765,0.10832644365376873,1
501,9.343350509349063,0.13648537979046704,1
502,9.333037505514328,0.14470771986819708,1
503,9.386081189842669,0.11710234699075155,1
504,9.360630798826973,0.13535529265481086,1
505,9.449155670596717,0.13189958311452626,1
506,9.502873299703145,0.1195086575430222,1
507,9.486458885710801,0.14864525978896798,1
508,9.53913297763937,0.1260249533485702,1
509,9.530212547746984,0.11982801329039433,1
510,9.549448596881197,0.1069574131450689,1
511,9.58847946919659,0.15317562402181775,1
512,9.57556356419598,0.11954677306543153,1
513,9.646498430972356,0.14053666811697366,1
514,9.650489404340464,0.1274605371753005,1
515,9.648395451701292,0.14128886689346956,1
516,9.72212784135351,0.14256312262970539,1
517,9.709422402966293,0.12457087691448057,1
518,9.683071542158252,0.1431739382602679,1
519,9.782838452350905,0.1573659493388854,1
520,9.739165641341295,0.1477561920053332,1
521,9.813473529698499,0.14071518922760026,1
522,9.8020115426435,0.14487960329278385,1
523,9.80742237622417,0.15074202665509745,1
524,9.888037720647596,0.1321889129128526,1
525,9.839849719180226,0.13085402824418907,1
526,9.848685313810527,0.11181650272045554,1
527,9.945473473163803,0.12236516210053865,1
528,9.924241631750622,0.1579412513380001,1
529,9.910699521922819,0.12320503912803799,1
530,9.998290263355432,0.13935718902512448,1
531,9.999317897735686,0.11986988115347917,1
532,9.965336584915367,0.13086089784940316,1
533,10.047775208715967,0.1540135526954778,1
534,10.041757511524628,0.13838458235299825,1
535,10.018863532272698,0.14719968304165534,1
536,10.027615756834383,0.1143036333239101,1
537,10.06137237236435,0.15625857458517303,1
538,10.096154159436704,0.1293335093126366,1
539,10.058779153921972,0.12544581784208897,1
540,10.187679264336287,0.1253331069434642,1
541,10.259527977462103,0.1396021321661287,1
542,10.224739140585433,0.11135981440098071,1
543,10.254762220803524,0.11405137386055178,1
544,10.299162323598042,0.15966019617204477,1
545,10.281623208773604,0.13088644947163958,1
546,10.305814660643833,0.15404124702978525,1
547,10.348905037799819,0.12949802724607043,1
548,10.329194607987684,0.10931267253272213,1
549,10.352152033200163,0.15524439210853436,1
550,10.425726377172507,0.13839332871335536,1
551,10.407194061971381,0.1495974022877081,1
552,10.387971800824761,0.12201876991525314,1
553,10.440906773058277,0.1543167340466373,1
554,10.454692529565644,0.13593601697347446,1
555,10.435850687528294,0.15696283770452021,1
556,10.523784543728834,0.12974545716164326,1
557,10.528779601266143,0.15111558336760672,1
558,10.5126773162299,0.14377482197281674,1
559,10.5615800395368,0.15985831137647535,1
560,10.571921419142301,0.12598093685494285,1
561,10.555982886287499,0.14113869038738167,1
562,10.636168755417826,0.1429729900724791,1
563,10.6142982590603,0.15457933676531102,1
564,10.628807578446377,0.13323916338741829,1
565,10.670175139558696,0.15560452993416177,1
566,10.670949555082993,0.12282607886854131,1
567,10.693347558508485,0.1323552998156408,1
568,10.65496378937745,0.1390739774212861,1
569,10.650861619872433,0.120322446479082,1
570,10.704767165359106,0.10863675432971788,1
571,10.71208369146531,0.11502473198400476,1
572,10.71186841151245,0.15773208252756873,1
573,10.745212776055595,0.12189423918853427,1
574,10.69973832291363,0.1531630371406757,1
575,10.739843955375719,0.1522408919625347,1
576,10.751577768664312,0.1393121423107075,1
577,10.760682443302306,0.13101625085975194,1
578,10.799332659275926,0.13743661345246092,1
579,10.780304492331675,0.156319906031291,1
580,10.77129884021139,0.1542479155344438,1
581,10.76445541780712,0.13928180756823255,1
582,10.803255840918982,0.15960801941630193,1
583,10.823652995691594,0.11946089545850609,1
584,10.8530209351077,0.14922974471878278,1
585,10.833992409213428,0.12971833832364704,1
586,10.811141202944814,0.11813241169917417,1
587,10.849174967699097,0.15958673666352136,1
588,10.905386224331288,0.13736983205379374,1
589,10.862319699090316,0.12626857404171912,1
590,10.888435432098602,0.11934864496154032,1
591,10.862018807800949,0.10905359313544497,1
592,10.893558393155995,0.138418456529387,1
593,10.946640033881906,0.10946119451861924,1
594,10.917038837635046,0.11206888774095325,1
595,10.91784821078063,0.1486006658025241,1
596,10.967490530240061,0.1499656322973824,1
597,10.992417800216984,0.1106210642270354,1
598,11.01169546899353,0.11276387058809394,1
599,11.057437721888457,0.11240318487212976,1
600,11.050946875846499,0.15204161104601818,1
601,11.035292207637484,0.10888295256796106,1
602,11.034778999086045,0.13819718615216758,1
603,11.017082398892274,0.11598588767268801,1
604,11.05588824262109,0.11801284920704543,1
605,11.115642305764904,0.15050065556284706,1
606,11.08653571381093,0.11873330580574508,1
607,11.108362756931001,0.11934554005963591,1
608,11.116620247974476,0.127322002041553,1
609,11.089476190498962,0.11673674532539322,1
610,11.118919319447958,0.15771578977979994,1
611,11.161111490701105,0.14554610336161125,1
612,11.126599515933389,0.1245703675754004,1
613,11.162668642853825,0.12571682206491075,1
614,11.169259568276097,0.12268193879493365,1
615,11.13669790624007,0.11073138138254503,1
616,11.14921799353256,0.11454300096750622,1
617,11.224016294533671,0.11275877369215773,1
618,11.205105787633704,0.12011863986810849,1
619,11.218922821052688,0.12388495107753257,1
620,11.209940199656307,0.15954933269852364,1
621,11.212134028038548,0.14387119000775134,1
622,11.199446147429768,0.1381166904501894,1
623,11.269361038421687,0.12060273271372027,1
624,11.281537306359,0.1480397280428019,1
625,11.235523171257935,0.11108418689812027,1
626,11.249796491754791,0.13794729998292307,1
627,11.315007304360208,0.14458364531183954,1
628,11.336521271850776,0.14909431751367816,1
629,11.318316811321877,0.1592763421915093,1
630,11.338040895417695,0.160403292105457,1
631,11.385655675943866,0.12221273722159492,1
632,11.369616354538065,0.11296474658604695,1
633,11.34403768141633,0.13220285784698488,1
634,11.40238184965728,0.13157590426402255,1
635,11.41393729483499,0.1101331342489817,1
636,11.419254153306602,0.10822776247653676,1
637,11.394543316857503,0.12530452432336592,1
638,11.436486750139442,0.12547644603654587,1
639,11.454746035796092,0.12436477511009623,1
640,11.490082844639536,0.13907462494170109,1
641,11.494145414334854,0.10810606899779505,1
642,11.49501866892272,0.1223839849060432,1
643,11.45333623683747,0.14603064338440247,1
644,11.524500859380494,0.13391237367756248,1
645,11.534657314255302,0.11736941237614597,1
646,11.528369788265014,0.14565028737531924,1
647,11.576391603453276,0.12117817566469422,1
648,11.55130148730778,0.12096490138949097,1
649,11.584023160570064,0.1289429258407523,1
650,11.633533904034145,0.12016349968238639,1
651,11.645425661917798,0.15478974133500373,1
652,11.60955599189493,0.11089063120331447,1
653,11.696368760948728,0.13039399487276787,1
654,11.673920022104953,0.11244131625728578,1
655,11.705682086367702,0.1197970322187354,1
656,11.701753614784725,0.15226388176634226,1
657,11.737246552004706,0.15180901863266302,1
658,11.763716816953302,0.12352523288236389,1
659,11.726397425862338,0.117931896999934,1
660,11.719607763498997,0.14609569540214717,1
661,11.76309647467538,0.12051566514080297,1
662,11.803452045292248,0.1073635317673322,1
663,11.794897462917033,0.13884290249994494,1
664,11.804193775251923,0.15914097917465886,1
665,11.778220566487702,0.14598185276987655,1
666,11.861802427337807,0.13088874156695327,1
667,11.833517240650488,0.10753773374246314,1
668,11.834308371184834,0.15233699214406995,1
669,11.86046142481856,0.11700638826663039,1
670,11.920042285046943,0.12261231344208555,1
671,11.889491695647203,0.15520225483805558,1
672,11.90246614715245,0.12997716667299844,1
673,11.886454698763036,0.13848623451695022,1
674,11.908167641537686,0.13688354729359758,1
675,11.964858920658807,0.13736484997717419,1
676,11.962112152089789,0.13426135105195416,1
677,11.938042016329618,0.11201222272699134,1
678,11.987527728382155,0.13015186545498852,1
679,8.009653989299235,0.18128353569179204,1
680,8.067953918133151,0.16317923866598805,1
681,8.037331231787238,0.1916835448793177,1
682,8.10358845145225,0.18300850009268382,1
683,8.08539831803627,0.17286546713473644,1
684,8.155613451019398,0.19531434180658552,1
685,8.14075953558917,0.1933823549939462,1
686,8.218040024119919,0.21277278981432346,1
687,8.19493850539587,0.1619942664113305,1
688,8.197351324485009,0.16716810745099103,1
689,8.252515955959984,0.18188447638214358,1
690,8.275825080264283,0.1661227838876411,1
691,8.284375824442328,0.19142931762943402,1
692,8.334842310814832,0.18438899867229805,1
693,8.31063714974262,0.17018458664110261,1
694,8.378398117239637,0.16802750820176238,1
695,8.375097788016843,0.20888051638415045,1
696,8.424752364931038,0.195918851482868,1
697,8.440039548429255,0.20369020450814687,1
698,8.589630703806789,0.17641257934774318,1
699,8.565798776623467,0.16285566128806425,1
700,8.558772949452573,0.170869869687132,1
701,8.622562848580415,0.17496769091396416,1
702,8.641777230892888,0.2110253995827147,1
703,8.657529107963894,0.17746777796947194,1
704,8.698402273993945,0.17697377559102478,1
705,8.684280024206291,0.20722613530339196,1
706,8.68416246549301,0.19950769647945943,1
707,8.728270723182122,0.16049163565132438,1
708,8.809691072153738,0.1808258310062567,1
709,8.794857562198521,0.19334049589229876,1
710,8.860315252134448,0.20858904073153547,1
711,8.848349043472226,0.1754881366075054,1
712,8.865588692578031,0.17700536047881604,1
713,8.918046866266481,0.20235556742735114,1
714,8.928666609395703,0.20172892631349873,1
715,8.967406047815958,0.21225085016625178,1
716,8.95177807289396,0.18823262697778043,1
717,8.996203189207561,0.2105386306561992,1
718,9.02346653732938,0.1940754619837767,1
719,9.028496935906594,0.19033235488041544,1
720,9.065848418385544,0.20276389124203478,1
721,9.058121451368498,0.20216962715079104,1
722,9.087906764627173,0.17268886723753893,1
723,9.059301999077075,0.18404826740954808,1
724,9.1162159165933,0.18074793827484076,1
725,9.143576460008456,0.2027673203823744,1
726,9.18566404273111,0.18882990750806425,1
727,9.24850856005907,0.20547251162580132,1
728,9.198672769057755,0.16337317393940284,1
729,9.281142531071866,0.19417464716147922,1
730,9.280954967360515,0.1665375614627792,1
731,9.26806229164962,0.16275423618691712,1
732,9.325114034845766,0.16639082650600012,1
733,9.344124984245532,0.17951634646637077,1
734,9.32939656205315,0.20042288602313088,1
735,9.371385892261785,0.20252981815215906,1
736,9.374690937838617,0.21041118102202772,1
737,9.433071493040638,0.19601520362138183,1
738,9.501815231476556,0.1631206205674683,1
739,9.514500601227576,0.17628782684911,1
740,9.540534434288052,0.19697828350488814,1
741,9.538016590405276,0.19734051667633498,1
742,9.608392791217748,0.18813901409189215,1
743,9.623106069349799,0.1848493004514171,1
744,9.666942778388028,0.211963961475776,1
745,9.665901511324392,0.18651449269795103,1
746,9.639054633836626,0.2037772755898021,1
747,9.697797714538543,0.20248022968965054,1
748,9.682453513841773,0.18510836489420393,1
749,9.71482342811741,0.1674016205447968,1
750,9.776958706144931,0.19404521239059758,1
751,9.76820895333307,0.19001771621360977,1
752,9.825006696107273,0.18565402513596904,1
753,9.788210921012077,0.19554330155268979,1
754,9.80608912665389,0.19970616184305878,1
755,9.862624763101437,0.1682231683605814,1
756,9.856537382273574,0.1670430189971605,1
757,9.849666857448472,0.20416014527246246,1
758,9.905651672395514,0.18782831812831957,1
759,9.917783943752461,0.1770135899631847,1
760,9.905672208974584,0.17689320357045188,1
761,9.998806325470275,0.2079558483464653,1
762,9.961726705645283,0.17217680946137995,1
763,9.97246209513453,0.18091098813060533,1
764,10.053374188983389,0.17586989863159672,1
765,10.045628784456452,0.17950717560518023,1
766,10.028430495062402,0.19418677358353795,1
767,10.057933042425093,0.197435851825323,1
768,10.08767853350966,0.20052910224704512,1
769,10.18953742626184,0.18060834258939923,1
770,10.21260559768782,0.18905582111745559,1
771,10.224288742569504,0.16374881642196074,1
772,10.239742411048093,0.1723752923053205,1
773,10.244627782135446,0.17019218598239638,1
774,10.275829900180993,0.180990049710582,1
775,10.290303335539422,0.21045600266128436,1
776,10.283801602769987,0.2049493413689018,1
777,10.361944142585354,0.21091687017986574,1
778,10.363004041182522,0.18856793271972555,1
779,10.349837894370935,0.1866222484755618,1
780,10.38965129931133,0.19404652249293092,1
781,10.390676081571524,0.19738387843030114,1
782,10.389581338539072,0.20887371437084057,1
783,10.433416146393657,0.1967770674736722,1
784,10.449070892812841,0.21341959587198217,1
785,10.428169342551357,0.20656111901955504,1
786,10.493415620255796,0.16669295065074263,1
787,10.505625346563322,0.1975701313236413,1
788,10.502192955938238,0.18586944371530054,1
789,10.563290394658441,0.17424773673486924,1
790,10.57513343800396,0.17753465297904145,1
791,10.579527696006306,0.2018392379611984,1
792,10.632362624045802,0.19907064552631407,1
793,10.615918426371284,0.18748410417002828,1
794,10.639440865005128,0.2130179382472892,1
795,10.599518996010383,0.18522956299777585,1
796,10.670547114455234,0.21122237794668258,1
797,10.64622784395182,0.21280912145623843,1
798,10.690590307128781,0.20786406368046514,1
799,10.64679966663108,0.18946414874042672,1
800,10.642156269225834,0.18760568772713634,1
801,10.657781140094656,0.1626588666987853,1
802,10.719276838529275,0.17864136184011842,1
803,10.711600164077621,0.18091651226031372,1
804,10.725529113231161,0.20803374490924303,1
805,10.712825036950962,0.18772460924618517,1
806,10.745389895393481,0.20294184388425457,1
807,10.738764939159044,0.1720166826023872,1
808,10.771755716844092,0.17453487202708334,1
809,10.764686094121727,0.1721674401226133,1
810,10.756564452781891,0.17485492624673196,1
811,10.798371171388276,0.17705164941761978,1
812,10.789796439363041,0.20603346350910984,1
813,10.754243842696505,0.20462744084638104,1
814,10.845717636127086,0.1610684386039354,1
815,10.836802432402362,0.1752524255771627,1
816,10.817198777979488,0.19463706603643174,1
817,10.803293846933455,0.17185067736431245,1
818,10.81996852068119,0.2017793109011421,1
819,10.888364275359253,0.1843333368871082,1
820,10.863915755334174,0.19727040781762,1
821,10.887299064648818,0.17693700810709423,1
822,10.870775502847625,0.19289816856135988,1
823,10.91493676595383,0.2122280414328593,1
824,10.927187048167012,0.2106956503154855,1
825,10.92997733481613,0.21218116562092718,1
826,10.997373401140976,0.18353651303774557,1
827,10.96785395432066,0.16948800375523307,1
828,10.984893528191053,0.16250615934764578,1
829,10.964990861111811,0.18772262415595123,1
830,11.027859643064787,0.1671365193779972,1
831,11.04752041225009,0.18480209816686582,1
832,11.05835687550361,0.19960182572080368,1
833,11.019074272406284,0.17916976663708076,1
834,11.047109265697083,0.16830208464234608,1
835,11.026202864762677,0.20356298439808282,1
836,11.1048201741883,0.2127727742649971,1
837,11.074749878560082,0.1894284889491615,1
838,11.09003984200637,0.20361738684622,1
839,11.114574179261492,0.17487626600920553,1
840,11.103685144288375,0.1762713201503781,1
841,11.098171911207109,0.19196125006940853,1
842,11.147846364533386,0.18199948303463187,1
843,11.134541479077889,0.20608736177421713,1
844,11.15941466263687,0.17783183205963077,1
845,11.14088122265684,0.18589001470321664,1
846,11.156617335798447,0.20566039761667682,1
847,11.12908147459239,0.18719731597310413,1
848,11.20698075426343,0.19562623962007183,1
849,11.18112907678398,0.18679948626226817,1
850,11.219013461162703,0.17915075765148755,1
851,11.187946966515101,0.18729387433662134,1
852,11.194207704829545,0.18581470605553102,1
853,11.23234963399257,0.2046124607041619,1
854,11.23171508657021,0.17932026708584076,1
855,11.266370582568667,0.20472088453007606,1
856,11.336868690808437,0.21139968733583278,1
857,11.32105183969544,0.17616810585966053,1
858,11.326541533514872,0.16141651926429398,1
859,11.323744784461732,0.18569507299494953,1
860,11.342304473701175,0.20067852928410818,1
861,11.364318365556205,0.18110963761655044,1
862,11.35906463287115,0.2001989604563837,1
863,11.366481920735602,0.18752649833268928,1
864,11.346347188233871,0.18005373980693212,1
865,11.420870520760085,0.17157891811998974,1
866,11.424179071236514,0.17589015323123564,1
867,11.410128089566875,0.18315953820428327,1
868,11.3920503280295,0.16850083254182263,1
869,11.423757371705538,0.19039278207883667,1
870,11.441049857548451,0.20807031637758364,1
871,11.464380702473427,0.1845618949316833,1
872,11.461577792492445,0.17340752182197075,1
873,11.496015162061695,0.21158524912694418,1
874,11.446714801803427,0.2121295438770244,1
875,11.480721097084812,0.16190260464908598,1
876,11.452990532942017,0.1846046124329139,1
877,11.532986524757646,0.19828623962011557,1
878,11.53483377952738,0.18889199782943722,1
879,11.510743874336589,0.18949968254825786,1
880,11.517045738084715,0.1991354662671859,1
881,11.564060056666666,0.20117320470342012,1
882,11.578545130549104,0.2033062720300692,1
883,11.56255252895386,0.1676602588269461,1
884,11.629289900651816,0.20813483012004566,1
885,11.618825144835197,0.1691712914709936,1
886,11.61929268597304,0.19335566455656317,1
887,11.661284164128205,0.1943468863693567,1
888,11.68394865543372,0.16256183143880762,1
889,11.708735523950839,0.17289005498604632,1
890,11.741683729474,0.181124289301497,1
891,11.744450929208165,0.16281106394678982,1
892,11.73914999093788,0.1649364536409756,1
893,11.793216621228536,0.17440371554121054,1
894,11.800777368433664,0.17911147177508677,1
895,11.774359873357337,0.19100263610710155,1
896,11.815030760953062,0.2010644113330472,1
897,11.868458253851994,0.16591778463572376,1
898,11.838631264668404,0.2057853001858688,1
899,11.841016670374957,0.18679586334883239,1
900,11.840383827169157,0.17350315812526068,1
901,11.8869707402142,0.1875664415307842,1
902,11.912553362513826,0.18554257646638053,1
903,11.875445944481626,0.16900906574644617,1
904,11.922254726932426,0.2098248613117954,1
905,11.963794485169778,0.18569859789490478,1
906,11.942882756366048,0.17385330652696948,1
907,8.0045246079499,0.2544417215323822,1
908,8.010414861853963,0.22042308216124262,1
909,8.073461149107708,0.21870959567430334,1
910,8.04695621431611,0.2180863430371491,1
911,8.118191955805534,0.2461703016465168,1
912,8.115108474029533,0.21654357577867953,1
913,8.144561130889938,0.25682006238283384,1
914,8.180372783655574,0.2271166397911092,1
915,8.144764890759474,0.2566024285616529,1
916,8.214149023054889,0.24238432307336558,1
917,8.228418178974643,0.23086989735209143,1
918,8.18489161168571,0.2639239908845954,1
919,8.286417459577464,0.234893759253617,1
920,8.265827115076858,0.2534526737531275,1
921,8.2430769874383,0.23632893150026463,1
922,8.309641181747942,0.24425104665273478,1
923,8.370515647694662,0.2533805965651522,1
924,8.355429104474709,0.24489359755887333,1
925,8.404500411664143,0.23858518499049403,1
926,8.40082517057095,0.24188516770091414,1
927,8.608038858804848,0.21462748828664055,1
928,8.59812287511888,0.22240666299821368,1
929,8.576042041025836,0.2218310049802863,1
930,8.629984277558219,0.21802215277983422,1
931,8.638601355840958,0.2532498260392757,1
932,8.614006331067385,0.26678904631732836,1
933,8.671758218068781,0.24043850008592282,1
934,8.674328022480625,0.26686228139895685,1
935,8.754473354130985,0.22193144332969647,1
936,8.720183415354692,0.23496689801334494,1
937,8.79473915479829,0.2219484950345604,1
938,8.783788092838257,0.23633785034484445,1
939,8.876236700166949,0.22394369311079387,1
940,8.834415996514105,0.2667660648686691,1
941,8.86504455739625,0.24942009881100716,1
942,8.907418410248235,0.22647614846180728,1
943,8.930297145178242,0.22379257874636713,1
944,8.937716753072074,0.26371448850749557,1
945,8.978873760713382,0.2512871218121045,1
946,9.034649919066826,0.25280709625137204,1
947,9.030070470562755,0.2337007490969243,1
948,9.01836886545859,0.2605161396415739,1
949,9.083427766456673,0.244607792374358,1
950,9.039462907362685,0.25711683485535447,1
951,9.047246834069934,0.23034810631756714,1
952,9.091472281864206,0.2139601311846141,1
953,9.09644991395325,0.21572886121303056,1
954,9.184349530169989,0.22626379527253154,1
955,9.216004550221081,0.2482552954321482,1
956,9.231251687386361,0.22132366691446348,1
957,9.277841674540964,0.2378938617549918,1
958,9.290641762734298,0.2465928738356915,1
959,9.349642855108868,0.23625714448314583,1
960,9.33530572476652,0.2600898774601262,1
961,9.408848757051304,0.24362896143549695,1
962,9.449851662062587,0.23335647688053113,1
963,9.415470915919364,0.23628282184661692,1
964,9.517992542652115,0.21941828070596708,1
965,9.505378852023574,0.24128738830711507,1
966,9.546690089320814,0.2595747081825865,1
967,9.603351994651788,0.23429798431042928,1
968,9.581002364428565,0.2510198577590879,1
969,9.63183282821484,0.23620624637993343,1
970,9.651905558269576,0.2514553897907667,1
971,9.639393489008038,0.2279924624203428,1
972,9.681386581636142,0.2472965931201325,1
973,9.70774917374686,0.26234738906647437,1
974,9.778820689410637,0.22852119048397088,1
975,9.762183313817427,0.22666272343599925,1
976,9.764179705262274,0.2618227517647101,1
977,9.802328480350985,0.21429372696158902,1
978,9.833119839783098,0.26286330934228835,1
979,9.827451456290294,0.26156874796082163,1
980,9.888608858955099,0.26572641947356346,1
981,9.887758855128544,0.23935597493582045,1
982,9.878092561268376,0.24850691702914457,1
983,9.840006639332907,0.26634051991361246,1
984,9.94312904159523,0.24323290473222323,1
985,9.938535543543493,0.23579701411078166,1
986,9.898308101791251,0.24128301792762563,1
987,9.96217218793321,0.2374730719643456,1
988,9.961630649206494,0.2603629920161443,1
989,9.984439224051506,0.23014651758189267,1
990,10.022282574542801,0.25342647358413944,1
991,10.04438152600816,0.2483863290038317,1
992,10.00281523250958,0.2585582691068683,1
993,10.070961476439363,0.24556894717253344,1
994,10.071474529202018,0.2662799643038672,1
995,10.169593779981616,0.2145511773852711,1
996,10.205799713347359,0.24444665672025434,1
997,10.222906298275841,0.25508778043090213,1
998,10.235253007791853,0.25571992135635246,1
999,10.263239000386697,0.2145375171507359,1
1000,10.22509844546469,0.2250813039016067,1
1001,10.308568317149831,0.2511285536065887,1
1002,10.269524563078107,0.24670467565169252,1
1003,10.272020754780646,0.23694328141786414,1
1004,10.340566178376399,0.2258027316889407,1
1005,10.355925722509285,0.2303012160829919,1
1006,10.355240718283694,0.22457079036257924,1
1007,10.42140560629315,0.25815915715648496,1
1008,10.402845859227178,0.22744310107032034,1
1009,10.478445665807126,0.21893287036411618,1
1010,10.476582847222852,0.2521854381537885,1
1011,10.437655732840257,0.2343704500972676,1
1012,10.530124661470683,0.22176575071446775,1
1013,10.527475070022383,0.24466900628680172,1
1014,10.519119897419461,0.25071100632949395,1
1015,10.543313626194628,0.2275287660141485,1
1016,10.544525013369858,0.21492385397400637,1
1017,10.583715071028765,0.2423008119316883,1
1018,10.59796580089558,0.2560044874569972,1
1019,10.592297422439094,0.24846508639375073,1
1020,10.62729565331254,0.22923710054229676,1
1021,10.636863112886495,0.23122813866080905,1
1022,10.603851391038505,0.23662212159066745,1
1023,10.642620904492501,0.22658995645260543,1
1024,10.65389118606391,0.244194817536786,1
1025,10.64464724350071,0.22758952061163526,1
1026,10.672042082589979,0.25576123077083307,1
1027,10.67019123537749,0.2377148940931761,1
1028,10.641719155895899,0.22561171814655911,1
1029,10.723116376643416,0.23310786363113575,1
1030,10.713443733090054,0.2276495744955424,1
1031,10.725020029673319,0.23384714024457623,1
1032,10.725259345566354,0.254601876234872,1
1033,10.709314789968955,0.26071327924446147,1
1034,10.701073849436307,0.23792800275809267,1
1035,10.78253783628134,0.24298604018604758,1
1036,10.756174247725617,0.2354150360248793,1
1037,10.776658512637093,0.2591468388251995,1
1038,10.752932916203008,0.22818443443955344,1
1039,10.79788316079223,0.2413313754050681,1
1040,10.77490782358392,0.2395748755463345,1
1041,10.824717875906522,0.2454616849651098,1
1042,10.815765242156518,0.24786387993021464,1
1043,10.8450680170361,0.2600006790234155,1
1044,10.845269192957604,0.25902273910450857,1
1045,10.8525269000282,0.24213500672483565,1
1046,10.903374039597685,0.22098139607576434,1
1047,10.877790962100338,0.2545971415316224,1
1048,10.862874159899572,0.21891886834347957,1
1049,10.907085098207867,0.23797046058178783,1
1050,10.915641402753156,0.22573018696763927,1
1051,10.917892116308398,0.22257996231327715,1
1052,10.91341947772586,0.24726481791915061,1
1053,10.919714843673697,0.21926827739169613,1
1054,11.01410309086376,0.2587213079184035,1
1055,11.012233997665735,0.24085860637462142,1
1056,11.002685265862981,0.22395738071546928,1
1057,10.978868573073463,0.25067850934117375,1
1058,11.067799888849203,0.23086256598320024,1
1059,11.051219325559831,0.24552989785166296,1
1060,11.027719365003044,0.24262351833807533,1
1061,11.021551176329597,0.2154477438528075,1
1062,11.04349115406322,0.24828186010517003,1
1063,11.044547550038628,0.24262045124573003,1
1064,11.118579527239286,0.2234529737041881,1
1065,11.119159840814167,0.2610443382130705,1
1066,11.098279465110197,0.23426507753471806,1
1067,11.08231061794572,0.21987508658152635,1
1068,11.095955636340436,0.2638169644129721,1
1069,11.098937080600983,0.22480014398238676,1
1070,11.141224370875515,0.23830118995245148,1
1071,11.162244028391521,0.24466272109917006,1
1072,11.166173647826081,0.24655492159978065,1
1073,11.176426595761324,0.24770530500595492,1
1074,11.132364842171876,0.2508668103361228,1
1075,11.228086060128835,0.2326952535829762,1
1076,11.201577553855264,0.2547407449638825,1
1077,11.227515348356295,0.2586761523279716,1
1078,11.212564296918936,0.21416085826189907,1
1079,11.259060950467553,0.21706736302957602,1
1080,11.233957356169775,0.2621309501318662,1
1081,11.265480225074022,0.24516544201941465,1
1082,11.255052040638937,0.22567762525156393,1
1083,11.23722953351169,0.22816789166341422,1
1084,11.316251180203766,0.2664155305869589,1
1085,11.326787169086627,0.24220818091442295,1
1086,11.292485581159674,0.24783639535699373,1
1087,11.333443708390917,0.2628086564581371,1
1088,11.331793536099394,0.23413477000874666,1
1089,11.307125536835864,0.26642132329119866,1
1090,11.35840943611863,0.2306958562426857,1
1091,11.382100791214713,0.25271841234772074,1
1092,11.352848827321555,0.2221242173429526,1
1093,11.381978352278493,0.22926454808631153,1
1094,11.342513317918247,0.2606000278994025,1
1095,11.376554048482674,0.2629555084975842,1
1096,11.424456049456701,0.23230459708682336,1
1097,11.392825462322062,0.2458851115046081,1
1098,11.41740981679199,0.23146408537984747,1
1099,11.423469769788941,0.2499124262197612,1
1100,11.440054013437695,0.2355493643476228,1
1101,11.422247626229861,0.25555402952909134,1
1102,11.495824678384905,0.21409931304462507,1
1103,11.492517787263425,0.2388664305865383,1
1104,11.495149540272516,0.2278247015135897,1
1105,11.47366358611107,0.2669405390382413,1
1106,11.450438994637215,0.26214113736482964,1
1107,11.488220620786562,0.2578537642473638,1
1108,11.502796862475824,0.24384596074154344,1
1109,11.523495147662105,0.25195507483464524,1
1110,11.545454479693282,0.24287714866282822,1
1111,11.508259446435375,0.2586281425942413,1
1112,11.562843919950222,0.2285529911859692,1
1113,11.602615050537313,0.25802090942541617,1
1114,11.584851851912225,0.2639261428216336,1
1115,11.58792666536637,0.24380939682432276,1
1116,11.655878055031389,0.26075908085953997,1
1117,11.610951050920201,0.22168355627001288,1
1118,11.630309093152917,0.25666954186088814,1
1119,11.652854048706285,0.2369459721990527,1
1120,11.678540928764233,0.2318879582655419,1
1121,11.665828255475352,0.2576998413767601,1
1122,11.684203615321083,0.24930162526528987,1
1123,11.742189050404678,0.25310549891241174,1
1124,11.752736237185141,0.21909192653915968,1
1125,11.711259600992992,0.2219438932898647,1
1126,11.733637916873265,0.22037417073026344,1
1127,11.811872459628772,0.25323049445094997,1
1128,11.792876923032422,0.23742448354253454,1
1129,11.812978415328933,0.2440222636728119,1
1130,11.813115509971045,0.22483521245559634,1
1131,11.828062670794464,0.2609146755352823,1
1132,11.871401184756817,0.2619734766037352,1
1133,11.857023457612788,0.22829452256552787,1
1134,11.833790078479536,0.25679874473883285,1
1135,11.877497139350327,0.2311027304140584,1
1136,11.890319001876204,0.26075920972445804,1
1137,8.029584625517854,0.305669730967862,1
1138,8.022591586216558,0.31769768426819894,1
1139,8.069844777915252,0.2685444315746513,1
1140,8.098380183446869,0.29453220779624567,1
1141,8.082936268385811,0.2840854099273862,1
1142,8.1660722261597,0.2791593192926266,1
1143,8.13596122316796,0.3173013816209669,1
1144,8.198990295939668,0.30910656858162144,1
1145,8.199709322463557,0.299704070392547,1
1146,8.188439242646917,0.3114634157918825,1
1147,8.245707898139921,0.2926307102611896,1
1148,8.244690167389551,0.29665951877814084,1
1149,8.324921942898463,0.2963094504019053,1
1150,8.395280911156172,0.30453425175431614,1
1151,8.342722030986574,0.2677051733732966,1
1152,8.402135772153164,0.281811563624843,1
1153,8.397842904678434,0.27169316186768416,1
1154,8.60386109284219,0.29450769957242334,1
1155,8.565888233384605,0.28163580888158374,1
1156,8.612572880114808,0.31030707000161173,1
1157,8.615408075456772,0.312010677515207,1
1158,8.664440804897145,0.3038511235917235,1
1159,8.673086151070489,0.3131665025001535,1
1160,8.726098983591406,0.30973790486152314,1
1161,8.721276362065204,0.2922719417354331,1
1162,8.79480707798284,0.29116597528648147,1
1163,8.853547040954538,0.2812816041610095,1
1164,8.852349612199035,0.2841996245912837,1
1165,8.86873324805652,0.2867561754531641,1
1166,8.922893332347034,0.27773943275680435,1
1167,8.884299044837846,0.2874145982490992,1
1168,8.940928956153613,0.3077390003280756,1
1169,9.002390380079675,0.26832988704711724,1
1170,9.020515678886602,0.3144186810023782,1
1171,9.060207617326837,0.3157061514674287,1
1172,9.050177110530417,0.30377457062366103,1
1173,9.090436782905506,0.2899634011716311,1
1174,9.12244934952243,0.267970526468196,1
1175,9.155605993350953,0.2704698773898931,1
1176,9.153446852499883,0.3061530386623435,1
1177,9.231282002756979,0.276144548592742,1
1178,9.244020711554013,0.2924452187742893,1
1179,9.275058429045375,0.29375119378203146,1
1180,9.288407444096336,0.2684805385579179,1
1181,9.333308127470671,0.31183333437825134,1
1182,9.400818951673749,0.3208177179542848,1
1183,9.412214834807875,0.2808942097723948,1
1184,9.423206524288222,0.3049942875136421,1
1185,9.481180678169029,0.28547030545488056,1
1186,9.472486603885,0.2783059472483331,1
1187,9.556764094684645,0.2878890102306821,1
1188,9.548707010830768,0.27231984912383383,1
1189,9.612782636826557,0.28886661687352166,1
1190,9.629050793133299,0.30426924674164424,1
1191,9.677503850025309,0.31961721101876395,1
1192,9.665475993898667,0.28253374955230814,1
1193,9.717755382513749,0.3088534565492592,1
1194,9.732255948007257,0.30638226895571413,1
1195,9.679690014029575,0.27097380259022064,1
1196,9.734462935243599,0.27603192148675204,1
1197,9.75501351082308,0.30367347549813295,1
1198,9.738647299855476,0.30898107595412105,1
1199,9.808928263339425,0.3103596865710394,1
1200,9.80734989326994,0.30339786150315945,1
1201,9.831039701871594,0.31774922036833086,1
1202,9.799288368024396,0.2892848215419341,1
1203,9.856269807932096,0.2854563958926638,1
1204,9.88344330154226,0.309534841676508,1
1205,9.880873613184004,0.30525293830044553,1
1206,9.885513429978376,0.28318671251358474,1
1207,9.914319570361695,0.320632785286058,1
1208,9.918787140773308,0.2964074647212417,1
1209,9.897504184665385,0.2684827216833425,1
1210,9.992535914154722,0.28632875648281114,1
1211,9.950797357071359,0.29412166717588456,1
1212,9.961506351094721,0.28847576267251007,1
1213,10.001920461974306,0.2963039938519181,1
1214,10.011689734965096,0.3183280706153506,1
1215,10.021579185527631,0.28387615538764105,1
1216,10.05638571171673,0.2824004644623154,1
1217,10.077767561150397,0.30060701484229685,1
1218,10.179380423451235,0.2834054007657981,1
1219,10.193932324947646,0.31612835928375344,1
1220,10.189894068217544,0.31155005340859543,1
1221,10.236214281623575,0.3009132144804681,1
1222,10.217889427033487,0.30839289474704595,1
1223,10.233125387738786,0.2904328252285908,1
1224,10.252027439828751,0.27477608288070476,1
1225,10.295790783312707,0.29832400855821145,1
1226,10.281511470281746,0.31600420361079307,1
1227,10.269325254440627,0.31121306763623513,1
1228,10.338291536716865,0.31195193100368324,1
1229,10.359260897737832,0.2938935610647412,1
1230,10.427686390764595,0.29321193879150204,1
1231,10.394692069208137,0.31826177785016646,1
1232,10.442970833843974,0.32065905677769274,1
1233,10.481001012646601,0.3027418916006334,1
1234,10.476676609591012,0.2897360373573034,1
1235,10.508500641480401,0.2965360357886934,1
1236,10.504348330342303,0.26976145849403055,1
1237,10.512986027358368,0.3145200775694122,1
1238,10.578094288105829,0.3018996293428633,1
1239,10.548244436208176,0.2743295401259568,1
1240,10.568207257129995,0.3070138545064656,1
1241,10.640703960831305,0.28384120092312076,1
1242,10.591839101098772,0.28891242105230475,1
1243,10.607841865951107,0.28478984939153523,1
1244,10.621530390567791,0.30751169898219777,1
1245,10.669933522469579,0.3126764134806563,1
1246,10.656173799557513,0.2970730870270046,1
1247,10.646537478845692,0.3077834268972158,1
1248,10.660619390275704,0.3181340173987464,1
1249,10.683290609828884,0.28164233020721213,1
1250,10.687006061831072,0.2698271669301934,1
1251,10.730478879411008,0.2883682151942425,1
1252,10.713776971777559,0.3033795345823735,1
1253,10.737437250348096,0.26993111931908387,1
1254,10.72304369224301,0.2888538883837221,1
1255,10.737807409444446,0.27811326581528595,1
1256,10.731628449571739,0.27301441880236166,1
1257,10.748713185206213,0.2939199994844486,1
1258,10.796010438620279,0.2698402403421152,1
1259,10.783309543235307,0.318405655081869,1
1260,10.765252733093783,0.3155490093724838,1
1261,10.782359162681177,0.2774378684343875,1
1262,10.844970369723068,0.29845470915949646,1
1263,10.809688668985036,0.3126168062567672,1
1264,10.850887148824869,0.30085004102893975,1
1265,10.820120258132816,0.310634979727498,1
1266,10.905720136733045,0.28191563643256645,1
1267,10.893290315300446,0.3179619799247824,1
1268,10.864096988411635,0.2876671263363881,1
1269,10.900259931107097,0.29225565430315076,1
1270,10.923507523850818,0.3090405640149117,1
1271,10.93536316024197,0.2842772492272169,1
1272,10.941819805540872,0.30413585889117145,1
1273,10.910415737036796,0.27283747874168596,1
1274,10.98255478005994,0.3044777523955311,1
1275,11.000453146135058,0.2913444844538379,1
1276,11.0099298472349,0.2761037056114782,1
1277,11.000395982084124,0.3046718482653724,1
1278,11.023348666200766,0.3102473947016352,1
1279,11.022463224306332,0.27136899820315247,1
1280,11.054508725224856,0.2865521851001115,1
1281,11.026095636416018,0.3156089538919196,1
1282,11.088366098758693,0.3104029041647549,1
1283,11.084439763762095,0.2892804582322219,1
1284,11.076821629478427,0.2882017100246332,1
1285,11.107649867729192,0.30057967407339636,1
1286,11.07871261747485,0.3095099326697872,1
1287,11.144689140666266,0.2837458700224898,1
1288,11.135140670884537,0.3084198992951809,1
1289,11.1542265078306,0.2745445391065551,1
1290,11.12588081686346,0.3163749379527825,1
1291,11.22879868566869,0.2954518186072004,1
1292,11.18122967083339,0.31284724959596366,1
1293,11.206697192909502,0.2815467952723468,1
1294,11.194809867018343,0.2998279078484728,1
1295,11.282968077922161,0.2863797008194903,1
1296,11.234317439761211,0.302578784615818,1
1297,11.231324503093305,0.2849434596948787,1
1298,11.246250236664908,0.2952399178776077,1
1299,11.275054379840313,0.29812965375797595,1
1300,11.273575078989609,0.2920453342617524,1
1301,11.298723596671689,0.26922720501788433,1
1302,11.316719170973778,0.304529769339905,1
1303,11.330270153644644,0.29326810943839127,1
1304,11.316758362764274,0.2998220427090635,1
1305,11.297371128951626,0.2764067882821645,1
1306,11.312068856999845,0.2838238643613333,1
1307,11.375348887720248,0.3129618181324891,1
1308,11.338976882162596,0.2777173419094099,1
1309,11.373301177132825,0.31947917838069445,1
1310,11.355102493708563,0.2854973318649033,1
1311,11.355655309225849,0.2794955254175374,1
1312,11.370123609210923,0.2779740331047136,1
1313,11.413455306327405,0.3205453378228715,1
1314,11.40491107525145,0.3111936927258027,1
1315,11.398425429109219,0.2934252351893758,1
1316,11.409207750271664,0.26823201685710285,1
1317,11.408094322569758,0.28658754727393787,1
1318,11.49266627914168,0.27465124930041607,1
1319,11.44952291100449,0.29023964823776577,1
1320,11.47368763845397,0.3178676401033317,1
1321,11.456889361544883,0.2685775652643459,1
1322,11.51424933795261,0.295096951287969,1
1323,11.525661678227923,0.28030270924535494,1
1324,11.513335910539293,0.2923073035653442,1
1325,11.540269589837553,0.3038428939728227,1
1326,11.577108980814149,0.3015302864076642,1
1327,11.58497244675584,0.289872546735951,1
1328,11.599069184614473,0.3022836050456893,1
1329,11.562256331001697,0.2991912181291066,1
1330,11.567862272506696,0.30037156656477676,1
1331,11.641019140468002,0.2705727221707236,1
1332,11.628353101478071,0.2819382894199163,1
1333,11.607806677700585,0.2910980099968581,1
1334,11.619908353345776,0.30590489639653945,1
1335,11.640009492896855,0.3024796183533796,1
1336,11.708111749362617,0.2808979217338913,1
1337,11.706515038988078,0.28620039611008646,1
1338,11.662112932718074,0.2711618086366864,1
1339,11.708005000409953,0.2918499283217035,1
1340,11.715471958573266,0.28927343499090535,1
1341,11.732865099924862,0.3066493241023926,1
1342,11.74246420359032,0.3058160052066128,1
1343,11.762950799471763,0.2986587829715987,1
1344,11.809267086823397,0.27341263815585237,1
1345,11.80936385859752,0.3063461328668479,1
1346,11.771920186254055,0.3197633769649262,1
1347,11.778202619945604,0.31497776721294224,1
1348,11.852002714381452,0.30298928831913363,1
1349,11.827993950856424,0.2731235289882821,1
1350,11.861530229809574,0.27292428588873774,1
1351,8.003339978204501,0.33430526637631885,1
1352,8.033987793279554,0.3651009507335149,1
1353,8.047901528783747,0.3373715314941417,1
1354,8.097335347376413,0.339591556969203,1
1355,8.080676025143962,0.35751972229380014,1
1356,8.160908573517135,0.326061987517019,1
1357,8.143630328549731,0.36175948512337347,1
1358,8.183895456505226,0.3527230385802274,1
1359,8.208885610214438,0.33380241533734933,1
1360,8.220990955654722,0.3467907168491226,1
1361,8.253741076412474,0.33873001511847417,1
1362,8.245849379883692,0.3331494332436703,1
1363,8.300099968000309,0.35785254011338824,1
1364,8.391843677383417,0.37307780805376617,1
1365,8.379171692362782,0.32710453360190905,1
1366,8.439143053249076,0.3373684393092771,1
1367,8.429978275192504,0.3440345069211386,1
1368,8.595802128844847,0.3399001693993248,1
1369,8.603692806553864,0.3263995485016704,1
1370,8.647506417141809,0.3555000054366601,1
1371,8.66174718156369,0.3346992919109632,1
1372,8.684557811082923,0.33387047293363586,1
1373,8.672923686691457,0.353512081858706,1
1374,8.737025350881336,0.3694490441138925,1
1375,8.7686324953782,0.342296482844843,1
1376,8.77455547503274,0.3728949939881701,1
1377,8.854909192436203,0.34134249730881605,1
1378,8.836171723514754,0.3411222874387692,1
1379,8.83899730643189,0.3344820199054071,1
1380,8.890721910039629,0.3216851328046793,1
1381,8.887888368794519,0.3306421017510766,1
1382,8.89260524510344,0.33470412659023646,1
1383,8.981479188466142,0.3665600975531227,1
1384,9.00243502863669,0.34525879563234746,1
1385,8.986201203109365,0.32385766497915025,1
1386,9.067205063394068,0.32830155695047125,1
1387,9.051314272182307,0.3540231588446598,1
1388,9.08905700424179,0.37226422354437944,1
1389,9.106741875211144,0.3719802925722444,1
1390,9.190138663500926,0.3221517985150175,1
1391,9.185361468594094,0.3395730337220466,1
1392,9.221929342655988,0.36510941481229237,1
1393,9.229921902102207,0.33273229867591114,1
1394,9.285281731867261,0.34714952954639117,1
1395,9.268932446016022,0.33672362331936795,1
1396,9.341907909173933,0.3302936485592084,1
1397,9.404521319190783,0.321506702192983,1
1398,9.40475739438665,0.32133063219660796,1
1399,9.44684691538296,0.34407715078165196,1
1400,9.43928842636293,0.36002862999108604,1
1401,9.423003590257162,0.35629867197463017,1
1402,9.515421695585307,0.3479685382714087,1
1403,9.503405719312191,0.3670828454203704,1
1404,9.56748552626342,0.3398499859165246,1
1405,9.575879173179777,0.3339607825367424,1
1406,9.665573703853203,0.337608394968955,1
1407,9.651133173056493,0.32139625738848965,1
1408,9.642658085806744,0.36012605120041047,1
1409,9.69178324332093,0.32918307864941465,1
1410,9.73205898955251,0.3443148858793208,1
1411,9.687504735068297,0.3420333445262036,1
1412,9.782705547381894,0.3292285641110753,1
1413,9.735516997200824,0.3270106820055727,1
1414,9.798130329264543,0.3673955889357757,1
1415,9.824587724619557,0.34120224755725825,1
1416,9.816165560208528,0.33748803031500224,1
1417,9.786588738294256,0.33280890892643583,1
1418,9.858380688492066,0.35743308735981233,1
1419,9.88136996674406,0.34419716388104277,1
1420,9.883912619252685,0.3670718266878533,1
1421,9.922994545635659,0.3355879484773817,1
1422,9.893107382250154,0.3396091321937152,1
1423,9.8950844066464,0.3578934386233573,1
1424,9.988930411335547,0.3219872142868193,1
1425,9.956941750395593,0.36185646728337495,1
1426,9.965522083496559,0.332698363801825,1
1427,10.00160052181491,0.3328011503624275,1
1428,10.03656403921764,0.3209964233616955,1
1429,10.02110310252278,0.32604486723193504,1
1430,10.02693225813023,0.33872603469253504,1
1431,10.070848214324082,0.3716562460656537,1
1432,10.068880654438141,0.36598572219319697,1
1433,10.192723273620116,0.3684678349491392,1
1434,10.184868619578765,0.32973662411509147,1
1435,10.176799832199366,0.36799607338272755,1
1436,10.230422289044359,0.33429945710397163,1
1437,10.216904249380915,0.3357689709533044,1
1438,10.265390688288031,0.3411105918448009,1
1439,10.231972697847782,0.35295036000829444,1
1440,10.303646426010543,0.3493206460505424,1
1441,10.293652621193011,0.370359816711446,1
1442,10.267496902483748,0.3281624238846803,1
1443,10.370431588430119,0.34035867683178184,1
1444,10.332613794149653,0.3429798785487969,1
1445,10.388294143878653,0.3661440982534266,1
1446,10.407202600931887,0.33880973561730743,1
1447,10.47526158391295,0.3303542439561406,1
1448,10.459740235999325,0.35025675800170014,1
1449,10.494009325235492,0.333670353268905,1
1450,10.484115396133703,0.3297209173544314,1
1451,10.507097430359279,0.3460508427476808,1
1452,10.548671314229239,0.37333625595613373,1
1453,10.537328442470697,0.3549172754801536,1
1454,10.582097280255123,0.34003724536473456,1
1455,10.598359505492699,0.3730317332654247,1
1456,10.62744304537737,0.3580622804663463,1
1457,10.627898779926017,0.3636193187746042,1
1458,10.642890465286632,0.3666381543500514,1
1459,10.663371952720114,0.336991050925411,1
1460,10.686478358859851,0.3286630141791769,1
1461,10.694099215354429,0.32888462192159656,1
1462,10.709037197051238,0.35848509946513735,1
1463,10.729852885313917,0.3467375315626932,1
1464,10.734571655781313,0.3301443197930889,1
1465,10.726257400557293,0.3389187933968736,1
1466,10.709723171339315,0.36667527766415,1
1467,10.75684378138541,0.32593445517345593,1
1468,10.755986079977887,0.32974745578450887,1
1469,10.754092825770137,0.32163983293417137,1
1470,10.763845971972193,0.35550528740285864,1
1471,10.809599239647014,0.33077225451803155,1
1472,10.810215792528785,0.33964061681601987,1
1473,10.832008736563225,0.34176031869354945,1
1474,10.837533683745596,0.3610193961381748,1
1475,10.877026629191448,0.35695493500279846,1
1476,10.87969322019563,0.3529788881677872,1
1477,10.886268417975803,0.3439618737627273,1
1478,10.882590776749396,0.35062514480277984,1
1479,10.911172969798983,0.3416349716731513,1
1480,10.95632066731793,0.322226483468587,1
1481,10.931187580127903,0.3519340560037044,1
1482,10.940023897851129,0.33474888271641334,1
1483,10.986288246293665,0.3617048164718747,1
1484,10.983441884381786,0.3340815455401545,1
1485,10.981966623315836,0.32734347537796615,1
1486,11.037376288971673,0.3234702645394778,1
1487,11.035570271344843,0.3444264231832653,1
1488,11.037541967153519,0.36815068160194586,1
1489,11.08646336935074,0.3331390889104724,1
1490,11.088763152907251,0.3677985606949023,1
1491,11.101514252100852,0.3570411720909775,1
1492,11.149305726539538,0.3521798443123762,1
1493,11.131706549337734,0.3656319513932264,1
1494,11.175145130721878,0.3278144806593702,1
1495,11.175156032562088,0.36511288563716765,1
1496,11.214646163133411,0.358247234358585,1
1497,11.213443970575783,0.3713790782237178,1
1498,11.228660138060905,0.3251577982026353,1
1499,11.22537769351909,0.3286841662472681,1
1500,11.20182857594424,0.34477391337622737,1
1501,11.25712385860386,0.34732741960140334,1
1502,11.27223678478019,0.34226471888456866,1
1503,11.230393968641955,0.3716448230593363,1
1504,11.260332833630192,0.3309301625636975,1
1505,11.279403761487808,0.3582531648075225,1
1506,11.250295659840722,0.3672574768044784,1
1507,11.29766521190326,0.32737254002874183,1
1508,11.30829673292588,0.36329942093551715,1
1509,11.297676272952355,0.34367598026178486,1
1510,11.328595290330739,0.34168123784471865,1
1511,11.305229445772685,0.36055495561444456,1
1512,11.313109813087593,0.32818446085971553,1
1513,11.359821661822888,0.37012913803240133,1
1514,11.341964304620939,0.34390543022774067,1
1515,11.361636387019068,0.3614475442478688,1
1516,11.382695470289214,0.3712317305701948,1
1517,11.350109204758134,0.3391387446023217,1
1518,11.417470109680574,0.3235659069088551,1
1519,11.406031735721335,0.3326323776331543,1
1520,11.41432163864225,0.35453151637288666,1
1521,11.430511502830278,0.3465534479210002,1
1522,11.449622545553254,0.36325442968730953,1
1523,11.457334373865189,0.32815574548535714,1
1524,11.470757431617672,0.36205043848481216,1
1525,11.462203465651935,0.3685730518690077,1
1526,11.47108999583472,0.32798168054854415,1
1527,11.499962094459706,0.3636247089637886,1
1528,11.515013726548853,0.3433820167339272,1
1529,11.536448828200147,0.3652013644234817,1
1530,11.544678482155888,0.3607852107223264,1
1531,11.503285976786218,0.36712919877961425,1
1532,11.584963984630416,0.35354169173027356,1
1533,11.597016472479488,0.33620624739420196,1
1534,11.55381005730764,0.32589737229792853,1
1535,11.57112351953781,0.3562314998012379,1
1536,11.567105526319803,0.3629528997553502,1
1537,11.653413878532211,0.3397980004838376,1
1538,11.646459066385685,0.33742339273966276,1
1539,11.634913891381613,0.3384736423706502,1
1540,11.629122542271793,0.3663753399632131,1
1541,11.66726344319927,0.3509305344107683,1
1542,11.671933295411005,0.32263181824209974,1
1543,11.668062745740373,0.34074114309479814,1
1544,11.742653933308985,0.3639932637911712,1
1545,11.731716260595732,0.3285604882858821,1
1546,11.719209990942083,0.3354579692357507,1
1547,11.77423228624655,0.34264478768428247,1
1548,11.790811540172301,0.3703258201099008,1
1549,11.80252559938899,0.348373574650307,1
1550,11.964230963766331,0.3607460990214916,1
1551,11.998481518279469,0.35874942515361835,1
1552,8.004201342032792,0.3997176934803237,1
1553,8.057139859062058,0.402006175306186,1
1554,8.062470628540085,0.3939219553842117,1
1555,8.080986026787238,0.39137972422809103,1
1556,8.09866500775776,0.3830759624402226,1
1557,8.146263424179484,0.42532467871819535,1
1558,8.159075671327663,0.41366306286849336,1
1559,8.13919071260246,0.3879939420049896,1
1560,8.210587349287536,0.3834206262600724,1
1561,8.215397501552342,0.40552099041211426,1
1562,8.226205595525496,0.3942608253162958,1
1563,8.284764843945517,0.41207631307739967,1
1564,8.24338743878538,0.40629625476272085,1
1565,8.334925482708776,0.40506155007825917,1
1566,8.352293884478325,0.4023490438190761,1
1567,8.360392926333146,0.41981722537115435,1
1568,8.398183644447208,0.3807710126785957,1
1569,8.427705207914112,0.4156873759898389,1
1570,8.604830751300048,0.3987884094451728,1
1571,8.627361683242572,0.37928406463077124,1
1572,8.612147391347573,0.37584793374614694,1
1573,8.706008831907894,0.42349407928127303,1
1574,8.663922182250683,0.38190776758061495,1
1575,8.673999724681858,0.38531343753000863,1
1576,8.749104246170115,0.3872246472312324,1
1577,8.722752178485052,0.4063036691520143,1
1578,8.734313566091114,0.42127617116912364,1
1579,8.818295132771523,0.42112822838292024,1
1580,8.860122618845175,0.41444817287731933,1
1581,8.848584803444965,0.38957852047613717,1
1582,8.851919971242184,0.39962170779717876,1
1583,8.903517252386784,0.3941844318049407,1
1584,8.925377387970315,0.4156197270062316,1
1585,8.893610346387945,0.4086519214467348,1
1586,8.938550165374712,0.4124967119154522,1
1587,8.971399660375072,0.38162234548542,1
1588,8.997783404302963,0.39009338343740646,1
1589,9.02560317191789,0.4258107007952777,1
1590,9.076045629472219,0.42013236897232015,1
1591,9.059589094823085,0.4101615244582876,1
1592,9.086870345593136,0.38740988679299254,1
1593,9.041558945913055,0.4208074908968963,1
1594,9.10550052188299,0.4171474061471852,1
1595,9.126578007434508,0.38500808965245487,1
1596,9.146811268089118,0.38285520249678107,1
1597,9.178613066783988,0.3795187065465271,1
1598,9.238811516470188,0.402210317753235,1
1599,9.244583909816892,0.3961499926188642,1
1600,9.263301363878895,0.3948299094882873,1
1601,9.358052657288125,0.3916989554655696,1
1602,9.334443592098014,0.4221377195069711,1
1603,9.381679675831757,0.3825716436896414,1
1604,9.3982834562916,0.37816276136549415,1
1605,9.3835810459986,0.39632532260378883,1
1606,9.437389698071229,0.40415683721730006,1
1607,9.422446629451263,0.3886172267686039,1
1608,9.501995899370158,0.40994126112363904,1
1609,9.559093703779848,0.3903104608626293,1
1610,9.542189627199594,0.38306633703991044,1
1611,9.595592670320299,0.4214910060124272,1
1612,9.637863253577311,0.38466583333834425,1
1613,9.666486512559265,0.3895898866042468,1
1614,9.704776172673835,0.4139116226519718,1
1615,9.682014622864182,0.41788584778056004,1
1616,9.756948352561533,0.3926075048788974,1
1617,9.76897077304425,0.41197587646648687,1
1618,9.83314731803817,0.37671766344304675,1
1619,9.820770351812415,0.3962275814026368,1
1620,9.814957711471594,0.4235753488990696,1
1621,9.786743220736689,0.3900400584550295,1
1622,9.868349563829533,0.3965471414941222,1
1623,9.886832542544989,0.37483113661372724,1
1624,9.888965313238515,0.4009189332661794,1
1625,9.894918262935937,0.38458333288918284,1
1626,9.934393297729864,0.382200154696785,1
1627,9.964389044038311,0.4233354319346983,1
1628,9.997607202376198,0.41247874580342586,1
1629,9.980091973373721,0.3880219872040567,1
1630,10.039751022376619,0.4073584379312236,1
1631,10.051610732079302,0.3853324582288493,1
1632,10.00730085321031,0.4269201941990429,1
1633,10.099979213929341,0.41662855261297665,1
1634,10.167447777448439,0.4221309050381132,1
1635,10.212091391125359,0.37990756726353486,1
1636,10.170404496020112,0.39028269764238993,1
1637,10.256567839471987,0.41158627792118274,1
1638,10.238848625865279,0.4005712792602726,1
1639,10.258312199047014,0.38417085714483296,1
1640,10.217367846322476,0.4003135051796645,1
1641,10.270111192623748,0.4271789315586004,1
1642,10.303074793794512,0.4047970640580246,1
1643,10.288422683181098,0.4236887724650782,1
1644,10.338891153716983,0.39041864426469236,1
1645,10.352255485780512,0.3794688942029271,1
1646,10.376972369829126,0.4073482565974291,1
1647,10.379209199429642,0.4169799601058282,1
1648,10.471034611229816,0.42386816311611586,1
1649,10.47530394937586,0.42586298641653636,1
1650,10.513593218273545,0.40589400992788005,1
1651,10.493470616112191,0.40372656039962557,1
1652,10.576739717856434,0.387856309831779,1
1653,10.544514897663598,0.40801486596727304,1
1654,10.537037155282743,0.39145893042319996,1
1655,10.611904401677947,0.3998183666702352,1
1656,10.631783996727393,0.39826282291538956,1
1657,10.663553936976236,0.42296834576433745,1
1658,10.667900718873488,0.38542407806612483,1
1659,10.656944254162166,0.4201810333820761,1
1660,10.725886275023806,0.415546664474858,1
1661,10.69564252098767,0.42662906254812477,1
1662,10.746648895020115,0.41115139444351845,1
1663,10.760841131468428,0.3801400932152095,1
1664,10.79111599289974,0.4177304279006589,1
1665,10.796271167456732,0.4030912587251334,1
1666,10.751130479770792,0.3938760216300449,1
1667,10.811961526443827,0.42381881273764815,1
1668,10.83334404985196,0.4032479979050818,1
1669,10.813790879399798,0.4162867661092765,1
1670,10.81112100013104,0.4098227840977769,1
1671,10.88070006800517,0.38759873909573117,1
1672,10.882125186438143,0.4245853210595296,1
1673,10.890126715380132,0.4019170747323571,1
1674,10.871152475759521,0.4111549982769179,1
1675,10.962489816562732,0.38441634345514686,1
1676,10.91193988378105,0.4063761704791149,1
1677,10.914871522082196,0.4025139660877938,1
1678,11.007754778008593,0.42081607124915016,1
1679,10.972981748541997,0.3958911002195533,1
1680,10.984878133917242,0.37670213917928547,1
1681,11.041376902070983,0.3974635426542626,1
1682,11.016137366112432,0.3796949061368205,1
1683,11.068532045606647,0.40316231182138396,1
1684,11.086951221260641,0.3876450424427783,1
1685,11.098564209554553,0.3923362598518954,1
1686,11.076878998383117,0.3839560667581754,1
1687,11.146704467262396,0.3995653921445979,1
1688,11.130761784529318,0.3992079940736437,1
1689,11.161797537432,0.40678841119848275,1
1690,11.136676047728564,0.3874362203687141,1
1691,11.19022255565429,0.3782446420584376,1
1692,11.20591538371772,0.4014347975495271,1
1693,11.22444438578211,0.4212769508914327,1
1694,11.21507603838447,0.3925534791528148,1
1695,11.199546614171176,0.3994888876645135,1
1696,11.241857454073656,0.42582297465807345,1
1697,11.239284039513683,0.37583389740825685,1
1698,11.236996041866695,0.38870114289522467,1
1699,11.25235655437981,0.4151236761190111,1
1700,11.245595962281799,0.38389110631289197,1
1701,11.276007762560809,0.3926601371830302,1
1702,11.323919086001188,0.38451027176814767,1
1703,11.301925082630634,0.4187340842332197,1
1704,11.329621406171274,0.4047669580700432,1
1705,11.317862052605758,0.37436288753577623,1
1706,11.290336907882935,0.383887882917489,1
1707,11.355349076918857,0.41130270488488896,1
1708,11.384857269246437,0.38136599772528396,1
1709,11.37234456976512,0.4155847025691905,1
1710,11.369261914270869,0.37720494950839367,1
1711,11.441653852750127,0.4256479781223875,1
1712,11.396499873609988,0.40332036583848574,1
1713,11.404077139793337,0.39869688596097247,1
1714,11.427846116759786,0.38988803156216567,1
1715,11.475402408008714,0.4132322014302518,1
1716,11.451339897212646,0.40920238499166667,1
1717,11.444928160861052,0.4097368586062823,1
1718,11.47368471926722,0.40901514877060896,1
1719,11.46668926016428,0.41910789136854926,1
1720,11.497012521311147,0.3793332826172072,1
1721,11.507521770549756,0.37551632835368154,1
1722,11.51332977612147,0.40483303750343846,1
1723,11.500730227051132,0.3925912505053528,1
1724,11.507548810762383,0.38293368771371256,1
1725,11.508008707968406,0.4208471440001974,1
1726,11.542812456707262,0.42505166441379616,1
1727,11.600263245269232,0.4178221740929155,1
1728,11.60201552901749,0.3781136150010665,1
1729,11.59946129079572,0.39482725684006587,1
1730,11.6032776799298,0.42151601251328025,1
1731,11.614343559092177,0.3749851816120354,1
1732,11.617839950302836,0.38902917172250456,1
1733,11.654749228190937,0.4121302785186256,1
1734,11.69574925581865,0.4063432736179549,1
1735,11.67139635964849,0.3863261374503343,1
1736,11.745124177433746,0.40187848351700295,1
1737,11.775216420194239,0.40104972150911383,1
1738,11.841307590839765,0.4188868769821719,1
1739,11.898796661037599,0.4254855988011899,1
1740,11.924309744497096,0.4117464178626928,1
1741,11.905698527295055,0.42477115384839104,1
1742,11.946999794744748,0.3823722983965384,1
1743,11.964900049459231,0.3948122960740126,1
1744,11.969094164545227,0.37987560142170107,1
1745,11.971292578074824,0.40268087294228533,1
1746,11.94116473833129,0.41505243028845173,1
1747,8.061494683851947,0.4735141136828008,1
1748,8.093251929834743,0.4586125212824552,1
1749,8.120848366420946,0.42961112921117056,1
1750,8.16862675644834,0.44140456282062945,1
1751,8.132895425150354,0.4710800641539792,1
1752,8.202950608357053,0.4375015528230369,1
1753,8.201498993267686,0.4692361047977145,1
1754,8.188120122970648,0.46159771166242625,1
1755,8.271890902175972,0.4642209840888706,1
1756,8.260528036447024,0.44878348133670215,1
1757,8.2962812566267,0.45406335102820605,1
1758,8.383890919535546,0.45152217530100586,1
1759,8.366404880796596,0.4602521505660949,1
1760,8.407514139211097,0.4669094906285113,1
1761,8.398140095380011,0.4623280416905769,1
1762,8.572749759706769,0.45907274312906027,1
1763,8.558921502972002,0.44521978109796784,1
1764,8.635400691228968,0.47154517033533233,1
1765,8.613196528843476,0.43221340201400094,1
1766,8.704240933705414,0.4707942835497783,1
1767,8.669819733986483,0.4692617789544601,1
1768,8.68795430531053,0.461223927759168,1
1769,8.723186417382145,0.4440357401567619,1
1770,8.72637540255458,0.45216683238892846,1
1771,8.718816300405255,0.453938666939613,1
1772,8.785147329529037,0.44650224379100173,1
1773,8.843975318345668,0.4341982672417415,1
1774,8.833269087377575,0.46732697929333905,1
1775,8.903352494566251,0.4689752645893562,1
1776,8.909361183379593,0.4555212457161032,1
1777,8.929020778679869,0.4662083369336604,1
1778,8.93898237608849,0.42844572755713695,1
1779,9.016980366443995,0.479662801098901,1
1780,9.033396418535865,0.46466825748733687,1
1781,9.058623999470841,0.461880583785436,1
1782,9.075840030383418,0.4414464052592466,1
1783,9.089437230296534,0.4786047798516583,1
1784,9.086278341450813,0.454920174241835,1
1785,9.104633962437658,0.4605165414944785,1
1786,9.118548159691601,0.435771440933606,1
1787,9.1367135332496,0.47472185230638425,1
1788,9.195265056053673,0.46554512525134656,1
1789,9.193583406074223,0.4600797943091366,1
1790,9.221851889500266,0.45281744342641145,1
1791,9.216490795666543,0.4411687587769427,1
1792,9.2677269253724,0.4294455445855839,1
1793,9.314037771764276,0.46730091094193826,1
1794,9.344629207802647,0.4579275144548323,1
1795,9.344938293899057,0.4628593296966955,1
1796,9.36950063922624,0.4376041861149155,1
1797,9.40977715352672,0.443097473720661,1
1798,9.360962564040475,0.47841495323657734,1
1799,9.446206599662519,0.4391002057169967,1
1800,9.492418144545523,0.4583940667833845,1
1801,9.474324943820283,0.4657551522286102,1
1802,9.545336109431625,0.45114031035013874,1
1803,9.547331989501407,0.4613149921588452,1
1804,9.610429892327062,0.4766903705501518,1
1805,9.592095324453837,0.46044638265342874,1
1806,9.673870130746614,0.44442312292609537,1
1807,9.637988149533275,0.46083896606304847,1
1808,9.659355218455332,0.4381686247041032,1
1809,9.730991132494445,0.47041715478639223,1
1810,9.702516108135894,0.46139893574770524,1
1811,9.73811975953519,0.46800804433050197,1
1812,9.733192594302057,0.43308359512198963,1
1813,9.80802363246045,0.4596642771031729,1
1814,9.786101419475978,0.47443819126495146,1
1815,9.829141136795936,0.4368353997651804,1
1816,9.821082531016133,0.42808735322120733,1
1817,9.861095068173519,0.4553439395899235,1
1818,9.8918824488008,0.47023694726881116,1
1819,9.851291525265855,0.45817758171972633,1
1820,9.907060425546835,0.4315453932335895,1
1821,9.911548901392505,0.4535501054701578,1
1822,9.899815373020422,0.4384582274004018,1
1823,9.992826333696637,0.4661153033987171,1
1824,9.958571795026039,0.4700765250422656,1
1825,9.993549925640911,0.4785014655938789,1
1826,10.028022453702611,0.4450356677753827,1
1827,10.040466570102797,0.47481516872298984,1
1828,10.04063340013093,0.4641071589851642,1
1829,10.026701590979263,0.4793518737536329,1
1830,10.066923152722838,0.4456357519488503,1
1831,10.190818205209712,0.4754878238083414,1
1832,10.204372573613439,0.4555255194347503,1
1833,10.180572463579411,0.44547121434462167,1
1834,10.223086871486059,0.4594321461426076,1
1835,10.218890085526738,0.4647020034061968,1
1836,10.261295155724309,0.4560028217507416,1
1837,10.244954700217704,0.4616746321074422,1
1838,10.310751471744966,0.4558401437274396,1
1839,10.29141894509114,0.45561808850512636,1
1840,10.308698064448928,0.4409988736655483,1
1841,10.343392380588257,0.4762775570338963,1
1842,10.36945734153467,0.4642502338283766,1
1843,10.364621482791044,0.45061557130009233,1
1844,10.39172195639015,0.4418140427611901,1
1845,10.406325013357542,0.4495171866528568,1
1846,10.398901850196388,0.4773655765132326,1
1847,10.46039414374783,0.4292058118275642,1
1848,10.451484884466899,0.4676918265943498,1
1849,10.49911647032077,0.46940689619503845,1
1850,10.496801538695811,0.4440990914798129,1
1851,10.565114903039714,0.47280205119639407,1
1852,10.584814363338163,0.4729664007166562,1
1853,10.640410057754021,0.46615253031079995,1
1854,10.608851867694035,0.4579579978819544,1
1855,10.662375016746067,0.4387720639674324,1
1856,10.644101417992639,0.4793202022262675,1
1857,10.650146440914362,0.4398938057608044,1
1858,10.683229088371856,0.4292637166086915,1
1859,10.716108053563591,0.4673099319791015,1
1860,10.702521646776903,0.43461433078039324,1
1861,10.729805985881782,0.43727570695714996,1
1862,10.736957302217695,0.4493493854377755,1
1863,10.732977372680043,0.4637436299160221,1
1864,10.758237272722656,0.4587857231809155,1
1865,10.79795512555072,0.4711602330278312,1
1866,10.7916314711214,0.4750084381450874,1
1867,10.779603115625882,0.4481132752794631,1
1868,10.750909018299438,0.46787148261406414,1
1869,10.805500450183292,0.4648066181904545,1
1870,10.836195716377128,0.47647475015924634,1
1871,10.812934269760511,0.46668220775650016,1
1872,10.831272572143012,0.4777523815261753,1
1873,10.889030578193944,0.45513496270125625,1
1874,10.900643546006076,0.4543450461370766,1
1875,10.85698346719226,0.445892761587695,1
1876,10.864924656768697,0.4364338947266839,1
1877,10.915879328717265,0.48057204117980956,1
1878,10.941357100407497,0.46140972213728604,1
1879,10.920678037549292,0.4768133355887194,1
1880,10.95651211686751,0.4765918261411552,1
1881,11.014255195292511,0.4406621175729756,1
1882,10.975077602312094,0.45635270165281516,1
1883,10.984483316594606,0.47485912621919435,1
1884,10.963316314738748,0.4379344291585823,1
1885,11.005111325736312,0.4750610899461685,1
1886,11.062898112326655,0.4376452704811875,1
1887,11.03636236366328,0.4679620679070508,1
1888,11.039882256603912,0.46271841765923644,1
1889,11.019953068996964,0.4574220527635281,1
1890,11.037451568864293,0.4520281557596388,1
1891,11.076677647298283,0.47627117583085987,1
1892,11.09682515624812,0.44684175163838363,1
1893,11.085865107298156,0.47011936153329215,1
1894,11.109590176714349,0.45692516964039115,1
1895,11.07863827754442,0.46001855521379464,1
1896,11.151195271543765,0.45584479203695877,1
1897,11.14096910188988,0.4658934983302189,1
1898,11.15276914270621,0.42892779160283856,1
1899,11.17456549021745,0.47437166526131025,1
1900,11.150538399892005,0.46281428838808303,1
1901,11.188925469846536,0.44197973234308024,1
1902,11.19158547829253,0.43901834936479917,1
1903,11.200136777478162,0.4692189715478122,1
1904,11.217830359128826,0.4686189121060631,1
1905,11.215905511326074,0.4423619401014425,1
1906,11.225213287801806,0.4308092692365991,1
1907,11.260526761127597,0.45587051383224575,1
1908,11.260076919618145,0.46719830531493356,1
1909,11.24871296118022,0.4527253257853119,1
1910,11.27826043297812,0.433683961986538,1
1911,11.2403686510256,0.4402421859325587,1
1912,11.247119078669892,0.4424374776834209,1
1913,11.318520581694983,0.47538347900171307,1
1914,11.29984674406946,0.43140324857163853,1
1915,11.284463721262416,0.4368246639938414,1
1916,11.330729404281707,0.47200056549015384,1
1917,11.328917397338511,0.43176212865175506,1
1918,11.365447821373296,0.4357677416764848,1
1919,11.378290761393863,0.42931790626542254,1
1920,11.36501295534418,0.43146115041218513,1
1921,11.369459424342109,0.4604083049728921,1
1922,11.429937527169166,0.42942624847596217,1
1923,11.418190187277482,0.4713968619631227,1
1924,11.40414698108555,0.44175124435201485,1
1925,11.416776428773042,0.45119539944634773,1
1926,11.405944054753288,0.46139491976661545,1
1927,11.493611186272231,0.42845229128577855,1
1928,11.462205884832423,0.4288643821283418,1
1929,11.480969660127604,0.42877608369485165,1
1930,11.45282731306903,0.4384782659789372,1
1931,11.480510545866016,0.4685901695742752,1
1932,11.540138040636045,0.47520540776965153,1
1933,11.550414534185707,0.44766308797246024,1
1934,11.524134844596523,0.4504839936913254,1
1935,11.52156699072175,0.44780428918927007,1
1936,11.596386966635652,0.4415141168144745,1
1937,11.600339569113531,0.4449036251331249,1
1938,11.606168776789321,0.4778469435585028,1
1939,11.801532833184192,0.4586368424770468,1
1940,11.839003956948101,0.4416430608472604,1
1941,11.847782895127803,0.462508367784948,1
1942,11.85918821534179,0.4655021240106486,1
1943,11.842602538416129,0.4461520713108895,1
1944,11.89250101155423,0.47617601711552954,1
1945,11.893035114759382,0.446413043148286,1
1946,11.910953519368961,0.4448559301352009,1
1947,11.918208927069319,0.473872433920422,1
1948,11.898605547081203,0.4410148498165774,1
1949,11.874647959797109,0.44049435838477147,1
1950,11.952267902528988,0.4520325541753523,1
1951,11.93276310760156,0.48001335256027333,1
1952,11.969068355494823,0.4355196530153854,1
1953,11.947192850377357,0.4304144222886248,1
1954,11.961808314329543,0.440435063947924,1
1955,11.937989472264162,0.4505374409195929,1
1956,11.98409133542983,0.43363785247832554,1
1957,8.14508720448672,0.5133220536714211,1
1958,8.22086966840329,0.5038819736394128,1
1959,8.21792148989246,0.5310120252117899,1
1960,8.246447380474848,0.4954447991612774,1
1961,8.258878217505423,0.49991813628929677,1
1962,8.340758007055575,0.5240837867321176,1
1963,8.309780728276614,0.5279474844824139,1
1964,8.387909045479036,0.492939085012045,1
1965,8.347933654044002,0.5297017778665282,1
1966,8.448158070872267,0.5307750746256754,1
1967,8.42628640598618,0.5234650892424286,1
1968,8.470825044369045,0.5242826441428422,1
1969,8.60157911336505,0.48808861438390644,1
1970,8.657006100801393,0.4934876880882845,1
1971,8.651391250024085,0.484634310952665,1
1972,8.615175032476028,0.4916081036132419,1
1973,8.707369340317516,0.48988935432579983,1
1974,8.6943193944162,0.48990976140233394,1
1975,8.711604317799136,0.49858684021073124,1
1976,8.75444342992704,0.5344994208560188,1
1977,8.76052210770183,0.5001497954221685,1
1978,8.73308689101555,0.5262668118322822,1
1979,8.781746216469163,0.5085296473880565,1
1980,8.797000178784442,0.5298732068660642,1
1981,8.86090769016006,0.5273563126548556,1
1982,8.864559509956166,0.5253568587239493,1
1983,8.878315852874245,0.49119861609097565,1
1984,8.915914321080535,0.48254979973032075,1
1985,8.928105864033274,0.5304026933204423,1
1986,8.97445745676246,0.4837153014612411,1
1987,8.9641880757497,0.5310384050862603,1
1988,8.990767732389179,0.5029817174414493,1
1989,9.067653500252778,0.5106332711479938,1
1990,9.083567096159175,0.5341666082050897,1
1991,9.048640808784167,0.4826817617151146,1
1992,9.1335979101937,0.4910963063688899,1
1993,9.115933022231365,0.4851393142849351,1
1994,9.141793091817645,0.48927874663540716,1
1995,9.191721444543044,0.4821767775515554,1
1996,9.183991019814343,0.5019318565569223,1
1997,9.241500732785884,0.5054427053536141,1
1998,9.292239008820477,0.5120039947616011,1
1999,9.316784743685155,0.5261214423311634,1
2000,9.353436442574388,0.5030359840659202,1
2001,9.403502107350187,0.49416232960948964,1
2002,9.403436883890048,0.4939889132506997,1
2003,9.438150358759623,0.5034576392091771,1
2004,9.474325384289614,0.4897657898567244,1
2005,9.467963292274558,0.5291776557114279,1
2006,9.527607659418141,0.4840667720374256,1
2007,9.56042579254971,0.48470828882290107,1
2008,9.567192614862607,0.48545845925636627,1
2009,9.602020407556504,0.5199869394356033,1
2010,9.572654824410206,0.5251983054354413,1
2011,9.654890552704849,0.5010218521082905,1
2012,9.64553974178885,0.5182887643039666,1
2013,9.638455113133592,0.5086508604038343,1
2014,9.720825989870969,0.4906560839725684,1
2015,9.708804400807432,0.48738361690828474,1
2016,9.726949293436556,0.5218712805631593,1
2017,9.762709886232122,0.5282918735291849,1
2018,9.773143541362598,0.525907012345317,1
2019,9.797583086834358,0.4833514124832045,1
2020,9.80423367268631,0.5174689110899562,1
2021,9.81840330130646,0.4954706551627428,1
2022,9.834333809817817,0.5294224047225249,1
2023,9.891215838927076,0.5116613330401887,1
2024,9.878171735170294,0.5139024148563667,1
2025,9.86511952179998,0.5019268481935014,1
2026,9.848036502858415,0.4863465629665669,1
2027,9.919110220469411,0.4846921074726603,1
2028,9.925628433021378,0.5300323132269029,1
2029,9.915893815494147,0.5162739726435258,1
2030,9.96755826263097,0.4901832941335876,1
2031,9.971269447674652,0.5028170261964859,1
2032,9.99532564793553,0.5088559427176796,1
2033,9.97734282991627,0.4969750834406943,1
2034,10.006792065804206,0.4874222805327091,1
2035,10.006301899510303,0.4900646504444629,1
2036,10.036274884938768,0.5174210259760635,1
2037,10.019616091176575,0.5157321243962705,1
2038,10.05918856833082,0.4838032595392525,1
2039,10.175577970434965,0.5156513326347476,1
2040,10.199226052992925,0.5076918158523772,1
2041,10.208127017916935,0.5022480623136627,1
2042,10.227431776719303,0.49648478395819684,1
2043,10.22796939249422,0.495042605325027,1
2044,10.252322849143477,0.4985338157047756,1
2045,10.285051684718901,0.4827424729992041,1
2046,10.282923637119431,0.49091221665536044,1
2047,10.341907484418794,0.5153531070624083,1
2048,10.348457341396863,0.5148879311572379,1
2049,10.340175702919694,0.5183611258345061,1
2050,10.404480220996854,0.5191908073382786,1
2051,10.403972746203255,0.5295659830221362,1
2052,10.379492048418621,0.5023931639943381,1
2053,10.463640007295117,0.4986501224329241,1
2054,10.471356308605502,0.49760645491263034,1
2055,10.454883250827438,0.5105793965475912,1
2056,10.53037111976563,0.5105648190662472,1
2057,10.489282859712462,0.5335553152321467,1
2058,10.530057652927509,0.5059112547385415,1
2059,10.566963684558353,0.509646062346471,1
2060,10.558876070189696,0.49926452028463403,1
2061,10.603882812707521,0.511689890435731,1
2062,10.594649662313957,0.4943807029269213,1
2063,10.676425742267707,0.5308746111491554,1
2064,10.690115134092585,0.495123365697332,1
2065,10.658987265922704,0.5278252681333583,1
2066,10.669554352323885,0.5123270506411086,1
2067,10.721309253557232,0.5335991253820347,1
2068,10.733057376697637,0.4830126337597338,1
2069,10.706594155285709,0.49479805005845867,1
2070,10.695617078844766,0.4869154672690698,1
2071,10.743891327269456,0.494882319248292,1
2072,10.800835886652159,0.4873895208592758,1
2073,10.748761014659989,0.5210122599945899,1
2074,10.752030406342575,0.5057164142552663,1
2075,10.777117677881005,0.524684050065185,1
2076,10.767668084268598,0.52157855381747,1
2077,10.83142731020215,0.5000294874377021,1
2078,10.853525136018373,0.5294891009580351,1
2079,10.833280218779331,0.5244334938022398,1
2080,10.822809261354886,0.5288581613058675,1
2081,10.858820658630819,0.5022486408002225,1
2082,10.867877846875158,0.4917287040564896,1
2083,10.908540493805228,0.49495318896486956,1
2084,10.952291964111105,0.49498618688851376,1
2085,10.955663837506446,0.5101105808476003,1
2086,10.921985871700548,0.5310923500115601,1
2087,10.930113488845015,0.5028105417538254,1
2088,10.947463422973147,0.5309334056655384,1
2089,10.971250751262867,0.5019706289910214,1
2090,10.988668175078601,0.5005530696177265,1
2091,11.01459379254984,0.5196409520082195,1
2092,10.989604550778257,0.4850493957403214,1
2093,10.97645198410369,0.4857421738469802,1
2094,10.968373730234761,0.5025712416746384,1
2095,11.03659728846374,0.500841573719865,1
2096,11.044852498606048,0.48653218242602947,1
2097,11.065747012662312,0.49120731043668847,1
2098,11.059738699609976,0.4850612138315496,1
2099,11.045896914764583,0.5081803668131849,1
2100,11.051413304600263,0.5306139269574689,1
2101,11.108035930248118,0.5246930271134091,1
2102,11.071669565062223,0.5015890932469763,1
2103,11.078591474017513,0.49545652579566773,1
2104,11.097133866923414,0.49869749643758526,1
2105,11.101037831647337,0.4857052337714647,1
2106,11.078022243158573,0.49041796874304155,1
2107,11.13065323084314,0.5293239720635077,1
2108,11.151507708646612,0.5343009587579802,1
2109,11.169256032699362,0.5278489703074133,1
2110,11.13412115432095,0.507643730021847,1
2111,11.153500847318064,0.5111140060301468,1
2112,11.140007521769977,0.4956772217905617,1
2113,11.211536901527063,0.5153177263697578,1
2114,11.198138882846584,0.5079723074724101,1
2115,11.219220429404338,0.5012414893786125,1
2116,11.205656518962856,0.5202102719383571,1
2117,11.184601384192057,0.4919275603972482,1
2118,11.219108026914496,0.5215039509474964,1
2119,11.249580279376987,0.49215676315581225,1
2120,11.281334774805366,0.5158732323239137,1
2121,11.265287403906905,0.481828550006162,1
2122,11.237693847044907,0.5063993930105029,1
2123,11.272622380080191,0.5169935275046618,1
2124,11.271322533843628,0.5012273423684486,1
2125,11.289154913273931,0.48188335404105687,1
2126,11.331898030324487,0.5161782855241868,1
2127,11.302519404589148,0.49784768647746014,1
2128,11.331186971052048,0.5095652555692106,1
2129,11.337790111970174,0.5086491465233168,1
2130,11.38150365871736,0.5100796722444055,1
2131,11.37730458351785,0.5319649134540576,1
2132,11.35814852100961,0.507620857997418,1
2133,11.423655307037732,0.5293325600264321,1
2134,11.407484761161998,0.5240314313436936,1
2135,11.440073350779198,0.5304405889997325,1
2136,11.448856640038864,0.4888371002786321,1
2137,11.472087624866502,0.4963013154410601,1
2138,11.637672778005477,0.4989593615071692,1
2139,11.693799103555193,0.5118180045233169,1
2140,11.737039900855967,0.5268225385691248,1
2141,11.812917624608062,0.527706376838167,1
2142,11.80783879982069,0.48394147035468277,1
2143,11.853481091412782,0.5087024998226151,1
2144,11.846356747664222,0.4988281404024475,1
2145,11.819599075025641,0.5256685545163667,1
2146,11.869195238018122,0.49477769128326166,1
2147,11.822411143079162,0.5054182485561198,1
2148,11.902205978339895,0.5253739168427944,1
2149,11.88966661372699,0.5238812075404544,1
2150,11.875970053010473,0.5042812807671303,1
2151,11.916577964416144,0.4913956999238731,1
2152,11.924342886135243,0.5092001972762041,1
2153,11.877991668601151,0.5048669594071838,1
2154,11.951816485955037,0.530036765520702,1
2155,11.942122549461956,0.4833345089412497,1
2156,11.93999033472129,0.5343395935504078,1
2157,11.941170570908056,0.49023155408200847,1
2158,11.97773571946932,0.491750287329345,1
2159,11.976951563424826,0.4832596335011508,1
2160,11.985187718687124,0.4995621716079294,1
2161,11.978812019967208,0.49230085879696317,1
2162,8.207788500990556,0.5502514711287124,1
2163,8.244328968355763,0.5766474437610449,1
2164,8.298941140309045,0.5409503431783766,1
2165,8.34049845803102,0.5651562401570088,1
2166,8.380695368396422,0.5815874509243462,1
2167,8.35121727136055,0.5681759575270662,1
2168,8.447997439866388,0.5418762795323335,1
2169,8.407224242374774,0.5811448742847757,1
2170,8.497022870886473,0.5570352379063183,1
2171,8.569506663750634,0.5876992276398689,1
2172,8.645908110584411,0.5526776875270053,1
2173,8.61306960565915,0.5792601947838096,1
2174,8.69988714423819,0.5556595797261104,1
2175,8.666197049568561,0.5620022683554596,1
2176,8.68928526500617,0.5661266950440137,1
2177,8.753369018137665,0.5618962367708321,1
2178,8.749444967298341,0.5701203984882492,1
2179,8.789433228336813,0.5362015909718787,1
2180,8.776850613726925,0.576085813110513,1
2181,8.852677186761445,0.5738327562840406,1
2182,8.825324400837504,0.5663753038725129,1
2183,8.911268082836429,0.578806156855367,1
2184,8.88177869320379,0.5538715472383801,1
2185,8.892251972550714,0.5734475816214192,1
2186,8.975025649718816,0.5538690706357787,1
2187,8.947481455689736,0.5606184826301727,1
2188,8.970595870610072,0.5359443531561584,1
2189,9.015775501760327,0.58631901355343,1
2190,9.041899937531134,0.5469926815491144,1
2191,9.066401491439125,0.5440825624242611,1
2192,9.08783156511871,0.5387951509195006,1
2193,9.114318751271979,0.5796504441902662,1
2194,9.123098032602524,0.5512925908438541,1
2195,9.132443270132814,0.5521263483421892,1
2196,9.180206448136317,0.5366632626665578,1
2197,9.18344266789638,0.5560811494404536,1
2198,9.256487644616138,0.540886993420642,1
2199,9.302968693992018,0.5649323050522986,1
2200,9.354294314656732,0.5741089572031186,1
2201,9.327736723753993,0.5430316522109436,1
2202,9.393347420191184,0.5702625913386419,1
2203,9.407490713347878,0.5649137624890606,1
2204,9.441463184942458,0.5382915565554554,1
2205,9.473494355307986,0.5398877723509139,1
2206,9.474647315640874,0.5730377722631631,1
2207,9.53115359312723,0.5433242460583413,1
2208,9.53590816253479,0.5703113669632681,1
2209,9.569063783709522,0.5781274839592334,1
2210,9.613598836541591,0.5369999798359731,1
2211,9.617006720611204,0.5868911607049149,1
2212,9.600060323724323,0.5701473347305791,1
2213,9.665615459783004,0.5630521306813788,1
2214,9.638240383910855,0.5558514379245684,1
2215,9.632550870551206,0.5832470345021427,1
2216,9.711071201133917,0.5726696932111468,1
2217,9.689922575640768,0.5644780715867215,1
2218,9.704782424314788,0.5622101525960191,1
2219,9.765963332891214,0.5386293256211611,1
2220,9.754117412201676,0.5741006060978759,1
2221,9.821794407268717,0.535287551054658,1
2222,9.805294433141567,0.5442946091072604,1
2223,9.809835919947544,0.5453886471838791,1
2224,9.873116893104818,0.5502607216949409,1
2225,9.869854477101818,0.5651806699814511,1
2226,9.854466130916775,0.5471621347484127,1
2227,9.887726436030274,0.570724921922845,1
2228,9.924649543160076,0.5691584618006672,1
2229,9.893369550444337,0.5418587844988616,1
2230,9.921149211003227,0.5399371108583688,1
2231,9.959172512766473,0.5602833105678695,1
2232,9.986784162039907,0.5716199007657419,1
2233,9.985614514621226,0.5734334244936629,1
2234,9.990056331828335,0.5839893532551909,1
2235,10.050029716741614,0.5354740578160829,1
2236,10.042934232272543,0.5616063862936673,1
2237,10.043950685147076,0.5824094826315689,1
2238,10.144011332994625,0.5633985359407634,1
2239,10.189685829904782,0.5716596871810765,1
2240,10.194801181832192,0.5678783478912693,1
2241,10.197573189733143,0.5464260315515952,1
2242,10.236981505041847,0.5866172455960261,1
2243,10.21747249388305,0.5624962155170238,1
2244,10.233290591481534,0.5719091783242941,1
2245,10.294419273594315,0.5789355942044399,1
2246,10.285047368348774,0.5669430169036709,1
2247,10.332108223182164,0.5828390777917383,1
2248,10.354996631483363,0.5474000260927279,1
2249,10.3716976634329,0.5543835000789658,1
2250,10.419204103075884,0.5681329247920588,1
2251,10.38149147213567,0.5349279270976938,1
2252,10.40646385324736,0.5878692099430485,1
2253,10.461200916539903,0.5699565648978603,1
2254,10.451167802591431,0.5830046445395516,1
2255,10.45198960005013,0.5826053389569339,1
2256,10.493073066280862,0.5439815408459663,1
2257,10.497842958326334,0.5429180585060963,1
2258,10.506462341385713,0.5485673043654105,1
2259,10.535315771348653,0.568368534723757,1
2260,10.558593460799552,0.5525447523969608,1
2261,10.582351265433717,0.5765900876973249,1
2262,10.640394267341179,0.5679502156503926,1
2263,10.615581081996813,0.5822957929627572,1
2264,10.62417033322912,0.585575766113624,1
2265,10.693293138557905,0.563568179368044,1
2266,10.663154604586369,0.5763454524801218,1
2267,10.687549939924342,0.5689106316428028,1
2268,10.696058546294344,0.5570055128284703,1
2269,10.740086464654624,0.5823725240827556,1
2270,10.734779245942184,0.5618499834988279,1
2271,10.76439938213839,0.5375057199172736,1
2272,10.759764453144243,0.5655918766113556,1
2273,10.783830692909273,0.5763195884620576,1
2274,10.792944110561907,0.5492071125394281,1
2275,10.833101384391178,0.5421477390353359,1
2276,10.844035111462526,0.5864070172011324,1
2277,10.838205092827302,0.5386345863332712,1
2278,10.810767405406894,0.5496733120479161,1
2279,10.89547496465376,0.5698419617397401,1
2280,10.885516399875984,0.5616425884992364,1
2281,10.898367865339072,0.5799416393882774,1
2282,10.921793672919307,0.5592787028812992,1
2283,10.955967902614697,0.5404542289545498,1
2284,10.940727186344859,0.5513162500476607,1
2285,10.960744665111985,0.5601813538366736,1
2286,10.996843049944408,0.5442739934519234,1
2287,10.978882448655483,0.580299541019094,1
2288,11.008772285648359,0.5728513589182149,1
2289,10.974634540462885,0.5365317499026644,1
2290,11.01385849142976,0.5526073197925502,1
2291,11.026629537396321,0.5652878125939887,1
2292,11.023067865264453,0.5573680291998513,1
2293,11.044500403756384,0.5543777403861776,1
2294,11.033335031904471,0.5797603348620805,1
2295,11.022324279702412,0.5488629036873107,1
2296,11.0649946562468,0.5423950450220847,1
2297,11.06959560153643,0.5391828743337397,1
2298,11.115858683746499,0.5729308003947731,1
2299,11.091367510144563,0.5765110227460829,1
2300,11.11457033293703,0.5655822302384139,1
2301,11.073812296091306,0.5392774841628661,1
2302,11.080813176315427,0.5348439203279887,1
2303,11.149522061574613,0.5586331825735708,1
2304,11.150806964206964,0.5804135131089668,1
2305,11.137440781244091,0.5622801924331338,1
2306,11.1389027804762,0.5685871791664082,1
2307,11.159602241780965,0.5631029896542371,1
2308,11.173854021379679,0.5742197123841938,1
2309,11.187930765422019,0.570062568958431,1
2310,11.219829225934769,0.5725905558974347,1
2311,11.18091260761848,0.570989887263874,1
2312,11.181612284284354,0.5538453810239892,1
2313,11.217667787826162,0.5645272361369756,1
2314,11.180399342830889,0.588005290747117,1
2315,11.277250212939332,0.5620814196482988,1
2316,11.261582859231243,0.544360750985134,1
2317,11.248993507220733,0.5823555159215559,1
2318,11.263102534426396,0.5550141019660387,1
2319,11.276956660232521,0.5775458154070674,1
2320,11.328769716754337,0.5379148206958216,1
2321,11.284447616092445,0.5852846871048937,1
2322,11.315909817005869,0.535674305130141,1
2323,11.347036354193383,0.5584423071304347,1
2324,11.356611607447343,0.5357060989449707,1
2325,11.396352378767936,0.5364985736328405,1
2326,11.526004974422875,0.5583196182484044,1
2327,11.557937368544621,0.5654906256241068,1
2328,11.570335041332406,0.5679526739567201,1
2329,11.645127722874847,0.5699294409878023,1
2330,11.618437740331702,0.5665515534779147,1
2331,11.636708249581442,0.5550144683461358,1
2332,11.710632398427915,0.5866077947314452,1
2333,11.658639401616052,0.576054440276351,1
2334,11.696582710860264,0.5405322411912369,1
2335,11.7067742573516,0.5536140308401944,1
2336,11.747692789397675,0.5348719847651414,1
2337,11.714979770257132,0.5808294943938455,1
2338,11.721620276484973,0.563865419115689,1
2339,11.755118343784224,0.564946391525758,1
2340,11.817736666384492,0.5710644280564018,1
2341,11.79272126250632,0.5701901633145363,1
2342,11.793223853309412,0.539672106567231,1
2343,11.836811318090417,0.5662971847102825,1
2344,11.837392148616612,0.5569729187746407,1
2345,11.833199570337642,0.5801413332009732,1
2346,11.912538292833661,0.56583365263759,1
2347,11.872120940961876,0.5580783737772649,1
2348,11.922144765552417,0.581478183989777,1
2349,11.897405221238289,0.5559464902122252,1
2350,11.9591048107539,0.5528242274795191,1
2351,11.93852774894966,0.5592150691802696,1
2352,11.947751608024877,0.5458712752360847,1
2353,11.969324693405792,0.5734145752386824,1
2354,11.93671263455416,0.5579171267403494,1
2355,11.989964860517349,0.5631997708886639,1
2356,11.979480878396863,0.5438342759617791,1
2357,11.997568188497073,0.550089986386392,1
2358,8.272643453460935,0.5972675648203664,1
2359,8.312522186323804,0.5912573837528003,1
2360,8.365536515910678,0.6321480529040083,1
2361,8.363636664111747,0.6406215412017091,1
2362,8.408562327908864,0.6163641019517165,1
2363,8.426325673438896,0.6001133304023295,1
2364,8.452262434772678,0.6273973670726937,1
2365,8.614254265981733,0.5894471556015057,1
2366,8.655606262642795,0.6050390436227542,1
2367,8.676257519329175,0.6259184263489876,1
2368,8.680104704059138,0.6133622854234928,1
2369,8.692521485695353,0.6044406975224387,1
2370,8.739528127960913,0.613857396310241,1
2371,8.73127347705538,0.5906483782089352,1
2372,8.750494044453209,0.6102015823316546,1
2373,8.77256325136019,0.6352018231719111,1
2374,8.817178102831646,0.6056033396276288,1
2375,8.840650958295026,0.6329947845220315,1
2376,8.860394761137137,0.6402887919719302,1
2377,8.9279252622687,0.6195085903491834,1
2378,8.877732019619478,0.597957165618379,1
2379,8.91597618464856,0.6213863866414743,1
2380,8.963887320001906,0.6154183965654122,1
2381,8.963470719551106,0.6261126844289733,1
2382,8.947931454887405,0.6355097488765175,1
2383,9.02652775875084,0.5994196631350641,1
2384,9.081544738344544,0.6238533134843451,1
2385,9.080237130445186,0.6291417430094761,1
2386,9.044432710080812,0.6306903462077239,1
2387,9.126352426164733,0.6331403184096749,1
2388,9.125688737356985,0.6350327576047665,1
2389,9.112814805420419,0.6338405658070041,1
2390,9.165459707970752,0.6070294266686717,1
2391,9.24654736033799,0.6008207488766264,1
2392,9.274508864143968,0.6318636435740924,1
2393,9.279936607563117,0.6083059776236791,1
2394,9.28105434179769,0.618367034613158,1
2395,9.312427521723647,0.6027377577446368,1
2396,9.341634737266522,0.5921028630927624,1
2397,9.317256558913654,0.6173261307691092,1
2398,9.390627642547738,0.6273115922095877,1
2399,9.381031960504439,0.6053669367627934,1
2400,9.41714077725017,0.5998471565429778,1
2401,9.425366549577383,0.6204257804922856,1
2402,9.468202511216209,0.6249568755435762,1
2403,9.494122125596391,0.6230171425551148,1
2404,9.569927770644513,0.6386762969405692,1
2405,9.560933850925238,0.6392319267559432,1
2406,9.521438393966811,0.6023977151585979,1
2407,9.518986042736673,0.621115822264894,1
2408,9.624327965110682,0.6115147183558014,1
2409,9.574408715363871,0.5946534600033266,1
2410,9.586606091674712,0.6039392111902272,1
2411,9.652610850062704,0.6372337596330708,1
2412,9.675637352783765,0.6310721251257793,1
2413,9.698898526125227,0.640886145673021,1
2414,9.681072013376069,0.5994828400853596,1
2415,9.746147057002627,0.6115208826733192,1
2416,9.759267803872406,0.6251121663226821,1
2417,9.821644754121563,0.6139488801166791,1
2418,9.80732052191197,0.6058955139833545,1
2419,9.885914864991948,0.6057912111679856,1
2420,9.8902093998445,0.5887643382909333,1
2421,9.841595830522714,0.5893600186564356,1
2422,9.924686270810122,0.6058159419294757,1
2423,9.925497093276297,0.6118765206351852,1
2424,9.896215130991433,0.6210740271003659,1
2425,9.955289887331242,0.5946302891194694,1
2426,9.962826857023753,0.6045847988875664,1
2427,9.967366634236487,0.6077314321990941,1
2428,9.999481503962718,0.6255851521668135,1
2429,10.040409667767774,0.6105153533237976,1
2430,10.046834277526287,0.6253170622915039,1
2431,10.010646205006559,0.6051847526142112,1
2432,10.138909048601294,0.5898682362117915,1
2433,10.20588320788228,0.626620420010656,1
2434,10.207453703773634,0.598285294817703,1
2435,10.197945164854772,0.5912409940329277,1
2436,10.218945209903838,0.5927888263623527,1
2437,10.264038611676426,0.6068530357801735,1
2438,10.222602145114957,0.6179876051977752,1
2439,10.307577150204057,0.6238534426916569,1
2440,10.309963884755007,0.6276559835424242,1
2441,10.31842946167467,0.6118561734248895,1
2442,10.343431103657664,0.6230205964164462,1
2443,10.35559107472659,0.6096590382860796,1
2444,10.33556952340519,0.6328013207971906,1
2445,10.416457788288735,0.6003334134622488,1
2446,10.393717367426106,0.5980970109706966,1
2447,10.405737607051803,0.629336140464483,1
2448,10.452468536326286,0.5897964504332952,1
2449,10.436966552247531,0.5953654273958573,1
2450,10.523693360326886,0.600915844697553,1
2451,10.51089880125262,0.6412372155877717,1
2452,10.507957725851524,0.622663210312397,1
2453,10.536808191791252,0.5921141040475855,1
2454,10.564867631954469,0.6192340971075626,1
2455,10.549196015106105,0.6325951168222839,1
2456,10.616620328613644,0.5907403437229801,1
2457,10.609581191802807,0.6369812834301419,1
2458,10.602799275041477,0.6211516389785998,1
2459,10.657408439238356,0.6095800097215981,1
2460,10.687951153294007,0.6152184721636019,1
2461,10.67426788298101,0.6267201194987967,1
2462,10.73660461655666,0.633977614433742,1
2463,10.734870928269677,0.5902807884740335,1
2464,10.713816526058253,0.6388234682174866,1
2465,10.787888918942716,0.6005099923542941,1
2466,10.800083646709163,0.59173661342281,1
2467,10.756123248565181,0.6021946503484712,1
2468,10.79763606204076,0.6038218156260777,1
2469,10.813791800517105,0.6034400081487991,1
2470,10.826646514465997,0.6136086907746365,1
2471,10.830580833414157,0.6390707110686682,1
2472,10.828290326445874,0.6096330623777526,1
2473,10.84842221174422,0.6284826584483757,1
2474,10.876851624477577,0.6225052111254805,1
2475,10.892291549684076,0.6376290225372443,1
2476,10.884609107389954,0.6050871540663677,1
2477,10.90634054953789,0.6328634156888719,1
2478,10.92050802709806,0.6136405914321731,1
2479,10.933206433383651,0.6153494876508226,1
2480,10.937602033790107,0.6369440557779914,1
2481,10.993681829935701,0.5962738884066027,1
2482,10.981663323010173,0.6412883743834517,1
2483,10.971069731700654,0.5924043454754423,1
2484,10.972973924246848,0.6015181465027658,1
2485,11.014927216527186,0.5957648321558388,1
2486,11.030216606773664,0.6183952892280166,1
2487,11.02476717671337,0.6127332965832657,1
2488,11.059992762454423,0.606100488788438,1
2489,11.016772740765271,0.5935969299608106,1
2490,11.065667931265192,0.6119489610007022,1
2491,11.058636201462665,0.6261980542578851,1
2492,11.089331565630177,0.6191812491488894,1
2493,11.100545728194342,0.6209919261836209,1
2494,11.085814661867818,0.6356324750420019,1
2495,11.100862831930824,0.6396984030314913,1
2496,11.120067524422936,0.6344011480473175,1
2497,11.118917458985086,0.6396243073449908,1
2498,11.134561375477036,0.6036492616775877,1
2499,11.131092575057004,0.640397017495804,1
2500,11.127468414632485,0.5923183885897972,1
2501,11.14114201037626,0.6236709447490382,1
2502,11.170592028094815,0.6346652096438878,1
2503,11.165712194645474,0.6156515684658688,1
2504,11.21718634293125,0.6254765370589718,1
2505,11.188202237480379,0.6337586973462265,1
2506,11.225055302413221,0.6356048717203077,1
2507,11.18517840659782,0.62234557085025,1
2508,11.222368934569063,0.6347750828352317,1
2509,11.179844274809472,0.609251325415738,1
2510,11.2810622542459,0.620181743851993,1
2511,11.258910907350952,0.5977968711866664,1
2512,11.240062204042914,0.6342530903374655,1
2513,11.244206731609587,0.589840937626117,1
2514,11.328649358036948,0.6238359214386917,1
2515,11.321682994754122,0.6151403550571641,1
2516,11.350298157127188,0.6200412795455537,1
2517,11.426194242854166,0.6404485236907588,1
2518,11.462461505466422,0.6306938799202276,1
2519,11.47358346276669,0.6151045918064094,1
2520,11.46919760155621,0.6365039645770482,1
2521,11.508003992524205,0.6332699717615523,1
2522,11.526690301848788,0.6293691430996733,1
2523,11.502158494707974,0.6333638690058736,1
2524,11.527674808601533,0.5892765471012932,1
2525,11.509670595216612,0.6167641097558976,1
2526,11.556775751839037,0.5936101264236967,1
2527,11.573766276917809,0.6099688970508941,1
2528,11.56101584374642,0.6036553178397945,1
2529,11.595553010478662,0.6213497320233743,1
2530,11.574870801296727,0.6022889729772669,1
2531,11.654751762524963,0.6239123074339376,1
2532,11.619926306118884,0.6273042290581684,1
2533,11.640025873512144,0.6313209531730256,1
2534,11.644104039958004,0.598582408756847,1
2535,11.669786827665828,0.6381867434933239,1
2536,11.672921263945247,0.6037738882694157,1
2537,11.677171790293963,0.6052140530909506,1
2538,11.65861796583059,0.5885493443931589,1
2539,11.739063114433284,0.6212422939421165,1
2540,11.742776421194153,0.6128120572874662,1
2541,11.720946150804744,0.593541615210728,1
2542,11.71624428061123,0.6342826598302199,1
2543,11.752301970468885,0.6067310853047128,1
2544,11.718636074258196,0.6073734633019046,1
2545,11.804198413560906,0.6380474042054597,1
2546,11.765329418757432,0.5886059959048099,1
2547,11.768268468373586,0.6200206665400864,1
2548,11.802897501325633,0.6345071096451236,1
2549,11.806283104991932,0.6348019082138784,1
2550,11.829195560013147,0.6003411884346285,1
2551,11.845109267966228,0.631401113829959,1
2552,11.818843829480292,0.638722599741324,1
2553,11.923487402924664,0.5892040408535438,1
2554,11.886753581540447,0.6237828019547992,1
2555,11.952117742376009,0.6151965632622242,1
2556,11.931746371192213,0.5976189079764936,1
2557,11.985951500458059,0.619279262625131,1
2558,8.364328651658512,0.6720407259144616,1
2559,8.441164666953402,0.6480547434792113,1
2560,8.423565098698504,0.658392045204685,1
2561,8.489248988735666,0.6762744924029759,1
2562,8.45865540465575,0.6470827364917487,1
2563,8.520347858286087,0.6586386014072452,1
2564,8.514103279575512,0.6582021194626616,1
2565,8.570961549372662,0.6951820077604971,1
2566,8.632907049676648,0.6638546915068358,1
2567,8.660315492102715,0.6871857405325057,1
2568,8.675479172179427,0.6830344685345305,1
2569,8.701131683714301,0.6592191342993576,1
2570,8.752809580282246,0.6617608473126259,1
2571,8.761422572058947,0.6646373646600564,1
2572,8.796445355075711,0.6509356541359586,1
2573,8.81861788906873,0.6633813092074045,1
2574,8.853981161063594,0.6763558735591765,1
2575,8.834419711121376,0.6429898812715703,1
2576,8.928977056529718,0.6875454889497266,1
2577,8.90297508403766,0.6779615566276432,1
2578,8.92120817141955,0.6628978718164549,1
2579,8.980188140987138,0.6934261435128715,1
2580,8.956720039523871,0.6704401714809377,1
2581,8.952218239028214,0.6622030339382194,1
2582,8.960843094891946,0.6949899590379639,1
2583,9.008820106183359,0.6417277704870668,1
2584,9.022328893915292,0.6709879929346592,1
2585,8.986726810259636,0.6714699836396958,1
2586,9.084516751161454,0.6598634522060022,1
2587,9.082130969165538,0.6532436337189689,1
2588,9.06849823835876,0.6533085315254511,1
2589,9.09637473741111,0.670605429001331,1
2590,9.117470849299293,0.6757676461891441,1
2591,9.24659169722522,0.6949039115170655,1
2592,9.233154958321382,0.6750876408860368,1
2593,9.276782529005258,0.6836158569475744,1
2594,9.288753502344242,0.6752964416950032,1
2595,9.300977272972773,0.6766187250529284,1
2596,9.332297040325274,0.6593901276938247,1
2597,9.310344563740605,0.6913870625466708,1
2598,9.334176216364819,0.6626729984157412,1
2599,9.406237468389772,0.6837471912055711,1
2600,9.38339144021964,0.6807646893379574,1
2601,9.417170112524033,0.6920013717581459,1
2602,9.441496143972815,0.6689412031098864,1
2603,9.508385292194362,0.6588838845343834,1
2604,9.486391111340273,0.649404748498512,1
2605,9.553658030940102,0.6469555108296519,1
2606,9.548897967860514,0.6896822280145537,1
2607,9.556095588956383,0.6772558288543871,1
2608,9.603830456599225,0.6858315285023868,1
2609,9.592283971246616,0.6783582206057968,1
2610,9.607651847848295,0.681609270645454,1
2611,9.654024716466356,0.6443580725772385,1
2612,9.62859902880186,0.6820564683986016,1
2613,9.716523400025165,0.6697863954840597,1
2614,9.685778852656522,0.6663207102179071,1
2615,9.755616285968177,0.6737322282995842,1
2616,9.765614835674338,0.6659633699989682,1
2617,9.811571585345133,0.6629504433867225,1
2618,9.800510901690837,0.66900864459361,1
2619,9.851042858211647,0.6561730214670888,1
2620,9.857156616842751,0.6596179699954848,1
2621,9.856645876712879,0.6419877294532665,1
2622,9.896810580051154,0.663201182530375,1
2623,9.943845839233015,0.6936234509895481,1
2624,9.945834186922976,0.6815604758986925,1
2625,9.952765757332736,0.6811544454175001,1
2626,9.956650974140677,0.6515861285902464,1
2627,9.986410249641958,0.6554449131112551,1
2628,9.965820644380504,0.6729034367384255,1
2629,10.000725071582664,0.6658043839147099,1
2630,10.004277036158355,0.6424915962127388,1
2631,10.0237433885718,0.6887013830806448,1
2632,10.149139582071406,0.6798310089547948,1
2633,10.181378442239364,0.6759787118190069,1
2634,10.197757209339049,0.6665009796263247,1
2635,10.215137372716026,0.6538531412320658,1
2636,10.229497835549088,0.6615806539569475,1
2637,10.231313133468948,0.6588900681352393,1
2638,10.300712031138433,0.6558926611511223,1
2639,10.28784096197999,0.6668850725508502,1
2640,10.288876240142871,0.6750628323525598,1
2641,10.267865784306451,0.6511256928914244,1
2642,10.32978477266208,0.6902530377710626,1
2643,10.32399450495911,0.6421309723835209,1
2644,10.360790836143034,0.6765000156164271,1
2645,10.400126580436611,0.6550050730504098,1
2646,10.394415868380182,0.6498260296437423,1
2647,10.377696900835183,0.6677742071407803,1
2648,10.4598656507426,0.67305337995432,1
2649,10.456441195778629,0.6501295858978874,1
2650,10.522639606366765,0.6428842900554984,1
2651,10.50380518551305,0.6913271251273848,1
2652,10.532565158217603,0.6639444835370346,1
2653,10.534895822840733,0.643792069587028,1
2654,10.547729001240148,0.6546205377101034,1
2655,10.634594242675247,0.6654553799594088,1
2656,10.626479473996847,0.666491519668889,1
2657,10.641134863163252,0.6430433198890803,1
2658,10.68793231310221,0.6916398100867053,1
2659,10.651854453850016,0.6568854180151954,1
2660,10.642973752237344,0.6799397305946102,1
2661,10.746969920573509,0.6940116495487957,1
2662,10.717400274647503,0.6840662998832272,1
2663,10.707764974481064,0.662407197275944,1
2664,10.749604945308585,0.6839738048064266,1
2665,10.774854029955225,0.6790436559749103,1
2666,10.777005206384784,0.6657102595078674,1
2667,10.764633278940313,0.6474342483671964,1
2668,10.827570565346164,0.6652937219986597,1
2669,10.842456437122967,0.6673405917490013,1
2670,10.804473672102725,0.6478552250196608,1
2671,10.813887241142135,0.6578949913671515,1
2672,10.835625846962467,0.6502149402699183,1
2673,10.885492802372145,0.6476041728167435,1
2674,10.89781014141881,0.694292706298472,1
2675,10.868265163021679,0.6685638451638869,1
2676,10.900109215896622,0.6793659172752499,1
2677,10.93269719402287,0.6628301889915408,1
2678,10.912504712185662,0.6720868877575954,1
2679,10.950475658759206,0.6492994644032535,1
2680,10.958067182962466,0.6479768759882131,1
2681,10.999827973559437,0.6859896157648567,1
2682,10.987092304310384,0.6643107669017538,1
2683,10.987478327740885,0.6633382873984157,1
2684,10.97595895708484,0.6425848116771109,1
2685,11.006319054426722,0.6486622561185637,1
2686,11.028023221740394,0.6711442057586581,1
2687,11.056403603349352,0.6854602821707585,1
2688,11.025668161623681,0.6752165668531179,1
2689,11.041497145687675,0.6931456588157872,1
2690,11.016637826734593,0.6944009700272942,1
2691,11.031916402185669,0.6575560879341297,1
2692,11.08752505333263,0.6662965934348546,1
2693,11.076697759606636,0.6794854671697924,1
2694,11.111409850381955,0.6785294092956249,1
2695,11.115832258978115,0.6474234104839838,1
2696,11.109531557012064,0.6475247654905515,1
2697,11.154594342204843,0.6823419528761843,1
2698,11.134783197968902,0.6820784689280873,1
2699,11.143309241169172,0.6847541249290522,1
2700,11.147057595883139,0.6865384968118219,1
2701,11.147674119415537,0.6647770896783288,1
2702,11.184376196501782,0.6491391287408166,1
2703,11.220823722291353,0.6802782177525517,1
2704,11.19602610036233,0.652341858489304,1
2705,11.258664982645968,0.6631702962207712,1
2706,11.259508088891359,0.6904781016556955,1
2707,11.299900568181863,0.6738436159166763,1
2708,11.376444800999442,0.6743993479873401,1
2709,11.439435609401848,0.6879087071899121,1
2710,11.421721325421377,0.6822078403307579,1
2711,11.405894736446552,0.6447085091605697,1
2712,11.432524135689643,0.6557240642122173,1
2713,11.491916857038973,0.6426479638541525,1
2714,11.47708900868365,0.684505031829117,1
2715,11.488814219843547,0.6619659455491974,1
2716,11.458088898257047,0.6814819469046028,1
2717,11.476691532032225,0.6601482888980637,1
2718,11.550629387022642,0.6588649657675117,1
2719,11.508259637326768,0.6535620925719566,1
2720,11.53569400243131,0.6950926535737922,1
2721,11.501773709405704,0.6820788192242034,1
2722,11.499594531342648,0.6761777632602045,1
2723,11.516822375537057,0.6583194642366931,1
2724,11.561488023595064,0.6671981970805627,1
2725,11.603939902762033,0.6514024393827778,1
2726,11.5697514471952,0.6949720699100813,1
2727,11.581599099686425,0.6807771740647897,1
2728,11.58860687099823,0.6664665070483651,1
2729,11.565150224602109,0.6476068826078103,1
2730,11.65084450591118,0.6634393898377495,1
2731,11.623118417496773,0.653661540690695,1
2732,11.631275569456605,0.6574384995958921,1
2733,11.613607686300178,0.6717526952661249,1
2734,11.634772148423792,0.6468129136321309,1
2735,11.68580055754271,0.6922456599899118,1
2736,11.668183718106862,0.6786978621217454,1
2737,11.687179962711014,0.6871967636260703,1
2738,11.747365509148377,0.6548014443967869,1
2739,11.758836213233241,0.6928129211043882,1
2740,11.759903191031439,0.6669359286060691,1
2741,11.729688650369193,0.6568629971100918,1
2742,11.799942349027358,0.6601741576200144,1
2743,11.767986894501373,0.6637052864557083,1
2744,11.768937371381618,0.6418688857180073,1
2745,11.801041576909393,0.677337773840287,1
2746,11.79368627227731,0.6420878839768037,1
2747,11.870299248653515,0.6626852882442754,1
2748,11.82827014665236,0.6472166187344488,1
2749,11.868538261984932,0.6476053046276711,1
2750,11.858144796155132,0.6830135991633463,1
2751,11.89576630477113,0.6769617197918721,1
2752,11.902763619903734,0.6928179048377202,1
2753,11.899807724051723,0.6475272640461242,1
2754,11.966045547276483,0.6899191701532333,1
2755,11.933352681812227,0.6821853860573233,1
2756,11.933644848907626,0.6950564320668569,1
2757,11.948865528815823,0.6707805321539588,1
2758,11.993726757305506,0.6706937247244382,1
2759,11.992605966486721,0.681449628255631,1
2760,8.420119994333374,0.6958150358630734,1
2761,8.46805747609937,0.7210659512947423,1
2762,8.517731491303044,0.7351612063186491,1
2763,8.506286131078738,0.7464304688812775,1
2764,8.550458972269626,0.7305000718438045,1
2765,8.588038021446302,0.7222175258014187,1
2766,8.584395091615196,0.7044845579059511,1
2767,8.579603750492948,0.7117383439885587,1
2768,8.631681334436161,0.7221368877133433,1
2769,8.613014975825172,0.7302912453109068,1
2770,8.648606784509083,0.6961203119719687,1
2771,8.668846603837286,0.7372605384775812,1
2772,8.695112205419548,0.7418553622231532,1
2773,8.686729350512065,0.6994560088430394,1
2774,8.742675846899743,0.702449354091385,1
2775,8.735570802787626,0.7343425746614477,1
2776,8.807839419613057,0.7028211527935534,1
2777,8.812957580240507,0.7479765661246341,1
2778,8.866211864085741,0.716036677150473,1
2779,8.88127367267381,0.7284656090997823,1
2780,8.901037780220634,0.6997402232924499,1
2781,8.93740250047044,0.6984029987699922,1
2782,8.950893973450022,0.7108209852584022,1
2783,8.974161480335056,0.6995808764130103,1
2784,8.948127505976295,0.7267024275833243,1
2785,9.003015318301442,0.7310570949542703,1
2786,9.028332456124753,0.6999065627940674,1
2787,9.00151510897042,0.7373937683719544,1
2788,9.03053031565451,0.7044090110726401,1
2789,9.063862854408985,0.6952313736637064,1
2790,9.08733532237033,0.7236419677800385,1
2791,9.248112347875988,0.7269840974900925,1
2792,9.21790313695481,0.7122020096482765,1
2793,9.273410206128705,0.7116620345980037,1
2794,9.296036949719968,0.6964327890510326,1
2795,9.277910588955878,0.7477714610550159,1
2796,9.33955348198932,0.7477837240806919,1
2797,9.328827436783156,0.7440193072512912,1
2798,9.354986249683467,0.7096617496171013,1
2799,9.401850762828978,0.7208202916591347,1
2800,9.405408825327399,0.7041526834675955,1
2801,9.42140649107381,0.7351973650637994,1
2802,9.464653909137702,0.7408747690251568,1
2803,9.51570200313921,0.7342964799943658,1
2804,9.505628047136607,0.7068456803254514,1
2805,9.527101450666102,0.7005383747475961,1
2806,9.565998641246143,0.7055309341170966,1
2807,9.540713365431644,0.7242309725955465,1
2808,9.614250527675292,0.7002592600026717,1
2809,9.598220653416906,0.7061615287319081,1
2810,9.623032833837174,0.7399556036741662,1
2811,9.629285552248335,0.7396561270252358,1
2812,9.673882270428608,0.7178392038782287,1
2813,9.717936970670095,0.7274662538357828,1
2814,9.723575796334174,0.7297458053379121,1
2815,9.742821695271244,0.7023080280458528,1
2816,9.76222415593246,0.7400181927150371,1
2817,9.73880586537254,0.7291941280288166,1
2818,9.838085162144843,0.7397788807551979,1
2819,9.820772808654215,0.7231010583774726,1
2820,9.849016820733665,0.7073260445098061,1
2821,9.85365487618405,0.6969584819767443,1
2822,9.848829953965875,0.7189093994596208,1
2823,9.906029699955004,0.7346126978456001,1
2824,9.893296247718268,0.7177732407485681,1
2825,9.908979064258546,0.7242100345763768,1
2826,9.905748343904522,0.7425555762700489,1
2827,9.97642009156832,0.7136033786742165,1
2828,9.998057186029472,0.7162260912878134,1
2829,9.981602911670233,0.7226861077980304,1
2830,9.949799316905352,0.711914319893762,1
2831,10.005181816481256,0.7107328571413503,1
2832,10.037614717077735,0.7296161400696862,1
2833,10.150879521121078,0.7180852292435251,1
2834,10.161118065183379,0.7152195512469386,1
2835,10.169582292736216,0.7311722709939468,1
2836,10.247341353071198,0.7076251248903301,1
2837,10.23421041456729,0.7064017880526468,1
2838,10.228816829820698,0.7455810894650916,1
2839,10.291537091586354,0.6997432829437842,1
2840,10.316108028279837,0.7272418039545727,1
2841,10.284442243695931,0.71624813718811,1
2842,10.297735383641287,0.7226306698796865,1
2843,10.329309381315129,0.7048024846514791,1
2844,10.371858622612196,0.7176669397367903,1
2845,10.365202340351642,0.7447264943459001,1
2846,10.376263164654622,0.7456074585453946,1
2847,10.403601799939969,0.7442810317557748,1
2848,10.468197283384496,0.7229212196870316,1
2849,10.462464159995275,0.7035411569824938,1
2850,10.443467962712868,0.7406118402424363,1
2851,10.530681298607586,0.7293298551738979,1
2852,10.52195125362762,0.7137558084874859,1
2853,10.514381293093566,0.6989530697007136,1
2854,10.541070653827886,0.7147045365274263,1
2855,10.576695390243751,0.7384055027363535,1
2856,10.6229950759865,0.7296044318477518,1
2857,10.596529847944145,0.7318595567658472,1
2858,10.619463511535255,0.7117142448825972,1
2859,10.642464802790979,0.7172707033728198,1
2860,10.657907494834607,0.7255123494436321,1
2861,10.666243065991244,0.7206937369405637,1
2862,10.7012959119015,0.6978210005777097,1
2863,10.73277207141463,0.6977797705020992,1
2864,10.701631790112911,0.7332777176739833,1
2865,10.75032061722863,0.7187292764800592,1
2866,10.795237972234904,0.7468958501899181,1
2867,10.765342278949381,0.7431556436545731,1
2868,10.772268130301994,0.7030125252293595,1
2869,10.785423215206816,0.7365500527471857,1
2870,10.805869577499756,0.7045347883883889,1
2871,10.825314716801149,0.7083972613998701,1
2872,10.842643116752027,0.7293666557901322,1
2873,10.80925040238927,0.7021013094315549,1
2874,10.897824068038881,0.7194723397542707,1
2875,10.865406373864856,0.7448086664363709,1
2876,10.90543501342282,0.7467611401118454,1
2877,10.9444966778194,0.7099621955790114,1
2878,10.951942485267011,0.7094808038119031,1
2879,10.946716083349562,0.7329866815198349,1
2880,10.923584141733485,0.7079858709627017,1
2881,10.981591739764363,0.7450502606639786,1
2882,11.011960583275803,0.74597735569573,1
2883,10.986568369016599,0.7404686677488562,1
2884,10.98006313303041,0.729880275465888,1
2885,11.013753916409126,0.739720986715529,1
2886,11.05516609968912,0.6980550457591475,1
2887,11.034606900184249,0.7382956660183166,1
2888,11.036643900606544,0.7253620936181556,1
2889,11.032910718810006,0.7357673196005482,1
2890,11.034489457931542,0.7450515789976143,1
2891,11.071530075808996,0.6993043813905815,1
2892,11.100662263459142,0.7278015523666185,1
2893,11.087952425013187,0.7120873123720416,1
2894,11.126200398234326,0.6966951241832008,1
2895,11.140821271740865,0.7401909101909694,1
2896,11.182515381214708,0.7294990535714729,1
2897,11.282585218614786,0.7409836538618317,1
2898,11.297047296657059,0.7194069784686229,1
2899,11.32067525890479,0.7114955358536047,1
2900,11.365365768371637,0.7050572581536196,1
2901,11.378275353921023,0.7164650247143348,1
2902,11.349297949929483,0.7063513787634058,1
2903,11.390665398243788,0.7222002606728574,1
2904,11.439504247982201,0.7391973449351155,1
2905,11.39245821473949,0.701713165131362,1
2906,11.437191612170045,0.7350960689108627,1
2907,11.433326897186303,0.7169741148750832,1
2908,11.42529283662894,0.726913607670826,1
2909,11.471731625723175,0.7033034303473843,1
2910,11.482007605545604,0.7427681653526369,1
2911,11.496466688441439,0.7376264325558224,1
2912,11.452414637454563,0.7285110102764333,1
2913,11.453679917556107,0.7309038813361093,1
2914,11.452403256440789,0.6982121972629185,1
2915,11.503675450276747,0.6999235398550989,1
2916,11.548671328005128,0.7101183009784482,1
2917,11.532633766495726,0.7071158642873687,1
2918,11.530397735917212,0.7212856682171985,1
2919,11.54179919660461,0.7116104457290762,1
2920,11.498855752551885,0.7182822330689151,1
2921,11.5807560976165,0.7404396714223486,1
2922,11.552168518594023,0.711022618324898,1
2923,11.558727333097027,0.7473298311197529,1
2924,11.576803597508203,0.7100971218710252,1
2925,11.556969798565541,0.7451315598160383,1
2926,11.554126295068787,0.7379392580731268,1
2927,11.619401103034514,0.6967125584713536,1
2928,11.64540983744965,0.7247098576742472,1
2929,11.614339901184499,0.7109293330669795,1
2930,11.629270961533841,0.7132597000442966,1
2931,11.642348980408638,0.7347477176984083,1
2932,11.631017305275101,0.705631265819897,1
2933,11.669922269154407,0.7140183158546594,1
2934,11.669614366068169,0.7305136683028813,1
2935,11.672223718605311,0.7155857959396345,1
2936,11.666163232411906,0.7378143481380913,1
2937,11.72020429722537,0.6984170525653655,1
2938,11.741166246763362,0.7344019456905696,1
2939,11.724783510675998,0.7030384637428678,1
2940,11.7914247057975,0.7266131267965281,1
2941,11.812124715684147,0.6987006984173089,1
2942,11.80247629569784,0.7285214623065166,1
2943,11.83893637882581,0.7405748309359995,1
2944,11.82678955691252,0.7041755210767673,1
2945,11.853412608857004,0.7047164278141181,1
2946,11.886963419004934,0.7073958864549658,1
2947,11.917626836898515,0.7427690922367978,1
2948,11.908523704266594,0.7277971896572945,1
2949,11.883456713138427,0.7420166696352897,1
2950,11.953747943701627,0.7022076923133592,1
2951,11.938514254079452,0.7403684581848455,1
2952,11.968480433776394,0.7006315142828361,1
2953,11.92546645094337,0.7035257444530514,1
2954,11.96658991790967,0.7073183042507678,1
2955,11.938041917952477,0.7056441179446122,1
2956,11.986702559146917,0.7407149224234149,1
2957,11.98512475472029,0.7337771098316022,1
2958,8.522532953992888,0.7702364384806674,1
2959,8.581359527046306,0.7949107868455992,1
2960,8.56581656525299,0.781595718339526,1
2961,8.61392724524792,0.7802995196532164,1
2962,8.629799240576927,0.7583391518921928,1
2963,8.638625538661884,0.7823168358895117,1
2964,8.687815107686774,0.7855227779136387,1
2965,8.69196172820099,0.7700788128584842,1
2966,8.673897396970943,0.7908714747360037,1
2967,8.740406458308959,0.7863763005850576,1
2968,8.732431703592189,0.7655742325864071,1
2969,8.815298677272116,0.7620217944775495,1
2970,8.814981266526614,0.7929891407415286,1
2971,8.837011923346143,0.7952423016204928,1
2972,8.92077487018258,0.7528750934295698,1
2973,8.935851358662887,0.775739550721722,1
2974,8.953785094755101,0.7609282489334986,1
2975,8.936261861568308,0.8018566742069888,1
2976,8.987566602456157,0.7811156118600762,1
2977,9.009689857731939,0.801343800946656,1
2978,9.03112402324891,0.7936664781279904,1
2979,9.041754121816712,0.7965250021849377,1
2980,9.18607594813811,0.788749937239389,1
2981,9.217177781806532,0.7615584631771076,1
2982,9.227083790189035,0.7487442406780493,1
2983,9.212378656146013,0.7884226595212221,1
2984,9.277954330288022,0.7593613241710921,1
2985,9.265009295809513,0.7627416219410132,1
2986,9.275657842432157,0.7799835295440447,1
2987,9.337267964825482,0.7631012506091739,1
2988,9.34035794586044,0.7634055451352193,1
2989,9.379575215452405,0.777273857902717,1
2990,9.397748502339278,0.7527894508612447,1
2991,9.455693234723082,0.7651504148757008,1
2992,9.43893079893503,0.7495762492349971,1
2993,9.47632443516546,0.7984994256199011,1
2994,9.484413778266658,0.7515318176775044,1
2995,9.551940953637411,0.7597619549266833,1
2996,9.551803531568662,0.7908943940066733,1
2997,9.519556581232623,0.7695232297209729,1
2998,9.613510829823525,0.7937856219812041,1
2999,9.586007677562305,0.7642850955442492,1
3000,9.581151742900348,0.8002858516166129,1
3001,9.6743307217239,0.7817233773355529,1
3002,9.646156358136396,0.7634848834442413,1
3003,9.712250771388767,0.7807670664599383,1
3004,9.690670198951123,0.761217434702337,1
3005,9.77978881345704,0.7756791800330782,1
3006,9.77167806549801,0.7566781218183413,1
3007,9.778148370466424,0.7941351365880464,1
3008,9.833523537482325,0.7891499495343306,1
3009,9.807847784545238,0.7923253040458687,1
3010,9.817218459343731,0.7991463767078191,1
3011,9.845067334649478,0.7909434860745125,1
3012,9.860040191598815,0.7691841715093957,1
3013,9.881516817265165,0.7714271458017228,1
3014,9.925462818083696,0.7571064648223673,1
3015,9.897203921425332,0.766687863552348,1
3016,9.924070185411209,0.765279848502275,1
3017,9.92984525708447,0.7597059588936503,1
3018,9.955693848056947,0.7488650828040633,1
3019,9.976314882659631,0.7757246854437825,1
3020,9.952008365371674,0.7796859131226187,1
3021,9.982449380828877,0.7574147044366931,1
3022,10.024644199678725,0.7695628144578768,1
3023,10.119536416965348,0.7910085114671658,1
3024,10.138470319832908,0.7521161209475505,1
3025,10.183540870781027,0.7606200694820815,1
3026,10.165315434841771,0.7928646977384131,1
3027,10.202084546535483,0.7702827133033676,1
3028,10.253715243475378,0.763975850903822,1
3029,10.21405086523015,0.7992142342602756,1
3030,10.280779061332249,0.7619459284873094,1
3031,10.31614051343531,0.7865679944501142,1
3032,10.274883818996758,0.762583050861762,1
3033,10.326352825478113,0.768977831224269,1
3034,10.37144879821565,0.7652430089989657,1
3035,10.380704038725233,0.7716096347416864,1
3036,10.400508244422987,0.7916950875189434,1
3037,10.473937235796996,0.7657237364943653,1
3038,10.438750397958461,0.784874861238139,1
3039,10.470634670300736,0.7494592540246481,1
3040,10.518178375216078,0.7659310893188965,1
3041,10.503543430759303,0.7632751149275917,1
3042,10.481646705213011,0.7647513036838409,1
3043,10.55394134743332,0.7496904902574009,1
3044,10.582570249775733,0.7992437572328025,1
3045,10.615515237569234,0.7604374446317564,1
3046,10.589176145257797,0.7710467192244407,1
3047,10.670470359826316,0.7821914194547784,1
3048,10.674531946968541,0.8001235632218741,1
3049,10.688241568930698,0.7940445362800806,1
3050,10.707073928944608,0.761578203132903,1
3051,10.726462148669915,0.789867960315986,1
3052,10.703285912348768,0.7616569555478185,1
3053,10.697553088840854,0.751581362250726,1
3054,10.770336139299003,0.7679007116037827,1
3055,10.769573219448985,0.7782182564602393,1
3056,10.786948112749382,0.7854915527931231,1
3057,10.773333421898384,0.7985856160420921,1
3058,10.75789241108219,0.7706295265884133,1
3059,10.780567939863827,0.7881079674709686,1
3060,10.853598355357498,0.7983764290081137,1
3061,10.833590700590264,0.7803960723095428,1
3062,10.813548619712412,0.7551982707892828,1
3063,10.827480184495176,0.7788478373761686,1
3064,10.818373251901278,0.7509275635134687,1
3065,10.869293017835314,0.7602271537855168,1
3066,10.868112794201567,0.7507697000185736,1
3067,10.869360152714261,0.7878549903293618,1
3068,10.881873332245673,0.7497071091248806,1
3069,10.946657682390965,0.7957691289033779,1
3070,10.923713831729778,0.7624643826569037,1
3071,10.95694742400604,0.7868035679976181,1
3072,11.010898849960197,0.7802817069926983,1
3073,10.97554085730496,0.7735119466127663,1
3074,11.00272887659232,0.7536846894125349,1
3075,10.997329022453618,0.7812395073163274,1
3076,11.052635773451795,0.760359301086331,1
3077,11.019136031097858,0.7731795767174877,1
3078,11.143284794404886,0.791934979361328,1
3079,11.209019916050883,0.7890605226997492,1
3080,11.222126156260625,0.761661962933966,1
3081,11.247496923948882,0.7988620759609032,1
3082,11.230477385458244,0.7972574654131815,1
3083,11.269742427623047,0.751564708450223,1
3084,11.33346671586039,0.7528993812814379,1
3085,11.287219054373946,0.7511688720143288,1
3086,11.324290223103384,0.7641106996364797,1
3087,11.284693481084377,0.7788783501769382,1
3088,11.344429212702487,0.7710910714413056,1
3089,11.343331650149592,0.7613572477522833,1
3090,11.337527539444213,0.7922160123708655,1
3091,11.352295835310754,0.7721818565379062,1
3092,11.44184674647355,0.7592616620009429,1
3093,11.439909923048523,0.7648901898103887,1
3094,11.411215429565866,0.7917898612785392,1
3095,11.425082252599196,0.7523460029382631,1
3096,11.42466756788649,0.7521049189099075,1
3097,11.482505295641023,0.7975828033457534,1
3098,11.493545037531364,0.7766118012823866,1
3099,11.447773310046605,0.7929452815819168,1
3100,11.467455584239055,0.7681217262176894,1
3101,11.490252092962198,0.7946929683247673,1
3102,11.453093194557965,0.7921585004132332,1
3103,11.537376942535975,0.7782288520794768,1
3104,11.522648496279736,0.7707736939248669,1
3105,11.513805361231142,0.7880140964362325,1
3106,11.512225432103946,0.7663408783579088,1
3107,11.505541141305898,0.7984913738496554,1
3108,11.505102494293896,0.7608051263198319,1
3109,11.582055546850304,0.7566743014075474,1
3110,11.570818605185611,0.7847969462254156,1
3111,11.572609118511354,0.7575219442901747,1
3112,11.592627226367052,0.7975720829912231,1
3113,11.566545132748638,0.7574458754931239,1
3114,11.582415745653966,0.7643911599671146,1
3115,11.64655025141686,0.7753375603485343,1
3116,11.61968848280913,0.7928468304827913,1
3117,11.640183752887907,0.7646319030468979,1
3118,11.610673151131785,0.7617004789680076,1
3119,11.65330261570779,0.787604807917912,1
3120,11.625166281826159,0.7800777031178326,1
3121,11.685215527690406,0.7996767373054516,1
3122,11.685161654827741,0.7494903631651951,1
3123,11.702701704159937,0.7511734611831071,1
3124,11.708676502530555,0.765113438210853,1
3125,11.672975239159502,0.7883889132495054,1
3126,11.729574719751296,0.7950558274316216,1
3127,11.715375139234665,0.7488255636492939,1
3128,11.75641327544556,0.7675581457507209,1
3129,11.77304499683815,0.7639795498085186,1
3130,11.80642446018492,0.800191414363045,1
3131,11.811407145641226,0.7666437180701015,1
3132,11.845386457983352,0.7748206200210672,1
3133,11.834714344294795,0.749426237565725,1
3134,11.862041508723129,0.7554612940986594,1
3135,11.91441539440217,0.7941557671630013,1
3136,11.873753945203138,0.7722341420446954,1
3137,11.919096300858033,0.7955243562394608,1
3138,11.904571849835058,0.763093105542055,1
3139,11.918132809502378,0.7884945189509183,1
3140,11.95686087305515,0.7767142851102727,1
3141,11.94500756532694,0.7852858134499028,1
3142,11.9267284526341,0.7964215803313465,1
3143,11.943706994888084,0.7878738897161889,1
3144,11.943435804843352,0.7930876756316214,1
3145,11.967593176949963,0.7823600480820145,1
3146,11.98849063870223,0.7802794756996951,1
3147,11.979359463414793,0.7646645938490615,1
3148,11.991981726987003,0.7814888854845815,1
3149,8.66023276494065,0.823316635596149,1
3150,8.652777705930621,0.8076803609901421,1
3151,8.714609719634973,0.809363751219341,1
3152,8.70541457791424,0.849324772319534,1
3153,8.7384818519094,0.8324231221851739,1
3154,8.726949365001099,0.8156928111198465,1
3155,8.811137296006333,0.8320689711734681,1
3156,8.786877976231455,0.8332595429199423,1
3157,8.870031209370538,0.8389507327013891,1
3158,8.884419887115943,0.8093202194331554,1
3159,8.9362919593697,0.830147272637726,1
3160,8.942426328155223,0.8444784333945334,1
3161,9.029823524192608,0.8478602449599224,1
3162,8.996131946880125,0.8541072219658898,1
3163,9.143438720023067,0.8268006024144713,1
3164,9.178150137262254,0.8404525699202978,1
3165,9.173442018225897,0.8447325520561579,1
3166,9.212302030623462,0.8212071549193085,1
3167,9.218412134233576,0.850457530457369,1
3168,9.223375506585954,0.8234678460858103,1
3169,9.25300605466577,0.8173288592862399,1
3170,9.256493510608667,0.8078182769378559,1
3171,9.272283280057081,0.8077059105947204,1
3172,9.33295500615879,0.8240859164222395,1
3173,9.320536672708194,0.8511532810691068,1
3174,9.410895105315388,0.809763373374663,1
3175,9.399034250984498,0.8451021802928843,1
3176,9.427161179476885,0.8340127843586596,1
3177,9.453520057428152,0.8367178608544689,1
3178,9.478575604545009,0.833927370065514,1
3179,9.474034922231512,0.849654632704933,1
3180,9.555950990538918,0.8143922619223617,1
3181,9.523804915172823,0.8256947613150377,1
3182,9.532320512599563,0.8514260417760086,1
3183,9.546027399151196,0.8217640903229005,1
3184,9.602202079659078,0.8172239080510568,1
3185,9.599884880364991,0.8429778907397032,1
3186,9.600780401336557,0.8062307599131407,1
3187,9.6041269649902,0.8167015231943862,1
3188,9.638161470493445,0.8401760875842311,1
3189,9.63939656489122,0.8548251309911663,1
3190,9.712885592834525,0.8445185194763152,1
3191,9.732483187385625,0.8501217121612206,1
3192,9.753432201147492,0.8532577369664901,1
3193,9.750383086354702,0.8316908764965836,1
3194,9.743769565668753,0.8027633808521903,1
3195,9.806159961022267,0.8231720093778542,1
3196,9.817540532996931,0.819815539455767,1
3197,9.792732117759286,0.8253514717888191,1
3198,9.85396220232112,0.8375955035243262,1
3199,9.840927224081833,0.8044774071025536,1
3200,9.888546713006036,0.8419107773339011,1
3201,9.899814373670818,0.8334496417624969,1
3202,9.907026104857318,0.8483468045769061,1
3203,9.938422759473385,0.8462108354623811,1
3204,9.927603549165703,0.8072043541132015,1
3205,9.976841067975986,0.8064510036612246,1
3206,9.951850050586089,0.8543971642291951,1
3207,9.99367053192493,0.8412739147134443,1
3208,9.95839406170907,0.8499570033730174,1
3209,10.020979487800354,0.808345823574597,1
3210,10.116039045130195,0.8398083417657888,1
3211,10.160268786208261,0.853661792133396,1
3212,10.115864585607168,0.8325823257213923,1
3213,10.179616067866107,0.8245649489707273,1
3214,10.172408745092872,0.8222280358906057,1
3215,10.188378976816841,0.8338078634415143,1
3216,10.264078315377484,0.8449524255856316,1
3217,10.234438752022738,0.8448948220049067,1
3218,10.275927437493106,0.8074668143185125,1
3219,10.299542083180615,0.825745499200108,1
3220,10.364103092751137,0.8414940298229466,1
3221,10.321849988786186,0.8386970961981286,1
3222,10.395504013050067,0.810452179935794,1
3223,10.414248028168041,0.8435262881047502,1
3224,10.460979997875958,0.8520746676644152,1
3225,10.457170300011152,0.8235662043346054,1
3226,10.472458740955787,0.8257954296922254,1
3227,10.517514523556706,0.8111738763036893,1
3228,10.488937992858167,0.8325602998965327,1
3229,10.506054027793125,0.824125670061951,1
3230,10.54049870103245,0.8022493253347238,1
3231,10.583586962461121,0.8515776984201628,1
3232,10.599562896116458,0.8274852063013353,1
3233,10.592251697100028,0.8139881352588741,1
3234,10.650278872912969,0.8501968168900811,1
3235,10.689061691712556,0.8465387955507728,1
3236,10.701900865201326,0.814325505463197,1
3237,10.729753389782067,0.8387585615830272,1
3238,10.716637501511244,0.8342243859557711,1
3239,10.705305709834617,0.845909852367192,1
3240,10.71237366993082,0.8240121248343901,1
3241,10.755677911424176,0.8519406964107669,1
3242,10.781640953071971,0.8499041354010202,1
3243,10.797175768388044,0.8404839736432,1
3244,10.772218614368366,0.81311183804423,1
3245,10.759202431346887,0.8323946414565501,1
3246,10.78820566026872,0.8027113984326445,1
3247,10.80853068357756,0.8372972206281681,1
3248,10.848697782535066,0.8451874846690381,1
3249,10.834786348318037,0.8433148203720974,1
3250,10.825759551574503,0.8228865646946196,1
3251,10.850231164695503,0.8287484108626166,1
3252,10.86083465861829,0.8023473577524419,1
3253,10.873502303228705,0.8042436956931016,1
3254,10.88091888998006,0.8278503210328859,1
3255,10.931118139294867,0.8514894980974382,1
3256,10.91107250693134,0.8437707776337907,1
3257,11.003640446659857,0.849815719295779,1
3258,10.999513121265457,0.8312002636063441,1
3259,11.05692454867208,0.8487078913826465,1
3260,11.091924555101373,0.8414447830035952,1
3261,11.110595386201668,0.8141985042711817,1
3262,11.135703881523082,0.8369683803391139,1
3263,11.145139427767855,0.8388590697515246,1
3264,11.141047388000022,0.8225659048883439,1
3265,11.168498950198112,0.8103157496979799,1
3266,11.222908983583167,0.8181856086438841,1
3267,11.225232316946963,0.8069061898709953,1
3268,11.194929066920142,0.8157418199793692,1
3269,11.19917914214671,0.8548669865041153,1
3270,11.197979363922009,0.8277866081200629,1
3271,11.27805755683834,0.8383414147235125,1
3272,11.230102219652979,0.8260060711166154,1
3273,11.260476128830604,0.8419868147826227,1
3274,11.243078836242418,0.8162072549512146,1
3275,11.258931311723755,0.8103124834417755,1
3276,11.275212041210331,0.8527750372678699,1
3277,11.321359103142205,0.8256437697272462,1
3278,11.303127216861071,0.8555372805895591,1
3279,11.295192581919363,0.8391614310481792,1
3280,11.31672228575643,0.8085001458767725,1
3281,11.325290219273182,0.8035704585081815,1
3282,11.355028384187646,0.8514337212292786,1
3283,11.339920974045715,0.8252579981891335,1
3284,11.351114715591129,0.8250830756975439,1
3285,11.362717134758041,0.8170493067424881,1
3286,11.364713118179374,0.831970094100412,1
3287,11.433878665379385,0.8415074343311898,1
3288,11.44295462795516,0.8490018340359545,1
3289,11.408959556367602,0.8470666031107112,1
3290,11.409715638103927,0.8193684216664263,1
3291,11.450494943246936,0.8089359098047809,1
3292,11.445506786776544,0.8547569428590774,1
3293,11.475784454114832,0.8294719427122871,1
3294,11.478494827508927,0.809586234095207,1
3295,11.494807754168816,0.850936590817428,1
3296,11.543148263911487,0.8033654735547536,1
3297,11.502731206969703,0.8408496965395666,1
3298,11.53857796865548,0.8111392211625947,1
3299,11.520534267703402,0.8361657821090045,1
3300,11.515836363316678,0.806818817625582,1
3301,11.541393569943276,0.8479705157211078,1
3302,11.576811141042471,0.819119610756397,1
3303,11.592152424585413,0.8359723754244015,1
3304,11.585132192129606,0.8251900743094555,1
3305,11.572579892842482,0.807295164728233,1
3306,11.591828519734921,0.8166715465617745,1
3307,11.580264416689113,0.8458649531917296,1
3308,11.60993446953518,0.8239929778242452,1
3309,11.649348656285767,0.8519751013959759,1
3310,11.61756382758183,0.8137914491938315,1
3311,11.655068735176147,0.8393226132495916,1
3312,11.608115397343445,0.8384000805370184,1
3313,11.631137520181058,0.8246992093087229,1
3314,11.699126071018641,0.8536530643717881,1
3315,11.67203742442165,0.8049772251640291,1
3316,11.694437803209144,0.8370870440314763,1
3317,11.66625645692157,0.836470539153121,1
3318,11.68283784275408,0.8111418518653759,1
3319,11.727601040131635,0.8430430661548777,1
3320,11.745861912665147,0.8421827436241787,1
3321,11.733047166109628,0.804304466360935,1
3322,11.739544159199658,0.8386963597128816,1
3323,11.777196489632269,0.8211716253478458,1
3324,11.80969024917114,0.8120704429568402,1
3325,11.771338669070092,0.8169557466575528,1
3326,11.855153822453158,0.8051640954405211,1
3327,11.842889596787654,0.826147124951884,1
3328,11.835143492886758,0.8390744736818043,1
3329,11.91619996861227,0.8253099346554871,1
3330,11.915959957522048,0.8155767853927626,1
3331,11.913400178777792,0.8168555911244948,1
3332,11.902499329839042,0.8071773246410371,1
3333,11.959139300592508,0.8064513789446488,1
3334,11.94402007924145,0.8530484647218493,1
3335,11.966651765227654,0.854559534206612,1
3336,11.976935124835968,0.8279235002130355,1
3337,11.955414376733236,0.8480866557056911,1
3338,11.986374642780632,0.824781712021664,1
3339,11.998632626860541,0.8280929433744726,1
3340,8.015861933988777,0.8624382140446817,1
3341,8.074802370423475,0.8734104072703534,1
3342,8.089808869306518,0.8600275449606488,1
3343,8.702918868260095,0.873243555734053,1
3344,8.765403493238056,0.9014922131983839,1
3345,8.795445408707172,0.8656049236901743,1
3346,8.819039081593091,0.8981742918745627,1
3347,8.864316998674754,0.8714223244810384,1
3348,8.911933239142083,0.8663075985743609,1
3349,8.905581037386526,0.8648562694769077,1
3350,8.973388931842067,0.8893035698632037,1
3351,8.945691553379964,0.8566414749357634,1
3352,9.010008626218882,0.8598109536889642,1
3353,9.119436941642759,0.8948568235735933,1
3354,9.120176555667928,0.8855033693852344,1
3355,9.17597583082826,0.9053924001844956,1
3356,9.197585092487664,0.868942412399933,1
3357,9.162531879188096,0.8717398170513101,1
3358,9.206075628741148,0.9018126174115423,1
3359,9.227820896336993,0.8757209333973258,1
3360,9.212596335786024,0.8942962060646688,1
3361,9.266827732275294,0.8913135087659375,1
3362,9.280392000832075,0.8927009761967549,1
3363,9.350448681317769,0.9004379965827406,1
3364,9.316583879451299,0.8794805343658398,1
3365,9.37852502696178,0.8673701331114619,1
3366,9.38461536892428,0.8991287765064856,1
3367,9.46258494040375,0.8569095760531457,1
3368,9.487941633646278,0.8767986064046286,1
3369,9.476039114241342,0.9027659324835032,1
3370,9.564845292691313,0.9029390524995315,1
3371,9.559759910538123,0.8990595243940728,1
3372,9.542185200775599,0.9068880195673665,1
3373,9.57558399240335,0.9021264647916776,1
3374,9.597197231098223,0.86046403741288,1
3375,9.585821374645528,0.9023621316366354,1
3376,9.600027992015935,0.9070456672244976,1
3377,9.65947424747403,0.8845291850753335,1
3378,9.640007855988864,0.86687479931002,1
3379,9.64402291840411,0.8870230538201349,1
3380,9.650749760768235,0.9035306944682848,1
3381,9.715068128375963,0.8626150222303564,1
3382,9.718983571301118,0.869202137478039,1
3383,9.68047437823487,0.8922704568450599,1
3384,9.744037662572023,0.878732165138762,1
3385,9.742138178648625,0.8754492536167694,1
3386,9.759664216459674,0.9034469983770271,1
3387,9.821485090701833,0.8694981201863652,1
3388,9.801677448545686,0.8652190547904992,1
3389,9.825838148430654,0.8560952400872751,1
3390,9.85643008309235,0.8983293713118288,1
3391,9.868233638332013,0.8929007917699837,1
3392,9.884450567780393,0.8682901596460021,1
3393,9.897501248632203,0.8613320234485324,1
3394,9.911171784450367,0.8976074375751589,1
3395,9.911408886506253,0.8926948998461847,1
3396,9.906606169015058,0.8570776095407343,1
3397,9.906196466130092,0.8763924271892878,1
3398,9.958354937037946,0.875161798457092,1
3399,9.976270371806049,0.9074477966764501,1
3400,9.9542509530048,0.8559884588946234,1
3401,9.987450986153904,0.8708612766480717,1
3402,10.060016608057252,0.9072397108586031,1
3403,10.145752462977894,0.8669727965872073,1
3404,10.122051074553639,0.8895546399086338,1
3405,10.107243360908997,0.8826707461027142,1
3406,10.149980177527384,0.9040024005001647,1
3407,10.184937856801179,0.8680740866473906,1
3408,10.171100560844778,0.8572013654358891,1
3409,10.167562674158596,0.8719234494224235,1
3410,10.197562577232052,0.9054949850701156,1
3411,10.219865041002283,0.8616160842201629,1
3412,10.229078502407567,0.8824370758802543,1
3413,10.21398054264338,0.8686151800480978,1
3414,10.270076694301892,0.8920610655548339,1
3415,10.270573712010977,0.8803068863309519,1
3416,10.358799887931937,0.8693474025378988,1
3417,10.360868523231646,0.8941688394519973,1
3418,10.384369584699842,0.8560240232881371,1
3419,10.389246853871375,0.8985577176015946,1
3420,10.474462148725681,0.8566867706993994,1
3421,10.448114279893161,0.8792120036423221,1
3422,10.47349510917094,0.8867528032389137,1
3423,10.488215374432393,0.8766783264121429,1
3424,10.525207680722113,0.8739391837399578,1
3425,10.53099143106346,0.8858463141765629,1
3426,10.558855478358744,0.8825128927775574,1
3427,10.554085967645147,0.86643270934242,1
3428,10.591085965705668,0.8989385654126807,1
3429,10.590134005368014,0.8579291457531986,1
3430,10.671144556537888,0.8796530673985572,1
3431,10.667752852128856,0.8843902279751736,1
3432,10.735608299106959,0.884800891946951,1
3433,10.709327894872766,0.9040122514187989,1
3434,10.714580573382054,0.9087296841500145,1
3435,10.746359961744146,0.8663990702142623,1
3436,10.71252848283721,0.9062392878528175,1
3437,10.753521768215817,0.8731812335030403,1
3438,10.74890336447901,0.8699035506533759,1
3439,10.763913962929378,0.8908250792124659,1
3440,10.762470160940046,0.8723119352575561,1
3441,10.756959162479221,0.8697716592438651,1
3442,10.849757109853687,0.8784730289841773,1
3443,10.834118926161482,0.9057111121322348,1
3444,10.83878689596891,0.8763829850740662,1
3445,10.87367392466949,0.8634354854827626,1
3446,10.897028418605753,0.8843990587825481,1
3447,10.897889615600278,0.8861009990391884,1
3448,10.930778524355382,0.8764345193149673,1
3449,10.95784619415989,0.8897758432717182,1
3450,10.909206813005321,0.8597672955449083,1
3451,10.995390484214807,0.8877450545783981,1
3452,11.005013923211196,0.8620802297525615,1
3453,11.02813615165233,0.9079836163131001,1
3454,11.06520706066222,0.9020649650287045,1
3455,11.059384096739185,0.8728906560401342,1
3456,11.072753236970684,0.8699518510466144,1
3457,11.10192296413476,0.9027860552373513,1
3458,11.088683774944224,0.867248606946862,1
3459,11.099381895708941,0.8853439152301782,1
3460,11.094979451706253,0.907434931381203,1
3461,11.147402220646375,0.8750320888972719,1
3462,11.147180758544067,0.9060321017247731,1
3463,11.127983457206708,0.9047464473888832,1
3464,11.153596807849329,0.8833210745065555,1
3465,11.139744920119872,0.8932068118369598,1
3466,11.17520068580437,0.8919650222363211,1
3467,11.19350904385453,0.8827878146152842,1
3468,11.197654760904655,0.9059995148270094,1
3469,11.222505895698076,0.8823000359370924,1
3470,11.208572848403453,0.8788239203510675,1
3471,11.219662167512787,0.8672830215203526,1
3472,11.18681087609882,0.9028659652055966,1
3473,11.264716774032866,0.8664020047817298,1
3474,11.266760715975503,0.8950869110692369,1
3475,11.270996549300271,0.8982571272890397,1
3476,11.24187430267327,0.8809958906683,1
3477,11.261456443055309,0.8870560928678812,1
3478,11.24082255348312,0.8810099684092189,1
3479,11.326784446303385,0.8931237694134655,1
3480,11.302383903261385,0.8727205619225491,1
3481,11.31405888532398,0.8588530991897051,1
3482,11.335077910666309,0.868553372241121,1
3483,11.315393455948417,0.8597067738229668,1
3484,11.336650654020415,0.867698746209536,1
3485,11.345081156539573,0.8930591576038398,1
3486,11.36041201499219,0.8941745207031416,1
3487,11.387617334725428,0.8794986824421578,1
3488,11.383894486043909,0.8971066107855317,1
3489,11.388907660911299,0.90755841159689,1
3490,11.365109513933449,0.90399571813825,1
3491,11.432314767966197,0.8781470965977746,1
3492,11.429436274291517,0.9052873509519067,1
3493,11.431272753858813,0.9063526450754898,1
3494,11.4080089648226,0.862542535938781,1
3495,11.446053896483727,0.8895551154733496,1
3496,11.474787700950438,0.8722020998441056,1
3497,11.485527905449977,0.864988495572298,1
3498,11.455050888603605,0.8709604345968396,1
3499,11.511849541044157,0.8727801751810809,1
3500,11.514273504982683,0.8735565205262843,1
3501,11.52091076660781,0.8763323446303326,1
3502,11.514947505182944,0.8622407255372923,1
3503,11.499157905123615,0.8590673040390813,1
3504,11.550859833621212,0.8829920442004183,1
3505,11.575696186057277,0.8770442263388883,1
3506,11.561957735354364,0.8966911326404854,1
3507,11.565829188918478,0.8961881510290591,1
3508,11.584407266930228,0.8943809576261602,1
3509,11.566675958437543,0.8847962178134703,1
3510,11.62829663540483,0.9036155784853145,1
3511,11.65678897139798,0.8837533744465177,1
3512,11.627943554985034,0.8965754850888839,1
3513,11.604942577099552,0.8571309390092644,1
3514,11.616082920331293,0.858660010722744,1
3515,11.617389709396145,0.8597192401549208,1
3516,11.684937835034486,0.8665382743123654,1
3517,11.667887022532366,0.8922422558244115,1
3518,11.66404458915232,0.8598142173137708,1
3519,11.690342802172427,0.872743808508092,1
3520,11.668233040380562,0.8787183860617848,1
3521,11.700386129152204,0.8870720946013655,1
3522,11.763243282211121,0.8716218851128507,1
3523,11.76224813712335,0.8562892615823654,1
3524,11.725719154012651,0.8952895750735597,1
3525,11.718883929671662,0.8785810693842803,1
3526,11.716326386581915,0.8586029913934283,1
3527,11.797756102870947,0.8903715845074011,1
3528,11.806479926312688,0.8730800950535909,1
3529,11.814380433350124,0.8782994362187786,1
3530,11.786366379981384,0.9070724322469242,1
3531,11.860531055963374,0.8890132035314094,1
3532,11.842366662056836,0.8698937518400387,1
3533,11.836701095754995,0.8925802189577301,1
3534,11.881418401685707,0.8752442191642577,1
3535,11.916954526656278,0.8684090131117089,1
3536,11.926393373204279,0.9010530857275264,1
3537,11.9441689624051,0.8649444044284215,1
3538,11.976557670164624,0.87138907344535,1
3539,11.959733030961232,0.8596705101657143,1
3540,11.980085741081998,0.8897185661550269,1
3541,8.071973339018658,0.9544956797662983,1
3542,8.101753751849097,0.9476634118541476,1
3543,8.128674866724799,0.9553307579114475,1
3544,8.229212678106602,0.9176051071362052,1
3545,8.242192677527754,0.9214470384907538,1
3546,8.318172802321394,0.9435314839530419,1
3547,8.918266938124841,0.9504412147137363,1
3548,8.98266454598764,0.9501510536386623,1
3549,8.933985013876063,0.9228245441701179,1
3550,8.958591581427273,0.9517481793905423,1
3551,9.031975089376436,0.9433770712407503,1
3552,9.020299112068207,0.9236792626552204,1
3553,9.059230159219675,0.9458643904507897,1
3554,9.105955937238841,0.935455475175495,1
3555,9.122045967669724,0.9274165298198016,1
3556,9.164939650507248,0.9330385886646377,1
3557,9.159340940847384,0.9180718998817446,1
3558,9.16463459508211,0.9205680077624662,1
3559,9.22226676638523,0.9175145170526585,1
3560,9.243795032406622,0.916764043610421,1
3561,9.232270092528207,0.9415447816872117,1
3562,9.30151678112079,0.9444197659078982,1
3563,9.297651386273397,0.9251435686566166,1
3564,9.285811490631938,0.9367179157661739,1
3565,9.320434318073499,0.9502092164770863,1
3566,9.32282130486407,0.9500060629183094,1
3567,9.362566044902586,0.9096747112376729,1
3568,9.40433183923002,0.9474736039755441,1
3569,9.4632054226485,0.9236973305449985,1
3570,9.419809433368265,0.9566316617919072,1
3571,9.511469095639955,0.9188691890267192,1
3572,9.489559245663095,0.920209341777413,1
3573,9.571480833041443,0.9614917319351943,1
3574,9.524640009951012,0.9326678612330491,1
3575,9.619697258958617,0.9222347864926324,1
3576,9.574223653840193,0.9468628419740895,1
3577,9.609454013592465,0.9567445055854996,1
3578,9.644843362701536,0.9144725545220986,1
3579,9.643195821782001,0.9226704497360252,1
3580,9.640563558060226,0.9524201407633915,1
3581,9.655636751210201,0.931764785649746,1
3582,9.701122869405879,0.9470162451668376,1
3583,9.681290488916188,0.9482612671728908,1
3584,9.703676003976415,0.9433755155885569,1
3585,9.714326550549385,0.9457619471816585,1
3586,9.772505175309458,0.9596214021421804,1
3587,9.752032400958297,0.9388348410047024,1
3588,9.758273820947625,0.9495747913556595,1
3589,9.833265961835542,0.942236714272424,1
3590,9.822911640271174,0.9400767340157663,1
3591,9.824382839436629,0.9477678310508375,1
3592,9.886592064386358,0.9369335413604799,1
3593,9.84860143156207,0.9271733204119001,1
3594,9.86567697270561,0.9312651467381251,1
3595,9.93382487035572,0.9410071553332204,1
3596,9.895400289708606,0.9359818225949609,1
3597,9.914419347725323,0.9156061006096293,1
3598,9.924173237304036,0.9569215094813599,1
3599,9.904361760969955,0.9094945637438505,1
3600,9.979366510816375,0.9112234356195692,1
3601,9.980979733864057,0.9103135915784513,1
3602,9.957948937102673,0.9448840040909111,1
3603,9.971308722136634,0.9306428223481609,1
3604,10.105072991706054,0.9345819544990801,1
3605,10.09600580647163,0.9477815312120652,1
3606,10.121703997865827,0.9504584237265806,1
3607,10.154032524135209,0.9370596985436512,1
3608,10.155941357846366,0.9591233865181135,1
3609,10.108667110044886,0.9324750199432653,1
3610,10.211356210872427,0.9491016309674004,1
3611,10.212436177135581,0.9336564560245008,1
3612,10.170576009759145,0.9279681214557133,1
3613,10.161678325702,0.9410517384860413,1
3614,10.237443465129505,0.9228128774227968,1
3615,10.222190106109707,0.9520908590472804,1
3616,10.2269972751093,0.9586274394507267,1
3617,10.2743918165947,0.9402450321449632,1
3618,10.284618705931774,0.935954492158125,1
3619,10.329888699818001,0.9568258687245803,1
3620,10.338584895288617,0.9349545942893168,1
3621,10.384333210204586,0.9241935156140304,1
3622,10.402036287237843,0.9539208770325345,1
3623,10.441907388959372,0.9513079318608276,1
3624,10.47748468920133,0.9500474548704523,1
3625,10.467765311785284,0.9545652978055505,1
3626,10.487686984536673,0.9457382425943597,1
3627,10.515549081477921,0.9446109119415299,1
3628,10.488129588894767,0.9365204029578442,1
3629,10.573168929570931,0.9132881797981448,1
3630,10.572675360517806,0.9613764223206653,1
3631,10.55925108619835,0.9127097326928462,1
3632,10.605713583779643,0.9454310653924186,1
3633,10.610978169668877,0.9528999718345089,1
3634,10.668218388002817,0.9402400972706627,1
3635,10.68152440372628,0.9134969975731292,1
3636,10.661579138763674,0.9574710704987692,1
3637,10.735215462693228,0.9414901565914398,1
3638,10.741013479700776,0.947470439356055,1
3639,10.732997012845907,0.9249239508583119,1
3640,10.742682714604175,0.9379302391276884,1
3641,10.776402557676134,0.9152794527261326,1
3642,10.75269702634697,0.9157668637402732,1
3643,10.750195381163241,0.9610869112908039,1
3644,10.811037394823506,0.9526862200629003,1
3645,10.809750983202306,0.9171337998298291,1
3646,10.820055703165457,0.9189141616446088,1
3647,10.898914485263854,0.9268719270572099,1
3648,10.86482779023105,0.9328357761802768,1
3649,10.897538647375272,0.9396338292067485,1
3650,10.910482014346105,0.9286059014405398,1
3651,10.947791110544925,0.9499819060479429,1
3652,10.990223913240873,0.9467612010126534,1
3653,10.967492759216082,0.920743633311747,1
3654,11.0090785351007,0.9220182208486116,1
3655,11.056747972275673,0.9516442141553078,1
3656,11.02902951745712,0.9488246699960904,1
3657,11.027415664362621,0.9612628085046017,1
3658,11.02938792182948,0.9495748879429516,1
3659,11.051606090041062,0.9371272282697167,1
3660,11.078926523125862,0.9521898203147173,1
3661,11.120425869944636,0.9549416368600114,1
3662,11.122484287307403,0.9202409537065982,1
3663,11.090779222755973,0.9229767644324409,1
3664,11.071381455913018,0.9165265098622812,1
3665,11.074051606728316,0.9298989991980235,1
3666,11.156957163462744,0.9617199024420464,1
3667,11.174581218561805,0.9569545113688017,1
3668,11.170124705376747,0.9558719227153757,1
3669,11.170963091818955,0.940904522044455,1
3670,11.138334449354181,0.9200184001950388,1
3671,11.127933283055642,0.9459128717023575,1
3672,11.218174376389943,0.9182926526136052,1
3673,11.188570673059752,0.9359963999994404,1
3674,11.211496617653712,0.9282118627810722,1
3675,11.227524992330391,0.9462272184500875,1
3676,11.213903607527858,0.9309603204973372,1
3677,11.281051352046088,0.9229725591509577,1
3678,11.28075417252156,0.9599182656256309,1
3679,11.283021921992333,0.9600331333090285,1
3680,11.253764160877896,0.9593247647836426,1
3681,11.274047544750758,0.9545043445018043,1
3682,11.292008480805327,0.9111064994165995,1
3683,11.287314703535706,0.9261917020967668,1
3684,11.33151038056023,0.9400653577730353,1
3685,11.326408390193317,0.9176088489462321,1
3686,11.317985301900059,0.9100437935057124,1
3687,11.32109983536443,0.9485781009432245,1
3688,11.372500950696091,0.9319820330805079,1
3689,11.386318638231316,0.9135486384846793,1
3690,11.345521547350785,0.9431295238907575,1
3691,11.338236302567235,0.935253113909293,1
3692,11.355712753232757,0.9395428663314578,1
3693,11.35099827514648,0.9472872485448458,1
3694,11.425349670396216,0.9530998068764406,1
3695,11.39663935806341,0.9606402472230317,1
3696,11.436076324500476,0.9487261274939284,1
3697,11.41952879298484,0.9587900153819915,1
3698,11.43072204722739,0.9568875966758075,1
3699,11.457734164050766,0.9496808763302844,1
3700,11.444746961411603,0.932567610531391,1
3701,11.480578905273532,0.9414292676582612,1
3702,11.489141508189968,0.9169287283415933,1
3703,11.507607629056087,0.9137216484788439,1
3704,11.525628774208547,0.9154255638574925,1
3705,11.503010050071644,0.9606632824572738,1
3706,11.511973442006473,0.9218506709417184,1
3707,11.569584841025058,0.9536294319069597,1
3708,11.579533683493525,0.9195759078347541,1
3709,11.59063038478187,0.9260294665743914,1
3710,11.555494164072064,0.9169229351929743,1
3711,11.5924306256334,0.9549186292613661,1
3712,11.633110000365647,0.9379663132879854,1
3713,11.645352772084069,0.9529244906281846,1
3714,11.656910975122589,0.9440938752723496,1
3715,11.610584924661326,0.9429362081628369,1
3716,11.605105664702974,0.9624779681173526,1
3717,11.60576520001328,0.9351680314386382,1
3718,11.711051269865553,0.9574649156236026,1
3719,11.702994431122166,0.9431863446727168,1
3720,11.665391920985227,0.92255003829912,1
3721,11.688231870532274,0.94007677496657,1
3722,11.693758985287541,0.9146665498036357,1
3723,11.75184356180498,0.9563984750200785,1
3724,11.711990567661362,0.9573665723620074,1
3725,11.746214072708412,0.9325954617879291,1
3726,11.748812531480668,0.9101754046219865,1
3727,11.755976503144185,0.9521826601862312,1
3728,11.714099944267186,0.9402801983703803,1
3729,11.808236721912088,0.9390472159223602,1
3730,11.794659982168936,0.9221623609802491,1
3731,11.780817743332868,0.9182721589567314,1
3732,11.814671569313317,0.940713018124577,1
3733,11.775259618356033,0.9194009222694288,1
3734,11.802891906363893,0.9371967045193696,1
3735,11.868814411040718,0.9374161109351427,1
3736,11.844336015269613,0.9617631691922112,1
3737,11.868349620682947,0.9117099499597228,1
3738,11.84049334151874,0.9294761620221493,1
3739,11.900411303432998,0.9149564293774374,1
3740,11.905481687547931,0.9249133286073283,1
3741,11.955987696889858,0.9483744363383984,1
3742,11.971534704635605,0.9425415950598732,1
3743,11.957900276045377,0.9539250796882665,1
3744,8.046876410844902,0.9764083882751061,1
3745,8.072157551195717,1.010565894556529,1
3746,8.125663015161114,0.9771966903630604,1
3747,8.13440580521485,0.9661169866765058,1
3748,8.242276569772212,0.9890625571536288,1
3749,8.256920107618315,0.9807957622275587,1
3750,8.243670130156648,1.0074136935916347,1
3751,8.293038287464471,0.9819199757541048,1
3752,8.33186341919829,0.9765115363244585,1
3753,8.339010847618649,0.973621260801654,1
3754,8.391793015365197,0.9963656144928721,1
3755,8.39541771233194,0.9830722347260364,1
3756,8.973720324388717,0.9760644998949527,1
3757,8.947734087261331,0.9869290122395387,1
3758,8.986950154434659,0.9847747617752491,1
3759,9.032708829081836,0.9713038158999787,1
3760,9.079099653171951,1.0057441213001812,1
3761,9.052710457835872,1.007001130239086,1
3762,9.1136812393904,0.9746178944211824,1
3763,9.1175462627433,1.0002358004427232,1
3764,9.163341337262603,1.003371414568822,1
3765,9.162778608429315,0.9863183909831043,1
3766,9.15738285471221,1.0007406740910771,1
3767,9.246159634911734,1.0024640289104785,1
3768,9.205790051953137,0.9912655449549498,1
3769,9.212012275879259,0.9948319491256289,1
3770,9.25945814497469,0.9865016762607162,1
3771,9.253674417411482,0.9997397490497997,1
3772,9.256864757983806,0.9695007269548347,1
3773,9.321161890103568,0.9960350572012563,1
3774,9.334889942960967,0.965232364120517,1
3775,9.331454234334336,0.9917028282736731,1
3776,9.379477489531284,0.9861589966611403,1
3777,9.38547556942049,0.9838383158660405,1
3778,9.463031780069162,1.0106076421993442,1
3779,9.455450635585484,0.9781572365854048,1
3780,9.508217698383978,0.9895914628792193,1
3781,9.474961132974629,0.9830557794912758,1
3782,9.539666176990709,0.9764186142940477,1
3783,9.536966918470513,0.9988919876187202,1
3784,9.592802816712371,1.0066145856415651,1
3785,9.607295488541913,0.9692337928348335,1
3786,9.597185034049701,1.0079501929511827,1
3787,9.659295356832057,0.9722017609494769,1
3788,9.644998348505638,1.0035833101945435,1
3789,9.639427878809952,1.0046458539561964,1
3790,9.646829303481276,0.972691332098914,1
3791,9.654736629813199,0.9861558330441585,1
3792,9.698428059362124,0.9701280407455812,1
3793,9.715561443139565,0.9750048557089207,1
3794,9.699433168340798,0.9730714421271015,1
3795,9.692016609918204,1.0057163395686102,1
3796,9.734443904194242,0.9742117455764497,1
3797,9.739075044329553,0.9650102296324138,1
3798,9.736529664947033,0.9864866432514887,1
3799,9.828886875667559,0.9717103501326372,1
3800,9.786457818528048,1.004879481655299,1
3801,9.794985996696337,0.9751002782912911,1
3802,9.856960167300171,1.0034432380001495,1
3803,9.882263224908284,0.9746894637652743,1
3804,9.850365492004133,1.012916877626739,1
3805,9.876797280988693,1.0013433355209835,1
3806,9.903779798875545,1.0149427337197232,1
3807,9.925625298437888,1.0074358731935191,1
3808,9.919706671960993,0.9967870841111844,1
3809,9.945883491871081,0.9722473733011617,1
3810,9.999636919362382,0.9951649078332616,1
3811,9.947348101953725,1.0119470543563545,1
3812,10.067884100522809,0.9963451326829125,1
3813,10.073799914198734,0.9677443389087904,1
3814,10.056652856236711,1.0094344988830732,1
3815,10.134700712548465,0.9678311885082632,1
3816,10.113013354512077,1.0123899108278576,1
3817,10.144681852156635,1.003698320712559,1
3818,10.118031924038062,0.9947337325446944,1
3819,10.186744610939899,1.0061101261457763,1
3820,10.210349680577634,0.972903802903463,1
3821,10.20822606904291,1.0154261248096017,1
3822,10.199790684222576,1.00632535774612,1
3823,10.248984785307046,1.0150762043581119,1
3824,10.226915576850764,0.9705045993511532,1
3825,10.228926259069956,0.9712203656761399,1
3826,10.302543516244306,1.0108148373574721,1
3827,10.29159978667867,1.0134978860977957,1
3828,10.349457354060217,1.011732185943074,1
3829,10.350945547509916,0.9676897943089754,1
3830,10.397968236524175,0.9837008431364244,1
3831,10.396379937893116,1.0121316005118757,1
3832,10.408135262354794,0.9862586972541848,1
3833,10.467331446245412,0.9972142978034796,1
3834,10.463095688303236,0.9748205352067305,1
3835,10.435427213645086,1.0083976988319692,1
3836,10.514311146695395,0.9920112209206126,1
3837,10.509408121817229,0.9718581744116447,1
3838,10.510607251863266,0.9937935573818882,1
3839,10.58295513124593,1.0127713504353801,1
3840,10.537674520990809,1.000326518480116,1
3841,10.539280462752615,0.9951572344318926,1
3842,10.62762160690031,1.0133881037804295,1
3843,10.641551264542345,1.014052331568784,1
3844,10.600504219367748,0.9986383915327781,1
3845,10.655161718695146,1.0065985128551922,1
3846,10.691635280571914,0.9778123572254774,1
3847,10.662435845891942,0.9720948130208605,1
3848,10.717922494992072,1.0135860188891304,1
3849,10.725157053400498,0.9836860487799789,1
3850,10.721188214382973,0.9978434759392031,1
3851,10.77238961933978,0.9845453460536013,1
3852,10.768366534248173,1.0015166900607149,1
3853,10.828885723571867,1.0031455584172895,1
3854,10.85041640337704,0.9799169907868893,1
3855,10.889699430206184,0.9795964778694347,1
3856,10.882541432307875,0.9992350445932286,1
3857,10.912148054613763,0.9691971396380193,1
3858,10.920113698269864,0.972822234051282,1
3859,10.967044071009663,0.9970082188693224,1
3860,10.972048083111721,0.9996892372511736,1
3861,11.013823577531038,0.9714918592575507,1
3862,10.998329213283998,0.9722756898171727,1
3863,11.00583749084476,0.972038233165201,1
3864,11.040494100973053,0.9784502406054607,1
3865,11.063309945917444,0.9653466450529844,1
3866,11.030939264731485,0.9706602272536131,1
3867,11.05443321746774,0.9980943253650723,1
3868,11.035056466963995,0.9920384089219129,1
3869,11.019563612673158,1.0058568785141713,1
3870,11.083548707932628,0.9815109349462029,1
3871,11.120698384207513,0.9832409579713081,1
3872,11.12049686465915,0.9865832233942858,1
3873,11.109001459631676,1.0010189483936909,1
3874,11.118808088754388,0.9946443113077814,1
3875,11.08040048664305,0.9703082609748926,1
3876,11.167620926345819,1.0094454978514174,1
3877,11.14718889081287,0.9952160551203422,1
3878,11.147662954633764,0.9829108920916042,1
3879,11.139026480614177,1.0020896797252763,1
3880,11.157965691203541,0.9745019423082848,1
3881,11.217893324099203,0.9898639308090718,1
3882,11.196012876343566,0.9879260979556829,1
3883,11.223912911397841,0.9758895646065612,1
3884,11.229575915456355,0.9943816172207878,1
3885,11.21408371003182,1.0025735876761555,1
3886,11.260870504690994,0.9865488856926931,1
3887,11.241724372162409,0.9802441303669622,1
3888,11.248291202513084,0.9954301963451743,1
3889,11.265006233759678,0.9914077579444259,1
3890,11.26922671956164,0.9845668383010836,1
3891,11.285951175120637,1.0001261031883062,1
3892,11.332578315147215,1.0058514437853097,1
3893,11.284523871654546,0.9912458998533505,1
3894,11.329401255101647,1.0066394130607572,1
3895,11.311996814123274,0.9632701451480795,1
3896,11.32245215895209,1.003679747953402,1
3897,11.356788327544177,0.9738140367531346,1
3898,11.356383531695338,1.0105639607423338,1
3899,11.365938346211497,1.0151729932756353,1
3900,11.367135426479946,0.9692519158281528,1
3901,11.384325088099637,1.0010901244359534,1
3902,11.368022187185819,0.9963423303661464,1
3903,11.41801767110523,0.9926889159841924,1
3904,11.415723681587393,0.9792588058324257,1
3905,11.434196582737565,0.9912128847781596,1
3906,11.430594326993182,0.9964411512838031,1
3907,11.405118106266581,1.005182448031783,1
3908,11.41828135645676,0.9953545654673985,1
3909,11.470963784044185,0.9770460493168478,1
3910,11.46719532588352,0.9786586752948223,1
3911,11.46170359421822,0.9970369940600722,1
3912,11.48731285853686,0.9834569898644152,1
3913,11.46548602770577,0.9828008452735231,1
3914,11.479952468274893,0.9971827233598194,1
3915,11.543890812381258,1.0031392057038944,1
3916,11.504025576450568,0.9737012285435083,1
3917,11.501483245324179,0.9674263695749844,1
3918,11.519026518302109,0.9901632815547738,1
3919,11.536885982252768,1.0127214887498266,1
3920,11.571349826673476,0.9670894114158471,1
3921,11.567381032719458,1.0055051555735803,1
3922,11.563225291287727,0.980743461787455,1
3923,11.591204530872538,1.0133718134497458,1
3924,11.554584070920637,0.991091270659372,1
3925,11.650243864009795,1.0063935279915492,1
3926,11.642044775244711,0.9771301173824146,1
3927,11.60527617862874,0.9965355038467874,1
3928,11.650312157858984,0.9754672293696394,1
3929,11.647548526056193,0.9920148608507391,1
3930,11.613910255891973,0.9680302966836069,1
3931,11.664225048991726,0.965494482276776,1
3932,11.670328483592995,0.9916848745123059,1
3933,11.674578046049634,1.0048462573040837,1
3934,11.681680145704158,0.9818188099013643,1
3935,11.704957735241171,0.9689237511080788,1
3936,11.721308758271478,0.9679207349034354,1
3937,11.718274025765897,1.0113551276520327,1
3938,11.73118662375365,0.9915256190418368,1
3939,11.734276111634292,0.9994055563483222,1
3940,11.719105514621614,1.0057490675463907,1
3941,11.81771386458679,0.9675114351512969,1
3942,11.798446579641634,0.9799254114279439,1
3943,11.785854649313185,0.9787882297082455,1
3944,11.811164862519194,1.0005897640885462,1
3945,11.77732855821577,0.9989985528155879,1
3946,11.782850150916094,0.971979897299213,1
3947,11.857364013185183,0.9747845142408437,1
3948,11.870446547646315,1.0029590086304494,1
3949,11.828883679728897,1.012506654944946,1
3950,11.830356209526506,0.9975640222370064,1
3951,11.818702143169956,0.9823079912812689,1
3952,11.906214119735585,1.0133983878284674,1
3953,11.90962258802353,0.9973038535314361,1
3954,11.968460442926217,0.9972702566208443,1
3955,11.94354118669735,0.975217679757892,1
3956,11.99436802126799,1.0026119067786232,1
3957,8.018290274743965,1.0691521698682571,1
3958,8.004214416156545,1.0505212861779925,1
3959,8.024891636612347,1.033753449405545,1
3960,8.043515803404361,1.0618830817273606,1
3961,8.05926779726529,1.0558562737311572,1
3962,8.059883602515685,1.056121620700616,1
3963,8.100388763150042,1.0499880103173798,1
3964,8.083184913488441,1.0322160819671038,1
3965,8.102626121769653,1.0648715630137051,1
3966,8.14788940302496,1.069279744447185,1
3967,8.277781683307204,1.0326558167875832,1
3968,8.336663111921938,1.0220796821459976,1
3969,8.306240936692035,1.0630804073889044,1
3970,8.330326582149638,1.038777725462402,1
3971,8.336756220023915,1.0264706552335792,1
3972,8.359861121297676,1.0654472047833998,1
3973,8.360515322455184,1.0645636449830558,1
3974,8.387874284744475,1.0274476146101117,1
3975,8.349455057103857,1.0271257999458012,1
3976,8.391158799227176,1.0229448412471973,1
3977,8.428245159585558,1.0631658119501455,1
3978,8.415296680001159,1.051398410526475,1
3979,9.008562222960762,1.0583156889808594,1
3980,9.065981290728262,1.0534028191817644,1
3981,9.062582773213299,1.0164021950633337,1
3982,9.125263612002467,1.0672453543922018,1
3983,9.113833545988339,1.0256061893852326,1
3984,9.10481471522801,1.0571021085385963,1
3985,9.15627321528739,1.0250461436894769,1
3986,9.181103294830733,1.0636074839871803,1
3987,9.166045609707236,1.0340858879565462,1
3988,9.181007542075422,1.0601299522556502,1
3989,9.227301329156166,1.0645515997800077,1
3990,9.25078146388368,1.0605867323924763,1
3991,9.214582142231293,1.0404479376893003,1
3992,9.278961116609306,1.0306994495415724,1
3993,9.303428986645129,1.0548217336990522,1
3994,9.322139827073814,1.0188881363575528,1
3995,9.325077901444168,1.0658630479663211,1
3996,9.319783643338521,1.0658001428917714,1
3997,9.387862953129304,1.0621333588108697,1
3998,9.406312677838448,1.0380698037797849,1
3999,9.402788514770341,1.0170901148973106,1
4000,9.430299678318237,1.0223650988570165,1
4001,9.46510910231151,1.019461707070067,1
4002,9.518406803457502,1.065684946880326,1
4003,9.477903341534269,1.0348067448446177,1
4004,9.561799818927806,1.0162530154768417,1
4005,9.544719872727319,1.02329471552007,1
4006,9.613888320729238,1.0504026332449985,1
4007,9.600904099906632,1.0419816771424026,1
4008,9.589040350055042,1.0624771511026048,1
4009,9.657782154014065,1.0488767929019842,1
4010,9.65122924334233,1.0391620931055248,1
4011,9.677125989594584,1.0212202429596542,1
4012,9.643626205762072,1.056909420457103,1
4013,9.671145996079908,1.0590106883357482,1
4014,9.691980711002667,1.0518959517218687,1
4015,9.679527823179058,1.0383332618626422,1
4016,9.682646670830312,1.0664442388716344,1
4017,9.720147286993774,1.052164373995383,1
4018,9.751973380105456,1.019947760422636,1
4019,9.77490017736578,1.0422937734527111,1
4020,9.777844550147382,1.0564912253003613,1
4021,9.820296604268844,1.0192815219992932,1
4022,9.823722109311332,1.0547943265364557,1
4023,9.835108825374025,1.0253881348382734,1
4024,9.855662839290094,1.0572991209399498,1
4025,9.854171922824147,1.0499397058548796,1
4026,9.891279838874144,1.047320588643753,1
4027,9.84647451473104,1.0425561162380559,1
4028,9.931298841326594,1.0216328618924218,1
4029,9.922132685852006,1.047213213472953,1
4030,9.895627166215842,1.0282273697511557,1
4031,10.067596133818746,1.039109382012263,1
4032,10.104165446944371,1.039417968936095,1
4033,10.0736251802494,1.0396678231153513,1
4034,10.111013068046732,1.017102187474486,1
4035,10.134176759393336,1.0674759330580517,1
4036,10.114967533766361,1.0671850336924027,1
4037,10.114129010456006,1.0207433007170525,1
4038,10.19862311043679,1.0460425103135205,1
4039,10.175866063719742,1.0308887103970625,1
4040,10.198964408559,1.0437513789377406,1
4041,10.216502602209438,1.0601989861014693,1
4042,10.242635229299726,1.0488396724359321,1
4043,10.22126523855595,1.0238480639373113,1
4044,10.26858477031633,1.0494499783270184,1
4045,10.318814063943472,1.069219083568809,1
4046,10.352248346689862,1.0325392846355657,1
4047,10.35701400870262,1.0509353468475457,1
4048,10.416093449502421,1.0303916278001521,1
4049,10.426583129516912,1.028927960873266,1
4050,10.480546624557267,1.0617788438237712,1
4051,10.448782789346657,1.0170679015481454,1
4052,10.454113252683454,1.061662733951777,1
4053,10.533585473517528,1.0315108161857285,1
4054,10.490407569475574,1.0532105134657896,1
4055,10.483917578217069,1.0331259845434957,1
4056,10.573899590743574,1.0549030332486227,1
4057,10.580823878768957,1.031275538642057,1
4058,10.5360001402085,1.0232793959418285,1
4059,10.631387590787725,1.0414170599735495,1
4060,10.62432175046904,1.0272513877525775,1
4061,10.63086162073652,1.0556224713354732,1
4062,10.67967401955988,1.0691853865144627,1
4063,10.676530220879592,1.052717793738757,1
4064,10.673857102354237,1.0585776742467337,1
4065,10.719472086776891,1.0161040296944903,1
4066,10.695426146117939,1.049514057916134,1
4067,10.783917401440021,1.0437099945339154,1
4068,10.764376658911779,1.0323801157391936,1
4069,10.826972584226489,1.0515023541513637,1
4070,10.80722303764308,1.0344149553920468,1
4071,10.868070300912544,1.0175558158316946,1
4072,10.865504020350192,1.0294741194054216,1
4073,10.943456542341112,1.0578484814025646,1
4074,10.911331860846701,1.05300775769589,1
4075,10.914577166209742,1.034734282311704,1
4076,10.91048100676191,1.0216595603512921,1
4077,11.013235527199678,1.0205317028473777,1
4078,11.014525069311153,1.02569124160195,1
4079,11.011546316214176,1.0386242179849365,1
4080,10.99906359706587,1.0246384180758545,1
4081,11.006450127755311,1.0548498984776775,1
4082,11.054680612545514,1.0685190650104333,1
4083,11.016467850826816,1.0519298991141142,1
4084,11.051182871290647,1.0457209770641136,1
4085,11.048492383929544,1.0588500802086138,1
4086,11.065749730847125,1.0378089662805392,1
4087,11.050071170746786,1.039750352421504,1
4088,11.105929637242781,1.0527152653397631,1
4089,11.091915322923807,1.0527141518379048,1
4090,11.104775293092022,1.0545704280249397,1
4091,11.091546061007747,1.0391180367447572,1
4092,11.104891983074465,1.05448930002059,1
4093,11.091023306438354,1.0362904450115724,1
4094,11.176029129686684,1.0278580942996736,1
4095,11.14328916982595,1.0486122503947437,1
4096,11.172778563586382,1.0563088978121842,1
4097,11.166395498182467,1.0594060203641678,1
4098,11.17566271837858,1.042639188663635,1
4099,11.162011905870656,1.0345501168797413,1
4100,11.20083725731915,1.0268624997559945,1
4101,11.227102994880335,1.0431418453339005,1
4102,11.182987247911164,1.0508109813587174,1
4103,11.210474832425588,1.0543645821022134,1
4104,11.220027046360698,1.0422297437074364,1
4105,11.259873924497864,1.0602541332106974,1
4106,11.270115275046745,1.0470726257862557,1
4107,11.243828247501835,1.02644880635225,1
4108,11.258731525384734,1.0161715979790014,1
4109,11.2556112974439,1.063715140551772,1
4110,11.266476654019563,1.062562453147802,1
4111,11.30373008659119,1.0477109849397315,1
4112,11.33065614899861,1.0632436592149843,1
4113,11.292420366654644,1.04396575064623,1
4114,11.317730094731395,1.0620545538491617,1
4115,11.320897928087895,1.0490893732285118,1
4116,11.326273774469284,1.0461565363409029,1
4117,11.371690207279277,1.040786252697188,1
4118,11.373381640806615,1.0229384847436451,1
4119,11.343159023636584,1.0487373549485728,1
4120,11.389118387116403,1.0355071317782036,1
4121,11.364718705297102,1.0208876344434423,1
4122,11.387398878713899,1.0562762067868723,1
4123,11.436396337972516,1.039074631888156,1
4124,11.397718220750644,1.0587709556532123,1
4125,11.414995282552738,1.0175797793720263,1
4126,11.43383495734794,1.03491029890952,1
4127,11.432376903529788,1.0453837462939883,1
4128,11.438104233152226,1.0655022138409045,1
4129,11.466019768247804,1.0592189991375005,1
4130,11.448888214784473,1.0334191156432815,1
4131,11.464777905976295,1.0264846401800376,1
4132,11.493712805051063,1.040415806309904,1
4133,11.464278591096111,1.056844748874391,1
4134,11.485606559448092,1.0431064942526762,1
4135,11.498519007852115,1.0421512501593408,1
4136,11.53740156191847,1.0648855482285335,1
4137,11.535489005978953,1.0531448866565545,1
4138,11.54310460719913,1.0211585302570985,1
4139,11.518482382642611,1.0635627880694365,1
4140,11.539318626393927,1.0191295936259137,1
4141,11.557801965291642,1.0222790606173087,1
4142,11.562317118695306,1.0505901031584188,1
4143,11.58636372996658,1.0464015611654014,1
4144,11.569465190572862,1.0179863774494484,1
4145,11.577544417226589,1.0577095417072668,1
4146,11.620586335091009,1.0632396068993255,1
4147,11.633631856776823,1.0556614873497956,1
4148,11.609627534245952,1.0673823661763449,1
4149,11.621930363575533,1.0233029710420496,1
4150,11.65473524694253,1.0621379375523698,1
4151,11.640471441769845,1.054800446575536,1
4152,11.681521948339523,1.0392868090568341,1
4153,11.692024541817648,1.0617626384002574,1
4154,11.692850176792858,1.04204684559371,1
4155,11.708555764659025,1.025415049586471,1
4156,11.661236404592824,1.021314868036419,1
4157,11.723416615911905,1.0592046047486778,1
4158,11.733124457105843,1.0532436866835324,1
4159,11.764385870918922,1.0580082384711722,1
4160,11.742729474104765,1.0274234462574903,1
4161,11.781622890408952,1.0532298592817717,1
4162,11.768180885661877,1.046370034388487,1
4163,11.796602856991603,1.0253212086141426,1
4164,11.806983626688433,1.0298951358158448,1
4165,11.780657648908786,1.0167125395432526,1
4166,11.76934760574632,1.0308167667190098,1
4167,11.866846907227295,1.0461065924422412,1
4168,11.83055112700981,1.0307233244229,1
4169,11.854887297747897,1.045204284021386,1
4170,11.842163501101416,1.0533900763476935,1
4171,11.820145771684105,1.0283774351129253,1
4172,11.824001767605262,1.0558070259672492,1
4173,11.904948596560374,1.0426691661000718,1
4174,11.880579852084077,1.058441826599431,1
4175,11.906342558834497,1.0439554311813006,1
4176,11.889069375101194,1.0471242089882284,1
4177,11.960191479945234,1.0397833773114398,1
4178,11.967885486686283,1.0561918852157364,1
4179,11.987035715943477,1.020188259865632,1
4180,11.99208682538946,1.0419151357428247,1
4181,8.001856999850652,1.1222160772601186,1
4182,8.005244615919766,1.1101955370496057,1
4183,8.04578108509427,1.1055797483462813,1
4184,8.059905115008032,1.104973823345815,1
4185,8.055729687960321,1.0706028834108394,1
4186,8.054803114103986,1.1125482939491995,1
4187,8.085848154532348,1.0921353487922922,1
4188,8.11360913793476,1.0879308589557195,1
4189,8.086210098423615,1.1125998497306386,1
4190,8.13384507117058,1.0842681644240728,1
4191,8.312810109575338,1.0982634370554416,1
4192,8.304734382773804,1.0832074996876857,1
4193,8.294276230442156,1.0975543558439826,1
4194,8.366279809588722,1.1079186759804118,1
4195,8.354265977453085,1.0699877939804812,1
4196,8.39222354334146,1.0855735815529033,1
4197,8.35808381039858,1.1046899173187301,1
4198,8.345735185597963,1.1147760405773481,1
4199,8.42706686183844,1.1196382082009728,1
4200,8.407209110585287,1.08778414684895,1
4201,8.446760952639545,1.0949002228169544,1
4202,8.409926064730477,1.0757329645531382,1
4203,9.063578566273181,1.1067372333635737,1
4204,9.11515615007991,1.1214540338886239,1
4205,9.124956394181229,1.100165600690935,1
4206,9.161441816951497,1.0736357182327978,1
4207,9.18821609913279,1.0762684731042107,1
4208,9.15081873983603,1.092610425119156,1
4209,9.235242194175944,1.111891697110118,1
4210,9.218009743074179,1.07903857662779,1
4211,9.201529468912867,1.1034298546784822,1
4212,9.258630850716242,1.0698848960815288,1
4213,9.274287435207023,1.0860265450617987,1
4214,9.322503901037972,1.087470918328135,1
4215,9.32161043114073,1.0799678477758818,1
4216,9.340482025184524,1.1000463137398822,1
4217,9.37519821781057,1.0745985159045015,1
4218,9.37337203031986,1.095505563381374,1
4219,9.40982588523647,1.0710743519601187,1
4220,9.43175345608378,1.1082977712641453,1
4221,9.43233359841375,1.0920683150232062,1
4222,9.487255246094211,1.0719417649276743,1
4223,9.470578947809166,1.082615511809135,1
4224,9.522604329539478,1.1024457949367545,1
4225,9.525934362571087,1.0813122579837928,1
4226,9.61103736731749,1.087036024465316,1
4227,9.59541614440842,1.0785063438694595,1
4228,9.574569681847228,1.097682772913434,1
4229,9.666715479690023,1.1093840454225554,1
4230,9.663271905060986,1.1040459894852581,1
4231,9.660365695414848,1.1042864996516886,1
4232,9.673546904086313,1.075943618404939,1
4233,9.695999047271778,1.0827467357496487,1
4234,9.697153700660259,1.077436181794487,1
4235,9.679684176989955,1.0762183156049756,1
4236,9.727506908350936,1.0908652332072168,1
4237,9.770360200588753,1.0808128024624724,1
4238,9.7721421002714,1.0918399810509885,1
4239,9.73434770755591,1.0952358252307142,1
4240,9.817909733062116,1.107746173475929,1
4241,9.794854183065395,1.073632600818664,1
4242,9.815070043053089,1.095605763134001,1
4243,9.892469506638111,1.0977816373136813,1
4244,9.872459779984988,1.1079498463930213,1
4245,9.853939541330151,1.0904241105364478,1
4246,9.92668823857252,1.1049208677745737,1
4247,10.016308379227121,1.1066358124558797,1
4248,10.062024228323573,1.072885687103186,1
4249,10.10694711618217,1.1109082134970958,1
4250,10.10640204391539,1.11970665023727,1
4251,10.133732843471025,1.0983385852059948,1
4252,10.12984061124362,1.0775435993661067,1
4253,10.130478228228831,1.0987756245254432,1
4254,10.181579938405962,1.1003829900781694,1
4255,10.180249099715063,1.0815124995418341,1
4256,10.195047100212257,1.0942055863049969,1
4257,10.258838619621036,1.0830061657138872,1
4258,10.233088863089835,1.1100096925135308,1
4259,10.263236956923132,1.0765318849529224,1
4260,10.314914875476235,1.1134263261581936,1
4261,10.317256223413665,1.1071570110438393,1
4262,10.369714392193375,1.1171824888213568,1
4263,10.367694703329107,1.1051281330592275,1
4264,10.377276455037805,1.1008673975523224,1
4265,10.404617071181859,1.111883046882656,1
4266,10.476301521897312,1.0702153290764704,1
4267,10.445313314066494,1.1030972354403197,1
4268,10.478040066994986,1.0772025862091008,1
4269,10.525983051416656,1.1136918803771518,1
4270,10.52423264858626,1.07729821995467,1
4271,10.531185973787464,1.1089978650931103,1
4272,10.573460575003143,1.1034917561627398,1
4273,10.548602426431994,1.1147448777508766,1
4274,10.574046312534135,1.1140934254881976,1
4275,10.630485497893021,1.0731449173650378,1
4276,10.605204839436533,1.0932979501575026,1
4277,10.652435091618567,1.1022299296600686,1
4278,10.669832527543115,1.087227364991756,1
4279,10.666292202955573,1.1136289038841731,1
4280,10.697593203737396,1.1036983594975935,1
4281,10.721933733057778,1.0729876426448328,1
4282,10.765373386334602,1.095742882598191,1
4283,10.825897033580334,1.0705473217326387,1
4284,10.852394425892797,1.1139202527648875,1
4285,10.87435864446971,1.0967928303455905,1
4286,10.881603863220109,1.0950693685851207,1
4287,10.887655419130082,1.0804247582772821,1
4288,10.908287284655168,1.1092229851107365,1
4289,10.866501919247563,1.1139793356245273,1
4290,10.929919214354085,1.0896260362236756,1
4291,10.94032111849776,1.0865930521191605,1
4292,10.948247841319867,1.1088284412134024,1
4293,10.960861779420776,1.1028656404228259,1
4294,10.943822335338416,1.098522908175785,1
4295,10.972424444636903,1.1205367620316735,1
4296,10.99906750892507,1.085433289045484,1
4297,11.01431982156797,1.0769288969580946,1
4298,11.014778964934415,1.1196712618197926,1
4299,11.014361663977349,1.0884541212577663,1
4300,11.05260934865676,1.1065340639369823,1
4301,11.032343121843919,1.114936453694675,1
4302,11.030094788406704,1.0754172677895764,1
4303,11.052738115896183,1.07409247706315,1
4304,11.029058524879652,1.1186073767701215,1
4305,11.106385274799027,1.1004289291952156,1
4306,11.112375330208325,1.1025209467655508,1
4307,11.090575389340168,1.104406628125422,1
4308,11.090970129754135,1.1073248756040062,1
4309,11.121131199138814,1.1078637031948548,1
4310,11.107999488871299,1.0849918696596321,1
4311,11.166600780407094,1.0842307456790548,1
4312,11.135710243904184,1.0732020303537306,1
4313,11.160919317987943,1.0794219422674256,1
4314,11.131557835780606,1.074038222803028,1
4315,11.162963890775893,1.1073967261507072,1
4316,11.14929774966268,1.1082513781506274,1
4317,11.17876652462356,1.0845125989010522,1
4318,11.188520176049991,1.0985645244651077,1
4319,11.206561112864009,1.1200998027064448,1
4320,11.179160169671318,1.0860676197042298,1
4321,11.229547416005769,1.0906991048696122,1
4322,11.1962701670829,1.0728450699917946,1
4323,11.26639733493064,1.0818409319398734,1
4324,11.249543138370152,1.109936934916477,1
4325,11.238450426685601,1.0892034106679622,1
4326,11.230092459592377,1.0766208633622256,1
4327,11.278103407196117,1.070994463839244,1
4328,11.272029813435825,1.0730426023977544,1
4329,11.312316994885519,1.074230633114756,1
4330,11.311249928002686,1.1034856379731266,1
4331,11.310885999060348,1.0965190512995704,1
4332,11.300015070110467,1.0746099712599635,1
4333,11.287297180831002,1.0835917792420666,1
4334,11.325705520737525,1.0779705805428044,1
4335,11.37301151927358,1.1024699910574374,1
4336,11.36680348121307,1.0889762145438802,1
4337,11.353131486010255,1.0946102777800144,1
4338,11.355856424710062,1.0960099340603393,1
4339,11.34494010298432,1.107120888809356,1
4340,11.345816245493534,1.1165588897252474,1
4341,11.432619397377506,1.1030391979349476,1
4342,11.436849784823059,1.075327847378608,1
4343,11.408032573953532,1.0991991382490245,1
4344,11.406850999136738,1.103778528232271,1
4345,11.431309112834608,1.0796637318365383,1
4346,11.408205419862343,1.1135565256885218,1
4347,11.49241020206658,1.0992492593187737,1
4348,11.485110877361377,1.121125196354596,1
4349,11.448883069672004,1.088343224708085,1
4350,11.464911221258138,1.1088155394900392,1
4351,11.472899532386261,1.0894922385947952,1
4352,11.449316168353839,1.1212553154727467,1
4353,11.543704661908796,1.0907120943568738,1
4354,11.510404680738315,1.0885648814275237,1
4355,11.527250315264993,1.1110935289050894,1
4356,11.525176417312274,1.0777565469136325,1
4357,11.531692595385755,1.0965569793321228,1
4358,11.554621622602452,1.0948910072508955,1
4359,11.594543385449832,1.0774549806811007,1
4360,11.600244626481995,1.0972980268867363,1
4361,11.597540827134464,1.1176304334718072,1
4362,11.640405608686644,1.1224538380847287,1
4363,11.628148229822397,1.090412853274394,1
4364,11.618475885487214,1.1087975794171756,1
4365,11.604515328785832,1.09084003044047,1
4366,11.700320105088236,1.094898574855529,1
4367,11.676521617448428,1.093758463713248,1
4368,11.698799926804734,1.082157795494805,1
4369,11.6780702097453,1.0890666789232277,1
4370,11.76322192090711,1.0916845970584972,1
4371,11.747889545350269,1.081217985769732,1
4372,11.728774115575423,1.1066839215131692,1
4373,11.777109998161864,1.1227007482767726,1
4374,11.816526611367932,1.0967926492250528,1
4375,11.809141372216743,1.0996770662158637,1
4376,11.817922218510969,1.0942479310600637,1
4377,11.768363380128696,1.1061407100161098,1
4378,11.853028515787333,1.105973269795915,1
4379,11.841864308230296,1.0952281472696077,1
4380,11.83874449550564,1.102900906822569,1
4381,11.845091451597684,1.0886949782179074,1
4382,11.860807991806789,1.101294891868123,1
4383,11.864315344444266,1.0848807809677294,1
4384,11.914430722065104,1.1142708058629642,1
4385,11.897009278808076,1.0707742432662357,1
4386,11.92087302641141,1.1052389933187698,1
4387,11.900320293792925,1.0723288797260724,1
4388,11.976993627817848,1.0944486226121204,1
4389,11.93843841256038,1.0851959256319905,1
4390,11.934171788096767,1.1022465027511592,1
4391,11.996865745876152,1.0777334191907941,1
4392,11.981107903138225,1.1045873964508492,1
4393,11.9928409947026,1.1012772294757316,1
4394,8.074283750011212,1.1472693443913482,1
4395,8.026031764358999,1.14602718560561,1
4396,8.027555792107046,1.1378991743398825,1
4397,8.108049326790905,1.1664450234801922,1
4398,8.162763341849052,1.169729777062877,1
4399,8.213414972498802,1.1473755426067314,1
4400,8.203274729689827,1.123634822354251,1
4401,8.275921584404156,1.125489503687116,1
4402,8.335105783712462,1.162730684076423,1
4403,8.320437920047626,1.1693849995249905,1
4404,8.379570449914413,1.1522573994357939,1
4405,8.357091719393422,1.1467325251286185,1
4406,8.39159727039268,1.1610192151668592,1
4407,8.416982190036444,1.16861967961684,1
4408,8.423099135540609,1.1629905239166034,1
4409,8.441835331580009,1.1369136410910134,1
4410,9.15466174613657,1.168976035586264,1
4411,9.176799386561873,1.1429533025170815,1
4412,9.208734570679688,1.1307870103276587,1
4413,9.234222913264736,1.1718053164397224,1
4414,9.300515397687878,1.1502137129057322,1
4415,9.268905636177083,1.133291077349076,1
4416,9.255783411339879,1.1526664116167873,1
4417,9.335299915810744,1.1355889673600288,1
4418,9.347552361388901,1.1630716074910865,1
4419,9.32783921259187,1.1319997111854943,1
4420,9.398010464770012,1.1679753947441385,1
4421,9.402148548496507,1.1551154500920617,1
4422,9.407183746626222,1.1652160184317788,1
4423,9.456376368223324,1.148675295347301,1
4424,9.420937462774756,1.1258846582912054,1
4425,9.45769490326704,1.1535800222104295,1
4426,9.515302986570504,1.1579758369892224,1
4427,9.467368652712578,1.1647714284156845,1
4428,9.533108707081627,1.1417769047773612,1
4429,9.549013902474748,1.1684791918218145,1
4430,9.607708784056427,1.1621662904421384,1
4431,9.622969676582874,1.126832447955725,1
4432,9.59540673355697,1.1644640057268942,1
4433,9.642597589028652,1.1495717910408025,1
4434,9.654008024319442,1.1602381296251656,1
4435,9.66971926349512,1.1719163009127216,1
4436,9.676519111007657,1.1336095180494088,1
4437,9.693900049421332,1.1521458797698483,1
4438,9.697272805043783,1.156922689287041,1
4439,9.679256942548244,1.1741502072317542,1
4440,9.747589364929953,1.1538423271205887,1
4441,9.769014870854924,1.1584243932654938,1
4442,9.75556249500482,1.1477008065019945,1
4443,9.790903162820896,1.1651486068687775,1
4444,9.803498471292826,1.126782529402087,1
4445,9.837785472938657,1.1393796133105885,1
4446,9.886459559312646,1.1721262063756273,1
4447,9.874179200351104,1.1328800412801832,1
4448,10.04448417092226,1.1437676192401578,1
4449,10.011241964781314,1.125532932682379,1
4450,10.104219011658246,1.1627658126058042,1
4451,10.09427483960336,1.1497675496659427,1
4452,10.075551073547413,1.1427017659079002,1
4453,10.15630815078116,1.1476323232193615,1
4454,10.128942949918095,1.158686648071459,1
4455,10.112861660649319,1.166521191737714,1
4456,10.177392609309058,1.151781323998076,1
4457,10.20830692859687,1.143573941274411,1
4458,10.193932469031248,1.1590266217034628,1
4459,10.247314037722894,1.170788510858684,1
4460,10.220697124199043,1.1568886943984438,1
4461,10.264901732143072,1.1576781303494306,1
4462,10.286374521419694,1.1237662610444688,1
4463,10.298772139400125,1.1759051017418147,1
4464,10.347300888322003,1.1527732853260757,1
4465,10.32909138057478,1.1741718981156137,1
4466,10.403507782728816,1.1466163726766527,1
4467,10.414915744978488,1.129808130393627,1
4468,10.459844477534473,1.1602092157368793,1
4469,10.454471218421075,1.1653733492641194,1
4470,10.459543440052627,1.1399932147737957,1
4471,10.498593912441411,1.160728232422301,1
4472,10.533745381457544,1.1385826634172125,1
4473,10.482369698543936,1.1331346725475926,1
4474,10.554300635008035,1.1712696294844027,1
4475,10.578286002412728,1.1303537299488944,1
4476,10.54174517195222,1.1309854625911724,1
4477,10.613048520759547,1.1692715842220613,1
4478,10.630951202353575,1.156970165076316,1
4479,10.658875997415224,1.131366728598136,1
4480,10.68309963537145,1.126224720509813,1
4481,10.73052075805094,1.1721005936507145,1
4482,10.716420117563212,1.1285356983420438,1
4483,10.79969918700867,1.1340581896369448,1
4484,10.758478678079332,1.1681319992416492,1
4485,10.751829353429276,1.1231898997724974,1
4486,10.849307616133492,1.1251096433538972,1
4487,10.83765395451076,1.1430773699543535,1
4488,10.807092692488949,1.146496891022048,1
4489,10.833369274954809,1.1318792056717666,1
4490,10.84941080093504,1.1531434544174943,1
4491,10.861375786031068,1.151770131367354,1
4492,10.861503392244737,1.147156521646352,1
4493,10.862656816949345,1.1241910765393082,1
4494,10.90165283142242,1.161447323755843,1
4495,10.857732424186358,1.1737804641046108,1
4496,10.955391510987981,1.1457123028049632,1
4497,10.944006489066606,1.1708033785792475,1
4498,10.95260835396778,1.1652970143168,1
4499,10.944005266416427,1.1277831444014663,1
4500,10.961680145313332,1.136265817566335,1
4501,10.991894357567462,1.1378487445389882,1
4502,10.971194181793873,1.1665765859428223,1
4503,11.012981218191342,1.1595668389138412,1
4504,11.014822850963744,1.1707873830022413,1
4505,10.97673677777466,1.154626477494935,1
4506,11.060482653755923,1.1691989756842092,1
4507,11.059035795823707,1.1312879895693002,1
4508,11.05130269274924,1.1727650169196024,1
4509,11.046665102963635,1.1434882556934831,1
4510,11.035954323936313,1.1762499496904788,1
4511,11.107969323067843,1.1541528861426813,1
4512,11.120943349055405,1.1345493583967743,1
4513,11.102919630439569,1.164628269388375,1
4514,11.113677293952064,1.1421235611074436,1
4515,11.121676294869742,1.164670487465235,1
4516,11.097329905864717,1.1408703646693683,1
4517,11.140271574827036,1.1748793776476252,1
4518,11.166965634720542,1.1302119780231865,1
4519,11.15956527537045,1.1543809819924238,1
4520,11.174925987186546,1.1511020554980946,1
4521,11.146050660934332,1.1729419516892758,1
4522,11.165977135893145,1.1681617008553675,1
4523,11.21416764385023,1.1258787695838783,1
4524,11.189733104950212,1.1600312761000546,1
4525,11.229691840335898,1.1748898181296568,1
4526,11.221727272642513,1.133626394993896,1
4527,11.207832399258209,1.1573290719815945,1
4528,11.193795027637737,1.1591896676229574,1
4529,11.269257308505058,1.1367118132096423,1
4530,11.231742404274058,1.162139826354547,1
4531,11.255384084736717,1.1541168875834744,1
4532,11.261312197649978,1.1690654793244921,1
4533,11.241672645771331,1.1695061830121949,1
4534,11.267533829605616,1.1516705862918772,1
4535,11.289108000782434,1.1262514328374928,1
4536,11.316658615036253,1.1586389078255803,1
4537,11.330696997580924,1.1331114276377516,1
4538,11.284629847662302,1.1718231366472847,1
4539,11.2930943566595,1.1357086362471696,1
4540,11.296415940633782,1.1732006416467444,1
4541,11.353180738123038,1.147723527928082,1
4542,11.369629681614569,1.1538892012445896,1
4543,11.375383106904888,1.130517935066692,1
4544,11.34924667671114,1.136552400191411,1
4545,11.350432647988935,1.142171242917054,1
4546,11.366415909987145,1.1299824349067376,1
4547,11.398189885453194,1.1473280407832347,1
4548,11.42596455706172,1.1763149509605213,1
4549,11.409030889456993,1.1253180708972372,1
4550,11.430796126742278,1.1700534690484141,1
4551,11.429883144879145,1.1484332661101169,1
4552,11.407796014260171,1.1734827565710906,1
4553,11.48006290542428,1.1388674039141764,1
4554,11.485458586035232,1.1420839660610744,1
4555,11.492922377110594,1.1716377360352443,1
4556,11.496272356658855,1.1726584657714632,1
4557,11.446615255573485,1.1443247805245487,1
4558,11.460859360861239,1.1281361456569485,1
4559,11.501144356993494,1.1677500579394924,1
4560,11.517495074362065,1.1245933358863323,1
4561,11.537552211787666,1.1520677500086163,1
4562,11.540180777137005,1.1597057021187105,1
4563,11.51601260495824,1.1259914214451463,1
4564,11.581160670780946,1.1718746133517457,1
4565,11.589844372551887,1.1764240703779705,1
4566,11.575982711285924,1.1452942383801554,1
4567,11.554138980462668,1.154318078091045,1
4568,11.63525975018691,1.174089353198495,1
4569,11.621140714162927,1.1557171982797503,1
4570,11.61031116036004,1.1530844643781037,1
4571,11.64548722555023,1.1426455979202956,1
4572,11.69383568993418,1.1524071084523908,1
4573,11.659268979166912,1.1278816753049825,1
4574,11.677462484046597,1.1716991153204592,1
4575,11.710815039972344,1.1537311073341279,1
4576,11.725557903707466,1.154196640334235,1
4577,11.72535987111539,1.1430144006456673,1
4578,11.74363944636216,1.1421328984813486,1
4579,11.76428739808452,1.1520136002038008,1
4580,11.7866773056836,1.148141374647492,1
4581,11.770325454915913,1.1489268387065965,1
4582,11.804322848479567,1.1621717789837924,1
4583,11.800148124914134,1.1454590785755734,1
4584,11.803550352930692,1.1667122404950903,1
4585,11.825467330710744,1.13894472486613,1
4586,11.821680157254228,1.153093639003427,1
4587,11.823338146788883,1.1734768799629518,1
4588,11.819784358296202,1.1432764720928748,1
4589,11.8574682929172,1.149811370086422,1
4590,11.862890577087864,1.1300247128083725,1
4591,11.889861239447573,1.1290909702122724,1
4592,11.881633995888155,1.1366072972438166,1
4593,11.909568761367476,1.1739840359748637,1
4594,11.92092001457233,1.137229001073555,1
4595,11.976042721636674,1.1429876715787433,1
4596,11.969911148109391,1.154859030831232,1
4597,11.95176672917112,1.1529999187106161,1
4598,11.996574502788324,1.1593845223591492,1
4599,11.979761996141724,1.147359954382442,1
4600,11.993811930573365,1.1244018855469957,1
4601,11.992503163279094,1.130589852405718,1
4602,8.010400095296477,1.1949259805098307,1
4603,8.023871962588311,1.2258027490795695,1
4604,8.107142616452036,1.2222348927157305,1
4605,8.136295326778649,1.2259068514907663,1
4606,8.219799335346528,1.218411337193344,1
4607,8.211805326547474,1.2041744626301936,1
4608,8.283467865226969,1.1793901534968882,1
4609,8.238699023820338,1.1785815722063617,1
4610,8.371917779026042,1.1901818405363735,1
4611,8.367270771806195,1.2239476453638423,1
4612,8.442900280155817,1.214447379624151,1
4613,8.398131921685096,1.198922434264321,1
4614,8.478564517128497,1.2254297067782791,1
4615,8.571968585209273,1.2240093280976778,1
4616,8.655453215838376,1.2242838459241214,1
4617,8.705890170641798,1.2186392735924751,1
4618,9.1983245610758,1.1816215785605535,1
4619,9.24797236908349,1.2278789550813747,1
4620,9.264312041696625,1.2266249464957208,1
4621,9.296894173983892,1.1827074288841233,1
4622,9.311065302405181,1.2044885910512249,1
4623,9.321628254874485,1.2086692190511932,1
4624,9.33643587936206,1.1817927094328209,1
4625,9.401188412323174,1.1869650594277983,1
4626,9.405441161302287,1.2290704000000932,1
4627,9.359137485812,1.2000022884065733,1
4628,9.369803662258942,1.2028980077004243,1
4629,9.42379469213805,1.196220836271581,1
4630,9.441613466623583,1.1795369629199632,1
4631,9.461140325450229,1.1779372989620005,1
4632,9.497166211905409,1.1792380065775145,1
4633,9.4862108409314,1.2149909014744937,1
4634,9.569847074294628,1.202233425258578,1
4635,9.53293684827524,1.2156265595889861,1
4636,9.615787217228412,1.2109275152299503,1
4637,9.615976251161408,1.2099744408472215,1
4638,9.669603355850304,1.2054766150927974,1
4639,9.656701984908128,1.1942972016595363,1
4640,9.643288175345173,1.2022184157828408,1
4641,9.7252888167208,1.1984473984060202,1
4642,9.72642007096684,1.2269866882855147,1
4643,9.699755917922982,1.180985979269541,1
4644,9.74400809988899,1.1958262215606557,1
4645,9.737323252942444,1.1794083263584083,1
4646,9.753350788279667,1.2038536412659113,1
4647,9.79448411943164,1.1875879031250114,1
4648,9.828728737353266,1.1819027531506676,1
4649,9.814067892340269,1.1787500269676956,1
4650,9.877494232867383,1.2060242866933153,1
4651,9.841417833269391,1.222638616798882,1
4652,10.00502263215896,1.2079115590895628,1
4653,10.001408851109936,1.2278015452363784,1
4654,10.08650401604056,1.2164852288480943,1
4655,10.065453177010319,1.2115779885597635,1
4656,10.101147387763278,1.188151322897768,1
4657,10.142082556507521,1.1878749094600936,1
4658,10.12983814187783,1.180666197308092,1
4659,10.126924943330783,1.1900555429096658,1
4660,10.212759501601305,1.2032630962595943,1
4661,10.186046729238926,1.1791779269167262,1
4662,10.174498202112956,1.2226119296676228,1
4663,10.258029361545635,1.1912483225856378,1
4664,10.22118844349299,1.1828351445625158,1
4665,10.230614366759879,1.1900496803723166,1
4666,10.293144079816344,1.2148316716943157,1
4667,10.271861210703984,1.1801156343498287,1
4668,10.373757697462217,1.183794935796498,1
4669,10.344961577173567,1.2045702571814898,1
4670,10.38525075891923,1.1906050049092884,1
4671,10.408412909122712,1.1946653347096752,1
4672,10.432071211205225,1.1828379837245762,1
4673,10.436906349667407,1.2184680432912394,1
4674,10.444824724710818,1.1965389962747055,1
4675,10.523851659245734,1.2176531548547724,1
4676,10.532246244676458,1.1857494101866692,1
4677,10.498059316350082,1.1810786917406615,1
4678,10.57413141416964,1.203104211817312,1
4679,10.587676888985381,1.2000639931178125,1
4680,10.573063952114097,1.2194062462444673,1
4681,10.591651895256776,1.1808812775833275,1
4682,10.604935540893184,1.1847963759299678,1
4683,10.659607502739265,1.1948644925151561,1
4684,10.672463359119432,1.2204178092456204,1
4685,10.716912886304373,1.2196766863206259,1
4686,10.72252807694315,1.2022928056005242,1
4687,10.730594249798076,1.2061067534835395,1
4688,10.774192669602188,1.1868078345058215,1
4689,10.799628850665325,1.1919902948546424,1
4690,10.748936977266284,1.1891638107939235,1
4691,10.757646523616195,1.2013457183855911,1
4692,10.794364112552918,1.195825541276934,1
4693,10.82658897494222,1.2241302022244211,1
4694,10.803056226244555,1.182466958475633,1
4695,10.820682449128837,1.2106731372338002,1
4696,10.824568251586204,1.202162087848584,1
4697,10.851025487914894,1.1779463335508786,1
4698,10.847819749613317,1.217688007929845,1
4699,10.906208970619726,1.1882231732100448,1
4700,10.85636384811783,1.2099699176385204,1
4701,10.879517175647157,1.1907651931576926,1
4702,10.898660465626588,1.181180321101904,1
4703,10.875564446636819,1.1920898089121044,1
4704,10.938316768406832,1.216130009738189,1
4705,10.948483216046032,1.1837482198239317,1
4706,10.922980651269064,1.1843159061589434,1
4707,10.928736586434498,1.1943900590704877,1
4708,10.958848477019025,1.2042165937195626,1
4709,10.989855478025532,1.1983260462397067,1
4710,10.981863974652168,1.1932040703857711,1
4711,10.9771319631055,1.1807341374863125,1
4712,10.978948084746595,1.1906447668840163,1
4713,11.067463366845855,1.2139715600243917,1
4714,11.049072230201874,1.204171659332376,1
4715,11.061537197524919,1.2069805351387004,1
4716,11.04496884340351,1.1859283625601424,1
4717,11.03895415163288,1.2234194662041482,1
4718,11.088361377288265,1.2150104325292803,1
4719,11.098701013203444,1.2085473214686784,1
4720,11.07853386292966,1.1858270531974053,1
4721,11.107117681540297,1.193068898549993,1
4722,11.079101159255757,1.2152406786757401,1
4723,11.072653013866487,1.1910220215509102,1
4724,11.13187469048728,1.2172898178962275,1
4725,11.13177836080328,1.2110947882084364,1
4726,11.123334101785204,1.2246354909209107,1
4727,11.16058414308683,1.2060374928850304,1
4728,11.164174732454335,1.187809452243454,1
4729,11.146413791127058,1.2065042949366722,1
4730,11.218378086898019,1.2212514641324748,1
4731,11.195371110931786,1.1918399741377188,1
4732,11.181800952459932,1.1784302601881704,1
4733,11.228910432191663,1.221422614510767,1
4734,11.198855018009224,1.2291105947316396,1
4735,11.223476077576123,1.2034209232298647,1
4736,11.243461405352484,1.192317974351599,1
4737,11.252777116892197,1.203601713923294,1
4738,11.243188837361707,1.221716712968664,1
4739,11.233948758452353,1.2281729882320953,1
4740,11.280363611537911,1.1851135193150824,1
4741,11.268630428711363,1.221046441245962,1
4742,11.306647852402135,1.2261643194525713,1
4743,11.297604556865345,1.1831637754267141,1
4744,11.323348760758648,1.2116235607378747,1
4745,11.334354421720082,1.2031011913628031,1
4746,11.312969304978294,1.1806422799295504,1
4747,11.292638367710602,1.2235609231614013,1
4748,11.379362098113367,1.2047221336098857,1
4749,11.385363031171119,1.2275993179379092,1
4750,11.34399244621183,1.203335753448092,1
4751,11.361268556864257,1.1767513267008296,1
4752,11.33860740718461,1.2126816330630894,1
4753,11.337543215223864,1.2030040950396694,1
4754,11.423002016925427,1.19347618167059,1
4755,11.4365018820753,1.2093802824299107,1
4756,11.4370007536778,1.2198276041494027,1
4757,11.404757617979133,1.1954957818775358,1
4758,11.429706710267673,1.219445665115349,1
4759,11.421203998607231,1.1917616768720816,1
4760,11.44990026125661,1.214142189023868,1
4761,11.484807085461078,1.2261534454801177,1
4762,11.495337715265032,1.1767988669786544,1
4763,11.48292225812727,1.181763706760429,1
4764,11.446849573063353,1.2066406380278447,1
4765,11.453271569283412,1.2251371963258608,1
4766,11.524842471919676,1.2274215382973819,1
4767,11.514375659202244,1.2159141501538642,1
4768,11.518941607469163,1.2021198912019022,1
4769,11.547564585928834,1.205943775263374,1
4770,11.529882419582702,1.217511376722217,1
4771,11.580502088839372,1.1964898580755352,1
4772,11.58329900035683,1.1931014839308036,1
4773,11.550894163696066,1.1924404879565924,1
4774,11.569665036468212,1.2174562382211183,1
4775,11.57278324726588,1.2047549893303262,1
4776,11.656504808017804,1.1888334504510123,1
4777,11.606454832974668,1.1793937083219992,1
4778,11.645117840364719,1.1890924660785418,1
4779,11.65022026894734,1.1879417776874734,1
4780,11.615025028509868,1.1813028092040117,1
4781,11.642475726622793,1.2145347095848262,1
4782,11.702828558008937,1.2046628700432156,1
4783,11.686826747053875,1.1847466679785181,1
4784,11.684661432765658,1.1956464148858321,1
4785,11.659084355163209,1.1959473028293042,1
4786,11.662016376046521,1.2028123088083458,1
4787,11.715580524873406,1.2068687562979519,1
4788,11.73142290030788,1.218941581501446,1
4789,11.737971850904355,1.180835077183202,1
4790,11.71149975274824,1.2095779151393649,1
4791,11.806095976907596,1.2158420045093907,1
4792,11.805760975153111,1.20112386860822,1
4793,11.791670517742615,1.226640583847428,1
4794,11.797335799715794,1.2129023904762726,1
4795,11.798848254256775,1.1891326637310484,1
4796,11.867105687493613,1.213892099485914,1
4797,11.833035904376857,1.2051636949735354,1
4798,11.836121922623578,1.2236786550062504,1
4799,11.842214710247317,1.2038824506419323,1
4800,11.824797353201557,1.2060011058002589,1
4801,11.830858519509093,1.179655840506324,1
4802,11.886056501950653,1.1779906132613893,1
4803,11.897091832363492,1.2122116133817746,1
4804,11.916394979256745,1.1856305086029366,1
4805,11.883888909537173,1.1936908472667358,1
4806,11.96466857350567,1.227760640729911,1
4807,11.974945365290372,1.2101763634002654,1
4808,11.949084919763193,1.1881015423704862,1
4809,11.983671254878589,1.2169473291339217,1
4810,8.002920642634063,1.2624961981916065,1
4811,8.072429349724745,1.2517621947408477,1
4812,8.094680477495064,1.2542861421929123,1
4813,8.178529716753072,1.238498997812238,1
4814,8.203998666667633,1.2367253320150557,1
4815,8.231033450633568,1.2624387263638461,1
4816,8.24621189561635,1.2580764686178127,1
4817,8.254857820305523,1.2304393537690808,1
4818,8.324007894724168,1.2385807927210477,1
4819,8.31735282401379,1.2300596552971699,1
4820,8.356235242819752,1.2625072364462375,1
4821,8.391910177134143,1.2557911903493053,1
4822,8.443010907980298,1.2808977912083526,1
4823,8.44365792112672,1.2761867647627652,1
4824,8.488877624593163,1.2488213793487808,1
4825,8.590116704506533,1.2618255000359182,1
4826,8.648095293176896,1.2730145376729267,1
4827,8.619829814155912,1.2346008884437059,1
4828,8.690408362083266,1.2318944843570228,1
4829,8.702640498961495,1.2729016112707625,1
4830,8.748120586377535,1.2621726260084412,1
4831,9.257743059495313,1.2566867312860697,1
4832,9.353152241042093,1.2502246679782274,1
4833,9.340963345696117,1.236203666556199,1
4834,9.401582061192261,1.2469779682657984,1
4835,9.380143815491914,1.23863615687877,1
4836,9.460103326993309,1.2493833659219367,1
4837,9.463815025360853,1.26573691342487,1
4838,9.482982579468555,1.2798526914032156,1
4839,9.477625255982291,1.2392918578936167,1
4840,9.555494155534717,1.2691373530346406,1
4841,9.572145771565632,1.2378955328063048,1
4842,9.607733248239617,1.2590894539251152,1
4843,9.603310361224887,1.2481371455944394,1
4844,9.58435699570725,1.263313533917593,1
4845,9.678450722648767,1.2466144412117488,1
4846,9.649382756920813,1.2494200260301858,1
4847,9.634169976537876,1.2443335354604692,1
4848,9.671791736940452,1.238936419608521,1
4849,9.722224874080728,1.2694632216343245,1
4850,9.681264924862298,1.2666146146148365,1
4851,9.705255397270838,1.2571367726752412,1
4852,9.78230257901383,1.2577730899608075,1
4853,9.75522620037311,1.2344404993566347,1
4854,9.788108120974899,1.2550435041687054,1
4855,9.829068614194792,1.2431849188809985,1
4856,9.82527482915364,1.2700217290640472,1
4857,9.888733573320778,1.279314590227003,1
4858,9.886359316949626,1.2619218871286701,1
4859,10.042304316396468,1.2534957540380631,1
4860,10.052775161399095,1.2559373840259174,1
4861,10.06320272522645,1.2383604083487971,1
4862,10.089983410572696,1.2737191255570457,1
4863,10.059319290718227,1.2347843284172,1
4864,10.118861478687283,1.2635540855348013,1
4865,10.110655482624338,1.2727910413374794,1
4866,10.142467392350042,1.2581476947787318,1
4867,10.198674274701977,1.2343403566663866,1
4868,10.210533543792573,1.2509602297569047,1
4869,10.218526136667755,1.2354491113381216,1
4870,10.237360851437044,1.2706344094617263,1
4871,10.292815840729093,1.2316308987362607,1
4872,10.312246343002514,1.2355394913683824,1
4873,10.35553712187408,1.2321638353872768,1
4874,10.349231400493482,1.26513503501226,1
4875,10.374740072479732,1.2353620009901356,1
4876,10.385105160249216,1.2340777389551343,1
4877,10.410332218548495,1.2754978350917685,1
4878,10.437800431669428,1.247088377583686,1
4879,10.469410052860136,1.2719018496635097,1
4880,10.434119076797469,1.2324945437458417,1
4881,10.525300892067898,1.251102466177408,1
4882,10.491687259365357,1.259305948412074,1
4883,10.487726445634863,1.2417496293024817,1
4884,10.557394585720044,1.2416838120610627,1
4885,10.563848267811638,1.2749408643169362,1
4886,10.564913402123326,1.2498591501590484,1
4887,10.626090539705404,1.2486344958698314,1
4888,10.629956643593175,1.2593695057435843,1
4889,10.64774239407218,1.2372829952574866,1
4890,10.64698200334801,1.2639418466077044,1
4891,10.708242713544195,1.2647908595651616,1
4892,10.738520324578625,1.246653880141401,1
4893,10.703967966439354,1.2516752673752023,1
4894,10.77967587733798,1.2526941424469777,1
4895,10.756503630643195,1.2716251040875894,1
4896,10.768125101841207,1.2739915320226451,1
4897,10.773234005356997,1.27807912576561,1
4898,10.8012047343962,1.2774687034203251,1
4899,10.80015776475406,1.24142568753232,1
4900,10.841714683664799,1.2660163613669755,1
4901,10.80519499286644,1.2669534442578667,1
4902,10.822900996297163,1.2604982615950997,1
4903,10.819702031213081,1.2320985076636042,1
4904,10.837782823971658,1.2800922361182738,1
4905,10.879682580159201,1.2349247981356608,1
4906,10.885459420565713,1.2472015882615803,1
4907,10.907373437416915,1.2577163757682779,1
4908,10.892166171892674,1.2408362625264808,1
4909,10.856351710175952,1.2738821201693182,1
4910,10.951939060495702,1.257593902708614,1
4911,10.913648623770674,1.2578497574221463,1
4912,10.919418410947722,1.2692367116890673,1
4913,10.915588037496583,1.2423394240623842,1
4914,10.951375277579087,1.2750769621580693,1
4915,10.963040712573932,1.2356329330027243,1
4916,10.998663002942276,1.276265850995624,1
4917,10.995485192007946,1.2809615213649697,1
4918,10.99426489182268,1.2643131216208252,1
4919,11.043844441369695,1.2503184587611489,1
4920,11.02020606183781,1.2758123500633658,1
4921,11.068431422562188,1.2389177070900623,1
4922,11.02814046540543,1.2681183137050085,1
4923,11.05711527507009,1.273396281846286,1
4924,11.106238008936053,1.2523612353653537,1
4925,11.10972421784246,1.2754937715220391,1
4926,11.12068960605629,1.2437535559157715,1
4927,11.081101761883565,1.2627499696422753,1
4928,11.117707272090742,1.2650465382888763,1
4929,11.08967890513022,1.2504375397387246,1
4930,11.126325263129543,1.2391524881952463,1
4931,11.175129412124637,1.2553478272456053,1
4932,11.137231500748697,1.2809337357057098,1
4933,11.130097978060641,1.268858205616648,1
4934,11.15532697590659,1.242824446016883,1
4935,11.125937166232891,1.2425283316492148,1
4936,11.182723905444439,1.2344516384515116,1
4937,11.206185126224545,1.252210640228566,1
4938,11.207020266160695,1.258078390822796,1
4939,11.178469136613328,1.2338720052273286,1
4940,11.21066921257886,1.2366735715516626,1
4941,11.210802821056268,1.2710986251451257,1
4942,11.280739639846855,1.261192396199326,1
4943,11.263138634138548,1.2390447764672101,1
4944,11.254460163968506,1.255042055726189,1
4945,11.249138029177601,1.2454808833151463,1
4946,11.266898091720584,1.2401578435036384,1
4947,11.241743859200843,1.2529226118533952,1
4948,11.306919971424017,1.2330282241564632,1
4949,11.291361756281479,1.2812249889295948,1
4950,11.283868843141716,1.2445672279529205,1
4951,11.28387125685685,1.2664592423595602,1
4952,11.293333544578887,1.2423661747969619,1
4953,11.292923804745897,1.2508270922181313,1
4954,11.353901076731157,1.23511022191363,1
4955,11.340548995972592,1.246151140862689,1
4956,11.36902752230192,1.2524738865938185,1
4957,11.342966785775133,1.2356436654066636,1
4958,11.35259699335799,1.250613151892201,1
4959,11.367957930355407,1.2519228288566242,1
4960,11.403754537118052,1.2816064437370167,1
4961,11.430284768196593,1.2796173451166712,1
4962,11.415450956689346,1.239173014037741,1
4963,11.437469483106284,1.250956102917934,1
4964,11.433442101639812,1.2619914622383732,1
4965,11.396220163988904,1.2620635251160888,1
4966,11.45623689912589,1.2476387445482104,1
4967,11.490437223707012,1.2656950148015782,1
4968,11.490616146564149,1.240093143736619,1
4969,11.47205378102866,1.231379181433836,1
4970,11.47878392106472,1.2554513140313446,1
4971,11.476391547622955,1.2458088529427511,1
4972,11.50879327653885,1.269310961347828,1
4973,11.504120676141584,1.2312748995348692,1
4974,11.505875514056164,1.2534458386379728,1
4975,11.546646257390215,1.2317652014738512,1
4976,11.53632083713197,1.253139009894294,1
4977,11.529662107750314,1.2489657881633096,1
4978,11.592063114632499,1.2545989882735684,1
4979,11.582052910140042,1.276964661040476,1
4980,11.591633125456655,1.2622907928904985,1
4981,11.564040999860728,1.2542381307268995,1
4982,11.577154193925217,1.2678129797692257,1
4983,11.594297520401026,1.2805422136535358,1
4984,11.65709028397782,1.246781566234682,1
4985,11.60502248572318,1.2798260027105723,1
4986,11.637812016147064,1.255383670339255,1
4987,11.61777688449124,1.2527495896435326,1
4988,11.615411293205533,1.25258075050552,1
4989,11.636598549296476,1.2365505111838317,1
4990,11.690200954327677,1.2774590035993074,1
4991,11.67233459745134,1.2486612969680189,1
4992,11.68817375340954,1.2483702841842919,1
4993,11.661654232113253,1.2686644929410247,1
4994,11.666983598614987,1.281176855620944,1
4995,11.717159132566824,1.270907835403818,1
4996,11.763073091067328,1.2412006751595273,1
4997,11.716510135364793,1.2723203135237164,1
4998,11.73243541159793,1.2811840448449334,1
4999,11.781283909631739,1.2595787413703685,1
5000,11.77696811622042,1.2768833101777268,1
5001,11.816802179818183,1.2811675333450614,1
5002,11.765233666061473,1.2313506514110686,1
5003,11.811939282733874,1.250344966567359,1
5004,11.781404307706762,1.2366031309752012,1
5005,11.834549139829356,1.2550029197287103,1
5006,11.846549215072566,1.277329576555824,1
5007,11.823137049549747,1.2764580659370444,1
5008,11.86186022530274,1.2658321199921199,1
5009,11.837836579953782,1.2666363247733632,1
5010,11.859349895568892,1.2305275310758699,1
5011,11.907560759224436,1.28123879943623,1
5012,11.89383107230818,1.2589097430322378,1
5013,11.885502595761174,1.2661527859236679,1
5014,11.873323651234532,1.2440777125475524,1
5015,11.951992385335958,1.2643630624820392,1
5016,11.963641864501616,1.2738036169068618,1
5017,11.931443897001612,1.271921296115131,1
5018,11.983178294559934,1.2803739683182347,1
5019,11.983463181558658,1.2674223154867414,1
5020,8.026815751918091,1.3170685287930615,1
5021,8.113404530622171,1.3297783797779268,1
5022,8.116566312447649,1.3332965061710962,1
5023,8.140421777621741,1.3050198922294494,1
5024,8.17728580247071,1.2888733646270423,1
5025,8.18738451450695,1.328997855580141,1
5026,8.206629249783113,1.2885239642289776,1
5027,8.28256256589748,1.3322148563415257,1
5028,8.237451578122183,1.2943608170035532,1
5029,8.328134753505308,1.3115608750844967,1
5030,8.314120910595944,1.3053792637585184,1
5031,8.359395565998826,1.316039560323298,1
5032,8.383084288988178,1.3079189014944246,1
5033,8.434774618452959,1.3071607919407817,1
5034,8.397632643340701,1.302301704023629,1
5035,8.572476682786276,1.3301646050443572,1
5036,8.562231150719294,1.3286640177238607,1
5037,8.612936987925636,1.3205542504439376,1
5038,8.635515201115433,1.3128138597717744,1
5039,8.669857700500781,1.3277028724237214,1
5040,8.703257498487657,1.3012419504970563,1
5041,8.677838973617659,1.2934186551368145,1
5042,8.73121015895816,1.3341870671293403,1
5043,8.746136057433365,1.3067673672877436,1
5044,9.360814632974128,1.335017485210214,1
5045,9.413832008768491,1.3154143642545197,1
5046,9.491865568927002,1.3341700271235648,1
5047,9.50644708627555,1.3254960439265713,1
5048,9.536478492271078,1.2917980521112131,1
5049,9.534166844004417,1.3308746929496031,1
5050,9.573271055946242,1.29980913333711,1
5051,9.619395759330006,1.3262871800933265,1
5052,9.573228170402952,1.3142915712981291,1
5053,9.66980288959645,1.3197176175000478,1
5054,9.647727412329347,1.2991337537871097,1
5055,9.6374647182346,1.3133564795448083,1
5056,9.651182708410719,1.315254968082266,1
5057,9.6998111195024,1.3190249247560026,1
5058,9.72773271090246,1.3086652873971125,1
5059,9.777064801092456,1.2853541974226528,1
5060,9.817232810311653,1.3002738715475513,1
5061,9.799754623711488,1.2897526065880036,1
5062,9.825264521998525,1.3059137184621419,1
5063,9.854719039248115,1.3245542364933531,1
5064,9.844992076526642,1.3259769987165464,1
5065,10.039996038453273,1.3280498139889048,1
5066,10.035955148921293,1.3305742813427848,1
5067,10.08021637936925,1.3248419247141574,1
5068,10.073234274020802,1.3153255445398813,1
5069,10.076311137794665,1.3169294272642298,1
5070,10.081553583196408,1.2872438716554326,1
5071,10.134558275441124,1.3304673440838477,1
5072,10.112895747145405,1.2938466348781512,1
5073,10.171829855369257,1.286750459177344,1
5074,10.18011395292312,1.28928915388749,1
5075,10.215196538303388,1.3065003846673247,1
5076,10.22662696952159,1.2918947623983605,1
5077,10.307731586216496,1.3219219729786724,1
5078,10.315518286108492,1.3280179047797354,1
5079,10.346010619755,1.2880933707323294,1
5080,10.327728729933922,1.3310905680327436,1
5081,10.393917317213964,1.3173488118674987,1
5082,10.37950265963484,1.3189032570887615,1
5083,10.383512591886783,1.3176757111338124,1
5084,10.47985400124625,1.310437886090083,1
5085,10.481136378235549,1.3333929642852065,1
5086,10.428523895243499,1.3227470047938892,1
5087,10.464029142912233,1.2894009633754524,1
5088,10.511766991443343,1.3159258035923973,1
5089,10.521563130522125,1.308444189265107,1
5090,10.526134508535561,1.29829359305352,1
5091,10.575037892480013,1.2906727064682808,1
5092,10.54579060615023,1.294937743923268,1
5093,10.564903305990688,1.2938448483189267,1
5094,10.640509908383866,1.3239712252204177,1
5095,10.623032412983616,1.3206497936097947,1
5096,10.648026334465014,1.2866609203798607,1
5097,10.67144631336575,1.3055800993110456,1
5098,10.726619690601536,1.3344558649190605,1
5099,10.746651671997855,1.3224138000046204,1
5100,10.704578786336205,1.3176957577231465,1
5101,10.751536729208855,1.3148979652118393,1
5102,10.790495506573288,1.2900428204241252,1
5103,10.792260077291429,1.3145078527741467,1
5104,10.790141720199175,1.2910316293074142,1
5105,10.785546603975295,1.3011514849704395,1
5106,10.821390478592233,1.3121951798743852,1
5107,10.808877069078983,1.3279804444205312,1
5108,10.80400922833038,1.2901056571192977,1
5109,10.836525118854864,1.3030280048659868,1
5110,10.838737047222656,1.3029086490449697,1
5111,10.848581888313507,1.293433835377367,1
5112,10.862719968472927,1.2988076082716316,1
5113,10.886347320330621,1.2954614989404731,1
5114,10.900806567305997,1.2928885520547226,1
5115,10.869040261919976,1.3048233913063534,1
5116,10.881456917286583,1.2838055725161812,1
5117,10.921031494951436,1.3157735532279877,1
5118,10.925295225096214,1.2952765449379773,1
5119,10.923576942882228,1.2993617972109786,1
5120,10.957140445187932,1.286643787138478,1
5121,10.954243457599933,1.2924572672473498,1
5122,10.97278924055262,1.2974930242938374,1
5123,10.978089793375286,1.3224234205227718,1
5124,11.011443469776108,1.3162624240269838,1
5125,10.973017923197354,1.3114807747142871,1
5126,11.02660319006684,1.2884414602025138,1
5127,11.068397872532932,1.310417684996655,1
5128,11.054158234058773,1.330640472042945,1
5129,11.036318885140771,1.322521854433377,1
5130,11.025140816517064,1.3180408882771095,1
5131,11.121058324739867,1.308646973771323,1
5132,11.118180033283906,1.322774136353774,1
5133,11.071689708602888,1.314386881714097,1
5134,11.099534934515177,1.3348474774023547,1
5135,11.10447799308326,1.3086100641651708,1
5136,11.07643669275168,1.3061024984386802,1
5137,11.159801027579666,1.2953562728735146,1
5138,11.173843115158377,1.2938001036859967,1
5139,11.148009080963003,1.2997931394751745,1
5140,11.160408300919888,1.2877425805377638,1
5141,11.142355991864605,1.307576292957009,1
5142,11.131283975806019,1.2971435039707029,1
5143,11.186132377073601,1.315480348764563,1
5144,11.17923001015809,1.3225798142783554,1
5145,11.219081298301166,1.334351031765796,1
5146,11.179591838764038,1.2997041773933933,1
5147,11.22720199066065,1.3218094332892487,1
5148,11.1850620654853,1.2931808155496833,1
5149,11.238708691993516,1.2972856278437108,1
5150,11.233123706394908,1.3153963513894105,1
5151,11.250025357013053,1.3138435909643777,1
5152,11.242880983358782,1.3045018001272768,1
5153,11.252806650722354,1.3123770283716583,1
5154,11.266642568277172,1.2848366779006448,1
5155,11.320074517529338,1.2931843514412664,1
5156,11.328392553728621,1.288856954573585,1
5157,11.317575625692964,1.3316070683920134,1
5158,11.299946815723697,1.3303364718831063,1
5159,11.319954765205626,1.3194920321340846,1
5160,11.336796249449517,1.293226383375451,1
5161,11.351160926575876,1.3231116439371289,1
5162,11.382538613684043,1.3041802995123952,1
5163,11.343040530370565,1.3355129432253812,1
5164,11.361123935824336,1.3256805327067642,1
5165,11.367012724482953,1.3122698322384945,1
5166,11.382313042754308,1.3214322765149964,1
5167,11.440504278630469,1.3358026672811214,1
5168,11.43694941568718,1.3258436538347356,1
5169,11.400453905578397,1.3072765731284033,1
5170,11.403205023705011,1.308262280073273,1
5171,11.402703956614465,1.316217513959128,1
5172,11.424676495610129,1.3209999268245807,1
5173,11.497071241225168,1.2864514779247196,1
5174,11.485822096026892,1.3110243494095166,1
5175,11.479777270169272,1.32550817428508,1
5176,11.491070957343407,1.303417922317494,1
5177,11.473408991376633,1.3317807904819643,1
5178,11.474444125000257,1.3035847814999892,1
5179,11.531639769817147,1.293318579042967,1
5180,11.550720705153642,1.3356543437221007,1
5181,11.497594319255175,1.305941974379235,1
5182,11.501015941291424,1.3227421132022052,1
5183,11.509810523175457,1.3140833251019646,1
5184,11.574982003846333,1.303638939378557,1
5185,11.57051509921852,1.3335181106542022,1
5186,11.556869501248842,1.3213264559023963,1
5187,11.585815569948313,1.2932460948280027,1
5188,11.585722300793048,1.3114992053205954,1
5189,11.649756487106215,1.3063339787198895,1
5190,11.638670305386349,1.3341170947545016,1
5191,11.628986433739366,1.306188874387659,1
5192,11.635792455565097,1.3134878454910777,1
5193,11.705489671077613,1.3033519616177414,1
5194,11.689377840356297,1.3188898462025351,1
5195,11.70528039660607,1.3032280014795037,1
5196,11.684075889991915,1.2974401203366177,1
5197,11.753463212160522,1.3070883371088102,1
5198,11.724514357693955,1.3078678346296015,1
5199,11.726690640612809,1.3089494397843582,1
5200,11.715662974735753,1.3067151220795237,1
5201,11.791021707094766,1.330433619742217,1
5202,11.804474216119727,1.283526711752365,1
5203,11.774813682881891,1.2941115375058583,1
5204,11.772420120786197,1.333769735177841,1
5205,11.781190380312719,1.3158117919127184,1
5206,11.86512203507612,1.2961961544876244,1
5207,11.847084360597593,1.2973562819295312,1
5208,11.870683924063643,1.2915878687105244,1
5209,11.839672912969224,1.3108301747143343,1
5210,11.863997941367629,1.312605126503054,1
5211,11.84332442855296,1.2947350412940926,1
5212,11.883043076204018,1.3286062758770885,1
5213,11.888890554384659,1.2940953608169627,1
5214,11.910120513172275,1.2940400353086359,1
5215,11.901401534762426,1.3199751689510855,1
5216,11.93822778848457,1.2894275797017918,1
5217,11.950073958375846,1.333556761731379,1
5218,11.998803410250378,1.330113956676726,1
5219,8.065146381769875,1.3789849118805715,1
5220,8.052207868186672,1.3754073244058322,1
5221,8.114201855575574,1.3766177104869781,1
5222,8.081296753370033,1.3626571769595897,1
5223,8.171023415018269,1.3826757598605353,1
5224,8.134141941685913,1.3796283698750917,1
5225,8.197372307703452,1.3556608671377763,1
5226,8.220321692148191,1.3689489276473652,1
5227,8.243465553982917,1.367485722391381,1
5228,8.339079613851064,1.3624039176954665,1
5229,8.402296484043024,1.358544642142354,1
5230,8.598553068992649,1.352657760967977,1
5231,8.58839321649914,1.3554799951717933,1
5232,8.646434684719509,1.3370247041809948,1
5233,8.612916928040224,1.3426059098429972,1
5234,8.708973649923122,1.3423008723397034,1
5235,8.671389339727686,1.3554728898999435,1
5236,8.722965140966046,1.3566383931454118,1
5237,8.75692296198333,1.3513370286549597,1
5238,8.887067666897897,1.3500764517796753,1
5239,9.51030574481394,1.3602220000977059,1
5240,9.570363265146511,1.3718485399186815,1
5241,9.527769393701703,1.3858702810820096,1
5242,9.572251058426481,1.3594627628381968,1
5243,9.574356697921951,1.3600991682732708,1
5244,9.581901866021436,1.3610369686355461,1
5245,9.673787564450123,1.3400778722138327,1
5246,9.641082932748933,1.3420912846252664,1
5247,9.642310700250336,1.3492566693524102,1
5248,9.684747923106285,1.3699755346324702,1
5249,9.717798601998748,1.346274255641847,1
5250,9.76046899925217,1.3614378317258007,1
5251,9.748086409666517,1.361645801254267,1
5252,9.788184183577819,1.3615244415439252,1
5253,9.811677057238434,1.346423444845166,1
5254,9.790635254749425,1.3809624502356883,1
5255,9.87407756772895,1.3619752934817253,1
5256,9.849478784598729,1.343936579870525,1
5257,9.979708000305507,1.3877250595251416,1
5258,10.03526612146284,1.374009944122836,1
5259,10.015042636393803,1.3749713378556185,1
5260,10.02521667245598,1.3544587762290168,1
5261,10.016598324097691,1.3690516450311692,1
5262,10.101141077016385,1.342523899589302,1
5263,10.081955996605014,1.3827901534839688,1
5264,10.081378211810033,1.3762778563643934,1
5265,10.106213045191623,1.3656061480260193,1
5266,10.121290136702862,1.3894743183103733,1
5267,10.119705040282776,1.3810201163337286,1
5268,10.120992978630102,1.3565513155989317,1
5269,10.207783141100093,1.354952665771275,1
5270,10.191977201998593,1.3435913551523737,1
5271,10.227040857843642,1.3850933756024095,1
5272,10.259331891238148,1.3382535525166237,1
5273,10.281568618152441,1.3520909902367857,1
5274,10.291061363338267,1.3505616346934857,1
5275,10.343927886964401,1.3380891188655972,1
5276,10.352528652388633,1.3835525704604836,1
5277,10.415268933082269,1.3534732709662611,1
5278,10.38545184708077,1.3403195539007347,1
5279,10.407007622447082,1.3880160493960563,1
5280,10.433627796163105,1.372380811087527,1
5281,10.437461229106756,1.3643011281651523,1
5282,10.43837773170398,1.3869471524655772,1
5283,10.428184547614029,1.3469837184996776,1
5284,10.52593568442735,1.3721959935506607,1
5285,10.485297100905049,1.3894393220168004,1
5286,10.498144343499114,1.3445316492127513,1
5287,10.542161627954332,1.3843222352063724,1
5288,10.571307660809671,1.348716769691831,1
5289,10.60188773832975,1.3615393251344483,1
5290,10.590134183299948,1.3714565265598397,1
5291,10.667544394966674,1.341866170576216,1
5292,10.69132047486745,1.3841635914138395,1
5293,10.711046842414683,1.382742086221843,1
5294,10.739348429162867,1.3547183134791674,1
5295,10.716310662223664,1.3797829361214822,1
5296,10.79462248279635,1.3373188612019489,1
5297,10.771827841369879,1.37278097395496,1
5298,10.77871176166244,1.3710554844016487,1
5299,10.766198109198019,1.3885661164110388,1
5300,10.791143660374699,1.3779315888419095,1
5301,10.84838798630786,1.3492452312146541,1
5302,10.826864012181934,1.3592708826487139,1
5303,10.827791358348476,1.3575197402588655,1
5304,10.814156191497448,1.349458687569031,1
5305,10.808059772744283,1.38649421859973,1
5306,10.847727905905893,1.3732042394684245,1
5307,10.878015913115501,1.3776034145380316,1
5308,10.880909914567821,1.3590402526663046,1
5309,10.895720308717722,1.3868388023784783,1
5310,10.875848692925738,1.349414573255666,1
5311,10.904263926185504,1.35728696481716,1
5312,10.940850925220403,1.3656577775290129,1
5313,10.941439803705004,1.3863953295364182,1
5314,10.911199742734146,1.3846363300005233,1
5315,10.926146905079632,1.3726227350096496,1
5316,10.960565244291049,1.3887824677548408,1
5317,11.002901148434159,1.362787981541667,1
5318,11.005805006804584,1.3390506081563425,1
5319,10.980910746269155,1.3775373356168814,1
5320,11.001452873174822,1.3406925946340364,1
5321,11.026426989489254,1.3880853021009256,1
5322,11.053230643792096,1.3901080315533516,1
5323,11.031590257244082,1.3407403858059088,1
5324,11.042362140482085,1.35276762260496,1
5325,11.060983988583645,1.3596813385248776,1
5326,11.11928928082785,1.3679812981245814,1
5327,11.097555505769183,1.3387714698732578,1
5328,11.089796167582968,1.3428401023728112,1
5329,11.10404211401823,1.3607202621087453,1
5330,11.105561071102011,1.3563499838251267,1
5331,11.082244624919756,1.3816962571178344,1
5332,11.144935341336659,1.35944770178887,1
5333,11.129331116797449,1.368069200583003,1
5334,11.14623149577757,1.3470664261593592,1
5335,11.12738824421483,1.3575205162848119,1
5336,11.13065853779596,1.3757984518922712,1
5337,11.125433291966315,1.3690521933502218,1
5338,11.19722661364984,1.3800629603897596,1
5339,11.214027917475118,1.3834996047829011,1
5340,11.206855741892701,1.3868743327834416,1
5341,11.218503790247041,1.340247452580475,1
5342,11.21107597056546,1.3791389288574802,1
5343,11.235068382120767,1.3403327485508048,1
5344,11.246896248193844,1.3623510766751838,1
5345,11.239514942138033,1.3645856808524406,1
5346,11.239507910887808,1.3459481000198508,1
5347,11.265329838955829,1.3504662418239755,1
5348,11.30619696950079,1.3747533531110772,1
5349,11.32894563159146,1.3610448570787375,1
5350,11.284912981179364,1.3412009979704356,1
5351,11.30604012718411,1.3595910352129899,1
5352,11.302203696155923,1.3456431500790704,1
5353,11.341203387932223,1.3614636989868398,1
5354,11.388148467858558,1.3578543286416973,1
5355,11.372369072005974,1.371335854309899,1
5356,11.370567619533288,1.3378939928123017,1
5357,11.339448454432999,1.3865534880236356,1
5358,11.436958017153465,1.3505886857552325,1
5359,11.404593930984815,1.3563239790673292,1
5360,11.41147765727594,1.377617401773752,1
5361,11.430953707446957,1.3602004346195156,1
5362,11.464546761425844,1.3427566694007713,1
5363,11.489030300292427,1.3391558055809707,1
5364,11.470320718682768,1.3418736592516034,1
5365,11.485887399083316,1.34822399177622,1
5366,11.543285147186188,1.3542864913836101,1
5367,11.509555908408611,1.3388485887266683,1
5368,11.51517385840867,1.3789693054220489,1
5369,11.52296086022806,1.3529033465773592,1
5370,11.570312462260679,1.365799714998635,1
5371,11.602187395893562,1.3557935832021524,1
5372,11.578914071459687,1.3523280984098596,1
5373,11.556651716629053,1.386031237160877,1
5374,11.65599098434092,1.3436580654150805,1
5375,11.613447832980318,1.3473284871162894,1
5376,11.635590142573918,1.3764204984623127,1
5377,11.650484858623384,1.3775971563206466,1
5378,11.700225841041028,1.382930804767199,1
5379,11.66767392026128,1.3740002810828356,1
5380,11.693559185481789,1.3646471881482325,1
5381,11.693214036015714,1.3781489283317596,1
5382,11.75775995127844,1.376134607489963,1
5383,11.711940507005043,1.3745022059284897,1
5384,11.717430486182982,1.3669863288019697,1
5385,11.719120975046978,1.3852336266154492,1
5386,11.78223274915525,1.353803466962321,1
5387,11.77827133438475,1.3861382609013337,1
5388,11.809046742621055,1.3418273220387256,1
5389,11.810929237154337,1.3854151284955623,1
5390,11.806914410182111,1.3435915822957534,1
5391,11.850832786473655,1.3765769090337545,1
5392,11.82655173773212,1.358995429389286,1
5393,11.859989340254764,1.3545439850746415,1
5394,11.818797389962697,1.3542097120130014,1
5395,11.852019181110995,1.386070393860047,1
5396,11.87691559364811,1.3520545591673283,1
5397,11.88464921447227,1.364292301151933,1
5398,11.910088207290721,1.368727819706202,1
5399,11.885386430672243,1.3838602600587007,1
5400,11.928846026635505,1.3761978980833633,1
5401,11.936627693929257,1.3712261191131205,1
5402,11.945357225493082,1.3836802170832698,1
5403,11.973096791762392,1.3817540623752202,1
5404,11.990341453477495,1.3630815401442327,1
5405,8.071619179054967,1.4294010389733018,1
5406,8.070699889021585,1.3928486356474037,1
5407,8.11811444349992,1.4267312009114241,1
5408,8.090914172614248,1.4331484002069061,1
5409,8.155134868465085,1.4381591888466405,1
5410,8.176296126688436,1.4188935565095064,1
5411,8.215487858524792,1.4434567025519847,1
5412,8.21882579941354,1.3953339148606472,1
5413,8.286239219579278,1.395337549959012,1
5414,8.419932448832274,1.4245379912932137,1
5415,8.550955508098285,1.4432511527950613,1
5416,8.605048874252205,1.4053980835992446,1
5417,8.568401292306357,1.4018506111395181,1
5418,8.620534815621093,1.4213708897455828,1
5419,8.637464985573764,1.4363536192295658,1
5420,8.680472850284389,1.395909821904375,1
5421,8.675644764765497,1.4236453432603882,1
5422,8.749862135841697,1.426729718798833,1
5423,8.772013736996842,1.4379256089321892,1
5424,8.846664771322951,1.3925711498252946,1
5425,8.85559351391404,1.3925368591781142,1
5426,8.860461178274821,1.414856375344807,1
5427,8.904244595857426,1.4158206529572637,1
5428,8.910288827000873,1.4302013308925028,1
5429,8.909159016226605,1.3976745812030438,1
5430,8.877648499161163,1.39957969733157,1
5431,8.96879114629395,1.4357088263667392,1
5432,8.971013328258367,1.4245004000878143,1
5433,9.532634371086667,1.420751636922137,1
5434,9.611658180364376,1.4287680310186108,1
5435,9.578104064336596,1.424035987487902,1
5436,9.669646016378362,1.3992071605808976,1
5437,9.627349083440317,1.4404281461879853,1
5438,9.656181115791536,1.4143576842346872,1
5439,9.706094491765134,1.4196837421351347,1
5440,9.693704501053904,1.4024100063999785,1
5441,9.730082741393895,1.4227837706148059,1
5442,9.770786024291146,1.413557798742398,1
5443,9.742392360386583,1.4010973614280715,1
5444,9.73573062345077,1.4280716636922282,1
5445,9.824813188255428,1.4185197902174038,1
5446,9.79703122387652,1.4052043977316215,1
5447,9.795310557283782,1.39991820653085,1
5448,9.887793994582784,1.4101845514683249,1
5449,9.877469158902704,1.4081676665366827,1
5450,9.973807777122103,1.4216214934080866,1
5451,9.98390914922377,1.4136959764280532,1
5452,9.987264000836586,1.4362027690327939,1
5453,10.029155617067268,1.441746555526977,1
5454,10.02516503483271,1.4371473794491398,1
5455,10.013596641785545,1.413550250573337,1
5456,10.03808357212714,1.4421528243313428,1
5457,10.03762304780549,1.4398215380890418,1
5458,10.05688077477838,1.3987627668225036,1
5459,10.067951125923436,1.4062839435059178,1
5460,10.07421803454711,1.4256408540873624,1
5461,10.103296328731997,1.3970361500993753,1
5462,10.143622210493822,1.4059208562436831,1
5463,10.135615443074279,1.4361983652750028,1
5464,10.151064827322656,1.4324303242006384,1
5465,10.16855108683314,1.4330198252269923,1
5466,10.16937718646457,1.4135214599810813,1
5467,10.192774074523209,1.440667423479931,1
5468,10.261568266576347,1.4169911912656759,1
5469,10.240944966296095,1.4256655982573356,1
5470,10.221506643881478,1.4396807853488849,1
5471,10.276497508905605,1.4100233015604524,1
5472,10.283321580502356,1.3930250574285377,1
5473,10.351094879661257,1.4022741825517917,1
5474,10.321383732457639,1.3999420457886267,1
5475,10.406328461233068,1.4003521915666852,1
5476,10.425184194796081,1.400180001812085,1
5477,10.387928824900102,1.4405679112291774,1
5478,10.441407548721289,1.4003872367962842,1
5479,10.460846563898734,1.4347949279512646,1
5480,10.476025897565718,1.409657515637452,1
5481,10.466892304266846,1.4277802940952735,1
5482,10.486217464346565,1.4256374498532,1
5483,10.508875132500009,1.4338181349442793,1
5484,10.504048073861753,1.4173080758465784,1
5485,10.544633089946798,1.409538810309654,1
5486,10.535634201569223,1.3972257735361933,1
5487,10.60944296763885,1.407068517397665,1
5488,10.600436500051124,1.3931479223362255,1
5489,10.668520542363478,1.4373475564969946,1
5490,10.646310987219183,1.4356022755624187,1
5491,10.695745566729684,1.4137634163019972,1
5492,10.702509979873875,1.4251442384265791,1
5493,10.725556674628855,1.4036748107329635,1
5494,10.764275414848651,1.4179869943178236,1
5495,10.765111050372253,1.4167867804282461,1
5496,10.796032370242779,1.4084052418897357,1
5497,10.768204848150095,1.4199423924740542,1
5498,10.791925231921189,1.404261283506547,1
5499,10.828173892777086,1.4157773140004604,1
5500,10.826463480686252,1.4096488150725108,1
5501,10.85112710196269,1.427608574017458,1
5502,10.841215928879654,1.4437094096091942,1
5503,10.825681534377097,1.4386510276859883,1
5504,10.854221522935312,1.4231779264840085,1
5505,10.87615328333147,1.4251460588178073,1
5506,10.87034419728237,1.4194809329232656,1
5507,10.866233631584423,1.4171554955352008,1
5508,10.897376116945528,1.433482245410897,1
5509,10.905453038981694,1.443103751344936,1
5510,10.880267192178573,1.4161039131273074,1
5511,10.911937126844334,1.4011324090467183,1
5512,10.920443041849719,1.4165591564877515,1
5513,10.920368946438618,1.4406569935443703,1
5514,10.945005253481762,1.395623638141842,1
5515,10.940251012793393,1.4328075828298537,1
5516,11.00126029537875,1.4291744875857681,1
5517,10.987571665783092,1.4214948359798714,1
5518,10.977020185892535,1.3922898271687558,1
5519,11.013556136159742,1.4124904443484796,1
5520,11.066366787870832,1.4170694354451592,1
5521,11.0619249941352,1.4257756040547773,1
5522,11.067179820937582,1.4357229627764378,1
5523,11.04610910164004,1.3951498565507516,1
5524,11.06786001464063,1.405651326925422,1
5525,11.114982739567564,1.4214581598999112,1
5526,11.098646480580161,1.4160900898352051,1
5527,11.074197331417173,1.403084433103375,1
5528,11.106290357832592,1.419582280517392,1
5529,11.093173227316822,1.406272694608661,1
5530,11.072739175881784,1.4172825165200265,1
5531,11.138521846691123,1.4298607755711255,1
5532,11.151449223333657,1.407701113515257,1
5533,11.165836862172105,1.399522290438567,1
5534,11.161244514760496,1.4024953980843116,1
5535,11.175947040063509,1.408183929720334,1
5536,11.229700101636306,1.4400435859647742,1
5537,11.208458428117481,1.417898807780244,1
5538,11.216830119888026,1.39157780630104,1
5539,11.207866190009064,1.4358067110433794,1
5540,11.240245091526749,1.40894031455383,1
5541,11.258454863305621,1.435016232431991,1
5542,11.230350551283912,1.438721321122632,1
5543,11.276316957600383,1.4166696073219038,1
5544,11.310625155947562,1.4271497051864226,1
5545,11.312911480861947,1.4295968862649007,1
5546,11.33299498045066,1.3938900994059535,1
5547,11.336437846026604,1.420029261321588,1
5548,11.285688813936357,1.4081421062509933,1
5549,11.345176565462767,1.4137017643765968,1
5550,11.372642828383347,1.4306019548395366,1
5551,11.350394220401855,1.3938136388862568,1
5552,11.360643474165574,1.3983456285634013,1
5553,11.371877400521477,1.4264248707287646,1
5554,11.405472229665097,1.4374520102959438,1
5555,11.439951987564086,1.407346108684727,1
5556,11.430174262844211,1.3930036990678556,1
5557,11.415459159233947,1.3920896330437058,1
5558,11.461745942719615,1.40021277146882,1
5559,11.481443082799206,1.4046385640922117,1
5560,11.479051828672048,1.3946060761592796,1
5561,11.478984049507753,1.4211211803026345,1
5562,11.529381124822587,1.4029602559259635,1
5563,11.504293825983444,1.441327983673316,1
5564,11.53575737448595,1.4061902081321658,1
5565,11.506616113455605,1.4362525687882743,1
5566,11.59788623708968,1.4125707805085093,1
5567,11.552834133749338,1.426305545528495,1
5568,11.595787510235047,1.4427639227676288,1
5569,11.642797119505866,1.4050198640651406,1
5570,11.6337198399228,1.4015951082617788,1
5571,11.62135673388402,1.4369653738869304,1
5572,11.693868897853712,1.4052217187639369,1
5573,11.695280458123568,1.3973504217703785,1
5574,11.671363994863578,1.4371579539183597,1
5575,11.727334070540596,1.4110153383657216,1
5576,11.738365567537826,1.4409427650421958,1
5577,11.732353748559172,1.4264022887247036,1
5578,11.772776690901017,1.4269911378131115,1
5579,11.80381940010338,1.4197715035476939,1
5580,11.777333137048439,1.4410720119868954,1
5581,11.815093096245812,1.4124528015794338,1
5582,11.776665315836151,1.3913664122079603,1
5583,11.867654843545852,1.3938864292888138,1
5584,11.83788896081971,1.4210260875387581,1
5585,11.830835497669055,1.4080720553969226,1
5586,11.834588687953838,1.4404192589758995,1
5587,11.860276779697143,1.4234557750475116,1
5588,11.895785714507872,1.403720443712515,1
5589,11.921960323701681,1.4212478994297402,1
5590,11.882061701789393,1.4118646854192827,1
5591,11.872727004905949,1.4239176586311222,1
5592,11.894201766364466,1.4013556655202346,1
5593,11.974337038277762,1.4228186619112537,1
5594,11.927583481765994,1.421357937126436,1
5595,11.950341807905758,1.4182524151541516,1
5596,11.945044123137208,1.4206954842316324,1
5597,11.950665596462347,1.427237165754377,1
5598,8.009181595716514,1.447942547197352,1
5599,8.066839570791469,1.490779692315568,1
5600,8.067722140240093,1.4752842242732056,1
5601,8.113746400739151,1.4573236869403265,1
5602,8.135416287368633,1.4856258354365648,1
5603,8.156074187793003,1.4751346812742123,1
5604,8.229327933131193,1.467224141081981,1
5605,8.189158481864151,1.4849876521803287,1
5606,8.24479362100345,1.4872810508931433,1
5607,8.394810536042943,1.4593032235387218,1
5608,8.42063783563354,1.4527443471774635,1
5609,8.476646888787581,1.46788582158509,1
5610,8.551723840879855,1.4605460433975022,1
5611,8.564201287810628,1.4871709155089616,1
5612,8.591473762037582,1.4483338612177714,1
5613,8.660531916319304,1.447101887643042,1
5614,8.623662653513627,1.4495058705715864,1
5615,8.69106554198819,1.4479200468067308,1
5616,8.764860207216827,1.484277634709974,1
5617,8.727045812465235,1.4572879815602964,1
5618,8.722725876239144,1.4597288730166924,1
5619,8.771314834023352,1.4600894259828032,1
5620,8.786971126939186,1.464891238927241,1
5621,8.820669740871361,1.448908710775297,1
5622,8.85542425492197,1.4852799747631746,1
5623,8.828407000468781,1.4967822225182064,1
5624,8.852735810433995,1.4972914248063316,1
5625,8.836769242826088,1.4687347373154906,1
5626,8.879557508909338,1.4877043801275034,1
5627,8.894989748363905,1.4712897653569101,1
5628,8.887371385233344,1.4860861227526325,1
5629,8.955760167806654,1.4470114438446056,1
5630,8.965541190744961,1.4468395155974707,1
5631,8.986796253553786,1.4857386617027435,1
5632,8.986207260960333,1.4907172479096353,1
5633,9.019686355050471,1.490718720136846,1
5634,9.086578573263122,1.4614179654582293,1
5635,9.08435792447386,1.476210037052582,1
5636,9.04338287463365,1.494190511322032,1
5637,9.133311411555402,1.4591258001058671,1
5638,9.578957886792839,1.490521608369268,1
5639,9.656743883824966,1.4588393327046472,1
5640,9.638458558259886,1.4646870089101631,1
5641,9.687291608433044,1.4809344819320311,1
5642,9.690606681393628,1.4546663003607134,1
5643,9.68608121449459,1.4761070244754035,1
5644,9.74113576963215,1.4733009619684063,1
5645,9.767144482710082,1.4604111802999717,1
5646,9.777705388599488,1.47511917389609,1
5647,9.78202216533745,1.460053111103372,1
5648,9.832778292619833,1.4611166508983415,1
5649,9.815314411236747,1.4626535194248842,1
5650,9.80556614670629,1.4567835773287086,1
5651,9.881508529000488,1.4863247346491835,1
5652,9.94982777588641,1.4628212510902436,1
5653,9.985324691894942,1.4878673512747835,1
5654,9.979595804572963,1.4714688214216893,1
5655,9.960379074276506,1.449076719333624,1
5656,10.048062928811152,1.4758260299454669,1
5657,10.03180604985027,1.4748928319257228,1
5658,10.013154827317543,1.469793833109997,1
5659,10.044070866756199,1.452082733174477,1
5660,10.03229341848747,1.4609771189786869,1
5661,10.1058275916813,1.4724885208076945,1
5662,10.101075861362771,1.4961680738074579,1
5663,10.063522081412167,1.4594361520345855,1
5664,10.102668765301258,1.450863180078837,1
5665,10.128601671620263,1.4621074537950691,1
5666,10.121822486437894,1.464607115085323,1
5667,10.123306976159304,1.4518158081678556,1
5668,10.135537337382605,1.4636657088851595,1
5669,10.176843992968683,1.4676730958316355,1
5670,10.202497495926076,1.4457076318074262,1
5671,10.190095895547525,1.47345492011081,1
5672,10.22800429598521,1.4504371786766193,1
5673,10.222403576686048,1.4945155474260898,1
5674,10.253742659439466,1.4921920916233031,1
5675,10.303553328018014,1.489574916513542,1
5676,10.28460236594686,1.4951831891963272,1
5677,10.273383758948002,1.4627722418977813,1
5678,10.323596668712481,1.455808055505033,1
5679,10.346706798588478,1.4573265798705402,1
5680,10.409012347671766,1.4632873022519997,1
5681,10.423836736076883,1.4811497509047706,1
5682,10.41385868554834,1.4713270795300528,1
5683,10.466109523695215,1.4508022679016939,1
5684,10.430739745448061,1.4802310381942312,1
5685,10.471164733059183,1.4457030759088725,1
5686,10.49298187614244,1.4923873998502575,1
5687,10.513772970322842,1.4461376028761863,1
5688,10.533979119590175,1.495588963160365,1
5689,10.5585858926291,1.4619234859028587,1
5690,10.55630412943621,1.4925720585092734,1
5691,10.61908218674633,1.476044135376243,1
5692,10.622688455792996,1.4651266727005001,1
5693,10.618128297543645,1.496654257087183,1
5694,10.687062639852952,1.454529109223595,1
5695,10.642355838228825,1.4584072135317654,1
5696,10.718728153322308,1.466181474772936,1
5697,10.744619683520593,1.4956006940560724,1
5698,10.736460784177904,1.446776734329438,1
5699,10.789203801865066,1.4572487873317472,1
5700,10.763971143108908,1.4466247047748282,1
5701,10.776676293208235,1.497285582480535,1
5702,10.771631441230896,1.4662901961170454,1
5703,10.798345861555065,1.4746102382870283,1
5704,10.802552102876701,1.47490956234094,1
5705,10.828616827578294,1.47968321865333,1
5706,10.81309285034261,1.4927675613799953,1
5707,10.837106613400648,1.463463968790243,1
5708,10.815424981831512,1.46947643888223,1
5709,10.8095640289017,1.491133875513439,1
5710,10.873714814990176,1.482625702609836,1
5711,10.899184028930247,1.4840449507121924,1
5712,10.888774817747596,1.4682889909376768,1
5713,10.880978169473444,1.4464395688854865,1
5714,10.856316437760675,1.496418519748347,1
5715,10.920008669758134,1.4793173361549974,1
5716,10.93089069203533,1.4541978271820881,1
5717,10.92252775237732,1.4636397439588713,1
5718,10.94206333404946,1.4706018732828192,1
5719,10.923212195012173,1.457858291095097,1
5720,11.010907367895118,1.449851671193799,1
5721,10.998984194164178,1.4831361026977201,1
5722,10.992571942070427,1.4970193370930427,1
5723,11.00216849901045,1.4449868029483068,1
5724,10.983839135070552,1.477519846785697,1
5725,11.03835275974427,1.4878046269157879,1
5726,11.064568185696231,1.4522978943284404,1
5727,11.056717024435564,1.4672097336457575,1
5728,11.059981560667724,1.4957388763730115,1
5729,11.062592301586584,1.4941413539063015,1
5730,11.078586398007413,1.4502708933071675,1
5731,11.098721964613924,1.4812603172522805,1
5732,11.072892461236004,1.4536770968121366,1
5733,11.093078998151924,1.4481160040778474,1
5734,11.101076037694504,1.496891803967196,1
5735,11.086583369119678,1.4782174529091014,1
5736,11.155312911970846,1.4952577602920993,1
5737,11.164792036665089,1.466877468505192,1
5738,11.175641798925533,1.4786617782864198,1
5739,11.175556423640394,1.4527541687902992,1
5740,11.228770530089596,1.4612057974627821,1
5741,11.205619245317319,1.4487190802362986,1
5742,11.220476701367442,1.4553594797359393,1
5743,11.22507539244387,1.4498678159037426,1
5744,11.233977257934477,1.456418076581993,1
5745,11.254574298390285,1.4933837185779752,1
5746,11.242132167407691,1.457612117823826,1
5747,11.240061062604262,1.4867618104261413,1
5748,11.282627506041493,1.4768648354029883,1
5749,11.331552877226319,1.4821967381679055,1
5750,11.330353063640837,1.4642167904240468,1
5751,11.324777405196285,1.4491178221799237,1
5752,11.297783549557067,1.4846585381910515,1
5753,11.334541751989226,1.4660786215714035,1
5754,11.376106352150023,1.4665160496543903,1
5755,11.3851357070532,1.4493555403324834,1
5756,11.346887000571824,1.4959079155957737,1
5757,11.37766136463474,1.465452220767561,1
5758,11.391817729712095,1.4545518940627722,1
5759,11.397201380110458,1.4632963674434996,1
5760,11.407018762227738,1.4876050401914038,1
5761,11.40538761755773,1.476615172629702,1
5762,11.42637030830862,1.486773355078191,1
5763,11.452100005089417,1.4459818917763199,1
5764,11.4906877202316,1.4594091303413805,1
5765,11.450373211326408,1.4767951053365278,1
5766,11.46779860378994,1.453680094430609,1
5767,11.445538319400715,1.4611831543597964,1
5768,11.497411926198179,1.4914423118063695,1
5769,11.543741249562334,1.478289625305887,1
5770,11.523039940486775,1.4548617941648108,1
5771,11.536256541474016,1.4622360912612347,1
5772,11.539285332309593,1.478728835805496,1
5773,11.60191815492875,1.4513280078874493,1
5774,11.60011782158155,1.464630937673902,1
5775,11.598815104564682,1.4602033923276214,1
5776,11.581897741285548,1.4490286319446717,1
5777,11.632395947594706,1.454219721442278,1
5778,11.655742886483953,1.4909235168097321,1
5779,11.651195360411556,1.4841663849046802,1
5780,11.675592097674071,1.4969420749054274,1
5781,11.67262506652524,1.4757067303011453,1
5782,11.693617870794426,1.4511287694554402,1
5783,11.749541779162426,1.4716533472824116,1
5784,11.741538224102744,1.464294662009638,1
5785,11.727421117992394,1.4711136268217384,1
5786,11.753228954867353,1.4541657373501287,1
5787,11.77684875528233,1.49416580620936,1
5788,11.81797508083279,1.479747799632324,1
5789,11.81285494791687,1.4575068591352367,1
5790,11.799392829377565,1.4577304200823265,1
5791,11.861473764550949,1.472097099461576,1
5792,11.821415381543227,1.4884484266823288,1
5793,11.835748678173378,1.496677862399361,1
5794,11.833860214882035,1.4737260587379613,1
5795,11.852656543150045,1.4642985274246736,1
5796,11.918290645314332,1.4968950871736182,1
5797,11.886323861381587,1.477002181737446,1
5798,11.899788210727962,1.49283548692112,1
5799,11.875921516187283,1.4731256249976232,1
5800,11.905776331584327,1.4681202588296938,1
5801,11.880863424414661,1.453546380122875,1
5802,11.942459478559485,1.481760659443067,1
5803,11.95917703593081,1.4644009466569121,1
5804,11.97008671257611,1.474797767977883,1
5805,11.96344970211664,1.4658479476779325,1
5806,11.951715319012548,1.4834888469805674,1
5807,11.945664105768751,1.4816836913299147,1
5808,11.98929907716646,1.4851651197121911,1
5809,11.993606151283174,1.4525190631017362,1
5810,11.997870508254655,1.479591029002412,1
5811,8.050824289162303,1.538912814011399,1
5812,8.102821472475545,1.5496111722128731,1
5813,8.129185200172987,1.5356187364801284,1
5814,8.217918842045849,1.547330941083658,1
5815,8.262462652276664,1.5288101419128646,1
5816,8.324099275450564,1.5328035186228266,1
5817,8.404109049127513,1.5308668798184848,1
5818,8.480258131523064,1.5002897209055486,1
5819,8.514602249870135,1.5188122796962313,1
5820,8.587576324993547,1.5180490454865663,1
5821,8.5925082282554,1.4993689623804727,1
5822,8.650657577407484,1.5195006735352794,1
5823,8.70848103036478,1.5180317124216332,1
5824,8.72749037110513,1.5279394815069849,1
5825,8.72521543741167,1.5056692375577925,1
5826,8.747869090271056,1.5361024498154792,1
5827,8.79570351558624,1.5216687765881376,1
5828,8.803471040325363,1.5078354746916247,1
5829,8.81541772982532,1.5293535957249187,1
5830,8.79750330264386,1.5278094305293028,1
5831,8.870788912448413,1.5041830869385127,1
5832,8.844619996646214,1.5381171079353846,1
5833,8.824142349102177,1.5399546734480043,1
5834,8.89200623703857,1.5328408728874248,1
5835,8.916029151384492,1.503209417096534,1
5836,8.971287754473915,1.5124471996720652,1
5837,8.934702085948597,1.506348730070301,1
5838,9.000590593443096,1.5233854520508383,1
5839,9.015503448583743,1.5041742021656563,1
5840,9.012371329100409,1.5037841893212285,1
5841,9.040702049538409,1.5209379087338102,1
5842,9.048479146156264,1.5486285815824858,1
5843,9.054446640533664,1.518673085129892,1
5844,9.044939619518606,1.5240467497988155,1
5845,9.096693253675493,1.5431281798091054,1
5846,9.132739084976023,1.4998059174614242,1
5847,9.729246225343994,1.5227165323128986,1
5848,9.755115996805264,1.505171905426815,1
5849,9.779728547255152,1.527929854728975,1
5850,9.79915421068262,1.5080406355936327,1
5851,9.815650193748438,1.5319208060790328,1
5852,9.996768307503572,1.5005759268722592,1
5853,9.963660268637957,1.499513166841002,1
5854,9.971005501678631,1.5460124449338695,1
5855,9.978037881042445,1.5495573210915934,1
5856,10.03371320008345,1.523904812972179,1
5857,10.025415815478334,1.523208797031662,1
5858,10.010696599053414,1.517352821503648,1
5859,10.030072384869632,1.5435916304117177,1
5860,10.032719567187739,1.5062490839861127,1
5861,10.087158834806255,1.526790437441987,1
5862,10.060706197718444,1.5173431250261689,1
5863,10.054250896395866,1.5131666846108458,1
5864,10.07984018791822,1.518108673703921,1
5865,10.156244080021951,1.546592617159489,1
5866,10.113283632251024,1.528670143323712,1
5867,10.11193725344937,1.5314813389069868,1
5868,10.168026747846607,1.506703386275626,1
5869,10.212175706754437,1.5004721883659726,1
5870,10.199077792280521,1.4988836166540185,1
5871,10.246342232336424,1.5146445398043105,1
5872,10.25541235803714,1.5200068865889031,1
5873,10.214592177444256,1.499573357241104,1
5874,10.27468471756266,1.5294401411627525,1
5875,10.270907726064925,1.4990742806924626,1
5876,10.304774752789815,1.498965191674899,1
5877,10.350833830716844,1.5179743745829437,1
5878,10.367937251104468,1.5100311036740761,1
5879,10.322692814512124,1.4986499279147394,1
5880,10.390163807359162,1.550334040905003,1
5881,10.420420067586239,1.500223102112571,1
5882,10.38489801269115,1.5164639589217468,1
5883,10.457699801561597,1.5384490943772695,1
5884,10.453293940852243,1.5217603380138498,1
5885,10.476419096537319,1.5273041620695051,1
5886,10.522386518909736,1.5287824088297672,1
5887,10.51979733335072,1.517745738550565,1
5888,10.507417448903093,1.5109650402730066,1
5889,10.585531404949139,1.5314234153578627,1
5890,10.55521784530123,1.5491984996341865,1
5891,10.53557168662282,1.5234995243629874,1
5892,10.622061297514406,1.5318381415121256,1
5893,10.591894936031649,1.5503722638055388,1
5894,10.605402367699039,1.5465406437002134,1
5895,10.688894864231235,1.541615635312373,1
5896,10.643553801488535,1.549177635270195,1
5897,10.716020838599263,1.5352598067871799,1
5898,10.701458193082674,1.5284683775615127,1
5899,10.72512528316779,1.5176608200520378,1
5900,10.767910598343706,1.524647838615147,1
5901,10.7579870578257,1.532808663407547,1
5902,10.801140865252052,1.5504516786207692,1
5903,10.780970821671177,1.5284516234600052,1
5904,10.787909729600488,1.530682065970537,1
5905,10.81493069627428,1.5108969001904262,1
5906,10.846459941256613,1.5072756287520424,1
5907,10.825274807599948,1.5080412117478452,1
5908,10.828339614603198,1.5039196836813031,1
5909,10.845611847906572,1.5246951953655483,1
5910,10.896948519038713,1.5206446279604322,1
5911,10.880254974240911,1.5350706051952878,1
5912,10.858142787558531,1.5397982240369836,1
5913,10.878280189946958,1.5438327477179985,1
5914,10.899122990168578,1.5136423168489201,1
5915,10.925180334029736,1.5471727356631995,1
5916,10.95505709081577,1.5282577444038141,1
5917,10.935692878004343,1.5503073543389254,1
5918,10.962442845754484,1.5501276844303742,1
5919,10.957938700416348,1.5095299351363929,1
5920,10.966280597317684,1.5430974290265982,1
5921,11.015219485956878,1.5396916867143233,1
5922,10.998918008832804,1.5300839251684877,1
5923,10.96443675866051,1.5222166526671979,1
5924,11.004591200465157,1.5019652359815578,1
5925,11.023856593055802,1.5321425215035718,1
5926,11.038601695700049,1.5118387837944658,1
5927,11.026573266263483,1.525542827786606,1
5928,11.023636666803167,1.5455167484305534,1
5929,11.018452112152689,1.5270268825365416,1
5930,11.083006069100621,1.5077956129385146,1
5931,11.092269309191668,1.5072103513738644,1
5932,11.0803007087252,1.504038838821414,1
5933,11.120822434684698,1.524593087910397,1
5934,11.103625187373595,1.5147246410967155,1
5935,11.159191488017694,1.5201355987885514,1
5936,11.170022559964043,1.5395697999903533,1
5937,11.16806158381164,1.5455653421592572,1
5938,11.133414263341844,1.5208322601950028,1
5939,11.229936737961905,1.5143113099041607,1
5940,11.190846222130448,1.5106548888700977,1
5941,11.190106208878998,1.5457268845613532,1
5942,11.182327830637876,1.5126510187022697,1
5943,11.205127934141286,1.5029257669024245,1
5944,11.243454191074244,1.5419491096093862,1
5945,11.237672837795749,1.5077220987802797,1
5946,11.265044040607181,1.506305981879954,1
5947,11.26395031527318,1.505175120964648,1
5948,11.255693349334267,1.5243733903807015,1
5949,11.232266912719922,1.5379262803206013,1
5950,11.320197840142619,1.5042844542656768,1
5951,11.333290548820273,1.510799832450559,1
5952,11.296341144955806,1.5067387851617642,1
5953,11.328973990982615,1.5106945827083513,1
5954,11.328733545335115,1.5435474653043957,1
5955,11.286359821325469,1.5462267394842144,1
5956,11.367532871669798,1.506614576299082,1
5957,11.346128750006539,1.5223247738884422,1
5958,11.377406011834045,1.4985197865917184,1
5959,11.353586063190315,1.4978823456028643,1
5960,11.401477839255161,1.498868989266012,1
5961,11.436249605414664,1.4975241108113657,1
5962,11.42844790436787,1.5280934296036914,1
5963,11.404023204156582,1.5073682227038319,1
5964,11.402212225799065,1.517899499438942,1
5965,11.452513042203282,1.5317385793701719,1
5966,11.48204157630099,1.5124721125479965,1
5967,11.451472247563526,1.5052713957462447,1
5968,11.459634969640572,1.5197441020672968,1
5969,11.493228017415188,1.5012919328952987,1
5970,11.473391664761197,1.513000824776361,1
5971,11.507895464302512,1.5116161278123836,1
5972,11.525483948693617,1.5147901382578755,1
5973,11.514352587341921,1.5332795375839483,1
5974,11.515103298634903,1.5430050480855342,1
5975,11.507133420554469,1.5075144879435385,1
5976,11.602110128770267,1.5420747982855518,1
5977,11.558142877757163,1.5132046174494,1
5978,11.556397571386112,1.5346873703069734,1
5979,11.577314548264091,1.5268073903413588,1
5980,11.629669048231586,1.5124539536165467,1
5981,11.634185053323419,1.503356258418803,1
5982,11.627946593172663,1.5077109986074557,1
5983,11.620922680516687,1.5233824357755295,1
5984,11.711116905010657,1.5098705809408641,1
5985,11.666768449768092,1.4986224907260517,1
5986,11.67093226742635,1.5436055980263603,1
5987,11.752563042335764,1.5487040105772687,1
5988,11.71822787381218,1.5030571347636532,1
5989,11.741768115583996,1.524493035956533,1
5990,11.745933456924297,1.5052892187015456,1
5991,11.79781200703004,1.5478690201741536,1
5992,11.803245208990155,1.5164829074884143,1
5993,11.803343395774252,1.5387010761439959,1
5994,11.795254178973211,1.5497779959334834,1
5995,11.80486694501607,1.518027133929979,1
5996,11.829596706814712,1.5114187899936913,1
5997,11.833783457501351,1.5448412728863856,1
5998,11.859549729013118,1.5317389310095346,1
5999,11.860269096268699,1.5320405180091967,1
6000,11.843453513154532,1.5244221550298873,1
6001,11.831789798417883,1.531278551825682,1
6002,11.913299512451323,1.538211846806225,1
6003,11.923987618037089,1.5336739218274922,1
6004,11.922102728601425,1.5178095880289102,1
6005,11.91726494190735,1.5005511664516578,1
6006,11.890434182943014,1.503227516205412,1
6007,11.924002055646337,1.5218777928874039,1
6008,11.963282742209634,1.5377434138678718,1
6009,11.966994310287353,1.5384169906234781,1
6010,11.947256092210207,1.5065932612048878,1
6011,11.935065777172337,1.5317924635508828,1
6012,11.927411746647453,1.4992574915457275,1
6013,11.935958017369654,1.499279085630376,1
6014,11.989120761191877,1.5448364980027416,1
6015,11.984498767404537,1.5207380501042318,1
6016,8.01735717178972,1.5530374014053692,1
6017,8.031049734698936,1.6005391974905163,1
6018,8.08482999145696,1.5972184820953197,1
6019,8.143441650604691,1.5642786613314126,1
6020,8.250819854702097,1.5691785587957652,1
6021,8.304097515572515,1.5585173133196975,1
6022,8.318713725331932,1.5977631676385209,1
6023,8.30088113741781,1.5572561153326419,1
6024,8.393582476322283,1.5684352414232943,1
6025,8.374946531209044,1.5796777856605848,1
6026,8.361409408037453,1.5672523959539175,1
6027,8.41320132222357,1.5555545786584721,1
6028,8.400898309756327,1.563103423782308,1
6029,8.482016859686786,1.5756994014958707,1
6030,8.499751549200822,1.5509903444160265,1
6031,8.546606105761281,1.5867338762023913,1
6032,8.512061772160761,1.5870747487505952,1
6033,8.606178205782616,1.5640088196067503,1
6034,8.602515903581208,1.5525093041275244,1
6035,8.687803165209832,1.5528832528572543,1
6036,8.730915808716524,1.583167767967683,1
6037,8.734312193227588,1.5854491763857108,1
6038,8.742642908946488,1.5740644402766348,1
6039,8.780981154718768,1.5630446347828275,1
6040,8.8231734074057,1.578394586278404,1
6041,8.776032819723248,1.5747451658354006,1
6042,8.858366046550842,1.5709662616153455,1
6043,8.852810897443371,1.5824507413189728,1
6044,8.8956981918465,1.5910640196374113,1
6045,8.92257839035713,1.5660937684468788,1
6046,8.971142665738775,1.57524489410507,1
6047,8.931478574576184,1.5553458075411588,1
6048,9.028935318309847,1.562980899439169,1
6049,9.006979371463927,1.5589331849587267,1
6050,9.090363439617576,1.5775127868967604,1
6051,9.087744290010402,1.5627841119752102,1
6052,9.061005156829305,1.5803923227090915,1
6053,9.121458071479463,1.575842133389342,1
6054,9.096802334368165,1.5771642588521089,1
6055,9.175886646098993,1.5772426834431699,1
6056,9.148066351795093,1.5712338737055571,1
6057,9.240790256107319,1.5594962610002767,1
6058,9.259440908084288,1.564247261174611,1
6059,9.784151715296124,1.602542298225478,1
6060,9.790367602745231,1.571881548796022,1
6061,9.977987913113767,1.5969441858841855,1
6062,9.97785486016491,1.5924814760935218,1
6063,9.982472020589784,1.5731851743191072,1
6064,9.999978903681525,1.5909705057399435,1
6065,10.034264930409483,1.5869462307856552,1
6066,10.029057552303907,1.573575404737637,1
6067,10.04418161404516,1.5953795418844152,1
6068,10.024307210314932,1.5726074644558414,1
6069,10.080197086145064,1.6021578759135124,1
6070,10.058491805674329,1.566417431860605,1
6071,10.105586725820835,1.5871917892068994,1
6072,10.143462776465208,1.5615909684293172,1
6073,10.139539129163355,1.5972369583754844,1
6074,10.113036380419244,1.599391532148844,1
6075,10.184173024462858,1.57828707708416,1
6076,10.173787815302257,1.5641502395662632,1
6077,10.249365467357196,1.6033137763706706,1
6078,10.258855761526508,1.5569924153297439,1
6079,10.247088599736724,1.5641700160134102,1
6080,10.317801832710302,1.5613492984787167,1
6081,10.30897042667501,1.584425790352388,1
6082,10.275805294649755,1.59946460010065,1
6083,10.368706916292586,1.5835876496309127,1
6084,10.350441759260177,1.5755779337247424,1
6085,10.374085327194381,1.596044418134581,1
6086,10.378998613801521,1.5531897498886673,1
6087,10.413734588306495,1.5842813013831378,1
6088,10.374534780199424,1.574140724793285,1
6089,10.441480880624681,1.5684688591265386,1
6090,10.472467663015744,1.5702275221049093,1
6091,10.450709897772592,1.5877449470660003,1
6092,10.49684350698686,1.5949858717414414,1
6093,10.483220229859302,1.5805882488096001,1
6094,10.493032229492114,1.5572877713964068,1
6095,10.58622814496435,1.5631142240546718,1
6096,10.583110809436329,1.5708744276213105,1
6097,10.581651791887106,1.5604072772167734,1
6098,10.619328903421524,1.5522601186342537,1
6099,10.621218842025272,1.5887356298897637,1
6100,10.614194420214359,1.5580421505906286,1
6101,10.65805281555888,1.5917315084137562,1
6102,10.687349992564474,1.555213676091244,1
6103,10.742571657225279,1.5663266831124414,1
6104,10.701959749131426,1.5563610405947028,1
6105,10.796050992535184,1.5998736567174536,1
6106,10.760745929133014,1.5632232715234389,1
6107,10.74993330618019,1.586036783087018,1
6108,10.75907081559558,1.5641299859204338,1
6109,10.780850468751634,1.5970517772261739,1
6110,10.834270513214504,1.5801740764461683,1
6111,10.806806891921953,1.5995077168627396,1
6112,10.827599311327772,1.5684455545656193,1
6113,10.80617994306517,1.573229836931242,1
6114,10.853487851558775,1.587473979924619,1
6115,10.857320696321363,1.578664735519622,1
6116,10.866162102371941,1.55569495354919,1
6117,10.897849293451037,1.5753643430591087,1
6118,10.869125825519578,1.5545975822829146,1
6119,10.91619755878393,1.5913578444504684,1
6120,10.943814349170173,1.5889838195016783,1
6121,10.939825562680632,1.5842735522993252,1
6122,10.916887818435765,1.5784831448938268,1
6123,10.915561165998458,1.589918848574838,1
6124,10.973790799077948,1.5788098593095792,1
6125,11.01414082939292,1.5606969451074837,1
6126,10.964731521050872,1.5590555166458733,1
6127,11.0016528737225,1.5890017076247152,1
6128,11.014314814898682,1.582348724091303,1
6129,11.053934830315297,1.5570748825320129,1
6130,11.062619786858141,1.581236240944655,1
6131,11.051772593355272,1.600069283836063,1
6132,11.041717047079509,1.5641630932534025,1
6133,11.045171758038459,1.5978052438092842,1
6134,11.104803830465166,1.5564910141197066,1
6135,11.073552850608934,1.577297224233531,1
6136,11.118816416391823,1.5753633496936497,1
6137,11.114748935670624,1.5595722578429936,1
6138,11.10680308555231,1.5799505404994059,1
6139,11.176042521910105,1.5949920510519764,1
6140,11.138531320990007,1.586537224795125,1
6141,11.14487240345173,1.5850641040382212,1
6142,11.160078196974949,1.5996643376973063,1
6143,11.226508865971235,1.5895998180039796,1
6144,11.223881712842067,1.5804916163723595,1
6145,11.185845927444507,1.5815882688027265,1
6146,11.181739118127119,1.58579926729029,1
6147,11.217163318905595,1.5642634813528453,1
6148,11.200839574777621,1.586785294452176,1
6149,11.242294060411504,1.5924614969667354,1
6150,11.262552646192724,1.5962233566617863,1
6151,11.270337451562488,1.5906984124570795,1
6152,11.253714173851085,1.6035435258074233,1
6153,11.23166090152825,1.5913101516896655,1
6154,11.234620727200191,1.5891581497860352,1
6155,11.2925959073024,1.5865066321020775,1
6156,11.313721774863772,1.585156573116167,1
6157,11.322560511268813,1.593600077127814,1
6158,11.310751439991076,1.576552037445731,1
6159,11.324807614966497,1.6000741159452914,1
6160,11.357607038609702,1.5802527851460326,1
6161,11.36140967525334,1.5628833083637141,1
6162,11.378016502436514,1.5638556771723302,1
6163,11.392113637630118,1.5811075214632055,1
6164,11.423398939927091,1.5933990881054687,1
6165,11.391332946234298,1.5771499715070176,1
6166,11.420057433354216,1.5824583279022508,1
6167,11.443680433417132,1.5822044216386486,1
6168,11.471548430872044,1.5983095424774176,1
6169,11.481710576086707,1.5801347627331324,1
6170,11.47753970125183,1.5624153676115258,1
6171,11.462499561288613,1.5671083431958606,1
6172,11.46640611465436,1.566692101385768,1
6173,11.51360260559176,1.569149071818669,1
6174,11.501741997702121,1.6009173775189112,1
6175,11.521465865138259,1.560860574095634,1
6176,11.546960261540658,1.5900302886393125,1
6177,11.574320315599556,1.5982041080627267,1
6178,11.589227661776773,1.5766765226047599,1
6179,11.567917169883927,1.582237359594768,1
6180,11.590615261088395,1.5885973350117184,1
6181,11.64759068954127,1.5826826653812833,1
6182,11.611043528501792,1.5580640697872823,1
6183,11.654643278126764,1.558414479507232,1
6184,11.64814514043654,1.5515989640952148,1
6185,11.71106813779676,1.5795191380959004,1
6186,11.693605971663514,1.5534095700055872,1
6187,11.704667121742498,1.6039180221488494,1
6188,11.742800115751756,1.5767225629776744,1
6189,11.748019214183326,1.5883340804401473,1
6190,11.7112640060986,1.6031748475350598,1
6191,11.731191675981357,1.5932713915684145,1
6192,11.791257011163694,1.5987983100329313,1
6193,11.783793761214957,1.5861518673114556,1
6194,11.811329115707036,1.5770881634677378,1
6195,11.80286809008653,1.5635126005529707,1
6196,11.776006586096079,1.5657478285391029,1
6197,11.805723151264958,1.594941595528542,1
6198,11.837116635809123,1.5631904627035489,1
6199,11.866399045769107,1.5880647576894034,1
6200,11.824692289684638,1.5638508125826218,1
6201,11.862886924380726,1.6016758358932661,1
6202,11.844290312524974,1.583391925073192,1
6203,11.820740740847585,1.5829683272422523,1
6204,11.873230949084768,1.596873333597199,1
6205,11.888246301915693,1.5595040505391982,1
6206,11.917781781709412,1.5772789655163588,1
6207,11.91079399786771,1.5598689915969615,1
6208,11.919250206336136,1.5706265052344395,1
6209,11.921642030786588,1.5719666410811168,1
6210,11.947855958825881,1.5571357378734108,1
6211,11.963036839267748,1.5683085264112215,1
6212,11.941649277671512,1.5672587657926096,1
6213,11.950977396654343,1.5517038636216411,1
6214,11.926073267332203,1.5766602975588986,1
6215,11.956817591456982,1.582930591468384,1
6216,11.988872390544648,1.57143864500362,1
6217,11.981719833711894,1.588261001984266,1
6218,11.991626101960579,1.555659644290379,1
6219,8.02130396935896,1.6120449993143966,1
6220,8.02977722682009,1.6568975918424989,1
6221,8.092776744980828,1.6514330821256702,1
6222,8.16198753390777,1.6174459915077402,1
6223,8.22551323869019,1.6137221595704434,1
6224,8.277778776631905,1.6306478404112263,1
6225,8.235564032426346,1.6493700102992457,1
6226,8.304640240539204,1.6357688858383248,1
6227,8.331701454409727,1.6241411433071105,1
6228,8.292920094493759,1.6389677570571486,1
6229,8.33545679255744,1.630712915729099,1
6230,8.356293001525696,1.655749131617938,1
6231,8.36066925227126,1.608115669923419,1
6232,8.383311816800644,1.648099308029489,1
6233,8.369516996617895,1.6113177401918264,1
6234,8.411380030512463,1.6384921800283678,1
6235,8.430615550606316,1.642395292544491,1
6236,8.43357748252926,1.6151092107391927,1
6237,8.399742891627344,1.6044628802009104,1
6238,8.488557101418923,1.6301213448062786,1
6239,8.477208127104657,1.6444274548164526,1
6240,8.494759617485274,1.6098726124640306,1
6241,8.492036899332627,1.6295662913545026,1
6242,8.515182042445824,1.6387873711899834,1
6243,8.555198567408883,1.642895009667944,1
6244,8.508538851395423,1.6324924952787645,1
6245,8.549334185142932,1.6412052567085944,1
6246,8.597821735963999,1.6217818876853665,1
6247,8.675633203396481,1.6349723889891032,1
6248,8.70082386933716,1.6115436196037498,1
6249,8.763844737591807,1.6244157401349906,1
6250,8.764670291829042,1.6131848583988433,1
6251,8.7376209013286,1.6066906094381594,1
6252,8.819666203816523,1.6480579580382066,1
6253,8.788603467377648,1.6410296972467289,1
6254,8.777058471857442,1.6506846755627231,1
6255,8.846372646021429,1.6347666173872069,1
6256,8.838522066080534,1.6289332827077845,1
6257,8.882666277072685,1.6417194693341652,1
6258,8.913773874141985,1.6330192423591219,1
6259,8.9502122248853,1.6273321575398376,1
6260,8.93203053636,1.6052261073923586,1
6261,9.029108479006972,1.634326215921377,1
6262,9.039195998019478,1.6112879755382241,1
6263,9.043528820999052,1.6102720317798562,1
6264,9.11927814112501,1.6284815392407679,1
6265,9.126883049046212,1.631442739801831,1
6266,9.169363850735246,1.6300548741843215,1
6267,9.174966083322664,1.6249706699598758,1
6268,9.22743110872522,1.6075861085904009,1
6269,9.199875266714644,1.625232494726446,1
6270,9.277981793620413,1.6145327017423017,1
6271,9.974081082988732,1.626889498244538,1
6272,9.94875509964789,1.6142990451455572,1
6273,9.984229071156072,1.6336280523392448,1
6274,10.016184937598995,1.6466260937656223,1
6275,10.019966955448073,1.6342648225510703,1
6276,10.008408611709914,1.622313934880713,1
6277,10.030741017641938,1.6228051221997422,1
6278,10.062424740339297,1.6189427363110942,1
6279,10.082826885942875,1.6347098167667076,1
6280,10.060932416473811,1.6238790569228179,1
6281,10.136940136648947,1.627608761907154,1
6282,10.119545515774355,1.605094066899294,1
6283,10.191536675953534,1.653814076450639,1
6284,10.198148219930108,1.6410453983673587,1
6285,10.224377317132141,1.6467442764485867,1
6286,10.239977220883347,1.631866671100357,1
6287,10.214669228784928,1.6176385009751015,1
6288,10.282567695454516,1.6466751362046794,1
6289,10.32047798755713,1.6229030107698001,1
6290,10.277449513285326,1.612328417758685,1
6291,10.332046955664099,1.6379959518286604,1
6292,10.326335830554077,1.6497224206549048,1
6293,10.366189955101486,1.6238469451878585,1
6294,10.417565082063428,1.6311489463348114,1
6295,10.41006769937099,1.6098563487255082,1
6296,10.414909803200256,1.6281655737126508,1
6297,10.474559395039275,1.6312250904193442,1
6298,10.448658446008894,1.656499832897632,1
6299,10.478399637977207,1.6262105799337618,1
6300,10.498578641447423,1.6445452035813826,1
6301,10.522944054232232,1.6050004366661572,1
6302,10.566643563235449,1.606144976985554,1
6303,10.535110742040327,1.642326762352998,1
6304,10.567180287188979,1.6170736603634663,1
6305,10.630246300499634,1.6460534788032517,1
6306,10.603546936777416,1.6263660192128813,1
6307,10.601402887994615,1.6292016056810934,1
6308,10.665220630590197,1.6115354545725984,1
6309,10.656332489488813,1.6425382440654068,1
6310,10.696996290119706,1.6471022097002967,1
6311,10.706956774310294,1.612242329841737,1
6312,10.77264600993932,1.6261497355014536,1
6313,10.74896394816258,1.6127450402437749,1
6314,10.753931326425873,1.619678145663429,1
6315,10.778574644312714,1.6117914199694556,1
6316,10.821163135480113,1.639266895117731,1
6317,10.838963360710743,1.6126779656304935,1
6318,10.843519962391849,1.6336452465104283,1
6319,10.846608552601921,1.6197887308853536,1
6320,10.839501289275475,1.633720846961417,1
6321,10.880228092081651,1.6345945299444171,1
6322,10.861264770263809,1.632161080367439,1
6323,10.875462407457857,1.6207006212243376,1
6324,10.881811714161682,1.6165858104113262,1
6325,10.912454333807306,1.6532662664871873,1
6326,10.924666223221372,1.6413923423890295,1
6327,10.923941984009543,1.6456642114524476,1
6328,10.950199008747258,1.6290363100362948,1
6329,11.010207105431567,1.6443280582207886,1
6330,11.002058527439921,1.6298964292662332,1
6331,11.011910857838165,1.6334646313006151,1
6332,10.990145056518505,1.6370247708541874,1
6333,11.022191936042969,1.6094249146750086,1
6334,11.020389885643192,1.6356130579918196,1
6335,11.04823356975628,1.6319243616010803,1
6336,11.03955276314673,1.6257614321797624,1
6337,11.035492572577782,1.6089516469016025,1
6338,11.092996054315496,1.6044771508496052,1
6339,11.121156856093917,1.6229713681277615,1
6340,11.116374647766918,1.6419341656433495,1
6341,11.103271923339737,1.650997138812246,1
6342,11.161282690650744,1.612920134605002,1
6343,11.135967528442421,1.6411524656937002,1
6344,11.16280649141414,1.6572679543682238,1
6345,11.163524353882915,1.6299685870072562,1
6346,11.134608508586126,1.6527401073039296,1
6347,11.196267875405507,1.6173567798823116,1
6348,11.182878077057646,1.6549656289878802,1
6349,11.18108516537373,1.638869992507055,1
6350,11.222124977352598,1.6136085912913525,1
6351,11.196890989655559,1.627140923182214,1
6352,11.203814147435265,1.630778323324064,1
6353,11.273064483030744,1.6455003407476356,1
6354,11.25650327366961,1.6042878066695778,1
6355,11.255243650099064,1.640155767006913,1
6356,11.233041565635824,1.6499545272893,1
6357,11.279983933331687,1.606213085904698,1
6358,11.248807514039521,1.6060978791300444,1
6359,11.283786417155476,1.608948411623587,1
6360,11.303502052510273,1.6116015199407638,1
6361,11.333468898168094,1.6293514061520193,1
6362,11.304960630971852,1.6217762960298245,1
6363,11.324259950756886,1.6299503938544173,1
6364,11.384751573132444,1.6263695963487887,1
6365,11.380432106664827,1.6127566425236728,1
6366,11.341670772372407,1.64484605795945,1
6367,11.355912148183092,1.627786944014149,1
6368,11.428447328038985,1.617194398518283,1
6369,11.411805520244878,1.6445459634558794,1
6370,11.406052286849773,1.6363167363759945,1
6371,11.414073038487377,1.6413941212062944,1
6372,11.397286023074024,1.6070456990213144,1
6373,11.448762841556203,1.6513035443897648,1
6374,11.484602169509436,1.6286149363807796,1
6375,11.468995305229322,1.630654243434662,1
6376,11.452616106883072,1.6420482764699835,1
6377,11.458411490365613,1.6554032894505337,1
6378,11.51376697069796,1.611233395476621,1
6379,11.514988294618803,1.6490510128796017,1
6380,11.520350639845935,1.6374226351264676,1
6381,11.573683079262969,1.6570017563944635,1
6382,11.588288327260004,1.6474800417863165,1
6383,11.558729234164186,1.6551799064415422,1
6384,11.560695054510234,1.6282965517121282,1
6385,11.606736498482297,1.6436619866237443,1
6386,11.63371195403354,1.6412729184246002,1
6387,11.619760100479594,1.6269888983356238,1
6388,11.645428349895358,1.6061111079794468,1
6389,11.69090848312894,1.637878388409529,1
6390,11.666283162451231,1.6202201818741477,1
6391,11.683343183947667,1.6223613756822661,1
6392,11.693275804488955,1.626808058254038,1
6393,11.739724357284157,1.6453124212245782,1
6394,11.733520912525659,1.6066331767585045,1
6395,11.712711144727912,1.6116069020424533,1
6396,11.716979891827082,1.630801205127872,1
6397,11.743162768339799,1.6080571340036993,1
6398,11.796176705232082,1.6382961201215593,1
6399,11.81647369355732,1.6336216443574139,1
6400,11.774473351984271,1.620166542266746,1
6401,11.77323732026466,1.6491629888568988,1
6402,11.800148518450404,1.657126387618305,1
6403,11.79392666146663,1.655319652235101,1
6404,11.860905849205325,1.6500868770424775,1
6405,11.831798709462623,1.6355173406437904,1
6406,11.843986338334624,1.6555820086067639,1
6407,11.869757722898525,1.6050979324316441,1
6408,11.834990146745211,1.6126176264077776,1
6409,11.862866834772385,1.65691676150092,1
6410,11.910099202979074,1.6171451470085327,1
6411,11.897350325049404,1.6160484412700784,1
6412,11.887167125539271,1.6341129668847387,1
6413,11.89036886152977,1.631382888811098,1
6414,11.879456053257092,1.6154628236643132,1
6415,11.903602346635154,1.624616070848808,1
6416,11.956689835830016,1.6341782936193534,1
6417,11.945846788380642,1.6164407594892845,1
6418,11.952273622278664,1.6532174461187927,1
6419,11.932962892996049,1.6217166004159487,1
6420,11.941806742270424,1.6111195937270095,1
6421,11.930519154557729,1.6371456259728445,1
6422,11.989440943760934,1.6352080330381704,1
6423,11.991488782487997,1.6563428625273562,1
6424,11.996261034374443,1.6244257529283328,1
6425,8.0600016822488,1.6651401401633967,1
6426,8.045615910988577,1.7087766963347741,1
6427,8.128141118584626,1.6833110207863131,1
6428,8.08421512539155,1.6920952048515705,1
6429,8.132573628604884,1.6848749622588632,1
6430,8.21987250144245,1.659390983039485,1
6431,8.196878906738432,1.6754844523376695,1
6432,8.2745946848453,1.7020522115110892,1
6433,8.26265126956972,1.6874542153263397,1
6434,8.341839782431501,1.6673565881148815,1
6435,8.326651469655268,1.6882547994474955,1
6436,8.294015569413062,1.667953854917501,1
6437,8.39017506506554,1.6740834643786335,1
6438,8.346340989255056,1.6783129659585967,1
6439,8.352211758237111,1.7013213716321336,1
6440,8.370485299081883,1.701732244281023,1
6441,8.406570945387813,1.684247135903723,1
6442,8.426367915002198,1.6966433021350156,1
6443,8.441723601238747,1.6980235202317269,1
6444,8.420139818343499,1.6950014292353242,1
6445,8.498224929205838,1.6922419360425318,1
6446,8.48082263287718,1.7080881198138538,1
6447,8.483202139745561,1.7004501772471972,1
6448,8.49584402243466,1.6770315054623546,1
6449,8.537788474981165,1.705556298866469,1
6450,8.509816271640192,1.6935186709908119,1
6451,8.505704510058365,1.6962358872773315,1
6452,8.596359819895692,1.6813125443797405,1
6453,8.636938374892031,1.6880388699958193,1
6454,8.66570064754059,1.6877517659311096,1
6455,8.665518943545731,1.6603884964755586,1
6456,8.679289565984604,1.667718396249395,1
6457,8.730139212012183,1.6752379144028038,1
6458,8.728353465875227,1.6999169126647704,1
6459,8.735683545728294,1.6596873636464247,1
6460,8.815842957094242,1.687080484156631,1
6461,8.802004779919194,1.6588469166311224,1
6462,8.84193086069527,1.6933385758340558,1
6463,8.826680754473859,1.6752316255991726,1
6464,8.88282763601122,1.6798127406488297,1
6465,8.916971463062792,1.7052254838655085,1
6466,8.955474827365167,1.6819185184598704,1
6467,8.977118336955813,1.6688786467121228,1
6468,9.025947020595213,1.678497471713987,1
6469,9.082989140984836,1.668567260829415,1
6470,9.067186299060713,1.6769659115563842,1
6471,9.111921647171568,1.6841808292258058,1
6472,9.09541135099643,1.6734191326770684,1
6473,9.188653281605205,1.6602874053621668,1
6474,9.192224023444092,1.6674452858580506,1
6475,9.23503694843674,1.6675247055828728,1
6476,9.227032573803395,1.6853049796844985,1
6477,9.255546047565977,1.6724545496241767,1
6478,9.302064454915152,1.6939448389364558,1
6479,9.2711310780874,1.6632160116473034,1
6480,9.33838016844968,1.7111151589990192,1
6481,9.32072338778034,1.6812644580766558,1
6482,9.361971874090688,1.6665199140427667,1
6483,9.428858333381378,1.6871049927139787,1
6484,9.989454753468625,1.6615576760315856,1
6485,10.04014976383643,1.6854532028130942,1
6486,10.04968936948266,1.6668708232420144,1
6487,10.095160581940227,1.6788513533987763,1
6488,10.08478075913192,1.703673567250966,1
6489,10.115187834951628,1.7007466802237634,1
6490,10.177126233741898,1.680600899265715,1
6491,10.212175721970768,1.6956321160208223,1
6492,10.214668551563003,1.7093288090115413,1
6493,10.256079521648315,1.6822444890406416,1
6494,10.230480153664471,1.7046561904906823,1
6495,10.316665848863138,1.6717406473795349,1
6496,10.319518988634952,1.6792466841141984,1
6497,10.283338681742999,1.6609590749094074,1
6498,10.331534579096417,1.6881163999143112,1
6499,10.345786413041253,1.7097172701893033,1
6500,10.357086983533986,1.7058557332653583,1
6501,10.414946360479652,1.7046088122740588,1
6502,10.425524064667549,1.6836934466585745,1
6503,10.410173893085156,1.6808610436061087,1
6504,10.4343156518632,1.6602731783533098,1
6505,10.429710013846794,1.6845683861191418,1
6506,10.438346340597738,1.7016940315901823,1
6507,10.488305552993163,1.6658417292540235,1
6508,10.524128847830292,1.7010149373611598,1
6509,10.515852962118633,1.6611657030732372,1
6510,10.548996326207828,1.6833412294304795,1
6511,10.574344997773826,1.6972567581694198,1
6512,10.583841782133062,1.7038688285325547,1
6513,10.619186658149573,1.695175154540495,1
6514,10.603919793752627,1.7010216069873398,1
6515,10.639301415086809,1.7090013730717015,1
6516,10.648021808706087,1.6686193709158605,1
6517,10.677246764775905,1.7087585379753787,1
6518,10.71814225330335,1.702975520775224,1
6519,10.698184600926501,1.6636454035992851,1
6520,10.759300116218796,1.6804994244331166,1
6521,10.75888213707859,1.6827142121240413,1
6522,10.797282619291492,1.6677999549523777,1
6523,10.755001139465724,1.6941510894701814,1
6524,10.824678118562499,1.6930612688437394,1
6525,10.813116226794488,1.6582909010199898,1
6526,10.830359080442614,1.6729720168034725,1
6527,10.818378407983005,1.6887981138745352,1
6528,10.844198303949845,1.6739713351639771,1
6529,10.870644501652903,1.6947663919595992,1
6530,10.856887468345297,1.7064608113681374,1
6531,10.900691959380543,1.6871597409541492,1
6532,10.884958878552217,1.6939274547636958,1
6533,10.936886136183768,1.6966540149049059,1
6534,10.930212135391212,1.688555621702084,1
6535,10.933377671383061,1.6721560402288809,1
6536,10.91666043989015,1.6847843438960723,1
6537,10.970443408008968,1.669814957353432,1
6538,11.008537120569224,1.7004133460724604,1
6539,10.98846603722196,1.6999337122583396,1
6540,10.972525712939467,1.661747102836544,1
6541,11.068507825210007,1.6928343664429164,1
6542,11.049163502618095,1.661282308789377,1
6543,11.023417094845676,1.677312140670908,1
6544,11.050570165883013,1.689749066715376,1
6545,11.076093115233638,1.6775935013883156,1
6546,11.083299585299706,1.6609258536659344,1
6547,11.107895928271347,1.6707476865611575,1
6548,11.120799898224888,1.675220014107581,1
6549,11.153561381067176,1.6750679260687362,1
6550,11.166471939306332,1.6892116600776061,1
6551,11.173591840386246,1.701009073714988,1
6552,11.160931469297545,1.7090281626596873,1
6553,11.168360601145821,1.6759596390553406,1
6554,11.159023911107653,1.6859753648652351,1
6555,11.213024919128047,1.6870593686724988,1
6556,11.180871172809152,1.688840142157171,1
6557,11.191584077142444,1.6770118714717503,1
6558,11.229454748272147,1.6765339357410933,1
6559,11.184968358256276,1.6933962442251058,1
6560,11.1872390294246,1.6703837896611518,1
6561,11.233996372027985,1.7110683924237782,1
6562,11.278459477736337,1.6897396078321367,1
6563,11.233680960143458,1.6810940147005904,1
6564,11.276360128619068,1.6593976001501443,1
6565,11.274930674895032,1.6901301904374892,1
6566,11.281856665502486,1.6808644317641728,1
6567,11.324310526168835,1.7033612738011032,1
6568,11.322031642276684,1.6596729209910894,1
6569,11.30103475462505,1.6867925864697797,1
6570,11.334969046579525,1.6855686199139184,1
6571,11.363246896721424,1.6614506695704903,1
6572,11.369846111915152,1.6617405474428353,1
6573,11.3841976660557,1.7065944275116056,1
6574,11.379898956032367,1.6967858389730663,1
6575,11.43572234774679,1.669077911823359,1
6576,11.415484964845428,1.674968519052974,1
6577,11.440860828742531,1.685450010240143,1
6578,11.427167909183398,1.6635430106731155,1
6579,11.400401608632796,1.6799210025572102,1
6580,11.469705439345216,1.6772321924850555,1
6581,11.474968309088922,1.7024616213833457,1
6582,11.475456929691276,1.6820146771073394,1
6583,11.472856500637347,1.6965735959824195,1
6584,11.444427157028732,1.7082593050916874,1
6585,11.5208117683135,1.7029318676861749,1
6586,11.508466035930443,1.697960088006349,1
6587,11.524535237316988,1.7106632417365746,1
6588,11.516132100617497,1.6621051575502588,1
6589,11.586641593783312,1.6810159125925654,1
6590,11.591509652658301,1.6796968274856698,1
6591,11.558709859953861,1.6790270330151402,1
6592,11.614174134166053,1.6592388514934373,1
6593,11.644753558126599,1.676789075324052,1
6594,11.621977660848383,1.7045442219523952,1
6595,11.621526476241762,1.6792421519320209,1
6596,11.69656630709313,1.7086832687726272,1
6597,11.707650682526205,1.682313055662124,1
6598,11.66970448537664,1.6645410911024017,1
6599,11.694235713095402,1.6841641080807752,1
6600,11.714021766168596,1.7093951231061646,1
6601,11.751895532042035,1.7002109905725944,1
6602,11.746513142482268,1.6626126203905254,1
6603,11.747139790904196,1.6980974110796068,1
6604,11.764200612690882,1.707243698659311,1
6605,11.812560862138605,1.6795874910580435,1
6606,11.806061067619439,1.668956439077711,1
6607,11.795555679659047,1.6776273487035673,1
6608,11.796841614294516,1.697018575440629,1
6609,11.772012565963358,1.7026553398089224,1
6610,11.780840440240233,1.6844055785225398,1
6611,11.86532436299835,1.6858061636521209,1
6612,11.864034061309168,1.6659908504622996,1
6613,11.822650862184766,1.687502202230715,1
6614,11.832661627023525,1.6966514491507745,1
6615,11.82167635837586,1.687772861751066,1
6616,11.845988874000282,1.6587628105109256,1
6617,11.909793344712318,1.6883007578404958,1
6618,11.887203603657206,1.6744025171903991,1
6619,11.879298381592696,1.705505003193783,1
6620,11.906835471205756,1.6597524703100754,1
6621,11.90293053758245,1.6621048791437105,1
6622,11.919602048993495,1.6630163451367397,1
6623,11.978018966913124,1.6957997628388939,1
6624,11.948583437809216,1.7024917769236938,1
6625,11.972118310287025,1.6609365023251026,1
6626,11.966928673564341,1.6632882350385856,1
6627,11.956795620357255,1.6779161894474794,1
6628,11.989488382006089,1.6931985239456062,1
6629,11.9929414583413,1.7101020927650192,1
6630,11.98508694557956,1.7031011368608298,1
6631,8.057313649246048,1.7317054141288464,1
6632,8.063732832128837,1.7541523018977712,1
6633,8.077258975083463,1.7400568743697644,1
6634,8.155640647674385,1.7421586156137026,1
6635,8.163165164709302,1.7402878015568704,1
6636,8.183849842152876,1.7510916524424665,1
6637,8.336087643378944,1.7270640563345632,1
6638,8.344953278099748,1.7235507121774647,1
6639,8.348941724146885,1.734518669094904,1
6640,8.442489674173004,1.7209116940648543,1
6641,8.400182564009755,1.7442604485270232,1
6642,8.429000885334268,1.756482834182425,1
6643,8.463818564056654,1.7356555396952666,1
6644,8.483748405922992,1.7184776076218735,1
6645,8.525105565463406,1.7406800005988046,1
6646,8.550681450124697,1.7457004356900951,1
6647,8.589623325539037,1.7177329738992244,1
6648,8.645745665540124,1.7217661092130514,1
6649,8.631206520830538,1.7367063381378327,1
6650,8.709230195105647,1.7195433586793418,1
6651,8.70657278430303,1.76264982511174,1
6652,8.677532653747626,1.7404762410550034,1
6653,8.755306210866364,1.7266174293397956,1
6654,8.722034145694174,1.7547902395034969,1
6655,8.734779754986361,1.730769810447657,1
6656,8.808595463848915,1.732595106505157,1
6657,8.775533375095115,1.745447791470694,1
6658,8.773982538553895,1.7426399763507763,1
6659,8.835818255649093,1.728039766943081,1
6660,8.86606218502778,1.753893179891307,1
6661,8.914164747551244,1.7423160626261367,1
6662,8.927337515757767,1.7131377074693075,1
6663,8.958815351910017,1.7604935813558116,1
6664,8.97062687781981,1.7632900772998534,1
6665,8.986650800006592,1.7599630514324884,1
6666,9.036586432292486,1.7345304214014705,1
6667,9.014728189166524,1.7589249345155498,1
6668,9.074620693115673,1.7422920450616768,1
6669,9.062094823116391,1.7414597689775597,1
6670,9.10081201758948,1.7428315666980403,1
6671,9.161213191356513,1.7421710268401482,1
6672,9.203072239606538,1.7607529089652916,1
6673,9.201081378030663,1.7552147178085098,1
6674,9.2901890418436,1.750477946338028,1
6675,9.255091120286139,1.7472799520808413,1
6676,9.293720446365523,1.7599087126517519,1
6677,9.314133246087298,1.726151242150774,1
6678,9.336425468915888,1.7203400996672567,1
6679,9.35761046713344,1.7548718148470983,1
6680,9.358386290353078,1.7159693526820647,1
6681,9.358428207526465,1.7380937331097537,1
6682,9.392796936638,1.718170397848838,1
6683,9.453188211380239,1.7113409576821985,1
6684,9.416189655845734,1.742112615662209,1
6685,9.516121755328854,1.711661441942547,1
6686,10.051309799656915,1.7545663328068322,1
6687,10.089719323646666,1.743413787339656,1
6688,10.09437745522156,1.7608108801427331,1
6689,10.108783261512176,1.7585300810833402,1
6690,10.146216788113902,1.7521474828495396,1
6691,10.190621854520163,1.7217643590697913,1
6692,10.160757288669103,1.7491351722236628,1
6693,10.218335229916836,1.716681655287698,1
6694,10.241998227754994,1.7200198957997028,1
6695,10.264102364285376,1.719293993416874,1
6696,10.29480961463428,1.7362567251465306,1
6697,10.27453534756051,1.7465019479317023,1
6698,10.277196766419195,1.7328582586835137,1
6699,10.368601972548518,1.7452403582466842,1
6700,10.350105757092013,1.7343906752173228,1
6701,10.346889911353072,1.7127152214931867,1
6702,10.409480679801707,1.7239873921543252,1
6703,10.38857942389835,1.741704723585498,1
6704,10.410779191594212,1.7285225518179164,1
6705,10.479014392121803,1.7422167753611801,1
6706,10.443255732022752,1.717647453236288,1
6707,10.43156628540951,1.7456372012713397,1
6708,10.506604973013076,1.734997753843795,1
6709,10.484828301654805,1.7220313630557444,1
6710,10.516483669229642,1.7348404330384137,1
6711,10.540525604189737,1.7499716396221292,1
6712,10.554066339610275,1.7484141102639688,1
6713,10.575573884753315,1.7636594958759617,1
6714,10.604417816211972,1.7492488741030603,1
6715,10.627855170658991,1.7629721174300237,1
6716,10.62996048710561,1.7319121444721977,1
6717,10.678741576966774,1.7588598309212804,1
6718,10.65582273897226,1.717065143516355,1
6719,10.746500062268668,1.7153408020555194,1
6720,10.697663476311766,1.7359330814583442,1
6721,10.769897716066474,1.7481209272345104,1
6722,10.773270375147971,1.7264495913197855,1
6723,10.796680139201579,1.7592942090459183,1
6724,10.78790218703689,1.7161738424991457,1
6725,10.839588841681318,1.759544425726533,1
6726,10.82920360827435,1.7188899700626699,1
6727,10.837630950955589,1.7373672529050794,1
6728,10.827301234185667,1.7582951315026736,1
6729,10.878965698437332,1.758917587926091,1
6730,10.87477918624693,1.751953519463299,1
6731,10.878145148980716,1.7291190087165274,1
6732,10.860799756887172,1.7545393793275057,1
6733,10.920794694593264,1.712023619308522,1
6734,10.952771826919045,1.71547302213139,1
6735,10.922736350030899,1.7365203751469866,1
6736,10.921417001874554,1.7242440149489604,1
6737,11.012226853869825,1.7597427780194552,1
6738,11.000484936341353,1.7480316044022703,1
6739,10.962782051794562,1.7619583280289435,1
6740,10.990770653186901,1.7307034441215323,1
6741,11.039616727619249,1.7224037971262105,1
6742,11.03403276537137,1.7221379819948024,1
6743,11.016090463683849,1.7388131064109158,1
6744,11.056149388336772,1.761577089890225,1
6745,11.049453787381093,1.755109430597281,1
6746,11.084035506724256,1.7239759282235863,1
6747,11.091572618141846,1.7389329150642892,1
6748,11.121241422198231,1.7286650611359613,1
6749,11.099378270027806,1.7609132365879119,1
6750,11.114310043368464,1.747222567892298,1
6751,11.147844276294602,1.747610518320091,1
6752,11.134678644781898,1.746193670487099,1
6753,11.130192038947515,1.7193086183097406,1
6754,11.125936368174576,1.7410543593839507,1
6755,11.153940318740954,1.7397676684623498,1
6756,11.135850765058885,1.724096679798871,1
6757,11.22975527329211,1.7519356254701266,1
6758,11.218272899771593,1.7522538995298464,1
6759,11.207345073518486,1.7355599358277047,1
6760,11.210264216161905,1.7457123241965973,1
6761,11.212645390481907,1.7499280321028912,1
6762,11.219949859350328,1.713012964595249,1
6763,11.262895685124487,1.7427751102089448,1
6764,11.255060497778292,1.757520102187078,1
6765,11.271014366962346,1.7139052115637323,1
6766,11.242210770221497,1.7396737733791652,1
6767,11.271100063705305,1.737233935361857,1
6768,11.261340733801504,1.7194887287485907,1
6769,11.285984205327502,1.7187041727039745,1
6770,11.293895235252855,1.7147414403637358,1
6771,11.333736107073737,1.7202721791195414,1
6772,11.320740741108095,1.7525766839699115,1
6773,11.313372374650648,1.745698050939993,1
6774,11.361620031601417,1.749075638644604,1
6775,11.38862970040438,1.7371747312121888,1
6776,11.382975179569177,1.7561108636372162,1
6777,11.362577315728673,1.7379894403455367,1
6778,11.405499678975675,1.746309276867767,1
6779,11.413955667782242,1.7446175295879536,1
6780,11.426114110708266,1.7248090388327977,1
6781,11.43334282474834,1.757142244463279,1
6782,11.452994801074032,1.746350840481484,1
6783,11.446630501792836,1.733583318258553,1
6784,11.479574884214816,1.738812976696514,1
6785,11.48717246795483,1.731920297266713,1
6786,11.461314412043995,1.7164366591556532,1
6787,11.532798655312797,1.7322798438257998,1
6788,11.536181170520509,1.7433721765327843,1
6789,11.505895481568963,1.7338995070050889,1
6790,11.53582065484045,1.7222333881709917,1
6791,11.572557984163085,1.7631657982476054,1
6792,11.58744810056672,1.7349564845945133,1
6793,11.586294790520009,1.7620277219488747,1
6794,11.645959517056223,1.7615242401412368,1
6795,11.612080191611454,1.7130016060680644,1
6796,11.652109878814503,1.7431694105637394,1
6797,11.688165713843322,1.7425346816840128,1
6798,11.68502181037105,1.746858965255019,1
6799,11.6857675051576,1.7573077309613288,1
6800,11.750924449540733,1.7164145016941914,1
6801,11.712256220006392,1.7224333068768793,1
6802,11.757223654499471,1.7494269948216898,1
6803,11.71936119323169,1.718486578953129,1
6804,11.723875122799562,1.7600861037433777,1
6805,11.784627467363922,1.7438647207770326,1
6806,11.772176588258597,1.711879731871841,1
6807,11.78390972361662,1.73422421533147,1
6808,11.774645357747072,1.7115485448380705,1
6809,11.791886178205276,1.72231957893163,1
6810,11.805752557437598,1.7210294683882674,1
6811,11.851849248385241,1.7629792237337039,1
6812,11.870496352620656,1.7167469041749601,1
6813,11.845751962986023,1.7149460050572791,1
6814,11.826861538850027,1.7482161917673988,1
6815,11.864760232087642,1.713996289165898,1
6816,11.833449902692271,1.7246929148763017,1
6817,11.90904103187175,1.7453765649706665,1
6818,11.90415683580339,1.7581474707411706,1
6819,11.917510679281001,1.7353356713473143,1
6820,11.912697515502112,1.733082181081043,1
6821,11.892553080757388,1.7206962120178035,1
6822,11.916603896362915,1.7182876413706087,1
6823,11.978281244474543,1.7537711162604561,1
6824,11.975341675175502,1.711816678665838,1
6825,11.977567927170252,1.738088632421649,1
6826,11.96192989517018,1.7204267900117884,1
6827,11.9551707960839,1.7584009262751148,1
6828,11.963602653177261,1.7553436909919735,1
6829,11.987866798140107,1.7565526442929005,1
6830,11.98900358413502,1.745759971515477,1
6831,8.000400383937235,1.813005629287666,1
6832,8.067673502021284,1.8023459793937446,1
6833,8.035633110825561,1.789176964700595,1
6834,8.121650143596423,1.7738885115666594,1
6835,8.123129928732997,1.8094372669374177,1
6836,8.154092938741535,1.7952476567570894,1
6837,8.216075439413846,1.8031549812713854,1
6838,8.187360296656086,1.8094502372930892,1
6839,8.237929114361492,1.803583422301256,1
6840,8.251520823441274,1.7783035730854655,1
6841,8.250085384047562,1.8003513344276316,1
6842,8.325594598290198,1.7918193626166312,1
6843,8.333489600516407,1.8049686602502966,1
6844,8.29925017729338,1.817760538388239,1
6845,8.31344622872291,1.78654984756529,1
6846,8.360939869755718,1.7774619969664678,1
6847,8.35033889537717,1.792864513013844,1
6848,8.394052862908127,1.7734346464896371,1
6849,8.420183099970181,1.7769367661312863,1
6850,8.400786135753254,1.7944909344106947,1
6851,8.4283476445638,1.78791909013762,1
6852,8.450498053563589,1.7676478191471754,1
6853,8.52086460589794,1.7781833980641673,1
6854,8.596786290420239,1.8061690586321033,1
6855,8.607164442628909,1.8139122238615688,1
6856,8.592917967015572,1.7693574496123758,1
6857,8.612401117618006,1.804873204852922,1
6858,8.662624298214906,1.7731327584240302,1
6859,8.628996188281201,1.7754617765331229,1
6860,8.665078126535908,1.8094659372794941,1
6861,8.694748873019277,1.8038744421158606,1
6862,8.712549979470598,1.7755074882160873,1
6863,8.73603163813735,1.7836358080060895,1
6864,8.740510112586959,1.7663391110132005,1
6865,8.733448082783564,1.7817238736239993,1
6866,8.815071187097304,1.7878232046264406,1
6867,8.77920815905539,1.78173975329953,1
6868,8.813512169462575,1.7771510059410414,1
6869,8.863255729789616,1.7727728106396026,1
6870,8.849585266070399,1.7674135442512608,1
6871,8.9069976579441,1.7662944952372275,1
6872,8.919900841761912,1.7953439270398053,1
6873,8.932844775578243,1.7783308714273833,1
6874,8.967280177852295,1.799304157519559,1
6875,9.027655031604448,1.78135565561359,1
6876,9.019694914045553,1.7772288265954919,1
6877,9.005347294787786,1.7713690844888348,1
6878,9.09007325889141,1.8079817398887663,1
6879,9.053803995545362,1.8122545794959564,1
6880,9.228749962179284,1.787305076003752,1
6881,9.206945941124694,1.7666190911578168,1
6882,9.262630517023107,1.7870988006068464,1
6883,9.263023656752221,1.780778100862486,1
6884,9.254538007404934,1.7875424707106302,1
6885,9.268970103761923,1.776704655431085,1
6886,9.331352910729537,1.816218554077964,1
6887,9.322353528151307,1.773683904546449,1
6888,9.330312515678845,1.8069825138222153,1
6889,9.394707927556649,1.7968227193532715,1
6890,9.400057065485553,1.776300039997959,1
6891,9.399616093301383,1.7758162871797105,1
6892,9.436446423310695,1.7707724289827071,1
6893,9.426783677409313,1.7877721280118022,1
6894,9.441997122139055,1.7820230958897991,1
6895,9.492080023901806,1.8111985744294767,1
6896,9.482137282204942,1.7914143309628099,1
6897,10.088541681962367,1.776049263925666,1
6898,10.151865774187861,1.8161753443371467,1
6899,10.124071002269194,1.8091033280910316,1
6900,10.211463933385085,1.8110055699975238,1
6901,10.207202884563824,1.7977529515882884,1
6902,10.185999984167971,1.76635454660563,1
6903,10.259097561495578,1.7711460071257035,1
6904,10.264783276546057,1.8082828589792836,1
6905,10.228797003568744,1.793534014631383,1
6906,10.303293335788377,1.776375416355885,1
6907,10.320363993742719,1.7688203655597161,1
6908,10.36345283979707,1.8009492979828352,1
6909,10.345903033244324,1.790366003569464,1
6910,10.370711733589086,1.7740131957567955,1
6911,10.388482340842192,1.8155871393367065,1
6912,10.392138871777826,1.8075642584758118,1
6913,10.406731920471483,1.8075869867843413,1
6914,10.454838983853419,1.8131088380520453,1
6915,10.444483916951162,1.8021896208171606,1
6916,10.46782174951062,1.794923022995562,1
6917,10.533424613370386,1.7899028758298674,1
6918,10.481345846592193,1.8056971989757347,1
6919,10.537544242308359,1.7785948669952285,1
6920,10.562445030137933,1.8104464485722311,1
6921,10.596002416282442,1.799349410965491,1
6922,10.597863998201477,1.777001433104299,1
6923,10.608455237365202,1.7910591996888403,1
6924,10.663791310792458,1.7933800761941483,1
6925,10.670991673054445,1.7872650599415565,1
6926,10.700852603702014,1.8034621708964242,1
6927,10.720955069781997,1.7866862648811623,1
6928,10.717060301020899,1.796097041462697,1
6929,10.761601567109963,1.8129373997205256,1
6930,10.783815563735242,1.7728007299458153,1
6931,10.783471348624056,1.7949780790946936,1
6932,10.800879001138902,1.7732030223255275,1
6933,10.821906884337398,1.8066138765209196,1
6934,10.81637692919109,1.7929406462991035,1
6935,10.841208257643805,1.8119779484574565,1
6936,10.828277798586473,1.7974605239506325,1
6937,10.898070798949734,1.8134601770991432,1
6938,10.864772125781512,1.809674749645386,1
6939,10.904045240534815,1.7835482034854573,1
6940,10.903898257066528,1.7966516786708238,1
6941,10.962539979262827,1.7788600560787478,1
6942,10.94940431900009,1.8008497824218397,1
6943,10.939275070086245,1.8158624687660765,1
6944,10.935399264285277,1.776836767989915,1
6945,10.969072435506702,1.784118112227606,1
6946,10.977129157943688,1.8083303685866203,1
6947,10.985643964435662,1.7929250449337186,1
6948,11.008080377477972,1.7746060710023697,1
6949,10.971012623354397,1.8059974661021838,1
6950,11.060630716548017,1.8090642732017612,1
6951,11.049654268695795,1.7741675264470524,1
6952,11.035089295863504,1.7902950746813528,1
6953,11.048301568687247,1.8111351042539348,1
6954,11.040434309058837,1.7671978996263573,1
6955,11.109506838992791,1.8046877160893635,1
6956,11.082479355146077,1.8177196305285244,1
6957,11.097667510518939,1.7763205737300458,1
6958,11.103133960020502,1.7816834977879032,1
6959,11.08529074599535,1.7824060620796942,1
6960,11.091879658496758,1.7909670577894197,1
6961,11.124255364642867,1.777095314142518,1
6962,11.137025562515586,1.765806193515344,1
6963,11.16163675893355,1.7929914483959877,1
6964,11.158156149175667,1.8015695321407614,1
6965,11.152887474943904,1.78323803887312,1
6966,11.130191901697344,1.7910857192240848,1
6967,11.209137713457727,1.7703653866230737,1
6968,11.177017072243332,1.7703415045771789,1
6969,11.209172631904371,1.813515644180716,1
6970,11.190549616596401,1.7751421293075065,1
6971,11.198077029132268,1.795181090234607,1
6972,11.22940401170455,1.8127852861003533,1
6973,11.281417566033678,1.807858221871128,1
6974,11.255614160843031,1.7685422769712194,1
6975,11.26343626377397,1.770991362988387,1
6976,11.233656422862724,1.8021638836977765,1
6977,11.2631549028216,1.790418491229044,1
6978,11.322245776302653,1.7761492720985217,1
6979,11.307854335955506,1.7852114868251179,1
6980,11.326089788977258,1.8055566416278233,1
6981,11.292463436098625,1.792046206976183,1
6982,11.360596974095976,1.7656597053632086,1
6983,11.352007399162657,1.8131587766633293,1
6984,11.381216407412792,1.8069442661774866,1
6985,11.384483626714612,1.774520379736297,1
6986,11.442390296757964,1.8120436604800096,1
6987,11.397105581994882,1.7881339109797911,1
6988,11.417752405525139,1.7742157954270488,1
6989,11.41650212660355,1.7906352578502265,1
6990,11.481262757967215,1.7826330665424055,1
6991,11.481316285529795,1.7697270073151175,1
6992,11.455150208614137,1.7718784854284244,1
6993,11.446326227069214,1.7970968165240264,1
6994,11.502443073461349,1.8020395847809876,1
6995,11.532532692975884,1.7822087747711528,1
6996,11.526289553659904,1.7661125356989547,1
6997,11.509089788245028,1.7650508210827294,1
6998,11.56713525820574,1.7952676556811051,1
6999,11.586871043507283,1.816822554290483,1
7000,11.581092163705451,1.8083066535293193,1
7001,11.633355393520613,1.775772051861225,1
7002,11.612006933770092,1.7962217829157068,1
7003,11.644554698366758,1.81733756950653,1
7004,11.704018729549365,1.81121367489381,1
7005,11.659137765491556,1.796065179520312,1
7006,11.66222146334941,1.8062336343934209,1
7007,11.70811630653429,1.778110474645865,1
7008,11.744850128354305,1.8091940674135296,1
7009,11.743632988736787,1.7685000832709785,1
7010,11.741760245367464,1.7826993237251798,1
7011,11.723810100367551,1.7810550430289593,1
7012,11.718599824686475,1.7702637912484414,1
7013,11.734349917108338,1.8166382794049951,1
7014,11.776958791744946,1.7781883825795792,1
7015,11.79877294859856,1.7682147708355271,1
7016,11.806318347654178,1.7874188120625212,1
7017,11.81030239163893,1.789018862331131,1
7018,11.80443000080007,1.783152130806156,1
7019,11.797150969711415,1.818103136684133,1
7020,11.831427362947439,1.7713874442568376,1
7021,11.826188589517622,1.8106748752982722,1
7022,11.818370987175426,1.8007041432029005,1
7023,11.838371603422887,1.7949725829203083,1
7024,11.822047045430221,1.786600791058045,1
7025,11.835707352227624,1.8083320037213297,1
7026,11.899187856141477,1.804253270856966,1
7027,11.884164055190352,1.8058813945590229,1
7028,11.897869808159282,1.7911351207130222,1
7029,11.871939175556102,1.8140065879294414,1
7030,11.907825272557153,1.770361894291362,1
7031,11.935145029653984,1.78068082612458,1
7032,11.926672553046162,1.7869255493264358,1
7033,11.97021475624061,1.7900886929245772,1
7034,11.968354515264577,1.7867132026881245,1
7035,11.950857533900411,1.7817037975932823,1
7036,11.963613605492494,1.8059721089987963,1
7037,11.9952850299129,1.780549113121017,1
7038,8.005165429608676,1.859154423751012,1
7039,8.046220467115482,1.8630444860325313,1
7040,8.107670747710733,1.8410742834706524,1
7041,8.224104463958652,1.8698139788857078,1
7042,8.198832381483765,1.864614787011277,1
7043,8.229981599316407,1.8240995728738563,1
7044,8.251557302737778,1.8376444322998258,1
7045,8.27398753170089,1.8471076477745794,1
7046,8.244556659057338,1.8389654980384473,1
7047,8.261706017390464,1.8191055461908647,1
7048,8.257306413965331,1.848872849609948,1
7049,8.26208427193139,1.8604541704916782,1
7050,8.298688795084166,1.8558155219793318,1
7051,8.31425810880538,1.840580343737311,1
7052,8.313621981710405,1.8637631929979006,1
7053,8.30951090733708,1.8468335023127709,1
7054,8.337624227460394,1.8212719519599545,1
7055,8.377220481543185,1.8714055836725605,1
7056,8.362488776815331,1.8321669226572905,1
7057,8.39203352065699,1.8444673251940549,1
7058,8.359172398569795,1.8445090169083664,1
7059,8.419075462706465,1.833198053925563,1
7060,8.421763857183057,1.8623020958319918,1
7061,8.398733343338494,1.8432017275118024,1
7062,8.46395291663539,1.8530866181621068,1
7063,8.537213344355834,1.8548306879014573,1
7064,8.545667806962843,1.8437891839555138,1
7065,8.520341154252694,1.8647725394983887,1
7066,8.587524509669445,1.8297280942870457,1
7067,8.578851845554619,1.8461437614975331,1
7068,8.56097580410477,1.854707867166042,1
7069,8.571024507111671,1.8675479677777556,1
7070,8.651009955712626,1.8564087344500015,1
7071,8.640749260670548,1.8427021558462424,1
7072,8.647530769639904,1.8651636333988368,1
7073,8.693730254855195,1.8307161413798416,1
7074,8.68185757367517,1.8264384668758424,1
7075,8.697362833558277,1.8284493649704245,1
7076,8.739639646846598,1.844743249466787,1
7077,8.722540296826915,1.8224334728940086,1
7078,8.746500213394972,1.8382459600344792,1
7079,8.814156969674743,1.8274248232383155,1
7080,8.807946288140823,1.8686741467550485,1
7081,8.77131554361663,1.824341625798877,1
7082,8.826339164504441,1.819739043024959,1
7083,8.830661465974813,1.8382218621856616,1
7084,8.913810568130359,1.8589080638963174,1
7085,8.8887952480705,1.8414016964010547,1
7086,8.934916014587476,1.831096388786179,1
7087,8.976092068526178,1.843675097013269,1
7088,8.987650079395873,1.8698818128021326,1
7089,9.004068007887687,1.8287288304654994,1
7090,9.03560319428322,1.858098728430616,1
7091,9.05900049306829,1.8214688032561248,1
7092,9.068660587514664,1.8184946394318755,1
7093,9.068959024046645,1.8485007261618147,1
7094,9.111589373417,1.853771538280979,1
7095,9.165053352937685,1.830839021025607,1
7096,9.24164353682831,1.830064661520414,1
7097,9.228124139499613,1.8316000976498275,1
7098,9.25290607209049,1.8522958751627223,1
7099,9.261720812158012,1.8391527441862734,1
7100,9.261530355743583,1.863563877734842,1
7101,9.338402609324175,1.8333402098332496,1
7102,9.355095534052687,1.8539412445335484,1
7103,9.312702581757776,1.8212068919541504,1
7104,9.375996006404833,1.8606485088928764,1
7105,9.37183061422029,1.858941017368019,1
7106,9.386816651011117,1.8540330279728205,1
7107,9.432435702805968,1.8537430492667757,1
7108,9.457753184799662,1.845882779447808,1
7109,9.43833368511789,1.8362446421410357,1
7110,9.483316935811848,1.838607778130187,1
7111,9.492074377252266,1.8376555579805274,1
7112,9.62568484907864,1.8711350227089145,1
7113,10.154191431699061,1.8217864727732627,1
7114,10.169805199573577,1.820638427619965,1
7115,10.197434630606583,1.8296101527543487,1
7116,10.242573688187418,1.8456564404018831,1
7117,10.21493211517345,1.8362952280713827,1
7118,10.300643807800885,1.827911953525666,1
7119,10.281505757452704,1.8689341541073863,1
7120,10.361431687657317,1.8197867975102668,1
7121,10.367113045533976,1.8408863275726408,1
7122,10.41755125745454,1.8600050321060067,1
7123,10.385173142087265,1.8677652476729232,1
7124,10.382393087075679,1.863213138023021,1
7125,10.469165770951317,1.857918717516672,1
7126,10.472987061712987,1.8518012992049262,1
7127,10.446520062587068,1.8301872890699056,1
7128,10.493347106836236,1.8488768408301806,1
7129,10.491047417198038,1.81883249753462,1
7130,10.568154107788194,1.8610826625856447,1
7131,10.559804261092014,1.8518541947734528,1
7132,10.588028382931634,1.865701200564898,1
7133,10.631262722396665,1.8668630839129756,1
7134,10.609066984052776,1.8328734510238271,1
7135,10.618329548767981,1.83891278861146,1
7136,10.689594219463117,1.8682714557226037,1
7137,10.667145726703449,1.841933131710454,1
7138,10.720120721446502,1.8226855109355276,1
7139,10.71299121251745,1.8273762938729732,1
7140,10.734532573117763,1.8612743920896913,1
7141,10.766611222439424,1.857486734788142,1
7142,10.787594204057102,1.8677211995414367,1
7143,10.757911853177854,1.8219019748526413,1
7144,10.749083692394464,1.8421561373241946,1
7145,10.761141187067134,1.818892757968948,1
7146,10.817323679612443,1.8209605751833777,1
7147,10.83580537241878,1.8494827611865083,1
7148,10.824306423334281,1.8635299496763245,1
7149,10.850640399542558,1.83952963083237,1
7150,10.806246092740528,1.8237164614809285,1
7151,10.877118268876611,1.8539353019982774,1
7152,10.860576377703026,1.844552800109884,1
7153,10.896085081605548,1.8252292588960353,1
7154,10.859435672901792,1.8340673022185914,1
7155,10.87086274667745,1.8468799693376887,1
7156,10.939931482968813,1.8684715360812703,1
7157,10.945601427382007,1.8562737382085963,1
7158,10.928999083171787,1.844879377775704,1
7159,10.94911449164921,1.8219036985788046,1
7160,10.947933317684395,1.835041692863105,1
7161,11.001502420485343,1.8711792385006532,1
7162,10.985388406193257,1.8488744324077948,1
7163,11.003587818334914,1.8403279301865219,1
7164,11.00743045438523,1.8429427351288947,1
7165,11.002506646092542,1.8622618676268832,1
7166,10.976627684625617,1.8316350628688916,1
7167,11.053530879253305,1.8424489498288459,1
7168,11.065014232946977,1.8665437919018057,1
7169,11.021914739680188,1.8477658109623882,1
7170,11.067113919879514,1.8268925965827114,1
7171,11.035208437497795,1.861267405100692,1
7172,11.019896762706027,1.8275781780875957,1
7173,11.095516113543827,1.8593989024249835,1
7174,11.108092159536456,1.8259993112598083,1
7175,11.11545634000937,1.8518238750893588,1
7176,11.072498320555718,1.8308772348440354,1
7177,11.122944060690712,1.8383858669928654,1
7178,11.088339556081038,1.8475408049257094,1
7179,11.164575336198366,1.8526710092718568,1
7180,11.159736711109744,1.8651692386021437,1
7181,11.127520995795175,1.8239807872226572,1
7182,11.144513374729208,1.8542555095922193,1
7183,11.171370924155015,1.8628971529112859,1
7184,11.131702407793334,1.8193939780062642,1
7185,11.197460403387243,1.8620471154979226,1
7186,11.210543873020098,1.8477115151835508,1
7187,11.211984479234477,1.833996070846321,1
7188,11.21227021865351,1.8474234080075638,1
7189,11.182138371676821,1.8574600720703238,1
7190,11.189992742470709,1.8345932529524076,1
7191,11.259574841702975,1.8226243075055364,1
7192,11.259979516371823,1.8194877021293663,1
7193,11.2349823812072,1.8305619963557866,1
7194,11.26257458806264,1.8574872792744372,1
7195,11.231504397163201,1.8533784038191226,1
7196,11.332580573068306,1.8694135147339452,1
7197,11.304007802087794,1.8344980503973332,1
7198,11.324479692660093,1.841218025980292,1
7199,11.334494213506227,1.8461195462042677,1
7200,11.361597463888867,1.8330361851677948,1
7201,11.374117910598585,1.8268135917339448,1
7202,11.344897060698973,1.8417116037833434,1
7203,11.362373736313423,1.82788317973397,1
7204,11.433197195682698,1.8434713509282157,1
7205,11.404244137736166,1.8244980824981152,1
7206,11.41390133168641,1.8466013648814685,1
7207,11.395489262848804,1.8216987598295329,1
7208,11.444125409117262,1.8631509255417098,1
7209,11.482590829046968,1.8576361066399218,1
7210,11.495680629921964,1.836275643105973,1
7211,11.458223987713552,1.8528981646168992,1
7212,11.493117010585033,1.8640075403132634,1
7213,11.498206714564262,1.8414988274662867,1
7214,11.537536117726699,1.8477279651003833,1
7215,11.536553872464594,1.823359091969736,1
7216,11.522443628748032,1.8617676329358037,1
7217,11.534419962371139,1.820970638866444,1
7218,11.590723587844803,1.8665949834949613,1
7219,11.576230171536597,1.8524173909613766,1
7220,11.553721522970385,1.844062285423936,1
7221,11.57104941432596,1.859907968277595,1
7222,11.649585441043154,1.8690556150903517,1
7223,11.625407005116692,1.8261728495876925,1
7224,11.621382064689147,1.8415806192088509,1
7225,11.608997631764288,1.8538175232629968,1
7226,11.708399067938341,1.8433429650655662,1
7227,11.698705895801632,1.8689498762130887,1
7228,11.70627239731551,1.8432947069314731,1
7229,11.706824229260663,1.8465506558012303,1
7230,11.677209595468359,1.8454820797569544,1
7231,11.73472931019106,1.840059716218995,1
7232,11.763580821325046,1.830904110616365,1
7233,11.72809098750851,1.83251837521161,1
7234,11.719000310464414,1.8440973791823378,1
7235,11.747753655422331,1.845222566847149,1
7236,11.752857761302309,1.8491425370098988,1
7237,11.787020780676562,1.8446338969863527,1
7238,11.777572456773289,1.8246705421073715,1
7239,11.775674420261486,1.8551413162552441,1
7240,11.798664149234455,1.8464230802590458,1
7241,11.768848261361653,1.833393106356011,1
7242,11.772185125400899,1.8671515554783455,1
7243,11.865827656258153,1.8380196700640539,1
7244,11.84050373990694,1.8302653220450353,1
7245,11.860020746004762,1.8409846927785027,1
7246,11.826446056575492,1.8548873280502884,1
7247,11.858056767527552,1.8200005780055697,1
7248,11.866444809450863,1.8301427640208483,1
7249,11.87649185744084,1.834003044217381,1
7250,11.88205769336041,1.8250173594378118,1
7251,11.88493139800456,1.869218308421256,1
7252,11.897998529761788,1.8426342426155125,1
7253,11.906242612645407,1.8680582044183858,1
7254,11.898804108543239,1.8293105767481133,1
7255,11.95828390895285,1.8187155998494322,1
7256,11.950575526115994,1.8608275812095219,1
7257,11.957836592479612,1.8540188514443132,1
7258,11.944748097632022,1.8348726402042443,1
7259,11.959790993603622,1.8678843684996513,1
7260,11.958415265062284,1.8318884441553636,1
7261,11.999602133193717,1.8204220286691237,1
7262,11.986843888883179,1.8425177181182448,1
7263,11.99415751292812,1.8528775859953663,1
7264,8.206378252199178,1.9120288899577296,1
7265,8.198581652662853,1.9074077763537436,1
7266,8.213834887034247,1.897901169575124,1
7267,8.253387629145422,1.8926466391611652,1
7268,8.270195040082028,1.8927535770954418,1
7269,8.274237974128006,1.8824742855400203,1
7270,8.274884316930056,1.8839976996658307,1
7271,8.264063533638215,1.91076681549732,1
7272,8.322656739595168,1.8950554243165663,1
7273,8.305918961942002,1.900311844074259,1
7274,8.295617020645047,1.924956603952253,1
7275,8.309934839820857,1.9151937870232074,1
7276,8.338630257599355,1.9208973802319356,1
7277,8.342433733875712,1.895737285682452,1
7278,8.365319583368276,1.8768735719135379,1
7279,8.37565610637708,1.9121511738756107,1
7280,8.345427527176037,1.8823962852530614,1
7281,8.431288152483567,1.9248131862836693,1
7282,8.42594106505033,1.9026675864540725,1
7283,8.527276890769805,1.8909529878827103,1
7284,8.50724190909092,1.920889860376445,1
7285,8.522315248990227,1.8801133484122874,1
7286,8.593505410101457,1.9058859083980142,1
7287,8.59284378102837,1.89909865507438,1
7288,8.562673239385767,1.8836806690670298,1
7289,8.60509951227596,1.897083817802964,1
7290,8.660658573880886,1.880243618092343,1
7291,8.634340601768741,1.91901744425711,1
7292,8.610063182347794,1.8812635033930152,1
7293,8.678759522467677,1.8758777047210782,1
7294,8.691865559000018,1.9112539100845274,1
7295,8.702762946327162,1.8822555234378335,1
7296,8.752397959720524,1.9182550367373532,1
7297,8.768755601706964,1.9025642977009183,1
7298,8.778543224974555,1.9250088965359213,1
7299,8.772837119292403,1.8879767665773566,1
7300,8.869173781603942,1.9098132126830387,1
7301,8.865761165373232,1.8894660709396198,1
7302,8.91452486907129,1.892756298085167,1
7303,8.879714585914495,1.9043398726302787,1
7304,8.933231612190568,1.8997105049078453,1
7305,8.960992031110624,1.872640950793271,1
7306,8.984975460946703,1.918091516181922,1
7307,9.023558120697922,1.9094905604901267,1
7308,9.021137502213888,1.886170004210371,1
7309,9.040880525147038,1.8942661414022635,1
7310,9.076754834553412,1.885718317633318,1
7311,9.050532130489357,1.9146475505288791,1
7312,9.042543126941425,1.904751238938574,1
7313,9.103149225080552,1.9205623177881903,1
7314,9.141188056309883,1.9099666385848335,1
7315,9.173098825863464,1.9139469359430448,1
7316,9.1551626362547,1.8819307963841845,1
7317,9.20750815343326,1.8890993662930495,1
7318,9.229419917336948,1.9112136031636247,1
7319,9.21803478957462,1.9039788923812941,1
7320,9.258678954902,1.9045208249688284,1
7321,9.254932871208373,1.889159842733368,1
7322,9.274465811954313,1.9063533120944365,1
7323,9.314821103868612,1.8864697980793423,1
7324,9.305355132796732,1.8832521044047756,1
7325,9.346177914839137,1.9132735478660345,1
7326,9.384427595441617,1.9018244384189067,1
7327,9.36854676523466,1.8947907251193061,1
7328,9.396071764925827,1.8759358962475519,1
7329,9.424751950952636,1.9027731766698135,1
7330,9.427076056764323,1.9187440470519996,1
7331,9.515227382415123,1.8789885272943883,1
7332,9.539564190360863,1.90885138100978,1
7333,9.615481922192046,1.8745639471230924,1
7334,9.5808990682097,1.8858683296534018,1
7335,9.665179322565809,1.9052403809196605,1
7336,9.666131696010767,1.8791005720985008,1
7337,9.65345152739976,1.895378295169617,1
7338,9.7212912259444,1.8867008337498017,1
7339,9.717977898426795,1.9096475754458215,1
7340,9.7289028181022,1.9241219170145472,1
7341,10.304577415201083,1.9225762951714354,1
7342,10.305572434633326,1.8794950986881103,1
7343,10.373728317440374,1.894196722507853,1
7344,10.361472131227508,1.8731198534127926,1
7345,10.38624895541393,1.9182945378527032,1
7346,10.426286922269577,1.9156268819636375,1
7347,10.386752127335592,1.8798097737711057,1
7348,10.458569522576463,1.908891619733279,1
7349,10.441860679796903,1.912946255137164,1
7350,10.439430697617258,1.9235151033431783,1
7351,10.513055394397853,1.9074202453152618,1
7352,10.526798330639997,1.8809900110309226,1
7353,10.555455827359763,1.9227144923595014,1
7354,10.547327161856378,1.9094429305877232,1
7355,10.546859956582717,1.9171114816018677,1
7356,10.596685755238221,1.9239960036430166,1
7357,10.609721650695521,1.8764412636412429,1
7358,10.60124895750404,1.9046515015626948,1
7359,10.660994406864214,1.877433063200144,1
7360,10.661802263146956,1.8747371805082185,1
7361,10.731014018513374,1.9120892601947928,1
7362,10.748202453578912,1.8917491389256587,1
7363,10.794128111925785,1.917712946258753,1
7364,10.800520972838118,1.8831657363501149,1
7365,10.785504186792359,1.881200534917271,1
7366,10.754013092602339,1.9063755302853835,1
7367,10.76299809766398,1.9189252939010755,1
7368,10.823298213268563,1.8990528637966395,1
7369,10.829098321399922,1.8791542052882062,1
7370,10.847444862503924,1.897858741533897,1
7371,10.841328713383087,1.923786604899107,1
7372,10.81980768144003,1.8767568687527378,1
7373,10.80966234925929,1.8927805806655205,1
7374,10.868419355099588,1.9053700733748502,1
7375,10.899280618523086,1.9033390445341143,1
7376,10.896012861700312,1.872669309185651,1
7377,10.902757652791864,1.9067091437124914,1
7378,10.88689877535908,1.8871280632440501,1
7379,10.949585091616656,1.918809073616466,1
7380,10.934094769351216,1.876399464358419,1
7381,10.952531377243405,1.914561350969251,1
7382,10.961406591768194,1.875250126324394,1
7383,10.925126066221656,1.902588520726281,1
7384,10.91056739619098,1.9083024774781197,1
7385,11.013261198770053,1.8977406865797624,1
7386,10.988334061718051,1.8931189548639686,1
7387,10.990807230417289,1.9144915007486607,1
7388,10.98175892321108,1.9138688784981557,1
7389,10.96595004909269,1.8838653957784401,1
7390,10.966152441026985,1.9087420702860236,1
7391,11.03926963302482,1.908052306043524,1
7392,11.03033071277958,1.8959426176634449,1
7393,11.041035795191862,1.9066549984119603,1
7394,11.039960586835367,1.8865689353037647,1
7395,11.065483792329207,1.8846896008461944,1
7396,11.025672630610067,1.877522422660019,1
7397,11.076836173364523,1.9240480424883146,1
7398,11.11950699344743,1.9027163292140692,1
7399,11.103630423653998,1.9131910416107134,1
7400,11.074982782244625,1.8760457035529743,1
7401,11.073201556344207,1.8942159410145385,1
7402,11.07292134460788,1.9127858946885656,1
7403,11.14760349355666,1.9079463295365677,1
7404,11.131866494347785,1.8904572960239496,1
7405,11.158485304713036,1.9055715449344142,1
7406,11.145936909743225,1.8963192013061285,1
7407,11.138471159227418,1.8789883914400303,1
7408,11.137577152099812,1.8970461011208029,1
7409,11.198931394540441,1.888489201709068,1
7410,11.191459016352319,1.8729199996194925,1
7411,11.19797578562538,1.9227231409838248,1
7412,11.196798924495724,1.9119675165247956,1
7413,11.184990005119094,1.9019907941725107,1
7414,11.22335284598351,1.9053423117904857,1
7415,11.24246478555749,1.9093569436303635,1
7416,11.257078865317412,1.8877788045468924,1
7417,11.246332866658383,1.9096589957747927,1
7418,11.251242799739272,1.8869175234813145,1
7419,11.282724017229308,1.9021032366731325,1
7420,11.250074727155882,1.9044947392937202,1
7421,11.305853955864784,1.8717815533667816,1
7422,11.319739288504778,1.9062738719885965,1
7423,11.324061976577386,1.909740246486189,1
7424,11.300621891038656,1.8935807283307795,1
7425,11.317195599459666,1.8918332626592957,1
7426,11.383883773708327,1.875443078097498,1
7427,11.34488425453192,1.8905034331162334,1
7428,11.341330848988257,1.920708194015542,1
7429,11.37983581384564,1.922760631272646,1
7430,11.429089520865293,1.9030194879333169,1
7431,11.4339702128512,1.8944875358257633,1
7432,11.440972204058635,1.876282750089592,1
7433,11.40169439169594,1.9219068907713857,1
7434,11.42541044421759,1.9149560119341196,1
7435,11.4771609143635,1.9029692985980016,1
7436,11.459488804400307,1.9077968284398223,1
7437,11.460043291678577,1.8873761834761278,1
7438,11.474868915690632,1.8802273028451235,1
7439,11.450262681414978,1.897705728110404,1
7440,11.494091617753767,1.8996802836366977,1
7441,11.542789292328028,1.8837932928883927,1
7442,11.536288053546686,1.8814501303633453,1
7443,11.524386885644212,1.8804947962464365,1
7444,11.545499242835332,1.8956119102917548,1
7445,11.536197512909244,1.87544562673427,1
7446,11.53711216884519,1.9085563188047427,1
7447,11.585925004099028,1.8726891175258165,1
7448,11.557456015185466,1.9248546396407176,1
7449,11.602581028801298,1.8845377958863851,1
7450,11.597742396724087,1.888453045578535,1
7451,11.564798597088117,1.9005185229141957,1
7452,11.60361140666447,1.8837642548248774,1
7453,11.639904333954076,1.894685391815918,1
7454,11.624408099998291,1.896950861859326,1
7455,11.63671752813322,1.8916272045691926,1
7456,11.615505953880108,1.8934924228423722,1
7457,11.649935034709713,1.8996359094288864,1
7458,11.640672259702747,1.9124033845185164,1
7459,11.68337520600993,1.8923997984774605,1
7460,11.682795074150391,1.8887329675942257,1
7461,11.693389308408978,1.8923113521386625,1
7462,11.702062017977198,1.877604807685361,1
7463,11.692073375370574,1.8803594696584698,1
7464,11.700214930051702,1.8830584758639768,1
7465,11.748053722703096,1.889984201293342,1
7466,11.721976590359864,1.8917390180024412,1
7467,11.717445437816345,1.8890727935590315,1
7468,11.75464446814457,1.91657989137671,1
7469,11.732805908345782,1.9209909507414649,1
7470,11.796782778693503,1.9109175280491395,1
7471,11.771872803180578,1.8939015634648413,1
7472,11.767245838256516,1.8778752652435426,1
7473,11.814737674002751,1.8977002157460998,1
7474,11.795245345194283,1.921305226548025,1
7475,11.778464526874354,1.9232907614657255,1
7476,11.833418087023588,1.897182029491689,1
7477,11.858714593879032,1.9053146950128195,1
7478,11.846796102118764,1.9018238885464673,1
7479,11.846520124082042,1.889239245633906,1
7480,11.834003240122776,1.8831173848212044,1
7481,11.851077709724114,1.8817057391175132,1
7482,11.895837252905078,1.897978232144286,1
7483,11.900914413724308,1.8883610788243266,1
7484,11.885834881643612,1.9092373963207603,1
7485,11.925038719801378,1.8990928747989344,1
7486,11.911197172348933,1.92376890178071,1
7487,11.896416555003404,1.8936790720461458,1
7488,11.948443068294143,1.8785578443004414,1
7489,11.937412888920234,1.9071637362384377,1
7490,11.96130187229388,1.8792177781684638,1
7491,11.936487162023612,1.9196000527720753,1
7492,11.929791469552748,1.8735333328634383,1
7493,11.97432670711571,1.9211045759566334,1
7494,11.98483560270792,1.9237355431913676,1
7495,11.9856870167961,1.907738274818947,1
7496,11.989190750465374,1.9236446134275615,1
7497,8.03340216210688,1.9687753396542718,1
7498,8.054968723109791,1.9276885483008257,1
7499,8.125526234343923,1.9463235774002847,1
7500,8.087294420953851,1.9664102718702798,1
7501,8.114263800088498,1.9627940715389223,1
7502,8.13596493930898,1.9375163461301492,1
7503,8.138102621345826,1.9409355684165304,1
7504,8.133849987795239,1.9674021328722657,1
7505,8.172019994418788,1.9574129955215092,1
7506,8.230485463041347,1.9663994789099368,1
7507,8.185493718966363,1.9597479358679044,1
7508,8.229572660263818,1.9729749125090728,1
7509,8.247840747090107,1.963566164482129,1
7510,8.262513504479351,1.96971214421856,1
7511,8.284806968053507,1.9663712970279537,1
7512,8.320685586492994,1.969849764718528,1
7513,8.309282977068943,1.954957810221192,1
7514,8.449765354829477,1.9409515356307503,1
7515,8.46505724273174,1.947520476978888,1
7516,8.537123149400328,1.9445672070655269,1
7517,8.542828387277188,1.9430084766544915,1
7518,8.522156052440499,1.9379601255686705,1
7519,8.565977218258624,1.9635489052930808,1
7520,8.565472034289343,1.9285462038422136,1
7521,8.597029733370745,1.9473327424545024,1
7522,8.589630841411338,1.9297847423329166,1
7523,8.630176781863,1.9546454818286152,1
7524,8.634544307690524,1.937803369705828,1
7525,8.63954233183412,1.960332091873044,1
7526,8.664754917055705,1.9758951142500671,1
7527,8.683320047620107,1.9383820834272882,1
7528,8.712957386817582,1.9698246701021478,1
7529,8.764518618276673,1.9326360416208377,1
7530,8.731986999205464,1.9600394668006553,1
7531,8.758432588904865,1.9554006303393827,1
7532,8.778458771845722,1.9620939795262784,1
7533,8.806119746464233,1.9636061705654784,1
7534,8.830057099775066,1.935421176959256,1
7535,8.85010306514994,1.9275341824128778,1
7536,8.90973249299465,1.978492294107898,1
7537,8.880621557353873,1.9756686719739218,1
7538,8.94191805380131,1.9630941917130096,1
7539,8.960778489183607,1.9329112328266198,1
7540,9.01348185401048,1.9769300444689994,1
7541,9.013284888374999,1.9765540823998722,1
7542,9.023576753457142,1.9578492982057436,1
7543,9.059796533463096,1.9454222640285308,1
7544,9.069630280729452,1.9739347830010492,1
7545,9.057680937070343,1.9471199485926793,1
7546,9.074832292808477,1.9749134934526078,1
7547,9.101072853923565,1.9710136475308937,1
7548,9.091447881380901,1.9479057843546175,1
7549,9.124870299744932,1.9584185042020161,1
7550,9.169459282211887,1.9591713570786589,1
7551,9.154334725523995,1.9753296665071665,1
7552,9.201695254877967,1.9425797866895498,1
7553,9.23546363417499,1.9742717715070008,1
7554,9.202182395694084,1.9718270690024309,1
7555,9.255932636349797,1.9463148249390831,1
7556,9.28281944632743,1.9311344773992212,1
7557,9.271503429608089,1.9446097558111504,1
7558,9.334154313610648,1.974498338427709,1
7559,9.30781337293983,1.9775121527287747,1
7560,9.382057283468123,1.9777684432622105,1
7561,9.56543492416903,1.9288893923780477,1
7562,9.547887357434815,1.9700900291284518,1
7563,9.613125117152354,1.9625842175387196,1
7564,9.617151897933578,1.938438801914995,1
7565,9.58318865777013,1.9428961475863182,1
7566,9.646806674892755,1.9372169090721334,1
7567,9.655595576516733,1.974795007976937,1
7568,9.65128398085492,1.9506425974974606,1
7569,9.636260117024271,1.9327940088063351,1
7570,9.684679316456721,1.9379860721151092,1
7571,9.731528593089838,1.9757912698982383,1
7572,9.715038512287363,1.9559510095711004,1
7573,9.6997713083808,1.9692248888643438,1
7574,9.781815715711442,1.9343502472188696,1
7575,9.765572675784542,1.9753701720084564,1
7576,9.734288742315242,1.9359334103059254,1
7577,9.812086022709323,1.959078639204582,1
7578,10.341967541496283,1.9375906253880173,1
7579,10.386887531210894,1.9523244176939698,1
7580,10.398433562525588,1.9712637032179912,1
7581,10.47888119119407,1.9573123790148388,1
7582,10.436435334949303,1.9783091380168547,1
7583,10.429344931397797,1.9543094731684694,1
7584,10.497238422852408,1.978493506339644,1
7585,10.522317980204486,1.9644423615905569,1
7586,10.481384747669168,1.933484108347483,1
7587,10.578560836286618,1.9533384239067857,1
7588,10.583488792165051,1.9527946412220472,1
7589,10.557651436054359,1.9543344926346071,1
7590,10.619607820858059,1.9293426094025068,1
7591,10.605921341239455,1.9634131345879433,1
7592,10.623088036761667,1.9496103606005064,1
7593,10.669224678479225,1.944880957294128,1
7594,10.646075736552811,1.9554499711093454,1
7595,10.648084548206372,1.9430504459321396,1
7596,10.714061203114344,1.9348054550639424,1
7597,10.757382280137072,1.9762789726362715,1
7598,10.771168359706499,1.9746935024836656,1
7599,10.76434750254711,1.9403665001775225,1
7600,10.754700626471765,1.9580869943225736,1
7601,10.837428276473005,1.9483833191998436,1
7602,10.834621011987315,1.9532280738494427,1
7603,10.830001632985134,1.9262646531138856,1
7604,10.839866578715897,1.9458462631941615,1
7605,10.855304468264576,1.9489445304828723,1
7606,10.849019386316618,1.9594115102191043,1
7607,10.880506740156852,1.9408236140033448,1
7608,10.900760970341658,1.9483083290850998,1
7609,10.90680884813659,1.929176049459174,1
7610,10.870163598808839,1.9583534082234326,1
7611,10.898502061885589,1.9648905130725638,1
7612,10.907744483214493,1.9339670602237986,1
7613,10.931957815270167,1.9449507643578883,1
7614,10.944319750683363,1.9256928867033745,1
7615,10.914723508019508,1.9707934627635584,1
7616,10.928812983378796,1.959801133811277,1
7617,10.96086989838336,1.9281765556411488,1
7618,10.968790774425704,1.9523609853002704,1
7619,11.012272519460794,1.9427424046525466,1
7620,10.969219238570918,1.9302790649888353,1
7621,10.987230111615704,1.9753704318815386,1
7622,10.98717521068847,1.933423147143424,1
7623,10.989911115930793,1.9740549290705505,1
7624,11.043775550814267,1.9727350988397956,1
7625,11.032925634838584,1.9706327082275115,1
7626,11.053354677531036,1.9412125834571516,1
7627,11.064987402730818,1.9605481573155217,1
7628,11.028182927774566,1.956376804371895,1
7629,11.063465380192149,1.9677365164951215,1
7630,11.097488513513845,1.9775480571095614,1
7631,11.094967861353776,1.9448842889153728,1
7632,11.07140685275427,1.9481945655546369,1
7633,11.085917146101874,1.9326348319405076,1
7634,11.098350518774003,1.9694054415379851,1
7635,11.092996208881871,1.9666265542955856,1
7636,11.142846426416977,1.950384872053329,1
7637,11.1755877307536,1.954780324004115,1
7638,11.155200096407995,1.969517512310527,1
7639,11.165806303717382,1.9467803994387223,1
7640,11.138758692097568,1.9733184461070574,1
7641,11.215837898945969,1.9730176303131968,1
7642,11.206511413274566,1.963519803857865,1
7643,11.20278315864727,1.9279699300335187,1
7644,11.211970311893458,1.953291623125376,1
7645,11.227469911121055,1.9667419486930477,1
7646,11.182729463891203,1.9528215402630182,1
7647,11.235718419790322,1.9549120505757747,1
7648,11.2554274476296,1.965882150166083,1
7649,11.26280554178823,1.9660248305387535,1
7650,11.274801276098428,1.971713398254131,1
7651,11.230057132580663,1.959457548550379,1
7652,11.279361766504115,1.9341594968602727,1
7653,11.3060060579256,1.9565348359995904,1
7654,11.28843852988124,1.9545369864764706,1
7655,11.297273343339928,1.9343626353734145,1
7656,11.306553240564314,1.9717738294791949,1
7657,11.283609429102329,1.9634485233048824,1
7658,11.386044102319781,1.932902019023863,1
7659,11.353998110776894,1.9578275176856599,1
7660,11.384314914769579,1.9468219174271808,1
7661,11.35035025903221,1.9474019754411347,1
7662,11.39832256219638,1.9586084215950925,1
7663,11.39307674731207,1.9662101527758353,1
7664,11.442263104049598,1.9511787580448645,1
7665,11.397638134759841,1.9431153048132845,1
7666,11.462971282305835,1.961680020630784,1
7667,11.478497991836678,1.9505280573678987,1
7668,11.45819381550746,1.9733828858320879,1
7669,11.497080449528342,1.948755399787785,1
7670,11.504852994066995,1.9510156459244703,1
7671,11.5064030347657,1.9713193342703679,1
7672,11.505401421727306,1.9779512854633687,1
7673,11.546168495103892,1.9253158656461529,1
7674,11.522426764627175,1.9312426347801603,1
7675,11.505843994874674,1.9616018156400332,1
7676,11.564182338267257,1.9760668569601296,1
7677,11.565206179346331,1.9610972159060074,1
7678,11.558548864621928,1.9728294897175274,1
7679,11.577056254365425,1.9757825024240039,1
7680,11.595085549083388,1.9751779949752246,1
7681,11.581924860204843,1.9477901485216895,1
7682,11.653715778317546,1.9301259009193794,1
7683,11.616394839202583,1.9318142743872184,1
7684,11.617138933596816,1.9456792836546026,1
7685,11.632352103131417,1.9394024140254276,1
7686,11.613164237670382,1.9269081214989932,1
7687,11.709949593147236,1.953590605954296,1
7688,11.675127289380054,1.9452661042146908,1
7689,11.67084190577189,1.9329375825518933,1
7690,11.682041746291862,1.9446652031470075,1
7691,11.741580498753097,1.9756940973208625,1
7692,11.727034734737611,1.9622821980623517,1
7693,11.73665169123763,1.9633928225653405,1
7694,11.756420358288274,1.926692436971748,1
7695,11.711666062393373,1.9712337441187215,1
7696,11.815348856226217,1.9740428028061507,1
7697,11.809847495415196,1.9373153626713664,1
7698,11.789171720870263,1.9638012948539694,1
7699,11.802346271205417,1.9733311185546099,1
7700,11.807478002152902,1.9697309488837333,1
7701,11.765025089161579,1.9353879493659305,1
7702,11.834407081142555,1.9414271373625707,1
7703,11.870302744562183,1.942482529008181,1
7704,11.85405075530556,1.9460516010513373,1
7705,11.87097022807101,1.9259107836137397,1
7706,11.838135258452475,1.9315166240519337,1
7707,11.84553382598765,1.9696285647468974,1
7708,11.892754101359825,1.9372149956156255,1
7709,11.889109519725352,1.9779920527196595,1
7710,11.873027567216905,1.9309476063986255,1
7711,11.90638365443138,1.9311938629320886,1
7712,11.893936648215098,1.9721265674291453,1
7713,11.975066621963151,1.9694683914150157,1
7714,11.9387117520418,1.9438882933529715,1
7715,11.937640890902776,1.9256419358906107,1
7716,11.941597192646269,1.9712778609078767,1
7717,11.99009419745803,1.9392406606714525,1
7718,11.992842196901993,1.9546660285034652,1
7719,8.006443839113853,1.9893798315342641,1
7720,8.028549466431745,1.9812630097975752,1
7721,8.070701022716186,2.0123675617401102,1
7722,8.024226118727173,2.028018762711048,1
7723,8.04793680914613,1.999431039056669,1
7724,8.02973301766097,1.9886934803112868,1
7725,8.122398426325393,2.0234411636576533,1
7726,8.076305870599668,1.993991570008526,1
7727,8.125940053606659,1.983663688825789,1
7728,8.09291552294079,1.994019999547616,1
7729,8.087008095798558,1.9795876845352103,1
7730,8.178905804151112,2.0078698995028392,1
7731,8.138931969160872,2.0145422365410446,1
7732,8.129201573741598,1.9910241567056506,1
7733,8.149279910478965,1.9799103540913918,1
7734,8.132270428553587,2.01482595308096,1
7735,8.22986064665704,1.9873421115317447,1
7736,8.212643366790799,2.0137228320769918,1
7737,8.22664827167393,2.0126059589692726,1
7738,8.188999454353327,2.020674464898877,1
7739,8.230159629514054,2.012668023341597,1
7740,8.285017062611226,2.008972316357825,1
7741,8.257365509921716,2.0249032121949697,1
7742,8.271558293281618,2.020149137028464,1
7743,8.256816275825788,2.015066840351499,1
7744,8.314236583433892,2.0254113355323082,1
7745,8.330529449007273,2.022807514502362,1
7746,8.407001920646078,2.012085918092333,1
7747,8.483009650351619,1.980506262755635,1
7748,8.47722938507394,2.0029632418249057,1
7749,8.486432212505061,1.9942161157848493,1
7750,8.528043563352611,1.9793392651264872,1
7751,8.521098291279872,2.016422112131261,1
7752,8.51359480780697,2.002609225397681,1
7753,8.56589507730009,2.03126034826773,1
7754,8.584525315033131,1.999554660238569,1
7755,8.594850514430965,1.9794133767924873,1
7756,8.629700249328424,2.0308901585271246,1
7757,8.623164382589138,1.98441336478481,1
7758,8.628716577447696,2.005923712231712,1
7759,8.682067636264518,2.0179908389728225,1
7760,8.701529782102382,2.0036291627441143,1
7761,8.673265874251406,2.0279715152062225,1
7762,8.744526210657204,2.0272493433195904,1
7763,8.733505294603956,1.9838733082060347,1
7764,8.804361796477457,2.0263421894118405,1
7765,8.776677625579506,1.9813638920222416,1
7766,8.85229728108888,2.0072041976014017,1
7767,8.855302515479845,2.0168060342927103,1
7768,8.922532124940387,1.980912136507143,1
7769,8.921193105685568,2.01474266865401,1
7770,8.953682865534352,2.000206703949102,1
7771,8.961722212218081,1.9984404007084278,1
7772,9.012832954639919,1.9870863213729666,1
7773,9.025738399459541,1.9991097435598864,1
7774,9.012912204801047,2.013237788754422,1
7775,9.074678814448369,2.0285571402321025,1
7776,9.04021657310201,1.9879513360199559,1
7777,9.07411926163386,2.0078045001852507,1
7778,9.038946874706415,2.022753627714175,1
7779,9.109398195102465,1.987265815557479,1
7780,9.1268505082385,2.026124563514577,1
7781,9.09120727620271,2.0044493345012597,1
7782,9.140114259128943,2.019034963179409,1
7783,9.174194684269471,1.979560427775615,1
7784,9.165376524888533,2.0071561450583926,1
7785,9.197658704919174,1.9896019968898004,1
7786,9.204858920915907,1.9795347133781716,1
7787,9.241496323248327,2.0229750568447327,1
7788,9.198365889231743,2.018895987479859,1
7789,9.276836149795477,1.9912235348377811,1
7790,9.276024063177012,2.0239700027060588,1
7791,9.299868509779952,2.018386101886857,1
7792,9.47778845139358,2.0261894156310296,1
7793,9.487880383781675,2.00769198009584,1
7794,9.52953155653151,2.0257247664907676,1
7795,9.568895499434728,2.030103545238885,1
7796,9.55996772235423,1.983021993770935,1
7797,9.619275258430049,1.996103406599409,1
7798,9.606300564151672,2.0135741332938473,1
7799,9.581623007318683,1.9936699170449876,1
7800,9.677295849424274,2.0239022357690732,1
7801,9.636414599821952,2.010500588924645,1
7802,9.65137294322284,2.0214559494305226,1
7803,9.690218614467195,2.0065399550868754,1
7804,9.711302136519935,2.0286987039366497,1
7805,9.710549382904219,2.029461332256658,1
7806,9.700373070581634,2.0314056156684264,1
7807,9.753808952849335,2.0291117135282635,1
7808,9.759837350670105,2.0037248314586917,1
7809,9.770544645820243,2.0041517889838363,1
7810,9.78351097455001,2.003744219565619,1
7811,9.81754040561093,2.0101661461187685,1
7812,9.823322916496682,2.006920368002371,1
7813,9.804530899015532,2.0216849044853302,1
7814,10.471637338997734,2.025640533392815,1
7815,10.472436210738644,1.9968326623536476,1
7816,10.492617803405027,2.025154847696532,1
7817,10.50720480437001,2.0057858302461753,1
7818,10.517638866387747,1.9869670961440336,1
7819,10.5592774954376,2.016832847570518,1
7820,10.582762333984713,2.0318660216805937,1
7821,10.566414300554197,2.002755941751298,1
7822,10.640919260243804,2.0284465142601236,1
7823,10.59006708175909,1.9836127139850839,1
7824,10.637414482062267,1.9917436972126565,1
7825,10.651794528015579,2.0103407464597214,1
7826,10.65714507889722,2.0199660066925067,1
7827,10.64760192662615,1.9960668478627166,1
7828,10.710098993375116,2.0225440303119657,1
7829,10.71325982077237,2.0302157880708434,1
7830,10.76656141570009,2.0190114013715226,1
7831,10.766229106826646,2.001860203569278,1
7832,10.793963913290806,2.007997612262972,1
7833,10.764586535079452,1.999354921576677,1
7834,10.808833010264578,2.027249731095405,1
7835,10.804526112660719,1.9927437601263496,1
7836,10.8461830639638,2.010677170722724,1
7837,10.835829997056756,1.9787457788676508,1
7838,10.85388164790369,2.0284777342424363,1
7839,10.86193159848192,2.014855622941161,1
7840,10.87072164403027,1.9824408706313068,1
7841,10.88904497735444,2.0003026147944656,1
7842,10.871452671510102,2.0262183794923136,1
7843,10.871525113014211,2.018929481501903,1
7844,10.9532378822896,2.0215285985289264,1
7845,10.96089283938029,1.9978067077442916,1
7846,10.920115787834048,1.9903578685405163,1
7847,10.915565192360877,2.0072927176598223,1
7848,11.006407579077269,2.0175651944933084,1
7849,11.006571945667474,2.0113845673118744,1
7850,10.982059532473931,1.9988345355674668,1
7851,10.977769390149751,2.0173417536874685,1
7852,10.982651814635616,1.9838855222232177,1
7853,11.02940515589435,2.022391060897625,1
7854,11.032411049799743,2.0101925729245678,1
7855,11.023760037005411,1.9877301738005424,1
7856,11.030647565338358,1.9839115184711753,1
7857,11.053217508225279,1.9957062308381368,1
7858,11.026042723902975,2.022200957839175,1
7859,11.111403990387947,2.0034996911860388,1
7860,11.086393222533566,2.0235172440965288,1
7861,11.117121323360838,2.0057130331849997,1
7862,11.085099770020593,2.027169468636079,1
7863,11.070071356171402,1.9931992232069642,1
7864,11.159096791234946,1.9962378979201683,1
7865,11.154739682277734,2.0163391328114653,1
7866,11.169097132627254,2.030922627457117,1
7867,11.13458206987184,1.9947221365564982,1
7868,11.182050105030452,1.993200616353344,1
7869,11.228844647954494,1.9844276027128174,1
7870,11.208227672463732,1.9851752108204341,1
7871,11.185319701529743,2.0305258748886086,1
7872,11.176866512552204,1.9876460660458604,1
7873,11.241713526275703,2.021296937859751,1
7874,11.245582623849161,2.0014459850324644,1
7875,11.236475146134117,1.9914608824000255,1
7876,11.251025377160303,2.0154732782745075,1
7877,11.254740516047386,1.9930454103495172,1
7878,11.23692289440858,2.0318260049403944,1
7879,11.29174329491304,1.9961454713270859,1
7880,11.310040997158755,2.0280640361162154,1
7881,11.308552025037864,2.0019145377577927,1
7882,11.28793286613701,2.011665395193965,1
7883,11.310073174032752,2.0155098154018196,1
7884,11.383323150610448,2.0035028715382737,1
7885,11.356491636361621,2.0159800959536023,1
7886,11.381626382070346,2.006128811983657,1
7887,11.350613897521638,2.004240697593767,1
7888,11.3962492812456,1.9797845180006535,1
7889,11.40233029454411,2.0001950772294377,1
7890,11.41125575176033,2.0021659858513483,1
7891,11.439712686490184,1.9799248470379662,1
7892,11.452051225807278,1.9892849793210992,1
7893,11.483540193204329,2.0168442572061096,1
7894,11.44439179066276,1.9847049991469883,1
7895,11.490460014745281,1.9820921610150701,1
7896,11.477800443557907,2.0110948867214886,1
7897,11.527918971698968,2.0188741373900094,1
7898,11.508189672933014,2.0124075288997,1
7899,11.508642432301803,2.0127218515987777,1
7900,11.517787995711574,1.9949391549606146,1
7901,11.504640062479332,2.0269984731492348,1
7902,11.566473764497548,2.0100338473108716,1
7903,11.584833017643316,1.9973762740831604,1
7904,11.578519590835144,2.0102497996392694,1
7905,11.57109142545729,2.0111837544456215,1
7906,11.61832590852721,2.012305184161345,1
7907,11.647071541379857,2.0220437703691823,1
7908,11.605073538055171,1.9795980184364887,1
7909,11.70922048347353,2.017820175316768,1
7910,11.671409692241827,2.027294994302318,1
7911,11.66433391769865,1.990577479864046,1
7912,11.66084830946548,1.992444980433366,1
7913,11.754159403296743,1.9887104384343843,1
7914,11.75001642060284,2.0161571397794775,1
7915,11.75022461227958,2.0095656075989092,1
7916,11.744262338489934,2.006894970107798,1
7917,11.720316464282007,1.9797474023509756,1
7918,11.728540690592286,2.029355120972344,1
7919,11.78217291144675,2.0045743815432093,1
7920,11.812889903505527,1.996335486220823,1
7921,11.770982131429292,2.0116430638476075,1
7922,11.773073271953729,1.9892186045178344,1
7923,11.815760595444747,2.024204761494854,1
7924,11.793626994782995,2.015018433030982,1
7925,11.842784340644505,1.9981342729600795,1
7926,11.82769548318485,2.011331756137522,1
7927,11.830403923889845,2.0044074749055776,1
7928,11.871586349329938,2.0002573549406026,1
7929,11.862675443594924,2.028665568668083,1
7930,11.91974841891761,2.003301418592227,1
7931,11.874511353357299,1.980224892519464,1
7932,11.919369527400358,2.0294141203258085,1
7933,11.896134162843573,2.0130186836065036,1
7934,11.96486060672635,1.98484805548666,1
7935,11.971736260988958,1.9960350834856573,1
7936,11.965263851970072,1.993216739694282,1
7937,11.994079100798182,2.008716953365851,1
7938,11.983366134758448,1.9871449365653704,1
7939,8.008177767667133,2.051592870347248,1
7940,8.042155987947343,2.081500888702639,1
7941,8.053136570227942,2.0438238562357114,1
7942,8.061982881122445,2.064408239037464,1
7943,8.028161024392555,2.078862171793689,1
7944,8.071112843028299,2.0340606896935696,1
7945,8.052121008254105,2.0497214541900703,1
7946,8.108154246357405,2.0544037979737038,1
7947,8.097009396782566,2.043166113548219,1
7948,8.088329859931457,2.0608533588568303,1
7949,8.081378886288741,2.0532239424067993,1
7950,8.127630658958672,2.0590924038112783,1
7951,8.152167906336093,2.079492918751394,1
7952,8.177574723378433,2.0526280524031297,1
7953,8.170461717960565,2.0853448317149206,1
7954,8.153843976112668,2.0554221113172924,1
7955,8.141203807431207,2.057442059426785,1
7956,8.137395977164159,2.068479106139445,1
7957,8.199005382546682,2.079842357201762,1
7958,8.22921286144827,2.047636102331398,1
7959,8.185235231818048,2.0707583409957957,1
7960,8.213059671427981,2.0378182446405617,1
7961,8.182777167856262,2.0367712127235955,1
7962,8.192476639866557,2.0667443923225775,1
7963,8.272886458013268,2.0446979137710075,1
7964,8.255455513426735,2.047818866779576,1
7965,8.270398809423934,2.055542717031783,1
7966,8.239198628613769,2.084330137158921,1
7967,8.282063791144017,2.0799581442960338,1
7968,8.306051144826247,2.075933105719184,1
7969,8.297817262507058,2.0848805764649923,1
7970,8.431573285920148,2.04836494340476,1
7971,8.427677279277813,2.0846347050172844,1
7972,8.450825244622914,2.0671868750849187,1
7973,8.476616788622655,2.0450077776854036,1
7974,8.49410729397032,2.0748400185934237,1
7975,8.51904685622501,2.049670491149634,1
7976,8.51157685045713,2.0365713549328985,1
7977,8.548269390628528,2.048789278268544,1
7978,8.585635396701436,2.0737137644856785,1
7979,8.599669246755262,2.0361846266795727,1
7980,8.567484913698708,2.0507601186357594,1
7981,8.632298885713862,2.052327279916811,1
7982,8.630624152871821,2.037302808628077,1
7983,8.629399583564558,2.0662455292697848,1
7984,8.711010724861938,2.0428712672711202,1
7985,8.670404491733184,2.079716148467851,1
7986,8.685587665953095,2.082186196359216,1
7987,8.735842065292957,2.080052674989612,1
7988,8.744468172662213,2.0628012019704163,1
7989,8.739200535482773,2.0412779656076347,1
7990,8.792891638257336,2.0563524258891017,1
7991,8.821558638091235,2.0407849957605864,1
7992,8.823369197137202,2.080433967203355,1
7993,8.861429589550745,2.0627424655668714,1
7994,8.84519927410345,2.0758284119735584,1
7995,8.888451662816117,2.0722749648156653,1
7996,8.941360505043685,2.0644006957478958,1
7997,9.024523577612758,2.0445919416746623,1
7998,9.018889808166946,2.0616604048323826,1
7999,8.99950705139589,2.0538291030428386,1
8000,9.066600725266897,2.0744464059438243,1
8001,9.045007125984506,2.047152679530394,1
8002,9.054946404653151,2.04124267957066,1
8003,9.056911663226773,2.0635683423104485,1
8004,9.119928260088077,2.054306923529846,1
8005,9.1065344180547,2.060784288660609,1
8006,9.102834355871723,2.0447150130511322,1
8007,9.119931569280759,2.0525263879137525,1
8008,9.194450783608472,2.068685766128851,1
8009,9.155724694808208,2.0450846461499017,1
8010,9.176287249417596,2.058244308076605,1
8011,9.207842958698501,2.084399576103171,1
8012,9.21905644143198,2.058082915588517,1
8013,9.239523134744497,2.038980582651669,1
8014,9.264458560845798,2.0714429923919764,1
8015,9.464243365958659,2.032627193913585,1
8016,9.43189393678705,2.047275603173206,1
8017,9.465624887121487,2.0359378628615588,1
8018,9.480386372896884,2.0321393234217524,1
8019,9.46571378981759,2.046152976801942,1
8020,9.555197119810458,2.0472595856668017,1
8021,9.560775419031042,2.0413787312231326,1
8022,9.544975548168017,2.0655409931940714,1
8023,9.539154275750603,2.070507506462407,1
8024,9.607706850494461,2.0497370545471956,1
8025,9.620251470732565,2.060274588623986,1
8026,9.587827657584517,2.0595229395318557,1
8027,9.584916227139031,2.0358926725955566,1
8028,9.654779243172113,2.079143536165005,1
8029,9.676282860350762,2.0764517740516064,1
8030,9.629327736569204,2.034237060346573,1
8031,9.657158387480683,2.0537203121869574,1
8032,9.719957202689933,2.035822757131494,1
8033,9.705817296210023,2.0534903578099875,1
8034,9.72464876617875,2.074938612044425,1
8035,9.718696438753124,2.050230100959189,1
8036,9.784438453946267,2.059422505442894,1
8037,9.772514363547902,2.0837518494611547,1
8038,9.745357911956578,2.058889472040379,1
8039,9.751685908577993,2.0776833894077402,1
8040,9.733998996250174,2.0652442519281817,1
8041,9.838619810310362,2.069908504311132,1
8042,9.838361490094554,2.08025793421483,1
8043,9.81579441684253,2.0712256576856536,1
8044,9.793508049801352,2.080758996746403,1
8045,10.460095355829827,2.077342223602058,1
8046,10.530557872930183,2.0786453306039903,1
8047,10.50806654458398,2.0729507011253583,1
8048,10.579809765052193,2.0333356851018647,1
8049,10.561882843085664,2.0371194278969273,1
8050,10.54884388960388,2.0730063631948723,1
8051,10.636851341384652,2.0439652368825105,1
8052,10.627230547129395,2.0375461829811754,1
8053,10.611533254840754,2.0493460500863088,1
8054,10.664578980509546,2.070821571226167,1
8055,10.693479087670152,2.0722263922512125,1
8056,10.746153294252586,2.0641377618128907,1
8057,10.732031274633126,2.0329638788378235,1
8058,10.742664663898589,2.050012638199897,1
8059,10.801819797536245,2.061470791944873,1
8060,10.750505997004636,2.0850903429012266,1
8061,10.775962418268163,2.05497900552564,1
8062,10.853518408456782,2.0624550365496974,1
8063,10.804714700377366,2.062964995440319,1
8064,10.837302725915965,2.058633846255564,1
8065,10.804086540579465,2.0414988760976356,1
8066,10.860292107290208,2.069548788327829,1
8067,10.859434648704406,2.0429109616005525,1
8068,10.875636378961342,2.079271435538708,1
8069,10.91742164147455,2.064377650448255,1
8070,10.944018245385168,2.038917780006959,1
8071,10.943047849178575,2.0422876154527545,1
8072,11.013327915769958,2.0482355913764705,1
8073,11.008800948486943,2.0519633246331903,1
8074,10.99000876572805,2.0330984973033623,1
8075,10.98666450841967,2.082831304130023,1
8076,11.021263829006843,2.0327074498518005,1
8077,11.025698941083588,2.0648429981155405,1
8078,11.051274558360607,2.0731076180129224,1
8079,11.057447051437086,2.063632594687163,1
8080,11.054883561802619,2.045411524461298,1
8081,11.111699918333233,2.0776109257742084,1
8082,11.073444355392086,2.0672160976630636,1
8083,11.092741074492741,2.0359192678780156,1
8084,11.118515558041842,2.0442306115254025,1
8085,11.166983783555558,2.0642765584437632,1
8086,11.176117935446692,2.050830995045232,1
8087,11.172291459954437,2.0588129477133363,1
8088,11.136453401869455,2.040033233056203,1
8089,11.128410342863383,2.054643622788779,1
8090,11.222713533935206,2.04245105236577,1
8091,11.221198155716733,2.05991384863995,1
8092,11.213587871184318,2.084382350919171,1
8093,11.183737137201543,2.0680617645037884,1
8094,11.217162501555068,2.048816735191239,1
8095,11.274169779784618,2.035740050090011,1
8096,11.247353472843054,2.0349884210505977,1
8097,11.262589994249774,2.077607214827389,1
8098,11.250915629756168,2.065609854463668,1
8099,11.245590103846054,2.050093306924614,1
8100,11.312511316096266,2.0439846003388684,1
8101,11.323254921707369,2.061027858114808,1
8102,11.288273197175966,2.0383588003111592,1
8103,11.335108457218292,2.071606572721011,1
8104,11.349926718789606,2.072430526625502,1
8105,11.370558142631625,2.044520588017184,1
8106,11.378247059434996,2.046479781205324,1
8107,11.389388176972354,2.077591325561566,1
8108,11.442795717558932,2.0565824322207287,1
8109,11.395247003703304,2.071683588158817,1
8110,11.423837717555482,2.065030900408624,1
8111,11.413707879285973,2.08074755747459,1
8112,11.432427000704273,2.0667537558911353,1
8113,11.45434022355754,2.0604007190376703,1
8114,11.466777717059214,2.045534573502491,1
8115,11.488246772996126,2.060742910994173,1
8116,11.487202406148247,2.0457906218002258,1
8117,11.4786854684198,2.051895304358619,1
8118,11.534283671764753,2.0717370534390294,1
8119,11.537275617362274,2.0390832635039997,1
8120,11.538782979944703,2.040210136224065,1
8121,11.55792609324506,2.0676063017685222,1
8122,11.57404520046333,2.051694561868116,1
8123,11.623210621218295,2.0445348189230237,1
8124,11.635007683326252,2.045699204564705,1
8125,11.698977655607358,2.0599531723095024,1
8126,11.669607585609299,2.0704819477467407,1
8127,11.699056790619386,2.0562181206496537,1
8128,11.675075242931461,2.080479787108341,1
8129,11.6946843163123,2.037965952369052,1
8130,11.757605856586673,2.0502136662502073,1
8131,11.763912756524688,2.0321825049696547,1
8132,11.727018557292917,2.073378758379268,1
8133,11.723682279973946,2.037094999936632,1
8134,11.720117427352646,2.0589499299078637,1
8135,11.72598160047851,2.046815947468382,1
8136,11.786857508253647,2.0618830666807892,1
8137,11.810745559308405,2.0465234794772713,1
8138,11.78524601646605,2.033600216871134,1
8139,11.792686743907321,2.0470868965414084,1
8140,11.785446364809943,2.045107075622472,1
8141,11.851591716099028,2.0481885035909255,1
8142,11.864016481818306,2.0397406789211483,1
8143,11.828052907822183,2.040440012684709,1
8144,11.888523142559881,2.084440112561509,1
8145,11.914354368745698,2.0504179146453434,1
8146,11.901575329141542,2.05559356002648,1
8147,11.936369334815739,2.064197323599036,1
8148,11.967713409891752,2.0434365534687946,1
8149,11.953151327182953,2.05321612169305,1
8150,8.014005417801368,2.1000355920658333,1
8151,8.032823641572508,2.134890772093345,1
8152,8.06497207500406,2.107262808789379,1
8153,8.032354153055191,2.105915765608193,1
8154,8.0551177382759,2.1105701945603363,1
8155,8.056428833197108,2.111756222179663,1
8156,8.083242477363058,2.129673502079741,1
8157,8.125137132193045,2.1018503107332536,1
8158,8.115781354445547,2.1202604436024517,1
8159,8.099480198831213,2.096208158991618,1
8160,8.114318005522897,2.126178436972233,1
8161,8.080328437344862,2.1167799704626997,1
8162,8.170601308681597,2.118289149326235,1
8163,8.130895310370809,2.0855668530233715,1
8164,8.168459214957078,2.114741721742532,1
8165,8.136850981243695,2.1318319068031633,1
8166,8.181509968976647,2.0870372263567396,1
8167,8.232806301710534,2.114375304721821,1
8168,8.199350836710224,2.1110238948671682,1
8169,8.189903348437044,2.105573317569875,1
8170,8.226787259456497,2.1083975254588583,1
8171,8.195820052694803,2.120802490944693,1
8172,8.216293166523231,2.1051660982523743,1
8173,8.246035979923947,2.138915707749959,1
8174,8.25630828062958,2.128529549446738,1
8175,8.276067489628518,2.0955733029420114,1
8176,8.276776333403525,2.1124925837359925,1
8177,8.428877948769214,2.100682318443662,1
8178,8.44345787340849,2.1090958719601596,1
8179,8.499176460814917,2.138117597271541,1
8180,8.476870339840021,2.1178390012176758,1
8181,8.533079424773302,2.1159649194758745,1
8182,8.518549126166016,2.0878017757791807,1
8183,8.503352876374251,2.1219315506388594,1
8184,8.582696297283805,2.0874888624857646,1
8185,8.584039008961025,2.095408568943319,1
8186,8.56401442617372,2.1195014315019405,1
8187,8.558032967563017,2.116868256601196,1
8188,8.662908925104558,2.10876939771458,1
8189,8.644654505613136,2.135197663410138,1
8190,8.648650159747838,2.1245461960511127,1
8191,8.687346221956664,2.127151863788594,1
8192,8.681820677533558,2.107888341361489,1
8193,8.689856732817193,2.127346275500496,1
8194,8.746371619871889,2.1122848188281655,1
8195,8.719765782204709,2.127898418105024,1
8196,8.71856377490428,2.108533733723004,1
8197,8.821480681073929,2.1240136167848194,1
8198,8.801796972218604,2.1170256251155757,1
8199,8.788254780312094,2.119400744295458,1
8200,8.824831501629301,2.0945000658491275,1
8201,8.830972389470919,2.1306394938576814,1
8202,8.921698912111829,2.1100693332629548,1
8203,8.918589201964071,2.088044711607333,1
8204,8.940836465248138,2.127828388487013,1
8205,8.952281118233376,2.11162826272858,1
8206,9.028945611858937,2.1260925869787672,1
8207,9.030837842551497,2.1136540019124253,1
8208,8.984741587986628,2.133211534425669,1
8209,9.051920959518972,2.099721676118474,1
8210,9.043522858001067,2.1023457368128224,1
8211,9.085749013324188,2.1066628319706484,1
8212,9.056502396594729,2.128168526576114,1
8213,9.133296436335526,2.09709748666569,1
8214,9.119246010006263,2.1265389896487625,1
8215,9.110692187871145,2.121597953369671,1
8216,9.094101890352258,2.118406538525355,1
8217,9.162458757932926,2.126928803498676,1
8218,9.18631124170531,2.1298373311668075,1
8219,9.162634841527177,2.0864921889847374,1
8220,9.16447071971864,2.1300565909460727,1
8221,9.23993523578913,2.0918057579414198,1
8222,9.207667943316707,2.098986405020666,1
8223,9.350646376963516,2.13065460265783,1
8224,9.419059834380032,2.095213651890519,1
8225,9.428357648461485,2.121995817247285,1
8226,9.458539584509806,2.114793517986373,1
8227,9.492493130206823,2.109753050844819,1
8228,9.476472555210306,2.098631817832268,1
8229,9.466614138030979,2.1137840270991695,1
8230,9.499155036361739,2.118558136080768,1
8231,9.497070099989507,2.1289449703159975,1
8232,9.522382933465718,2.1070960794275915,1
8233,9.565705213026469,2.1213335265321933,1
8234,9.542331413340133,2.1035964671630745,1
8235,9.530618817246676,2.137855084363789,1
8236,9.60014680663565,2.1097300125304033,1
8237,9.596607249200096,2.0933297694526183,1
8238,9.620032408510538,2.1087220951650654,1
8239,9.669926540973952,2.0918617880273,1
8240,9.656210773690267,2.1141509823120255,1
8241,9.66124957508506,2.1324403620271646,1
8242,9.6542841239792,2.11953665338617,1
8243,9.683394149233319,2.121053753524866,1
8244,9.712623762772557,2.1051638067660057,1
8245,9.72749567472002,2.119333996523415,1
8246,9.71068066099349,2.098147670508442,1
8247,9.763282492567587,2.122301860545846,1
8248,9.75443045733569,2.09149723707284,1
8249,9.772476096907567,2.119545078114965,1
8250,9.74101959868071,2.086504368613578,1
8251,9.829932007375596,2.1194336429671097,1
8252,9.829719337878393,2.0876496971871585,1
8253,10.573422416948274,2.1020589655220983,1
8254,10.601790406923111,2.090642907841206,1
8255,10.626657552789661,2.1000288026364258,1
8256,10.691756827189932,2.1315874243672757,1
8257,10.692497447041156,2.0896594793131484,1
8258,10.706055402355195,2.126965494420984,1
8259,10.727604005915197,2.1171036792907074,1
8260,10.77916727676051,2.1051957220816098,1
8261,10.755432630883217,2.126577686387861,1
8262,10.854695406250084,2.1044639967129233,1
8263,10.85021901255352,2.0990398268014907,1
8264,10.807087975008358,2.1045181492065668,1
8265,10.875066618561258,2.115088705507293,1
8266,10.888187702988597,2.102333616653323,1
8267,10.863064807450527,2.10445300983438,1
8268,10.90873013776991,2.1227613315078835,1
8269,10.937180903105553,2.0864238038048626,1
8270,10.930648657422672,2.1084247590869136,1
8271,10.952157954326383,2.1273689400078286,1
8272,10.916340952353966,2.134711635823176,1
8273,10.972352255839535,2.1146936844314426,1
8274,11.008483724297491,2.0901035948458655,1
8275,10.992967486571038,2.0911020925550967,1
8276,11.063865219868216,2.1138802493372952,1
8277,11.039717105988997,2.108765316839053,1
8278,11.062349885763876,2.1347657733357375,1
8279,11.120505344930717,2.1014548074308057,1
8280,11.091301368713236,2.1121349993755962,1
8281,11.090238943123126,2.1296562487055963,1
8282,11.120181662299105,2.0997200472492374,1
8283,11.085011095759453,2.116561696754162,1
8284,11.166906612912545,2.1356779645847936,1
8285,11.13078959964619,2.1130690016012528,1
8286,11.123010579435636,2.108470397282496,1
8287,11.14778604352448,2.1368080263536067,1
8288,11.12435383310977,2.1111837809703347,1
8289,11.2185995734474,2.118241069333723,1
8290,11.212635952652052,2.1357761395917003,1
8291,11.198769744307157,2.094929584511306,1
8292,11.206684197681872,2.1067538736321847,1
8293,11.191417111629493,2.1067573945472544,1
8294,11.261719950561996,2.126213678907499,1
8295,11.237519084074613,2.135310789666267,1
8296,11.25257837617278,2.0930441940741216,1
8297,11.254014959004476,2.1216879026542417,1
8298,11.306850531523642,2.1061656912838704,1
8299,11.310808194202265,2.1016484564869744,1
8300,11.303715045792798,2.0968597557764825,1
8301,11.319008496976144,2.1231744862834816,1
8302,11.357330248037426,2.102245927710765,1
8303,11.36106750095966,2.0905128266400896,1
8304,11.371880428168415,2.088634232631501,1
8305,11.338627500843371,2.1192359125920466,1
8306,11.36626011459259,2.089264904712514,1
8307,11.419627065488156,2.117406748599958,1
8308,11.410093614739441,2.119090282490003,1
8309,11.402879580841777,2.0972088386124415,1
8310,11.42670049472217,2.1077926984057096,1
8311,11.423506611717796,2.0960244083905395,1
8312,11.433667308751748,2.130178456069657,1
8313,11.46732751702239,2.0946210645613075,1
8314,11.446913202840717,2.1035035416331795,1
8315,11.444787359654217,2.119300708137545,1
8316,11.475204927223453,2.097476423074071,1
8317,11.4940402886205,2.1071853573636017,1
8318,11.520997006192458,2.096432743234343,1
8319,11.533103400042197,2.0976760355786874,1
8320,11.566000930520767,2.1354436966383594,1
8321,11.63435296182679,2.116727106658591,1
8322,11.65471044881322,2.10370646929399,1
8323,11.631977421256641,2.1214511403194134,1
8324,11.707798424498145,2.1224844711588955,1
8325,11.707473890788147,2.11976152748918,1
8326,11.701135402159448,2.1157210437317,1
8327,11.68701561259536,2.1270719701378784,1
8328,11.69683694118614,2.1198168615918225,1
8329,11.7160856215006,2.1252200752745867,1
8330,11.715344414837299,2.124253015962464,1
8331,11.722205896527786,2.135746576231901,1
8332,11.763092313974376,2.107513565747469,1
8333,11.754233652637726,2.115940601811212,1
8334,11.713722672452342,2.120677717548,1
8335,11.8112792585663,2.091069955154812,1
8336,11.815660654463052,2.0977505671447516,1
8337,11.775040756652528,2.128859349993851,1
8338,11.868796737900533,2.1216039214070257,1
8339,11.818874593389715,2.1189803343644518,1
8340,11.857774768087515,2.1093899723759306,1
8341,11.873764029261736,2.105239326099655,1
8342,11.887690173027261,2.0992067033800255,1
8343,11.881036525335613,2.1228006303512936,1
8344,11.957675772029813,2.118500726884088,1
8345,11.938329653675673,2.095179706478358,1
8346,11.93275768481184,2.110058616149081,1
8347,11.956778478568127,2.096846876086369,1
8348,11.991742032755083,2.1061302660328414,1
8349,11.998344258341223,2.134030454966687,1
8350,8.003198409223199,2.1505230200404606,1
8351,8.015727467180835,2.1744268083611176,1
8352,8.044580263525885,2.1505524025299585,1
8353,8.060676186539004,2.1834925006698325,1
8354,8.031799161330358,2.178605022706494,1
8355,8.070157877170983,2.1847748927128277,1
8356,8.090917950484329,2.1714455198612086,1
8357,8.082218455704732,2.1692842946184583,1
8358,8.10643630595492,2.146584960288479,1
8359,8.115871731467477,2.162962973322816,1
8360,8.083300822262062,2.1761008439105853,1
8361,8.092292981544686,2.1790470512001576,1
8362,8.153087768104038,2.1497432936284664,1
8363,8.160322141529745,2.140627974403238,1
8364,8.131077930374174,2.145612630185664,1
8365,8.155020887023676,2.1801151946594324,1
8366,8.130656517762192,2.152895088897547,1
8367,8.145488250434852,2.1597625080442477,1
8368,8.195462534165875,2.1614256615356027,1
8369,8.185829199548406,2.1461001455568476,1
8370,8.196514371087453,2.169154125658854,1
8371,8.1908257022286,2.1527913009647355,1
8372,8.253066521023579,2.151669056856119,1
8373,8.34335895275977,2.161646177321403,1
8374,8.425525862895347,2.1761249673094296,1
8375,8.402787552015567,2.179157237832907,1
8376,8.480926647010639,2.157126353920795,1
8377,8.457692080686497,2.1622198259350895,1
8378,8.55567272961458,2.1768371404008864,1
8379,8.51513200272973,2.186696148519364,1
8380,8.509644633329142,2.1916332298182577,1
8381,8.586188392386973,2.146533162218658,1
8382,8.566656536247526,2.170502459915046,1
8383,8.57557411728351,2.176120940250636,1
8384,8.573724445893204,2.1393848472493726,1
8385,8.624361482766474,2.1419279750176856,1
8386,8.618870293378283,2.1819831693508287,1
8387,8.637228385871017,2.186176849039116,1
8388,8.675545965201271,2.174924090849638,1
8389,8.687066329652152,2.1550190756725502,1
8390,8.704677259845106,2.1798892617282886,1
8391,8.769005687568828,2.1861826427758397,1
8392,8.72598483418854,2.176074202921894,1
8393,8.721922672411758,2.1670837668466283,1
8394,8.79996403883224,2.1750083945820404,1
8395,8.785873178497706,2.162664307018652,1
8396,8.875745083668635,2.191815152562207,1
8397,8.839651027689502,2.191031420280045,1
8398,8.904036541647006,2.150084526721695,1
8399,8.913222345194967,2.1871477091775833,1
8400,8.911104754312428,2.1563232576455156,1
8401,8.940093986233084,2.166002165011659,1
8402,8.93725910390663,2.189671088549941,1
8403,8.965280062821785,2.154817926214102,1
8404,9.032864192304867,2.1740790961733993,1
8405,9.011137536073088,2.1562290030457762,1
8406,9.018763414311442,2.1491705992017116,1
8407,9.067770940141946,2.188297229320268,1
8408,9.043499326254548,2.186212303618296,1
8409,9.084944156570298,2.153355353651868,1
8410,9.088221965513881,2.1840065543153973,1
8411,9.091969261887643,2.1805403418109615,1
8412,9.114765575530456,2.1651886066102763,1
8413,9.134518539834731,2.1520857562347313,1
8414,9.147853417959148,2.1522356840350003,1
8415,9.189281838789842,2.1855041554013312,1
8416,9.16446919526305,2.1720869319105267,1
8417,9.250908334022478,2.147041886315995,1
8418,9.356157384693862,2.1897413175971208,1
8419,9.451409046934785,2.144852263536402,1
8420,9.424454551247443,2.1868174984196744,1
8421,9.487104492985587,2.162210778487203,1
8422,9.50651101149238,2.1811704100598073,1
8423,9.515499397230982,2.17022054783133,1
8424,9.481369527165139,2.1676700869678966,1
8425,9.540576005793524,2.1845262107885675,1
8426,9.552464275728909,2.1892512206810197,1
8427,9.524771396193946,2.167446247487962,1
8428,9.571540523291326,2.1439567458169027,1
8429,9.610607816205603,2.147283684387606,1
8430,9.604084662253618,2.1836986010858483,1
8431,9.583200682269828,2.183656734377765,1
8432,9.636823783903349,2.1895398347151755,1
8433,9.641894508755358,2.1398969324162143,1
8434,9.654892386748188,2.1625167857552197,1
8435,9.657693582890204,2.162577696290762,1
8436,9.685497569915519,2.1451228670670885,1
8437,9.69717102813085,2.1503163835361816,1
8438,9.690900160560016,2.169053674444104,1
8439,9.724704493747197,2.1613140891495495,1
8440,9.777091714250242,2.168663048579217,1
8441,9.753464217056358,2.14445229829008,1
8442,9.739340666436728,2.1521258715476854,1
8443,9.748346062440168,2.1861856588300768,1
8444,9.834764352685285,2.1466015898089923,1
8445,9.833371373443002,2.1461731063189946,1
8446,10.003737272941262,2.1890012968367767,1
8447,10.037567261034956,2.168608556809088,1
8448,10.061974632585923,2.188867932871377,1
8449,10.063867009853588,2.1751947555387745,1
8450,10.158625814899121,2.1861374133040568,1
8451,10.596208604380385,2.171291613998283,1
8452,10.690256068213362,2.148611394527324,1
8453,10.742555582692187,2.1523255091279814,1
8454,10.707973452441408,2.1630473137972324,1
8455,10.754258723899103,2.1820375483213508,1
8456,10.783140351622958,2.1707499879966345,1
8457,10.793601685624559,2.154364917819727,1
8458,10.822868351098203,2.162215546954913,1
8459,10.838566351433446,2.1484555514706303,1
8460,10.824112605065462,2.1905413835559573,1
8461,10.821829257020681,2.1874902033637804,1
8462,10.837706275052907,2.1446859344910276,1
8463,10.885787260534464,2.1834198320443527,1
8464,10.89859461656347,2.1517740991325667,1
8465,10.900092422524175,2.1607736919377545,1
8466,10.90278043464551,2.173750823579925,1
8467,10.870723920567661,2.148151339517262,1
8468,10.877328076928025,2.1612397520966797,1
8469,10.952979688573668,2.169120287703244,1
8470,10.94634472484048,2.176658711200663,1
8471,10.931094149957277,2.1392741014845686,1
8472,10.94834710105476,2.168283621722297,1
8473,10.960433983787357,2.1593795184465616,1
8474,10.928313392757172,2.171253046434897,1
8475,10.996125598894473,2.172153444576342,1
8476,11.00713805473429,2.17234546477167,1
8477,11.010505702192814,2.1612951198129613,1
8478,10.986988318010178,2.182558612933622,1
8479,10.975844977742753,2.161012177958249,1
8480,11.039897488175301,2.1700193264798053,1
8481,11.039906590847798,2.1673951719333475,1
8482,11.043921935641176,2.1648621890535145,1
8483,11.052939708448434,2.1743198284530156,1
8484,11.096670563832287,2.186783537436252,1
8485,11.109982278116878,2.176289256249511,1
8486,11.094236304844445,2.1751689717802414,1
8487,11.117470844346581,2.1487093827747725,1
8488,11.095461713891268,2.139929219857576,1
8489,11.09261982813945,2.172236441203161,1
8490,11.137866778151292,2.170718648939783,1
8491,11.137040218676672,2.18027553563881,1
8492,11.152681895649167,2.1806943066082227,1
8493,11.126480832261246,2.173447201044006,1
8494,11.127765328813762,2.1762360613258585,1
8495,11.126064450768224,2.143732301717244,1
8496,11.227030627570702,2.184494199330036,1
8497,11.192044939232801,2.141503120278245,1
8498,11.186989924151709,2.156460861374238,1
8499,11.178536004594319,2.1894360049930692,1
8500,11.204782200921796,2.170819004568723,1
8501,11.203343047737262,2.1712182615085105,1
8502,11.252797088302362,2.1481731496874303,1
8503,11.25514626807269,2.1842646841560804,1
8504,11.276340246486464,2.1550572440104308,1
8505,11.232263657195778,2.1853266495562025,1
8506,11.23698987133556,2.182174426451364,1
8507,11.288871982191472,2.144741824783842,1
8508,11.3090725528937,2.1742482660724134,1
8509,11.320487851424701,2.188338772764269,1
8510,11.284449932617104,2.158888117954604,1
8511,11.328828289256817,2.1916940724860345,1
8512,11.36360799990648,2.152248466132947,1
8513,11.34074083936021,2.153801849953878,1
8514,11.387772128865194,2.1913948494596203,1
8515,11.366764490273322,2.161154270369567,1
8516,11.351283874305071,2.171648728984248,1
8517,11.41758910782055,2.1697009062166233,1
8518,11.398137504982637,2.141923592972897,1
8519,11.411885359073093,2.173578637930207,1
8520,11.4103407874984,2.1716718170577236,1
8521,11.435810037479797,2.1914271683435715,1
8522,11.49176853432872,2.1651739270464128,1
8523,11.489905677790794,2.1715868137545615,1
8524,11.489125534400008,2.17303102468476,1
8525,11.487669543731348,2.158143353309639,1
8526,11.506603158190932,2.1646671569852405,1
8527,11.546885344869008,2.188903812583331,1
8528,11.58863407559439,2.1721158541908157,1
8529,11.578411288664979,2.180202986701554,1
8530,11.618254046454995,2.1452723863673357,1
8531,11.628301389203642,2.181301468247058,1
8532,11.633919507608505,2.190431174129887,1
8533,11.62864125024217,2.1880231308087215,1
8534,11.626180155305534,2.1634294934844585,1
8535,11.710004903319664,2.1880753036841702,1
8536,11.699181168074697,2.1861282897552425,1
8537,11.685385655160752,2.142573278841676,1
8538,11.704131429834138,2.172157618531871,1
8539,11.668147046772553,2.1827667440417047,1
8540,11.702974649831818,2.1408062041992846,1
8541,11.732669168243708,2.1598394550541906,1
8542,11.748547434805355,2.1906580367211212,1
8543,11.712151598547992,2.141193777596362,1
8544,11.740131520941194,2.1571539184824915,1
8545,11.813754053523535,2.147434637853909,1
8546,11.817140407555609,2.18230042379797,1
8547,11.867519765259845,2.1608410977871593,1
8548,11.818845441344882,2.168691635251596,1
8549,11.869302948554227,2.1577076737662586,1
8550,11.892301450497083,2.182016456161216,1
8551,11.872318925473879,2.153162238901722,1
8552,11.922090438006013,2.1884413661603883,1
8553,11.972884531149338,2.177185700760592,1
8554,11.948235693934633,2.13909082888339,1
8555,11.932711834906131,2.1907202440992184,1
8556,11.988817977348116,2.18233629024164,1
8557,11.998217074473754,2.149541461727119,1
8558,8.007807915632277,2.1956095754241565,1
8559,8.000770969713008,2.225275038770517,1
8560,8.020885035592295,2.2291115217100383,1
8561,8.06774103465925,2.2151176705843367,1
8562,8.060642811022053,2.237828677789121,1
8563,8.071832554519478,2.2157329891103608,1
8564,8.057501210837057,2.1978824731882667,1
8565,8.057859173612785,2.1938225633206936,1
8566,8.122752369222072,2.2114182626445946,1
8567,8.125851302423316,2.1962902958565067,1
8568,8.095001117281175,2.1997168787953245,1
8569,8.115503222721541,2.212142165749161,1
8570,8.119610840878703,2.2113235214038984,1
8571,8.140939600604966,2.207520191270994,1
8572,8.178268301771036,2.192629942541929,1
8573,8.152032150855764,2.2257657628424017,1
8574,8.170597787842711,2.2375682330969164,1
8575,8.30696957277304,2.202446789647043,1
8576,8.391400521421756,2.225036213915846,1
8577,8.411643650216071,2.2399954970617957,1
8578,8.439238375768134,2.2034617776339207,1
8579,8.470583669245794,2.1933866172953347,1
8580,8.465441575047493,2.240126516708325,1
8581,8.555929455191912,2.198951377423175,1
8582,8.510320414434558,2.1939774784156456,1
8583,8.50470129319109,2.2299113598118674,1
8584,8.60151043406112,2.2330052222098744,1
8585,8.597428760501003,2.238522183433673,1
8586,8.571452463281004,2.2082200974726165,1
8587,8.573350090178423,2.1984706759264228,1
8588,8.6223421827163,2.2427243138315887,1
8589,8.639789002037851,2.2066586982813323,1
8590,8.610436364471534,2.21711171793775,1
8591,8.704227532391904,2.221489687370214,1
8592,8.676616917855142,2.1944175055179946,1
8593,8.706674069968765,2.202974936647274,1
8594,8.74427648518604,2.219675632826636,1
8595,8.760268495582,2.2382990466475774,1
8596,8.73311097035117,2.2038460020149038,1
8597,8.808633617740949,2.241324397070697,1
8598,8.777180109077875,2.2074123870324804,1
8599,8.86620360006809,2.244283018763484,1
8600,8.873674894124244,2.2060927088387023,1
8601,8.868885823076102,2.204045614230924,1
8602,8.903563583720604,2.202006323638493,1
8603,8.925961826351562,2.2427571693923345,1
8604,8.914232683225961,2.2248721406548913,1
8605,8.908115126355709,2.19851423530915,1
8606,8.948622345284852,2.2086609247633837,1
8607,8.941376575002218,2.1979919583582133,1
8608,8.953074004165233,2.203239073763856,1
8609,8.937039211705619,2.2338035950627604,1
8610,9.036781720875437,2.243750009317304,1
8611,9.036955581922676,2.2384387128706016,1
8612,8.986078326673116,2.243319866574854,1
8613,9.05302542999196,2.217605773139301,1
8614,9.06116474735826,2.2391785271422004,1
8615,9.061621820892256,2.2187916581456224,1
8616,9.121391572495945,2.213119678767203,1
8617,9.120220112632001,2.2189748277170804,1
8618,9.092071153400765,2.219136139808065,1
8619,9.148249602370042,2.2259615547871054,1
8620,9.16227485923139,2.215962906104639,1
8621,9.148453755278029,2.2305490859886525,1
8622,9.250271003689404,2.199109921665226,1
8623,9.242682491838776,2.1971390590729474,1
8624,9.258481147602,2.1986718111621264,1
8625,9.343307892268733,2.2436267736213846,1
8626,9.466370648440401,2.210208206947378,1
8627,9.497968884827497,2.2459234752386554,1
8628,9.491081572172543,2.2254239042889723,1
8629,9.547327119242553,2.242914524000074,1
8630,9.518944926074134,2.202802584916274,1
8631,9.55455459704331,2.208632451563902,1
8632,9.53647023666523,2.196686337800486,1
8633,9.587604770800754,2.241181306557013,1
8634,9.577621191388648,2.2075855013503825,1
8635,9.580138665715332,2.2100213282197867,1
8636,9.576538510321319,2.2038120409160293,1
8637,9.637393959176041,2.222461697176939,1
8638,9.663322211325001,2.217888781525034,1
8639,9.664558858047352,2.2168165044491444,1
8640,9.715551263268159,2.2064735291455286,1
8641,9.722642103734321,2.2067709595730456,1
8642,9.692669164982005,2.237987708119169,1
8643,9.744519816566157,2.2272345741305317,1
8644,9.750320928434698,2.219179123999266,1
8645,9.769350282624677,2.225164260364997,1
8646,9.793267374570156,2.2025016557093573,1
8647,10.019770696772492,2.233624236819693,1
8648,10.052513135570353,2.240775134523769,1
8649,10.102665559380654,2.21144597662351,1
8650,10.060362100360159,2.201383693371798,1
8651,10.062391561792825,2.206798777682506,1
8652,10.109848463398125,2.205519015566008,1
8653,10.131210498607487,2.208959508645391,1
8654,10.113625331243552,2.2418901496995303,1
8655,10.194983938525167,2.229823163359901,1
8656,10.166971294412576,2.230319924960995,1
8657,10.230212341037268,2.2454539741270962,1
8658,10.686736946132795,2.231383187406017,1
8659,10.735351521472305,2.202738261800387,1
8660,10.781907078404009,2.2027930302532703,1
8661,10.75398609777653,2.2166730987262624,1
8662,10.776345027621208,2.229432656416737,1
8663,10.844986526435926,2.2413793509842668,1
8664,10.831715293229337,2.1979397518059027,1
8665,10.80378841845586,2.2104658776371124,1
8666,10.830784856285232,2.2194306720837242,1
8667,10.848936370007504,2.2165435847174577,1
8668,10.889007165313814,2.2015013486186126,1
8669,10.856151532698734,2.232310623112517,1
8670,10.893923001948137,2.222123607137282,1
8671,10.87344158541784,2.2045188862083345,1
8672,10.878633060493248,2.200158176100537,1
8673,10.881875044836567,2.241406458778844,1
8674,10.946912997494422,2.2429128125974875,1
8675,10.925155936018086,2.202734749264078,1
8676,10.944897846425697,2.231942055462865,1
8677,10.912369938770684,2.2250286757760827,1
8678,10.921413868773335,2.1926320120420875,1
8679,10.958303017652277,2.223044542578203,1
8680,10.980663251537308,2.1947168499859178,1
8681,10.975005423499622,2.2058758679449593,1
8682,11.009966626029215,2.239294083083933,1
8683,10.996578182760095,2.242879000770907,1
8684,10.994922071372665,2.2178406822283425,1
8685,11.014576101012473,2.2166109648798535,1
8686,11.053633852992828,2.2188538278860896,1
8687,11.026194578565928,2.216341403182711,1
8688,11.022646273320769,2.238046639058804,1
8689,11.058445100540114,2.2150882207605203,1
8690,11.0456111702787,2.1928029135864118,1
8691,11.097300662313184,2.245559068654547,1
8692,11.101971422575636,2.197261446727625,1
8693,11.090425249743493,2.2028818326488437,1
8694,11.100507337715323,2.2089942781733147,1
8695,11.116011452239594,2.243072293735477,1
8696,11.09683100405817,2.2137943068716326,1
8697,11.151913362330747,2.1985544297752053,1
8698,11.127971585720994,2.20990984801268,1
8699,11.146954168100699,2.2103897053917954,1
8700,11.135129903808142,2.2259267086541255,1
8701,11.144033251550967,2.2392551115900172,1
8702,11.12758177811698,2.2194472106758303,1
8703,11.21077094547308,2.2162277787013296,1
8704,11.209672040054816,2.2416420346439216,1
8705,11.18127548858297,2.2149330464973427,1
8706,11.22190987474427,2.233101061618343,1
8707,11.181618940522515,2.199539360620566,1
8708,11.19718722106772,2.224815571105998,1
8709,11.241327490719055,2.208275934312595,1
8710,11.248915471241585,2.197610963996712,1
8711,11.251192423148987,2.2251807522332085,1
8712,11.26592021116632,2.2454654660462987,1
8713,11.277237118656556,2.244534895765073,1
8714,11.30034495220365,2.200838173085562,1
8715,11.308305614451353,2.212294095832249,1
8716,11.313167213656316,2.2097104724921026,1
8717,11.329899918061443,2.2238172113109895,1
8718,11.307588181765624,2.218786707272678,1
8719,11.387398188491522,2.224733413055807,1
8720,11.381208477114203,2.2278966307263866,1
8721,11.35727462630644,2.211929022150216,1
8722,11.379747507917441,2.235634004105226,1
8723,11.373191597860107,2.22104396830005,1
8724,11.374830948472924,2.1997250297511224,1
8725,11.403786493096435,2.2336931346175404,1
8726,11.416858786402665,2.2330776733626374,1
8727,11.396259155858697,2.2056398683509033,1
8728,11.408235787883887,2.2446767729472032,1
8729,11.408709969575643,2.222797997707374,1
8730,11.407615200706628,2.2147075559549596,1
8731,11.463200389297237,2.234262406867277,1
8732,11.462826707056719,2.2107030317805694,1
8733,11.473367191967004,2.2099435088564685,1
8734,11.488132091280793,2.2251676851837856,1
8735,11.504649251521485,2.195363587691259,1
8736,11.581673378661804,2.2290211333622976,1
8737,11.57866475573275,2.2265715624705824,1
8738,11.570697152955749,2.2444068201941154,1
8739,11.616960428971842,2.200784815402214,1
8740,11.655322215049246,2.1955234378092494,1
8741,11.630837663394676,2.2193807574303532,1
8742,11.657364007592072,2.236307349727114,1
8743,11.607175521765841,2.19581867723321,1
8744,11.63282451610445,2.240391392482321,1
8745,11.67159835293782,2.242885878566214,1
8746,11.67326596068401,2.220178332129648,1
8747,11.6716990670817,2.2222158766558002,1
8748,11.665444820427616,2.195157867038692,1
8749,11.664242195452376,2.2299752008299905,1
8750,11.711481390951153,2.22960173350665,1
8751,11.751724825699052,2.2196545890237807,1
8752,11.771905546382097,2.2382386857458503,1
8753,11.790459904912133,2.2140657301369644,1
8754,11.861015613562374,2.1993578883271105,1
8755,11.855033407566468,2.2053503503401344,1
8756,11.912641069438166,2.1970467021610016,1
8757,11.903554110415369,2.2313792494839344,1
8758,11.945692987338807,2.216377027368667,1
8759,11.94428570319168,2.2068051916893343,1
8760,11.927917385841823,2.240647185367421,1
8761,11.990361127780536,2.2050872204754364,1
8762,11.999438547379917,2.2089456690990263,1
8763,8.004763966098814,2.2769974021121993,1
8764,8.006637148886705,2.2505812259171907,1
8765,8.047561141398347,2.2901734146079233,1
8766,8.060931739532863,2.290167661321714,1
8767,8.032910299616779,2.27900450370419,1
8768,8.062940887751328,2.292492599767936,1
8769,8.096739921823916,2.270109952782341,1
8770,8.123462407770052,2.2727670203981636,1
8771,8.07539004740224,2.259476131737706,1
8772,8.17545245897089,2.2942966731645864,1
8773,8.236138948552412,2.250423698139624,1
8774,8.333829905569617,2.2874207058697538,1
8775,8.336785992344625,2.2821014218491262,1
8776,8.393131036498708,2.2880386028965534,1
8777,8.436303767650868,2.299340611588965,1
8778,8.399334028548397,2.281165591114157,1
8779,8.462038186187993,2.2879006933757164,1
8780,8.484778370446119,2.2715800374102817,1
8781,8.471199800051831,2.2771232541757707,1
8782,8.545347524397467,2.2760167486579754,1
8783,8.503756294903846,2.2790300425271437,1
8784,8.523098628125153,2.2881086436965,1
8785,8.55917454940492,2.270459841947965,1
8786,8.56833264697243,2.2969034723522097,1
8787,8.599064508912827,2.2799498792539796,1
8788,8.606821551959452,2.2689993513263236,1
8789,8.643683001462618,2.2961294126946323,1
8790,8.647066734682666,2.2941397706601734,1
8791,8.615872473993253,2.2746349421162266,1
8792,8.714101475957637,2.2875182378779586,1
8793,8.668838433842394,2.2558103118830597,1
8794,8.753754197270885,2.2981436015047487,1
8795,8.76449082446851,2.247260185962489,1
8796,8.797018512368677,2.25134477535271,1
8797,8.876385066979234,2.2639645005386444,1
8798,8.848424943063549,2.287606299182179,1
8799,8.825222054160804,2.2476433209337903,1
8800,8.89114411420963,2.2766829743815715,1
8801,8.919156952107395,2.2591176977846934,1
8802,8.91901336376541,2.2716797724854403,1
8803,8.878348442377957,2.26443434674714,1
8804,8.950981270973221,2.28859659442581,1
8805,8.969995022764175,2.282514843622556,1
8806,8.955059385101038,2.289610425476821,1
8807,9.021743136620923,2.2737390578661887,1
8808,8.985262746536385,2.297907843128698,1
8809,9.0200662622308,2.2569236019204926,1
8810,9.080714178999084,2.250257878643224,1
8811,9.053124691137786,2.26058945602789,1
8812,9.083080351280572,2.2806410595553173,1
8813,9.108114085966118,2.2491521720269594,1
8814,9.14266522610732,2.252034004079761,1
8815,9.12882599119736,2.2530478022705966,1
8816,9.154093138638615,2.275630775952672,1
8817,9.153222805970675,2.272741736573515,1
8818,9.194242947674196,2.292343741067963,1
8819,9.200342241414699,2.2953224043236,1
8820,9.224003935190701,2.2669881496485726,1
8821,9.252937708514843,2.2810519883656837,1
8822,9.293996539759787,2.265699685899359,1
8823,9.339393462172316,2.2740860597555517,1
8824,9.517707271549252,2.2845914853484253,1
8825,9.468032611253284,2.2766553244403416,1
8826,9.54411444006583,2.2591279014189034,1
8827,9.561400148090772,2.260323720750179,1
8828,9.546184418818207,2.282684613442927,1
8829,9.541018688233091,2.2942657964596,1
8830,9.6209494907389,2.2886399297453566,1
8831,9.610507588901951,2.252804166390762,1
8832,9.607647221695464,2.287451275289217,1
8833,9.590589046584187,2.2584149960233675,1
8834,9.668468493658665,2.2642703685757666,1
8835,9.665837546365955,2.2543117501781667,1
8836,9.64198347540738,2.2832067654879165,1
8837,9.68171809715778,2.277333075139211,1
8838,9.730563837581599,2.273532946355445,1
8839,9.706213226565618,2.2513208370483455,1
8840,9.774786774499457,2.2626720110482563,1
8841,9.759827862892584,2.2704805527156506,1
8842,10.007734787528403,2.270071682263608,1
8843,10.082004798201348,2.2816838220256135,1
8844,10.100815217606982,2.2545235867351505,1
8845,10.058615331333373,2.247214107414552,1
8846,10.141750920996568,2.2926526472818765,1
8847,10.148069349291585,2.2811817086497057,1
8848,10.116376838263745,2.2962842098242255,1
8849,10.183457669265197,2.250966405393706,1
8850,10.18323192912685,2.295696021566918,1
8851,10.17848447672426,2.280975814793234,1
8852,10.236144538809624,2.282229382820807,1
8853,10.214639641284974,2.2472579733279114,1
8854,10.31621431477229,2.285835175337812,1
8855,10.713799499792861,2.25302965617919,1
8856,10.762363327769604,2.2986928764767143,1
8857,10.83271217791785,2.287396809726792,1
8858,10.8301919055033,2.2970753260079864,1
8859,10.814184968757553,2.2681437378908162,1
8860,10.833921279415609,2.2557154876865964,1
8861,10.838452929050494,2.2991408744264596,1
8862,10.863408951506463,2.2992452918298225,1
8863,10.892584236319415,2.2837437075810425,1
8864,10.90631851722484,2.2580819562298995,1
8865,10.879424824042701,2.297209774470684,1
8866,10.871852388006813,2.2526720486348872,1
8867,10.901351251298939,2.2969695204119636,1
8868,10.961757713585406,2.2475425956111006,1
8869,10.94737813778529,2.272316210409195,1
8870,10.955801654171664,2.2757512952910224,1
8871,10.92370871494004,2.2756502864627435,1
8872,10.92483775057633,2.2668167025030113,1
8873,10.913856517440928,2.272083062609805,1
8874,10.977312298805034,2.286719563816911,1
8875,10.971027145599887,2.28045061940529,1
8876,10.974525781312655,2.2926716682647603,1
8877,10.972922438226986,2.277441541301922,1
8878,10.984212445051709,2.2889281626153117,1
8879,11.009872403489014,2.281931017280127,1
8880,11.059612339321541,2.2898855920613057,1
8881,11.053671754778005,2.2489837552849923,1
8882,11.062502314040941,2.2644269224140845,1
8883,11.03260831214252,2.2870704463829705,1
8884,11.043783051597151,2.2796432795672485,1
8885,11.048223211838211,2.2760259287486813,1
8886,11.080527124767439,2.259020636649106,1
8887,11.10664700685755,2.2575288414345938,1
8888,11.080757939367246,2.2978817558237963,1
8889,11.09463609503177,2.25416652781359,1
8890,11.086392881186764,2.2517499326619763,1
8891,11.075489371439174,2.2867825200536833,1
8892,11.150631472788787,2.259289090827342,1
8893,11.16562687359078,2.2539775056828555,1
8894,11.154520412042958,2.2716138074713332,1
8895,11.160712245110199,2.265810400090193,1
8896,11.143342779951626,2.246687989805056,1
8897,11.143561418086557,2.2473744220245195,1
8898,11.225395527079778,2.266457855737996,1
8899,11.220364267041292,2.263357543657969,1
8900,11.228140608573963,2.276653546650263,1
8901,11.19886891272179,2.2526368485213957,1
8902,11.183030084140494,2.2678270508682328,1
8903,11.209216401192363,2.269287996915357,1
8904,11.26025841737589,2.2485955713013017,1
8905,11.267509782104613,2.279522630476165,1
8906,11.264465998168438,2.256723992341472,1
8907,11.272735422210204,2.2622295523007048,1
8908,11.258717025439637,2.276728840282806,1
8909,11.32239843670484,2.2759703398200526,1
8910,11.326983414264964,2.2606301749822095,1
8911,11.332012371895688,2.2991306427282705,1
8912,11.308795631154734,2.2472713097659778,1
8913,11.30818487187279,2.2664719207483195,1
8914,11.342349649385476,2.2642261748049584,1
8915,11.372633439050068,2.250298886084467,1
8916,11.363275891211984,2.2958296625228005,1
8917,11.356947724325542,2.287062382353634,1
8918,11.374267510545609,2.260221784198236,1
8919,11.369415695363328,2.2974448992951784,1
8920,11.440742417981134,2.253500956827711,1
8921,11.40380852077257,2.2484906721065725,1
8922,11.4372607775133,2.273051842931271,1
8923,11.420620048440203,2.2587717509170724,1
8924,11.409383145169208,2.2924417909788435,1
8925,11.434577848771136,2.2879679387110574,1
8926,11.487054612970308,2.247235213959762,1
8927,11.454094513946174,2.295820910932122,1
8928,11.492110890352876,2.283289783647659,1
8929,11.458550291449686,2.2674139806450895,1
8930,11.459016203843087,2.2600678922383683,1
8931,11.498330571435886,2.280166903597992,1
8932,11.549219886649217,2.2655567536327337,1
8933,11.541131902332939,2.293341792114581,1
8934,11.594858967673014,2.288242379401361,1
8935,11.567531515868179,2.265306293792362,1
8936,11.566724708363775,2.2695460140547783,1
8937,11.59644601645028,2.2957429000757763,1
8938,11.570389625053098,2.2665987148706526,1
8939,11.61837776405971,2.2515154118073877,1
8940,11.651046933232314,2.285207483017083,1
8941,11.635454093279888,2.2725559466516483,1
8942,11.653767093444937,2.273697432790381,1
8943,11.605020004001572,2.2894165563830198,1
8944,11.693751395204616,2.2534715649827732,1
8945,11.70220894954695,2.2572892320756495,1
8946,11.812785777119682,2.2804163562814135,1
8947,11.794324423295397,2.2788737692895746,1
8948,11.796438158310062,2.284280208348263,1
8949,11.845295212838812,2.289963948613881,1
8950,11.82512930137457,2.262122830517088,1
8951,11.8479305669048,2.276338876327029,1
8952,11.909653947408263,2.291931408691276,1
8953,11.874133694109714,2.2651587147826575,1
8954,11.87723701743995,2.2807557444943405,1
8955,11.905918888140647,2.288337701964619,1
8956,11.903766013075437,2.251338490711332,1
8957,11.956052772811615,2.2931342560372294,1
8958,11.946918998738212,2.269646468639169,1
8959,11.959199783856524,2.253018137141723,1
8960,11.928887316986813,2.291880766720088,1
8961,11.974362349066524,2.291048489593543,1
8962,11.979886154618338,2.2727169838412893,1
8963,8.073063943704692,2.301264461368858,1
8964,8.053900074708704,2.340767262666134,1
8965,8.085020369217368,2.3198521889288344,1
8966,8.099030379270843,2.325044010842047,1
8967,8.115968505285457,2.3253093431747462,1
8968,8.139875305314478,2.3096203998541234,1
8969,8.17989019487079,2.343813791315974,1
8970,8.218757744730926,2.302114116026329,1
8971,8.187411453551977,2.331885864137465,1
8972,8.27774962792667,2.3128568102708225,1
8973,8.313715584419478,2.301916539984886,1
8974,8.33173124792145,2.3179204954822623,1
8975,8.359185962885334,2.320994666351886,1
8976,8.34707366339229,2.307970062613209,1
8977,8.447335635869313,2.3100001883933747,1
8978,8.445964778491737,2.3525713066580325,1
8979,8.4546006343746,2.3115350957807976,1
8980,8.47828605005084,2.342104939869734,1
8981,8.46223771813069,2.309205825274826,1
8982,8.54636789208939,2.3219074670715276,1
8983,8.543670354008757,2.309241003807734,1
8984,8.525407019478031,2.345378493915373,1
8985,8.583346498636663,2.3035249542169716,1
8986,8.608534247985798,2.323456131403166,1
8987,8.580002593784629,2.3092811170224206,1
8988,8.599199293033294,2.3326981041361,1
8989,8.65378970412997,2.3043136924550547,1
8990,8.639548236320058,2.3338445292371146,1
8991,8.64364101514829,2.309703881727576,1
8992,8.685126879208124,2.347532583305529,1
8993,8.664909175751935,2.3367604343670836,1
8994,8.732002442509886,2.317544361519205,1
8995,8.725221781248639,2.3358718530508704,1
8996,8.79479969936547,2.3105686322771417,1
8997,8.80052596184116,2.3031305475409747,1
8998,8.846709761972807,2.3279803576523723,1
8999,8.826325809473538,2.318554353176786,1
9000,8.87357777222322,2.303186290455175,1
9001,8.883769648646421,2.325416262705322,1
9002,8.93007924154465,2.335588216008964,1
9003,8.928153647376392,2.315822375500889,1
9004,8.919560385317606,2.3295298022094375,1
9005,8.964273928048687,2.312456893855611,1
9006,8.948493297361317,2.30547941427284,1
9007,8.950563579680502,2.3263652727349458,1
9008,8.944676282757813,2.3458510540346547,1
9009,9.024272482143814,2.3506125519484637,1
9010,9.012674633078104,2.3305140806365823,1
9011,9.002112059948763,2.3019709233869525,1
9012,9.075157462293502,2.3240346845697903,1
9013,9.080187018375154,2.342286638428907,1
9014,9.041046190188858,2.3349194561565034,1
9015,9.139642859023901,2.304890344732887,1
9016,9.121131458797137,2.3197588148132975,1
9017,9.101897363186906,2.2998635412360033,1
9018,9.145473087908902,2.3010748095686506,1
9019,9.14554434423912,2.317349362231775,1
9020,9.170968895134454,2.3484941035091165,1
9021,9.245140493040932,2.3341799430403842,1
9022,9.220751972122363,2.3101546370575323,1
9023,9.284804620931814,2.3523311952231234,1
9024,9.488530791514869,2.3435270988855543,1
9025,9.565748484546429,2.3019062883334476,1
9026,9.529013085814604,2.310609128799213,1
9027,9.534883188669479,2.308454969666356,1
9028,9.538384656732902,2.320317187406173,1
9029,9.608649772375525,2.3164246041436476,1
9030,9.603977637276518,2.3196994507114552,1
9031,9.581181036754051,2.313739430811778,1
9032,9.580119604602363,2.310993839965696,1
9033,9.663943546508138,2.3449301436048553,1
9034,9.675646599376392,2.338332538455831,1
9035,9.62822461864713,2.3218815522959697,1
9036,9.721111972370805,2.3018124220239327,1
9037,9.721542677954181,2.3199915416940744,1
9038,9.697680475922576,2.300257433630082,1
9039,9.759622840489083,2.302488870110398,1
9040,9.750291525203183,2.3063703803762334,1
9041,10.038620064631184,2.309718199407087,1
9042,10.08532641620383,2.3171569313158193,1
9043,10.06099939972496,2.3456440686536766,1
9044,10.10482954812797,2.321091759854386,1
9045,10.136716017457521,2.3486592112079,1
9046,10.144155013280892,2.326979467184225,1
9047,10.132491660546426,2.342059633513617,1
9048,10.190187163195874,2.311843619848514,1
9049,10.21073421680603,2.3349198225710146,1
9050,10.229752784190113,2.349949153689315,1
9051,10.263458749603139,2.3194228708662314,1
9052,10.261030375162374,2.31794652879926,1
9053,10.283331720781183,2.345016448420027,1
9054,10.27108524947013,2.316616431517707,1
9055,10.318319409179054,2.304123344205125,1
9056,10.339078918136574,2.337866948443981,1
9057,10.370298764407554,2.3462811434970945,1
9058,10.405473697489954,2.3260534680718274,1
9059,10.83524923203078,2.3072570522639055,1
9060,10.814301775231806,2.3471982120770356,1
9061,10.864630496692849,2.316369400702741,1
9062,10.885026611824436,2.3053965078278695,1
9063,10.90838327621464,2.3344828684877266,1
9064,10.88145674757347,2.336337365202266,1
9065,10.858115311335899,2.3497784057817426,1
9066,10.935296777018724,2.3281498155045317,1
9067,10.960573265572823,2.329702065142794,1
9068,10.950345173583127,2.33422480530168,1
9069,10.952347368461439,2.3143004195233043,1
9070,10.912947793473434,2.336486393112085,1
9071,10.977843581399947,2.3490832572118787,1
9072,11.011141590287796,2.313555829698869,1
9073,11.011658537277103,2.3507843147964826,1
9074,11.015987972224702,2.3128515099184614,1
9075,10.987352642770361,2.3449106121068928,1
9076,11.039677053562821,2.322483283977382,1
9077,11.053437424308742,2.3511406924127094,1
9078,11.039911428611639,2.3245295416579257,1
9079,11.019841326320746,2.3412943417538408,1
9080,11.06765452274567,2.3002794632387067,1
9081,11.02329313744141,2.317743439879823,1
9082,11.106347420987564,2.3337898509137824,1
9083,11.109377406035224,2.327517397928639,1
9084,11.11535624338729,2.3164949889085467,1
9085,11.12274604090936,2.3089613831510465,1
9086,11.11418997039454,2.3224281787537793,1
9087,11.074223255845096,2.3261529909883674,1
9088,11.160435881611617,2.3259317932876336,1
9089,11.151357846992003,2.339978507955134,1
9090,11.156681994798824,2.3466343195657307,1
9091,11.167335753884029,2.3400489772274184,1
9092,11.167258033491592,2.31355255647956,1
9093,11.163183838152968,2.321596504778183,1
9094,11.226193944015659,2.3320354835915196,1
9095,11.213685162609584,2.3088403106456075,1
9096,11.195755169619256,2.3137767454624933,1
9097,11.178240894185729,2.3475162089703008,1
9098,11.216595235266487,2.3169068520161513,1
9099,11.182399636240717,2.3251110651626696,1
9100,11.242846382903782,2.337219821748633,1
9101,11.234727006902828,2.322162859576309,1
9102,11.27932079643535,2.3444965803316613,1
9103,11.263110245369447,2.326745421482178,1
9104,11.264310376884396,2.3146983466398994,1
9105,11.296597276087795,2.310415113246161,1
9106,11.311440075106479,2.347181456715729,1
9107,11.30925274352281,2.3139483516797,1
9108,11.32575646662799,2.3203999961345203,1
9109,11.28919448660128,2.3143866499720307,1
9110,11.342581812366989,2.303383767531699,1
9111,11.351679654272719,2.329289542149204,1
9112,11.350577807395739,2.345842372138809,1
9113,11.340232373222044,2.3383437023754086,1
9114,11.341891496090447,2.309739613326292,1
9115,11.376899813107716,2.323449213484807,1
9116,11.406469808975134,2.3429715482425837,1
9117,11.407875638873909,2.321665463264914,1
9118,11.421035961877973,2.3047428248749005,1
9119,11.403644626026889,2.3426371044688956,1
9120,11.401606456776861,2.333505028748573,1
9121,11.481499317809801,2.3229769392392012,1
9122,11.463517021467085,2.3311062274169516,1
9123,11.459285374358876,2.299697410067794,1
9124,11.4520408457529,2.336362135954245,1
9125,11.501294523856359,2.3314012596861096,1
9126,11.51064729240091,2.312235342072124,1
9127,11.543391971626434,2.300903061864874,1
9128,11.548134353756964,2.347610199035589,1
9129,11.499113962098189,2.311791352356759,1
9130,11.592752267193593,2.326619327513895,1
9131,11.558727969695965,2.3118214769515517,1
9132,11.566402654834219,2.3192770901840962,1
9133,11.561032353239144,2.3528670768097335,1
9134,11.587634302528844,2.323826746259348,1
9135,11.624863344373022,2.331472365837166,1
9136,11.618024715804243,2.3525261117883525,1
9137,11.640387837680576,2.332813757144405,1
9138,11.69680211312614,2.3384235470379955,1
9139,11.680230021643279,2.3158000892848025,1
9140,11.745712144241525,2.3001070343491223,1
9141,11.729832980680179,2.315443681442164,1
9142,11.757682086703394,2.32783879767477,1
9143,11.717835635798224,2.333667388263718,1
9144,11.797644189508903,2.335132952529121,1
9145,11.783684974976586,2.34667268237744,1
9146,11.786642343938137,2.347994439448659,1
9147,11.801398380110518,2.3066795544881953,1
9148,11.86835193604157,2.3159056244718266,1
9149,11.84241625995431,2.307613771174933,1
9150,11.827357469686673,2.337299744782285,1
9151,11.865700352408302,2.3447402419552836,1
9152,11.843353497603252,2.3343607951968117,1
9153,11.919479512453476,2.3205817757891785,1
9154,11.897788070484921,2.320184804619655,1
9155,11.901113137698125,2.338952595289365,1
9156,11.893193745711129,2.333706625009406,1
9157,11.883259505425622,2.30694353560669,1
9158,11.9316753176039,2.3238301213289505,1
9159,11.947845423413437,2.3102159193879546,1
9160,11.937982123106465,2.30399806427208,1
9161,11.934968232289192,2.3014979294904787,1
9162,11.939766411291735,2.3345262789785073,1
9163,11.957765906033256,2.3419225795076213,1
9164,11.991790277386881,2.299483820641143,1
9165,8.036708697679211,2.3716728535006406,1
9166,8.069842952148383,2.4031611187095328,1
9167,8.08001449852446,2.4015412427228418,1
9168,8.114553961257764,2.3600317762834515,1
9169,8.116955059821239,2.3739573974672226,1
9170,8.155573502436193,2.386049119069763,1
9171,8.128468365225553,2.3530601257787875,1
9172,8.175144164252753,2.3560693107597155,1
9173,8.21766403235198,2.399656244885064,1
9174,8.182379335842866,2.399916741127354,1
9175,8.267655099259228,2.361701969369728,1
9176,8.33405214444166,2.4028373266133265,1
9177,8.304787643178356,2.359578202694699,1
9178,8.34675961915822,2.3560751039534327,1
9179,8.443246742627725,2.4012110762504593,1
9180,8.414697365166472,2.3605125987306708,1
9181,8.450844754935172,2.3714360564553534,1
9182,8.499946458709964,2.404697756046101,1
9183,8.460391446140639,2.4022899277393917,1
9184,8.527461424915854,2.3908546531905457,1
9185,8.505163077802758,2.379100161802262,1
9186,8.54334384563643,2.353212434025463,1
9187,8.583597966417633,2.381490950647841,1
9188,8.558332239396885,2.365090387913021,1
9189,8.576776443091829,2.3661202449395566,1
9190,8.655222528005478,2.386839254581206,1
9191,8.64704313670324,2.391546187483911,1
9192,8.61044816478378,2.3712524673163204,1
9193,8.668960568692045,2.400772536372703,1
9194,8.708182053133468,2.3721601622031696,1
9195,8.769464284251802,2.3536566644337324,1
9196,8.754405159914771,2.396891280773986,1
9197,8.788762194679467,2.398830926302874,1
9198,8.843016224630901,2.385324487881026,1
9199,8.852728863519436,2.3629450439059796,1
9200,8.927138912746988,2.363420606673496,1
9201,8.918687189036786,2.3623459783252976,1
9202,8.903658267487478,2.3812332181031692,1
9203,8.931364342402466,2.360073164549055,1
9204,8.98297565359188,2.3807053980090225,1
9205,8.95574190894358,2.4047593681662494,1
9206,8.983712202479762,2.382053624342935,1
9207,9.00431719236197,2.3929494648350893,1
9208,9.017082408451458,2.3627935922037584,1
9209,9.00192394045997,2.3532235847724245,1
9210,9.082910094900788,2.382061349443594,1
9211,9.050130793279758,2.397517851919568,1
9212,9.08584330445701,2.403619614913165,1
9213,9.102922529286204,2.354078815015621,1
9214,9.099511297948034,2.3850795280232573,1
9215,9.093786839269594,2.4040374770632957,1
9216,9.167703612055028,2.3766698243235136,1
9217,9.166176198402702,2.395405442213293,1
9218,9.220113639970194,2.3878775243121892,1
9219,9.502858853727316,2.363155484255065,1
9220,9.542763596896215,2.40048740919694,1
9221,9.555124563898802,2.3635698869610784,1
9222,9.55961505358294,2.362214250536269,1
9223,9.576371183749313,2.362195483252857,1
9224,9.591025974481395,2.3598898235789134,1
9225,9.617072214088191,2.355006381143687,1
9226,9.667810603883797,2.368520098748258,1
9227,9.668184240809797,2.3622319521632353,1
9228,9.655515139026024,2.3988114598609642,1
9229,9.730892499036493,2.401786605886376,1
9230,9.721894071065844,2.3928366809922106,1
9231,9.729081187179098,2.3740075529903857,1
9232,9.679699758195037,2.378641330839551,1
9233,9.768017173937018,2.38652115548342,1
9234,9.75059097494698,2.372117169822828,1
9235,9.739924402698637,2.3619605616684813,1
9236,10.033406555875427,2.3923230855943194,1
9237,10.079118299807028,2.3769928614781537,1
9238,10.05968862417659,2.3972379597822666,1
9239,10.071683311179193,2.395741427322987,1
9240,10.111934026356332,2.3875603927344433,1
9241,10.123650530231156,2.360058971931062,1
9242,10.163539903386845,2.4006527740857893,1
9243,10.201801311875755,2.356239136261043,1
9244,10.26111646962752,2.387988670085237,1
9245,10.247153946729256,2.384750566603736,1
9246,10.257969446744685,2.3639808049395965,1
9247,10.292251132970353,2.3849142373851677,1
9248,10.270432425044463,2.353845586588739,1
9249,10.283284124995948,2.366343672682142,1
9250,10.329927650136648,2.3735491873185883,1
9251,10.326567923031147,2.405128866947955,1
9252,10.357200560928188,2.388986247532869,1
9253,10.411414116972757,2.3829052793977463,1
9254,10.41368837596416,2.3803232556095484,1
9255,10.384507903696052,2.3814615034696005,1
9256,10.454818766354572,2.399367798914066,1
9257,10.905850846118845,2.358681472563563,1
9258,10.890350934522504,2.3724920668926877,1
9259,10.960548394704798,2.3921899983371935,1
9260,10.957647244550154,2.357476005414298,1
9261,10.958810023474514,2.39364958989119,1
9262,11.009018284343753,2.3554678997201837,1
9263,10.993330713243694,2.4058910209905826,1
9264,11.00758727089212,2.3589177175971905,1
9265,11.04205869356989,2.3786921633140166,1
9266,11.025570448852188,2.3645575250517474,1
9267,11.019875980930665,2.3852267079552294,1
9268,11.044188064480291,2.375766934395721,1
9269,11.11856348643609,2.3608855390981756,1
9270,11.114393703572638,2.39371968938573,1
9271,11.074155437502816,2.3661160707832423,1
9272,11.107028176496048,2.3863472864992246,1
9273,11.117402704546077,2.3977748176514377,1
9274,11.088136819044056,2.3747703711613024,1
9275,11.16584620023467,2.3791691217346593,1
9276,11.134085266871072,2.3630832400975468,1
9277,11.163993449338403,2.3714120674442802,1
9278,11.140774378030937,2.402986299585236,1
9279,11.142879529723997,2.3792287684615108,1
9280,11.140811553504706,2.4015763518277886,1
9281,11.21583667922015,2.3778355091185093,1
9282,11.192713107564591,2.397191516595243,1
9283,11.200054137685221,2.360782566791358,1
9284,11.211350631956295,2.357288772243186,1
9285,11.189504391240625,2.3937679221802353,1
9286,11.21293610522785,2.389358055403108,1
9287,11.276070714110785,2.3600175839259325,1
9288,11.246087975819345,2.3547039066098825,1
9289,11.272561391792557,2.402099074881031,1
9290,11.27509231545162,2.398050492980577,1
9291,11.265951114619792,2.3876758428219325,1
9292,11.264190414499078,2.380886148377797,1
9293,11.321398208711308,2.366191926478033,1
9294,11.320443927102174,2.370542847689176,1
9295,11.292469140488937,2.392955423015883,1
9296,11.2856368604752,2.36556315458829,1
9297,11.304868207368115,2.404229441326882,1
9298,11.289527212964002,2.402012378737379,1
9299,11.354010016468543,2.3641594817677825,1
9300,11.372900071926,2.3897834906205255,1
9301,11.386590383121687,2.3574061560884605,1
9302,11.348559732226649,2.3738059804004,1
9303,11.384119718794723,2.3772300432468407,1
9304,11.391120101405832,2.3830514330052046,1
9305,11.406485235367589,2.3829031115888224,1
9306,11.435280898563928,2.39896796014535,1
9307,11.398719113611579,2.3957801166258186,1
9308,11.488928596963454,2.3673463547104023,1
9309,11.448389699157666,2.403038387888567,1
9310,11.451504429031239,2.3748172904890508,1
9311,11.458027754524904,2.381239891881218,1
9312,11.459160011120593,2.380515772971641,1
9313,11.536421568311711,2.3532362804616005,1
9314,11.53347143020838,2.364876739791995,1
9315,11.511510342411137,2.3898083204493576,1
9316,11.50188127520487,2.353735669056713,1
9317,11.559560943351341,2.403832897273488,1
9318,11.595217850124406,2.354290766084212,1
9319,11.556091694453924,2.372652864803726,1
9320,11.63896105773496,2.392987144465606,1
9321,11.649928292018517,2.379109855884422,1
9322,11.66018056993088,2.3638949381787264,1
9323,11.699249318613322,2.3937215455531557,1
9324,11.663475783815956,2.3667051846936484,1
9325,11.659926775231673,2.3621457930849123,1
9326,11.685950912788954,2.3954070115720634,1
9327,11.733434613015802,2.3974089920999395,1
9328,11.745887209625831,2.365488296811192,1
9329,11.761583249732274,2.3882713465137426,1
9330,11.72883217912387,2.365963507656617,1
9331,11.742536881827736,2.367642903437329,1
9332,11.800419402632716,2.3775542115633685,1
9333,11.79347260582645,2.391252358818739,1
9334,11.810560022743807,2.404223758828447,1
9335,11.787960036995985,2.4037127094504585,1
9336,11.78953846322207,2.361313421783303,1
9337,11.857473747093588,2.406171049266251,1
9338,11.8310551496696,2.3794479490557774,1
9339,11.844294486245767,2.392564539612018,1
9340,11.839399985835568,2.3993990207192555,1
9341,11.846894398167258,2.3884511190489914,1
9342,11.887188826896123,2.381308686015234,1
9343,11.913343987668581,2.3796804443989172,1
9344,11.900188901724105,2.396519526636688,1
9345,11.906708232959117,2.4005249256659447,1
9346,11.962598163373407,2.371610500577272,1
9347,11.962993971018792,2.4052264983056717,1
9348,11.959870731870513,2.362907663898116,1
9349,11.93425526186944,2.387365349666032,1
9350,8.011664677248993,2.4504328403266014,1
9351,8.028002712873043,2.409951512714552,1
9352,8.061843864807264,2.445416789482134,1
9353,8.082957572181035,2.4559035403425495,1
9354,8.089488833451009,2.4494418774667865,1
9355,8.180652158338875,2.4556830011229307,1
9356,8.205247611336752,2.449000584449832,1
9357,8.261743861967945,2.444529458036153,1
9358,8.33195071252951,2.4471126596278805,1
9359,8.380670391815741,2.436239891435136,1
9360,8.42354153512546,2.407088338101112,1
9361,8.403717988425047,2.4508897407781824,1
9362,8.485173081754949,2.4446092944417708,1
9363,8.497690281520839,2.4161405518624055,1
9364,8.535153762001986,2.4261671977114037,1
9365,8.5249707659203,2.458442538647607,1
9366,8.51452643636821,2.4083867417494087,1
9367,8.562930777700725,2.447634267118248,1
9368,8.556437326975686,2.423046680353423,1
9369,8.581365226869567,2.4414694370181738,1
9370,8.618984941467565,2.4456511860531482,1
9371,8.6192560062806,2.417518407235973,1
9372,8.662196703203255,2.419519848312553,1
9373,8.669527459762694,2.4519671527975433,1
9374,8.713674784103171,2.433316575194136,1
9375,8.678601617492065,2.431906152553227,1
9376,8.719086707465792,2.424631978069392,1
9377,8.750106010058499,2.434397727499478,1
9378,8.758170715244308,2.438325924987587,1
9379,8.798796047847437,2.432064382494369,1
9380,8.789802166933093,2.4587430163041697,1
9381,8.86901247257881,2.4557568515782005,1
9382,8.855957662102874,2.437648596810794,1
9383,8.90268640878808,2.4275674799933746,1
9384,8.885607449218877,2.4307506951331055,1
9385,8.955295149840296,2.4467530040556604,1
9386,8.948034606610076,2.416542371750882,1
9387,8.992105952116038,2.4325761653925064,1
9388,8.984708602529787,2.4544440086120645,1
9389,9.04309874008825,2.406459362778588,1
9390,9.088239632522589,2.4310203718665666,1
9391,9.046756164027554,2.4129489105054938,1
9392,9.093006779006627,2.4149847534385778,1
9393,9.100359327864565,2.4559658562299753,1
9394,9.121658533813143,2.4545100502416615,1
9395,9.192231710269066,2.456459327924806,1
9396,9.31583191069973,2.429213246060773,1
9397,9.393825793192937,2.4405982787324763,1
9398,9.418989145310505,2.4237212491744202,1
9399,9.496823952342247,2.4347479444400197,1
9400,9.47082120905714,2.4170670879728773,1
9401,9.533371581132563,2.4556186413871712,1
9402,9.566685947400883,2.4096903453557497,1
9403,9.580133700708336,2.435716466336873,1
9404,9.572803063139796,2.4278789672816012,1
9405,9.627659782985393,2.4425643200311216,1
9406,9.661211005909939,2.4081071583207545,1
9407,9.654042461205341,2.4565386263134448,1
9408,9.711029554056926,2.437511170402404,1
9409,9.693368114992744,2.418379314610352,1
9410,9.715254668968944,2.41098279672734,1
9411,9.732297106016905,2.450081280070065,1
9412,9.724205692851223,2.44439072061604,1
9413,9.77759944919218,2.4172904095756778,1
9414,9.743696552817594,2.4429309593463486,1
9415,9.764732678810807,2.427914013124312,1
9416,10.003126297316726,2.4452337353810925,1
9417,10.028506523531995,2.4090690354246047,1
9418,10.085029229050875,2.415734926416067,1
9419,10.056458371501902,2.439700619578775,1
9420,10.064292757882477,2.4369256172293126,1
9421,10.159703380172015,2.42584923050239,1
9422,10.110420763556451,2.4384480549917553,1
9423,10.16141694690924,2.4395210178248217,1
9424,10.160611835094704,2.4403965487076067,1
9425,10.232517446714212,2.427348129600061,1
9426,10.227330889498703,2.4334769519654404,1
9427,10.234131093802075,2.4190061994395538,1
9428,10.23484405619954,2.408135300620123,1
9429,10.271416871296962,2.457483279340787,1
9430,10.286256621793063,2.4244530652797844,1
9431,10.319289969158618,2.435648904387227,1
9432,10.346584257339023,2.4407834202105647,1
9433,10.34802785907568,2.438940070223445,1
9434,10.37735514011011,2.4173379640210197,1
9435,10.406631033722862,2.413895243761559,1
9436,10.397055887169266,2.446354632162977,1
9437,10.390355295838452,2.415189460236607,1
9438,10.469939920927187,2.4487121875780837,1
9439,10.439466708141703,2.4433381459419135,1
9440,10.443289926910587,2.4166594662318333,1
9441,10.487766521838042,2.4386330341592632,1
9442,10.969316129312858,2.4466980624797072,1
9443,11.000352331330406,2.4500479126398864,1
9444,11.032586217518178,2.442174710218754,1
9445,11.02737760541784,2.4538755492193207,1
9446,11.024736027311787,2.442470353694152,1
9447,11.106986798743351,2.424065001181163,1
9448,11.11546797701114,2.4331889759727785,1
9449,11.073881387399668,2.429355778944704,1
9450,11.122229838953622,2.4140137020705867,1
9451,11.145251757001823,2.4465363490942638,1
9452,11.165392307241733,2.4320720836454766,1
9453,11.151030691202765,2.419871115167929,1
9454,11.169442501632641,2.4305411450850234,1
9455,11.194846232686649,2.4075301934314677,1
9456,11.20267958187835,2.4111163286015915,1
9457,11.219762923295018,2.4298843137197865,1
9458,11.228551782874636,2.4386630072055007,1
9459,11.186046846642073,2.425444740493531,1
9460,11.238062568974122,2.4396709523949114,1
9461,11.246425885012082,2.418305234565678,1
9462,11.24096986483222,2.4396469140809858,1
9463,11.271295636661357,2.4245758665054065,1
9464,11.23598071059548,2.4222052241657765,1
9465,11.252631987249794,2.4285904323277654,1
9466,11.320152187733363,2.4446108151115844,1
9467,11.315094367634247,2.436470164129554,1
9468,11.315277076530666,2.4107491928508646,1
9469,11.30757948411801,2.4456963054160528,1
9470,11.308535030252612,2.4518491800945146,1
9471,11.308900522689273,2.435324354390307,1
9472,11.368642580482355,2.4184978886647315,1
9473,11.352323399313919,2.4226208486393808,1
9474,11.3470979660407,2.428214082041007,1
9475,11.36896332717307,2.4174962768769124,1
9476,11.435433257596344,2.441162505991053,1
9477,11.394145613750904,2.4171252311912164,1
9478,11.434817227617039,2.408957995433579,1
9479,11.419836789766117,2.419265153833372,1
9480,11.45371575054295,2.4597472916503027,1
9481,11.474783095090658,2.4499246837228217,1
9482,11.460953164965773,2.427927944352284,1
9483,11.466102974077275,2.449654980155659,1
9484,11.5411286998273,2.4212667792889087,1
9485,11.532133098875443,2.4089118843098727,1
9486,11.51769694185195,2.4149069912403123,1
9487,11.565215592284765,2.454241967416072,1
9488,11.627480069273775,2.456899090462386,1
9489,11.620436607734623,2.4426901646599,1
9490,11.632244822500907,2.4547235332034907,1
9491,11.612072097153002,2.445158230570938,1
9492,11.63710617471315,2.4168526768657848,1
9493,11.677971510883692,2.444701988952172,1
9494,11.69205944739213,2.4527472149884035,1
9495,11.66271948321776,2.431037529796988,1
9496,11.690872420809269,2.4418945145930904,1
9497,11.699651742774547,2.446210170966785,1
9498,11.669383041060522,2.437987008924264,1
9499,11.753167629714312,2.4140663184192372,1
9500,11.74147265194628,2.412830855516129,1
9501,11.761688820254978,2.422517092549848,1
9502,11.727220714596578,2.4335195433718626,1
9503,11.726436015522486,2.434050803394814,1
9504,11.805203439917863,2.4360050761201406,1
9505,11.797141995842873,2.4223305036420033,1
9506,11.814692704809726,2.4354657300954066,1
9507,11.813530768158813,2.4490659015069554,1
9508,11.781615426513241,2.412417654277505,1
9509,11.818742628911671,2.40860337377244,1
9510,11.858223643870684,2.431006519413854,1
9511,11.870100229579613,2.4143754702452482,1
9512,11.838930372102954,2.4191990792282874,1
9513,11.886469444058797,2.4175478402410895,1
9514,11.873751709706006,2.4181528218195103,1
9515,11.919055881688413,2.4553922422498533,1
9516,11.960668326658718,2.446973722161791,1
9517,11.94503873950593,2.4299476740416157,1
9518,11.927069981557585,2.447139796801419,1
9519,11.984054188828951,2.4196023805244673,1
9520,8.020686947389656,2.480712698908073,1
9521,8.02199536961265,2.476730743203134,1
9522,8.035969310895283,2.4962710521499307,1
9523,8.09675770151716,2.489390992538349,1
9524,8.160760542197844,2.4708588428608103,1
9525,8.190163889596949,2.4645656257489224,1
9526,8.21701071554063,2.4915255592946406,1
9527,8.27322759125696,2.4830961460401104,1
9528,8.319906176252218,2.473889121768902,1
9529,8.385049801888234,2.482207025879923,1
9530,8.378723893705983,2.4687591874529544,1
9531,8.44796816750749,2.5002583399130964,1
9532,8.482897929436712,2.485352489591108,1
9533,8.480768536790393,2.4814224237981315,1
9534,8.504508729143346,2.471021040069481,1
9535,8.549166683661522,2.4852159986491116,1
9536,8.534482732900576,2.501770007980773,1
9537,8.566160380867599,2.479090237452756,1
9538,8.601602283933516,2.4684691190388155,1
9539,8.598185384885692,2.5103709926064197,1
9540,8.631178039076502,2.490748774787624,1
9541,8.620030488715944,2.4759562791196807,1
9542,8.610152057144168,2.509585605833983,1
9543,8.61968344670767,2.509288782443734,1
9544,8.672131406259409,2.466302867126818,1
9545,8.687115415312368,2.4880079118822542,1
9546,8.70111304745404,2.476164220747349,1
9547,8.768447555403151,2.501544686793115,1
9548,8.732456422038808,2.5011471994469017,1
9549,8.740393670660653,2.496384866396448,1
9550,8.732782924312858,2.4916207172117777,1
9551,8.770181738762203,2.4900324737552255,1
9552,8.814484431588111,2.4695705385612245,1
9553,8.819200624389653,2.4665230870214323,1
9554,8.86199404194663,2.4811980567287124,1
9555,8.855486130920951,2.4838500143935547,1
9556,8.883554896945821,2.509120466173509,1
9557,8.891367963239826,2.48816296331024,1
9558,8.955109277197314,2.4924522111472713,1
9559,8.983602316574888,2.4975753731930435,1
9560,9.01013588788094,2.4870468579735614,1
9561,9.033457295737861,2.462886310285763,1
9562,9.057164770327693,2.4812947380064805,1
9563,9.072067469379082,2.487509251242473,1
9564,9.10671590345559,2.505294606320976,1
9565,9.101245132320507,2.4775442304215134,1
9566,9.159183517929149,2.480456800360915,1
9567,9.215488253374103,2.5043845831918348,1
9568,9.289501195795317,2.489438440871876,1
9569,9.352344514347083,2.4966734183470503,1
9570,9.318014928512952,2.472424314406969,1
9571,9.380836723049768,2.5013520160151748,1
9572,9.409095679230393,2.480312930871493,1
9573,9.436698565525822,2.5076486387740857,1
9574,9.45124258611109,2.482226427590419,1
9575,9.515822643211006,2.482439802454667,1
9576,9.510793085220977,2.4984867789620155,1
9577,9.513451587590769,2.4736269627770358,1
9578,9.556704790657509,2.4681552449996977,1
9579,9.549133723159606,2.505121752873862,1
9580,9.577154003052055,2.470090766931859,1
9581,9.574765289899997,2.497226005383661,1
9582,9.58738803055854,2.4686465020058628,1
9583,9.662804285412241,2.48567423929168,1
9584,9.635745955992439,2.4816027094014212,1
9585,9.641845943645901,2.484234771632953,1
9586,9.665824660393934,2.4967676856866987,1
9587,9.691801057162388,2.4732402770335016,1
9588,9.708105373856057,2.4685239146989466,1
9589,9.718189155842156,2.4876253022962413,1
9590,9.694233536826898,2.507474215549267,1
9591,9.719036374789857,2.479966534727428,1
9592,9.782723496700948,2.5076748793708292,1
9593,9.75118731339564,2.480580444734398,1
9594,9.784323901562697,2.480813531491294,1
9595,10.00866885505485,2.513187390911975,1
9596,10.017085944561504,2.4640658227221417,1
9597,10.06426037286226,2.486710706000621,1
9598,10.056047308025432,2.461324338494452,1
9599,10.072991640059819,2.4732379393676185,1
9600,10.119693513952072,2.5106980649546964,1
9601,10.14041248065058,2.491618659039158,1
9602,10.161857778075113,2.47703844341417,1
9603,10.207063493294969,2.479841412396704,1
9604,10.165327466072185,2.503794829099067,1
9605,10.22306992134908,2.47329445932305,1
9606,10.24144439311147,2.4674334592239857,1
9607,10.223382448529488,2.4871531025249896,1
9608,10.234796293413497,2.5046098260293155,1
9609,10.319070046123823,2.46199007495714,1
9610,10.269483257681207,2.470702567838241,1
9611,10.270743339959731,2.5124929319397764,1
9612,10.341782620740021,2.508113250730002,1
9613,10.337183842783691,2.463076956565345,1
9614,10.342552348485231,2.475277760403163,1
9615,10.417211396356727,2.5102361446291046,1
9616,10.380731233899214,2.465792428259327,1
9617,10.404654521564716,2.5104963569479946,1
9618,10.376960322077851,2.482655081030911,1
9619,10.471461817533044,2.5093953030740197,1
9620,10.461685648360369,2.488562908296742,1
9621,10.438570476085994,2.511582603055789,1
9622,10.445729659680476,2.4656264674038986,1
9623,10.52636509601207,2.4771720670276824,1
9624,10.511982764523829,2.4888810754158626,1
9625,10.541731586203932,2.4745331984970185,1
9626,11.017795877410588,2.489235371670809,1
9627,11.078997443015927,2.5086891999603296,1
9628,11.123899210024215,2.504539357779974,1
9629,11.150637579773239,2.4818248658471442,1
9630,11.17747361280221,2.5018462031748903,1
9631,11.213327668279137,2.4739045546206175,1
9632,11.206703310371983,2.483594692647938,1
9633,11.260788825988943,2.492990142691574,1
9634,11.252232049322279,2.4962910739357764,1
9635,11.270137673864214,2.4846764749136514,1
9636,11.267301670579103,2.4841578565225677,1
9637,11.297186462714496,2.469058077909304,1
9638,11.308081333790101,2.474871823104851,1
9639,11.332930985983749,2.507605225608091,1
9640,11.31044068085091,2.4883153996695753,1
9641,11.322846595120359,2.4721711918813507,1
9642,11.38011801757344,2.4848943067704115,1
9643,11.354825466791329,2.5070503154555004,1
9644,11.348945780079921,2.485223369797253,1
9645,11.365316690472495,2.4858856665947386,1
9646,11.338567073776877,2.4841755695796044,1
9647,11.41280503592332,2.474609635857226,1
9648,11.43724912495927,2.4744526517482655,1
9649,11.403587138960747,2.51267012779184,1
9650,11.412743815841546,2.4691402062150902,1
9651,11.462100473027325,2.480998700211274,1
9652,11.467356391991428,2.4794015291214664,1
9653,11.569063024832568,2.470361689632072,1
9654,11.587476485539286,2.487383335909513,1
9655,11.58306625560931,2.4873905919193624,1
9656,11.633207766298332,2.4769448420818376,1
9657,11.618027937306815,2.4938231998322937,1
9658,11.63741879465969,2.48285793761716,1
9659,11.631032696983684,2.474445384351466,1
9660,11.610481868664277,2.487127315098449,1
9661,11.689709381665468,2.478409958034057,1
9662,11.709700682921033,2.4751957643030225,1
9663,11.661346053046232,2.4993401244353177,1
9664,11.675728242557549,2.496586558379889,1
9665,11.759289289605167,2.473690751912582,1
9666,11.7501413802461,2.4945258525045304,1
9667,11.74925510145705,2.4654593685921173,1
9668,11.800734781021733,2.4711441879275684,1
9669,11.807759789300636,2.4792913324699413,1
9670,11.801621988730096,2.4662274618460844,1
9671,11.857756131604296,2.487955164679953,1
9672,11.821209315032236,2.4723188790204835,1
9673,11.863047503092087,2.470631449434084,1
9674,11.884220550598112,2.513251198114505,1
9675,11.895152735777442,2.4747775461086765,1
9676,11.88773609349419,2.5053926930699686,1
9677,11.94667879573925,2.5127240412316585,1
9678,11.952984401450207,2.4815715428443164,1
9679,11.938524382408797,2.4972275810386138,1
9680,8.020357661899771,2.525142889222091,1
9681,8.046625050665096,2.5227221259776043,1
9682,8.043503538045755,2.514303376016201,1
9683,8.109492054168209,2.534397458849844,1
9684,8.178392936532779,2.550731261282552,1
9685,8.19991667006217,2.529892020571636,1
9686,8.22313999731657,2.547434122885243,1
9687,8.243610194734607,2.5144359568608334,1
9688,8.28403442456981,2.5510615789394904,1
9689,8.306969890463268,2.5532950667094028,1
9690,8.340896323074658,2.5559437694488905,1
9691,8.34636199754232,2.525984721257763,1
9692,8.423117888935767,2.5167150576875046,1
9693,8.396460583322375,2.5509251328660865,1
9694,8.452357070238788,2.5169108358293846,1
9695,8.496876588107298,2.565023277508968,1
9696,8.544428517551223,2.5511944677594003,1
9697,8.53837438503585,2.5544935954359076,1
9698,8.561072171710475,2.513820509027258,1
9699,8.557584804285359,2.5620850272614804,1
9700,8.556784357970477,2.5161836876630965,1
9701,8.628800468212631,2.5327420675806196,1
9702,8.634955228394736,2.5373404195242135,1
9703,8.625921758729948,2.5236629378170923,1
9704,8.65860186575578,2.5389034488868996,1
9705,8.696246877081807,2.5154095444319298,1
9706,8.67885209970878,2.5300353407772147,1
9707,8.694013247360472,2.543051370746214,1
9708,8.676095088367022,2.526297653922118,1
9709,8.732614196560721,2.5295401478272397,1
9710,8.76741979532487,2.55600032965425,1
9711,8.75119487787442,2.5494909935960224,1
9712,8.757518393782426,2.5484970836248495,1
9713,8.782310153800799,2.531318147184751,1
9714,8.786942291112522,2.519317426708845,1
9715,8.812982697080038,2.516748968548161,1
9716,8.798370330829028,2.5428987774524328,1
9717,8.8599006197065,2.525699664169332,1
9718,8.831890943157264,2.514565780336169,1
9719,8.904418676417652,2.539107919386459,1
9720,8.979104306330441,2.5232014464529318,1
9721,8.947520630623178,2.5278378907899848,1
9722,8.99748624748375,2.5655872353840943,1
9723,9.048371717312788,2.5365485591058277,1
9724,9.128688930585158,2.536697593167302,1
9725,9.20726391697271,2.515403991379394,1
9726,9.28545021773392,2.540335071658464,1
9727,9.342638151504847,2.51745432790713,1
9728,9.321598950936773,2.5143434708092087,1
9729,9.37620042382653,2.5182124609797683,1
9730,9.388377072766767,2.523737405294944,1
9731,9.411396530756887,2.562399985879531,1
9732,9.428509705148237,2.5472188258535984,1
9733,9.440702124977118,2.5206291445513656,1
9734,9.44943200890248,2.530700758320132,1
9735,9.495961058466161,2.5648874442987286,1
9736,9.479348386627809,2.561041270825899,1
9737,9.470529393878602,2.551423831558452,1
9738,9.468188218718725,2.5142332117664794,1
9739,9.521515102236163,2.517179697340714,1
9740,9.56380848985053,2.5276537205647296,1
9741,9.56901024189985,2.560789518440964,1
9742,9.540516280526562,2.539448504646262,1
9743,9.594827455197777,2.514032374358977,1
9744,9.614993221069996,2.5494195089335916,1
9745,9.580147511159744,2.556039443749765,1
9746,9.643664219097115,2.5345858930478244,1
9747,9.672053767761005,2.5371859341232876,1
9748,9.659117443529542,2.560315312830846,1
9749,9.661110074262275,2.5627914654830946,1
9750,9.722295531738085,2.5350260917932244,1
9751,9.684615342715643,2.5651122325249305,1
9752,9.69655193699162,2.5322708873095974,1
9753,9.693769674271799,2.553032044257273,1
9754,9.730877976457167,2.534616555458197,1
9755,9.73477346995278,2.5407524912395933,1
9756,9.780197018285955,2.5517504716952972,1
9757,9.756985231495305,2.5230646999664437,1
9758,10.037566730468647,2.516748253487543,1
9759,10.031013641166396,2.5552174836878296,1
9760,10.082243331476732,2.5512339803117148,1
9761,10.081125554925139,2.5190555868607825,1
9762,10.091990639433185,2.5423034254382277,1
9763,10.11961225430229,2.5593861895298025,1
9764,10.133604700453185,2.518186760217297,1
9765,10.153933621059183,2.523158838549487,1
9766,10.210302537464603,2.5266274255698913,1
9767,10.183388787695796,2.5551314375984715,1
9768,10.188034503442353,2.5350579590787716,1
9769,10.230374490473954,2.549589567234496,1
9770,10.266001959789035,2.538806889429757,1
9771,10.262947981462146,2.532931430711294,1
9772,10.231978672221764,2.5179783768470116,1
9773,10.277413277914734,2.5561566750480877,1
9774,10.280635923678062,2.5389473679998016,1
9775,10.267685526490565,2.5509564442898847,1
9776,10.32461117251762,2.555036794789315,1
9777,10.334118318431225,2.552658339310779,1
9778,10.356109624226285,2.537931416251492,1
9779,10.356648292915885,2.557002610519763,1
9780,10.42174057543609,2.5571230460151635,1
9781,10.400159319498703,2.548625828593396,1
9782,10.413370790747878,2.562585326401367,1
9783,10.41292669722676,2.5315137448441147,1
9784,10.428749767999445,2.5248601630764536,1
9785,10.44849913467982,2.5608187921929773,1
9786,10.428855757248787,2.565467634949218,1
9787,10.518410377219517,2.522322137958159,1
9788,10.485563574425012,2.5457112515915936,1
9789,10.563492659528523,2.519299456792454,1
9790,10.539787677418959,2.538251100681823,1
9791,10.942965076862567,2.5203075376092086,1
9792,11.123303987164299,2.5360434562933163,1
9793,11.224862639925865,2.5281590604550868,1
9794,11.204006957868609,2.5253714323013967,1
9795,11.280426715418047,2.564743471521733,1
9796,11.273898363420765,2.5134054535750425,1
9797,11.327300686275445,2.5586585160475095,1
9798,11.284664788054014,2.530227904339864,1
9799,11.331898853976396,2.5478791178594182,1
9800,11.306332625400577,2.562782435500164,1
9801,11.38564107266288,2.5635084458723822,1
9802,11.354075126907507,2.523328685905317,1
9803,11.380272709866311,2.5221682319883283,1
9804,11.35416051240784,2.531800060821818,1
9805,11.373736567818371,2.548205122286281,1
9806,11.411182656588103,2.5608268036454263,1
9807,11.403394948901088,2.5347527509788152,1
9808,11.428091620792161,2.5552649984345104,1
9809,11.539227990000686,2.5526811412567927,1
9810,11.52536662313128,2.5532471889190047,1
9811,11.58788462919614,2.5613311044249296,1
9812,11.603872055336785,2.5143822262038436,1
9813,11.579691872500238,2.5503696685973187,1
9814,11.556225421031487,2.56040025038212,1
9815,11.616999387973374,2.5603173240338415,1
9816,11.62496734976475,2.536240440366594,1
9817,11.618871717680522,2.5512240954578718,1
9818,11.64268979387869,2.5498517119932402,1
9819,11.699838694571147,2.5635387293603604,1
9820,11.874646311906055,2.5570364688617393,1
9821,11.896847579537164,2.5147700648394307,1
9822,11.942839006323789,2.556928769849318,1
9823,11.938488112945846,2.555650406720637,1
9824,11.952905707752732,2.530196392587043,1
9825,11.927283907413141,2.566063887265288,1
9826,8.028985372997104,2.601457201283318,1
9827,8.093829830533798,2.5888489719488437,1
9828,8.088446029866027,2.5755178067346565,1
9829,8.155922533813118,2.585449536663327,1
9830,8.203298636118712,2.594696910645629,1
9831,8.250011146464926,2.576131234063653,1
9832,8.316141293296022,2.600185463351398,1
9833,8.30305165928448,2.576273082402311,1
9834,8.3793661397612,2.6193912384490834,1
9835,8.361707329998215,2.617043307211558,1
9836,8.417255349285556,2.5733604473401375,1
9837,8.4297549322827,2.6021848808095758,1
9838,8.479033412908091,2.609693247544113,1
9839,8.498146058967265,2.5760730569935437,1
9840,8.522012569487693,2.5815766699223204,1
9841,8.55205907280237,2.583966407062709,1
9842,8.535346025874675,2.586020067058272,1
9843,8.563844859192837,2.595189057134418,1
9844,8.579250158707165,2.5831522500752313,1
9845,8.582480886539084,2.5993804433661793,1
9846,8.61065403957136,2.597934077278889,1
9847,8.624155433201992,2.583296829942455,1
9848,8.63196374280349,2.5750259833877283,1
9849,8.610357883234204,2.571985205163864,1
9850,8.665563261348929,2.6040620120173035,1
9851,8.698155599256243,2.598931086648149,1
9852,8.708082465188053,2.6068657469498584,1
9853,8.755995126524375,2.587119906422285,1
9854,8.756425088445635,2.606722588052813,1
9855,8.751914778747059,2.5771754254424426,1
9856,8.794877895752387,2.576503870536955,1
9857,8.79911118456053,2.5709161732727366,1
9858,8.771637700180232,2.5847924198479775,1
9859,8.85093487200929,2.6198329103796616,1
9860,8.829046794805897,2.6099902620847097,1
9861,8.907617742728197,2.6174249961830043,1
9862,8.883847775434237,2.5968511074209766,1
9863,8.972464633927183,2.5718233762143656,1
9864,8.98141848795395,2.6089184647284354,1
9865,9.010029575601667,2.604564428767874,1
9866,9.077245782079485,2.5961977775799707,1
9867,9.095879294169283,2.608740084709905,1
9868,9.195800205273565,2.6000762263859016,1
9869,9.298100875932315,2.568578571259486,1
9870,9.349407936751367,2.5805588190507276,1
9871,9.322249112090082,2.5914457934919803,1
9872,9.37177470539589,2.6078917041585212,1
9873,9.405132304070488,2.595484992360773,1
9874,9.437681726459761,2.6001052685592065,1
9875,9.443418004172552,2.5855048458264287,1
9876,9.473800346806895,2.6156239589289556,1
9877,9.47899798123369,2.6047757121151545,1
9878,9.515897231488367,2.5977243335961706,1
9879,9.502715483826488,2.5962563693436693,1
9880,9.527891289176976,2.619085905839928,1
9881,9.557297954469202,2.5962435296491426,1
9882,9.562908582641702,2.5737598594721147,1
9883,9.556781338883926,2.599929319792714,1
9884,9.596373401376301,2.5711973926350233,1
9885,9.60893461369426,2.5963337255436283,1
9886,9.577732156793894,2.5713053819438363,1
9887,9.632150833190538,2.5823010206949855,1
9888,9.65189446962338,2.599153796735133,1
9889,9.635388936213278,2.5743488721394883,1
9890,9.702346117466742,2.5942191029527244,1
9891,9.694169975116814,2.5753755507716254,1
9892,9.710103729410228,2.603303795644938,1
9893,9.68115655335418,2.5900568025707327,1
9894,9.693453952310918,2.5694828664822364,1
9895,9.780825133304848,2.616965687117316,1
9896,9.76376677100764,2.599762927851183,1
9897,9.779741154551601,2.5687278754125504,1
9898,10.026882080248301,2.5947995483264075,1
9899,10.01021840384311,2.5900570357218586,1
9900,10.070732341210675,2.6037140980712343,1
9901,10.089355387793292,2.6027227965048185,1
9902,10.08892274749668,2.619279877903694,1
9903,10.14434206566544,2.5737040633263333,1
9904,10.15290799508554,2.593352788563121,1
9905,10.154588282657418,2.6143326740725326,1
9906,10.191695088016868,2.593508242790839,1
9907,10.209137316210251,2.5991450538738285,1
9908,10.173073342594698,2.583732900473236,1
9909,10.199226497345128,2.5905245098051357,1
9910,10.262671976340481,2.5708393401821557,1
9911,10.2489268867554,2.6095598555035466,1
9912,10.220776152939678,2.5997427668515636,1
9913,10.22032557170956,2.5675047263561566,1
9914,10.282277605449618,2.582372909007712,1
9915,10.314776199237476,2.613963583209072,1
9916,10.279243477899792,2.611451459078287,1
9917,10.283105551219055,2.577509959066983,1
9918,10.338481623564077,2.6199950502876104,1
9919,10.347565948059778,2.6126364082068774,1
9920,10.352386765317576,2.6056625606259,1
9921,10.341935994722897,2.5855952480920497,1
9922,10.421668418850212,2.6193888506721668,1
9923,10.388153578528586,2.6102138201246032,1
9924,10.416121207260263,2.6062650144698174,1
9925,10.447481372961894,2.569571845904727,1
9926,10.438752719224368,2.5976504269713008,1
9927,10.524077906726243,2.5728261119004117,1
9928,10.48960384709417,2.584762544302868,1
9929,10.542152264158405,2.5956722616373304,1
9930,10.562505117789472,2.5799692130682614,1
9931,10.712251249414319,2.6165201524667023,1
9932,10.797176518613284,2.6040138917290956,1
9933,11.186181974895174,2.5952871773477613,1
9934,11.246804670762142,2.6115999964999177,1
9935,11.2735411095225,2.614054021301161,1
9936,11.30357589451738,2.5867523554196254,1
9937,11.29139177082187,2.601539110607444,1
9938,11.370148932012775,2.576986034813157,1
9939,11.345808455859508,2.5901834752938626,1
9940,11.366703599193224,2.58683586215513,1
9941,11.424176068976198,2.580632880336037,1
9942,11.426284021516656,2.579159636561238,1
9943,11.480427167451008,2.5891425410936324,1
9944,11.491005549681876,2.5989538536434917,1
9945,11.482719246327475,2.608919783308449,1
9946,11.529757840648582,2.5858246985170483,1
9947,11.5128771891417,2.572575968131051,1
9948,11.537656941182567,2.5960405914487437,1
9949,11.510346674552455,2.610122930230107,1
9950,11.514268885362009,2.5797259627531974,1
9951,11.552310979634854,2.584768554316424,1
9952,11.570198673219918,2.5949898978607764,1
9953,11.567950779237895,2.575012397805578,1
9954,11.574051493569002,2.56970914907339,1
9955,11.599064106280471,2.5849012164962066,1
9956,11.617398108477733,2.611281134013023,1
9957,11.641211849659706,2.590912327183022,1
9958,11.649273787978034,2.617859909775735,1
9959,11.685112124664283,2.5810392208872566,1
9960,11.697325052087745,2.617985205125935,1
9961,11.68669203474839,2.5777930130912274,1
9962,11.760092980043112,2.6120546507175333,1
9963,11.751392690416397,2.568054951114731,1
9964,11.760866442959061,2.5907019283215327,1
9965,11.815800361504744,2.5771120558107827,1
9966,11.79151986069256,2.6086154484752,1
9967,11.77145121542839,2.6088303853941532,1
9968,11.825623801289998,2.6086878090305716,1
9969,11.843872148889767,2.5894991380840797,1
9970,11.87353297890014,2.6027465066967874,1
9971,11.95725265914468,2.5930696596304177,1
9972,11.958158088482326,2.6101268107354487,1
9973,8.075949675581052,2.6601023161161064,1
9974,8.128795478660473,2.668531194199972,1
9975,8.221872262952136,2.672192874419505,1
9976,8.25487786050566,2.6472090911746706,1
9977,8.29416268473651,2.657833876017647,1
9978,8.34022986822168,2.627525474199359,1
9979,8.348521255931441,2.667375585396898,1
9980,8.350037936017921,2.6332151826801034,1
9981,8.409653093514704,2.646335310238804,1
9982,8.431753542297576,2.6680075277920814,1
9983,8.48354327437568,2.6553806202955013,1
9984,8.480105471930814,2.62632297214565,1
9985,8.457139906023292,2.632061561814433,1
9986,8.511744159384113,2.6274758825179574,1
9987,8.516993847046024,2.668514443775885,1
9988,8.541133468684697,2.6629750361838216,1
9989,8.50759794293574,2.6449501592912776,1
9990,8.606553416217293,2.6213858832294035,1
9991,8.598714956020192,2.6352597396885074,1
9992,8.572300799950305,2.661892726199822,1
9993,8.629695571127607,2.6715238906618013,1
9994,8.617656917490239,2.6468965100939705,1
9995,8.653455553697276,2.640313447329241,1
9996,8.710720216431346,2.641041873964904,1
9997,8.690923787685012,2.6347875629937523,1
9998,8.707820385460607,2.6367282200452404,1
9999,8.766533274276146,2.6287855128536735,1
10000,8.743611929562425,2.6479831298130265,1
10001,8.737568509789394,2.628639533172021,1
10002,8.79868992663425,2.6204539236706323,1
10003,8.772001399531826,2.6405268854867288,1
10004,8.791132710925853,2.639989182937296,1
10005,8.844205209956824,2.6278366745041297,1
10006,8.85591082718587,2.6446863403214893,1
10007,8.910761228604665,2.621017402643856,1
10008,8.931782221378969,2.6617435475852362,1
10009,8.99253192099378,2.6315670916848033,1
10010,9.063660793838423,2.651441205977806,1
10011,9.118318256093765,2.640844533722493,1
10012,9.188438096451218,2.6572884223682163,1
10013,9.20386051366291,2.660540907611292,1
10014,9.26730574624655,2.6591436542591325,1
10015,9.341213168198552,2.64879491382989,1
10016,9.337255223663883,2.6695746270625187,1
10017,9.395840362030652,2.6387930546332394,1
10018,9.412154888914532,2.637948479261617,1
10019,9.444780412119568,2.6317351867407117,1
10020,9.43071068768977,2.631305054948209,1
10021,9.514310216309632,2.622210384611253,1
10022,9.47301377559176,2.660104786393626,1
10023,9.516624678866734,2.646640974225256,1
10024,9.477523678853052,2.629934677172954,1
10025,9.562902909124238,2.6694649194521656,1
10026,9.56364187382909,2.6673101179414993,1
10027,9.557368485073754,2.6247216222608816,1
10028,9.55000318454747,2.6635346035148233,1
10029,9.596880144749964,2.669998033011738,1
10030,9.609338884446057,2.6517221275853124,1
10031,9.61481315779539,2.6668133768694515,1
10032,9.667716104304384,2.6387406704992626,1
10033,9.657288521869622,2.6546155037258687,1
10034,9.662832992644462,2.625439980016448,1
10035,9.681400507233585,2.6271053810269556,1
10036,9.69869645263211,2.662848114015766,1
10037,9.689132231487086,2.6712679484136186,1
10038,9.69929767266613,2.6335506103023074,1
10039,9.723628711968269,2.6564497785140766,1
10040,9.758657144138995,2.6447522525938796,1
10041,9.746116492661079,2.6417986472047175,1
10042,9.74740806450868,2.6541982201154073,1
10043,10.043766628699267,2.6445062123989462,1
10044,10.017238052203503,2.660755665477015,1
10045,10.002608354827561,2.6520277892419566,1
10046,10.091955798776006,2.6262588264623354,1
10047,10.066082061781632,2.637165073094249,1
10048,10.065649275150658,2.661756051855943,1
10049,10.145861778061386,2.6284006539657643,1
10050,10.139300181393333,2.6679578279725353,1
10051,10.158520103539036,2.642909052133377,1
10052,10.184465245613639,2.638098465018989,1
10053,10.202626284346469,2.6581850699389435,1
10054,10.208815307247303,2.6396904065287354,1
10055,10.257917709444474,2.6503824309795565,1
10056,10.230485200684248,2.629718093308051,1
10057,10.232840299705957,2.6442552720246306,1
10058,10.218157501035458,2.6641153946667706,1
10059,10.309144489127107,2.6452745319456965,1
10060,10.316794084223682,2.6422483375644976,1
10061,10.31889050902539,2.6320505419882902,1
10062,10.32042050363018,2.6621426374694126,1
10063,10.324958898074028,2.668533084932635,1
10064,10.335347625497615,2.636339367860656,1
10065,10.359612088655568,2.6421209363959766,1
10066,10.363468585020719,2.626752688084247,1
10067,10.401073676118715,2.648687281217693,1
10068,10.413238539747978,2.6329751594544666,1
10069,10.41326275059293,2.6465596099527047,1
10070,10.455397702518166,2.653382197756396,1
10071,10.43431862490384,2.655463201392491,1
10072,10.45282558350562,2.639820890658181,1
10073,10.531273727514469,2.6400944197819802,1
10074,10.557144747742605,2.633026408310072,1
10075,10.576574368902444,2.6590258094447057,1
10076,10.632931974586276,2.654790318126082,1
10077,10.626614877009258,2.620365902468912,1
10078,10.683283705481887,2.6211712669639833,1
10079,10.660366144157413,2.6468693451650602,1
10080,10.716319243092377,2.6339813152852054,1
10081,10.734497836397397,2.66084884456365,1
10082,10.765760216122526,2.6292910802647405,1
10083,10.794841953213872,2.652944979918737,1
10084,10.78652884280026,2.660340180352334,1
10085,10.81575908982361,2.644208601949395,1
10086,10.813405266063327,2.6322249512558624,1
10087,10.85146554715439,2.668492235672012,1
10088,10.834320456400064,2.670558696057434,1
10089,10.89109809261215,2.6651094382766534,1
10090,10.89126085817779,2.6534676969043125,1
10091,10.862761907567638,2.6561927873709767,1
10092,10.895354830776899,2.6208418737547063,1
10093,10.86678411253562,2.6301236127839833,1
10094,10.931008711756348,2.6223650127057834,1
10095,10.924705636858608,2.6697215272851307,1
10096,11.270785887344148,2.6698727788371497,1
10097,11.324748874242314,2.664561786462992,1
10098,11.302835821519022,2.6709638761531975,1
10099,11.384533748308222,2.658698036061112,1
10100,11.435349225915417,2.668421513264861,1
10101,11.443701710890972,2.641544619304354,1
10102,11.489429967573242,2.652877593215734,1
10103,11.491754591521758,2.6369034648769683,1
10104,11.450423566742643,2.6731902788014197,1
10105,11.49396067107158,2.6711939024603457,1
10106,11.5002789461727,2.6326044208278576,1
10107,11.511485800658981,2.6392355135184986,1
10108,11.536486576684919,2.6618318629907964,1
10109,11.509707506774955,2.6447426509639786,1
10110,11.525682490580037,2.6427906687281255,1
10111,11.563877036415178,2.624250620180464,1
10112,11.559640490228842,2.6256102645124284,1
10113,11.60107263503535,2.6233820162035175,1
10114,11.589964762956606,2.6695856860115565,1
10115,11.626038245797194,2.6377454321114793,1
10116,11.618594029427602,2.6340765457234214,1
10117,11.619524731865674,2.652362535161424,1
10118,11.605500264458504,2.621901026454932,1
10119,11.692584596907984,2.6458502613326442,1
10120,11.66534963168176,2.641554875155607,1
10121,11.6684621250985,2.6230977506434563,1
10122,11.68764166399606,2.6369795196986736,1
10123,11.755190561130519,2.651623401691243,1
10124,11.750843550126818,2.6576774948198763,1
10125,11.722255820650481,2.6522882840698503,1
10126,11.763978005473332,2.6230734220631162,1
10127,11.786212499544048,2.6735052229564547,1
10128,11.778979269365514,2.645242690922967,1
10129,11.802885946693337,2.6362518353254765,1
10130,11.765346360437492,2.6670503292173775,1
10131,11.866726682701822,2.6416132959336,1
10132,11.867153889495434,2.644763416181365,1
10133,11.87117652614446,2.631568145560482,1
10134,11.915209042801191,2.633993515225572,1
10135,11.899730899394914,2.6594189014486123,1
10136,11.950624861808286,2.6412905331422887,1
10137,11.943315718731617,2.634362601914226,1
10138,11.986221269152969,2.645943084683859,1
10139,11.997559020697718,2.6417701394664506,1
10140,8.119869408205105,2.6739039566816882,1
10141,8.15716047316852,2.6766445525515317,1
10142,8.226444088583568,2.6738059034339816,1
10143,8.24891445293259,2.712125513218175,1
10144,8.32210197503541,2.70280506135806,1
10145,8.342775576537015,2.70088651190564,1
10146,8.37043304435305,2.700193634909276,1
10147,8.446680143555916,2.721057012941582,1
10148,8.410769392078166,2.7184563108429907,1
10149,8.47984737649726,2.7150553154788897,1
10150,8.467232514336471,2.705889712749614,1
10151,8.475814590313625,2.6763131784187313,1
10152,8.548254887490883,2.7182504142467527,1
10153,8.530282165599935,2.688459086783383,1
10154,8.553073980191154,2.691507302266709,1
10155,8.565588283872813,2.6940442106157305,1
10156,8.6036619681113,2.721912779359397,1
10157,8.597199241388982,2.7004189483644367,1
10158,8.621470564987279,2.682637845075055,1
10159,8.646897950759106,2.7097861378349597,1
10160,8.682607747716556,2.708595139072025,1
10161,8.70106388831847,2.6822576921545727,1
10162,8.712589691922743,2.696129296602939,1
10163,8.750211724140405,2.6956218562416083,1
10164,8.762880660228122,2.6758713655201123,1
10165,8.79572944890007,2.716067631004476,1
10166,8.813332451717542,2.7042069203617762,1
10167,8.839619719342265,2.6982343016375108,1
10168,8.895527172301868,2.7118084638487048,1
10169,8.951289181140064,2.71150139020457,1
10170,9.03556120309228,2.6964335785630045,1
10171,9.046013742909288,2.6758102803151833,1
10172,9.245324534728937,2.72424509668686,1
10173,9.30345581493626,2.7099943620793785,1
10174,9.31057905756666,2.6883811014323937,1
10175,9.37240628487544,2.692533543816471,1
10176,9.42322402860946,2.725340381264848,1
10177,9.45577248605768,2.6806346869085353,1
10178,9.45217528672669,2.7131489024175415,1
10179,9.485000690609748,2.714857990321551,1
10180,9.468878296811079,2.707385469294181,1
10181,9.51017922855454,2.674787281160228,1
10182,9.497924986591084,2.697849527115091,1
10183,9.570149667645683,2.722111617863723,1
10184,9.571183510699328,2.714149710229957,1
10185,9.524685622340149,2.681778553624423,1
10186,9.564872050000051,2.718900841294882,1
10187,9.620982606394673,2.723031806211086,1
10188,9.577050729636433,2.7100684573349443,1
10189,9.578734749249103,2.7149028770034547,1
10190,9.666289422910866,2.6889210030596895,1
10191,9.626455857831202,2.7237973670417386,1
10192,9.672757202427345,2.717831848662199,1
10193,9.708215108566508,2.6856738517196126,1
10194,9.72511502622908,2.712454380830183,1
10195,9.70431936053356,2.707905896260858,1
10196,9.732341936008519,2.7183554934021257,1
10197,9.740414416793609,2.6828144403479803,1
10198,9.771238600058272,2.694096798249504,1
10199,10.003281327852477,2.6986247722796537,1
10200,10.029869059839852,2.7134130665126177,1
10201,10.02336821250992,2.7003778157893534,1
10202,10.072494213881225,2.6933550043415755,1
10203,10.055276905379332,2.6963732727986525,1
10204,10.072410875060406,2.7266465368562938,1
10205,10.067530953486257,2.717837840697828,1
10206,10.157620045996765,2.7151263855881567,1
10207,10.15818157215455,2.710929646599926,1
10208,10.147840271015905,2.7062809623666313,1
10209,10.16380424898033,2.7206644109738285,1
10210,10.192074629895544,2.690775040059303,1
10211,10.195341366660344,2.7270869458606986,1
10212,10.214811977482873,2.6922296748468364,1
10213,10.242787560123222,2.7251186747250404,1
10214,10.266845763348588,2.677891209768126,1
10215,10.247800252874212,2.708436639640332,1
10216,10.289844531781437,2.6783705672117764,1
10217,10.281237845396108,2.721221658480914,1
10218,10.28357335835063,2.7227591477076007,1
10219,10.277015312410784,2.720180005222124,1
10220,10.284375236532846,2.719175791077142,1
10221,10.369438950706156,2.712095190392647,1
10222,10.326271976201335,2.7166102524697586,1
10223,10.324832116225034,2.6744669463958126,1
10224,10.38628465104058,2.7229629100306627,1
10225,10.389992840122527,2.6748114818992756,1
10226,10.416107670407364,2.701971853613398,1
10227,10.394140317036964,2.7103434770900696,1
10228,10.479692600876822,2.6908383386694363,1
10229,10.47168753196773,2.709735060078683,1
10230,10.473464824676888,2.68530793064009,1
10231,10.491684429723923,2.6811185672770623,1
10232,10.563533197011784,2.7199218836358092,1
10233,10.536478804858687,2.687853578532274,1
10234,10.60967208568457,2.706586485054425,1
10235,10.595916205849903,2.7255420961215555,1
10236,10.591124618834623,2.6903055887662677,1
10237,10.676338114970148,2.6913910090416415,1
10238,10.663664182298357,2.701431125368078,1
10239,10.650867573871311,2.7262386609077205,1
10240,10.706026549470396,2.7175663750212222,1
10241,10.73081889683461,2.7200435507193177,1
10242,10.771132824010113,2.68596714333961,1
10243,10.765408731481129,2.687874502802982,1
10244,10.752819655099573,2.6922970182731447,1
10245,10.763267930715426,2.7032807691809233,1
10246,10.807466899233829,2.7106666426723782,1
10247,10.855016328004767,2.6849363780155175,1
10248,10.80483498634006,2.7154997205879394,1
10249,10.846437035668224,2.686341936252858,1
10250,10.820494955601921,2.7255328851869294,1
10251,10.818274959569676,2.6828120999704987,1
10252,10.90904216495607,2.6943576542912586,1
10253,10.859796635258213,2.6917900982856175,1
10254,10.889742201759475,2.698551557529202,1
10255,10.857844123728201,2.6872309232208016,1
10256,10.904044377500465,2.711777225068633,1
10257,10.874207820365006,2.6930173651911495,1
10258,10.915232325406246,2.693673168905553,1
10259,10.953505430202247,2.699903267533632,1
10260,10.943389153906322,2.6842656367455255,1
10261,10.910250674194609,2.720643134751591,1
10262,10.91309135024093,2.68691508673217,1
10263,10.978277842880516,2.6807599567448537,1
10264,10.972938857683673,2.7023312146039666,1
10265,11.396998915415578,2.6864684445966605,1
10266,11.414742369927971,2.7094978229824735,1
10267,11.478622520830438,2.712889162558185,1
10268,11.482620896127594,2.7041653592505024,1
10269,11.47699803787622,2.7215590314627773,1
10270,11.538646082984265,2.7245905672954573,1
10271,11.524749957222319,2.683512271838647,1
10272,11.524795080698363,2.7001477705383112,1
10273,11.576492699296855,2.7147775873415276,1
10274,11.580963359950406,2.6909518095745013,1
10275,11.597220960115616,2.6956263927709987,1
10276,11.618751903046602,2.717733855756297,1
10277,11.642694844102703,2.7117530409758213,1
10278,11.629346337814098,2.694880341902553,1
10279,11.685629325853233,2.6809275394240752,1
10280,11.681890118267145,2.7204410989434056,1
10281,11.661761481222847,2.7114323782411796,1
10282,11.717895699666698,2.690834200678293,1
10283,11.742449456253896,2.6892542469564873,1
10284,11.747888679371137,2.717232314060669,1
10285,11.765339054789592,2.67504511969031,1
10286,11.808226483081864,2.676924621149813,1
10287,11.782145927957533,2.6983906442006234,1
10288,11.86564243965084,2.6755929418461797,1
10289,11.822743619609362,2.724806046848181,1
10290,11.85981604452623,2.698171840042183,1
10291,11.918798817640283,2.680071449779537,1
10292,11.897124684869043,2.679152162950702,1
10293,11.949726832613983,2.7257720382466184,1
10294,11.977364540985867,2.7244299509874566,1
10295,11.938814024128307,2.6949354094182767,1
10296,11.988568087818294,2.714381383097793,1
10297,8.06239691636478,2.754615362584281,1
10298,8.14375112169517,2.7286452918598143,1
10299,8.22439622840263,2.753738683410086,1
10300,8.255981081122348,2.7463288953174487,1
10301,8.257726478857727,2.760338628546114,1
10302,8.291752372186517,2.7540511718901,1
10303,8.307533906234282,2.7639835977161025,1
10304,8.348251109136806,2.766002249108981,1
10305,8.39303528956815,2.7706274359097707,1
10306,8.439048742941866,2.7732655345331745,1
10307,8.454728576588204,2.732463497798622,1
10308,8.500492268932716,2.7363764130206016,1
10309,8.517471058416861,2.751169834040975,1
10310,8.503415287344913,2.741240171144021,1
10311,8.589627870561019,2.7778393092151052,1
10312,8.643161208508559,2.7644457893044354,1
10313,8.700502658004817,2.7659079927996206,1
10314,8.75455939294513,2.7653863126908482,1
10315,8.888671664477815,2.778820311478528,1
10316,8.948803804069582,2.7805092049624722,1
10317,9.159110595657078,2.7602354335290173,1
10318,9.243503306293462,2.78016147672509,1
10319,9.288894709055466,2.7509302647229723,1
10320,9.307499137678352,2.764565554739214,1
10321,9.38053634830152,2.7366911045874307,1
10322,9.457444144299926,2.752126024266924,1
10323,9.430601081344673,2.7294280758176206,1
10324,9.464303881713588,2.77396615613962,1
10325,9.477146554197951,2.7713878501023914,1
10326,9.46678636276412,2.7739986178198515,1
10327,9.478249936830961,2.7403591429504366,1
10328,9.502765410778025,2.741876109735747,1
10329,9.543056940624703,2.7425998150582824,1
10330,9.562311501277565,2.7331924412568696,1
10331,9.57185070286571,2.7749617565650504,1
10332,9.551168106007832,2.7663508582583427,1
10333,9.61277914443462,2.7325542385988273,1
10334,9.579962201394233,2.747332777021719,1
10335,9.595561389505805,2.7376387611064557,1
10336,9.676928841302738,2.779765040078909,1
10337,9.625688329134405,2.7401044187231487,1
10338,9.655628745590482,2.7376409119770027,1
10339,9.716390477759504,2.7298897182289297,1
10340,9.722343871917797,2.728026750871221,1
10341,9.683211706463933,2.738776530128082,1
10342,9.686434938291027,2.779600201979822,1
10343,9.785195788053864,2.748085534323698,1
10344,9.736437059863574,2.733819688776763,1
10345,10.00424075577348,2.7718691795525854,1
10346,10.014656613596483,2.761333511378023,1
10347,10.015108220464134,2.74449629096184,1
10348,10.083870746302834,2.7502115923789594,1
10349,10.093054420991384,2.741120167579161,1
10350,10.089378980845986,2.7778459338092536,1
10351,10.08041169079391,2.7450227135260925,1
10352,10.128259041814964,2.769779804709472,1
10353,10.139119149103209,2.7515625055103348,1
10354,10.110772897335423,2.754770355458762,1
10355,10.207972938496262,2.7456710109192213,1
10356,10.170258768178696,2.777394006363762,1
10357,10.183487081093489,2.773098174791292,1
10358,10.25938151177737,2.7281313754842547,1
10359,10.254832450236103,2.7642727238640727,1
10360,10.249942570021917,2.7672735432290247,1
10361,10.234732918425813,2.7356073720024745,1
10362,10.295702363027159,2.7329116952597206,1
10363,10.288362233458354,2.778053258125152,1
10364,10.304807570104494,2.7324331802109545,1
10365,10.280891636181472,2.7652507122011865,1
10366,10.352348202447496,2.7423022173074774,1
10367,10.356008061420697,2.7325376662096286,1
10368,10.362688707949763,2.756711886587614,1
10369,10.394941344614441,2.7625377700409923,1
10370,10.404963567006625,2.7716934554559347,1
10371,10.394813542202478,2.7324147610325213,1
10372,10.435368417636758,2.7688903334792756,1
10373,10.472628816858284,2.73239798686538,1
10374,10.45990357159847,2.7716929459080255,1
10375,10.485624852060038,2.7290170531719786,1
10376,10.584582386492519,2.7620689359518296,1
10377,10.571121220234245,2.7340011528557766,1
10378,10.621053492161717,2.7638705708435727,1
10379,10.606408334331269,2.77033225415022,1
10380,10.591075015879662,2.771987557329811,1
10381,10.690992868402958,2.746928913032046,1
10382,10.666599252102701,2.742886729337485,1
10383,10.694344487776675,2.777006958456859,1
10384,10.701095604659285,2.768660926430056,1
10385,10.739602945511582,2.7794209288474723,1
10386,10.749936571352734,2.7512490326879684,1
10387,10.758025726775774,2.768254135738964,1
10388,10.784122022092784,2.7551879501067,1
10389,10.776968436905523,2.730409987406447,1
10390,10.777638487238669,2.7547846341126885,1
10391,10.808455971991417,2.7466158659029927,1
10392,10.806081740172196,2.736283269891834,1
10393,10.815117774826152,2.745653468011082,1
10394,10.835326246949226,2.7654189075014046,1
10395,10.80391380343692,2.742204922134772,1
10396,10.863459037290836,2.7625294115220482,1
10397,10.88474174920818,2.7402666598590106,1
10398,10.883257908665664,2.7423389520925743,1
10399,10.876952173203383,2.75689739884542,1
10400,10.87777526724244,2.7357827620299275,1
10401,10.882177739387442,2.770078663449357,1
10402,10.938545904191812,2.730422536381906,1
10403,10.926339165024412,2.7307376296855432,1
10404,10.933624270228337,2.7651230781223353,1
10405,10.955387678186344,2.7605615243759627,1
10406,10.940579931129184,2.730091343376531,1
10407,10.958767945612813,2.7290568745303068,1
10408,10.980526004356932,2.7580872532735965,1
10409,10.971884889646878,2.766497561588931,1
10410,10.97289435958653,2.771964365670728,1
10411,11.003125116161105,2.728659320645342,1
10412,10.968965218922433,2.7294277052275384,1
10413,11.033515319096635,2.77804315836539,1
10414,11.40536833834287,2.7393583980056775,1
10415,11.409961072502195,2.739929400626154,1
10416,11.450889503106103,2.761038093278211,1
10417,11.488865643532613,2.773394024280742,1
10418,11.687138283827434,2.7557726516043752,1
10419,11.739990206103275,2.7298421172673866,1
10420,11.792580010576124,2.7422622025426704,1
10421,11.842810014774718,2.74328757889021,1
10422,11.828050641773155,2.7425336539941774,1
10423,11.921184839821665,2.7357458527710086,1
10424,11.914088508096345,2.7311485451555044,1
10425,11.95999236816217,2.7279641927839315,1
10426,11.930933127517438,2.742176634098511,1
10427,11.94489820640828,2.739328806515217,1
10428,11.933389855798499,2.747659182420061,1
10429,11.98681711551239,2.750495549150025,1
10430,11.99337127451064,2.756979791015221,1
10431,11.998440133618356,2.7398544194244856,1
10432,8.022613700696029,2.813385025036042,1
10433,8.213596729514824,2.8141085535375776,1
10434,8.24445183825932,2.8056145050850554,1
10435,8.278458713078258,2.8131143566849377,1
10436,8.308183289123344,2.792274609089627,1
10437,8.311814182116926,2.794764477896841,1
10438,8.347624341474026,2.8079822878536174,1
10439,8.41289779437491,2.794037423855887,1
10440,8.457374975504441,2.7985946133650383,1
10441,8.528693164288809,2.794539606566441,1
10442,8.699835073564731,2.800447544386205,1
10443,8.716801880750925,2.8315748233332005,1
10444,9.096570071107697,2.7994078026996982,1
10445,9.174022584655736,2.7923776017010113,1
10446,9.190761304845905,2.8086123372938023,1
10447,9.210222221604598,2.8245246663783803,1
10448,9.220323433876304,2.792070305664061,1
10449,9.229427392171887,2.8019894605977056,1
10450,9.265303319099562,2.830011872745293,1
10451,9.30228077323541,2.816305900623205,1
10452,9.314186173291557,2.798885150217329,1
10453,9.398291243550739,2.7870881262914153,1
10454,9.370821675619709,2.815419418421407,1
10455,9.455745822853629,2.8192817601680846,1
10456,9.434325754634061,2.797409369177145,1
10457,9.453377262194286,2.781171005592656,1
10458,9.486605903314324,2.804423426405283,1
10459,9.48746259245761,2.8165620316656694,1
10460,9.510000276424414,2.8277810914205626,1
10461,9.489386821261503,2.8177587167056064,1
10462,9.536683104881822,2.8156202992496797,1
10463,9.519329253387857,2.804301983713708,1
10464,9.56813097447844,2.7809675682798005,1
10465,9.532237602111053,2.8309944636164492,1
10466,9.586588027759765,2.819044932897353,1
10467,9.596447610512831,2.7879632925048385,1
10468,9.598459507454193,2.7808925702700336,1
10469,9.649899991416179,2.8008174131415133,1
10470,9.644887741766208,2.825940726639623,1
10471,9.67070947118908,2.8242738136674133,1
10472,9.688061525129353,2.788096038487816,1
10473,9.723068764789147,2.7842771366221504,1
10474,9.727648108560258,2.8084751674852795,1
10475,9.72497408949339,2.8241744802496713,1
10476,9.780278475334416,2.8229386319120957,1
10477,9.74437420466454,2.7844529294181637,1
10478,9.751892092516425,2.791445517169306,1
10479,10.012741328322656,2.783006261362007,1
10480,10.096792117658294,2.83116651416857,1
10481,10.06569269479412,2.7873011474732077,1
10482,10.103614186960664,2.787365555708659,1
10483,10.15749022771098,2.82960540363481,1
10484,10.126888199001927,2.784488756643167,1
10485,10.143486788683093,2.8192756779928385,1
10486,10.136054268163367,2.824856114298132,1
10487,10.19377758048215,2.7883707535623268,1
10488,10.161822392333036,2.831076271286643,1
10489,10.20845188511826,2.825452858392346,1
10490,10.24607427142198,2.7914805915205285,1
10491,10.251697452854193,2.801317604287328,1
10492,10.248769772394272,2.788569858792685,1
10493,10.262376010935037,2.813038077959246,1
10494,10.30685288598537,2.8191672214574,1
10495,10.299648509620283,2.8268955040768615,1
10496,10.312964949323154,2.820941444890148,1
10497,10.313525528178932,2.7997840172791943,1
10498,10.334909660843493,2.832101568089855,1
10499,10.359417118973488,2.8239619595832504,1
10500,10.342851350039297,2.8235773624902287,1
10501,10.426710669633355,2.83347937854641,1
10502,10.410510297364942,2.796063862314996,1
10503,10.384924870210499,2.831475694285631,1
10504,10.43307291817255,2.795349761988925,1
10505,10.452359746400603,2.7901577603720016,1
10506,10.459986393662055,2.8254138872505523,1
10507,10.5287307287479,2.831130586326273,1
10508,10.571891060025306,2.804601750028552,1
10509,10.551964184923971,2.821899226137978,1
10510,10.601159718944814,2.832361023312517,1
10511,10.617896463064199,2.8273640277111802,1
10512,10.63022887531113,2.8281928773688403,1
10513,10.657081177234994,2.788471206645673,1
10514,10.677517086609534,2.8255610439107666,1
10515,10.655805341244212,2.793992218513857,1
10516,10.744720292014625,2.7966919759187308,1
10517,10.73766898708978,2.7878898135312538,1
10518,10.729804893456013,2.787575474706679,1
10519,10.76049745261457,2.7948201888403776,1
10520,10.767935607174572,2.78280275740579,1
10521,10.787722461316259,2.830175264833212,1
10522,10.801314389451225,2.7945436148253004,1
10523,10.78375624884349,2.811877439165184,1
10524,10.821819190304911,2.8009085649741174,1
10525,10.812467768261813,2.8020865454019317,1
10526,10.803607988847407,2.8052045166277817,1
10527,10.841680454365019,2.830454663291014,1
10528,10.810194017343418,2.799372287555882,1
10529,10.835946249030235,2.8244889445555943,1
10530,10.903735155927835,2.8005851498004892,1
10531,10.87271602010654,2.8110927966143247,1
10532,10.8727925060965,2.83363171940925,1
10533,10.878675222192605,2.7885960056995125,1
10534,10.884793204419212,2.794542414050574,1
10535,10.890381875399575,2.80983170579137,1
10536,10.96116573900928,2.830275095294929,1
10537,10.930739964989629,2.818817444888873,1
10538,10.92445210317198,2.825010816149913,1
10539,10.917772969643018,2.807051240956877,1
10540,10.934957412995683,2.8019782775874416,1
10541,10.930223395254949,2.7947761598935967,1
10542,10.977204467092236,2.7990249249878993,1
10543,10.998437918565656,2.8072576506044618,1
10544,10.984863390331524,2.823740749921476,1
10545,10.995762180791285,2.7919620477152023,1
10546,11.01496934364961,2.8122802946248586,1
10547,11.051656838991684,2.8003097953483045,1
10548,11.02614557656168,2.812026076635546,1
10549,11.053910589242092,2.7858447216840188,1
10550,11.12090427814712,2.8182284312935373,1
10551,11.08523563013112,2.807049738270435,1
10552,11.075371747256415,2.788883286384499,1
10553,11.142751676131466,2.7942442109355796,1
10554,11.173393259193617,2.787076877717761,1
10555,11.406108828678041,2.784679218358753,1
10556,11.436829458860101,2.797938552294615,1
10557,11.448553648272084,2.786877946512351,1
10558,11.455998308981336,2.8258014408719014,1
10559,11.475256444126794,2.7920324231015012,1
10560,11.494424072486973,2.8183369744543616,1
10561,11.517771667750967,2.81887136788109,1
10562,11.515643573232008,2.804967006143795,1
10563,11.539162973225789,2.7807689473238755,1
10564,11.591594182814317,2.7995578808075483,1
10565,11.552025284912627,2.785536961534277,1
10566,11.616824413060598,2.8184488219559225,1
10567,11.776283474897781,2.794255480424928,1
10568,11.84659670859756,2.781486259775734,1
10569,11.84768777556327,2.8095716825447803,1
10570,11.889390818835189,2.8171258515705944,1
10571,11.908282108519316,2.8009995522802362,1
10572,11.962562874512013,2.8084415461143135,1
10573,11.93339750728104,2.830853221895019,1
10574,11.927855269589076,2.812472472132056,1
10575,11.95804178880242,2.7969394950213466,1
10576,11.98435840684578,2.829187647566358,1
10577,11.99032740422295,2.7855851578198365,1
10578,8.315705846723537,2.8560021239797124,1
10579,8.307205684704142,2.836989304704534,1
10580,8.358197718822046,2.8811534769608156,1
10581,8.348377596546593,2.852908876938922,1
10582,8.348971732618743,2.8676371159156817,1
10583,8.415503757303293,2.85009776935329,1
10584,8.445495133145856,2.8755996758419506,1
10585,8.445020288026793,2.858647420406402,1
10586,8.483948378245056,2.851751201278126,1
10587,8.452723107824324,2.8870029208659607,1
10588,8.481602656647905,2.85179071407478,1
10589,8.523486304566003,2.854662675802523,1
10590,8.511819049714404,2.8372673150727796,1
10591,8.829417357009532,2.8740249356256706,1
10592,8.889133043102154,2.8618657480551097,1
10593,8.913436097284672,2.8785708296181647,1
10594,8.930796850825262,2.880355818433903,1
10595,8.949481248545615,2.882394088298681,1
10596,8.968133429975724,2.8789544346373668,1
10597,9.036603992130562,2.842686951718724,1
10598,8.988675627711487,2.850298470379731,1
10599,9.042788275922113,2.8674662724923854,1
10600,9.052602080428045,2.8814973557384795,1
10601,9.106278593238082,2.887504584467503,1
10602,9.130705097108736,2.8817397672839324,1
10603,9.108945829932232,2.85362809684986,1
10604,9.167272464118394,2.8460663845783474,1
10605,9.186661141345418,2.88156201978638,1
10606,9.166740749545847,2.8359332747049564,1
10607,9.208627162785696,2.840304925459849,1
10608,9.221035269615626,2.862637242815037,1
10609,9.237826959751557,2.8666591992521386,1
10610,9.279362271507837,2.8593321415532964,1
10611,9.29900564378373,2.8355116810143737,1
10612,9.264050847081668,2.8847152010775874,1
10613,9.354829671374537,2.8614259356213707,1
10614,9.342543185511836,2.8411020389448796,1
10615,9.385987487446071,2.8512286001097458,1
10616,9.388329233334535,2.842217767598046,1
10617,9.397073029605309,2.874511055338652,1
10618,9.441191786797622,2.8603830995537725,1
10619,9.430073343701538,2.838457235931687,1
10620,9.446778360870336,2.8848852737244868,1
10621,9.489534955588496,2.8734558076618284,1
10622,9.487128606028763,2.8706725687730676,1
10623,9.504427364026087,2.86701318144121,1
10624,9.553420138756321,2.864704351782961,1
10625,9.559577620124065,2.8669413718945207,1
10626,9.542743382451931,2.8508605824847613,1
10627,9.579132870614348,2.861349567828817,1
10628,9.577917972544041,2.8396099802483246,1
10629,9.626335654646699,2.8741524718390172,1
10630,9.671133719493032,2.8399601020482135,1
10631,9.706085730681549,2.8571816156229386,1
10632,9.731147028377464,2.8412369362090746,1
10633,9.686226750167288,2.849465108341273,1
10634,9.703365131727,2.8431550834665855,1
10635,9.771478402042904,2.851536171294013,1
10636,9.742836886493917,2.87417608417085,1
10637,9.751168401113341,2.8483269853234976,1
10638,10.079131381958398,2.876813700324534,1
10639,10.087062995630983,2.8662420399596007,1
10640,10.130056313479253,2.8786969365172306,1
10641,10.122486914110157,2.8708908145771064,1
10642,10.151625219625286,2.880604675070084,1
10643,10.211063613086075,2.8504603111032814,1
10644,10.16927824105595,2.853575162829138,1
10645,10.201904465344821,2.868013955713874,1
10646,10.217747309276579,2.863986921775939,1
10647,10.261023752215708,2.8644921343001473,1
10648,10.23728614810071,2.843460813003178,1
10649,10.281892782171498,2.860643476588428,1
10650,10.269128040434214,2.8712533586321074,1
10651,10.31326019318427,2.8642288558364633,1
10652,10.360199541734168,2.866167592011879,1
10653,10.339681906396848,2.8408845592929626,1
10654,10.358493601369021,2.835630815251864,1
10655,10.420392286069326,2.878228797240953,1
10656,10.398083397857535,2.846235347448121,1
10657,10.377112711496197,2.8443605931270928,1
10658,10.432315786368367,2.8440233064522107,1
10659,10.471315525830267,2.863734871500862,1
10660,10.428162676766974,2.882828507215575,1
10661,10.482688044128537,2.8780308883120846,1
10662,10.563798012048581,2.870253385922018,1
10663,10.587152694859231,2.8841018224540855,1
10664,10.636856680490576,2.8601383244839136,1
10665,10.634138193541958,2.8398907379582607,1
10666,10.65076859689315,2.8849757898377124,1
10667,10.659551257627626,2.838765236296525,1
10668,10.736349233982901,2.870127323856874,1
10669,10.73413318357903,2.8645023029265797,1
10670,10.78932566027968,2.8477106553941183,1
10671,10.774719874656444,2.8640738803676093,1
10672,10.75879681049715,2.880667069334475,1
10673,10.847786148935121,2.868252714337119,1
10674,10.802867908428414,2.84603069685391,1
10675,10.813846903984293,2.850874150402375,1
10676,10.806184488908324,2.8870514422951787,1
10677,10.854058483269219,2.836932761956629,1
10678,10.885800675976654,2.884636306714198,1
10679,10.896843324823339,2.8635878917382662,1
10680,10.858933413963564,2.8806404814621596,1
10681,10.865387706843322,2.874121911012059,1
10682,10.891376612808715,2.8409428185081325,1
10683,10.962126814103197,2.8830453699051453,1
10684,10.923549454510349,2.83953005020686,1
10685,10.93610933909718,2.856904628466166,1
10686,10.949605099620399,2.8858182077694203,1
10687,10.97223408220865,2.8633205050519326,1
10688,10.984110592751703,2.840260356002875,1
10689,11.011785943386556,2.857494629530811,1
10690,11.007314139374925,2.8819430039397957,1
10691,11.060694004332692,2.876811729816912,1
10692,11.05805889966714,2.8574850598623724,1
10693,11.04692214777537,2.8736425130655454,1
10694,11.029417442575438,2.8529850606066223,1
10695,11.017345520137635,2.851576461123583,1
10696,11.092781296768536,2.868772330111036,1
10697,11.109248323602635,2.8433108867153623,1
10698,11.089054939874764,2.8580569249315406,1
10699,11.075279763687261,2.84556529139878,1
10700,11.090330448146926,2.8593262585739696,1
10701,11.101170876771931,2.8754827305173856,1
10702,11.17452007796573,2.853162373501511,1
10703,11.123092117020992,2.87456578807622,1
10704,11.402386964364696,2.8544719160963243,1
10705,11.46626885176918,2.8660991357951477,1
10706,11.461290216842402,2.8810258167187484,1
10707,11.504613154452814,2.843211792587661,1
10708,11.536659372332917,2.851185083320714,1
10709,11.504053085099198,2.840988262235693,1
10710,11.538345949122968,2.885353536587391,1
10711,11.591716286017467,2.849787303985316,1
10712,11.602551786184844,2.8842871741774965,1
10713,11.562708036496677,2.859751995292985,1
10714,11.56991400596859,2.872290311388641,1
10715,11.640204960624327,2.8469353663365036,1
10716,11.642915820826373,2.8829496843540605,1
10717,11.60942738437176,2.8613733566842083,1
10718,11.707260432958307,2.884249977930374,1
10719,11.69976302632491,2.864110173242897,1
10720,11.679225172150776,2.8398124704955223,1
10721,11.744354197530159,2.8525688945097225,1
10722,11.739080846879126,2.8466347895963477,1
10723,11.782554627668434,2.8451968863965935,1
10724,11.826459374400685,2.8861108029131217,1
10725,11.848002400671316,2.8583232586091425,1
10726,11.897508640663723,2.8485864914964756,1
10727,11.951850709743,2.884146055421091,1
10728,11.937668872144172,2.8662776984956633,1
10729,11.932365711070421,2.8498318019722717,1
10730,8.1550870204635,2.903697842543195,1
10731,8.138076463481672,2.9258043175350856,1
10732,8.206834349935887,2.931248768325362,1
10733,8.212322219230549,2.8977369015101173,1
10734,8.215020168234568,2.921565888917023,1
10735,8.250435244951584,2.913912568496949,1
10736,8.236590194249413,2.8991558190199838,1
10737,8.345414050253998,2.900754916244146,1
10738,8.38850420311443,2.895540202105385,1
10739,8.424174518688496,2.8983284240533687,1
10740,8.446614242991869,2.9357603757478725,1
10741,8.443470384434983,2.920417161832415,1
10742,8.469627591727248,2.8877583669281695,1
10743,8.45725140046736,2.92701391441791,1
10744,8.457634238341987,2.9010133841399943,1
10745,8.555842256746823,2.8911987995981216,1
10746,8.506568037199113,2.9121221909484825,1
10747,8.568259785277013,2.9247197558600955,1
10748,8.654487845956632,2.9200216105334498,1
10749,8.671765793965964,2.9111426249407693,1
10750,8.709417935133153,2.8915564334298995,1
10751,8.769783528397255,2.913191300612924,1
10752,8.72938911793327,2.9205369750572654,1
10753,8.748916949733553,2.892908343363164,1
10754,8.796709176630126,2.9158668189043255,1
10755,8.79132112002965,2.9293070890661492,1
10756,8.797805131319263,2.8951945773969423,1
10757,8.831563786347335,2.8936514702211564,1
10758,8.826890621559631,2.9385635527304013,1
10759,8.863727357106377,2.9354174742320116,1
10760,8.908084162633942,2.9042944314078074,1
10761,8.908718660415726,2.9252645700872395,1
10762,8.88723512921192,2.9326830280315312,1
10763,8.917911718485875,2.9165436446049493,1
10764,8.971773820277463,2.898592240500377,1
10765,8.945415977624744,2.9367980007065198,1
10766,8.952667493554511,2.9239763713513325,1
10767,8.93695673001501,2.8933663359988566,1
10768,9.019663567677982,2.890154753602819,1
10769,9.010141350407967,2.91780899700227,1
10770,9.015629695466954,2.8907150184714703,1
10771,8.999395793698175,2.9389171866114476,1
10772,9.088120550092746,2.9106676387421313,1
10773,9.048070320838315,2.933091156349281,1
10774,9.05035616933106,2.915829561194291,1
10775,9.044058586711884,2.9179010642454495,1
10776,9.129987318490791,2.895923453691995,1
10777,9.14266881423157,2.904226435085109,1
10778,9.111145882533975,2.930635248766292,1
10779,9.196216316702973,2.9306382193473914,1
10780,9.168067333953333,2.9248315088543215,1
10781,9.162684754858974,2.914488134549707,1
10782,9.213614972833492,2.8911553140920185,1
10783,9.201113080991272,2.9331932517529746,1
10784,9.235773519626699,2.9404583006028866,1
10785,9.272509687977374,2.938169700366061,1
10786,9.28136369112008,2.9143949622036214,1
10787,9.25573026383053,2.9398887618560847,1
10788,9.340813292638144,2.8946392153088945,1
10789,9.330477428830546,2.9215938327388833,1
10790,9.313883326069723,2.9290294267176034,1
10791,9.397641254876334,2.8881002079086775,1
10792,9.401710744298581,2.8893155807064614,1
10793,9.37449473078166,2.9253417445262038,1
10794,9.463351005980313,2.894713193472305,1
10795,9.45942290475537,2.9166225774896364,1
10796,9.432428230016095,2.896786716723653,1
10797,9.492633521385184,2.8907572132650254,1
10798,9.493876058178579,2.8893281314176096,1
10799,9.516718467503066,2.9099160579099097,1
10800,9.549545190220792,2.89143249697475,1
10801,9.57212487642565,2.921357057294168,1
10802,9.522801052075275,2.9400086300475783,1
10803,9.616066714574787,2.915590589374787,1
10804,9.59166144143053,2.9131639745948332,1
10805,9.62612975310006,2.9332767170619585,1
10806,9.679080167386282,2.913681250993635,1
10807,9.698932427495718,2.905301426458169,1
10808,9.699345841565913,2.8909987799260186,1
10809,9.685102589801323,2.8933846991816585,1
10810,9.733383649744617,2.932481745523363,1
10811,9.77180115043716,2.9220268334618607,1
10812,10.061268916718538,2.908958143318174,1
10813,10.104194734310164,2.9275637279969815,1
10814,10.138182673575617,2.933107698750025,1
10815,10.12562484490037,2.9364327904031517,1
10816,10.109980201536786,2.908191125345372,1
10817,10.197197754299822,2.9287533246825013,1
10818,10.179954535213904,2.9311394947358376,1
10819,10.19207032455482,2.897070532734306,1
10820,10.256048685865986,2.9207691481723,1
10821,10.227115899248217,2.88875985920488,1
10822,10.244202758773643,2.9020115872995578,1
10823,10.301781507977898,2.9392565404201725,1
10824,10.306223536612729,2.917803080011132,1
10825,10.280751674685588,2.940225794576178,1
10826,10.357930597323385,2.9218898491783882,1
10827,10.35394244661145,2.916970383590732,1
10828,10.32560434647942,2.9093036658369646,1
10829,10.392822823412889,2.9150160166898282,1
10830,10.423833729593145,2.9279118161154267,1
10831,10.413917497114577,2.900683771583081,1
10832,10.441577793519317,2.9070402315462993,1
10833,10.433220426497973,2.9073581982540815,1
10834,10.529862107612706,2.9110443947277767,1
10835,10.54949167158733,2.9183891146034338,1
10836,10.63593014539671,2.8986319222397774,1
10837,10.625877355933884,2.896455294303207,1
10838,10.660785334869617,2.934441248082807,1
10839,10.681754032416222,2.8954914168839334,1
10840,10.697193737063179,2.9333964259198164,1
10841,10.701042034824326,2.9053368417680243,1
10842,10.771106010461224,2.907603441242968,1
10843,10.785802182365279,2.9034708332515353,1
10844,10.828498181651819,2.9389596991747253,1
10845,10.849498125058387,2.923289442571904,1
10846,10.831109079829096,2.922283173732827,1
10847,10.812962095019294,2.891480627023299,1
10848,10.84052545822365,2.9366035210216435,1
10849,10.859588356026375,2.8997769510706037,1
10850,10.88472129972156,2.926345902893192,1
10851,10.882747261055902,2.9113222636506007,1
10852,10.900176898922272,2.890049435208739,1
10853,10.868171728118888,2.9080926664370064,1
10854,10.953635088906358,2.9403153839760146,1
10855,10.925209763778883,2.9075945029396797,1
10856,10.948159691486119,2.9180062068755532,1
10857,10.91542927877831,2.9358741194016726,1
10858,10.980651388695824,2.9066894949509954,1
10859,10.986713077749702,2.9021104401995226,1
10860,10.986175739510491,2.9408604353378247,1
10861,10.967430542962166,2.9276258507853745,1
10862,11.048068331875838,2.932755653985769,1
10863,11.022890136063653,2.8979379877008804,1
10864,11.04120731777624,2.8995996542186515,1
10865,11.062487286723833,2.9386729829159264,1
10866,11.028836142393219,2.9361117493344038,1
10867,11.08177462264206,2.893631383094914,1
10868,11.107140053320025,2.9399384263221218,1
10869,11.100727041317908,2.8893578394996573,1
10870,11.108671073701563,2.936938159929305,1
10871,11.15265218068494,2.924566089959174,1
10872,11.134545977196556,2.9307711029993295,1
10873,11.17627750103297,2.89014916754674,1
10874,11.214196495946782,2.896045144738249,1
10875,11.217497633807433,2.890424572892609,1
10876,11.21716283485575,2.8953837549083765,1
10877,11.23144492993424,2.93079649101658,1
10878,11.530489381764244,2.8918101855326617,1
10879,11.541629774442992,2.889817729496694,1
10880,11.579986848668177,2.920460649780275,1
10881,11.552107550707747,2.9373382921844984,1
10882,11.556150501476145,2.918874511735247,1
10883,11.620001044690472,2.9133063169978457,1
10884,11.657120197757187,2.8985536411714414,1
10885,11.641810447348284,2.928407249929151,1
10886,11.676247620949818,2.8984731533330397,1
10887,11.70132352833668,2.9228623404910445,1
10888,11.664022882585568,2.9303238721358262,1
10889,11.738371624960594,2.9043995878199214,1
10890,11.743701803225902,2.9271625403571377,1
10891,11.715752955897397,2.919473400742401,1
10892,11.807287918614792,2.8954174297286523,1
10893,11.796296272062364,2.9259824854828262,1
10894,11.797621037068568,2.9191194689715445,1
10895,11.85055644524165,2.9373716220171735,1
10896,11.856646250643685,2.9330662619049814,1
10897,11.903256757248466,2.905981344140525,1
10898,11.916322189245319,2.9177371924654043,1
10899,11.954162648889195,2.912951374918561,1
10900,11.980746281150747,2.891781370933429,1
10901,8.067819618681932,2.959478548494523,1
10902,8.128765773142211,2.989383101148106,1
10903,8.180320905979446,2.964312063579062,1
10904,8.166379895837922,2.9885802165143978,1
10905,8.197495111507,2.9412478312306414,1
10906,8.225631961068476,2.9610642820542816,1
10907,8.231464091267448,2.966542256945659,1
10908,8.188031940527207,2.9596829499614077,1
10909,8.231547897435718,2.975255694336812,1
10910,8.272126434084479,2.9906060155798575,1
10911,8.26427873422494,2.967768814147193,1
10912,8.25339645311475,2.94970619730624,1
10913,8.258569539247304,2.9871560373997093,1
10914,8.257022402390847,2.9728408672341584,1
10915,8.339402236536559,2.9476603487059654,1
10916,8.31057900413672,2.972705422764365,1
10917,8.438890015950896,2.9845794479876293,1
10918,8.39882151569015,2.950629286776003,1
10919,8.467600463982937,2.962368255709643,1
10920,8.495589631534397,2.950413840483447,1
10921,8.548933757827193,2.9897408602676125,1
10922,8.555040136066022,2.9548123032258733,1
10923,8.6586674134695,2.9747025051020044,1
10924,8.649436050684722,2.9838436079658,1
10925,8.664689044084488,2.958523534401704,1
10926,8.704885304760106,2.960259622729717,1
10927,8.686126919225144,2.9836019754884884,1
10928,8.688202557105841,2.950703001688856,1
10929,8.760495108045092,2.95441417997281,1
10930,8.759981718539853,2.986443880563411,1
10931,8.76672764939851,2.9587749088671695,1
10932,8.747641990456962,2.9794630657977237,1
10933,8.773589805613186,2.985956431763116,1
10934,8.80275827921488,2.9414918138669273,1
10935,8.80207810767631,2.9487428066426586,1
10936,8.775628296353625,2.9426315330270927,1
10937,8.83712468104791,2.9656233986854725,1
10938,8.842643573599648,2.9827958768879133,1
10939,8.830465931254164,2.9438893006711906,1
10940,8.874746371712977,2.942538075843709,1
10941,8.872228200157023,2.949559531792478,1
10942,8.88149598673352,2.9772459604647277,1
10943,8.884099066545463,2.954579044727619,1
10944,8.919395862476943,2.9908141884296255,1
10945,8.908273268809426,2.947519441029674,1
10946,8.877239500743574,2.9930948547722385,1
10947,8.96943011247817,2.9784533493956635,1
10948,8.947262331964028,2.9608771034336323,1
10949,8.968866202156155,2.9817003156257327,1
10950,8.978670649590015,2.9704033357754835,1
10951,9.032965523710862,2.9415120321056594,1
10952,9.017370156839373,2.9682637562881276,1
10953,9.006491474277205,2.9813717800201616,1
10954,9.075217911852809,2.9498989429716187,1
10955,9.049136992269485,2.9609586505719014,1
10956,9.071111864453234,2.976284371249203,1
10957,9.098143865552357,2.9794710546741308,1
10958,9.131891645358362,2.9440368212927623,1
10959,9.103415968313149,2.9732688900516098,1
10960,9.179425619643641,2.9435669643330384,1
10961,9.154698015866508,2.99111368821992,1
10962,9.178111261021792,2.9812610784409292,1
10963,9.218308515157215,2.9590177754964047,1
10964,9.214596580915732,2.9597593909712003,1
10965,9.207882200051323,2.9728878561245504,1
10966,9.296491249503896,2.9895297570191453,1
10967,9.27416232593811,2.9413350792264414,1
10968,9.297992881873931,2.9448155865975507,1
10969,9.352512811877505,2.976966027668751,1
10970,9.352483455905732,2.981175817115968,1
10971,9.313176728663658,2.9509362371838277,1
10972,9.36998904815451,2.9452243700629728,1
10973,9.390301788368571,2.9726604576576485,1
10974,9.396003883760065,2.9604810723089683,1
10975,9.426152453576892,2.976480707428174,1
10976,9.445992119341895,2.975860393471632,1
10977,9.426478380150792,2.95226446180404,1
10978,9.492431166689308,2.960810640051215,1
10979,9.506293510344724,2.9719239914322033,1
10980,9.497814867142758,2.961555028003478,1
10981,9.542978356161214,2.9910283224349854,1
10982,9.54974887509535,2.9662808328869743,1
10983,9.571167062467165,2.94423851984942,1
10984,9.591986694600415,2.9562407729236546,1
10985,9.59597776579673,2.9569266297614374,1
10986,9.641977589533365,2.9916440684689265,1
10987,9.69386428437952,2.952670816724068,1
10988,9.685166424997107,2.972019702563424,1
10989,9.689074659864637,2.9671541757114097,1
10990,9.775564007865338,2.9740972498327958,1
10991,9.755703339876415,2.9750952782983444,1
10992,10.086818999870259,2.9830132233189257,1
10993,10.086921624968564,2.9573140341657926,1
10994,10.1391178236461,2.9908332726908267,1
10995,10.148077454866609,2.9713709259970496,1
10996,10.108200568122344,2.950523524490239,1
10997,10.204827337723009,2.954920708516217,1
10998,10.18056555734346,2.970761274241436,1
10999,10.182016144993145,2.9511652668622643,1
11000,10.225797558824876,2.9498806690386092,1
11001,10.215012430309933,2.9894401323895003,1
11002,10.266960543964954,2.961017662046299,1
11003,10.298489161682795,2.9944652893727635,1
11004,10.290086329199884,2.948083197861893,1
11005,10.282393114408872,2.959473677808471,1
11006,10.36655319996578,2.944956564030169,1
11007,10.32314419880433,2.9857488616841774,1
11008,10.348447443890654,2.963713664880834,1
11009,10.381689475540787,2.9785074216225462,1
11010,10.387052938415493,2.978593154794814,1
11011,10.408229945739526,2.943075865685545,1
11012,10.473960844891996,2.959229226847015,1
11013,10.433375496544222,2.954392795801101,1
11014,10.525490299255862,2.993645349177978,1
11015,10.5348178247085,2.99162826385319,1
11016,10.620748329711631,2.965009018730406,1
11017,10.650163559020607,2.9669634913248077,1
11018,10.677219165499203,2.968673457453283,1
11019,10.711656855657571,2.9615702695323782,1
11020,10.699604629129151,2.9635195806076036,1
11021,10.756677567597656,2.954193078053661,1
11022,10.750805774018128,2.9573602944575406,1
11023,10.768834031185472,2.9595511140913144,1
11024,10.84321019684011,2.95781939448124,1
11025,10.843038993080855,2.9656041123189927,1
11026,10.817418164685643,2.9639567983140522,1
11027,10.83239855839185,2.98390237218561,1
11028,10.854028749336402,2.951013661812843,1
11029,10.876584110761707,2.957574604023923,1
11030,10.886001907480317,2.966679515481467,1
11031,10.879479635426001,2.9752999207919832,1
11032,10.86380007925246,2.96329088963849,1
11033,10.86745020329972,2.9443141966270945,1
11034,10.890537976026327,2.94398420468465,1
11035,10.913183282805711,2.983670181627082,1
11036,10.934169099000208,2.9642372159185553,1
11037,10.933526691318674,2.9570517950988324,1
11038,10.937812224178437,2.9764862046430833,1
11039,10.93925664239856,2.9534819683558142,1
11040,10.965934069624065,2.954015375064152,1
11041,10.978195568047001,2.9514017977907807,1
11042,10.980405943828382,2.95638256432312,1
11043,10.975693651547658,2.960881892236735,1
11044,11.06647353528259,2.9443067216157974,1
11045,11.049141397341444,2.9945588791697055,1
11046,11.035078628110492,2.9631063102841,1
11047,11.163475179775332,2.970971081779624,1
11048,11.127709207718134,2.94887233985821,1
11049,11.169023717110218,2.985374718045402,1
11050,11.165128446762434,2.993676925625751,1
11051,11.179178213041522,2.97199016220847,1
11052,11.190154806922745,2.959708203263301,1
11053,11.182407083840342,2.993978625144672,1
11054,11.202229024990892,2.943229089367084,1
11055,11.182860675332439,2.993654475217668,1
11056,11.23898398653087,2.9853297817049573,1
11057,11.277985924681994,2.958462326644743,1
11058,11.23811551241876,2.945304555058524,1
11059,11.242248565591401,2.949426065689751,1
11060,11.328574155800368,2.9449092221916193,1
11061,11.683214039529368,2.954379829117791,1
11062,11.755893097683963,2.988942194724253,1
11063,11.727384086141004,2.988738036454105,1
11064,11.766789195895642,2.9637731120148847,1
11065,11.795863492310373,2.9874125782523,1
11066,11.857178332566988,2.9905157559675826,1
11067,11.826202630743262,2.9776770959391743,1
11068,11.850402344118377,2.9487164884544037,1
11069,11.899914993624252,2.985590311893959,1
11070,11.898625970312107,2.950780648471544,1
11071,11.877733931815,2.982393356873281,1
11072,11.944918938706188,2.9746153059185114,1
11073,11.966386165291048,2.9418989192558365,1
11074,8.013964149181163,3.04568477371948,1
11075,8.03213491655726,3.041402686040236,1
11076,8.037978234674613,3.0033971678039775,1
11077,8.110934325346198,3.0474241525029915,1
11078,8.160830235012694,3.038599521190091,1
11079,8.138914606356462,3.016379358486493,1
11080,8.185818022690823,3.0424452296296245,1
11081,8.195684404835829,3.009790066565695,1
11082,8.21280646108773,3.0233027139085764,1
11083,8.18352383688614,3.0334591663254455,1
11084,8.269560461960923,2.998387004499483,1
11085,8.262191885048777,3.030551661258718,1
11086,8.26418004355434,3.004204950210247,1
11087,8.270003629755426,3.029292887197493,1
11088,8.318307739456548,3.018186705365637,1
11089,8.32509303891754,3.0170023115599482,1
11090,8.308178809875074,3.0028812472366657,1
11091,8.342077884399012,3.015255735242189,1
11092,8.308431639690372,3.0085440104523657,1
11093,8.39025093811317,3.009819489912825,1
11094,8.360239321388846,3.013389242944514,1
11095,8.389522083235645,3.0010586188466033,1
11096,8.462837074243657,3.001118883953198,1
11097,8.54937103349959,3.039810036798202,1
11098,8.523349736750877,3.0420738888678596,1
11099,8.59174742173846,3.0056419751454833,1
11100,8.622643869476626,3.006223171826554,1
11101,8.629185043454791,3.030318824055388,1
11102,8.690051910580925,2.998752590894444,1
11103,8.69995025081012,3.026097595440672,1
11104,8.69332185567609,3.01004453843809,1
11105,8.70980977589696,3.006541300835073,1
11106,8.72233915021166,3.0149813042859184,1
11107,8.753747934727055,3.0179250921993064,1
11108,8.769150719968886,3.031659607664083,1
11109,8.73180783493703,3.0460340145058815,1
11110,8.805861712097617,3.0045239321782318,1
11111,8.774177920701625,2.997122253587889,1
11112,8.807650789013612,3.0151625691173023,1
11113,8.791849624963508,2.9950212703615446,1
11114,8.840680818995535,3.0221012151389925,1
11115,8.85799330664484,3.0067737279695064,1
11116,8.850316288598693,3.018018810960851,1
11117,8.865007958051985,2.9996058396427707,1
11118,8.89951246972995,3.0111605631189864,1
11119,8.887920639471742,3.024438281116101,1
11120,8.910859066757222,3.0134517695820806,1
11121,8.908803197584252,3.020998379542968,1
11122,8.931569946014326,3.0118098796305675,1
11123,8.969644567692322,3.0351859418233733,1
11124,8.96490198035016,3.00580933724235,1
11125,9.023913719579202,3.009024018337902,1
11126,8.995405672017263,2.994914638462773,1
11127,8.998276017870785,2.9962044566923054,1
11128,9.04719647958091,3.0084179089912504,1
11129,9.084511682624726,3.0417280710270047,1
11130,9.071586893421195,3.0052369865280006,1
11131,9.128652463424242,3.0190297255158365,1
11132,9.142750162983841,3.0344105414123037,1
11133,9.097923687069153,3.0125834806271286,1
11134,9.156895272781561,3.0169078061684225,1
11135,9.178649871219008,3.047948200330766,1
11136,9.167363449145547,3.027904482280162,1
11137,9.246439598987994,3.008770581371627,1
11138,9.25081347925559,3.03635927609781,1
11139,9.210062650188267,3.0402109169479883,1
11140,9.264981415470238,3.0297710834626757,1
11141,9.287276210098774,3.0403504964059462,1
11142,9.278419689831368,3.019346697092237,1
11143,9.254865246934882,3.028080823714003,1
11144,9.354674431583707,3.0440547729352216,1
11145,9.328287273626518,3.0358422507084972,1
11146,9.318112058027323,3.033434186932696,1
11147,9.329996171633121,3.0175032001688695,1
11148,9.38069811922261,3.026334761260517,1
11149,9.374205098261607,3.027180784470273,1
11150,9.386901505449872,3.0313360587382823,1
11151,9.39928907005937,3.0048475332739955,1
11152,9.437156454789104,3.0443163856714337,1
11153,9.412958734060203,3.012886099694252,1
11154,9.456993019813162,3.0468833983292094,1
11155,9.489181814133882,3.03014814787616,1
11156,9.46754110668251,3.010078022525605,1
11157,9.51451499368502,3.0061201748193387,1
11158,9.569030686334477,3.0265111918158962,1
11159,9.541109948534118,3.007882393543869,1
11160,9.561570781720455,3.041831319567834,1
11161,9.600295109594715,3.001655590087611,1
11162,9.616826468055914,3.0157491439231623,1
11163,9.590552361691147,3.047666777203291,1
11164,9.640340024373849,3.001827718486932,1
11165,9.633017462839806,3.0130255384236793,1
11166,9.646663275981009,3.04513006255553,1
11167,9.699079036898484,3.016897279723907,1
11168,9.724657943552248,2.9953465501115186,1
11169,9.71912141658439,3.0074131682923535,1
11170,9.693534976370811,3.005430247127942,1
11171,9.747132439068375,3.026986247529629,1
11172,9.74113149328098,3.011874799538821,1
11173,9.88942543300599,3.0462582462256305,1
11174,9.925730758261308,3.009368076379173,1
11175,10.038098960746103,2.9998292110502973,1
11176,10.093025751912272,3.0052542701463256,1
11177,10.059624403749792,3.0258358181424825,1
11178,10.057225381215348,3.021534800211158,1
11179,10.13165046356788,3.0211815942676394,1
11180,10.132591279341463,3.000347943361384,1
11181,10.156774029873693,3.0453397379305804,1
11182,10.191128412470638,2.99644487402138,1
11183,10.191881944470651,3.0422270253673367,1
11184,10.184876021160216,3.036609177373371,1
11185,10.258962258690968,2.9977001079072974,1
11186,10.2330534196132,3.0080510658539397,1
11187,10.24982822424033,3.0086043597131793,1
11188,10.226934011293823,3.004391453516745,1
11189,10.318551126215025,3.014892955167749,1
11190,10.271323898033803,2.9947486778106818,1
11191,10.307813299591288,3.022545499468869,1
11192,10.268003516593746,3.0338723705689716,1
11193,10.34806517319929,3.034426575721422,1
11194,10.342959647403617,3.010345502754684,1
11195,10.330294492516742,3.0340604088604657,1
11196,10.323320833117435,3.0011488398656074,1
11197,10.42232281106512,3.0176825659845687,1
11198,10.398622275354839,2.9979144965719837,1
11199,10.42287750019508,3.030641198150406,1
11200,10.463888282901584,3.009475494940552,1
11201,10.455934778434697,3.0105654942716007,1
11202,10.509401314875964,3.026223971961595,1
11203,10.540919120869123,3.0351709688067348,1
11204,10.545642590680115,3.0107785563343863,1
11205,10.63943428467253,3.039308779716268,1
11206,10.600958897033877,3.006887840728885,1
11207,10.643945461094306,3.0414250886729537,1
11208,10.661862186261514,3.046000563712812,1
11209,10.733188650381337,3.025467814634098,1
11210,10.720119329433565,3.0416137254012248,1
11211,10.796271079867457,3.03407518680173,1
11212,10.784162579441906,2.995657153466022,1
11213,10.753565882507802,3.004625874851977,1
11214,10.853654402365636,3.0053995870521404,1
11215,10.812953747248052,3.0043168253903803,1
11216,10.827500847150064,3.0129165465166547,1
11217,10.832394628621358,3.0404544581718262,1
11218,10.829779827505375,3.0016943709391852,1
11219,10.885469139410962,3.038942189193776,1
11220,10.862717456561079,3.0227098552262097,1
11221,10.881695885699337,3.0137252761353297,1
11222,10.884666141318306,3.0106911020086216,1
11223,10.874877704067123,3.033548694263645,1
11224,10.889444183875764,2.9998367929262284,1
11225,10.94568117705768,3.0129102758964423,1
11226,10.929744142984463,3.0367670695078135,1
11227,10.956922028508428,2.9980582331636443,1
11228,10.954334366902362,3.0335991127309208,1
11229,10.940912682249005,3.0013493959408852,1
11230,10.925102964196183,3.0185844881556627,1
11231,10.992731172749563,3.0251977519125157,1
11232,10.997397336642573,2.998402441714559,1
11233,10.975046063417242,3.045974589544952,1
11234,11.009161207403814,3.010504200890608,1
11235,11.106273833966124,3.0008349989974206,1
11236,11.109533988591627,3.043050228765701,1
11237,11.085597887326756,3.0093982262255645,1
11238,11.112372915476017,3.0371864828407333,1
11239,11.13344811937069,3.01176370156596,1
11240,11.130547513189526,3.0336053851023785,1
11241,11.176382028561509,3.0298393628609355,1
11242,11.143757584572034,3.0069436111490835,1
11243,11.168201732826786,3.0324816863962796,1
11244,11.178791024098398,3.03749396659816,1
11245,11.22374876365661,3.0060136379006215,1
11246,11.197080763973487,3.0240012789945645,1
11247,11.177377268215503,3.009801496323692,1
11248,11.19539851915594,3.0263069804025258,1
11249,11.215936089139975,3.000561477551364,1
11250,11.257742856096488,3.0389634827929166,1
11251,11.260680004521626,3.035869831014273,1
11252,11.250593661240702,3.008331257560866,1
11253,11.2828908204882,3.038894896579034,1
11254,11.24500716641156,3.0323394987140633,1
11255,11.286364515780724,3.0003562143386806,1
11256,11.317655058802979,3.0431116560784264,1
11257,11.30100835961643,2.9993692681114603,1
11258,11.28696034844045,3.036096605601811,1
11259,11.361009772536644,3.0055043226604625,1
11260,11.3522803965906,3.046386508301863,1
11261,11.37338670766043,2.99899643460009,1
11262,11.423816577671808,3.0136094996201988,1
11263,11.649754280576618,3.032598405420848,1
11264,11.695095428637043,2.9955933438660245,1
11265,11.758661681075484,3.0080257723445447,1
11266,11.774198362066269,3.0445614195835193,1
11267,11.779045545631334,3.002893590034467,1
11268,11.829829538196304,3.0198937236894428,1
11269,11.82786245158426,3.0239168593863988,1
11270,11.887233831429903,3.017988481873637,1
11271,11.905570290536177,3.0295021299796354,1
11272,11.879953228875465,2.9948330355001915,1
11273,11.932751953483919,3.0205439696399505,1
11274,11.941712057574328,3.001017243586288,1
11275,11.983811858865375,3.0295186904339664,1
11276,8.010967273884557,3.0603006537413893,1
11277,8.016778349938443,3.0613912407989385,1
11278,8.009731032741811,3.08894664878057,1
11279,8.068472926703432,3.065232469154421,1
11280,8.026295474460108,3.0745098518510487,1
11281,8.074256266114535,3.0818400207638588,1
11282,8.163755699915,3.050950717490446,1
11283,8.206263375773538,3.0701801286465917,1
11284,8.282946291467894,3.07591475827807,1
11285,8.266539683310375,3.067817873883562,1
11286,8.28972342749636,3.0728334769540186,1
11287,8.328817024326721,3.09771489855284,1
11288,8.299672029268832,3.096028769633478,1
11289,8.349133833895381,3.091917396268104,1
11290,8.385828453759629,3.085115198444667,1
11291,8.363178160170897,3.0910654488998324,1
11292,8.53399060472322,3.08695716665991,1
11293,8.542432394646262,3.0975831446777,1
11294,8.596968285419704,3.095133463655459,1
11295,8.568680093202548,3.0845400088298818,1
11296,8.624219888367458,3.05912401367905,1
11297,8.622955086512523,3.0801628323323538,1
11298,8.665643518000342,3.0683927315703334,1
11299,8.711873012630523,3.0762906604669378,1
11300,8.700150216213652,3.0765546709087173,1
11301,8.73044732129322,3.053340133653288,1
11302,8.761102929564778,3.0827615803744006,1
11303,8.767181398249736,3.093396372912002,1
11304,8.792727810808064,3.070264597557794,1
11305,8.815415621558568,3.060031684381729,1
11306,8.802633258035568,3.048518464922713,1
11307,8.849748311798903,3.0606442063833645,1
11308,8.85211129422294,3.0609879738601333,1
11309,8.868341789652211,3.0786932424414877,1
11310,8.887767125653607,3.079845181006172,1
11311,8.914021667387408,3.048584503798829,1
11312,8.944676280189036,3.079500543093963,1
11313,8.970180030458494,3.0667850385381334,1
11314,9.016042345874878,3.049489258377983,1
11315,9.003527953896365,3.0672985345405617,1
11316,9.023353509642387,3.086911424742917,1
11317,9.07923926334681,3.0773198399645714,1
11318,9.06943328921288,3.075370343793567,1
11319,9.090259609443363,3.0877909673831994,1
11320,9.09986489354099,3.0866604177638433,1
11321,9.136414787733647,3.094725937427403,1
11322,9.101459681702549,3.0800038838847272,1
11323,9.180580965479907,3.057108453596707,1
11324,9.188483920187517,3.0553528556527088,1
11325,9.167788440147342,3.1000247572383146,1
11326,9.205466988748482,3.061196788517443,1
11327,9.210584972801911,3.065963596227271,1
11328,9.203581952083512,3.079326790825453,1
11329,9.295449014495171,3.06507338700534,1
11330,9.266023291363602,3.0676672614749294,1
11331,9.256917024589324,3.0696664695700937,1
11332,9.354821778335946,3.0875697956251273,1
11333,9.340239171952488,3.0547785974035593,1
11334,9.330193650822327,3.0885828482953066,1
11335,9.393146782471225,3.090293999171983,1
11336,9.379631858716373,3.0852447452894878,1
11337,9.364935891068145,3.0535637603179526,1
11338,9.414137927730902,3.070128908158772,1
11339,9.445916262982879,3.0924784809864585,1
11340,9.44756455202576,3.053183643887852,1
11341,9.48613508847898,3.0558375065787384,1
11342,9.505538128928006,3.096099580843363,1
11343,9.466476103299604,3.0568749508444077,1
11344,9.564423051056245,3.061184372129519,1
11345,9.546101310872873,3.087217771693054,1
11346,9.531951701205937,3.0853742419668198,1
11347,9.597509642966628,3.09089485121257,1
11348,9.624022381268048,3.09031200694344,1
11349,9.582159355264533,3.0851957375403694,1
11350,9.57446081643765,3.0556136029050167,1
11351,9.662546682838638,3.0761321884265316,1
11352,9.67419023763496,3.0937383225590787,1
11353,9.638668494352332,3.055074405043369,1
11354,9.634308316799705,3.07091813513996,1
11355,9.681021036338024,3.0589859942669646,1
11356,9.711814946274336,3.0627262583447044,1
11357,9.731620000172509,3.0785633829510233,1
11358,9.701897289062881,3.0894087124561436,1
11359,9.749767809512417,3.070171404825761,1
11360,9.755722931384987,3.0951305737027517,1
11361,9.862513320683034,3.087013288893445,1
11362,9.845662132251238,3.0731913829689854,1
11363,9.904170532786939,3.0529917024416315,1
11364,9.941684950947288,3.052321861886067,1
11365,10.037704845435517,3.057874001587589,1
11366,10.07165261618409,3.077564553992474,1
11367,10.092963087942767,3.080381027467415,1
11368,10.06389153372607,3.054621864203935,1
11369,10.107690189352274,3.055472853306306,1
11370,10.124887983570991,3.0633119578436943,1
11371,10.141415013620872,3.093157847955667,1
11372,10.202091763927967,3.093003061800499,1
11373,10.191447449553214,3.0989912533205857,1
11374,10.265972632257753,3.0779394825941035,1
11375,10.231448587205806,3.075418953240328,1
11376,10.220034401560786,3.082269082442824,1
11377,10.318550310895887,3.0504091042541748,1
11378,10.271887600821904,3.0756079390449895,1
11379,10.320387747930157,3.0597788465237667,1
11380,10.301096149420232,3.051125604063162,1
11381,10.355728208901617,3.066997259717744,1
11382,10.371984774071633,3.075899686278257,1
11383,10.329692294635406,3.0509325023689176,1
11384,10.33460216625977,3.0483006317561663,1
11385,10.417253719092805,3.063205837939115,1
11386,10.416730931532088,3.078955989590591,1
11387,10.387724656941943,3.067645399281968,1
11388,10.432777967994765,3.060118139725589,1
11389,10.430351254100843,3.073261916259321,1
11390,10.495853373433322,3.098597412007657,1
11391,10.555813689560686,3.0517533340792453,1
11392,10.539582119997759,3.052650845909627,1
11393,10.630221548156728,3.0819329221461875,1
11394,10.640899648388515,3.0680844716449513,1
11395,10.68925669374273,3.096416824282317,1
11396,10.683049750202066,3.058094528316611,1
11397,10.735911358925396,3.0564966651584475,1
11398,10.724324676436781,3.0481504597730584,1
11399,10.76769726702619,3.0533551603989255,1
11400,10.800285469310733,3.0671521751719433,1
11401,10.77098148531357,3.0630439702534136,1
11402,10.820186723153105,3.093645524992885,1
11403,10.855316454440153,3.0853483152286096,1
11404,10.84702797243208,3.0509505187551675,1
11405,10.851502130105272,3.0811870464599163,1
11406,10.852435781080931,3.0550191289722823,1
11407,10.884386605364927,3.095846032557641,1
11408,10.871940431579294,3.0897773345943245,1
11409,10.864457415962235,3.0830478225705633,1
11410,10.868265482487068,3.08213192382189,1
11411,10.873776355818904,3.054895284671025,1
11412,10.869447959695968,3.072386272741987,1
11413,10.927683289197285,3.080764316453686,1
11414,10.941236190595458,3.061377563627231,1
11415,10.922633643986632,3.08576794115616,1
11416,10.920369987204529,3.0482579677426562,1
11417,10.91428974415375,3.0806286151526154,1
11418,11.011666728936232,3.054434507491109,1
11419,10.9949796130263,3.0805145969613252,1
11420,11.037243631942793,3.076125155615517,1
11421,11.05480790406658,3.0686692916508176,1
11422,11.077766600959992,3.0857626499527013,1
11423,11.098212194987715,3.082130186322929,1
11424,11.076376249460079,3.0488137633955135,1
11425,11.108220265270063,3.086129905353873,1
11426,11.142988941646696,3.0700891200712674,1
11427,11.167542535103653,3.078386722950055,1
11428,11.134251289401957,3.0834057706479863,1
11429,11.130401359441104,3.07251465244859,1
11430,11.164613301881776,3.0584298546978395,1
11431,11.20126982626096,3.066077834474455,1
11432,11.184007006876381,3.079137683696365,1
11433,11.212237672291666,3.0506053969535123,1
11434,11.209407483243456,3.0760309814502134,1
11435,11.229610460277573,3.0775758790359515,1
11436,11.248500318042028,3.088345110731326,1
11437,11.261640821131868,3.0626721754763278,1
11438,11.246406578121656,3.052980075351726,1
11439,11.276562772248672,3.0684959293238014,1
11440,11.274495966775833,3.0773235302967077,1
11441,11.236684069310135,3.063685618387589,1
11442,11.296474409700156,3.0996610788078875,1
11443,11.302902737368962,3.0637949774732784,1
11444,11.328738619799154,3.086728890933781,1
11445,11.328832716661362,3.0514943919646713,1
11446,11.3300973244484,3.088224075633089,1
11447,11.309718929552442,3.0782270210563074,1
11448,11.383501449780063,3.1004733217439147,1
11449,11.338056011202276,3.050239072208073,1
11450,11.359922425809996,3.081580475150282,1
11451,11.35702348070888,3.0880170307638304,1
11452,11.364016006909585,3.0507575815854544,1
11453,11.412772587206652,3.0563374502251115,1
11454,11.426861295864452,3.0768059146121485,1
11455,11.416469679836032,3.067599688415722,1
11456,11.407646937503985,3.0779755772942337,1
11457,11.488647869005145,3.0495464827656353,1
11458,11.474389710883711,3.0623145887271055,1
11459,11.468645690713357,3.077377765609717,1
11460,11.650118923615365,3.0866521271223726,1
11461,11.67379145650963,3.0986842722637604,1
11462,11.755323816499144,3.0780690610310244,1
11463,11.71268740150648,3.054601444251554,1
11464,11.810720657200426,3.084829293217191,1
11465,11.787751706864583,3.093234117793571,1
11466,11.841757345863847,3.0757342517241897,1
11467,11.823934305622592,3.0596429982649194,1
11468,11.92491930606095,3.0937401039397283,1
11469,11.914860169088561,3.0838670934023766,1
11470,11.96268211320738,3.051309743825014,1
11471,11.988203460561827,3.0893550077607146,1
11472,8.05715580275303,3.108977811403769,1
11473,8.065153409654936,3.144023205769487,1
11474,8.181262653332988,3.1378034247477102,1
11475,8.212917837417825,3.1024237354517132,1
11476,8.24031885080742,3.1466196144178182,1
11477,8.302169505104732,3.1154224863769007,1
11478,8.35616869423961,3.143264022806821,1
11479,8.425245356619,3.1459924581461403,1
11480,8.562211245646976,3.147449094571376,1
11481,8.56276479631096,3.1365134197732023,1
11482,8.619183057605666,3.128245092164187,1
11483,8.66139220428427,3.150025046340954,1
11484,8.71250163050592,3.133886275702954,1
11485,8.691745136943396,3.134211648665212,1
11486,8.672483203141882,3.1248133287842954,1
11487,8.720631570722043,3.1209283114040045,1
11488,8.726484903049737,3.130539725917274,1
11489,8.75881453536507,3.1332200580253686,1
11490,8.78425851936715,3.102811425630226,1
11491,8.772706514191857,3.128144585333276,1
11492,8.774497845045879,3.12171370635409,1
11493,8.873112714133821,3.153420137793994,1
11494,8.85641114840089,3.148268285997528,1
11495,8.903239431069997,3.1386298991473622,1
11496,8.902230983324179,3.131040806444677,1
11497,8.977744902904004,3.1423770577152808,1
11498,8.975788151945459,3.1163819349464377,1
11499,9.000914892707916,3.1033424948981523,1
11500,9.006607389127923,3.120810687276619,1
11501,9.026447512925998,3.145605296782818,1
11502,9.065050891788033,3.103853244322036,1
11503,9.082783378559933,3.1029406232127843,1
11504,9.054601591169838,3.1475143763497377,1
11505,9.13993102656209,3.1360691505458953,1
11506,9.099756806773563,3.143953480962624,1
11507,9.121993467438605,3.1401428307178176,1
11508,9.177475182187363,3.15334339986918,1
11509,9.158515531061006,3.1278202474399404,1
11510,9.177070568274893,3.1235565036258395,1
11511,9.155172885833604,3.141915013048088,1
11512,9.239329672894828,3.111699378360384,1
11513,9.237740890923519,3.1206498404630127,1
11514,9.211239308057728,3.1467553134662425,1
11515,9.218929815199632,3.1474845121039383,1
11516,9.252019429908621,3.1490875680940396,1
11517,9.299982589180313,3.121951967209925,1
11518,9.273085649827381,3.1493800458370353,1
11519,9.356575857959598,3.1366229891560913,1
11520,9.324684129462256,3.1163913962097376,1
11521,9.410213123138602,3.1409498371189044,1
11522,9.401669789574033,3.102938669446731,1
11523,9.435075944104069,3.131555242668553,1
11524,9.456372236010933,3.1120488330012503,1
11525,9.497110838164435,3.117212682212951,1
11526,9.469355347422091,3.125005826232594,1
11527,9.527212267326666,3.119010786152531,1
11528,9.564668585949603,3.127846027080426,1
11529,9.576978819864186,3.122920521790743,1
11530,9.6143654833762,3.1349047785325124,1
11531,9.622087178127117,3.1424670253646365,1
11532,9.632487305216,3.134071791601525,1
11533,9.630542603455519,3.1104252815856217,1
11534,9.678697488803447,3.1459775754552033,1
11535,9.661908570956522,3.130037083336131,1
11536,9.706407270190573,3.1201760513504397,1
11537,9.72922515349511,3.1215538762824258,1
11538,9.720108491295118,3.1099823287801107,1
11539,9.735905703805958,3.1205038954095268,1
11540,9.744243098753318,3.144544381200357,1
11541,9.857430567180483,3.1358671515854897,1
11542,9.89053014291352,3.104378185693193,1
11543,9.924601484406953,3.1048787512581093,1
11544,9.89862679269685,3.1098871889595765,1
11545,10.043891796383173,3.116807644818269,1
11546,10.068053064781326,3.13716539250847,1
11547,10.069419951781404,3.1237566978158413,1
11548,10.097681009317451,3.1098153737984298,1
11549,10.110205673120102,3.113886522150869,1
11550,10.114624452052356,3.11047912316622,1
11551,10.156986898893479,3.1053504138327286,1
11552,10.21313485184736,3.1119026524019846,1
11553,10.172533019476086,3.1546501894228958,1
11554,10.260024061856056,3.1219555648809534,1
11555,10.232776193744723,3.15050230755743,1
11556,10.243242904555686,3.1110152933978044,1
11557,10.280868921990352,3.1274087607816567,1
11558,10.279298484037922,3.1177101304188493,1
11559,10.310374873903816,3.143928036062596,1
11560,10.331941143285936,3.1041139464064096,1
11561,10.367040398967257,3.1438138718227906,1
11562,10.364574335115336,3.11671183290272,1
11563,10.39625172208157,3.1341819524059376,1
11564,10.415790895285225,3.1369778577074214,1
11565,10.380864626109334,3.1064457478920824,1
11566,10.42769538672171,3.1048911097982232,1
11567,10.457082049473494,3.1304261643482643,1
11568,10.43853743919835,3.1400503186723556,1
11569,10.503668581365051,3.147181731617953,1
11570,10.585566220681946,3.127967688602192,1
11571,10.602252072417624,3.133730356649876,1
11572,10.591796619755051,3.1488657829687146,1
11573,10.693018107377567,3.128325482364752,1
11574,10.66286704536572,3.1514861193353076,1
11575,10.738282782165303,3.1161829764844846,1
11576,10.711013513891556,3.1276408191101277,1
11577,10.775470969678466,3.1384725415869674,1
11578,10.773894043530222,3.1500530100209065,1
11579,10.779024022265556,3.1049623716151316,1
11580,10.820759900801429,3.1483000805422896,1
11581,10.83770279257122,3.136024225646495,1
11582,10.843740737759653,3.1473077891426207,1
11583,10.805327163045279,3.131821647757806,1
11584,10.811768582649233,3.1435339070558133,1
11585,10.89451147240018,3.1238365784570044,1
11586,10.865790504474418,3.154768340962424,1
11587,10.880724163104556,3.1062719493669966,1
11588,10.857252363568636,3.147992369389389,1
11589,10.859108015332632,3.1059139685958193,1
11590,10.895546455889583,3.140202550283392,1
11591,10.921807894759581,3.1018322472558273,1
11592,10.946390328093907,3.127811828478356,1
11593,10.932052642096577,3.106024110543729,1
11594,11.021759839634406,3.126095811871714,1
11595,11.03532994269252,3.146100576382488,1
11596,11.01620864352699,3.128397665934877,1
11597,11.03769197019822,3.1264325721195716,1
11598,11.095889110698936,3.1527563621329975,1
11599,11.118625978402038,3.102986367603705,1
11600,11.095724844583385,3.123256853122128,1
11601,11.105366918525513,3.1399114793362766,1
11602,11.138191331724894,3.1149154029476254,1
11603,11.170529842020699,3.1399313956033055,1
11604,11.12411366898356,3.1256863331764153,1
11605,11.19225280662032,3.1425420481803585,1
11606,11.196363451643524,3.1425035892210413,1
11607,11.186239774374636,3.128073819995571,1
11608,11.192437178182711,3.1228251197533514,1
11609,11.238714836974058,3.1394480164708547,1
11610,11.261428251077735,3.111675950349033,1
11611,11.249129911907596,3.1442592684203428,1
11612,11.261793870703732,3.1194993177774295,1
11613,11.298311611244944,3.1132889921852294,1
11614,11.333970748322011,3.121831962328542,1
11615,11.313878912785107,3.1019345122703728,1
11616,11.321744723605907,3.1458426673619013,1
11617,11.35930718972992,3.153709572307205,1
11618,11.358387844787408,3.115079183207149,1
11619,11.369201431105108,3.148057091384077,1
11620,11.370446456163494,3.111318100680367,1
11621,11.37243722734561,3.1137864730037337,1
11622,11.397002638990081,3.1371741454345106,1
11623,11.44290885412851,3.111300258626804,1
11624,11.396417387937937,3.1515445748902127,1
11625,11.410973112759327,3.152591166557248,1
11626,11.469615461597598,3.11286041866189,1
11627,11.455221468891843,3.133731619589273,1
11628,11.490369618243816,3.1171426751050375,1
11629,11.540477553010176,3.1038315294563255,1
11630,11.540795950179385,3.123486474780136,1
11631,11.55137468578631,3.103203238494521,1
11632,11.805674711999172,3.1535924152082058,1
11633,11.860152769722278,3.115587951440164,1
11634,11.839043242821587,3.106708348897142,1
11635,11.874351941698915,3.1104478008979695,1
11636,8.002397549073683,3.191468499363589,1
11637,8.051627564007967,3.179960619515669,1
11638,8.120599090211911,3.200850175506828,1
11639,8.149155689301503,3.1788083035940264,1
11640,8.22776354393599,3.159393825241735,1
11641,8.182903767598374,3.1963457608857784,1
11642,8.25052739318627,3.1893729603699006,1
11643,8.380593299554127,3.2033426189646836,1
11644,8.417622660794514,3.180797601899717,1
11645,8.421423647767238,3.174565399861319,1
11646,8.460330749103086,3.1768346864901114,1
11647,8.63347644563431,3.1749576871325225,1
11648,8.621884916856057,3.164656410998851,1
11649,8.68179532144168,3.1826983441858063,1
11650,8.71431573153629,3.1915748876112824,1
11651,8.708425312385359,3.1832233015910285,1
11652,8.761898392196487,3.1711737968010634,1
11653,8.725514992156873,3.19772010567413,1
11654,8.757211107219538,3.1872436392691874,1
11655,8.787510588040863,3.1699713772465095,1
11656,8.773354794040914,3.1793215937389627,1
11657,8.812485699916195,3.1991006773664674,1
11658,8.856030219808686,3.172635996709352,1
11659,8.861087756817836,3.200623873213413,1
11660,8.898601229919713,3.1662795756344995,1
11661,8.923248742442201,3.176397696087902,1
11662,8.982927870912786,3.166746215443791,1
11663,8.9640488156676,3.1690472762342847,1
11664,9.021633687151473,3.1959948774934217,1
11665,9.011165342948065,3.1697060532980474,1
11666,9.028154252519986,3.1804202075847665,1
11667,9.066669535301902,3.1576652895622317,1
11668,9.048699042598129,3.1806232323120796,1
11669,9.065128368844915,3.205154708147947,1
11670,9.092780800525402,3.1944629646240936,1
11671,9.121359843063026,3.18018425098466,1
11672,9.1286364441986,3.193480215501438,1
11673,9.159229551742747,3.1626064891882457,1
11674,9.17174048664612,3.195008584616107,1
11675,9.171070032797022,3.1982435951889356,1
11676,9.233885084054524,3.202124941416655,1
11677,9.231459848811841,3.1781787460480055,1
11678,9.22768409781482,3.201523611852463,1
11679,9.293906409418026,3.1611559842139014,1
11680,9.298775760866695,3.190775596494546,1
11681,9.329871394805494,3.175836742185057,1
11682,9.34107232505353,3.202364762167338,1
11683,9.384902596408214,3.204691348540827,1
11684,9.381275865592531,3.189164392896696,1
11685,9.444682521465207,3.192783447393241,1
11686,9.517053444862231,3.171202509549913,1
11687,9.53074432177049,3.1578484193660135,1
11688,9.54968537400832,3.1607289076602596,1
11689,9.587062640278061,3.174549763839135,1
11690,9.587006180328466,3.156877277210671,1
11691,9.6702031382375,3.181111692656472,1
11692,9.661917574578489,3.165599083160555,1
11693,9.70706803391642,3.1629386359030107,1
11694,9.68364854132962,3.207911772656368,1
11695,9.766759838001308,3.160361011060054,1
11696,9.85945709613664,3.1966933645214626,1
11697,9.849488678769347,3.1861741730491695,1
11698,9.902195853287234,3.162443842071654,1
11699,9.90402347891659,3.1650624154040616,1
11700,9.905097628163029,3.203964097619199,1
11701,10.001220377388785,3.192051875458619,1
11702,10.09760957569286,3.2045668392253788,1
11703,10.093277003273887,3.178163513307346,1
11704,10.076656493773086,3.1763390290171327,1
11705,10.154312809660654,3.179919693411052,1
11706,10.129092965058481,3.166811943574053,1
11707,10.118907325104225,3.1578982021942092,1
11708,10.206797000637618,3.205955474254213,1
11709,10.18398970722309,3.1709485453305373,1
11710,10.231143611674245,3.1743726123573595,1
11711,10.253030283188686,3.167472413760495,1
11712,10.281467792803879,3.174387575412329,1
11713,10.282351866072293,3.194640370834912,1
11714,10.35843338114417,3.1930880464769364,1
11715,10.369758722816634,3.205234603063164,1
11716,10.381548527730924,3.166662032142977,1
11717,10.410227216867636,3.175708860722511,1
11718,10.413559215384145,3.1717402101319223,1
11719,10.453959768013663,3.1615125257615753,1
11720,10.46567200501242,3.188960648195191,1
11721,10.468355568139783,3.1833832416987975,1
11722,10.494987388199133,3.173072781248647,1
11723,10.537347899441809,3.194874377949772,1
11724,10.616083475087269,3.1993223251199727,1
11725,10.631652865215495,3.180514779884545,1
11726,10.663494089929662,3.1965170700784915,1
11727,10.645936976335387,3.203742442026121,1
11728,10.696949021006048,3.1617531190488433,1
11729,10.738649459202462,3.1933338701350324,1
11730,10.79165792686646,3.1790341540404374,1
11731,10.783526291570999,3.2044348963149902,1
11732,10.818207901698752,3.1617509955674574,1
11733,10.845075259747428,3.186329832203769,1
11734,10.815008895530044,3.1577204008879147,1
11735,10.842569089125044,3.1803474994887435,1
11736,10.903736246184275,3.18205022862863,1
11737,10.872951815945347,3.1949157878659964,1
11738,10.876205369436798,3.1747341461067693,1
11739,10.887104589530741,3.1764621967964857,1
11740,10.885960225859856,3.1736969949314924,1
11741,10.93635457819045,3.1592072042395736,1
11742,10.984861347362488,3.193110405782038,1
11743,10.991990879048387,3.1825903589758995,1
11744,10.999757789107862,3.169743296418207,1
11745,11.060131594037728,3.1603242420970474,1
11746,11.040008282026875,3.2042954834684574,1
11747,11.062615544735394,3.191902396511756,1
11748,11.06232627456636,3.1883299262866083,1
11749,11.029812869470039,3.1577324496960464,1
11750,11.03564887565886,3.160119737558075,1
11751,11.079881577556833,3.2001899601115307,1
11752,11.093667523328287,3.1630948681654445,1
11753,11.102549603901318,3.2012512494495557,1
11754,11.088154139332424,3.1735145325512897,1
11755,11.100510664250164,3.1641449644350206,1
11756,11.128351835621778,3.1931426153717517,1
11757,11.128000126077696,3.1730481328671565,1
11758,11.124114476505262,3.196856500762551,1
11759,11.17923005354353,3.2031586338248483,1
11760,11.209823556132717,3.200802839882078,1
11761,11.280201677070686,3.172405378610816,1
11762,11.23309190569113,3.1913779078584676,1
11763,11.330388911870534,3.202962218492731,1
11764,11.31939283262027,3.1616434917812546,1
11765,11.375777944706225,3.1564025779983598,1
11766,11.375739728344548,3.1872964305942935,1
11767,11.349474188607493,3.1666646337399125,1
11768,11.430022212247907,3.201348621179416,1
11769,11.397966680122478,3.1892843276293625,1
11770,11.395314103682978,3.2060940963599402,1
11771,11.47576660863609,3.1618253232351807,1
11772,11.455034794617932,3.1958214176220516,1
11773,11.537895148153535,3.1899900357281887,1
11774,11.506934098378855,3.1780534998625165,1
11775,11.521993586833643,3.1682685569873152,1
11776,11.587062586933152,3.175522946410536,1
11777,11.601494630427077,3.1938261164948725,1
11778,11.582871683586454,3.1841753244562283,1
11779,11.605040640717743,3.165915310130093,1
11780,11.638096802415332,3.1868348793623436,1
11781,11.673618729863646,3.202228126707941,1
11782,11.700276989432476,3.1718818274500364,1
11783,8.040045919820441,3.2255712241619836,1
11784,8.102095829885995,3.209546593370808,1
11785,8.141795224556882,3.223992896327799,1
11786,8.14388439122509,3.2328234111719922,1
11787,8.235210487969393,3.255499391951293,1
11788,8.19072190660934,3.2308240649649678,1
11789,8.285969147134077,3.2217753885673006,1
11790,8.328189162960728,3.2586515276806467,1
11791,8.358505841943503,3.2522956923962725,1
11792,8.344077710746172,3.240379988094589,1
11793,8.443715023939568,3.2260366028509178,1
11794,8.447589972001792,3.216418624575178,1
11795,8.413532865191195,3.2415090662227968,1
11796,8.457742461760995,3.2313831393949126,1
11797,8.461662452961017,3.234208146057854,1
11798,8.491032318166422,3.2287701920605687,1
11799,8.538313258293307,3.250512372655809,1
11800,8.50684898637576,3.220451306504425,1
11801,8.601960672266939,3.233697661859692,1
11802,8.587300972009047,3.2397900413951044,1
11803,8.65377294693304,3.2376595377667616,1
11804,8.626864287708415,3.2201188801897698,1
11805,8.690120439508037,3.2535626475709822,1
11806,8.699083488974681,3.2564184733083774,1
11807,8.68327260139989,3.234664046955301,1
11808,8.721863631167547,3.2202218950147463,1
11809,8.760331157502398,3.214208761032301,1
11810,8.718741294141731,3.214638195892147,1
11811,8.80945822419337,3.250718439225389,1
11812,8.789838947289217,3.243704583870994,1
11813,8.790533549980838,3.2517054339552827,1
11814,8.857573915488954,3.2514453656337303,1
11815,8.846639630199117,3.214454130939867,1
11816,8.910762722015395,3.2397593661192103,1
11817,8.90686387783368,3.2284653300172574,1
11818,8.982703235913574,3.2173098594251495,1
11819,8.95279222680292,3.2591045444105755,1
11820,8.973286124989711,3.2457794941540135,1
11821,9.024512393921357,3.2112309583575573,1
11822,9.008479927202933,3.225193579456803,1
11823,9.019584646963846,3.2509855286154807,1
11824,9.070610083998709,3.258464281393967,1
11825,9.08160894130418,3.219034705934782,1
11826,9.09685907357621,3.225115206927071,1
11827,9.141053703688666,3.2593464742765677,1
11828,9.108488863551578,3.2610420490653347,1
11829,9.162317230366392,3.212049270245407,1
11830,9.156036397784716,3.260041443086955,1
11831,9.192715437444647,3.2135589435240606,1
11832,9.218575667298209,3.236831337433195,1
11833,9.223906176022801,3.2092627532471263,1
11834,9.269197800623212,3.212207698416736,1
11835,9.298687757671617,3.2157125463150167,1
11836,9.319407212902577,3.2556277388055457,1
11837,9.323290385140918,3.253061785929868,1
11838,9.367737648092055,3.2424205961598127,1
11839,9.398413627180544,3.2383005896988695,1
11840,9.46348364652603,3.219957410847961,1
11841,9.431111162282459,3.254753148246515,1
11842,9.471167183623884,3.244854013545746,1
11843,9.514366730454737,3.2431784760256033,1
11844,9.54313650033093,3.2286485118347796,1
11845,9.553579822520007,3.246933566284271,1
11846,9.575659114742058,3.209337948420234,1
11847,9.597178342110324,3.216030862528014,1
11848,9.644314688407666,3.236119168983097,1
11849,9.693956400294375,3.240512220283912,1
11850,9.781870968197364,3.234768793334547,1
11851,9.855103299490743,3.242472387719991,1
11852,9.852616578079163,3.257216435410683,1
11853,9.925694244732732,3.2421005748922838,1
11854,9.923321082217504,3.2262961698864268,1
11855,10.020089574668189,3.2149074438562426,1
11856,10.098517174186636,3.2572200180079545,1
11857,10.092015370327406,3.2238735985532734,1
11858,10.090900407149613,3.215491109131895,1
11859,10.116385846229814,3.2094831694373265,1
11860,10.128071839807593,3.215846323658621,1
11861,10.161551963281156,3.224487393277241,1
11862,10.168061677921903,3.2137754975127657,1
11863,10.234008696310626,3.2346813327156463,1
11864,10.225084482097198,3.259429047210204,1
11865,10.278794094670495,3.223430980531594,1
11866,10.289534173336515,3.2389415753987505,1
11867,10.37098348930058,3.2129848188160715,1
11868,10.365878323322427,3.2092782732829015,1
11869,10.409171365360223,3.2524066123143474,1
11870,10.394514452394953,3.231555493883851,1
11871,10.412966798032546,3.2456765461402006,1
11872,10.441807266897557,3.2418404443262276,1
11873,10.455673780743744,3.236487712444284,1
11874,10.480979898209997,3.258919816380375,1
11875,10.51642701022279,3.219636399205394,1
11876,10.529904700340946,3.249086796756668,1
11877,10.559174688698148,3.2401199628323303,1
11878,10.553913563178183,3.2257843719302572,1
11879,10.575008097274349,3.2167438795789756,1
11880,10.603106199347785,3.2549076186460915,1
11881,10.628010876503277,3.252029503834772,1
11882,10.630991066475957,3.2428149033453746,1
11883,10.690036017454993,3.255311535105088,1
11884,10.69067208652691,3.2184100036291925,1
11885,10.703961998502294,3.237101003662368,1
11886,10.726697156076934,3.246845371337379,1
11887,10.777371325507369,3.2612736820862405,1
11888,10.7991266440522,3.22360886029439,1
11889,10.84522354701125,3.2432085476261263,1
11890,10.841368811065127,3.2567116769008506,1
11891,10.809987265620363,3.2224254801149845,1
11892,10.869965053144535,3.2173080129426035,1
11893,10.877020551846426,3.2269492561434148,1
11894,10.873138107858729,3.236868490141432,1
11895,10.95713328761968,3.225676067068834,1
11896,10.931638551840141,3.218720798807368,1
11897,11.01508572180083,3.2134489032017406,1
11898,10.98509859630981,3.219928024240914,1
11899,10.997867690473672,3.233125432581265,1
11900,11.0000926714072,3.212396358622688,1
11901,11.03392103721083,3.2087165096972186,1
11902,11.026064882183645,3.2094198086821213,1
11903,11.064494233897534,3.2354696681492876,1
11904,11.041618373967708,3.2092212217389395,1
11905,11.021043603912862,3.210654760770489,1
11906,11.082615357913038,3.252413353420651,1
11907,11.086812706248185,3.25292900711561,1
11908,11.106061821320134,3.243951709907782,1
11909,11.117363954344992,3.224403560583615,1
11910,11.145774619796855,3.2224594809078204,1
11911,11.145968438806012,3.226955078318621,1
11912,11.194164320429268,3.2526781618155756,1
11913,11.214120399501132,3.2353605923741866,1
11914,11.255573245729117,3.233180949553477,1
11915,11.278868375004302,3.25417683351675,1
11916,11.24942372717434,3.2608461605161483,1
11917,11.311537745646165,3.2348951051941093,1
11918,11.304691283462791,3.2327144993236017,1
11919,11.364598607802627,3.2515875593151335,1
11920,11.363063443086949,3.2569898969082804,1
11921,11.441653066653686,3.220313547500401,1
11922,11.406142526013243,3.2555288466577945,1
11923,11.410979009899597,3.222040323270591,1
11924,11.462867964863472,3.2294229004890314,1
11925,11.46562654833604,3.2467255935037946,1
11926,11.547366847955091,3.216787280375933,1
11927,11.542413501098183,3.225008477862986,1
11928,11.502431238937255,3.2146309052937987,1
11929,11.599536443807366,3.217526144694079,1
11930,11.591041027867789,3.242488940150899,1
11931,11.593131118901605,3.2214591957187304,1
11932,11.612121048107282,3.2503487991811655,1
11933,11.614066733224103,3.236635812233524,1
11934,11.60428598737953,3.2124641739263384,1
11935,11.687612982190805,3.229868222051695,1
11936,11.677450961458568,3.243598607858094,1
11937,11.67431559715105,3.2216231657727943,1
11938,11.763984433417246,3.252565714358468,1
11939,11.739518821332593,3.255682825279749,1
11940,11.729274247026805,3.229802499671096,1
11941,11.77452570495083,3.2587785951740154,1
11942,11.904258547700026,3.22418841431022,1
11943,11.972075868797694,3.2333409432955738,1
11944,11.95610568940808,3.2108731982776506,1
11945,11.981482370571252,3.230757887251098,1
11946,8.014951994454407,3.2698317701914763,1
11947,8.074174249379649,3.273132390425264,1
11948,8.113114080123037,3.288123021295261,1
11949,8.148485425784376,3.264495104867503,1
11950,8.15490842209316,3.291950888030642,1
11951,8.193333530727449,3.2713095213937833,1
11952,8.205536025222838,3.2712439543119616,1
11953,8.244556837505822,3.2937379205449844,1
11954,8.240099171514709,3.2687302465026757,1
11955,8.314342421359298,3.3118615728696983,1
11956,8.304581542505979,3.2772722870724045,1
11957,8.303312879947317,3.306339016432147,1
11958,8.374979275534612,3.289336687519033,1
11959,8.379542983384434,3.295763095006771,1
11960,8.38270320888078,3.2953146646645437,1
11961,8.397678342233338,3.295273145994904,1
11962,8.422905933233528,3.294697320042436,1
11963,8.425770810243824,3.277153572300256,1
11964,8.47157056646237,3.2804393172923736,1
11965,8.48996411160839,3.291109591849418,1
11966,8.491755797145009,3.281513502287817,1
11967,8.506431986824099,3.3018931453392386,1
11968,8.511077760715446,3.3026897282859635,1
11969,8.54401052765848,3.2861082255910246,1
11970,8.566877962501673,3.2794499087039783,1
11971,8.558641840271163,3.314138376719848,1
11972,8.591045794527203,3.3117394244775733,1
11973,8.613826343384497,3.3027189917031907,1
11974,8.6257156751782,3.2931970620227875,1
11975,8.627224125694825,3.291293606483875,1
11976,8.687163886948818,3.313707696720374,1
11977,8.691737390083714,3.2912048313615125,1
11978,8.694213487361523,3.284048222077346,1
11979,8.766975980716694,3.2966602160890606,1
11980,8.729223444713762,3.310546796947874,1
11981,8.74690962061301,3.295914305699704,1
11982,8.796553039550558,3.2649565978137223,1
11983,8.792946145434772,3.308459271731919,1
11984,8.842470594072918,3.2710406293666177,1
11985,8.866172644345673,3.296564083311546,1
11986,8.9254107958252,3.2657114371211193,1
11987,8.890819916066068,3.273395971059203,1
11988,8.961751471332015,3.3125159626206084,1
11989,8.97376677732955,3.2972202938734276,1
11990,8.985133031246066,3.3127805403147437,1
11991,9.017400074633958,3.275995239833684,1
11992,9.059291654687694,3.297997992934104,1
11993,9.054377683918975,3.2762338682646153,1
11994,9.109370713147687,3.287795670249737,1
11995,9.131028390710782,3.275297056595484,1
11996,9.193971114363684,3.311002266350922,1
11997,9.183297476257746,3.266162285417966,1
11998,9.176693597131662,3.2703067777812405,1
11999,9.199715464304969,3.267202307405612,1
12000,9.226300526033908,3.292651432082423,1
12001,9.265874552812361,3.274830153109695,1
12002,9.280580951505641,3.277652743687832,1
12003,9.354547877227173,3.2633096365378984,1
12004,9.351435152442724,3.282574998426954,1
12005,9.335385747408573,3.3056331165219444,1
12006,9.399353538857806,3.293337543435644,1
12007,9.405944129569557,3.2972186212918375,1
12008,9.414178047850669,3.266211994086851,1
12009,9.451441058795652,3.2768242258672875,1
12010,9.446495522800944,3.285812544106613,1
12011,9.504485491682512,3.2758923180104227,1
12012,9.485560698389984,3.2881260594806134,1
12013,9.472876126874999,3.2736947520153783,1
12014,9.524283082357877,3.2888499725369815,1
12015,9.536014765267796,3.2889683637709473,1
12016,9.54937165492166,3.2650646541376656,1
12017,9.612645390491213,3.2927248369884086,1
12018,9.603904547408963,3.2776121330063286,1
12019,9.678708513974708,3.281020525583968,1
12020,9.718682717703528,3.2739505777352544,1
12021,9.735607084537445,3.300652552667326,1
12022,9.88028466039254,3.2691321568080327,1
12023,9.941088580308827,3.3056108629945706,1
12024,9.908780619638105,3.2625041054347736,1
12025,10.002636697262338,3.2796903211981787,1
12026,10.097773417732117,3.2838566335123955,1
12027,10.092886419040944,3.270602850446122,1
12028,10.062562790869949,3.314412066882419,1
12029,10.11993187497227,3.2933053067630462,1
12030,10.128901200376722,3.2740396607057267,1
12031,10.193475701063392,3.2633271486436684,1
12032,10.192578171067387,3.2932883127152306,1
12033,10.238737324956844,3.307965746807892,1
12034,10.248902572415679,3.27410689508469,1
12035,10.297523873715484,3.303883573854966,1
12036,10.28403333142892,3.2719746422984683,1
12037,10.372651350482995,3.310980728830673,1
12038,10.321127125391433,3.301636040631902,1
12039,10.382229492417599,3.282178027057829,1
12040,10.405764799213998,3.3055942992491727,1
12041,10.436559751104518,3.2838169134978186,1
12042,10.469369037929663,3.2651527798491458,1
12043,10.50268227738431,3.298934472483046,1
12044,10.501784066005062,3.2791062551763703,1
12045,10.495059396938963,3.273293761908651,1
12046,10.583543231520077,3.286891259524927,1
12047,10.58217644392508,3.313588385111001,1
12048,10.573516656852544,3.2918345323156557,1
12049,10.636830258118017,3.300176652543141,1
12050,10.620794988183889,3.291840080985095,1
12051,10.61315845209151,3.2950419206539685,1
12052,10.686492422197666,3.292781599067563,1
12053,10.671314766644159,3.293680747863413,1
12054,10.715758274428332,3.2789375397098346,1
12055,10.741389926148823,3.2950753500873797,1
12056,10.750239674699293,3.281516565201996,1
12057,10.755675955956363,3.288212320291993,1
12058,10.843437174789905,3.287170235961909,1
12059,10.84556346071535,3.268564823034756,1
12060,10.868750272128974,3.2882508722482404,1
12061,10.88351920534946,3.3137174344736,1
12062,10.88101101618265,3.301192905484391,1
12063,10.930787618672415,3.3119067485150744,1
12064,10.921581756202677,3.2966391375444033,1
12065,10.984036854561241,3.292354905292754,1
12066,10.999818994925127,3.300990326498666,1
12067,11.024197079172364,3.2676952615834707,1
12068,11.020398716204937,3.2665951884487763,1
12069,11.099075570104606,3.2655411762274436,1
12070,11.106837477228577,3.296227898621885,1
12071,11.075109824195993,3.2880297038352353,1
12072,11.175533384402263,3.286725647075171,1
12073,11.143473201279626,3.304500778897688,1
12074,11.184503125137091,3.2828625821759565,1
12075,11.207696419705831,3.285618308618251,1
12076,11.190104081924868,3.2728649131196854,1
12077,11.233820071821661,3.2884295899853426,1
12078,11.258303924015879,3.309128942756518,1
12079,11.242069589243117,3.2950951259957146,1
12080,11.33321731653969,3.288942999930912,1
12081,11.285641282428356,3.2961518003850507,1
12082,11.365666215816855,3.305105975985546,1
12083,11.363398880193385,3.2796632342423915,1
12084,11.427788180725637,3.307027211993949,1
12085,11.399572241010196,3.281500116316594,1
12086,11.444700895421565,3.2779557413544556,1
12087,11.44896915468322,3.3147488352223684,1
12088,11.542103989594466,3.3052096304547702,1
12089,11.525123601027701,3.271939144764819,1
12090,11.589632262871,3.301995655118819,1
12091,11.589647440206075,3.288433843877506,1
12092,11.604403532354464,3.2702384785581566,1
12093,11.628268088919986,3.27888248277595,1
12094,11.696595867740236,3.299510337861913,1
12095,11.685604250110881,3.2684805165554254,1
12096,11.690204887382995,3.27178244828993,1
12097,11.738260443798513,3.302231864150898,1
12098,11.7336602589694,3.2713784485969835,1
12099,11.719276863314944,3.30734738840942,1
12100,11.815177093052613,3.294241964330979,1
12101,11.780796015252847,3.265305226911383,1
12102,11.861840798525803,3.276352326006291,1
12103,11.898143018843637,3.281540215854489,1
12104,11.957023420364258,3.2784881610593226,1
12105,8.055187887104944,3.3554413130990786,1
12106,8.084884850887464,3.3308380427098183,1
12107,8.12506964502787,3.333421650909445,1
12108,8.163545453148044,3.338427006023356,1
12109,8.163168930905124,3.367825396016218,1
12110,8.199303574614031,3.3183778995284188,1
12111,8.190606671136377,3.3644263160115138,1
12112,8.235400156130623,3.3681007661101807,1
12113,8.26805817932732,3.3168506000122355,1
12114,8.340922070521623,3.3444383759450353,1
12115,8.336885972654821,3.3315189775213976,1
12116,8.298099692423428,3.3684587083755795,1
12117,8.376144864015663,3.347537710146799,1
12118,8.345435188532843,3.350389999198579,1
12119,8.379799161822806,3.330185038398382,1
12120,8.443475578616892,3.320251434169297,1
12121,8.428989977227268,3.357842034432331,1
12122,8.464964523378567,3.365454997254039,1
12123,8.466158391498604,3.3447401610151783,1
12124,8.523034656959364,3.3275893570471893,1
12125,8.551747119966958,3.3611525192748317,1
12126,8.602288254926815,3.3191400329080256,1
12127,8.564185819084777,3.366718351587964,1
12128,8.617559879975357,3.3245143461911195,1
12129,8.61133884868356,3.355738034340247,1
12130,8.624379386151217,3.3230538925367092,1
12131,8.678021185071314,3.329989066260767,1
12132,8.670336991926165,3.328462964151583,1
12133,8.667380597885856,3.3655544125798005,1
12134,8.736086844031679,3.3169009304755943,1
12135,8.765036497235627,3.3188741116875664,1
12136,8.782315784773,3.317700640366991,1
12137,8.782304273612835,3.366500594659774,1
12138,8.853431624550913,3.327689624084925,1
12139,8.869975343536403,3.342497085617616,1
12140,8.905943804011004,3.3577940037534404,1
12141,8.880118537219259,3.3492417503691407,1
12142,8.950239556667102,3.339292289101056,1
12143,8.948326400574855,3.3410363707481237,1
12144,9.003540673149033,3.3378146408077134,1
12145,9.033860631923842,3.3476826332979646,1
12146,9.08229639553124,3.3155130326075586,1
12147,9.076035067098342,3.363444998582335,1
12148,9.133648765287342,3.3589626920815507,1
12149,9.099861207061132,3.33253302131542,1
12150,9.172988357731244,3.3319930763243413,1
12151,9.187331889039942,3.367285496015813,1
12152,9.190858354648594,3.3319920199145026,1
12153,9.2223287138475,3.366480922351801,1
12154,9.205648502145545,3.357618050274157,1
12155,9.287162587679036,3.3246664849952583,1
12156,9.290677194215359,3.345420153600541,1
12157,9.32093732154736,3.3639781188722235,1
12158,9.35559511578617,3.3454076850142163,1
12159,9.34555280034578,3.359622383265846,1
12160,9.383398946324894,3.335123619756456,1
12161,9.371217079781193,3.3341520090993915,1
12162,9.38615392362787,3.330385403968409,1
12163,9.4149811311688,3.3330534196844557,1
12164,9.443224316812849,3.3392949116634805,1
12165,9.41515314469503,3.3601813345133276,1
12166,9.466515249049797,3.3476782740985307,1
12167,9.51349370327171,3.3613325373997984,1
12168,9.519809778671057,3.3290144187751087,1
12169,9.58118405192539,3.315939284323687,1
12170,9.627667923802768,3.3552888043398417,1
12171,9.726834058494847,3.3216031308521448,1
12172,9.683068198212595,3.3513776597961504,1
12173,9.768456862789593,3.317814738871049,1
12174,9.882518226772865,3.3569725466371234,1
12175,9.893137837056488,3.318346408994021,1
12176,9.897026664796526,3.326346470311567,1
12177,10.050539028485428,3.3576946771617613,1
12178,10.095421080178369,3.3365636757349595,1
12179,10.098756724784176,3.338708376522698,1
12180,10.073910935376887,3.3556773206615302,1
12181,10.114499097360671,3.3617942142362267,1
12182,10.153941529260967,3.337797119464359,1
12183,10.209265778126037,3.326152834396628,1
12184,10.178577878955945,3.3482633424416233,1
12185,10.21505631069132,3.3238798172765196,1
12186,10.233878936995122,3.3515813697106625,1
12187,10.268509139159477,3.359086806164998,1
12188,10.291866951515171,3.353222973863858,1
12189,10.337151764584329,3.336438210801012,1
12190,10.359704613507208,3.3445616483945906,1
12191,10.425456852811253,3.3184322135818296,1
12192,10.396270328295873,3.3314251985444447,1
12193,10.460992369739166,3.353099943582886,1
12194,10.44523423891216,3.3524915982499848,1
12195,10.465403447740584,3.3231955323334117,1
12196,10.49301496490038,3.326610522551744,1
12197,10.51348795713284,3.358414015554311,1
12198,10.51950011574866,3.3302344595217743,1
12199,10.581191209242927,3.34573125927645,1
12200,10.560314486684806,3.3621937521374416,1
12201,10.555009327000398,3.320240137594641,1
12202,10.61929448921018,3.337786612967063,1
12203,10.6029311652383,3.3408834691020624,1
12204,10.606618628979195,3.337580429753606,1
12205,10.599623629311834,3.345744013344357,1
12206,10.69068942384564,3.3565951419658013,1
12207,10.682668905262481,3.3240058228168032,1
12208,10.658540246647979,3.3225889532028963,1
12209,10.644076024668108,3.365956086089994,1
12210,10.658931912850324,3.337747497650158,1
12211,10.698416117162061,3.3277750221908002,1
12212,10.732618636873799,3.351745190626325,1
12213,10.734338879934008,3.354133773898378,1
12214,10.781463048759157,3.3217173292379534,1
12215,10.79385250519847,3.3358689503829044,1
12216,10.832613053285604,3.367503496075402,1
12217,10.809283023594611,3.344945768003815,1
12218,10.873835056620129,3.3353943939868422,1
12219,10.859080523664652,3.324892080948061,1
12220,10.946120706810655,3.365648680477034,1
12221,10.988161358921712,3.3209690061340695,1
12222,11.059281609648611,3.3432974144589123,1
12223,11.02062113104713,3.3177449010144047,1
12224,11.098372392318238,3.360533996644774,1
12225,11.08270633942923,3.359497752676964,1
12226,11.174169846511393,3.326911683398963,1
12227,11.170648613862229,3.3464329696184567,1
12228,11.192573994525832,3.363916838207738,1
12229,11.18856672004502,3.357456372190838,1
12230,11.204075574530455,3.3497247745259866,1
12231,11.260272599091563,3.3545589207934334,1
12232,11.238625951255685,3.3472167510049897,1
12233,11.231970823394658,3.3191475184150696,1
12234,11.319984133412392,3.321907020045546,1
12235,11.328554225034159,3.360530114643017,1
12236,11.375792517058972,3.3566902454694727,1
12237,11.378163389600028,3.345101310820301,1
12238,11.4417042089585,3.3639884384448537,1
12239,11.395246158687575,3.3339216289729903,1
12240,11.449061501152245,3.352498726569844,1
12241,11.51290621011891,3.3599848108733394,1
12242,11.599225393989046,3.3432834221160266,1
12243,11.748607217813177,3.3631898601875836,1
12244,11.73304282497798,3.334066182210317,1
12245,11.757053524787727,3.3239062949574043,1
12246,11.796447055736248,3.3572799883901117,1
12247,11.783908454684571,3.3534631647779327,1
12248,11.793326838830698,3.3394353597019917,1
12249,11.845602244314222,3.3210417873415663,1
12250,11.850171549548737,3.319488274685781,1
12251,11.909577845281579,3.3253593408233324,1
12252,8.042814114138178,3.4002241205625565,1
12253,8.045781252109053,3.375352068310242,1
12254,8.085604708134978,3.3875190030351434,1
12255,8.076210697067376,3.3893528514080513,1
12256,8.160454350121542,3.3802764534000818,1
12257,8.138828220527593,3.390795958270467,1
12258,8.21791194257233,3.3752669825542974,1
12259,8.231308156668122,3.421040216662764,1
12260,8.247561869714636,3.422136517432678,1
12261,8.278267973836698,3.387115036046242,1
12262,8.319243895114944,3.3855691848848783,1
12263,8.327350639831577,3.393890418570651,1
12264,8.380983503572683,3.401898593757547,1
12265,8.37303755601562,3.3778263628645653,1
12266,8.447666451036772,3.412665389075576,1
12267,8.396256840141064,3.379755057485064,1
12268,8.45504113039655,3.4039332614224724,1
12269,8.475176030970776,3.407107112537904,1
12270,8.50402135678154,3.3839963532950508,1
12271,8.522869935022872,3.372685480041271,1
12272,8.58666650608719,3.406299944411987,1
12273,8.595652857317324,3.384784099352409,1
12274,8.612415190599906,3.4022978547046137,1
12275,8.618781419225051,3.391411415083819,1
12276,8.68707281687085,3.4037819777576206,1
12277,8.687344989073814,3.391955635220045,1
12278,8.719061094280063,3.370096375582696,1
12279,8.729675044056737,3.4112494649848344,1
12280,8.774083862230844,3.4220264805598553,1
12281,8.811590310654639,3.4119853143527226,1
12282,8.876814162970515,3.4022242245259995,1
12283,8.850577118099162,3.412329106332459,1
12284,8.920083945208217,3.4062465179402,1
12285,8.878890375984756,3.420742773417463,1
12286,8.976797194430524,3.4149827322819517,1
12287,8.946943902881447,3.3854111063449177,1
12288,8.961563783175468,3.379244780745496,1
12289,9.008767160117268,3.3726487516253734,1
12290,8.998597237151849,3.390499218454433,1
12291,9.009345387414772,3.419380591324054,1
12292,9.060780874053242,3.4045175504435266,1
12293,9.079106289762354,3.3849885495957612,1
12294,9.124306402375474,3.3850853638804383,1
12295,9.126084758872715,3.396356247208995,1
12296,9.17781950967385,3.4009749527654933,1
12297,9.168194372368712,3.3989158248663798,1
12298,9.19371401949958,3.386596284702412,1
12299,9.216631238739364,3.4149752801513227,1
12300,9.214981065590212,3.3736257092083224,1
12301,9.293497106179503,3.3914150598131028,1
12302,9.26938413160421,3.3941665575142737,1
12303,9.332388028345806,3.396373654580364,1
12304,9.3130733488557,3.4045124355309477,1
12305,9.391684522474238,3.398618824543992,1
12306,9.369637261252699,3.381993073413001,1
12307,9.368565936591844,3.4062668557976092,1
12308,9.459639897289573,3.3757842045403375,1
12309,9.440907852524754,3.395285316880207,1
12310,9.466651683800734,3.40941220400604,1
12311,9.489313033455172,3.3830196839657494,1
12312,9.674680371077333,3.3714795647309037,1
12313,9.709362042003015,3.4021336482105733,1
12314,9.721611052694268,3.415661159709318,1
12315,9.744991209537895,3.4080952561081763,1
12316,9.840219056971904,3.3728136159681807,1
12317,9.896119071651126,3.4026168862685857,1
12318,10.003545227204226,3.390750819808911,1
12319,10.085914453345934,3.3823082315952417,1
12320,10.105586286274583,3.408793489961634,1
12321,10.064379717450473,3.3879290635382935,1
12322,10.131878528472265,3.3710438238834746,1
12323,10.15429582605329,3.4158115531997595,1
12324,10.14567380048637,3.420733082033521,1
12325,10.177969157217634,3.3859694090663006,1
12326,10.197075989297307,3.411035800356366,1
12327,10.245614521443514,3.37622602140497,1
12328,10.237393460959241,3.419032574771384,1
12329,10.315654117482241,3.3739147337512794,1
12330,10.315005293213627,3.3898475461242783,1
12331,10.371752128845994,3.400286194962473,1
12332,10.367870977762303,3.409826556288027,1
12333,10.352639914574702,3.398275355077431,1
12334,10.4078949975628,3.384624768164347,1
12335,10.408585642754439,3.418398380811759,1
12336,10.37594697969933,3.4089454698314072,1
12337,10.47779785597334,3.3817814719861246,1
12338,10.440061477890026,3.382925326564205,1
12339,10.47008783570044,3.373985158325496,1
12340,10.498320612875956,3.3920173325778404,1
12341,10.512074221236128,3.409525491571917,1
12342,10.509455869720394,3.403102557174204,1
12343,10.549872903062395,3.3724221412746687,1
12344,10.578043682886749,3.3835024824190523,1
12345,10.560942569762418,3.4052785003692927,1
12346,10.609614770435671,3.4055554925724993,1
12347,10.613550810076223,3.403771619177902,1
12348,10.614847894297359,3.4049764787224444,1
12349,10.625482914700942,3.4080039840251612,1
12350,10.591486991206683,3.4183863093841333,1
12351,10.693802816097428,3.4153541585199343,1
12352,10.688549247943405,3.3846800004840327,1
12353,10.655390287118198,3.4126238308066315,1
12354,10.647938300572843,3.4025414384734076,1
12355,10.686014497915536,3.40440520777511,1
12356,10.702042698272612,3.3861726012968774,1
12357,10.728406186672338,3.37623251499947,1
12358,10.797500262729894,3.4071298353189854,1
12359,10.855217732720526,3.4035623114410045,1
12360,10.871886159061152,3.399397354746017,1
12361,10.860124771981823,3.38474252096232,1
12362,10.940445958117065,3.4199190279246308,1
12363,10.910899006362664,3.386215892093029,1
12364,11.013248611476179,3.375365537723843,1
12365,11.048401577574744,3.3763923387473906,1
12366,11.04442066762628,3.3758999357750494,1
12367,11.111211339371794,3.391221578625605,1
12368,11.09274977567935,3.4111650405799274,1
12369,11.121662738288045,3.4072551017003208,1
12370,11.16074572587842,3.3774191263406528,1
12371,11.169259471347212,3.4161954647984896,1
12372,11.195623427345271,3.3988382801861863,1
12373,11.197446181364493,3.4057281063042195,1
12374,11.180613677413566,3.3758142027681406,1
12375,11.232115562606701,3.3803930075284994,1
12376,11.235974949890322,3.415921678345071,1
12377,11.315348311240953,3.378317254963994,1
12378,11.320234595017496,3.3834277330300497,1
12379,11.345689879028246,3.400399763331983,1
12380,11.418761144325448,3.4207010615334728,1
12381,11.528468184220001,3.369837858647462,1
12382,11.597655223550282,3.397933772709362,1
12383,11.758354447745013,3.3982387860910195,1
12384,11.71622536294846,3.406599367162471,1
12385,11.78271660156554,3.3754317111884715,1
12386,11.775008020959524,3.3858261076977296,1
12387,11.811084492920775,3.4031398811022293,1
12388,11.819295241632346,3.3740615438893506,1
12389,11.834753985603458,3.3711497452925245,1
12390,11.923531056844396,3.3962642062751267,1
12391,11.892727367573128,3.3786435434223088,1
12392,11.937325293451712,3.3962918072989488,1
12393,11.978151136546646,3.3840635695093764,1
12394,11.984166760389375,3.4051186356661054,1
12395,8.016893658360239,3.42458084368237,1
12396,8.063135036765607,3.436484795756925,1
12397,8.060691514487981,3.4375430838060876,1
12398,8.08749653407582,3.4566533645543847,1
12399,8.125992373029883,3.461227400641283,1
12400,8.149192156797529,3.4624378194642764,1
12401,8.146410770583786,3.451071611563789,1
12402,8.203203867128394,3.429561346301788,1
12403,8.199893894988463,3.4309033104657094,1
12404,8.270875806284897,3.4352774945691857,1
12405,8.284040073099009,3.4503565981576045,1
12406,8.309367181931679,3.452219748027358,1
12407,8.3365768879954,3.434985316644807,1
12408,8.352376081134274,3.4469581815464276,1
12409,8.35510566580484,3.4520261351195365,1
12410,8.442866410127493,3.458416516944759,1
12411,8.44567393954942,3.4452584245671822,1
12412,8.479756346217682,3.4738481916779778,1
12413,8.486454090859128,3.4446181764798616,1
12414,8.548468872305918,3.454260473244548,1
12415,8.538913889370237,3.4372126743933302,1
12416,8.574635697887937,3.4578721625914297,1
12417,8.578521222828766,3.4449584177650934,1
12418,8.651701228483727,3.432424140732116,1
12419,8.6536332607916,3.4267563186812193,1
12420,8.665193235787738,3.433488166507393,1
12421,8.71531035187911,3.474552181166159,1
12422,8.745156912818166,3.4412316256681876,1
12423,8.73780030037871,3.46793109367203,1
12424,8.77521948630053,3.4339131460032886,1
12425,8.792368815555635,3.4589043893429903,1
12426,8.825679994233866,3.466655557911514,1
12427,8.863731003667862,3.431051296574415,1
12428,8.881969206647113,3.4634805795166614,1
12429,8.903983158491656,3.449051521862356,1
12430,8.886357391615684,3.4233137014161317,1
12431,8.969979155424117,3.4440290341194935,1
12432,8.975582313132877,3.4295207002917847,1
12433,8.957725426639326,3.431562954075314,1
12434,9.010720210309573,3.463261484219341,1
12435,9.021125389296135,3.425931491641269,1
12436,8.986252307010902,3.4381694259877675,1
12437,9.043623098057768,3.4671308448309333,1
12438,9.073815375144278,3.467685666836057,1
12439,9.099551071255307,3.4463498458135455,1
12440,9.128587472070798,3.456590332615743,1
12441,9.152900039105512,3.4361346050758654,1
12442,9.181214951834656,3.4567317580550863,1
12443,9.238920828156392,3.435870751080019,1
12444,9.20659892710589,3.436355654521831,1
12445,9.28072951289178,3.4700860054570026,1
12446,9.256880322816663,3.4319273963607912,1
12447,9.335175596081685,3.457913241125689,1
12448,9.319277262425288,3.473889292197694,1
12449,9.39390579775899,3.441163242258697,1
12450,9.367669596336336,3.4459937683418866,1
12451,9.440589788492229,3.4251941158105126,1
12452,9.451416920198307,3.4606460597337563,1
12453,9.493172924215243,3.4357246167801354,1
12454,9.54282661456482,3.4631122588351015,1
12455,9.604770793068242,3.4242539240661807,1
12456,9.667947037485385,3.4620533900842685,1
12457,9.675215978026236,3.4605303382864574,1
12458,9.703956888987198,3.4699101353919057,1
12459,9.68711233067535,3.4679579807730216,1
12460,9.698992561563676,3.4638191726128063,1
12461,9.748313537469086,3.4363540544694238,1
12462,9.777802983702397,3.468408454517198,1
12463,9.940782242808417,3.4699904834941577,1
12464,10.015079836032172,3.465939511157752,1
12465,10.101377019872208,3.4717313905597273,1
12466,10.087308810053875,3.4409720088021545,1
12467,10.054794019375485,3.4468751170700833,1
12468,10.155914384919294,3.469173781007326,1
12469,10.114482376847242,3.437028195550781,1
12470,10.123231872198932,3.4261021383247043,1
12471,10.200406411845655,3.4347064110159327,1
12472,10.186249004144694,3.436536392752705,1
12473,10.243388370976959,3.432793036120231,1
12474,10.24006470314014,3.464872449747526,1
12475,10.306122198243179,3.4402791799466086,1
12476,10.288870221168402,3.450242016864501,1
12477,10.327337832527748,3.4371824164226084,1
12478,10.37216544215567,3.4408845361904774,1
12479,10.415092570466452,3.4495516055203437,1
12480,10.40545136976876,3.4392615374153555,1
12481,10.394208612380359,3.4746850908727085,1
12482,10.455770861541128,3.4518130888107224,1
12483,10.451713615345657,3.4541493475923764,1
12484,10.432306782344515,3.446860015338658,1
12485,10.524229811615564,3.428193435062448,1
12486,10.487610901528598,3.4445713369509705,1
12487,10.508710986154577,3.425200835541578,1
12488,10.547811391724894,3.4758741955424797,1
12489,10.563791529976918,3.470278551624968,1
12490,10.549879772269522,3.4698989764821087,1
12491,10.587293354512756,3.439309248593151,1
12492,10.577098847023354,3.4590384201115993,1
12493,10.552894799470385,3.439841463729453,1
12494,10.615730215552944,3.456278536566376,1
12495,10.618804462070653,3.45917634397774,1
12496,10.637634267830283,3.4464054301288636,1
12497,10.609613673592378,3.447280870088205,1
12498,10.634694147920987,3.4584655719406197,1
12499,10.691442636701643,3.432618226896584,1
12500,10.648246709284484,3.473625428741131,1
12501,10.649439143004118,3.4231022571194942,1
12502,10.727616876070059,3.453754040131665,1
12503,10.742255415261733,3.4307885934822853,1
12504,10.762220494445893,3.469735448899629,1
12505,10.761932790854328,3.4663729097353513,1
12506,10.831661227260716,3.436602083184245,1
12507,10.807265857514238,3.459675160636389,1
12508,10.889875052367689,3.464262424216828,1
12509,10.908687866055581,3.466401061610908,1
12510,10.88498165602959,3.4577094528606,1
12511,10.913250801601011,3.4613788431230152,1
12512,10.909603642202306,3.428757593116774,1
12513,10.93179903000249,3.446193189057228,1
12514,10.971448759737775,3.4487951185127783,1
12515,11.041832320683188,3.4462564550190398,1
12516,11.119071931182976,3.472384289839411,1
12517,11.101998329341352,3.4275577215746735,1
12518,11.130260687140218,3.4485703364807203,1
12519,11.150486054682597,3.474937536364569,1
12520,11.179082334580137,3.4719857278775574,1
12521,11.1798439850764,3.45373100896397,1
12522,11.253426274087198,3.4323331923675786,1
12523,11.269426753012059,3.448329139415273,1
12524,11.328442334074051,3.4539915351516837,1
12525,11.321431651461209,3.4305190917179553,1
12526,11.350471155118962,3.440019646712939,1
12527,11.374296607358284,3.4288631618461642,1
12528,11.414288157320058,3.4230103385186865,1
12529,11.42544524107157,3.4403858015195588,1
12530,11.474846612883132,3.4288238322162985,1
12531,11.487019433397904,3.436261459631839,1
12532,11.516696547971723,3.4267384825990104,1
12533,11.530343946857768,3.446477335398269,1
12534,11.565888591679055,3.428001426256386,1
12535,11.551359838304881,3.431526576036019,1
12536,11.643877633741985,3.427069107430049,1
12537,11.70593088555527,3.448625170430505,1
12538,11.752967384430633,3.4706349241033436,1
12539,11.748821571607479,3.4713312056000145,1
12540,11.76911035357905,3.423381140803066,1
12541,11.764876868936552,3.4595769775709933,1
12542,11.768443144139226,3.4542256294690676,1
12543,11.858925940539285,3.43371403444664,1
12544,11.86166105990521,3.433811999408821,1
12545,11.879783064380032,3.442161252183679,1
12546,11.917120949340118,3.424476550146157,1
12547,11.973557100641234,3.429106287087577,1
12548,11.95550423064068,3.4283526568988445,1
12549,11.94636547943387,3.4425522525834484,1
12550,11.995668053188774,3.4529175732821393,1
12551,8.008204605187855,3.5005180130217544,1
12552,8.036063787853928,3.5266177921738344,1
12553,8.067001136807688,3.4779361904351678,1
12554,8.117241441166213,3.523560153183256,1
12555,8.108451835574941,3.49560777557124,1
12556,8.144099924996148,3.503205218908881,1
12557,8.144444568064836,3.5091370133994375,1
12558,8.190306110439852,3.5164952124509155,1
12559,8.223030446674933,3.477925036068152,1
12560,8.273098890007418,3.498597009669533,1
12561,8.287856950653044,3.5092313311435346,1
12562,8.315303603613836,3.5078743031582467,1
12563,8.296280108141808,3.4895189834636477,1
12564,8.32115539112357,3.516609583148771,1
12565,8.384370720678573,3.51736907123908,1
12566,8.390298488902749,3.507847314569885,1
12567,8.353365684653864,3.4974568852966716,1
12568,8.437951597948093,3.49912981318391,1
12569,8.434383517061772,3.486533899484883,1
12570,8.42282952207501,3.493382170240722,1
12571,8.454095711179656,3.493857030156144,1
12572,8.493038498166337,3.523447041503968,1
12573,8.532501276114088,3.4917590727542973,1
12574,8.517527657893126,3.4833181167508704,1
12575,8.560635772762963,3.482686579713481,1
12576,8.59384322816225,3.503040619900107,1
12577,8.633869060315648,3.4970289837596686,1
12578,8.658573586967103,3.5126345754593284,1
12579,8.706804900055964,3.5090060583205482,1
12580,8.670269015032108,3.4895107376113383,1
12581,8.7190537386623,3.476579547547209,1
12582,8.769440037514025,3.502764711991175,1
12583,8.772377090627373,3.5217943256445503,1
12584,8.775499895738426,3.489693065453875,1
12585,8.851603123434359,3.5121474032351636,1
12586,8.826582303889188,3.5255711687026468,1
12587,8.87997230896504,3.5089892363477655,1
12588,8.904760324099364,3.4950500340902884,1
12589,8.977817005673655,3.490072530399233,1
12590,8.95834249224051,3.4949365340511394,1
12591,8.990972141069577,3.494384616552573,1
12592,8.987039474468588,3.5062062968248053,1
12593,9.089122103258365,3.498491815223724,1
12594,9.085458561804277,3.5243471888169147,1
12595,9.09738525326418,3.4929350670524486,1
12596,9.112717845119633,3.503229758769068,1
12597,9.145616450045853,3.5043362387445964,1
12598,9.197089998804248,3.5122569107739747,1
12599,9.202610496532822,3.5279243822399033,1
12600,9.222257896522427,3.495114495871828,1
12601,9.27415130899252,3.5012661648064514,1
12602,9.301007922933117,3.524401426788071,1
12603,9.320905091503239,3.480165550881144,1
12604,9.316028964428078,3.5146190941747752,1
12605,9.373093119729837,3.508586285085691,1
12606,9.359344991731271,3.4988399145716933,1
12607,9.379445635297731,3.5218171027441905,1
12608,9.45951595371661,3.503440980525598,1
12609,9.430540571330349,3.5140113193989775,1
12610,9.476389100842075,3.507577454826498,1
12611,9.509514319194572,3.4932476225711864,1
12612,9.550707642133105,3.491896920402177,1
12613,9.53401302251459,3.5065250309737115,1
12614,9.574928747505776,3.489414635771738,1
12615,9.582372115140895,3.4801671843012567,1
12616,9.668701667083218,3.5245175805891376,1
12617,9.636496173552969,3.48397879957489,1
12618,9.73193553593,3.522345548988505,1
12619,9.680264917904527,3.51454834118609,1
12620,9.74381923120372,3.5130724132944824,1
12621,10.044473923083697,3.5135243050975373,1
12622,10.073224055976942,3.4992087154714007,1
12623,10.106736787713977,3.5134718373441873,1
12624,10.12780622223007,3.5116859280872545,1
12625,10.119447319300113,3.519219802277504,1
12626,10.196811524369412,3.504241032271625,1
12627,10.19306607684403,3.4938439643760564,1
12628,10.255887258993647,3.487107982419622,1
12629,10.219104220326951,3.5129516092891673,1
12630,10.266382599931434,3.5143617311338855,1
12631,10.27210956185153,3.511617425734575,1
12632,10.292806411040171,3.478307056955824,1
12633,10.304779652065625,3.4874886799242946,1
12634,10.313263254777151,3.5157462272618627,1
12635,10.347831202347871,3.4832032896118896,1
12636,10.353113290423952,3.476242144988115,1
12637,10.372084835053476,3.501101130839022,1
12638,10.329698370903703,3.5206034305387064,1
12639,10.37720901180294,3.5165181308844127,1
12640,10.421962574952358,3.48523702529708,1
12641,10.40246738156384,3.4901195900914765,1
12642,10.47812129370211,3.5010946233436275,1
12643,10.467687496107963,3.4924717864628025,1
12644,10.515349630581374,3.4979329501916534,1
12645,10.50603074667647,3.4860297429523097,1
12646,10.528162578440043,3.4809866366649396,1
12647,10.501551783241265,3.4883713768900164,1
12648,10.535435457651593,3.5096715498671647,1
12649,10.563704547313378,3.5290066291445243,1
12650,10.541381647201904,3.4904238332000244,1
12651,10.543235922781168,3.489025497732487,1
12652,10.615046462119334,3.506831820439228,1
12653,10.617245194516293,3.498608074296941,1
12654,10.635409638297023,3.4853878391543884,1
12655,10.645833631338533,3.5052772374755494,1
12656,10.679286601598472,3.493837348414636,1
12657,10.672948396358962,3.5085581220953332,1
12658,10.71102178867999,3.5274585978317177,1
12659,10.700619221012868,3.5131875411617903,1
12660,10.727092656565997,3.5158236154562243,1
12661,10.762869120239586,3.5031338584435794,1
12662,10.775966592254996,3.4769662427621464,1
12663,10.782046413713918,3.5263193259039323,1
12664,10.828244731518778,3.5031262312096776,1
12665,10.845463442787972,3.486748062274652,1
12666,10.821158160546844,3.4808698526705117,1
12667,10.878805060573805,3.5094827426885233,1
12668,10.879717086931146,3.4943360557508263,1
12669,10.906372628118598,3.4969738440175218,1
12670,10.940353660254262,3.481832555749864,1
12671,10.946325178085578,3.51601434051186,1
12672,10.912392407900477,3.4774499264398706,1
12673,10.984600123929887,3.5234560574249714,1
12674,10.973551761542,3.4973756947062453,1
12675,11.065058148662967,3.4892594774332997,1
12676,11.071284857636167,3.488437844199898,1
12677,11.157703585504775,3.5216913092264996,1
12678,11.157868631607876,3.5020988713104724,1
12679,11.198270031343522,3.4850458588342668,1
12680,11.19696874508744,3.525404550918313,1
12681,11.26964221049151,3.527552198772986,1
12682,11.263489597944744,3.528982268175908,1
12683,11.311855383764925,3.4873221545793323,1
12684,11.30992262959806,3.478705056069394,1
12685,11.285589804055142,3.4907413856238687,1
12686,11.353820799531308,3.485868223531748,1
12687,11.383010085719597,3.476112000272688,1
12688,11.346319652136899,3.4814168573170132,1
12689,11.413607651597019,3.507423150368058,1
12690,11.442808720617226,3.5068893036924975,1
12691,11.427152976418375,3.508217359214332,1
12692,11.4887428201255,3.483320821257927,1
12693,11.447444603749235,3.4967132059597468,1
12694,11.45377520599413,3.5127441229809193,1
12695,11.52004698647213,3.513396003472348,1
12696,11.51994084663754,3.512912216332381,1
12697,11.510293794195315,3.4980929034046278,1
12698,11.562418892817508,3.5065963405287808,1
12699,11.574592237538054,3.4964343551382253,1
12700,11.64756153825876,3.5177999761771,1
12701,11.687037260472342,3.5205851993876127,1
12702,11.743583129344387,3.5067365127364347,1
12703,11.74394221696159,3.5249420007630223,1
12704,11.810088294280872,3.494984957968488,1
12705,11.773682157662776,3.497293255782118,1
12706,11.859657802440534,3.5123294480134364,1
12707,11.83208422047469,3.523584551575235,1
12708,11.923271642336077,3.482102495993799,1
12709,11.924432450880808,3.478879133311043,1
12710,11.968535431968627,3.4941898998970204,1
12711,11.967409997077386,3.494263720582865,1
12712,11.965095301941313,3.5195052748411877,1
12713,8.037065969294188,3.55803749637775,1
12714,8.054769880747793,3.536868369605892,1
12715,8.076775120033261,3.54994244349354,1
12716,8.093273542506623,3.579729782025684,1
12717,8.09463002631477,3.5588783578397045,1
12718,8.168664102491636,3.5396440983752546,1
12719,8.17962817820491,3.532935307861363,1
12720,8.173097701900348,3.575623571419147,1
12721,8.187073055275462,3.5331254302363377,1
12722,8.210836755206019,3.563826775806617,1
12723,8.195061612428242,3.579585493856059,1
12724,8.261367919012338,3.5579958298420924,1
12725,8.2611339081006,3.5645716610750933,1
12726,8.258767706612659,3.5660141172012314,1
12727,8.327983632504438,3.564392534193097,1
12728,8.325316468811172,3.568243439022185,1
12729,8.333828992543571,3.5399338459123344,1
12730,8.360768252397394,3.5471607704524017,1
12731,8.361543854276842,3.5765364290325294,1
12732,8.34780861263841,3.567556862277789,1
12733,8.42337148609234,3.543629034975285,1
12734,8.44503432249346,3.5759228703174033,1
12735,8.479717673891505,3.54320930683379,1
12736,8.476129839097714,3.5576354223039184,1
12737,8.547392255775554,3.5734869670635634,1
12738,8.51226259457415,3.5663300810611944,1
12739,8.595479413948736,3.5397385350055015,1
12740,8.600158185501051,3.5691564868317847,1
12741,8.634622219212018,3.580270321447195,1
12742,8.659433132870175,3.5771739304134242,1
12743,8.70492409958061,3.5576148678115893,1
12744,8.669781935871317,3.5367380659451033,1
12745,8.724769574903156,3.568887171258579,1
12746,8.733498871241846,3.5531863465325735,1
12747,8.817733341981668,3.577180094613182,1
12748,8.803789370342166,3.578682039730394,1
12749,8.795713637138814,3.5604386178681993,1
12750,8.82426931989483,3.5590617354292196,1
12751,8.862939910313164,3.5456764961607283,1
12752,8.872553326135444,3.5432631169957256,1
12753,8.902548954172497,3.5766804955865585,1
12754,8.91905228059925,3.5820049991734213,1
12755,8.960664290904708,3.5612363107694587,1
12756,8.950033912694517,3.531766764664936,1
12757,9.035113677562451,3.55600498210887,1
12758,8.984505248640556,3.5388861248763437,1
12759,9.078097275556008,3.554235287225009,1
12760,9.082752074812488,3.5622072236952684,1
12761,9.117869789551214,3.54467124298199,1
12762,9.12589348822395,3.5390313334656134,1
12763,9.16408471635514,3.577056593254634,1
12764,9.192792786040016,3.557706684949652,1
12765,9.215863118741796,3.5329556291577306,1
12766,9.226562815317148,3.5417755831053643,1
12767,9.301365448935917,3.578747123843913,1
12768,9.253860659116242,3.5660931620821446,1
12769,9.337855697418775,3.57517217415403,1
12770,9.309619981687957,3.56163579876798,1
12771,9.35965723487669,3.56992053956607,1
12772,9.386697449374836,3.549696048383319,1
12773,9.414100021885359,3.58199843580055,1
12774,9.425235909898417,3.5342656038303417,1
12775,9.465300408444294,3.5304915691725136,1
12776,9.480979273303543,3.5737972244385503,1
12777,9.55341193073521,3.582405404354919,1
12778,9.521442074206288,3.5677881931879627,1
12779,9.595204173137454,3.581308870699972,1
12780,9.619905247161766,3.5738640320936748,1
12781,9.649657709024536,3.5412856475401724,1
12782,9.640915696994439,3.5550186732135924,1
12783,9.697462625880537,3.552937193103122,1
12784,9.691043973070721,3.5531442852073987,1
12785,9.753885235781123,3.5508435717295783,1
12786,9.76397252369419,3.5391350499205907,1
12787,10.09542865031704,3.5697710157167273,1
12788,10.09373154192336,3.542233779957198,1
12789,10.15093475924163,3.563256547210823,1
12790,10.158075723272642,3.5818760984413145,1
12791,10.193758307501037,3.5567373812104472,1
12792,10.161854461799495,3.5363076411224936,1
12793,10.195050055567107,3.5536594473958956,1
12794,10.199206802008128,3.5646546905644287,1
12795,10.217897328387691,3.5545600021932167,1
12796,10.256355870825033,3.5425892707644007,1
12797,10.239670019344073,3.563205159442989,1
12798,10.243124952146534,3.543880754106933,1
12799,10.239605257188169,3.5637005207903596,1
12800,10.281553592968713,3.557681804128805,1
12801,10.291673389403712,3.540751017523066,1
12802,10.311012763743603,3.572321231109523,1
12803,10.287325274066372,3.549366905846698,1
12804,10.287490737359992,3.575640638817669,1
12805,10.338597456615854,3.5547540982974524,1
12806,10.340125189339958,3.580891477036233,1
12807,10.368241899513372,3.575647762066158,1
12808,10.349609699751454,3.561009957479517,1
12809,10.365622328608797,3.5785953047260324,1
12810,10.384746247432851,3.579218479691911,1
12811,10.403767526627394,3.55539932342624,1
12812,10.414657756675783,3.568288593063503,1
12813,10.420048967945585,3.5315581201227957,1
12814,10.46483133308387,3.5509966733099856,1
12815,10.461267858278214,3.538040303241272,1
12816,10.449025335924112,3.5370059309420574,1
12817,10.490711732657577,3.5708208428756647,1
12818,10.504893563783694,3.547294506221271,1
12819,10.504569008688307,3.572801557394235,1
12820,10.537587012546123,3.5365696047337525,1
12821,10.587093952342062,3.545024105745895,1
12822,10.613152420174064,3.5297844268684804,1
12823,10.603671502009266,3.546915711569697,1
12824,10.59675657927,3.5611918312401976,1
12825,10.694251981653629,3.573420309198564,1
12826,10.682021207705422,3.554420450888688,1
12827,10.679381885877275,3.5526841974409025,1
12828,10.673268480209611,3.5828790612886365,1
12829,10.728276419853737,3.5760479298612684,1
12830,10.69730635989738,3.541688033986757,1
12831,10.730304172066628,3.576832099721687,1
12832,10.793963359583321,3.580343745002962,1
12833,10.801149670313567,3.5341275722240137,1
12834,10.827632916587016,3.5613118758609317,1
12835,10.818736072697664,3.5719755767058756,1
12836,10.86460013178126,3.5518342157555436,1
12837,10.88307564249035,3.5705015811949905,1
12838,10.927769434396026,3.579026665510074,1
12839,10.929015958310762,3.544473903973653,1
12840,10.972700921679026,3.5557853569637445,1
12841,11.0005021346963,3.565264930678673,1
12842,11.045647285848904,3.5299899101014613,1
12843,11.054469792876068,3.5311710396801494,1
12844,11.077940294078989,3.55966998646189,1
12845,11.105668550684005,3.5816811330249374,1
12846,11.159746909748344,3.555069645362229,1
12847,11.159584623133055,3.5313079860875085,1
12848,11.215969004120469,3.5413457046486987,1
12849,11.215905698497611,3.57323157490601,1
12850,11.283061378361813,3.568917897027894,1
12851,11.2521200212333,3.562522163087344,1
12852,11.264379016797896,3.5308658941564546,1
12853,11.330896183114552,3.578251664094091,1
12854,11.284184425124177,3.566840224938993,1
12855,11.329865889149488,3.5418363321539816,1
12856,11.3702192971648,3.5689384252675933,1
12857,11.374967167224986,3.5756334131893044,1
12858,11.346141756299538,3.5771516706356574,1
12859,11.377635124374853,3.582321114955824,1
12860,11.398241709837894,3.5754330287937766,1
12861,11.409811294534594,3.5332514749613253,1
12862,11.391357409727316,3.5551760107450177,1
12863,11.440247632471975,3.5345895852272458,1
12864,11.497178937602605,3.5757356006903147,1
12865,11.463088951619723,3.5771258414084857,1
12866,11.496259098525417,3.5672778200874173,1
12867,11.54377615179672,3.567934495857985,1
12868,11.499451015048583,3.542723978259132,1
12869,11.598818740551552,3.567867976353307,1
12870,11.594718415107238,3.5553241906000834,1
12871,11.633304520850253,3.5815550966157685,1
12872,11.611550685565163,3.5449697503830935,1
12873,11.70224091154478,3.5726322542570625,1
12874,11.697522815614786,3.5571850332650703,1
12875,11.725948815569636,3.5606498086635976,1
12876,11.714758504716244,3.5543899232762737,1
12877,11.802185062003298,3.5712031865586904,1
12878,11.785871551118362,3.5786522100249925,1
12879,11.830809626953476,3.56795416126708,1
12880,11.870287408968814,3.5470924649039173,1
12881,11.91758666042855,3.575601971413028,1
12882,11.8766359544766,3.5335119845196687,1
12883,11.969273083032869,3.5640297156618166,1
12884,11.947729501535681,3.5548464479466095,1
12885,11.996585335835794,3.540391012589609,1
12886,8.063416924859935,3.6094755346366836,1
12887,8.044255734157495,3.62658689992083,1
12888,8.12567390704374,3.6250350088080676,1
12889,8.090589969587002,3.596255568042073,1
12890,8.110751388267417,3.635123583717366,1
12891,8.1539897470903,3.6063534951331415,1
12892,8.179834919571462,3.602753602115987,1
12893,8.1319564474105,3.6026862726187527,1
12894,8.224569004956948,3.583176783820281,1
12895,8.229715746396762,3.628652344953814,1
12896,8.205087580884586,3.5868083955269774,1
12897,8.281475214568959,3.6007755756943842,1
12898,8.267145249225617,3.5876835419212267,1
12899,8.236283067451637,3.6280939701759736,1
12900,8.336021129588758,3.6179680984587743,1
12901,8.323584436531881,3.584590172910304,1
12902,8.384209713394654,3.629510335740099,1
12903,8.436146588829809,3.623309450734316,1
12904,8.481867660772698,3.5862453286686313,1
12905,8.518338871181951,3.61391708177428,1
12906,8.513355141676422,3.614612168945523,1
12907,8.574785198201793,3.591407157216178,1
12908,8.563135555917794,3.632100036784084,1
12909,8.625831342564341,3.62352820001928,1
12910,8.64565344524336,3.6254060188758035,1
12911,8.675513167115694,3.595982782959381,1
12912,8.714776111894626,3.586061514666891,1
12913,8.767477278188998,3.5854523019006823,1
12914,8.754344975944793,3.6107021828034602,1
12915,8.795761514009266,3.606655029615417,1
12916,8.778561289886584,3.628398162199717,1
12917,8.833072723250972,3.6295450152445308,1
12918,8.859593520648017,3.608380090979204,1
12919,8.898739473973455,3.618612352364805,1
12920,8.90929540413337,3.6053507326769325,1
12921,8.967960742014473,3.602226435936113,1
12922,8.932693434495313,3.5855515486833585,1
12923,9.030811796722503,3.6292910978972026,1
12924,9.003135063837204,3.591492614598627,1
12925,9.08026763515151,3.6331194731624215,1
12926,9.090215786326185,3.6039018842350576,1
12927,9.120783399196336,3.5907480136961447,1
12928,9.09215768553763,3.597690663459785,1
12929,9.174087399200072,3.5893937030620484,1
12930,9.192775242923506,3.6273812702602912,1
12931,9.218977820566376,3.622300420521484,1
12932,9.201683352552894,3.609571037526968,1
12933,9.252229579698845,3.5971371330674606,1
12934,9.274495196521682,3.6079017349318243,1
12935,9.312546233512736,3.6320303219772905,1
12936,9.356534138009643,3.630185814551614,1
12937,9.376067934054165,3.6167558515777336,1
12938,9.362210086235626,3.602937681051058,1
12939,9.422189007375193,3.6113519201213844,1
12940,9.46409514205138,3.5976990902258428,1
12941,9.48583821776731,3.5882712538194275,1
12942,9.494585448720786,3.585618099186862,1
12943,9.53080162113632,3.627485296141688,1
12944,9.520638088484878,3.6247261054595405,1
12945,9.541323945392074,3.605357256596803,1
12946,9.620378121520456,3.603270498194793,1
12947,9.591862435587144,3.6053593643694217,1
12948,9.603879366090792,3.632642601145836,1
12949,9.634855971353154,3.602433707624244,1
12950,9.659028286049583,3.594887168255823,1
12951,9.678033693047734,3.5943979518063,1
12952,9.680988478562428,3.611276536740588,1
12953,9.718141434992342,3.610418761527285,1
12954,9.730933927849064,3.622748993927325,1
12955,9.77466354838057,3.633785928816847,1
12956,9.77500705756006,3.5854574932478562,1
12957,10.046517754947109,3.6270504892257174,1
12958,10.050257018760979,3.585868154732777,1
12959,10.098420591732351,3.6001139355905343,1
12960,10.07097387434568,3.6355735134173393,1
12961,10.085675818609236,3.635069353621737,1
12962,10.10286059744139,3.5907419252452595,1
12963,10.113626111247253,3.583616838812798,1
12964,10.123880422979878,3.6004048639151214,1
12965,10.139650450106194,3.631257466935281,1
12966,10.135788308428983,3.6097438338874825,1
12967,10.20898228063566,3.6189086409851123,1
12968,10.196329829089143,3.6031742814483536,1
12969,10.167193671530905,3.6284212674474166,1
12970,10.173113408177583,3.6050465556877604,1
12971,10.16771306310577,3.5832009178793314,1
12972,10.231275075738987,3.5997864494372673,1
12973,10.215292321310715,3.6182183248446513,1
12974,10.246618688446658,3.5969610017559064,1
12975,10.214579425785114,3.6227826616738246,1
12976,10.245674405632219,3.627203218645703,1
12977,10.303637166652932,3.6308401854625107,1
12978,10.31139835866477,3.6241383303659234,1
12979,10.30854071404773,3.5910645577737172,1
12980,10.27393508016756,3.5917094161702323,1
12981,10.284393030637757,3.6363116812634675,1
12982,10.32928840511872,3.6178313253989525,1
12983,10.349757163434784,3.6005985167946246,1
12984,10.329468993072094,3.601116937803651,1
12985,10.347898417903407,3.632064287844126,1
12986,10.39815176311564,3.6297317148209425,1
12987,10.420299394287575,3.6058356582744713,1
12988,10.409529025233464,3.6234221999233545,1
12989,10.436498191266189,3.601421744314537,1
12990,10.47099631190051,3.6220958469315256,1
12991,10.526473606305343,3.622525109076859,1
12992,10.573489144740838,3.5846297578504354,1
12993,10.562769030318677,3.6240643799777854,1
12994,10.619486167994202,3.6153348172803677,1
12995,10.638352940417578,3.611159486472367,1
12996,10.60606767375384,3.6211401553541527,1
12997,10.651483471520155,3.60808073479599,1
12998,10.643398751152628,3.631000443585498,1
12999,10.677570038682191,3.5960457017012186,1
13000,10.647148342152716,3.5840255662777594,1
13001,10.739302666180956,3.594456498601812,1
13002,10.731053869786743,3.5911435101050317,1
13003,10.733906025707054,3.6138698842354966,1
13004,10.795079928058053,3.6314644568840313,1
13005,10.772189210066227,3.6335783717359633,1
13006,10.819092705121347,3.6114957923318327,1
13007,10.809739675499445,3.6199470923841894,1
13008,10.883219050475939,3.6025146042877094,1
13009,10.861497495750825,3.6113992725853845,1
13010,10.957343771233564,3.6042750199895814,1
13011,11.007506971372266,3.6136953193533357,1
13012,10.973718034687726,3.6323512087994376,1
13013,11.027014993691855,3.6283841994945174,1
13014,11.02081100547393,3.635517379253048,1
13015,11.056675659227889,3.63526358663359,1
13016,11.08771884042687,3.630760308671666,1
13017,11.108839831918024,3.612816591932716,1
13018,11.072311743374758,3.607649216694383,1
13019,11.175378846294548,3.5902326481910585,1
13020,11.135737971079973,3.594209891071217,1
13021,11.147689254715909,3.6029809140898053,1
13022,11.207933985182454,3.61880144267135,1
13023,11.190371311095072,3.602946827248159,1
13024,11.25330507012218,3.6361134581213865,1
13025,11.242954413594447,3.6271796744371807,1
13026,11.326562411973267,3.590984574288524,1
13027,11.290708963030648,3.6053018313196312,1
13028,11.325642162952352,3.5942393170207065,1
13029,11.380680911380436,3.606362394006269,1
13030,11.384944969194061,3.6234099252109995,1
13031,11.339468962538726,3.6116280708323085,1
13032,11.40172931833606,3.596105267804738,1
13033,11.396805767889552,3.602780435773693,1
13034,11.399576558857317,3.5912948499031656,1
13035,11.487227174509497,3.5909420452264476,1
13036,11.482263583987812,3.5880084298086934,1
13037,11.450189554446991,3.5921477412559883,1
13038,11.502237026501952,3.634193452041869,1
13039,11.529814566679192,3.61869069196889,1
13040,11.58498441627729,3.6359168530154697,1
13041,11.587496889752932,3.6338313983844595,1
13042,11.618328863044646,3.633778112842673,1
13043,11.612375240483688,3.601922627878421,1
13044,11.695050020855696,3.619305882214493,1
13045,11.673177903347673,3.5969407545735805,1
13046,11.763127423954982,3.632194428512362,1
13047,11.761979680035257,3.59713478684466,1
13048,11.771458128556375,3.5861780748599705,1
13049,11.78804320259266,3.6209188965422427,1
13050,11.820865547326596,3.6002737876988085,1
13051,11.838090224804523,3.6359670897774223,1
13052,11.890379667639555,3.5833963634433874,1
13053,11.917995325716156,3.5987376463322844,1
13054,11.95406260126235,3.6359043031216247,1
13055,8.068626730627305,3.6550267464722936,1
13056,8.022782100443406,3.6769838639922012,1
13057,8.126927658041248,3.6565579688314256,1
13058,8.08665992841096,3.640128652933963,1
13059,8.141539776904066,3.64459854058746,1
13060,8.174884792716226,3.6727985638150575,1
13061,8.195532195392401,3.6643223102977083,1
13062,8.182246590435131,3.6613067151276195,1
13063,8.266042514264608,3.6379099875019505,1
13064,8.283624149161,3.6726046099320646,1
13065,8.317645251107097,3.6561439269963554,1
13066,8.393437457605431,3.6706824466724255,1
13067,8.445956698716836,3.6672550906663486,1
13068,8.449832124921011,3.66152101430548,1
13069,8.485336080722718,3.6595275120648374,1
13070,8.548027228700438,3.6423904847216453,1
13071,8.541573704157324,3.670788602759884,1
13072,8.598855901609666,3.6767732512412317,1
13073,8.587014113839663,3.644715660784833,1
13074,8.629069923583174,3.689188172556813,1
13075,8.641854692364786,3.6543631524315012,1
13076,8.670090951449716,3.6757511545417745,1
13077,8.708298061962482,3.648113380064007,1
13078,8.759391094993541,3.6660429297771007,1
13079,8.753452455719028,3.6396843103783483,1
13080,8.818289117584786,3.652039738175839,1
13081,8.779359000731327,3.643366089891341,1
13082,8.816891120734997,3.651360443808422,1
13083,8.866532274312064,3.678018660207917,1
13084,8.873156020309633,3.6672001068627247,1
13085,8.858591640040675,3.64845021930245,1
13086,8.882983817099474,3.6712786929177135,1
13087,8.916762479014677,3.6735360906024344,1
13088,8.959802397772515,3.666171577018934,1
13089,8.947092369837724,3.663566421298537,1
13090,9.031134786828893,3.6597712302378724,1
13091,8.997652278946573,3.658183394836079,1
13092,9.077192728881965,3.654175090741376,1
13093,9.068222033573749,3.6433596407053015,1
13094,9.125851774761404,3.683184019312084,1
13095,9.109365753922475,3.6541498086737922,1
13096,9.183796664742582,3.6652562617873743,1
13097,9.2211454680647,3.67782029867158,1
13098,9.269903592239261,3.683979908323359,1
13099,9.320252605237709,3.6576625380857037,1
13100,9.34117012109159,3.6734888636548075,1
13101,9.383403980392835,3.6833720438977946,1
13102,9.390423992803727,3.661408731603808,1
13103,9.421452263931705,3.6638815566294753,1
13104,9.427550166093992,3.6894935955397297,1
13105,9.468724608900805,3.639322407712849,1
13106,9.474769658617278,3.640796929846914,1
13107,9.508098851527146,3.65412687240009,1
13108,9.551608737763896,3.675397821888004,1
13109,9.551951938192683,3.651949812252571,1
13110,9.529982913092224,3.641938601850632,1
13111,9.614251322127805,3.656601614103996,1
13112,9.60107884597169,3.6721161615962323,1
13113,9.615037723201542,3.640150349810691,1
13114,9.595722613865757,3.6775185954207603,1
13115,9.670214352261198,3.6889898890460864,1
13116,9.640925301453331,3.653404066657066,1
13117,9.663392069159519,3.67169326399091,1
13118,9.640745472156777,3.675649236275208,1
13119,9.687967256780903,3.6474194324731233,1
13120,9.72789268006854,3.6604883571977482,1
13121,9.710388947958178,3.667705749563382,1
13122,9.725672707253008,3.6584884753666937,1
13123,9.7480436510313,3.676675168152552,1
13124,9.758000905969054,3.6806312872682407,1
13125,9.773240906001238,3.660960412002409,1
13126,9.900234442100494,3.646945088749413,1
13127,9.97079275518395,3.636835645812252,1
13128,9.961670068552854,3.666805577926926,1
13129,9.95877529294829,3.650860418607856,1
13130,10.05095061879697,3.6760379609951044,1
13131,10.046966382924271,3.678041238382127,1
13132,10.003444452980565,3.6616221199671277,1
13133,10.032548759508826,3.6525757179010987,1
13134,10.055073947094924,3.6852413178518035,1
13135,10.06151481637816,3.684319885768973,1
13136,10.101562214883279,3.671775184341238,1
13137,10.083262911434295,3.688550230575083,1
13138,10.069311883003449,3.686301838511524,1
13139,10.157929406269023,3.6781141653852925,1
13140,10.11303714132716,3.6844908228396016,1
13141,10.121782782528928,3.653997604376438,1
13142,10.129530828479087,3.6489607083176616,1
13143,10.129400351759534,3.6448200980371657,1
13144,10.203122134777862,3.641770394511258,1
13145,10.165962680073818,3.656239015355608,1
13146,10.210859690403153,3.6752681398550804,1
13147,10.226106542358973,3.652454434270048,1
13148,10.228776697976532,3.6778019175799654,1
13149,10.216209322663817,3.6724399052286314,1
13150,10.310343860373452,3.689192462543502,1
13151,10.317194098725311,3.663081863457412,1
13152,10.304514983592998,3.654635438625295,1
13153,10.359076269446822,3.651780570742015,1
13154,10.3226442434631,3.644053342538928,1
13155,10.357822671436214,3.6767289884010923,1
13156,10.377255823721251,3.66184856358959,1
13157,10.42655619697035,3.6761544311858896,1
13158,10.468292401586696,3.6526965111343705,1
13159,10.506499087850665,3.673441719775026,1
13160,10.536540044792872,3.6392726173171517,1
13161,10.561123814956256,3.657050825315453,1
13162,10.612309852623882,3.6500301879998367,1
13163,10.634414921289947,3.681167337344501,1
13164,10.631515913284426,3.639891304956469,1
13165,10.607408539080385,3.6372103640044466,1
13166,10.67743022649849,3.6620309841466057,1
13167,10.692410134840738,3.6496865368176117,1
13168,10.683950250901482,3.666502723522123,1
13169,10.68197898783857,3.683319244973608,1
13170,10.748648410445442,3.6587903996715903,1
13171,10.695218598327752,3.662334293492745,1
13172,10.785710830658198,3.685221443254145,1
13173,10.775835568242691,3.6571013670109553,1
13174,10.816784137481921,3.6526753609085643,1
13175,10.829192988699699,3.6770673239708715,1
13176,10.875806379585283,3.6500082334454236,1
13177,10.856309841683572,3.684534154686555,1
13178,10.911380217069132,3.6438252919392973,1
13179,10.935447168659048,3.669483113135632,1
13180,11.00026338838885,3.647432814286399,1
13181,11.00319795545004,3.6630136370805593,1
13182,11.020935273841499,3.6486862936946185,1
13183,11.063102523958687,3.6455907319698553,1
13184,11.107080775768765,3.6393301143725654,1
13185,11.10289742131082,3.6512661721180835,1
13186,11.172868057813655,3.6481893594470782,1
13187,11.140477901920294,3.640871066544754,1
13188,11.177532650915445,3.6397484123188857,1
13189,11.183298345695642,3.671759482003203,1
13190,11.252690246671802,3.6880446903039026,1
13191,11.25571805866325,3.6500004508540917,1
13192,11.304523414779077,3.6683234236109894,1
13193,11.306451495571578,3.6386636697506813,1
13194,11.345957508859856,3.6527459379597125,1
13195,11.349606811182612,3.6714700417595867,1
13196,11.35190908817257,3.650905541954443,1
13197,11.397022344848036,3.649011335674507,1
13198,11.397831677896283,3.6620412293643647,1
13199,11.421312176357976,3.6392577747775827,1
13200,11.489873325113265,3.6399290613700295,1
13201,11.45619907756574,3.6540116432908722,1
13202,11.479326024206816,3.6868100868397224,1
13203,11.545521167236243,3.6426558860447833,1
13204,11.519049087837995,3.6405532946917933,1
13205,11.579463200221731,3.683538343473694,1
13206,11.586907246150867,3.656480796628171,1
13207,11.629085445016756,3.6434871612733852,1
13208,11.651803177391743,3.642987345572574,1
13209,11.694606204215226,3.6842444327955253,1
13210,11.6878499703619,3.6403502097409937,1
13211,11.728771408934682,3.6723827054570783,1
13212,11.718553039591434,3.640518204241666,1
13213,11.802445407308912,3.637428099283915,1
13214,11.81042627045478,3.646389438463004,1
13215,11.844136516654613,3.6701374920550323,1
13216,11.83953309841926,3.639324775085835,1
13217,11.921671890963848,3.6681405070891815,1
13218,11.8814797002485,3.64857169254869,1
13219,11.966513856373279,3.6700607252282733,1
13220,11.994510537408265,3.6676798455932995,1
13221,8.059216885352821,3.7270374671724977,1
13222,8.048254872958463,3.703173300366108,1
13223,8.125625067041781,3.7091815884905226,1
13224,8.090071678973239,3.7201876745703806,1
13225,8.152761404064142,3.7228970609886973,1
13226,8.226744383571432,3.7339714046701173,1
13227,8.23868526642248,3.7019848787416816,1
13228,8.2938047586087,3.6938923113958793,1
13229,8.376704725082588,3.7268554128702465,1
13230,8.425981965506079,3.6905273274370476,1
13231,8.48125856671603,3.7408202958559316,1
13232,8.456381631416622,3.709256836657387,1
13233,8.528738922928008,3.739155243496747,1
13234,8.546273090448269,3.723217473622318,1
13235,8.579883719849521,3.7080785237263014,1
13236,8.584092559221512,3.7027308855931294,1
13237,8.631173701459277,3.6960042215825726,1
13238,8.628351267236766,3.7316114074833897,1
13239,8.666182128363863,3.7283003835372073,1
13240,8.713854591579485,3.722836251444172,1
13241,8.763134505839904,3.7302252579204973,1
13242,8.734344592223788,3.7369082565213136,1
13243,8.817785884760498,3.699259735216865,1
13244,8.818697810285212,3.726613558830353,1
13245,8.788051930120044,3.692258661071713,1
13246,8.834997630205342,3.737674488182851,1
13247,8.862191101718448,3.7069142482780917,1
13248,8.859205118465386,3.728085897507946,1
13249,8.886349580227023,3.7358729912140958,1
13250,8.891626124638801,3.699832356674272,1
13251,8.979577285349965,3.7033753897169683,1
13252,9.00356913885392,3.7204363346346163,1
13253,8.983988601066935,3.732016979895658,1
13254,9.043757353809719,3.7200867481122604,1
13255,9.046256068307436,3.702753718580419,1
13256,9.129979292643892,3.7185933551679597,1
13257,9.11639804175746,3.723533897294778,1
13258,9.150130643637588,3.697332156697147,1
13259,9.213088597598292,3.7004148110619326,1
13260,9.292240572487493,3.6944986246194382,1
13261,9.265693661588662,3.697080188078757,1
13262,9.356613384007327,3.696969949779116,1
13263,9.320583235082301,3.7221606472101887,1
13264,9.377257251865364,3.709085338840725,1
13265,9.40630273957234,3.7426122272169575,1
13266,9.446856084185871,3.709403430258076,1
13267,9.435729750810639,3.728398268110109,1
13268,9.492760605941726,3.7002886424444035,1
13269,9.491890659647959,3.7376118679313945,1
13270,9.510871866835036,3.709463256472793,1
13271,9.515601582633623,3.730984581290618,1
13272,9.565636378489291,3.736153341880313,1
13273,9.569213684993727,3.7259143033515985,1
13274,9.537463258914883,3.7184796760993146,1
13275,9.53321593473375,3.7426207396336637,1
13276,9.625154487688118,3.727738484346287,1
13277,9.587302813106447,3.7392595450880712,1
13278,9.592457749067197,3.723585838318579,1
13279,9.581099174426628,3.7284387145623987,1
13280,9.675605595936105,3.733667178475135,1
13281,9.637617918575842,3.7387126684963654,1
13282,9.640681544253596,3.7047371006431873,1
13283,9.662653128898379,3.72213142716794,1
13284,9.679637658803022,3.740731419707752,1
13285,9.682631227599824,3.727635287709839,1
13286,9.729774708496524,3.741739595364394,1
13287,9.711889037668373,3.6956451001909953,1
13288,9.717469012712106,3.7311801356513743,1
13289,9.758940064932013,3.710635126856417,1
13290,9.748740471220128,3.731622426580056,1
13291,9.768619732767869,3.707013930258511,1
13292,9.744284723465388,3.7402514733109324,1
13293,9.82915963712817,3.703187442029206,1
13294,9.919188385469695,3.7398990898075777,1
13295,9.937594511829293,3.7107775364031186,1
13296,9.930658580108497,3.7129891063541782,1
13297,9.99716050887445,3.7075021934680423,1
13298,9.953227566677583,3.718772083280226,1
13299,9.971635383338095,3.6961188199684805,1
13300,9.954948009986584,3.722726303127849,1
13301,10.000025553010556,3.703680390744292,1
13302,10.016753783874082,3.6908547374077494,1
13303,10.029913427468351,3.741038140556443,1
13304,10.04486040114357,3.6986603541105993,1
13305,10.055428092670779,3.7221619004485142,1
13306,10.054649722696592,3.740272155384024,1
13307,10.064846164348548,3.7268070993475275,1
13308,10.116601871050507,3.7280172276241514,1
13309,10.147715289107548,3.7422571532757294,1
13310,10.125763181543727,3.739839162803052,1
13311,10.2100393338112,3.7103183520035135,1
13312,10.1857534143638,3.7265471188147514,1
13313,10.229956059374237,3.699876549178377,1
13314,10.216173904667901,3.740357110754896,1
13315,10.303957503455731,3.7309229956908934,1
13316,10.319494937301968,3.7072035259356326,1
13317,10.374325927758221,3.7049883715377283,1
13318,10.32705314531358,3.72834937706458,1
13319,10.418740089660412,3.7024330817852116,1
13320,10.397949631390825,3.7275149385415007,1
13321,10.477178282750526,3.690154436911799,1
13322,10.52105976389408,3.693050336419735,1
13323,10.539078807739616,3.729242587921553,1
13324,10.551836952626198,3.7365281771684438,1
13325,10.627456025639011,3.711424242248792,1
13326,10.620700728275004,3.738670782260692,1
13327,10.596728479424144,3.7155499764132465,1
13328,10.689498351669895,3.7129342175243987,1
13329,10.663506047720277,3.740129355350506,1
13330,10.678360378493574,3.6957634798323595,1
13331,10.690067611498954,3.732004309525436,1
13332,10.74184077057143,3.719010547231431,1
13333,10.736499235673756,3.7378377233763396,1
13334,10.732379412300473,3.7426194705210545,1
13335,10.789920802665739,3.6956170601196705,1
13336,10.770797906423281,3.7134525854263374,1
13337,10.809222760964289,3.7202830305021792,1
13338,10.812698904248464,3.728866522691421,1
13339,10.884879559028212,3.69475954509034,1
13340,10.908731806296169,3.742038837818637,1
13341,10.935224255205416,3.6972742105265097,1
13342,10.92176180686928,3.6996743789807396,1
13343,10.970589361256057,3.7007661852827556,1
13344,10.9661327853488,3.7355836825419098,1
13345,10.999640588309276,3.740754891144728,1
13346,11.014918323667933,3.7304912559502204,1
13347,11.062788296173197,3.7025782736834802,1
13348,11.025142631049198,3.714458168506686,1
13349,11.056579259412686,3.7054731448735505,1
13350,11.024997100158433,3.7279945319339873,1
13351,11.07606158083115,3.7256280834943936,1
13352,11.105729465303948,3.7064902023639803,1
13353,11.08176674541055,3.6982982284434938,1
13354,11.173943586489381,3.7117353808663482,1
13355,11.185307496276872,3.740563453974443,1
13356,11.27203593383348,3.702470454288772,1
13357,11.301346485684006,3.69207406697151,1
13358,11.336493601772041,3.724633938302599,1
13359,11.337092093490874,3.7299642782581364,1
13360,11.363459416672226,3.704406109962408,1
13361,11.442816074599458,3.7232640669640227,1
13362,11.428852207326353,3.719783227265398,1
13363,11.390913144420113,3.7410405207338124,1
13364,11.45431214383438,3.7180244209127356,1
13365,11.461087469339398,3.711116765039124,1
13366,11.457291142272688,3.718276321927348,1
13367,11.50168606557861,3.7262798314501193,1
13368,11.528446216404381,3.7341862897415403,1
13369,11.549243999049663,3.698256332093078,1
13370,11.575090633949575,3.7377611587227424,1
13371,11.570235468209146,3.6975478711597325,1
13372,11.630237138241124,3.7097491146846155,1
13373,11.650821141385793,3.715887258691757,1
13374,11.686328996434632,3.6953587630355202,1
13375,11.707326160559223,3.729038350666318,1
13376,11.73472973651679,3.6931775364182102,1
13377,11.72839058296678,3.7052091084466534,1
13378,11.786383909586295,3.7190776285021396,1
13379,11.813626535239322,3.699920833731492,1
13380,11.824798938384557,3.7309144005102217,1
13381,11.822942514155994,3.7391763689880735,1
13382,11.895331928444632,3.7399425146295022,1
13383,11.920522166852859,3.7348709156103195,1
13384,11.942819346279123,3.7185005832853077,1
13385,11.933476942101883,3.695866719097299,1
13386,8.001421139343465,3.7703043301570642,1
13387,8.051117525747205,3.7769189725009955,1
13388,8.064926036814612,3.7897396933494556,1
13389,8.075702783229337,3.768255149418933,1
13390,8.165387545511836,3.75667949058774,1
13391,8.215030081196117,3.776331878368356,1
13392,8.262312403940781,3.7764108082611716,1
13393,8.317875289020614,3.792815950501746,1
13394,8.356913924299928,3.7460383617175133,1
13395,8.419425320969658,3.7645990538315472,1
13396,8.492456557137414,3.744434508473665,1
13397,8.490887557648612,3.7436388532805993,1
13398,8.539818786358998,3.7528014284623716,1
13399,8.545895934563005,3.753925708266466,1
13400,8.596363908980955,3.7718029457321918,1
13401,8.565764333240303,3.782660352567237,1
13402,8.576222587722118,3.787124993080254,1
13403,8.65143690720108,3.7908675859265153,1
13404,8.611247346609037,3.7837130528143432,1
13405,8.676251976814353,3.793002560021779,1
13406,8.70643799623866,3.7617204038488423,1
13407,8.739649899261686,3.7883969701672253,1
13408,8.733259972421797,3.7780391232338326,1
13409,8.801387854799431,3.766864658529193,1
13410,8.816749374214991,3.7541488228686144,1
13411,8.773011550813647,3.7627601909960724,1
13412,8.85446746636534,3.7559922706794158,1
13413,8.845377393184913,3.7861391084468563,1
13414,8.846234379991705,3.7666214765785804,1
13415,8.857282656160077,3.7574997351464634,1
13416,8.90591016345285,3.7940606370248138,1
13417,8.915427683342019,3.7735782198125434,1
13418,8.883303984432494,3.7859481792578182,1
13419,8.97868650991055,3.7764497745068812,1
13420,8.94687873273029,3.763201461430286,1
13421,9.027882719141292,3.7756239559725726,1
13422,9.02910517504448,3.7857778486902163,1
13423,9.08774168552495,3.7509987651595744,1
13424,9.06816523268444,3.7486290661738555,1
13425,9.104427344686396,3.756775534384484,1
13426,9.091482066351887,3.774957090147641,1
13427,9.15846893935954,3.7782289936807865,1
13428,9.145960962005868,3.785642800824579,1
13429,9.231447854521083,3.795481544354421,1
13430,9.240241586910034,3.7861645648862283,1
13431,9.293050148428623,3.7870303698216348,1
13432,9.252271739535821,3.755703550080257,1
13433,9.333491139317776,3.77891718326033,1
13434,9.33401485191622,3.7869372581679595,1
13435,9.393036951553604,3.7787282476892687,1
13436,9.361279085057312,3.7532489400553173,1
13437,9.433639509887016,3.792694807160435,1
13438,9.41762383316693,3.7594582846218887,1
13439,9.429584444524897,3.7904255718619146,1
13440,9.41320947188319,3.789855280332458,1
13441,9.5145902730542,3.7588547108197305,1
13442,9.500330082096292,3.7806103306716023,1
13443,9.51588918318197,3.7628329503935065,1
13444,9.51840377421922,3.7478525584630464,1
13445,9.481994588552661,3.7565829697017716,1
13446,9.548148166630499,3.7827342822115213,1
13447,9.528789749556768,3.748633039264883,1
13448,9.528905458956507,3.796595827161494,1
13449,9.527064229419008,3.7714318003832568,1
13450,9.519492584609367,3.7814240591529398,1
13451,9.604242242035,3.744466180535268,1
13452,9.584798182884933,3.7442787745712587,1
13453,9.624450449846433,3.787662635089367,1
13454,9.611133372377854,3.7497084235741016,1
13455,9.674981703967354,3.756923742095463,1
13456,9.654734292270795,3.7700126446178372,1
13457,9.654190707574816,3.744683114649034,1
13458,9.644295204332998,3.7586515707398718,1
13459,9.69235502022038,3.7588607002098366,1
13460,9.689982919119627,3.7614905398218497,1
13461,9.70736780407302,3.787530943518933,1
13462,9.718707256226496,3.766535016707862,1
13463,9.731036480063302,3.7592503552793555,1
13464,9.771194938574041,3.7824849298932595,1
13465,9.769957808316025,3.7692723867367968,1
13466,9.76594187171474,3.7490295291380002,1
13467,9.76466278858037,3.7948128657785234,1
13468,9.835374510946416,3.783083778553491,1
13469,9.941768383665751,3.771381393640233,1
13470,9.925454557035668,3.7542311516802513,1
13471,9.96953277562363,3.783767936493388,1
13472,9.978458698475663,3.761421776334924,1
13473,10.050225112368214,3.7646435321275913,1
13474,10.029982970800248,3.7847556521661794,1
13475,10.101295200945007,3.752142380769036,1
13476,10.074987620683293,3.762510216859947,1
13477,10.064202168042582,3.7736309993948014,1
13478,10.132098403075874,3.7587020294811118,1
13479,10.15929232842457,3.7642596301930875,1
13480,10.161926338202784,3.7500859983180943,1
13481,10.19008834765227,3.7831883314007215,1
13482,10.258208706748377,3.778513911267855,1
13483,10.216972320959567,3.758624511686426,1
13484,10.280090629817225,3.7524992303220466,1
13485,10.309449066582692,3.7498681870142625,1
13486,10.327385168835846,3.75238931382597,1
13487,10.335448538524584,3.7668338202994924,1
13488,10.414771511054418,3.743370655614428,1
13489,10.457094698965356,3.762467179976499,1
13490,10.50032135109306,3.752374014133052,1
13491,10.545683019341437,3.7780162124145282,1
13492,10.55673140685818,3.7834239392856497,1
13493,10.6230560039306,3.7935686409014573,1
13494,10.59859537441342,3.7756795989616876,1
13495,10.634354592209316,3.780629327125358,1
13496,10.657518397012614,3.76388185039499,1
13497,10.69447205689488,3.7718096367645866,1
13498,10.68947781190044,3.771196585136548,1
13499,10.709922001203456,3.768339270249017,1
13500,10.700343890027053,3.7873463613347833,1
13501,10.735622948782142,3.7682174902147323,1
13502,10.78803597120758,3.7845666407248393,1
13503,10.791939921730306,3.7833771555202946,1
13504,10.831529742581981,3.779171664835148,1
13505,10.867598994260529,3.778941887587351,1
13506,10.87542109483086,3.7960364000087186,1
13507,10.873248998575418,3.743991945350101,1
13508,10.944730823887987,3.7911055465019348,1
13509,10.928723778931783,3.7887379379361112,1
13510,10.92199710889813,3.7620501748012334,1
13511,10.915987557172432,3.773829420752283,1
13512,10.992505285736572,3.7726279212491356,1
13513,10.978754621583539,3.770173857361421,1
13514,10.99483209573032,3.745105381000482,1
13515,10.994149027560773,3.75444728966377,1
13516,10.994262200715616,3.746792245648128,1
13517,11.022092872493014,3.793940103366708,1
13518,11.01915622118338,3.7747590923849996,1
13519,11.035823953224497,3.784259001521624,1
13520,11.054794725084035,3.7528340327728875,1
13521,11.053165159451158,3.770050430529852,1
13522,11.025509878077155,3.7783257630471523,1
13523,11.097083840719199,3.769437480781011,1
13524,11.075373886953647,3.767847020018909,1
13525,11.107606154342115,3.7481993899181965,1
13526,11.07424582967669,3.773329700573208,1
13527,11.164419170544283,3.796768016448736,1
13528,11.197838087135104,3.7658994878153944,1
13529,11.242933964253044,3.7661168862932275,1
13530,11.272727424036502,3.7738158800954933,1
13531,11.302700902483839,3.789386391620748,1
13532,11.310160419718127,3.7563704145360846,1
13533,11.354656912876328,3.753868216120304,1
13534,11.38421823912578,3.74810540488263,1
13535,11.398299459473616,3.790669364024218,1
13536,11.400593360131367,3.793935402866906,1
13537,11.433546207905874,3.785572348105562,1
13538,11.494876635355036,3.786017982265469,1
13539,11.452428719618572,3.7437264241914026,1
13540,11.482114928756491,3.77600312504756,1
13541,11.498654161877399,3.75366336667883,1
13542,11.536914991174257,3.7785170143903803,1
13543,11.550176046172,3.7545365249290494,1
13544,11.590502837514833,3.759854787692847,1
13545,11.56350167435607,3.783439236001345,1
13546,11.571340062131004,3.7824891968237906,1
13547,11.631132274614272,3.7930598305011447,1
13548,11.618775353779819,3.7469447641606646,1
13549,11.655269627825973,3.7559002149015255,1
13550,11.66028797375976,3.78778505148485,1
13551,11.664675887473503,3.7708982429522666,1
13552,11.663876294347991,3.775602929256941,1
13553,11.762891244927161,3.7895341830313187,1
13554,11.747694212940244,3.7870130211095816,1
13555,11.715870800578003,3.751523165503147,1
13556,11.798914447392017,3.780912915777493,1
13557,11.807417284548002,3.7569980939827543,1
13558,11.771248921801213,3.757547532590774,1
13559,11.832926471364733,3.7886849389683097,1
13560,11.836153920602182,3.7789332911288334,1
13561,11.837851269004013,3.7873293162712183,1
13562,11.886354468096663,3.7449927540319163,1
13563,11.898897089816142,3.7783300497272747,1
13564,11.875997758943248,3.7932030120919835,1
13565,11.953446260307524,3.783194885534946,1
13566,11.971501278630317,3.7609485250716364,1
13567,11.92598947065607,3.755502839011407,1
13568,11.984342163460463,3.7555034970078855,1
13569,11.999701063553527,3.764290495510684,1
13570,8.052023538991245,3.8246544393805078,1
13571,8.099447510034183,3.836406268431159,1
13572,8.165733287758744,3.807552370937401,1
13573,8.21108893132372,3.848918397650756,1
13574,8.221483619267442,3.8302704132398393,1
13575,8.288362102892737,3.8089992950353144,1
13576,8.241101038224258,3.810309953905383,1
13577,8.30349938155914,3.807146492801739,1
13578,8.32984690914486,3.8183475809618277,1
13579,8.39567830921863,3.8500744753483507,1
13580,8.426754029882371,3.8135223304948074,1
13581,8.473777356507648,3.8413195786377634,1
13582,8.471777850479592,3.8187955758973824,1
13583,8.552680648754306,3.8024016078837173,1
13584,8.555682459918186,3.8160939185514753,1
13585,8.506394173756167,3.800349169582872,1
13586,8.60170286228425,3.820873523806739,1
13587,8.595817947010515,3.799599805718651,1
13588,8.643438413036806,3.8176735566379167,1
13589,8.645178502290996,3.8376876879726054,1
13590,8.670482096044605,3.8221966613933303,1
13591,8.701072973682747,3.82828019169467,1
13592,8.719653035699837,3.8152654086700992,1
13593,8.746123754711745,3.844409429274644,1
13594,8.814563731248775,3.8104281895971166,1
13595,8.807259675278083,3.815330732944966,1
13596,8.79664748993671,3.8055725407040475,1
13597,8.833423610153416,3.7986848928577777,1
13598,8.855509137241649,3.8465834924659874,1
13599,8.835040881142039,3.7971837513167594,1
13600,8.826025577346952,3.8158769327178113,1
13601,8.892546024553878,3.820582037910811,1
13602,8.925838780824224,3.817098748805602,1
13603,8.88624351053683,3.8153055646622467,1
13604,8.977483476815097,3.834443269758017,1
13605,8.939204783648774,3.843534380435793,1
13606,9.011737215852433,3.8290557959347846,1
13607,9.023847254154813,3.843668259353312,1
13608,9.05947552756248,3.809905094619563,1
13609,9.057706178164338,3.8011268846325397,1
13610,9.082210265549657,3.8080643712064726,1
13611,9.138276791701893,3.8199626428801925,1
13612,9.132125911726062,3.8432169965887626,1
13613,9.166355607454042,3.8108372472840744,1
13614,9.185293237050455,3.814219877857626,1
13615,9.176701342636502,3.8287505898919534,1
13616,9.214478181686944,3.828320345297513,1
13617,9.221855176568182,3.808878449455355,1
13618,9.209126674244493,3.824040933128918,1
13619,9.262181408886581,3.8046667590673584,1
13620,9.278845706275812,3.7970559978503493,1
13621,9.331835775076135,3.837658181934314,1
13622,9.348469950636993,3.8035223492506463,1
13623,9.393792254877004,3.8076365673528523,1
13624,9.387324678771094,3.806229245884273,1
13625,9.3734425394707,3.8250427117663284,1
13626,9.37771464790687,3.82479468698799,1
13627,9.451974619162447,3.815834716694153,1
13628,9.439008911971342,3.8167771781044424,1
13629,9.456281930785185,3.816389270471188,1
13630,9.432009262266673,3.8428799808927483,1
13631,9.457547634333956,3.8440256463940594,1
13632,9.468611811172574,3.7970316488579536,1
13633,9.515290251121623,3.8133561248618304,1
13634,9.498598437506955,3.8477910629247094,1
13635,9.505420464158407,3.807002729520933,1
13636,9.514091794706923,3.837669676642348,1
13637,9.46982373794959,3.83421174178798,1
13638,9.5379577432788,3.804981358195915,1
13639,9.537720744936156,3.804351703598051,1
13640,9.53044600663453,3.7970679503659603,1
13641,9.570547190481525,3.817482864635132,1
13642,9.539736560076195,3.8286792831749685,1
13643,9.592332284829176,3.8494515281049173,1
13644,9.612797318129191,3.81679558751361,1
13645,9.574739753597433,3.849268804308387,1
13646,9.57612270732791,3.798038597884641,1
13647,9.675827522931842,3.8049157125988367,1
13648,9.639423848546999,3.8042594631471114,1
13649,9.663713961894752,3.829951253166799,1
13650,9.657299263542766,3.8280816888966003,1
13651,9.726986017608267,3.807024855531394,1
13652,9.72482455124289,3.802290804096057,1
13653,9.73043662092373,3.797731790328332,1
13654,9.77713868899075,3.79684357318237,1
13655,9.7392204185393,3.8480250689501476,1
13656,9.750385756964407,3.8499899526412555,1
13657,9.820438925125114,3.7992228149679237,1
13658,10.05337551205054,3.838666534039179,1
13659,10.081909157488449,3.8367713747176326,1
13660,10.096387037090775,3.8472517205293877,1
13661,10.10955193972811,3.838608031211319,1
13662,10.136307639151836,3.8430915314333287,1
13663,10.209083585778709,3.8370253509679006,1
13664,10.20131184911018,3.797027556263038,1
13665,10.260242233328055,3.822508634056524,1
13666,10.239509257912797,3.813151095527358,1
13667,10.291087455769805,3.833804307019675,1
13668,10.320540791990906,3.8353172712768204,1
13669,10.341467346695998,3.826152561468666,1
13670,10.335349766523043,3.811871007190036,1
13671,10.416714751620676,3.797376728179442,1
13672,10.42625233124213,3.8156467879380247,1
13673,10.460716299415017,3.8245703738201353,1
13674,10.484445904386215,3.835361431872047,1
13675,10.549571109774789,3.8135154381636105,1
13676,10.542497290535513,3.8427847486152085,1
13677,10.618483641727195,3.8113742309091423,1
13678,10.622974415728159,3.84666447788694,1
13679,10.689555543952471,3.8027341036671833,1
13680,10.655950685155082,3.8427708554797397,1
13681,10.716569284579684,3.833328685649873,1
13682,10.709053114815658,3.8482811835384267,1
13683,10.772910629144917,3.8005713712707823,1
13684,10.77542240593524,3.8050169146796025,1
13685,10.84018007283934,3.807925404716788,1
13686,10.829800565671116,3.824102495484446,1
13687,10.862105426155624,3.819996629617179,1
13688,10.869757788983902,3.7980627103756763,1
13689,10.885772323452022,3.8341897318818985,1
13690,10.958696009663491,3.815523931057456,1
13691,10.932855188644726,3.850083060479292,1
13692,10.923399572357097,3.806550272104451,1
13693,10.93254620826116,3.8130725724544274,1
13694,10.938853947799128,3.8189528519148292,1
13695,10.97303435705762,3.8281995473641777,1
13696,10.989812744990099,3.8073231542767623,1
13697,10.992396842364569,3.7978198488645614,1
13698,10.985317166979081,3.8114807276133154,1
13699,11.008165900809603,3.814077705610228,1
13700,10.976476048522606,3.8165270838516436,1
13701,11.065026812919378,3.8330672971524917,1
13702,11.064365515576291,3.7996081460066016,1
13703,11.059023796814973,3.814766488878255,1
13704,11.03837540082394,3.845744812497747,1
13705,11.044936941505048,3.799670141026023,1
13706,11.060742559143046,3.8443052084524316,1
13707,11.082518753612414,3.824793393549744,1
13708,11.109783441602355,3.816137934886903,1
13709,11.075595382641103,3.836849982596559,1
13710,11.096937446799647,3.8103614325823276,1
13711,11.164815462345683,3.8236933707207634,1
13712,11.124418687456465,3.814338479185592,1
13713,11.220940132618308,3.823597592621726,1
13714,11.27137235168783,3.813439217408127,1
13715,11.283576582940862,3.8405014616964013,1
13716,11.384478111338856,3.8410640555168527,1
13717,11.34630143800467,3.8178065947835096,1
13718,11.423910765381391,3.799237353391217,1
13719,11.400203426108959,3.836839175243159,1
13720,11.48464150063001,3.8184423533998824,1
13721,11.452983630652394,3.808295665591538,1
13722,11.46259623544251,3.8361028230932726,1
13723,11.530385469426811,3.806432472269286,1
13724,11.540133078059904,3.8123027769794837,1
13725,11.506938370307257,3.835955799294165,1
13726,11.598937207501018,3.8110506669402677,1
13727,11.564366692848722,3.830767792555673,1
13728,11.551325642557904,3.798374363218888,1
13729,11.62337433501268,3.820977401676457,1
13730,11.628105292873013,3.849817852002644,1
13731,11.620911165945296,3.8494433602133062,1
13732,11.662800827039256,3.826852199188483,1
13733,11.698831333129332,3.8438185529998528,1
13734,11.681764773652597,3.8334765361016827,1
13735,11.725014877783288,3.8063908735149043,1
13736,11.711521749742063,3.810744733957942,1
13737,11.739437497982287,3.816499149589629,1
13738,11.811222475338138,3.8216720977705974,1
13739,11.787301712926874,3.8426529929938016,1
13740,11.782156446390712,3.810940790216992,1
13741,11.860354688144671,3.7993217724689847,1
13742,11.824432455105399,3.834255213355117,1
13743,11.84902079005431,3.8442342547968655,1
13744,11.897568832239468,3.847309526396989,1
13745,11.911891492768818,3.8179187857269397,1
13746,11.884211707572476,3.805377264638923,1
13747,11.938864911056102,3.8284538312010503,1
13748,11.931994922074272,3.812590987795216,1
13749,11.936659860635064,3.816039342434834,1
13750,8.039830591385792,3.878838891647209,1
13751,8.075393552572711,3.861705234105513,1
13752,8.14532556375589,3.8887887435004393,1
13753,8.219502737668714,3.8566505282202126,1
13754,8.27721494844761,3.8600730698862122,1
13755,8.336941999448438,3.8844080392186746,1
13756,8.368719669417956,3.853514039125084,1
13757,8.432998952960181,3.8534760555083634,1
13758,8.457933463082941,3.8616905399025376,1
13759,8.473811280354616,3.853319258515849,1
13760,8.543453854089798,3.8591723586305657,1
13761,8.526617108316866,3.8982647841902227,1
13762,8.522299996947114,3.889933677724311,1
13763,8.598042094791175,3.9000257093965676,1
13764,8.593100407582718,3.9036433659585312,1
13765,8.55930202137982,3.870141479244152,1
13766,8.620378795762196,3.8818594668399005,1
13767,8.65493523884983,3.8904076683697233,1
13768,8.650395597596866,3.8741441222308857,1
13769,8.690015679227534,3.8665089344595596,1
13770,8.69511815689406,3.894639427344146,1
13771,8.75017611864989,3.8956550368562106,1
13772,8.767594899660981,3.8640503200001186,1
13773,8.797992687699258,3.8985007585990097,1
13774,8.805932591914114,3.8529273076160253,1
13775,8.775731054290347,3.8606872193236885,1
13776,8.847236472092447,3.870139846873085,1
13777,8.875948154056886,3.8742906008241746,1
13778,8.86189484723573,3.8841389083538473,1
13779,8.848540271094086,3.8708974173950157,1
13780,8.89269546445885,3.8585647579005307,1
13781,8.906956374577234,3.8748464534347518,1
13782,8.925871479194806,3.8934138684137816,1
13783,8.931399517908554,3.8574230551163566,1
13784,8.972185814459882,3.869202394555218,1
13785,8.947781269715772,3.851088051297551,1
13786,9.031052138900622,3.873698703512954,1
13787,9.02555048153881,3.857129214334636,1
13788,9.076462941442845,3.870997426001091,1
13789,9.078869429099266,3.900532685646096,1
13790,9.046590395763722,3.8682339380755524,1
13791,9.133880510042033,3.8508382757550867,1
13792,9.113707740881438,3.8602275809307023,1
13793,9.16535355419633,3.8921891048687525,1
13794,9.186375676331346,3.899839022046024,1
13795,9.163718589058325,3.8868727520904307,1
13796,9.220475320672666,3.8716861454932414,1
13797,9.24565194418314,3.8557820323447505,1
13798,9.288367024034226,3.8812743517895507,1
13799,9.29790642848794,3.8726063185888333,1
13800,9.35155541615677,3.8745683985981842,1
13801,9.329848216478235,3.852484936599433,1
13802,9.326992858189648,3.852733267102441,1
13803,9.403627119909046,3.8834002253542934,1
13804,9.410482891619322,3.87310787518941,1
13805,9.378180736237063,3.885556833113967,1
13806,9.363578067774089,3.881130887228629,1
13807,9.402035886771097,3.8932807636137388,1
13808,9.42214929140531,3.88073570330343,1
13809,9.460909034771975,3.8975131810141512,1
13810,9.44584581780537,3.8595865515269923,1
13811,9.426491287540216,3.8673263282291344,1
13812,9.460942509249561,3.869016469114467,1
13813,9.458028221905494,3.8869128491085294,1
13814,9.517602939656832,3.851373993018221,1
13815,9.500061622914965,3.8629235533123754,1
13816,9.50039537865792,3.880431545537601,1
13817,9.513636449687203,3.8971337867023745,1
13818,9.467112160630125,3.8886141375344647,1
13819,9.532373213126876,3.879498317175535,1
13820,9.54413166027354,3.8533110833346518,1
13821,9.543593560170779,3.8648495477818745,1
13822,9.563377454956214,3.8895380621106246,1
13823,9.619179396460321,3.874298899725432,1
13824,9.609040564285952,3.8904301103271584,1
13825,9.573005767770285,3.8741727699023336,1
13826,9.664849909397613,3.885276121691536,1
13827,9.675991151317827,3.8697646546272813,1
13828,9.692938339728506,3.857037797116052,1
13829,9.719359083011359,3.892698739171868,1
13830,9.780460729022662,3.8696406686776634,1
13831,9.807454968078803,3.894386068392378,1
13832,9.842464528445323,3.896759327236126,1
13833,9.981252208325484,3.881026008720297,1
13834,10.032173491099652,3.8893620931074415,1
13835,10.019902392520292,3.8624131892771625,1
13836,10.057443947450317,3.896207600058832,1
13837,10.102458486390496,3.8843579140910265,1
13838,10.132925238420983,3.8669652609057286,1
13839,10.123600293267835,3.8796098463496738,1
13840,10.18548647344171,3.85029219183217,1
13841,10.202556891788273,3.8848076599769437,1
13842,10.223190639642338,3.865792255372882,1
13843,10.252317682849057,3.877235184201427,1
13844,10.29886408139018,3.891219664239771,1
13845,10.344379554692257,3.899409162077808,1
13846,10.369759756637116,3.8982280669274103,1
13847,10.37786823592554,3.8589246388826406,1
13848,10.422668211687746,3.886347509549315,1
13849,10.47853350528886,3.9007448655021313,1
13850,10.503006893462784,3.8998879462781475,1
13851,10.568978063158989,3.8871634220850373,1
13852,10.61771593949024,3.8975215847145614,1
13853,10.73688588770626,3.8906652111468176,1
13854,10.740499314413151,3.895592052869468,1
13855,10.785048496928159,3.8766660916538784,1
13856,10.788049877236718,3.8927489812581135,1
13857,10.78347206129948,3.8919819386781307,1
13858,10.767241784313203,3.8722159832492706,1
13859,10.834338849672205,3.859412169443774,1
13860,10.835405165526366,3.8966287913553224,1
13861,10.8258958620579,3.8822226025687896,1
13862,10.883096020641373,3.8913128209316388,1
13863,10.906542871449119,3.8605693911505408,1
13864,10.909164786661552,3.858886515123,1
13865,10.911371105457347,3.8619587422473067,1
13866,10.921941903397796,3.8566223231374317,1
13867,10.983449816856476,3.853049598690415,1
13868,10.970930552867225,3.895950208495338,1
13869,10.964424835388545,3.8838349274137767,1
13870,10.998449731586616,3.8797799101616386,1
13871,10.974506422168671,3.893967558970073,1
13872,11.020483963010262,3.8823484803408985,1
13873,11.063656272586869,3.862768688132996,1
13874,11.022649061403529,3.870409020410934,1
13875,11.050507789037557,3.902425094436814,1
13876,11.020008747784503,3.860704846367221,1
13877,11.090928509319701,3.867738408285417,1
13878,11.080740517320391,3.8829819493901696,1
13879,11.101173329652104,3.8851375224140763,1
13880,11.148514848042577,3.8971114109792,1
13881,11.139060629466632,3.8789382382598285,1
13882,11.174870844539178,3.901593131104293,1
13883,11.218961767495495,3.8561918096577243,1
13884,11.179353821451581,3.8944886766783555,1
13885,11.18884438587848,3.89527933910383,1
13886,11.190117833825129,3.858760326344212,1
13887,11.279831160499894,3.8912587593199466,1
13888,11.251077510266672,3.9012246539098836,1
13889,11.248817988659749,3.8908679011785465,1
13890,11.325202729464744,3.8735213296467927,1
13891,11.310072401329643,3.8890305735711963,1
13892,11.368403661177256,3.8861613881451187,1
13893,11.34769943794782,3.8755180423284674,1
13894,11.394497106933786,3.889339338428146,1
13895,11.438999950079403,3.896892934809973,1
13896,11.411748365407481,3.8685125395118773,1
13897,11.48633718220294,3.8608337120580556,1
13898,11.478905124678446,3.8855708773785542,1
13899,11.494490614781826,3.8591316987761357,1
13900,11.51823066211073,3.8679805423529743,1
13901,11.505464838937268,3.8527084330731256,1
13902,11.546681566344784,3.857027053491516,1
13903,11.599772353303049,3.8844158907929205,1
13904,11.580274815164728,3.8556571390417274,1
13905,11.604227592175974,3.8595016048414874,1
13906,11.647246272692813,3.8806606695692603,1
13907,11.62199422332838,3.8593765639357125,1
13908,11.629175513698282,3.893865891353418,1
13909,11.668064887172365,3.871237309936691,1
13910,11.66172804448778,3.8506768766565465,1
13911,11.657961825736779,3.872922113131611,1
13912,11.736689187315145,3.8946157929453262,1
13913,11.74016328583414,3.89538026380978,1
13914,11.788376386510627,3.862208244088936,1
13915,11.81301537894876,3.881111852909818,1
13916,11.835098395392972,3.8764004788324344,1
13917,11.8362628607263,3.8998767295636814,1
13918,11.914121788528732,3.8585237910424737,1
13919,11.886245159876086,3.884385087527564,1
13920,11.942274265047248,3.884151546250618,1
13921,11.969205499041557,3.868942299366815,1
13922,11.985875685810486,3.8525556241378602,1
13923,8.057280956062813,3.904994222045105,1
13924,8.081314495732414,3.9253990058637673,1
13925,8.179515364001995,3.931633811739605,1
13926,8.226337635589845,3.9061413998557373,1
13927,8.249810236105818,3.9084722760076662,1
13928,8.340078830677195,3.9424063968460947,1
13929,8.373879890400179,3.9540091343357755,1
13930,8.448421321889416,3.936524524630283,1
13931,8.473063842335186,3.9516296189228193,1
13932,8.4643456502532,3.9103723477540195,1
13933,8.520842321111846,3.9260782945700505,1
13934,8.533141517761354,3.9317924867610308,1
13935,8.504397608914376,3.9407477756298683,1
13936,8.589058273988943,3.913918644194041,1
13937,8.578981904535853,3.9501159412103517,1
13938,8.621778083197164,3.9570109988025868,1
13939,8.628204772937297,3.930288143620867,1
13940,8.624179257347198,3.9446724532311923,1
13941,8.705529177926024,3.909489332823227,1
13942,8.683091427224497,3.9397014279840685,1
13943,8.762105668942272,3.9307700089497715,1
13944,8.744905017678835,3.955125802323388,1
13945,8.773513618168549,3.909215173731981,1
13946,8.814600664195561,3.9280393657739365,1
13947,8.816271545300035,3.945887828702408,1
13948,8.864161666688162,3.9473475322630502,1
13949,8.87057268412135,3.9383908021642324,1
13950,8.845976801815914,3.9484621979838193,1
13951,8.82742820511984,3.9375272424740806,1
13952,8.893697682543031,3.9409310924247083,1
13953,8.903269763692494,3.9096861844982502,1
13954,8.928066003020895,3.907781929028533,1
13955,8.946620648834902,3.910733672513663,1
13956,8.946521218043156,3.9333780885427547,1
13957,8.956619468335733,3.955324342510037,1
13958,9.015568492239016,3.912711308302518,1
13959,8.991116501117206,3.9282185213370058,1
13960,8.98543212056549,3.9263935210370473,1
13961,9.085216381840283,3.9299926122579567,1
13962,9.05043145384534,3.9433481650549234,1
13963,9.082783561384497,3.910633736160553,1
13964,9.10604774482463,3.9042991060043537,1
13965,9.135321887929043,3.9092713691581404,1
13966,9.104228495393484,3.9149924862182854,1
13967,9.145266428143298,3.9079197713769935,1
13968,9.171177138967376,3.9505315469256397,1
13969,9.195884769839445,3.9364817376270222,1
13970,9.232096364053305,3.942263302064855,1
13971,9.222447378708065,3.908648492963524,1
13972,9.209307339045159,3.9270310220515565,1
13973,9.254605022835845,3.9304873977601975,1
13974,9.261699289548282,3.943979027950218,1
13975,9.345873133052953,3.9043636836962645,1
13976,9.343149236200677,3.940048923666058,1
13977,9.336681142133541,3.922283965174379,1
13978,9.369114117187186,3.916136952654338,1
13979,9.396251520192099,3.9231438962775202,1
13980,9.362095400306261,3.9123856343601253,1
13981,9.403518138565984,3.913841854396744,1
13982,9.407370466134779,3.9071175826208515,1
13983,9.46380305890406,3.9252758481874634,1
13984,9.422473338806354,3.935009884261207,1
13985,9.437331961922274,3.9435868929611844,1
13986,9.458313351992537,3.9406764197640904,1
13987,9.45950231614075,3.934460904775832,1
13988,9.50763249034717,3.921382151964694,1
13989,9.490628067297967,3.9203468529784655,1
13990,9.501492581843257,3.9384695646705086,1
13991,9.504101769060666,3.91902082709281,1
13992,9.507291361403864,3.9467017266823268,1
13993,9.529337898845812,3.9322493263503953,1
13994,9.523859757947099,3.9511730560956084,1
13995,9.565377287282585,3.9248883289391356,1
13996,9.608552604463503,3.910669775814134,1
13997,9.573696657031947,3.909357985166488,1
13998,9.675054087309489,3.9166630894144467,1
13999,9.718521796728929,3.908063471884676,1
14000,9.764614068603306,3.9485712643013184,1
14001,9.813611656785717,3.9464256460890472,1
14002,9.875404950716925,3.9469652805332647,1
14003,9.974990930363683,3.923860258497583,1
14004,9.981508399303777,3.950230389286491,1
14005,10.040080874230341,3.9569425137027676,1
14006,10.010396903840581,3.93688475501621,1
14007,10.10295291650313,3.930642869112354,1
14008,10.10624063148822,3.929663645735464,1
14009,10.157262231510627,3.9171164922228523,1
14010,10.152072269945597,3.926522986285732,1
14011,10.166223834256446,3.940951151443362,1
14012,10.213511422874278,3.9223166477234526,1
14013,10.244344620942739,3.9305382259206554,1
14014,10.225264773782149,3.940821563206483,1
14015,10.308847308710375,3.955635680968585,1
14016,10.271434220734866,3.9447243603285482,1
14017,10.328322969032921,3.9167848492087227,1
14018,10.352366744890032,3.9520229493737773,1
14019,10.427017466357343,3.9318279974052146,1
14020,10.381112013496335,3.914260665405182,1
14021,10.449728278940034,3.909380338151441,1
14022,10.509990096403719,3.906180317569917,1
14023,10.50188767911602,3.927346545992312,1
14024,10.584035627013364,3.949026603686052,1
14025,10.559511580000155,3.9063723865336177,1
14026,10.551260252282091,3.9318816583908576,1
14027,10.640499714424799,3.9250198284822853,1
14028,10.628425863998618,3.925330288453415,1
14029,10.603053199704698,3.945702571713182,1
14030,10.647499155071817,3.9185786495549744,1
14031,10.689407908779026,3.9531120138155598,1
14032,10.697111721821233,3.9068752544773035,1
14033,10.757618343729101,3.9305766927566994,1
14034,10.779711195644358,3.9126827443101604,1
14035,10.753423234473582,3.9158995932578198,1
14036,10.77870525193233,3.9373119870274014,1
14037,10.822024877606683,3.9208372392418367,1
14038,10.853570556515749,3.9247659288161754,1
14039,10.812362487258303,3.9183940320400983,1
14040,10.814768085005065,3.947803826013772,1
14041,10.903961121053142,3.924309061508431,1
14042,10.876481937116393,3.9475500621923776,1
14043,10.920786922290777,3.9174918392060007,1
14044,10.922423254392132,3.915916802484403,1
14045,10.943812935783129,3.9472197240175846,1
14046,11.006921580377211,3.9462305759234786,1
14047,10.992886594123338,3.9394656498373215,1
14048,10.971438524103188,3.937100273536678,1
14049,10.964708471063645,3.932722021200675,1
14050,10.970930176374491,3.9122073329736473,1
14051,11.054974245488161,3.9309172397609635,1
14052,11.047928770913268,3.929572756263079,1
14053,11.02476205322838,3.9500628503928836,1
14054,11.035432429836677,3.9050328975246558,1
14055,11.092239714591386,3.950375420532791,1
14056,11.114564941149485,3.9415995518023896,1
14057,11.141398913002094,3.926032719792016,1
14058,11.146991150906242,3.9140986092905616,1
14059,11.13580298350666,3.918282691633726,1
14060,11.221879650937503,3.9094395668332447,1
14061,11.193006673966064,3.935684701005834,1
14062,11.225970161764224,3.916783819076136,1
14063,11.20174528934912,3.9236900274368023,1
14064,11.263429010555882,3.9250719710502326,1
14065,11.247653056174208,3.922792607632559,1
14066,11.236416852224723,3.956314632612016,1
14067,11.240433037481042,3.9399539447100005,1
14068,11.327111690104175,3.9301403006525635,1
14069,11.329744255944322,3.914706103583695,1
14070,11.308356369929406,3.91799962063018,1
14071,11.373655107992462,3.940853380128411,1
14072,11.354469676204323,3.9315727499590962,1
14073,11.373987922573898,3.9099566574579496,1
14074,11.433395942208701,3.926390128281558,1
14075,11.43519611353214,3.953412948745722,1
14076,11.494961139717383,3.940651515869431,1
14077,11.465954449574978,3.916160428238649,1
14078,11.508308931564573,3.904737781996324,1
14079,11.499920677133819,3.9240010760156516,1
14080,11.589177271932714,3.9049673574521186,1
14081,11.551669821402255,3.9178421940127928,1
14082,11.570317475149297,3.943087407069378,1
14083,11.656270624024334,3.9213593440502135,1
14084,11.650556314718436,3.906061965115229,1
14085,11.634667788730683,3.9077919792239566,1
14086,11.704382936482503,3.9572104636444396,1
14087,11.706255294632067,3.931607533541485,1
14088,11.727837257536304,3.9154002463727826,1
14089,11.747504013689063,3.9376034580945927,1
14090,11.766344350860527,3.9249785678524187,1
14091,11.860438967673725,3.94547996774428,1
14092,8.070951857145731,3.9850768389616555,1
14093,8.07808828548929,3.976089269601987,1
14094,8.173411841359968,4.004278082114,1
14095,8.193068745845657,3.9952301302469833,1
14096,8.270001353843668,3.9710265186926423,1
14097,8.320284765938405,3.9993987445907546,1
14098,8.383522466096752,3.957774833439897,1
14099,8.432988548687076,3.980735777511465,1
14100,8.498810154332952,3.9984063652526185,1
14101,8.453286107674039,3.9733593671661205,1
14102,8.54857658448962,4.003757959502706,1
14103,8.54511857326183,3.961459009563283,1
14104,8.601551662734693,3.9967329444161694,1
14105,8.607238348434857,3.9902233456701124,1
14106,8.649359473531508,3.965301902374718,1
14107,8.634824878763215,3.967023695127199,1
14108,8.69036156991792,3.986868967410032,1
14109,8.684191459433118,3.9736969410699454,1
14110,8.749120072427896,3.9878426145046237,1
14111,8.764378549684867,3.9645642564425483,1
14112,8.792357787357254,3.985407818582759,1
14113,8.770600364074651,3.972880384327674,1
14114,8.850839106109738,3.9917425697859215,1
14115,8.848390814583952,3.993901585912293,1
14116,8.862931114230674,4.00595485307997,1
14117,8.905916631391582,3.972016583558318,1
14118,8.883332767510248,3.9963038293730464,1
14119,8.926753875110807,3.9692549946665117,1
14120,8.945821402323409,3.9750843816221404,1
14121,8.94628378068991,3.958286766311964,1
14122,8.98306418695368,3.9912512222931014,1
14123,8.99146428963323,3.964592209177219,1
14124,9.000381897097258,4.003584982413888,1
14125,9.026780430133146,3.97824965870784,1
14126,9.062471702884462,3.9677403584693445,1
14127,9.07428957643064,3.9944438046286392,1
14128,9.135174440179409,3.9650747760275724,1
14129,9.109870695159948,3.9624493148901316,1
14130,9.159851060833885,4.002820807974971,1
14131,9.185950146158005,3.980380590092251,1
14132,9.217611453881263,3.977840561027867,1
14133,9.234856058305674,3.965484761264174,1
14134,9.271812875083224,4.002143813948519,1
14135,9.286984537938224,4.003440984827919,1
14136,9.35825402113776,3.9958623281868406,1
14137,9.349948187379697,3.9739969670184396,1
14138,9.307491786738385,3.9884615322265065,1
14139,9.35696614152181,3.9997377669392424,1
14140,9.366740748324439,3.9937379001395485,1
14141,9.376480362976459,3.983504157641987,1
14142,9.372869734606434,3.997335946924698,1
14143,9.392053494427218,3.9727436407735306,1
14144,9.391018293784079,3.987138485431871,1
14145,9.397862052997418,4.010327532507408,1
14146,9.424477010858318,3.996632081744627,1
14147,9.439500906656301,3.990192393895686,1
14148,9.418973502752289,4.000018854515449,1
14149,9.428597795028345,3.9926553447540636,1
14150,9.425543809252256,3.983783892215046,1
14151,9.51651628179342,3.98023450150197,1
14152,9.466006893917879,3.9771263255707643,1
14153,9.502429438809713,4.001466175929784,1
14154,9.563716828855698,3.9870636829759465,1
14155,9.557575227715555,3.9893737849525976,1
14156,9.593285428220076,3.974568836133319,1
14157,9.613175646773936,3.966464966136082,1
14158,9.672687065684295,3.976946445209649,1
14159,9.696204085316657,3.978680015609417,1
14160,9.742454145840222,3.9805254162851376,1
14161,9.81935081344347,3.97738857707362,1
14162,9.881301475391872,3.9865467109611874,1
14163,9.92729922151098,3.978294161024093,1
14164,9.965366685928878,3.9677976937631985,1
14165,9.978117233136457,3.965057299155433,1
14166,10.026452179189619,3.9801657625193543,1
14167,10.035420030731593,3.976543775577841,1
14168,10.075704858394515,3.9662402028399795,1
14169,10.08759857960068,3.966117387611853,1
14170,10.158968874881607,4.005336637941194,1
14171,10.126311927451432,3.993675378822175,1
14172,10.141864366049287,3.983446158549088,1
14173,10.165924718266561,3.9663394762133284,1
14174,10.180266064625284,3.984415663667942,1
14175,10.215476007707085,3.981909105864648,1
14176,10.255612883988936,3.965143136777218,1
14177,10.263835979750752,4.0074224570015335,1
14178,10.229735588833083,3.968564142704995,1
14179,10.312734765002395,3.9936239202286217,1
14180,10.273938975566548,3.970326882750785,1
14181,10.291434531406097,3.9745901262444927,1
14182,10.309168649885782,3.978469424536426,1
14183,10.349754243837257,3.98325808318359,1
14184,10.336756157584563,3.980080139001901,1
14185,10.333043546561502,3.9606785659807002,1
14186,10.349345227383866,3.978803338119743,1
14187,10.391431145642597,3.9989137596142763,1
14188,10.404357398687491,3.9816764201331827,1
14189,10.378745924880857,3.987856735008135,1
14190,10.3996079242689,3.9982914371966323,1
14191,10.467295856163496,3.9751452760175687,1
14192,10.47846877127467,3.9745905794081278,1
14193,10.459508908038215,3.97910441398807,1
14194,10.445638963898043,3.984019981442246,1
14195,10.529026359377614,3.9805922382461403,1
14196,10.516648567692112,4.002834332702332,1
14197,10.522837911723927,3.9955787431935508,1
14198,10.522239527465874,3.9813769258614595,1
14199,10.551023966847854,4.007630592394896,1
14200,10.543772973674894,4.005324475734712,1
14201,10.558410324434025,3.9829849110244018,1
14202,10.569149686922794,3.9616750451758227,1
14203,10.546630630658786,4.007576815946465,1
14204,10.62908876366385,3.9748550359486607,1
14205,10.636218050229985,3.9683570523000737,1
14206,10.598997468592273,4.0030017345575715,1
14207,10.613372833008487,3.995826122128867,1
14208,10.630816811933599,3.9726285030570776,1
14209,10.643853172615987,4.002502153988881,1
14210,10.672527024585913,3.957686905938695,1
14211,10.681294876799278,3.9984529007070635,1
14212,10.64642227763803,3.964658772194854,1
14213,10.793288668119843,3.9838134056040304,1
14214,10.779252541778785,3.9860528696258957,1
14215,10.776865082664141,3.98510353051937,1
14216,10.837461535714931,3.9785531086102695,1
14217,10.83132002564103,3.9624071065853803,1
14218,10.848638259743478,3.9969869505877127,1
14219,10.816589342879022,3.99010082422279,1
14220,10.806508796108954,3.9998143969527615,1
14221,10.87216314740781,3.984727837198744,1
14222,10.875281240264107,3.977852113762657,1
14223,10.893681377851763,3.963494165154532,1
14224,10.915831642726697,3.9957771604709773,1
14225,10.939072564819591,3.9864831598575257,1
14226,10.94362283510327,3.9820156062542322,1
14227,10.93291009051804,3.987023775971537,1
14228,10.996034425597305,3.9821598641274565,1
14229,11.0060501627187,3.996476873235066,1
14230,10.968597162755275,3.996545562571291,1
14231,10.98869887037713,3.9815854166992475,1
14232,11.050152699234628,3.9720892708558897,1
14233,11.03811660201971,3.974407497190426,1
14234,11.037597627134804,3.974512991247111,1
14235,11.112952188152521,3.9617181747215153,1
14236,11.164044230343329,3.9852701320855712,1
14237,11.140610655572281,3.9758883193521646,1
14238,11.22184949323784,3.9920449899430435,1
14239,11.178174533303668,3.957451370997619,1
14240,11.212391081718133,3.991275637099944,1
14241,11.267388068036595,3.998017457567104,1
14242,11.28213123632199,3.989359274455481,1
14243,11.246479851182178,3.978101138572022,1
14244,11.260587282313718,3.9881068369340373,1
14245,11.305323626144732,3.993452536254532,1
14246,11.333052345676117,3.993004765835532,1
14247,11.285135225694873,3.984273795489474,1
14248,11.372166484632812,3.9690448021085767,1
14249,11.359732715429658,3.9839049009369507,1
14250,11.391045505532423,3.9948952420772383,1
14251,11.602778869548498,4.006039287199425,1
14252,11.614925481008235,3.9820500303525455,1
14253,11.667559148215904,3.971847179168092,1
14254,8.028661226908484,4.051316595216138,1
14255,8.112222150834874,4.020498387589888,1
14256,8.159047663298669,4.028571061123751,1
14257,8.14555851634387,4.049633822759254,1
14258,8.220360599604083,4.047545373138929,1
14259,8.225566366389003,4.015999957073389,1
14260,8.273387573659294,4.043813587769953,1
14261,8.239299996479588,4.053203084657216,1
14262,8.323665105078298,4.046617234428394,1
14263,8.294912550191583,4.062634518877385,1
14264,8.384117773664798,4.06243494022913,1
14265,8.414540686104115,4.01744930710803,1
14266,8.495325962612235,4.030484688025418,1
14267,8.473960516301073,4.053918613990836,1
14268,8.511660316193467,4.029788680713679,1
14269,8.597710716486118,4.030736796220218,1
14270,8.55636703973118,4.055906692228526,1
14271,8.630760830322622,4.045270522210084,1
14272,8.618992601091515,4.037367491550559,1
14273,8.66581644387948,4.042240718117155,1
14274,8.669150089759997,4.056669806713558,1
14275,8.76605938275647,4.025808571306242,1
14276,8.740206121470363,4.017901757767052,1
14277,8.796045661663166,4.058358251783635,1
14278,8.803160725902535,4.0395033406580065,1
14279,8.837099955570627,4.029867633166596,1
14280,8.83495387426839,4.019151497565065,1
14281,8.830917920041149,4.014319420023309,1
14282,8.908103249718623,4.047650596140627,1
14283,8.887475018856986,4.0212372092462445,1
14284,8.901936289263807,4.016657082779675,1
14285,8.951910903795401,4.02032271524228,1
14286,8.970779936558793,4.051728525783356,1
14287,8.948935866618006,4.058458390865181,1
14288,9.014827657072988,4.051102414282986,1
14289,8.99095074356609,4.036758390701656,1
14290,8.996851681562381,4.0351924256064065,1
14291,9.039891320540278,4.0511808033137555,1
14292,9.083372695227606,4.045274176854058,1
14293,9.122693917880806,4.015297688331171,1
14294,9.106852323053964,4.0522592353920155,1
14295,9.161402814513291,4.035124980370503,1
14296,9.179766757631576,4.030442077802067,1
14297,9.231690655805902,4.042527069313421,1
14298,9.228306635182104,4.038885342968294,1
14299,9.289617606488317,4.063484709135072,1
14300,9.281894247696343,4.031234048931565,1
14301,9.300611022002405,4.0489852495205545,1
14302,9.33427875751924,4.036519070194036,1
14303,9.319246100111975,4.042970219994703,1
14304,9.324613424502518,4.020498553114834,1
14305,9.344153967465983,4.045586298126597,1
14306,9.312440379396927,4.043180539619266,1
14307,9.393898520793456,4.035543994128758,1
14308,9.397633370179895,4.062378455460242,1
14309,9.374892686817127,4.038138467329502,1
14310,9.388509616800244,4.040759323134737,1
14311,9.391646731891958,4.0139813718425685,1
14312,9.44430655687272,4.0554418858857355,1
14313,9.45145674163582,4.0308819478567255,1
14314,9.439310479195036,4.052636516056716,1
14315,9.489155017522299,4.012749598990494,1
14316,9.473797931210434,4.041102737631966,1
14317,9.529662782769924,4.043444271445947,1
14318,9.602835014233532,4.053485143983681,1
14319,9.659698654217463,4.046707676915579,1
14320,9.637779462286483,4.037853476811759,1
14321,9.684797950408123,4.035739692826358,1
14322,9.725168669127768,4.0177072070134,1
14323,9.762757147645,4.0228728043682835,1
14324,9.771340564802905,4.029269078870506,1
14325,9.761373561381102,4.029268450874848,1
14326,9.82066528177725,4.019327046408675,1
14327,9.80482218029457,4.019087749033478,1
14328,9.817398047624877,4.05632480101295,1
14329,9.87836305106114,4.043725423290378,1
14330,9.879077969901465,4.048989343640166,1
14331,9.909878467712458,4.030382513382763,1
14332,9.998443589304499,4.041570602592348,1
14333,10.048587395302624,4.023049174015924,1
14334,10.054830672858538,4.03203751867733,1
14335,10.10656974808445,4.029448026569904,1
14336,10.159706100625373,4.054146518925705,1
14337,10.108607026830764,4.0298639645406205,1
14338,10.206776609731426,4.059194386166361,1
14339,10.174099459020692,4.027631318888122,1
14340,10.237733953375113,4.04378531902006,1
14341,10.247109394520189,4.056092745005369,1
14342,10.242329065542298,4.017733882129994,1
14343,10.232967147977144,4.054234984436427,1
14344,10.310244470132869,4.038732774166471,1
14345,10.28419888176328,4.0582352370039185,1
14346,10.268605807665542,4.0156605734889625,1
14347,10.280289537715461,4.027012028693679,1
14348,10.276162674199638,4.0362247251609125,1
14349,10.343167181496295,4.054785415123291,1
14350,10.349493895760292,4.0353814945696485,1
14351,10.32731157515503,4.013779212837,1
14352,10.33503321164607,4.0195658148106155,1
14353,10.352966510792948,4.05818857680877,1
14354,10.425156676533383,4.026342643457552,1
14355,10.410227643576803,4.0243727109065235,1
14356,10.384399684773031,4.060344055997291,1
14357,10.414938452859609,4.0245654832330695,1
14358,10.394604612811607,4.017359415436108,1
14359,10.471860673451326,4.057557338168235,1
14360,10.437539248109667,4.057474368141362,1
14361,10.462026841862624,4.037514887499657,1
14362,10.448412349410772,4.045520293813074,1
14363,10.45117212970346,4.059108008288415,1
14364,10.492522019379615,4.032835898921478,1
14365,10.494780365045498,4.016000558719567,1
14366,10.503658992033222,4.03763145943844,1
14367,10.488403916971171,4.046023355244992,1
14368,10.543033068026624,4.016436040035328,1
14369,10.579783928667878,4.054808763452514,1
14370,10.56246112566161,4.036825388575993,1
14371,10.557717445932111,4.030952327810722,1
14372,10.534951432740836,4.036757549597982,1
14373,10.627055375988245,4.03667073555141,1
14374,10.630420522634246,4.032692330113911,1
14375,10.604775316136703,4.020070366264306,1
14376,10.606661963832934,4.018922089206474,1
14377,10.632028314363787,4.032551904493985,1
14378,10.620195141492099,4.011904458356556,1
14379,10.672643434526602,4.021548922556768,1
14380,10.649643248994936,4.016357640408339,1
14381,10.66827345186652,4.022162382472715,1
14382,10.648698634176618,4.02940385765686,1
14383,10.684883715594859,4.025431915833304,1
14384,10.76514632246906,4.032379704555911,1
14385,10.755184720651833,4.022780482349879,1
14386,10.843553488513653,4.037571493621903,1
14387,10.854510307051084,4.061474292409924,1
14388,10.81821106391446,4.049762995759143,1
14389,10.849023360024207,4.022593050026616,1
14390,10.814721018802073,4.048127768250095,1
14391,10.860083258781648,4.031449933250203,1
14392,10.8650168029056,4.058845346062657,1
14393,10.887191373829864,4.01862335433714,1
14394,10.924068590557889,4.048730048909499,1
14395,10.938094606933664,4.027701999645489,1
14396,10.911491832161541,4.031085089508728,1
14397,11.012972973282249,4.038617742127255,1
14398,10.995543111838924,4.018554276045087,1
14399,11.022743401523712,4.0284539507882124,1
14400,11.071034860987778,4.0600809044766955,1
14401,11.150969676415555,4.0162252655150175,1
14402,11.156280085478471,4.048042512415291,1
14403,11.159648040128248,4.052133056623173,1
14404,11.192314157863658,4.031521219381234,1
14405,11.203852473240012,4.027029653926679,1
14406,11.212876656538725,4.017232927873362,1
14407,11.274166239733319,4.027714642915217,1
14408,11.276877208155417,4.0625321843240005,1
14409,11.251099380713239,4.02492688911932,1
14410,11.287025560714225,4.015988496818735,1
14411,11.320163775262712,4.043314916793756,1
14412,11.29356768594275,4.01168806759266,1
14413,11.34161994597719,4.044983764383664,1
14414,8.01143815502764,4.066107734697554,1
14415,8.033629748604255,4.114715476659633,1
14416,8.067697360939393,4.105071772743473,1
14417,8.084093865142876,4.076721437088681,1
14418,8.101034054297614,4.07085378393571,1
14419,8.101998759558462,4.081000761914595,1
14420,8.14295392131095,4.102724263474333,1
14421,8.15428525378245,4.077000458252486,1
14422,8.17237012249501,4.106829151311701,1
14423,8.211667139467126,4.072112121582465,1
14424,8.201246446869563,4.074766081570586,1
14425,8.22164628868884,4.078658529089863,1
14426,8.26260543360785,4.096879404927388,1
14427,8.23837920069914,4.066246279210016,1
14428,8.278681801288048,4.081872371449211,1
14429,8.337025589572193,4.0829467794686085,1
14430,8.305201875833237,4.098715553824556,1
14431,8.343729665754754,4.066330268492826,1
14432,8.365777171953262,4.088038814453045,1
14433,8.443964221121927,4.06417304957474,1
14434,8.448077956396325,4.103413453831669,1
14435,8.501766322674849,4.070405611643445,1
14436,8.474485708849414,4.076794121841255,1
14437,8.51174064234424,4.102010787599304,1
14438,8.538339428021315,4.100065506771614,1
14439,8.601199802765219,4.112371080502352,1
14440,8.565331130827985,4.079128278890368,1
14441,8.65522622125109,4.068371475906268,1
14442,8.640748767775385,4.094436169602001,1
14443,8.622485800962478,4.1109411631458626,1
14444,8.674666649866342,4.088896234962747,1
14445,8.690212929441731,4.099623241928076,1
14446,8.687437324868439,4.105527535374983,1
14447,8.75955755216542,4.0723690737404405,1
14448,8.753191183761151,4.080481223677066,1
14449,8.737561156509107,4.0654288614578755,1
14450,8.780529071722842,4.078791102655495,1
14451,8.822014352249834,4.108346252004538,1
14452,8.797888418179971,4.090134215196463,1
14453,8.848125660632311,4.067979790287818,1
14454,8.833440698358158,4.100820123674619,1
14455,8.826491014427427,4.090080323605274,1
14456,8.88187430731872,4.101911887044009,1
14457,8.908994393811529,4.099762886369249,1
14458,8.888990740607362,4.089687870749286,1
14459,8.935227539866634,4.109721808276393,1
14460,8.97692217668371,4.104935035506566,1
14461,8.979712628913726,4.065960028233813,1
14462,9.017085365338406,4.1079948700597395,1
14463,8.994276996943231,4.107077270796048,1
14464,9.073816863493027,4.115125869066314,1
14465,9.043332879482655,4.06784089615573,1
14466,9.09844957198505,4.088496727535842,1
14467,9.10429646155492,4.082950481035843,1
14468,9.144799706060223,4.110623980126786,1
14469,9.16198084893619,4.102394917942849,1
14470,9.213801566716473,4.092814987286511,1
14471,9.219596230552192,4.08738044614428,1
14472,9.280806126974184,4.078364297676798,1
14473,9.301359038180435,4.115428633590857,1
14474,9.267634670199495,4.1030516200333995,1
14475,9.276573137882318,4.113745508968838,1
14476,9.322051203945483,4.104148324349031,1
14477,9.351922929090524,4.109530448026,1
14478,9.31991464966515,4.0813264362415556,1
14479,9.311577661439351,4.094259764015451,1
14480,9.329184769623955,4.104757166481828,1
14481,9.377799354210394,4.111429504470166,1
14482,9.408968007157542,4.11394982536802,1
14483,9.40679855749355,4.108089952192966,1
14484,9.362378993137883,4.11183826724559,1
14485,9.41893519720018,4.115629172661334,1
14486,9.455152287093881,4.0762113502169415,1
14487,9.477343197828512,4.117404927677232,1
14488,9.515797828447157,4.104439086502687,1
14489,9.54458559601534,4.082961445727279,1
14490,9.525878893614086,4.073333551345866,1
14491,9.537026076801167,4.080238087976316,1
14492,9.600290199927732,4.110852091349804,1
14493,9.576147561276594,4.086683100110497,1
14494,9.583659679937387,4.084307478706291,1
14495,9.584221539552518,4.077026924121721,1
14496,9.670522962083396,4.080778151625173,1
14497,9.65100569003054,4.102892180368558,1
14498,9.634569457694402,4.0984757470047875,1
14499,9.643013861975344,4.0964997113349355,1
14500,9.697858673510908,4.08761436694368,1
14501,9.679373672115448,4.10998975999155,1
14502,9.714302121312365,4.100983907052141,1
14503,9.710295149279634,4.111915161417151,1
14504,9.748248092465579,4.079587500282451,1
14505,9.737596615994573,4.06895535905228,1
14506,9.733517591286136,4.103283025491547,1
14507,9.777898428185937,4.099512303753187,1
14508,9.759640096746542,4.0723737669286875,1
14509,9.826731060069475,4.100941262925808,1
14510,9.82972443204572,4.09598527377342,1
14511,9.791852220180738,4.112200517688695,1
14512,9.831427787579301,4.093683127111822,1
14513,9.882258623251316,4.096180640770422,1
14514,9.843861542330496,4.071574294047748,1
14515,10.023317902961042,4.074889720319365,1
14516,10.104080283515671,4.088008009275224,1
14517,10.09755619220536,4.093146716651964,1
14518,10.135717407458168,4.09577863880885,1
14519,10.128646373530724,4.11591276788647,1
14520,10.164202505138974,4.085264346048993,1
14521,10.193425919519159,4.077920300533597,1
14522,10.222253119923922,4.105894505908019,1
14523,10.257462828446561,4.101727959415349,1
14524,10.255827864746939,4.07969118044018,1
14525,10.273017434768658,4.068295447198136,1
14526,10.303902893318758,4.103900560085066,1
14527,10.302482396488903,4.084422920000367,1
14528,10.358697967734257,4.106192960359905,1
14529,10.334386856266716,4.1094714551571645,1
14530,10.328354720674103,4.07218378365162,1
14531,10.35581269556465,4.074545530528731,1
14532,10.40564859082862,4.115278227541337,1
14533,10.400853728829963,4.086983429244622,1
14534,10.394841290370005,4.083681697294975,1
14535,10.413689027083162,4.065868292688963,1
14536,10.469952060449625,4.112259619503049,1
14537,10.475840206099805,4.095747337303318,1
14538,10.44796763071076,4.081884268071246,1
14539,10.51380944776397,4.07040866478858,1
14540,10.505441318731215,4.0867511911452405,1
14541,10.553445137219983,4.117243770881298,1
14542,10.579144291599489,4.114249205446818,1
14543,10.563605626122028,4.101285035788878,1
14544,10.575226523540152,4.108001859718611,1
14545,10.606643513735744,4.07257628965865,1
14546,10.616035316314392,4.083793561201975,1
14547,10.639457820497626,4.092122054038347,1
14548,10.639505629284036,4.086427511553792,1
14549,10.633379405539156,4.0660304671961685,1
14550,10.610094944621768,4.098845718926076,1
14551,10.642704628731149,4.0921096097483405,1
14552,10.662073917088922,4.11189398599462,1
14553,10.655401018365717,4.099465774965219,1
14554,10.667160265733575,4.108450970825154,1
14555,10.77686862319498,4.0807421720905745,1
14556,10.798593380946533,4.093977100564688,1
14557,10.839231295384279,4.093047777442427,1
14558,10.821300475132842,4.1091117823350976,1
14559,10.847532108770366,4.111196452821385,1
14560,10.822413896094961,4.108019298543706,1
14561,10.843237716872613,4.077061576838325,1
14562,10.867813248871704,4.079944096091982,1
14563,10.858455564858511,4.0917808845814925,1
14564,10.867205374695537,4.072883024038099,1
14565,10.929775019312979,4.07799657449093,1
14566,10.975730031399658,4.103873002534047,1
14567,11.018017042219748,4.069961665338346,1
14568,11.085025339298857,4.116401513625406,1
14569,11.119484127507997,4.080859072484811,1
14570,11.14218026795928,4.080762697825877,1
14571,11.155825380017717,4.11383960281307,1
14572,11.199929796523696,4.078007373952201,1
14573,11.189101916439835,4.116444803939178,1
14574,11.260518070873575,4.100724640777835,1
14575,11.238201159715283,4.067827360585168,1
14576,11.32012467717481,4.091910456968439,1
14577,8.067274074924168,4.160932122124985,1
14578,8.066665373549423,4.118482061909954,1
14579,8.027054086334513,4.124226391519573,1
14580,8.096491998565307,4.1276044248249075,1
14581,8.10280527008757,4.137178887517494,1
14582,8.120040390200229,4.128465500270619,1
14583,8.16961787166999,4.133700502822562,1
14584,8.129037207914926,4.134729305260275,1
14585,8.149762220659488,4.152182738317308,1
14586,8.206868938579806,4.152846648341151,1
14587,8.191919257469634,4.164128904282943,1
14588,8.231133681818418,4.121151268048604,1
14589,8.254038195318723,4.146232532812583,1
14590,8.250843432786953,4.141181639176445,1
14591,8.283760799471839,4.122265226526226,1
14592,8.330688427548402,4.148945133884466,1
14593,8.320917223540462,4.131708673217655,1
14594,8.328926588571818,4.157178794859622,1
14595,8.387383227767069,4.158249041560881,1
14596,8.365608211340815,4.152221884031568,1
14597,8.34228314937629,4.132688282228931,1
14598,8.424299233955695,4.167551893140068,1
14599,8.420952995333689,4.138324182153708,1
14600,8.395985550853037,4.158493047833432,1
14601,8.486542591481022,4.160363333742471,1
14602,8.477898176507283,4.15039559892939,1
14603,8.465366757018815,4.13088367143002,1
14604,8.53642335566322,4.118122130426418,1
14605,8.509569966481648,4.151063075054699,1
14606,8.568086301138303,4.129110511018211,1
14607,8.588243580787282,4.148565332628992,1
14608,8.602292241681186,4.1247230414679885,1
14609,8.660698034644328,4.159412371892322,1
14610,8.659954099205917,4.17046219118693,1
14611,8.629098180622565,4.160399700082126,1
14612,8.715293185064306,4.128031902246876,1
14613,8.66874634890205,4.140263956784422,1
14614,8.68433908316645,4.144835002964043,1
14615,8.76736866789832,4.153710604312418,1
14616,8.718536958974612,4.12397631350624,1
14617,8.72312819061679,4.1699051594695495,1
14618,8.792544861161739,4.159503857652838,1
14619,8.772429266711809,4.153404592341038,1
14620,8.85333378090091,4.148972733402585,1
14621,8.830060604283261,4.161285889091467,1
14622,8.866385377997277,4.131561026984022,1
14623,8.896729421863753,4.140314219900222,1
14624,8.900151346601394,4.132472029451296,1
14625,8.898300332873298,4.131166853480226,1
14626,8.959879265324526,4.160597532895013,1
14627,8.956089944926957,4.146296055587022,1
14628,8.958571884434821,4.131487902413888,1
14629,9.015330555634502,4.1443737926789534,1
14630,9.007885419860303,4.13017246300209,1
14631,9.068629623006967,4.158626716865019,1
14632,9.055148847138751,4.147378405074842,1
14633,9.124908202772334,4.165459249095246,1
14634,9.098625084214882,4.119418593058425,1
14635,9.196798458357422,4.14950159851549,1
14636,9.188533159928621,4.142338907324941,1
14637,9.233556919249978,4.129201473312671,1
14638,9.211876585710204,4.163899957172047,1
14639,9.235002135708429,4.138344298200057,1
14640,9.277292455091063,4.157625135415682,1
14641,9.299850416666589,4.147563947933045,1
14642,9.283720441340146,4.133232739224214,1
14643,9.275955726176397,4.134884233372576,1
14644,9.293703629958218,4.158634672330341,1
14645,9.350570383525138,4.138555033518244,1
14646,9.329572252788651,4.150823761948292,1
14647,9.344204053814087,4.1684669262545135,1
14648,9.335440660606398,4.151826915018861,1
14649,9.352139610768436,4.1306354254523745,1
14650,9.382101410939118,4.12322146658489,1
14651,9.394281420475652,4.1262471401509675,1
14652,9.401027330688983,4.133630943773702,1
14653,9.406900528609006,4.128623660014204,1
14654,9.43537998934193,4.170837180246363,1
14655,9.46106880010359,4.124063286866681,1
14656,9.436645166215824,4.148995191800365,1
14657,9.439588206187587,4.143251232567955,1
14658,9.470738970720339,4.163509213280019,1
14659,9.50717861343954,4.160936157026313,1
14660,9.504434615331666,4.155828492763492,1
14661,9.48175728756246,4.148365779898786,1
14662,9.475171208164006,4.1214577575394,1
14663,9.56417460308813,4.121808015252835,1
14664,9.550673203513607,4.132242112688433,1
14665,9.532265340380484,4.154663188996897,1
14666,9.565025825722575,4.169176727707339,1
14667,9.559916898966604,4.124864846414844,1
14668,9.605379482630237,4.124566802491468,1
14669,9.609358217879073,4.169173233268852,1
14670,9.61191129422351,4.139645835746278,1
14671,9.611489929541568,4.134613764191266,1
14672,9.604648045270386,4.133348547246097,1
14673,9.657445489366006,4.128720137727207,1
14674,9.637375943489241,4.119149973501246,1
14675,9.654541964941693,4.156347399971545,1
14676,9.644395612822375,4.132606283536374,1
14677,9.650480428551573,4.143101347969563,1
14678,9.707560044627337,4.129389317837011,1
14679,9.712879990502348,4.130995258678636,1
14680,9.692905105439202,4.121113411207434,1
14681,9.73220534904605,4.147034601773572,1
14682,9.708974146057066,4.149498077505196,1
14683,9.739913266335547,4.145375654131847,1
14684,9.735815439511937,4.134382718109784,1
14685,9.7732230362166,4.141313594076699,1
14686,9.759023033770088,4.163276326873003,1
14687,9.789111547470739,4.132510622670476,1
14688,9.787814163141253,4.15056088926283,1
14689,9.837230965829551,4.1359019043642515,1
14690,9.877496106929545,4.127815978589245,1
14691,10.046040249371776,4.160940687852794,1
14692,10.065590057885963,4.1683919946855,1
14693,10.09795121271017,4.170056444282219,1
14694,10.132005588873412,4.152148166412346,1
14695,10.153184030495662,4.140075910146015,1
14696,10.128633988444124,4.159569992445996,1
14697,10.198217732749868,4.14605191059915,1
14698,10.196001126212666,4.131890905914981,1
14699,10.170608744730368,4.142072645179188,1
14700,10.23820644724649,4.13708389757815,1
14701,10.231944584079377,4.157661877742914,1
14702,10.2878500438424,4.165900706971302,1
14703,10.31128881795587,4.142916520379175,1
14704,10.370343841049607,4.144211510575235,1
14705,10.372773289611834,4.1575652909469225,1
14706,10.405271751607641,4.132753822407194,1
14707,10.427578998870857,4.148049163232514,1
14708,10.468150278297177,4.140034632774817,1
14709,10.4337802570936,4.1683789280699965,1
14710,10.51811922533443,4.139100973541611,1
14711,10.561196551213795,4.140020558025763,1
14712,10.579715477464227,4.1360601639114165,1
14713,10.540194899822636,4.118914977895172,1
14714,10.586151006823838,4.146041876973511,1
14715,10.628027195380193,4.14048413143529,1
14716,10.611459687154403,4.166256758942727,1
14717,10.63500081202502,4.163213952374226,1
14718,10.625207549097187,4.142460412029782,1
14719,10.674978444469719,4.122364548463407,1
14720,10.65390611010777,4.161490874219528,1
14721,10.761199277911482,4.146951663424868,1
14722,10.79057577860282,4.1363799400498324,1
14723,10.831630982135719,4.160931601997002,1
14724,10.823157298181561,4.120063650843267,1
14725,10.802653350847054,4.146776291036358,1
14726,10.8338120471213,4.17049403243864,1
14727,10.8112169218168,4.124931283848003,1
14728,10.864205436029236,4.15996660703628,1
14729,10.87044620903145,4.166351526777586,1
14730,10.885591888812638,4.158078495318579,1
14731,10.870951330292765,4.170572753674649,1
14732,10.927391322231868,4.125968257643598,1
14733,11.001542878705596,4.149450620631369,1
14734,11.063933045593686,4.1392705199242155,1
14735,11.119057382194367,4.127918417268228,1
14736,11.134055405463032,4.158693812073751,1
14737,8.010706975035816,4.201311812360366,1
14738,8.008352601223379,4.217789570381811,1
14739,8.011116072944647,4.209172112333583,1
14740,8.068972353750976,4.2050290441042435,1
14741,8.022406624952824,4.198725196599388,1
14742,8.050687362692946,4.193407101343577,1
14743,8.106129977773682,4.172369529817202,1
14744,8.109241411814363,4.172209121355112,1
14745,8.17976542399111,4.195448735691841,1
14746,8.174262486286414,4.177810322857952,1
14747,8.197568767634898,4.2121354909061655,1
14748,8.184471329968847,4.183042577785255,1
14749,8.20652213444961,4.199877915525048,1
14750,8.25480659516353,4.200084443186447,1
14751,8.237185250174251,4.193532708286467,1
14752,8.256255019141246,4.1858453826752235,1
14753,8.316342342867976,4.1927576338828825,1
14754,8.31630342786748,4.2184005812063745,1
14755,8.292584341985426,4.1980090295435115,1
14756,8.365834462098753,4.193728176075725,1
14757,8.390126029734294,4.21307940051495,1
14758,8.37400380663123,4.184188419873699,1
14759,8.423853828621278,4.212354473981647,1
14760,8.447353851227222,4.215526043187902,1
14761,8.40941309250834,4.187516230654797,1
14762,8.472653483726939,4.183544018101521,1
14763,8.460794770149974,4.224247877574006,1
14764,8.482144533838126,4.1778290737012105,1
14765,8.538643041703256,4.174932572274779,1
14766,8.517143702462027,4.217099313425228,1
14767,8.507417740569409,4.223476580585053,1
14768,8.587611284036678,4.216722523831662,1
14769,8.608379381044145,4.218499348913401,1
14770,8.56112861264116,4.2181515111137955,1
14771,8.612896112863952,4.189939890998574,1
14772,8.639787156856695,4.186453088115294,1
14773,8.614685335212243,4.179926172305953,1
14774,8.671285995262652,4.208767235388084,1
14775,8.713932324497401,4.216784399749382,1
14776,8.679885951382612,4.171369948537613,1
14777,8.733387411962083,4.209258362386214,1
14778,8.757772494082248,4.218201922981093,1
14779,8.803300735454098,4.174448627640957,1
14780,8.807945298363077,4.2240575250851995,1
14781,8.868536344481626,4.212682154840102,1
14782,8.876489321005304,4.191857545818929,1
14783,8.872589144220992,4.190358142474029,1
14784,8.892901134065262,4.173703153455599,1
14785,8.882016611433425,4.190883281738653,1
14786,8.895063117223629,4.177528144067088,1
14787,8.94456171415192,4.221957794078354,1
14788,8.947346645906967,4.19787413620436,1
14789,8.93635214728938,4.172288689047519,1
14790,9.002177249694876,4.184750551568374,1
14791,9.025381054681752,4.191405390202508,1
14792,9.043887505028243,4.171123056703909,1
14793,9.07228576255917,4.195943525840534,1
14794,9.097041399018186,4.206206620903575,1
14795,9.094722554275995,4.212443375989652,1
14796,9.152043646147213,4.208409446394611,1
14797,9.205258128595588,4.215165751015815,1
14798,9.239295673274082,4.216500604587762,1
14799,9.213896217683406,4.186142312618126,1
14800,9.28308172502618,4.223637296174501,1
14801,9.266798318315823,4.214530637632206,1
14802,9.26914860884194,4.213530354279331,1
14803,9.289995507368197,4.176539548398978,1
14804,9.301935101812612,4.201490149262872,1
14805,9.316528921068857,4.2138122845985855,1
14806,9.322653946794354,4.209313052957508,1
14807,9.328627050868958,4.205167703796971,1
14808,9.324824914732526,4.220153830547913,1
14809,9.353559014193316,4.177222539826972,1
14810,9.41032114099341,4.182913444933264,1
14811,9.378874432583432,4.180683950746577,1
14812,9.402289121114654,4.177739192686587,1
14813,9.379526784420024,4.221906071023021,1
14814,9.41115409238683,4.200243612519552,1
14815,9.4618965097137,4.1856110044356925,1
14816,9.450240846376008,4.177942848813041,1
14817,9.450834490433877,4.223546834870615,1
14818,9.463445153775043,4.185587806357309,1
14819,9.43953440147515,4.207261305277441,1
14820,9.50503958104107,4.191183877639459,1
14821,9.518399686133858,4.203326041453049,1
14822,9.486607412577373,4.224506253361926,1
14823,9.50758728481919,4.175864173970545,1
14824,9.53947924909114,4.219843198226694,1
14825,9.525436660384077,4.185161651508994,1
14826,9.560636714091698,4.206929950563744,1
14827,9.563203766064328,4.173808407761479,1
14828,9.58925835069371,4.1945623513617285,1
14829,9.573398367788306,4.205001845530268,1
14830,9.609878551759593,4.17990554321933,1
14831,9.603913744258847,4.199223202829036,1
14832,9.665919805703503,4.22378535508866,1
14833,9.650874709953492,4.208924551433436,1
14834,9.657272416622108,4.174207256651396,1
14835,9.679864638221733,4.181079742348591,1
14836,9.704677190713385,4.17737445787413,1
14837,9.691960455194192,4.189016339073368,1
14838,9.753812313765218,4.201581621119732,1
14839,9.74743770484308,4.217038036805116,1
14840,9.784459476063766,4.200650339762244,1
14841,9.78686334390569,4.180413583511766,1
14842,9.824619650304808,4.184392719899554,1
14843,9.851221431155663,4.211586797644032,1
14844,10.002664287640757,4.185544676884523,1
14845,10.061705353113934,4.179688239962168,1
14846,10.098508713075837,4.218094076950485,1
14847,10.07568271028258,4.207474826238428,1
14848,10.132823760888561,4.181884336786503,1
14849,10.14839725348445,4.1938918849018325,1
14850,10.144901686972979,4.191366590086049,1
14851,10.203302719876005,4.20982416409124,1
14852,10.186344996097258,4.196121647666293,1
14853,10.1749523129501,4.217525344073288,1
14854,10.227987659385533,4.22395671812184,1
14855,10.259270531266251,4.205695974402436,1
14856,10.31478936207361,4.176693623174333,1
14857,10.312453352724834,4.1899299361043525,1
14858,10.33768847801936,4.181132304652869,1
14859,10.349122452269683,4.181724633294245,1
14860,10.423979209762477,4.175000724053875,1
14861,10.391161831104315,4.184958032960781,1
14862,10.394278538949287,4.220954711112429,1
14863,10.44862526137395,4.184828071818195,1
14864,10.450029092268426,4.192319779945491,1
14865,10.51656122726536,4.178453356869724,1
14866,10.570732128177323,4.206082374501405,1
14867,10.588010454406453,4.193160490062329,1
14868,10.640466167493802,4.217175003542612,1
14869,10.636170929703852,4.174740663457065,1
14870,10.787529405178852,4.210226571867984,1
14871,10.827883263175526,4.189793196973765,1
14872,10.812445506678689,4.213415172020096,1
14873,10.828862092340533,4.208125992157156,1
14874,10.806685112051976,4.199209825836705,1
14875,10.873783319093407,4.197963121711991,1
14876,10.878043001377005,4.213262787201858,1
14877,10.892997328136378,4.217044252699559,1
14878,10.931963284616305,4.211916799228426,1
14879,8.02330741238849,4.2517695557295125,1
14880,8.074740430274591,4.255636972537627,1
14881,8.100020713195576,4.227846442474995,1
14882,8.108756643385297,4.2324073332345655,1
14883,8.133104976608298,4.247691438679189,1
14884,8.142754409620865,4.2499930450537775,1
14885,8.204374059776232,4.240535135957089,1
14886,8.227474992694564,4.2598566006172875,1
14887,8.268950641558044,4.248242984032489,1
14888,8.271418582603344,4.228781189343749,1
14889,8.30337894006237,4.272439020709091,1
14890,8.313093851898726,4.260299388252909,1
14891,8.361809863484407,4.2605456916188595,1
14892,8.348486662819175,4.246590328518104,1
14893,8.350450729504923,4.239564348801429,1
14894,8.44486453511181,4.26867088978612,1
14895,8.431598933727047,4.235239514206023,1
14896,8.404619206026124,4.260291534362702,1
14897,8.449334599698052,4.261406323196201,1
14898,8.457418169229651,4.226439171758959,1
14899,8.457772191413424,4.27104821845904,1
14900,8.54940923118947,4.25101875567025,1
14901,8.543811300481172,4.255124985972204,1
14902,8.52806007123982,4.255712314477483,1
14903,8.606365583909943,4.24977162683512,1
14904,8.604549040152252,4.246984101262929,1
14905,8.595742517287324,4.248003528130973,1
14906,8.658770153246286,4.228931293465203,1
14907,8.657155582384677,4.226557962499423,1
14908,8.610563758433678,4.232753784734085,1
14909,8.689614278811296,4.249595593448361,1
14910,8.681572137048622,4.269584356637364,1
14911,8.748728379227991,4.259132564088573,1
14912,8.747566760509715,4.252244228676499,1
14913,8.80513941537996,4.225337194719046,1
14914,8.77503208612046,4.276378380565311,1
14915,8.831083470219818,4.253803230433727,1
14916,8.840581011433766,4.233509177261364,1
14917,8.875965501907778,4.245498198286372,1
14918,8.88386511477594,4.275975648410477,1
14919,8.912839373217325,4.254356173213158,1
14920,8.929110617610991,4.2279000667029045,1
14921,8.97418529071156,4.264670775096268,1
14922,8.932282796532894,4.247045178503881,1
14923,9.022813276225397,4.257530136939756,1
14924,9.04074027420078,4.2711861101806505,1
14925,9.142736972460893,4.260162499668433,1
14926,9.161809496312726,4.261703355767097,1
14927,9.216627146275437,4.226711179033884,1
14928,9.208632749709755,4.2265992244614665,1
14929,9.24973083968206,4.240305132114296,1
14930,9.281297514213929,4.277147299912612,1
14931,9.272327478353176,4.26747463537135,1
14932,9.287899565949626,4.276337048708372,1
14933,9.289467627627767,4.237811133481985,1
14934,9.35697129700277,4.255159005228139,1
14935,9.317487108762192,4.278016013646844,1
14936,9.341217836708699,4.237538574447128,1
14937,9.323909736362067,4.265292666325283,1
14938,9.367107670449242,4.247805621865879,1
14939,9.407189350434255,4.276124837380468,1
14940,9.398777209360661,4.234460848727264,1
14941,9.440308046326233,4.2720057940601235,1
14942,9.430743328156668,4.273488498165344,1
14943,9.463675252923858,4.262544976653646,1
14944,9.47830254970395,4.24400200740097,1
14945,9.505333061547027,4.249240161737889,1
14946,9.531465928752306,4.268280018004601,1
14947,9.55427809085379,4.234989293709893,1
14948,9.58609175979214,4.241217481363882,1
14949,9.593378400363182,4.246565428659187,1
14950,9.676991271432206,4.270941782061377,1
14951,9.663223527312296,4.231929663126466,1
14952,9.687194710803514,4.2571704534173085,1
14953,9.721806562478353,4.231918073380983,1
14954,9.776480569611559,4.246232828708413,1
14955,9.767663116761419,4.243464539639999,1
14956,9.795126669044889,4.275158052724337,1
14957,9.790112589621792,4.247408002673871,1
14958,9.82835071673805,4.247094039954319,1
14959,9.858188664015122,4.256126993630067,1
14960,9.89274109196166,4.2507184475842195,1
14961,10.026367223340719,4.260670074371129,1
14962,10.037977598735571,4.230351533833684,1
14963,10.088006655421099,4.26488839731796,1
14964,10.0794441080165,4.235824096392764,1
14965,10.065628330139141,4.260801270664554,1
14966,10.131582707742645,4.263001807998026,1
14967,10.123822214313629,4.264105636840576,1
14968,10.123385341292957,4.232964024409186,1
14969,10.131263297820757,4.237655702918043,1
14970,10.167800734645331,4.2750157115073115,1
14971,10.167230788992658,4.242379168720989,1
14972,10.175537665698739,4.243682136653155,1
14973,10.24963505479665,4.24705260548164,1
14974,10.231442239956435,4.236326338663667,1
14975,10.240690902140582,4.2361276769885,1
14976,10.237025244486562,4.226114795920249,1
14977,10.31783721768251,4.236354431381737,1
14978,10.31942849954788,4.261208912596809,1
14979,10.267688626170616,4.246859490651992,1
14980,10.35843992014279,4.247350114712743,1
14981,10.333679275570137,4.267213231980122,1
14982,10.339355245854765,4.230166680920896,1
14983,10.40013208549175,4.226206979528381,1
14984,10.384655788908137,4.234066627423793,1
14985,10.407303595375184,4.231643910724117,1
14986,10.440231316567083,4.27491827946571,1
14987,10.444774637160366,4.270412940545247,1
14988,10.507561230916036,4.267474021074359,1
14989,10.587373005944503,4.26816575384905,1
14990,10.597644049378816,4.244556220364976,1
14991,10.815316040967064,4.248515295395577,1
14992,10.829898011776445,4.2272012302899435,1
14993,10.8428543290643,4.273197474620932,1
14994,10.87980484337037,4.274414609646613,1
14995,10.856191086726605,4.230017686853717,1
14996,10.902104725275247,4.2691813167416415,1
14997,8.009200619274797,4.3253806123948255,1
14998,8.018987952820378,4.305499472022943,1
14999,8.024738400434053,4.330447743070795,1
15000,8.04932985685279,4.281997053457034,1
15001,8.112702445872458,4.297317210850985,1
15002,8.091206123484145,4.284407997825884,1
15003,8.143490945017813,4.303533690555418,1
15004,8.158279662857671,4.293485084699394,1
15005,8.196715988539118,4.300647687629214,1
15006,8.196929781763206,4.296730596769039,1
15007,8.250045707005341,4.282461659974754,1
15008,8.295029646559064,4.312128162314959,1
15009,8.30886674123268,4.282139811910372,1
15010,8.34317825248657,4.297272052374289,1
15011,8.378946295907143,4.308105083896236,1
15012,8.406944369272722,4.279853701771838,1
15013,8.440551831630238,4.27854156744813,1
15014,8.450728526220447,4.321218435840693,1
15015,8.485188644500333,4.313241283398577,1
15016,8.529019996869886,4.309554105493655,1
15017,8.515104404525452,4.291711267540864,1
15018,8.52740712964628,4.306393666224341,1
15019,8.58321169164154,4.327323635671497,1
15020,8.59428411655443,4.3117676426126685,1
15021,8.608434062889376,4.286103981493718,1
15022,8.659371173645996,4.3253143310431845,1
15023,8.632801512094263,4.305543522366998,1
15024,8.633728529798645,4.301563054145989,1
15025,8.692324410303637,4.2794378389240935,1
15026,8.674548555934333,4.301172832274897,1
15027,8.766184027046254,4.329831233291793,1
15028,8.72605209853886,4.289866194579794,1
15029,8.72332983395501,4.278250638512892,1
15030,8.795834611730221,4.298008321193681,1
15031,8.809954502110717,4.287535401897006,1
15032,8.80034186356567,4.293134750802525,1
15033,8.858549335045563,4.299944572169667,1
15034,8.82688351293081,4.311362883068494,1
15035,8.863744918952706,4.297741241231624,1
15036,8.880381876913496,4.3033973295620145,1
15037,8.897940658975267,4.279448637654388,1
15038,8.913227572590547,4.279411086886521,1
15039,8.962702841978537,4.316598747539709,1
15040,8.979818940178912,4.3146182899974415,1
15041,8.967669370454237,4.314323647279138,1
15042,8.987387149072724,4.29693617285855,1
15043,9.072869978312978,4.306230330940716,1
15044,9.123234944324745,4.294391722943033,1
15045,9.15921645253064,4.285273952566486,1
15046,9.215775956456092,4.297145661275775,1
15047,9.237220622346875,4.28117182676156,1
15048,9.263566237397006,4.280727964911748,1
15049,9.256271767302175,4.278171206928584,1
15050,9.309110898029402,4.308632950165758,1
15051,9.331090805566893,4.32372284082087,1
15052,9.376482042806488,4.33005877414912,1
15053,9.406582911487527,4.329353757438774,1
15054,9.412745221603155,4.280764178804104,1
15055,9.41813579995782,4.304349744383815,1
15056,9.516242803040802,4.281984697995224,1
15057,9.494917088714654,4.329501546470906,1
15058,9.551427188580265,4.328602199949093,1
15059,9.542522703584758,4.312755656453778,1
15060,9.591678357778628,4.329202533233896,1
15061,9.613546254477061,4.309495454786633,1
15062,9.663502224276074,4.320369687023702,1
15063,9.673932965350538,4.321924816988602,1
15064,9.688354411357077,4.279893843380468,1
15065,9.710902623413848,4.330939498456034,1
15066,9.778561704138964,4.293345644089448,1
15067,9.747241866671343,4.318293706765127,1
15068,9.826126686487482,4.317217685780586,1
15069,9.792227047824223,4.3084703937877,1
15070,9.806385799147092,4.308018408778592,1
15071,9.871995685904482,4.2953406276695105,1
15072,9.870203420059275,4.319979807634207,1
15073,10.034805391238164,4.325238585505686,1
15074,10.087281658264702,4.3195000366855725,1
15075,10.08370511553225,4.294998371424268,1
15076,10.087681808260244,4.305251189478784,1
15077,10.125999358920861,4.316784486993081,1
15078,10.155280815019921,4.315886941581138,1
15079,10.152345736676075,4.298758630424195,1
15080,10.159582723450102,4.295608834647043,1
15081,10.176589160128886,4.293886514241949,1
15082,10.17575893895738,4.2918013262084385,1
15083,10.185021130301982,4.327513230327452,1
15084,10.209546954842551,4.290267303484702,1
15085,10.248974584534535,4.280230995145588,1
15086,10.240384810600878,4.29919910319824,1
15087,10.21407407984596,4.2916731272905215,1
15088,10.245400042555694,4.284391693505339,1
15089,10.286892559252738,4.295075910417866,1
15090,10.282018528957284,4.300917007984155,1
15091,10.280133555673984,4.279942526228857,1
15092,10.342604724686971,4.278082076740316,1
15093,10.334816402111619,4.30924711563281,1
15094,10.384630988443208,4.298677621499766,1
15095,10.390860899205574,4.300571775756037,1
15096,10.465316899220653,4.316778017511299,1
15097,10.806490287496915,4.311148199274018,1
15098,10.853061112999272,4.287835901399726,1
15099,10.872096406744557,4.288703085415905,1
15100,10.859383476247395,4.288591686162838,1
15101,8.068067312392348,4.3761278446929035,1
15102,8.053689242184998,4.348320189127182,1
15103,8.0842353060299,4.349380558877755,1
15104,8.120305170765661,4.348104000966946,1
15105,8.161220109629667,4.338940878246985,1
15106,8.141132466518947,4.334132458469095,1
15107,8.223553960290703,4.38283427152114,1
15108,8.251414961294753,4.373121095800086,1
15109,8.321570073765274,4.3436931420668285,1
15110,8.352025497981508,4.376729113106924,1
15111,8.39404844159056,4.341191435269078,1
15112,8.43023708202362,4.383166969474607,1
15113,8.414803670090162,4.360587316263188,1
15114,8.459187853940517,4.383430655980423,1
15115,8.468593213473433,4.3685915864860885,1
15116,8.554247929532705,4.383443383487483,1
15117,8.556028924771104,4.343724974191979,1
15118,8.601565675945434,4.380927666371852,1
15119,8.593973766384314,4.3500522993013995,1
15120,8.637837332708717,4.368534189071469,1
15121,8.630734138447282,4.3682871144432305,1
15122,8.667776172557579,4.333828562529875,1
15123,8.683939601880228,4.380586238554595,1
15124,8.74922682504674,4.373350535871763,1
15125,8.758987822622489,4.376892243789187,1
15126,8.725187305512545,4.369565042789855,1
15127,8.818977203200253,4.340855147362599,1
15128,8.777781587532276,4.369732443778594,1
15129,8.80854080619939,4.3717457573163685,1
15130,8.827036932586145,4.352249297318021,1
15131,8.825011300223789,4.332018169852669,1
15132,8.830313290073514,4.384585854892608,1
15133,8.921564012293716,4.36527067572809,1
15134,8.878794173043161,4.3731630653808935,1
15135,8.898521956197404,4.375292401382285,1
15136,8.94448733103383,4.336311793238703,1
15137,8.9684106954836,4.3351998510187775,1
15138,8.935743610945519,4.370001673704134,1
15139,9.034359271234276,4.346591290943664,1
15140,9.01193892266577,4.380143456226261,1
15141,9.043676855193478,4.3846507421069365,1
15142,9.120099586346363,4.3691760930527925,1
15143,9.177308397180838,4.342514603297798,1
15144,9.249973199468178,4.343469191722272,1
15145,9.275693825638067,4.382493662270742,1
15146,9.325779166367298,4.369143353956541,1
15147,9.35183900810075,4.352920445201979,1
15148,9.397748948965008,4.360109148916939,1
15149,9.40673615145664,4.365440131914014,1
15150,9.462815054960133,4.348951523169606,1
15151,9.512296693513974,4.37450918268738,1
15152,9.497984067148584,4.368026788344819,1
15153,9.530944056459319,4.371346538081693,1
15154,9.529444460215979,4.365910055857761,1
15155,9.558460721924375,4.378243033490672,1
15156,9.57479338263439,4.361930805862358,1
15157,9.624811308211584,4.3634606586409035,1
15158,9.61977087131046,4.346205964731817,1
15159,9.643718277897108,4.356458332696982,1
15160,9.640729727848827,4.377279778434931,1
15161,9.698122600144554,4.383872615545988,1
15162,9.703306641426556,4.370041094233846,1
15163,9.692331930896971,4.348928463254837,1
15164,9.766425322766,4.337002035376847,1
15165,9.782356136203134,4.337986458252735,1
15166,9.77456379411351,4.337580564293481,1
15167,9.795671456490053,4.37642319270807,1
15168,9.80857686332806,4.352433714112305,1
15169,9.815970529550967,4.368074630112015,1
15170,9.828247137654634,4.343575063990034,1
15171,9.89177645955905,4.335630597926218,1
15172,9.864126868816737,4.339470773400332,1
15173,9.876087658307455,4.374270386905627,1
15174,10.026290124310187,4.371555808238191,1
15175,10.03250149267029,4.349851688047437,1
15176,10.045043810621419,4.369185775516763,1
15177,10.004763847533798,4.337185862544919,1
15178,10.076501048788666,4.377858939684109,1
15179,10.08856084105135,4.344995682498217,1
15180,10.06915309377772,4.365578428451971,1
15181,10.088541486391511,4.348432655325125,1
15182,10.130372751484172,4.3344359058471955,1
15183,10.117067195991035,4.332420774358204,1
15184,10.112684113120677,4.384318326772739,1
15185,10.128079826197986,4.381374789941773,1
15186,10.17057675087775,4.375850326386248,1
15187,10.162712817775926,4.34578346443478,1
15188,10.203755703009076,4.342247893780147,1
15189,10.174894040830772,4.338027787672694,1
15190,10.221896892370914,4.359659937055881,1
15191,10.229576638245964,4.336289813843375,1
15192,10.25364575964771,4.360510161064446,1
15193,10.270579713527962,4.377814445703546,1
15194,10.30212192718276,4.360004017326346,1
15195,10.32102557184234,4.339850615399731,1
15196,10.333586394690753,4.355490190677608,1
15197,10.382176125085707,4.383122228013687,1
15198,10.470453802695427,4.370117827854136,1
15199,10.839250958358207,4.357318442429346,1
15200,10.865238617269306,4.374812644687015,1
15201,10.883684311060268,4.364810294424168,1
15202,10.96147149121254,4.376991288600587,1
15203,8.00349453461125,4.395180416327453,1
15204,8.06884166547886,4.410046567196283,1
15205,8.07135804002734,4.3971518330346955,1
15206,8.095701673361493,4.42158343757884,1
15207,8.080084111116726,4.42452958535513,1
15208,8.168231653273619,4.435942400412347,1
15209,8.16128175299694,4.414424658248183,1
15210,8.229683739435984,4.427387159754549,1
15211,8.212682037414222,4.403279670656642,1
15212,8.248552758029067,4.399799969820115,1
15213,8.321269259567977,4.405621476368867,1
15214,8.315791636798942,4.40077997797974,1
15215,8.37141893455744,4.425427166209659,1
15216,8.359554239750638,4.405714532987291,1
15217,8.398418771704204,4.438206396622769,1
15218,8.465242841471458,4.39527186939219,1
15219,8.498008648206346,4.394619013414839,1
15220,8.520986934426588,4.431181728826372,1
15221,8.534155868508421,4.388419867849713,1
15222,8.577143064869917,4.390647078902937,1
15223,8.602227733914221,4.405750896939223,1
15224,8.617488827772272,4.399369189657997,1
15225,8.642949389506578,4.419828647328389,1
15226,8.667230322300142,4.417873377055779,1
15227,8.670026249578271,4.390670266049193,1
15228,8.694900211179666,4.420072536486372,1
15229,8.738582866415516,4.415634547570831,1
15230,8.767795482325662,4.40682382593008,1
15231,8.760405345294233,4.392279337718863,1
15232,8.79867603012257,4.422275034368651,1
15233,8.783247041379193,4.430938111319093,1
15234,8.777566775729545,4.39644467731587,1
15235,8.824969062369028,4.4140879032756954,1
15236,8.865171556472028,4.398273114561874,1
15237,8.878095385347196,4.390156800871774,1
15238,8.880172408019487,4.424292758671648,1
15239,8.951575166029855,4.396850123139484,1
15240,8.955821422705323,4.4206086335393175,1
15241,9.018651426406972,4.396213692502586,1
15242,9.07760627259269,4.436793404078136,1
15243,9.104510677452295,4.409584037578715,1
15244,9.163077279419646,4.394720513762673,1
15245,9.202752798907692,4.432180974568176,1
15246,9.254938255406916,4.40350017962913,1
15247,9.354129572574221,4.4197132514638895,1
15248,9.356966927435389,4.427580514967247,1
15249,9.370308858034651,4.391707901592616,1
15250,9.397886192376259,4.395272903790472,1
15251,9.445840606166266,4.391646130347197,1
15252,9.421228753846957,4.403254205881269,1
15253,9.46737121618467,4.388971698891168,1
15254,9.469270931484036,4.412385492382303,1
15255,9.490989046759163,4.387335936888362,1
15256,9.540204544179414,4.392554534719272,1
15257,9.565706249618824,4.421717171195581,1
15258,9.536990746415393,4.389377523862053,1
15259,9.588190905412503,4.435568112216399,1
15260,9.578921117678187,4.423522439021456,1
15261,9.589786254738957,4.399233424183482,1
15262,9.64235776799431,4.392598796079785,1
15263,9.632906611110833,4.433827839080289,1
15264,9.654032931185048,4.412665127828318,1
15265,9.724770499231555,4.385295344662445,1
15266,9.709953261983825,4.413116473535497,1
15267,9.688273963584376,4.404372598525792,1
15268,9.757725090534892,4.419030010249609,1
15269,9.750278084730315,4.418048938798439,1
15270,9.742709887378597,4.3876983007619526,1
15271,9.7523933347082,4.414893893560985,1
15272,9.800796168135275,4.394325595264064,1
15273,9.792423571088587,4.434762296042775,1
15274,9.802724312976018,4.40824592793833,1
15275,9.834442105595931,4.386562939562725,1
15276,9.881042908343948,4.395349298121419,1
15277,9.86010395625512,4.392966893409997,1
15278,9.97495179921739,4.385380698343842,1
15279,9.959761822718281,4.398383626260065,1
15280,10.00613255553303,4.409829342384999,1
15281,10.041522188321963,4.437399852072214,1
15282,10.023463996720494,4.435949672354154,1
15283,10.045566147830394,4.399561861930743,1
15284,10.015815231134463,4.437989457695511,1
15285,10.084673225151688,4.396412309095182,1
15286,10.069163655758473,4.432764684620879,1
15287,10.105445553051268,4.403971745943,1
15288,10.0874527760633,4.423572866298694,1
15289,10.113241630704065,4.429899780921319,1
15290,10.137840111869561,4.4037285913911965,1
15291,10.147620837134825,4.429032342956648,1
15292,10.157709000474396,4.412288183227734,1
15293,10.209303011712786,4.424484379759689,1
15294,10.213221838057095,4.386977667081079,1
15295,10.19550847360344,4.43039695068766,1
15296,10.18502003812428,4.408314854838126,1
15297,10.246964330460708,4.389790246764429,1
15298,10.257969910678456,4.412905064895556,1
15299,10.371687144346726,4.415036002561602,1
15300,10.39729097536986,4.399725068713739,1
15301,10.444827741826392,4.429294140974539,1
15302,10.894739824179432,4.391612154895444,1
15303,10.925822106388477,4.388281683167521,1
15304,11.446543042712399,4.416146135574266,1
15305,8.057075259254205,4.445509103590841,1
15306,8.097629233192569,4.458244121890665,1
15307,8.14445372296681,4.452096376338852,1
15308,8.141995678782731,4.480556983595293,1
15309,8.204097498501607,4.4696872382363875,1
15310,8.182722845742484,4.45406304812546,1
15311,8.278599044849006,4.44362703922319,1
15312,8.259780091446128,4.449615217826583,1
15313,8.302327644138186,4.448845544155372,1
15314,8.29082319265081,4.464306268360666,1
15315,8.356735001555313,4.465323715890843,1
15316,8.367779743266958,4.469486202650518,1
15317,8.418639990040603,4.459644614831646,1
15318,8.4405726048722,4.467787483377399,1
15319,8.450724715182336,4.484477429522035,1
15320,8.47028745790453,4.462560500978041,1
15321,8.524070117027199,4.481211057132345,1
15322,8.552219089037914,4.443242628989274,1
15323,8.593728396841163,4.438886442363156,1
15324,8.55683780703632,4.490508416373364,1
15325,8.609738647904086,4.448228629775006,1
15326,8.661007756094149,4.4502136350904955,1
15327,8.715598066092362,4.443828534937924,1
15328,8.698482818860768,4.474019514914659,1
15329,8.663798761146207,4.479685725710739,1
15330,8.731946708919375,4.471387931657557,1
15331,8.725332199058652,4.491903404818212,1
15332,8.75845190466386,4.456705441792427,1
15333,8.809821547080697,4.453172354458261,1
15334,8.814042694345769,4.474475129503606,1
15335,8.841913085388777,4.470889868404236,1
15336,8.84907501584626,4.457996988657738,1
15337,8.920081833399568,4.480354921900407,1
15338,8.91510031504233,4.4445493013222785,1
15339,8.899589340690055,4.4419597706392615,1
15340,8.982958310375517,4.452464454421055,1
15341,8.943365701960973,4.463259191836688,1
15342,8.950224169087614,4.470162958931814,1
15343,9.01383750326764,4.474363932162475,1
15344,9.031756011991353,4.442700942302958,1
15345,9.068158134317725,4.491557827039273,1
15346,9.135562543528836,4.457503316212141,1
15347,9.181700565926128,4.486927448261614,1
15348,9.223649755177908,4.439740898681722,1
15349,9.268008328489296,4.444049364047783,1
15350,9.298200579562456,4.448039086477299,1
15351,9.349339419145178,4.44950653005773,1
15352,9.324248051923757,4.449123515700055,1
15353,9.395410478964457,4.446169849647984,1
15354,9.389738900300198,4.450593632180926,1
15355,9.429061223014159,4.477675255999911,1
15356,9.427896769559855,4.441079454515339,1
15357,9.44498779626947,4.454026926042283,1
15358,9.512693880163308,4.468258537839724,1
15359,9.51810703248869,4.473778251689113,1
15360,9.50548093701104,4.482956574534013,1
15361,9.495335530111042,4.487019253041572,1
15362,9.534309606507945,4.460541100850282,1
15363,9.564059265166902,4.441936117605688,1
15364,9.562647571846318,4.485152830964211,1
15365,9.585610950869293,4.475150687280701,1
15366,9.610752079282799,4.48526744615615,1
15367,9.604102275326317,4.478863638458699,1
15368,9.607595627203333,4.452351062349965,1
15369,9.672868814431812,4.457559874754532,1
15370,9.673971031928152,4.488865901248486,1
15371,9.667174285037973,4.447357285459644,1
15372,9.648556161916666,4.460943765722153,1
15373,9.646736365231332,4.467509182095544,1
15374,9.724179215268531,4.473304486518566,1
15375,9.710993571427291,4.4790583333511425,1
15376,9.70670044296667,4.455034729469361,1
15377,9.715020101953119,4.4555094009907785,1
15378,9.73862046100682,4.483369869526073,1
15379,9.7384721280607,4.480352705641491,1
15380,9.738555585398615,4.462930763127768,1
15381,9.833690307929555,4.4593346437394406,1
15382,9.834236758204218,4.458657544338641,1
15383,9.80208765010132,4.453521772757533,1
15384,9.882963972358569,4.443722903134296,1
15385,9.980035475747313,4.48388743635524,1
15386,9.998547933568652,4.491775855467651,1
15387,9.99178126330773,4.478838962388982,1
15388,9.96852603283744,4.454358530173557,1
15389,10.041132187718597,4.443098474780248,1
15390,10.036436448883236,4.480599212787752,1
15391,10.010000161090026,4.4567052466545505,1
15392,10.031793187807532,4.462204342011226,1
15393,10.01667919562075,4.443664711276011,1
15394,10.10004126692361,4.468933993248429,1
15395,10.062149760837295,4.477968508710222,1
15396,10.090190105335578,4.442678856311364,1
15397,10.07136784501008,4.47662965688819,1
15398,10.069353805003908,4.475780080611286,1
15399,10.126761611825172,4.48187353452527,1
15400,10.140190622605152,4.489212530008393,1
15401,10.114460888304466,4.4598546410255056,1
15402,10.157042527539499,4.4789256568913745,1
15403,10.194602516109383,4.477988025679891,1
15404,10.183490675881147,4.487232426686199,1
15405,10.355830404443003,4.475268764206622,1
15406,10.379600251529947,4.440718393142882,1
15407,10.461012953922358,4.490707177086275,1
15408,10.887794991828232,4.456318855919603,1
15409,10.950914904928302,4.4729800347210364,1
15410,11.750085098138985,4.47237019316619,1
15411,11.796460339532588,4.438735349504297,1
15412,11.77778824384584,4.488307539820614,1
15413,11.84066487798185,4.446567656714245,1
15414,11.837803317003727,4.484038073153678,1
15415,11.909075131151573,4.458942275309941,1
15416,11.947699583546113,4.474223589945258,1
15417,8.04692235686368,4.522158369482222,1
15418,8.027580429113256,4.509987092195845,1
15419,8.103120101135367,4.495716136374991,1
15420,8.08025256975376,4.519404307417067,1
15421,8.10436596391576,4.538546830130209,1
15422,8.166734931094227,4.50107137377901,1
15423,8.137666883274953,4.521813218569865,1
15424,8.175888355292729,4.493559746002295,1
15425,8.188935588525602,4.506805117504693,1
15426,8.197028884032155,4.520773322781683,1
15427,8.226121931560943,4.5300492664917575,1
15428,8.275301633561071,4.5221933115036546,1
15429,8.25620331863229,4.536494085451734,1
15430,8.26661416682364,4.525098590263418,1
15431,8.29543747066459,4.522810902991711,1
15432,8.292802522604383,4.4961143073234595,1
15433,8.30871391124042,4.525797996956932,1
15434,8.348048889593024,4.529944387997482,1
15435,8.354235455635912,4.530792907365195,1
15436,8.36588429217738,4.510795086949059,1
15437,8.433244549525442,4.5329413910763305,1
15438,8.420835350156048,4.506462390870879,1
15439,8.453336907735071,4.494753975286371,1
15440,8.473910231980051,4.52353690788313,1
15441,8.51521171571014,4.5092398373444125,1
15442,8.529221411635026,4.534027019545922,1
15443,8.525109726492206,4.527284549724629,1
15444,8.60873435368928,4.51785171765206,1
15445,8.559329249330277,4.52428639396017,1
15446,8.586725110183542,4.515442496269591,1
15447,8.630391643279877,4.505262982746301,1
15448,8.661522854843309,4.51506442322528,1
15449,8.644564158980808,4.501019152088274,1
15450,8.710510748477192,4.538642372143365,1
15451,8.712124936574913,4.5383860190260945,1
15452,8.698778824118744,4.53136357657192,1
15453,8.736176161096207,4.543306763958522,1
15454,8.747184694815976,4.524942122780234,1
15455,8.78392191977245,4.521693056963978,1
15456,8.802419279196268,4.520421621479022,1
15457,8.873707327433426,4.532686596587931,1
15458,8.837970957268546,4.537199370641789,1
15459,8.862304564651106,4.515522863911389,1
15460,8.900848594518076,4.5047692144483,1
15461,8.909601133639425,4.503592460277431,1
15462,8.898641499742881,4.5182807215482335,1
15463,8.955581449410182,4.5445776217180995,1
15464,8.971633870617396,4.538914379945086,1
15465,8.932704535521072,4.520037891403354,1
15466,8.966834389298379,4.512049727968444,1
15467,9.032296735290922,4.4998186496848405,1
15468,8.989065082127661,4.492993804280091,1
15469,9.018666971464325,4.528615446933478,1
15470,9.060162435330291,4.498825221370935,1
15471,9.04326228116106,4.505157615903879,1
15472,9.101605814110586,4.5392899642869455,1
15473,9.134339651245753,4.530465373359901,1
15474,9.155918955072494,4.541737087272225,1
15475,9.144837249339425,4.544750138389813,1
15476,9.250523684593146,4.508329742722923,1
15477,9.226976434888087,4.505031654185687,1
15478,9.262299791331735,4.49987790515112,1
15479,9.254748145848987,4.494295080089713,1
15480,9.305214810283493,4.499027923885042,1
15481,9.318190128339602,4.54063686470283,1
15482,9.341633053579987,4.524849547883149,1
15483,9.378753206174652,4.5140650664849655,1
15484,9.361693629739726,4.511355935077473,1
15485,9.360400119815566,4.509478709727967,1
15486,9.454877904140671,4.531307578138973,1
15487,9.442009678794978,4.542854771643913,1
15488,9.443955009485872,4.530925311552492,1
15489,9.4800685529103,4.501128743216355,1
15490,9.494328714454996,4.52164763751142,1
15491,9.480646075240374,4.542105297520917,1
15492,9.560658501844676,4.541850830620875,1
15493,9.553625513397897,4.501506759550163,1
15494,9.546458345571835,4.493103402197222,1
15495,9.54397860304564,4.51759346612624,1
15496,9.604435134244776,4.493452677183549,1
15497,9.608702266711889,4.50374239338102,1
15498,9.59089030680077,4.512289060208285,1
15499,9.594745551013908,4.515479048499232,1
15500,9.589293304466901,4.514182845505869,1
15501,9.627076115105227,4.5428442844803625,1
15502,9.641243434750251,4.502275528502184,1
15503,9.676450109854944,4.525724693672193,1
15504,9.657437062662247,4.523544550968614,1
15505,9.653362433308331,4.538347059254519,1
15506,9.725549305564819,4.498829443972922,1
15507,9.685765701832434,4.545370369453867,1
15508,9.72421953225285,4.530058519440924,1
15509,9.70328753024977,4.507805643413702,1
15510,9.785462087171974,4.5341370702468184,1
15511,9.836731841677853,4.525754841355272,1
15512,9.928598554354553,4.540300576703754,1
15513,9.946416313081425,4.544887622249504,1
15514,9.920144091223984,4.5146002741774796,1
15515,9.982066627607022,4.535951665363162,1
15516,9.990416388937492,4.524015512361591,1
15517,9.970832055982681,4.543428374763671,1
15518,9.997355368545557,4.508958493806252,1
15519,9.968296511785642,4.511338289590249,1
15520,10.005755518569446,4.540578007345477,1
15521,10.047947457516846,4.5162019673015745,1
15522,10.02126131797836,4.497559423611251,1
15523,10.01924407257601,4.542754204233973,1
15524,10.019156610389148,4.499295684914898,1
15525,10.095447115520262,4.5275368610019,1
15526,10.056571829992855,4.533562031997798,1
15527,10.058800134581512,4.498639768845631,1
15528,10.130564975211842,4.499556678813775,1
15529,10.225160101066791,4.5006826192726574,1
15530,10.283257226369408,4.5171332252524365,1
15531,10.334046306411416,4.541537190940556,1
15532,10.42038700922776,4.516995855480762,1
15533,10.948093302292278,4.502012041680485,1
15534,11.401275619364442,4.496106257116741,1
15535,11.457857923567401,4.519828996174391,1
15536,11.486064906616818,4.526165379908453,1
15537,11.528334185903136,4.512390039577576,1
15538,11.512668106269563,4.513386814133972,1
15539,11.520409902864612,4.519899554916106,1
15540,11.573867550810471,4.5081254959296215,1
15541,11.577632256080483,4.512025805163061,1
15542,11.600096077585135,4.500381069899497,1
15543,11.645787706191724,4.5206097034390655,1
15544,11.63318876773754,4.493690119401529,1
15545,11.651699209103636,4.495084646970401,1
15546,11.697432583111878,4.534448559399651,1
15547,11.70527120835836,4.508807274201203,1
15548,11.663118762108958,4.501981217297832,1
15549,11.716982843842413,4.522960798017944,1
15550,11.71456503657423,4.500792051223301,1
15551,11.7411119950627,4.524741805289753,1
15552,11.790516160498433,4.524000896265897,1
15553,11.778388307592367,4.528967931463928,1
15554,11.77061133646486,4.499464804985776,1
15555,11.79362299256046,4.525621035108573,1
15556,11.849515105388573,4.530913484269707,1
15557,11.824227743443709,4.523098664811833,1
15558,11.825839264055801,4.5264337487186905,1
15559,11.827772201980247,4.5293251586946655,1
15560,11.888571781625021,4.515329434138036,1
15561,11.912657383854958,4.513051802853188,1
15562,11.90312345366832,4.495847898391987,1
15563,11.950553177854468,4.531834879439859,1
15564,11.951606851367366,4.544269264973503,1
15565,8.009640247072399,4.577810801814333,1
15566,8.039426538754793,4.575226202753294,1
15567,8.045984257097327,4.592920860072044,1
15568,8.03136778579288,4.593909595173828,1
15569,8.088595921130132,4.547665384866474,1
15570,8.085534438220334,4.5780611767703,1
15571,8.106827749728014,4.580648527419969,1
15572,8.098721990763535,4.550432692726542,1
15573,8.15622307063596,4.575449049330077,1
15574,8.181198659291343,4.597038202637159,1
15575,8.129136948400232,4.57115704306397,1
15576,8.191239284873646,4.555271583830224,1
15577,8.234847065923683,4.597445466905324,1
15578,8.228289304830987,4.588092739493584,1
15579,8.267350414853656,4.589644874680862,1
15580,8.245529094510431,4.571957500546612,1
15581,8.250797339187645,4.5953105381084525,1
15582,8.339296149514986,4.580519053661437,1
15583,8.312699092867675,4.58454835178419,1
15584,8.329981793896875,4.572841807936121,1
15585,8.36328548031974,4.560113843666412,1
15586,8.371607591876641,4.572250512800305,1
15587,8.440853774847488,4.549429648866032,1
15588,8.429016558310918,4.579756859850166,1
15589,8.47121690832204,4.572399820651107,1
15590,8.451332147295176,4.591114483474294,1
15591,8.541255937032496,4.586319626775359,1
15592,8.511375493212487,4.552510125885087,1
15593,8.590139580958112,4.581859093863084,1
15594,8.571102333797576,4.562533085130812,1
15595,8.620532897184168,4.56505029674741,1
15596,8.612873959821062,4.574079656878179,1
15597,8.684279535323506,4.571433380339373,1
15598,8.687286816521985,4.579603250172591,1
15599,8.751686950155344,4.58531626887706,1
15600,8.725061973492183,4.574160635373183,1
15601,8.80030642340823,4.561819754418898,1
15602,8.788793585924688,4.554372452467986,1
15603,8.85382429683633,4.55596189326247,1
15604,8.870571946648417,4.561000436238554,1
15605,8.87696723047092,4.589998919283672,1
15606,8.902002639654178,4.572887571894052,1
15607,8.883395034234539,4.549876007155339,1
15608,8.9048336354608,4.571550889480771,1
15609,8.901570263983132,4.568162275832129,1
15610,8.953400695666579,4.5903408207621315,1
15611,8.946024268666639,4.588501228336703,1
15612,8.941540337310318,4.560669139055533,1
15613,8.933430162753686,4.576247227912435,1
15614,8.998110030090375,4.551007750115554,1
15615,9.03329752285456,4.570727106683076,1
15616,9.02926320044772,4.58376911836888,1
15617,9.032893868245488,4.552335578971831,1
15618,9.047278477974134,4.5583099930931015,1
15619,9.062201313202811,4.549277854008283,1
15620,9.045267516572455,4.5590443559495855,1
15621,9.11456149202881,4.592081483147247,1
15622,9.09973340422367,4.5864361203188,1
15623,9.09992623934625,4.592682524315332,1
15624,9.185421220901876,4.579656793715183,1
15625,9.159221706871207,4.598456076274171,1
15626,9.169197509470118,4.588278245016303,1
15627,9.216030645293559,4.56875126893647,1
15628,9.22625980246983,4.580719851451027,1
15629,9.20402927610455,4.596878476445705,1
15630,9.278652094621961,4.561330262713778,1
15631,9.285633057263132,4.578826285067436,1
15632,9.293666775368981,4.571700062556507,1
15633,9.331369363488209,4.582450459161508,1
15634,9.322835895661859,4.5636465395275,1
15635,9.353332776464775,4.575057542946105,1
15636,9.362618016484726,4.5482761934176414,1
15637,9.397910659013748,4.552235803125116,1
15638,9.366073452531877,4.562136748375464,1
15639,9.433283149739434,4.596037503606236,1
15640,9.430249977638537,4.56882455594857,1
15641,9.417289237467752,4.574032078971928,1
15642,9.47794310815893,4.554344528252458,1
15643,9.500335706801245,4.581231396900359,1
15644,9.517833500310726,4.5984649498435495,1
15645,9.55357562213212,4.5481746393614735,1
15646,9.538024101982753,4.553848896365399,1
15647,9.531706311983138,4.565811820509881,1
15648,9.527121830337908,4.591007364469485,1
15649,9.592433219246969,4.568670823826572,1
15650,9.607217219699507,4.549076288612254,1
15651,9.603686498895541,4.584099629783084,1
15652,9.586221275098513,4.57687489064577,1
15653,9.624043922615463,4.592612927006795,1
15654,9.656099907722867,4.590122989657693,1
15655,9.645319976629683,4.556862737873868,1
15656,9.67380123519576,4.553675666842636,1
15657,9.644244037071152,4.583081449754587,1
15658,9.714929559249644,4.597443318230341,1
15659,9.681618369119924,4.5592806575847105,1
15660,9.914966638298797,4.556927065396359,1
15661,9.945531514388858,4.551533640222003,1
15662,9.936808922215931,4.591882754395293,1
15663,9.89423150323218,4.594918757776111,1
15664,9.903014059317629,4.582425497681338,1
15665,9.94756045153302,4.558997248072788,1
15666,9.957985907176385,4.591348654514155,1
15667,9.97076466409076,4.559678335111705,1
15668,9.971921164210947,4.58037768083934,1
15669,9.960462842965937,4.589500901671603,1
15670,10.004944191616659,4.5629517517850315,1
15671,10.011399651886162,4.571066295005476,1
15672,10.039494859824625,4.550695669719861,1
15673,10.245062883189835,4.5577348697007505,1
15674,10.317211682583352,4.564236467664933,1
15675,10.338295252317723,4.560144648000492,1
15676,11.361398132917854,4.5724424994504185,1
15677,11.386672476912228,4.559737951530614,1
15678,11.407937348019017,4.5874142186402365,1
15679,11.43445186320691,4.560938630869548,1
15680,11.421263520413394,4.569411697667828,1
15681,11.426128321332527,4.545869385788646,1
15682,11.446108496475954,4.560284165840626,1
15683,11.464395661841277,4.584398141760444,1
15684,11.493108979045617,4.546968305461275,1
15685,11.488775424925578,4.5559316607711455,1
15686,11.46200059884405,4.593173301072491,1
15687,11.54503015554076,4.567992031671714,1
15688,11.535511925531292,4.557413681946108,1
15689,11.515535536701304,4.55357482421876,1
15690,11.547001074647,4.549708953903589,1
15691,11.566518458258574,4.5485824010029505,1
15692,11.554461289314721,4.5835786975707,1
15693,11.571048412888706,4.557717805599219,1
15694,11.563880618610797,4.594825232150177,1
15695,11.629180456685233,4.564462259462706,1
15696,11.645198191744209,4.591528683548619,1
15697,11.627266963341519,4.598471887102575,1
15698,11.652166337105102,4.5690180125948245,1
15699,11.703068029729755,4.554894957472584,1
15700,11.679057020943558,4.548341171091718,1
15701,11.67081644266232,4.547969932401655,1
15702,11.700614051096052,4.5516251142142865,1
15703,11.74060866340023,4.57009140635267,1
15704,11.730682734224281,4.563219803879597,1
15705,11.730548205448995,4.592231556290136,1
15706,11.720176362386969,4.585928310701306,1
15707,11.764855424100146,4.555671565160446,1
15708,11.813632714495746,4.5477670673847665,1
15709,11.816225702427543,4.590304175471154,1
15710,11.772369888757806,4.588246712982767,1
15711,11.83090042299805,4.557970670754063,1
15712,11.867395497339029,4.546524490577153,1
15713,11.862673133190532,4.565202475398751,1
15714,11.85770164742154,4.5883555935319,1
15715,11.882673849206869,4.577629278365295,1
15716,11.913282844510034,4.595561271218754,1
15717,11.889798437446709,4.547030100967049,1
15718,11.967526332955122,4.58934653284942,1
15719,11.928604352538839,4.568352099503475,1
15720,8.010470196730918,4.599593517451977,1
15721,8.062038697769589,4.600699584753393,1
15722,8.063396920676038,4.612644815884935,1
15723,8.05735337371249,4.644682555295478,1
15724,8.08482873901948,4.633662659385789,1
15725,8.107280902008808,4.647547517815501,1
15726,8.10445482385425,4.640196591501767,1
15727,8.135965514026903,4.6440516339249935,1
15728,8.14795928929551,4.634978030027572,1
15729,8.202768859111044,4.6232060681263105,1
15730,8.20377530372578,4.644277238404811,1
15731,8.264266336836487,4.605090553831989,1
15732,8.275921686340602,4.610169745942282,1
15733,8.338128824550608,4.599757379768831,1
15734,8.29252552767119,4.603264000873653,1
15735,8.384690758917916,4.6172663535742355,1
15736,8.3766969997488,4.617761362111769,1
15737,8.421023436227667,4.618683795079126,1
15738,8.486702081934789,4.61839510052905,1
15739,8.524858561384015,4.602451436883536,1
15740,8.567974682841799,4.6029282269585075,1
15741,8.580887818722907,4.622091027591991,1
15742,8.643963691981154,4.64593350540596,1
15743,8.654351693370316,4.636403390292859,1
15744,8.705543196179738,4.6232741081561715,1
15745,8.67186276016704,4.601869326832548,1
15746,8.66670933338478,4.642668063079589,1
15747,8.761459222811315,4.642652684706257,1
15748,8.75196776246742,4.631529012107507,1
15749,8.791961553110584,4.608484148432683,1
15750,8.771094926736406,4.640376427407462,1
15751,8.836227054771003,4.628280342790974,1
15752,8.856322968439958,4.64719673882315,1
15753,8.834055748263191,4.603078148085965,1
15754,8.905798211108026,4.632103739196775,1
15755,8.899718286823806,4.600902338803396,1
15756,8.898739018658485,4.6194510487659075,1
15757,8.934868122170155,4.642609685377698,1
15758,8.98319315661014,4.62530488894254,1
15759,8.943940735041151,4.617275751455027,1
15760,8.935947315187793,4.599030018673618,1
15761,9.03046181348114,4.649089611836831,1
15762,8.993147270300161,4.642368507790812,1
15763,9.03340741243665,4.633991996135491,1
15764,9.012686801671466,4.6185061783156565,1
15765,9.054892450803678,4.649632129222908,1
15766,9.075992813491894,4.603973730655281,1
15767,9.081185865538961,4.637141922766391,1
15768,9.130393475667981,4.6264210535852,1
15769,9.111359696721346,4.605823558912038,1
15770,9.115425251192928,4.635233418915185,1
15771,9.153575626486523,4.602513146250864,1
15772,9.15024385372449,4.6387723424646765,1
15773,9.162882447249272,4.628079992338991,1
15774,9.242683756832797,4.607833992430013,1
15775,9.230068327333534,4.617576472631678,1
15776,9.221935553361462,4.613277699542341,1
15777,9.267786140859256,4.639315478960948,1
15778,9.272074683570516,4.626836879542922,1
15779,9.252761369719655,4.612105014800951,1
15780,9.34730936635067,4.618438901751156,1
15781,9.311645178155224,4.640481125933465,1
15782,9.308571484037625,4.603363660301918,1
15783,9.360059330455368,4.60381593494622,1
15784,9.394133977642852,4.638814836689775,1
15785,9.410931757897549,4.642300776934041,1
15786,9.413502410969075,4.60184413720886,1
15787,9.417070015276023,4.629505636488369,1
15788,9.47372736666888,4.611810248367206,1
15789,9.49760566091775,4.631917947677582,1
15790,9.474402607531701,4.630466751632631,1
15791,9.568843995624743,4.621706687797186,1
15792,9.557907790625507,4.599344061126541,1
15793,9.573541803190505,4.649204479200004,1
15794,9.587400876685914,4.599335328987213,1
15795,9.573929801093488,4.6137954547765885,1
15796,9.670733075166233,4.6095937302481245,1
15797,9.660697559796,4.62858636526202,1
15798,9.705240147019643,4.6036440065200885,1
15799,9.885364092519344,4.644043126234372,1
15800,9.853196895864322,4.638397917798874,1
15801,9.879185810393613,4.604584236969265,1
15802,9.929156849385194,4.631649913957297,1
15803,9.942343715869127,4.616311749337323,1
15804,9.943898634712331,4.611466895712831,1
15805,9.904608321429142,4.627337454485271,1
15806,9.922654588281729,4.606739893491961,1
15807,9.917664486421165,4.6251893945993015,1
15808,9.99274529786353,4.638666243801235,1
15809,9.955780641501043,4.619321988079767,1
15810,9.969812689547918,4.605490412274302,1
15811,9.961224036622124,4.633706430220489,1
15812,10.135100917794446,4.625544021116391,1
15813,10.189783291710324,4.65109645580061,1
15814,10.94278630788787,4.604916659746895,1
15815,10.929132284414223,4.645482617227635,1
15816,10.972708850068603,4.603454599597636,1
15817,11.009520741951382,4.636174944583936,1
15818,11.06878959860715,4.602287265641114,1
15819,11.048281396332122,4.638148058497026,1
15820,11.064856311098278,4.608329152178589,1
15821,11.106855576913777,4.641086509898918,1
15822,11.111192740557552,4.617179131920242,1
15823,11.087206584870659,4.63700038827394,1
15824,11.072650488339985,4.636229468711757,1
15825,11.144665994409054,4.602645481966897,1
15826,11.143980741168486,4.611204493387992,1
15827,11.17199637925233,4.631991443965715,1
15828,11.147642865694792,4.6509227930737564,1
15829,11.20510930872527,4.604044393342128,1
15830,11.21320633072489,4.628507516785675,1
15831,11.18350398300713,4.646395562665442,1
15832,11.269154675801234,4.624057781894263,1
15833,11.257528290127393,4.648775337272228,1
15834,11.312936848780346,4.614549257917115,1
15835,11.372203460502652,4.602164603400027,1
15836,11.37735665565464,4.6085120040342815,1
15837,11.372479281949,4.626414726093105,1
15838,11.429735037631096,4.649467687800177,1
15839,11.432551217169612,4.599858653779622,1
15840,11.427192175527729,4.625885163982435,1
15841,11.435806479740798,4.61371529142072,1
15842,11.446100510693233,4.6096047865937395,1
15843,11.456954925730695,4.619653321744482,1
15844,11.470737953978315,4.648105513639695,1
15845,11.484227523510858,4.6370201827047755,1
15846,11.544701358533032,4.617834951237476,1
15847,11.50783897263974,4.649759504825002,1
15848,11.540527798516147,4.601235715942101,1
15849,11.532442710454053,4.650336046217585,1
15850,11.58863200547155,4.632345169082242,1
15851,11.59039028383546,4.613312974474675,1
15852,11.603701650353212,4.632260428422264,1
15853,11.555411971605995,4.63641498857078,1
15854,11.590200127975876,4.606706130303628,1
15855,11.62768337280961,4.616070565764666,1
15856,11.630929105794005,4.647896749232724,1
15857,11.629856633677647,4.623122394136353,1
15858,11.615610064332035,4.630435146576142,1
15859,11.70736731705887,4.64974232316097,1
15860,11.69290603456865,4.602089423967234,1
15861,11.694372890171326,4.607170723614615,1
15862,11.692683993626444,4.636634004139611,1
15863,11.753527397801138,4.635449417610081,1
15864,11.75790732681779,4.64182811781499,1
15865,11.721931367355111,4.62520395154243,1
15866,11.743615981525673,4.636935093920579,1
15867,11.782770317527817,4.640302464660855,1
15868,11.77330961883323,4.6092898327523795,1
15869,11.787585008682061,4.622605611109551,1
15870,11.765701508905993,4.627446059034655,1
15871,11.866547896493863,4.632876452121538,1
15872,11.830232001704381,4.604618063181024,1
15873,11.850718777266245,4.6443563314763825,1
15874,11.827044327951665,4.612902910333352,1
15875,11.922412468360719,4.617367769475555,1
15876,11.886357044801219,4.602337522875112,1
15877,11.896784457480072,4.612356723295094,1
15878,11.941325593566853,4.603549617956333,1
15879,11.936766659700911,4.6124617702404,1
15880,11.937373857617509,4.6177233554532755,1
15881,8.05335407225904,4.705679389110487,1
15882,8.120924492306079,4.677960481794424,1
15883,8.176073604066023,4.658965505075514,1
15884,8.206188713225009,4.695901587515563,1
15885,8.24162972637273,4.671833163250497,1
15886,8.297875298152281,4.703031019077982,1
15887,8.295499612814107,4.657193347107486,1
15888,8.353691484671952,4.6963455804270176,1
15889,8.435667440793988,4.671413809179353,1
15890,8.48060614106399,4.705720619782011,1
15891,8.518014655424764,4.661249355664547,1
15892,8.563443198976017,4.699444384946291,1
15893,8.62755004866442,4.67119413951862,1
15894,8.657663097000633,4.700252394901773,1
15895,8.69150757978643,4.681326298988394,1
15896,8.686102217584681,4.656182977088823,1
15897,8.706598861564261,4.698172749288174,1
15898,8.718960525355238,4.699285722224577,1
15899,8.765779909355997,4.658053738603668,1
15900,8.733046549480303,4.695603992810902,1
15901,8.773623550361862,4.674860022470681,1
15902,8.795874154304817,4.684678286174513,1
15903,8.818387980884433,4.692538105403676,1
15904,8.866800504849802,4.668057224605679,1
15905,8.857436290325825,4.686812622991855,1
15906,8.866485101355183,4.6914166386787235,1
15907,8.888634289046387,4.703764237611753,1
15908,8.910400271257169,4.676416494485921,1
15909,8.924138415750924,4.655959279271381,1
15910,8.932506372230666,4.672938308912065,1
15911,8.950916651692296,4.674866592219965,1
15912,8.963527838754365,4.683200945249675,1
15913,9.008402546525414,4.701267131140955,1
15914,8.986624880170572,4.691282055464096,1
15915,9.007725009347531,4.691129142501234,1
15916,9.041372018977652,4.6572790430999875,1
15917,9.059566238139963,4.68291222380091,1
15918,9.127497472336241,4.667101609417671,1
15919,9.126777277877387,4.6692993648859185,1
15920,9.151540786356506,4.677209845339212,1
15921,9.175336539395978,4.697370107666687,1
15922,9.173583607625066,4.67345855098297,1
15923,9.227199871976278,4.702277529330881,1
15924,9.210045558221482,4.676180224798025,1
15925,9.256983303352996,4.66289576252172,1
15926,9.273668369933155,4.6576696253966094,1
15927,9.347753761515271,4.698819565887705,1
15928,9.337350370315983,4.695993604018785,1
15929,9.394982210093636,4.686966503410849,1
15930,9.409426342890463,4.693029237679676,1
15931,9.414252313241954,4.690796707990919,1
15932,9.439101319613854,4.662917672000961,1
15933,9.476108824726495,4.657539553639468,1
15934,9.52100919590259,4.704871315989638,1
15935,9.612026045014305,4.702451081199462,1
15936,9.641351987774152,4.692794114883706,1
15937,9.690161730954209,4.694032161608477,1
15938,9.79979572610296,4.665092754489254,1
15939,9.796415910624827,4.66631646588079,1
15940,9.866662921383568,4.6957710378908235,1
15941,9.888438208974211,4.658503969073803,1
15942,9.889937221400483,4.703480535291264,1
15943,9.878848273679345,4.6920089381750225,1
15944,9.858827418009438,4.696877006839456,1
15945,9.900702185813193,4.6567839100924875,1
15946,9.91923700183708,4.696740436569448,1
15947,9.92976233409793,4.669187887282489,1
15948,9.91507245431612,4.662976661709995,1
15949,9.907733928073688,4.662669891156887,1
15950,10.076408789031012,4.6598391624390185,1
15951,10.75088871658028,4.659222944453522,1
15952,10.845492923622292,4.700402323148864,1
15953,10.806800519250281,4.698000735101231,1
15954,10.802627013850005,4.6621338457790635,1
15955,10.883896031974615,4.685927483218902,1
15956,10.8590721209182,4.696161903510188,1
15957,10.872466571913037,4.684151243544862,1
15958,10.940650386892449,4.693426723874797,1
15959,10.934636999927653,4.7053106856334574,1
15960,10.94785868318838,4.698499768032203,1
15961,10.91006790490247,4.655737771865522,1
15962,11.003036236580144,4.6626276666146325,1
15963,11.007571423348706,4.669655904219532,1
15964,11.00024283343569,4.680884618143433,1
15965,11.059522928896955,4.66810778674519,1
15966,11.027472687352049,4.665459868440877,1
15967,11.062276006197639,4.697118896167764,1
15968,11.094179030330974,4.668789575847233,1
15969,11.115402373063358,4.679291544990514,1
15970,11.111381882175909,4.678921005931592,1
15971,11.086852553116042,4.679278769176409,1
15972,11.1631653726164,4.66173232696842,1
15973,11.160921187855461,4.675328500359456,1
15974,11.175703352444648,4.669313818193684,1
15975,11.168538242866411,4.666874998851679,1
15976,11.227609025182746,4.6613250942738045,1
15977,11.221244800979683,4.673672803104375,1
15978,11.19628660398896,4.687551762440732,1
15979,11.180811793603514,4.695699651777298,1
15980,11.258890904506917,4.705056483426398,1
15981,11.232560642398923,4.68452266785855,1
15982,11.327236611435119,4.653404668724884,1
15983,11.363640672338379,4.698727546373343,1
15984,11.356957226992625,4.692730965347804,1
15985,11.420851685959159,4.6546351312379,1
15986,11.411361010027647,4.677745356569691,1
15987,11.404778244835128,4.694336747287816,1
15988,11.4874903358364,4.652825415613425,1
15989,11.470351851781473,4.686875084594338,1
15990,11.461819233949562,4.686024942749625,1
15991,11.445390433586127,4.6959206173042345,1
15992,11.543388515266868,4.687380300624901,1
15993,11.53504118400891,4.656916007088031,1
15994,11.497722080928975,4.678070097334569,1
15995,11.520608353867281,4.705818246572754,1
15996,11.560679997683382,4.655565563329334,1
15997,11.598508541765828,4.70078157725917,1
15998,11.572104318381218,4.6579971787585785,1
15999,11.596319244902526,4.684542136062462,1
16000,11.633122707943938,4.683125155007449,1
16001,11.641702942979759,4.682038498620797,1
16002,11.619217600015068,4.698783212286971,1
16003,11.654578915091244,4.69774598876833,1
16004,11.703568225561739,4.67642718400712,1
16005,11.708009794152833,4.6532269489497535,1
16006,11.672489774473346,4.691102153903526,1
16007,11.700173216419756,4.690192444563733,1
16008,11.73010156868913,4.685835889266253,1
16009,11.714355377271136,4.678151364801091,1
16010,11.758051777804605,4.661092041871568,1
16011,11.790699899626183,4.655641415306489,1
16012,11.811797824391366,4.666910575137746,1
16013,11.80614685007186,4.664957408734913,1
16014,11.86366475966664,4.701410478652135,1
16015,11.833748254983197,4.704618641183542,1
16016,11.852777160353607,4.7019672675127495,1
16017,11.823821992972718,4.680072099140941,1
16018,11.88336508001961,4.688447799827388,1
16019,11.884128109495425,4.689170600079384,1
16020,11.902854510538658,4.684791011203102,1
16021,11.89571811713504,4.682716723357369,1
16022,11.875532018409602,4.674990973273753,1
16023,11.955756039612098,4.693136404837695,1
16024,11.952714872074493,4.669311214718234,1
16025,11.963648737550123,4.6884338639341,1
16026,11.926399063889583,4.700638091640993,1
16027,11.952794868928205,4.704994000667699,1
16028,11.993728793179832,4.672366752180339,1
16029,8.283922798410062,4.74581275682276,1
16030,8.302575365470828,4.739361918724054,1
16031,8.361490626854486,4.730391770879614,1
16032,8.445072546829127,4.708041104548442,1
16033,8.407635707877088,4.754809500995186,1
16034,8.471575967192312,4.706330739815184,1
16035,8.464180023453101,4.73206089243173,1
16036,8.519079067501073,4.716834744946615,1
16037,8.545707861444042,4.739024389176314,1
16038,8.603985275418827,4.707087182607988,1
16039,8.597778235173292,4.708453671694403,1
16040,8.644807510654957,4.71909200059058,1
16041,8.616697438773615,4.71664885864574,1
16042,8.652459724913445,4.7063319413573526,1
16043,8.688387779234272,4.715979259159536,1
16044,8.684026967926894,4.722238569682786,1
16045,8.70839006867419,4.747383434550898,1
16046,8.752002656899537,4.711306569201743,1
16047,8.757535522531304,4.708207382825032,1
16048,8.728856511577554,4.754970646621837,1
16049,8.803102236148987,4.731748114029657,1
16050,8.805153384591991,4.748495554301963,1
16051,8.81237652321575,4.714440086902177,1
16052,8.843758158297613,4.7366334906864695,1
16053,8.82974143349931,4.729942656207096,1
16054,8.83526478356999,4.757296900200872,1
16055,8.911673632118545,4.750446493735264,1
16056,8.897136511502097,4.737861805121314,1
16057,8.894981165686307,4.7315856967836005,1
16058,8.965404393203979,4.7142256500883315,1
16059,8.98041315110189,4.720909055218083,1
16060,8.972719688574958,4.730212900529709,1
16061,9.019674859904125,4.755541471066505,1
16062,8.994895514577257,4.712041328116476,1
16063,9.085743416020183,4.730980726999083,1
16064,9.07232584037699,4.7391869189598195,1
16065,9.095184318427345,4.709379391004428,1
16066,9.107503993058335,4.7149828580883275,1
16067,9.164901177283408,4.724861581931692,1
16068,9.193142104384455,4.7477416007164175,1
16069,9.2215206417941,4.723324921964854,1
16070,9.208687431303128,4.750885054216721,1
16071,9.302682400231246,4.735659754476243,1
16072,9.344119633848386,4.7220735086680365,1
16073,9.356876962644192,4.729200653531204,1
16074,9.409790888228752,4.732015979284253,1
16075,9.441509798244113,4.715572015670119,1
16076,9.834010248273078,4.750917656288768,1
16077,9.819160516041942,4.74203540856677,1
16078,9.792811896746041,4.717486569481188,1
16079,9.885546980521193,4.717099286350921,1
16080,9.860957222063035,4.7314164496581705,1
16081,9.862789104938745,4.7214244524013305,1
16082,9.884096135026642,4.7245792488511675,1
16083,9.91345949781106,4.720048640847411,1
16084,9.925488520414927,4.7470203114043255,1
16085,10.569069247822348,4.756964216983224,1
16086,10.600112661277986,4.731893590139371,1
16087,10.62696982273828,4.737511866004468,1
16088,10.605521394142341,4.7193917792889994,1
16089,10.678443610156103,4.71014280632155,1
16090,10.641916385109203,4.751273547612715,1
16091,10.645656194413414,4.725221784538315,1
16092,10.722257064775828,4.71215679950019,1
16093,10.740262937309728,4.73723689213201,1
16094,10.743229528212078,4.706285058995823,1
16095,10.767314941402338,4.756522532787291,1
16096,10.76284327717307,4.734733577653036,1
16097,10.797015762183925,4.710227637263704,1
16098,10.781016142366807,4.747037212564727,1
16099,10.836789051047377,4.7123112802677065,1
16100,10.80913236880884,4.754915083378986,1
16101,10.851339269373861,4.7227441342708625,1
16102,10.810211470974256,4.748962274660217,1
16103,10.878795098081008,4.744977178510459,1
16104,10.880883097792001,4.719021757766612,1
16105,10.862436148355709,4.728895445487115,1
16106,10.90664726028699,4.725654147538813,1
16107,10.913850619194994,4.71530959997624,1
16108,10.950471694564564,4.7583382556200995,1
16109,10.999337106609916,4.739286894002081,1
16110,11.01451960278137,4.747463518850394,1
16111,11.05406337119513,4.721199443230642,1
16112,11.02503582543105,4.742773094620363,1
16113,11.032769846769519,4.7242445516040625,1
16114,11.056304561541744,4.741170085740979,1
16115,11.106795501894533,4.737579233029264,1
16116,11.08946335777303,4.707459621414241,1
16117,11.108055214077496,4.711752141627824,1
16118,11.08377407836067,4.722907441183112,1
16119,11.07123051668141,4.72971737882212,1
16120,11.133769429681237,4.743558924770096,1
16121,11.147925807729663,4.716310171649802,1
16122,11.137957550768775,4.717121144847456,1
16123,11.179608045849232,4.751382631369079,1
16124,11.197465545853849,4.737993223450017,1
16125,11.273653683080411,4.756334386630152,1
16126,11.243674069896526,4.748709580642963,1
16127,11.308985599976522,4.754686397496627,1
16128,11.356821022261638,4.707697358700369,1
16129,11.342815269503243,4.755045529890576,1
16130,11.406160217256062,4.714289915428429,1
16131,11.41181359090247,4.723022109305425,1
16132,11.405636221409456,4.712416821425445,1
16133,11.403698524438173,4.727825759604579,1
16134,11.4495584991147,4.731584677936047,1
16135,11.480799021291565,4.709571459671616,1
16136,11.479696266758477,4.708856949954193,1
16137,11.4635971798371,4.7353028964925405,1
16138,11.548875817634475,4.731618427626141,1
16139,11.513201247149757,4.712223435596331,1
16140,11.502156967474336,4.717662922827669,1
16141,11.498461738647721,4.752502200364705,1
16142,11.601059605264998,4.746710380301047,1
16143,11.58448102231801,4.722518355964919,1
16144,11.598416038956188,4.75751262349173,1
16145,11.554831681107224,4.722105303765317,1
16146,11.631828698077888,4.753285400089384,1
16147,11.609685061244365,4.731703052117523,1
16148,11.62569834785392,4.7268709728078875,1
16149,11.631034263395529,4.723113383852313,1
16150,11.710428704082867,4.722551762946175,1
16151,11.664469873810901,4.758136866745887,1
16152,11.664014776925065,4.754565421060716,1
16153,11.761637601435769,4.73624250988831,1
16154,11.73867662284407,4.751529184949439,1
16155,11.73991867429097,4.714692384434414,1
16156,11.773099594824659,4.710945198439651,1
16157,11.773790361211455,4.721247289564165,1
16158,11.79619688694725,4.721793473709067,1
16159,11.800655146799356,4.714589192344777,1
16160,11.834616310998314,4.729502819109259,1
16161,11.824756692525028,4.741294322840518,1
16162,11.863987897785298,4.743717683917338,1
16163,11.835898680446958,4.729035724249874,1
16164,11.848368096822028,4.733662696782282,1
16165,11.889700047478712,4.706990907595972,1
16166,11.89671830073685,4.732999289106226,1
16167,11.895690425009967,4.747812157321025,1
16168,11.876783916786772,4.750418988192012,1
16169,11.901318588247333,4.713954712375947,1
16170,11.872321406765023,4.716948157782091,1
16171,11.959010283304519,4.7273068749304,1
16172,11.947200296265878,4.7265090967581305,1
16173,11.962833927826917,4.709738857128935,1
16174,11.976994433025439,4.74651489621013,1
16175,11.946526444833175,4.709981517939185,1
16176,11.996649527160656,4.758117985701378,1
16177,8.06838743133392,4.805160710912026,1
16178,8.095300738159501,4.802402306507016,1
16179,8.131859417226808,4.79986498545441,1
16180,8.18330549604593,4.8034300532115815,1
16181,8.256918657600686,4.799565896239816,1
16182,8.320649526856876,4.805169427359249,1
16183,8.328125776865807,4.766262862572973,1
16184,8.389582863067277,4.798691441839076,1
16185,8.381112257621334,4.808429403932507,1
16186,8.354615488855965,4.773793055027751,1
16187,8.425593006306423,4.790418763599209,1
16188,8.428762129239248,4.7721075996929745,1
16189,8.439491324300766,4.786607492829302,1
16190,8.462121696365745,4.778997069337563,1
16191,8.470653764618957,4.800105526022494,1
16192,8.46289884242948,4.767352432503307,1
16193,8.51814312279853,4.76810749707226,1
16194,8.51518480429856,4.790259048628158,1
16195,8.517207773091942,4.787247153843473,1
16196,8.58502936267999,4.786073757808977,1
16197,8.583009424694868,4.809733830457414,1
16198,8.576684510373722,4.809874926910504,1
16199,8.651821402916008,4.7884147902762635,1
16200,8.62067026960672,4.795020231084357,1
16201,8.641670574079372,4.7999555638747795,1
16202,8.668783481227702,4.779815210650379,1
16203,8.70889667315924,4.76321414096851,1
16204,8.675032650370333,4.780537069878765,1
16205,8.729137464689853,4.764834692119648,1
16206,8.744691274227709,4.792961195449348,1
16207,8.765619503603062,4.792644367954699,1
16208,8.775721514578283,4.777771310216306,1
16209,8.788944379193387,4.7909690000191985,1
16210,8.779725339210414,4.808434090285547,1
16211,8.8581844878358,4.774598025516719,1
16212,8.868386798830365,4.793329530655595,1
16213,8.912757976188065,4.786401444540973,1
16214,8.921967390191027,4.7926279480314005,1
16215,8.943348715752162,4.807653162915659,1
16216,8.964834133489463,4.809110717684056,1
16217,9.031489078471362,4.798197366867237,1
16218,9.000443269222428,4.8076067556248665,1
16219,9.04443546826772,4.8100122169848865,1
16220,9.05694465211308,4.779785051958128,1
16221,9.10209384890636,4.768872495557949,1
16222,9.106120496059898,4.812332190341672,1
16223,9.177152137496355,4.812323611884432,1
16224,9.79568521201854,4.760278869528435,1
16225,10.44894709244685,4.789448373342449,1
16226,10.457753518473913,4.770267905248564,1
16227,10.493602776179477,4.771372413411044,1
16228,10.517046082433682,4.803126650413063,1
16229,10.490818292496888,4.77368858859038,1
16230,10.488738516608553,4.812699903046785,1
16231,10.539161639575553,4.794542585622859,1
16232,10.575118871092222,4.778324809428587,1
16233,10.588017115766993,4.772872524835174,1
16234,10.575767796994821,4.778688736550132,1
16235,10.56311046517838,4.79276587746152,1
16236,10.627389821371894,4.764203703188819,1
16237,10.609457681628445,4.759444203305362,1
16238,10.635289232179131,4.7931001066721,1
16239,10.591041750348488,4.785144170154677,1
16240,10.633354950311835,4.793937422769624,1
16241,10.668407874085789,4.767163035468748,1
16242,10.674789872873763,4.796389842595579,1
16243,10.644602006499962,4.770934772847286,1
16244,10.658697818337457,4.769618408688429,1
16245,10.666535912551803,4.788355158751849,1
16246,10.71493560348077,4.762688421164426,1
16247,10.706214077416734,4.802796349985672,1
16248,10.6959245991617,4.774286460083776,1
16249,10.709549733983813,4.800603442882071,1
16250,10.780991439256104,4.760380026368222,1
16251,10.777767035801377,4.7804364735974385,1
16252,10.75130035201752,4.774458882286546,1
16253,10.812859055068934,4.759404944337828,1
16254,10.836170683331735,4.798102796837257,1
16255,10.824298521679497,4.772153201569152,1
16256,10.888149168052367,4.812209601051181,1
16257,10.883396586434529,4.762825053620028,1
16258,10.930750892051838,4.782792278890029,1
16259,10.950888899078368,4.774739385292571,1
16260,10.940931412828734,4.782690197078906,1
16261,10.979312468060385,4.784210384736544,1
16262,10.980082818158591,4.762563008597764,1
16263,11.001212753399294,4.80201744781412,1
16264,11.003800188803238,4.759794388322557,1
16265,11.047317631955572,4.798845745716963,1
16266,11.047482971137612,4.772285207061761,1
16267,11.024486062603199,4.798301509479427,1
16268,11.06689991674982,4.807117008267947,1
16269,11.038487425308176,4.778634650983684,1
16270,11.083785448830877,4.810331001332886,1
16271,11.084251854449096,4.809010786957945,1
16272,11.085998068987909,4.775171022081286,1
16273,11.083912980547261,4.781807227549573,1
16274,11.081592317150818,4.801375745863744,1
16275,11.163662900691023,4.777947464080039,1
16276,11.160325469557298,4.785954967577879,1
16277,11.140201937942962,4.799101426422829,1
16278,11.131695262580656,4.775529452747008,1
16279,11.204603544633919,4.806770252078171,1
16280,11.190324866818814,4.796331057268168,1
16281,11.219017327108482,4.811216865031987,1
16282,11.27965148958467,4.797640016491391,1
16283,11.280629970862117,4.801399904719948,1
16284,11.283774272290033,4.797631826804684,1
16285,11.431421855150354,4.793662091849649,1
16286,11.423845857904668,4.796959581337165,1
16287,11.432694847120857,4.759674756019776,1
16288,11.401362466788896,4.787396788207877,1
16289,11.479939753142606,4.80819053662051,1
16290,11.475978488002745,4.800033454688345,1
16291,11.486433143710656,4.779689932395599,1
16292,11.495480785076026,4.800279473565859,1
16293,11.53877587676183,4.779992803045858,1
16294,11.526513708315306,4.804240948824519,1
16295,11.53738930256951,4.770448797088161,1
16296,11.523841641773767,4.761089791347784,1
16297,11.567988021994486,4.763219741308824,1
16298,11.601696713840084,4.788729849445844,1
16299,11.603837961501206,4.79996849481221,1
16300,11.570097676652468,4.778517644449496,1
16301,11.621810137253043,4.766028303062512,1
16302,11.62995813786166,4.764574540346821,1
16303,11.62841854562496,4.7957854537315345,1
16304,11.688964202480852,4.790956125328805,1
16305,11.683380540658241,4.79041951541874,1
16306,11.684974150027017,4.772812397675086,1
16307,11.759988058367389,4.774476026417559,1
16308,11.748199565263,4.760902442931466,1
16309,11.740773213907085,4.769640857633106,1
16310,11.763651074592177,4.803740134488888,1
16311,11.76986639842145,4.788777361443801,1
16312,11.817036009116606,4.761412150541008,1
16313,11.765193834123803,4.774354412741887,1
16314,11.787752378014638,4.795508981071556,1
16315,11.797543323224357,4.79154115967123,1
16316,11.829876131028788,4.805042027769375,1
16317,11.865676521051649,4.805179221933112,1
16318,11.86089719194263,4.791233271262715,1
16319,11.855357499494156,4.790780104251,1
16320,11.819870844834243,4.792288473979286,1
16321,11.83471139861301,4.763063887805608,1
16322,11.91442377073583,4.770190371536636,1
16323,11.919851899384916,4.778996995383973,1
16324,11.876439810923486,4.765085486389699,1
16325,11.881780841849974,4.790743698760941,1
16326,11.907835073681209,4.766610278098075,1
16327,11.940888588231223,4.780322005826669,1
16328,11.929572442266569,4.785710486272801,1
16329,11.949037589110803,4.763553217279222,1
16330,11.933973958612723,4.773749719746821,1
16331,11.996790225424197,4.810374441597265,1
16332,8.058493138674736,4.8653623947391225,1
16333,8.107005968412114,4.862621084106817,1
16334,8.111876847099145,4.8562389105736194,1
16335,8.128740284472386,4.8472367296206125,1
16336,8.13549642340777,4.828914880502272,1
16337,8.223893924291296,4.8633477740651125,1
16338,8.225488004456869,4.839535352719643,1
16339,8.276539520100734,4.827025160015154,1
16340,8.26811024394035,4.831608392299285,1
16341,8.301434765156488,4.865752883767382,1
16342,8.293088687885378,4.815069293138263,1
16343,8.318448706967976,4.8556108775878934,1
16344,8.389894494175199,4.858703928810648,1
16345,8.347264493947497,4.835162444383089,1
16346,8.361065200609639,4.821913137329209,1
16347,8.414457396022259,4.858235598049275,1
16348,8.418160831943416,4.8618324686637004,1
16349,8.432141191566828,4.830870661272969,1
16350,8.456942350605754,4.830379898646323,1
16351,8.461928936425961,4.844398612930651,1
16352,8.454918816357802,4.820459594577146,1
16353,8.516962953552234,4.832226668443213,1
16354,8.524902394104744,4.851553533219949,1
16355,8.521431027325374,4.850560635671708,1
16356,8.564008655027148,4.8256932044750185,1
16357,8.568113772290207,4.8443190568312815,1
16358,8.566770208631613,4.814719417397473,1
16359,8.649940573386512,4.8655340119548605,1
16360,8.64662402353875,4.822183041528438,1
16361,8.69203251261722,4.860501040379116,1
16362,8.685484417934992,4.818851261963271,1
16363,8.746659304822396,4.818691812066452,1
16364,8.732446877804751,4.847812711177348,1
16365,8.799999706322652,4.828666509202103,1
16366,8.773124852267117,4.82243056528762,1
16367,8.834852493704288,4.849423571992092,1
16368,8.90892572598372,4.828927889217137,1
16369,8.931930631024612,4.835396028768188,1
16370,9.0366897409699,4.838355430383405,1
16371,10.281781457986535,4.831822279284246,1
16372,10.344471628198775,4.845981069457326,1
16373,10.424609015537492,4.848250893630052,1
16374,10.384017530954662,4.860084868275145,1
16375,10.474646840761926,4.822206435698527,1
16376,10.45795331950075,4.850735518744699,1
16377,10.461739485365921,4.8639463082072085,1
16378,10.443493577274007,4.836211502624943,1
16379,10.50957408060866,4.820262167285188,1
16380,10.486865361256326,4.847808211655163,1
16381,10.517849837849763,4.833863051415428,1
16382,10.526774211801925,4.815836530047395,1
16383,10.52029306566591,4.853981811451397,1
16384,10.57573652265171,4.860996457842612,1
16385,10.536489142821662,4.814125793267448,1
16386,10.539115476975118,4.821468051480608,1
16387,10.566052531074103,4.838107524279843,1
16388,10.60769442294182,4.844507914679719,1
16389,10.635514284985232,4.84608529805997,1
16390,10.609501599310432,4.855942113942837,1
16391,10.591341746840284,4.832114737049534,1
16392,10.681922542639828,4.8344773880502085,1
16393,10.660517438973693,4.861484736591902,1
16394,10.643914293125617,4.8242970734963935,1
16395,10.680019772739428,4.855650068064665,1
16396,10.720669055075108,4.850010915420599,1
16397,10.704052876005418,4.848616726670549,1
16398,10.744121363644378,4.860079931900185,1
16399,10.699056654687542,4.832006080447153,1
16400,10.797121340468086,4.86594324108812,1
16401,10.795266902323418,4.86256386378985,1
16402,10.749263892830774,4.815293285136814,1
16403,10.851834333478719,4.863073479127852,1
16404,10.814513460102665,4.821788003783794,1
16405,10.866864849000722,4.851086868473658,1
16406,10.874080114779261,4.819297416435476,1
16407,10.946600914969604,4.841642650634986,1
16408,10.952332876505418,4.828260157476475,1
16409,10.958896582390324,4.846444336874152,1
16410,10.965218210060234,4.813210343999439,1
16411,10.989952347597908,4.8609068690888115,1
16412,11.013867478389685,4.832022521520068,1
16413,10.970324927669942,4.831138185773947,1
16414,10.966315040019657,4.860573468352684,1
16415,11.066573925186422,4.817515455422092,1
16416,11.046242031459046,4.825272625412126,1
16417,11.024084005985623,4.855485494658206,1
16418,11.032164035294574,4.863047945676175,1
16419,11.063679165790532,4.834249298390999,1
16420,11.070067494243661,4.862870909332867,1
16421,11.114735038947359,4.86175338504562,1
16422,11.10191886786397,4.827913089746756,1
16423,11.119332888743278,4.825978943930951,1
16424,11.131899725065695,4.824654209846222,1
16425,11.127879032017105,4.843206831242777,1
16426,11.160265634551513,4.834919676223224,1
16427,11.133373448888056,4.840451588902258,1
16428,11.191201409189059,4.840897995967816,1
16429,11.195838597730345,4.866298187409691,1
16430,11.178606993834757,4.829782540150425,1
16431,11.194994700105864,4.864888284562805,1
16432,11.23175215636737,4.839896202331515,1
16433,11.232881633979401,4.830847522725464,1
16434,11.237536460269126,4.8491055578225595,1
16435,11.245352304890247,4.8213559563985156,1
16436,11.304635126681639,4.85617958017267,1
16437,11.316281724631837,4.825765186146213,1
16438,11.3087423938587,4.843636781667112,1
16439,11.31365957922812,4.8628660337953455,1
16440,11.304591327805866,4.824118477290797,1
16441,11.384312819047315,4.857214352628633,1
16442,11.35549857540073,4.822963508042013,1
16443,11.356870216108646,4.841060110399883,1
16444,11.391173772972703,4.863006220948153,1
16445,11.459513344314049,4.847009494051078,1
16446,11.46253905214446,4.855688785028832,1
16447,11.473997406150584,4.814169420818147,1
16448,11.532556767261282,4.818561037272051,1
16449,11.544128117749596,4.815126843742372,1
16450,11.50169053043086,4.853920965246506,1
16451,11.527180151989572,4.820213547203855,1
16452,11.58704571298916,4.857630349968219,1
16453,11.56381346705334,4.85974611923617,1
16454,11.587450945621947,4.850736553094769,1
16455,11.583484922939837,4.864190015125074,1
16456,11.648001191794332,4.8411530530796325,1
16457,11.640364900863078,4.845466710513842,1
16458,11.643763358465522,4.848591403214139,1
16459,11.680425491768078,4.818232769160769,1
16460,11.695999180741513,4.864670463085326,1
16461,11.68882637995779,4.856147107225533,1
16462,11.700552846481314,4.857621568380393,1
16463,11.736339224721828,4.825842993931457,1
16464,11.759882848007866,4.841039461395307,1
16465,11.754459724253648,4.821798952377335,1
16466,11.718990277517353,4.833494914784634,1
16467,11.763967775942222,4.86501168444161,1
16468,11.756007515779809,4.855764514224381,1
16469,11.81423284337243,4.840959646852019,1
16470,11.816205366399492,4.817921311842685,1
16471,11.809695422558312,4.860289769559966,1
16472,11.789537228414384,4.8172563943552955,1
16473,11.800107159664194,4.859540826090481,1
16474,11.786812614719333,4.858527363539789,1
16475,11.853156636699156,4.828196791129029,1
16476,11.861717387829918,4.861455889312766,1
16477,11.861411617579023,4.827642616226772,1
16478,11.842444620609731,4.846564436678137,1
16479,11.824744121844377,4.824419028867595,1
16480,11.875651822973703,4.854048284800142,1
16481,11.877106270759713,4.85483987450756,1
16482,11.90855994976075,4.828249858196939,1
16483,11.896787025347022,4.847023528856215,1
16484,11.971230200791625,4.864156598500471,1
16485,11.9275042372075,4.851807490005449,1
16486,11.96607028003603,4.856056569862638,1
16487,11.927614154749975,4.824199887628419,1
16488,11.986225766508445,4.820679621904349,1
16489,11.981974758355884,4.8333056401932275,1
16490,11.997968673416121,4.835042315698398,1
16491,8.001313025806825,4.868997813542038,1
16492,8.025642072644713,4.904532871210952,1
16493,8.046870400409887,4.9123064803414955,1
16494,8.055310528697014,4.902957463092054,1
16495,8.110525269895525,4.8752805301017155,1
16496,8.076799489297313,4.900607791541651,1
16497,8.104574105541944,4.885897159233891,1
16498,8.16617978178124,4.866592355804175,1
16499,8.173472000220645,4.89076086995519,1
16500,8.161970257044837,4.867260783706974,1
16501,8.210446738454596,4.893308576976178,1
16502,8.216360456397897,4.876542145950205,1
16503,8.22304394902193,4.867961222794751,1
16504,8.271665283050162,4.884630954147476,1
16505,8.265664169157482,4.902217405457846,1
16506,8.251426886187462,4.896537594598223,1
16507,8.29559655785836,4.894228627219326,1
16508,8.294922361945313,4.885290615733769,1
16509,8.374852855059245,4.908112515474093,1
16510,8.387946319174707,4.908349092658614,1
16511,8.414849988758574,4.894524795051702,1
16512,8.440253471842176,4.886855463252729,1
16513,8.466945841222511,4.886105312469964,1
16514,8.465614622970737,4.8690300064395124,1
16515,8.54827228666107,4.890272545333932,1
16516,8.507071741222939,4.891806429561564,1
16517,8.589515953751611,4.8762645382489005,1
16518,8.570548071927,4.910711050307629,1
16519,8.647232018898551,4.8902808879373545,1
16520,8.70529899427565,4.869175130164319,1
16521,8.738902249302066,4.917458537823434,1
16522,8.787787622196376,4.919066333439089,1
16523,10.140707423411909,4.882381164104414,1
16524,10.187480304420387,4.91062786333969,1
16525,10.22927379061635,4.870825600929198,1
16526,10.256758179073671,4.902181701803741,1
16527,10.278941257640536,4.918375223801506,1
16528,10.281902047771858,4.8884905898688285,1
16529,10.29101338434981,4.8864932639292,1
16530,10.360980997982285,4.8886024554450955,1
16531,10.364995363794952,4.870262320445518,1
16532,10.396430421282584,4.868662787026327,1
16533,10.385707808812446,4.895488425992344,1
16534,10.451393932385088,4.893428923278658,1
16535,10.460731552249511,4.869988782270491,1
16536,10.47361943909914,4.90043271639533,1
16537,10.514553746612076,4.873475523650005,1
16538,10.500444066453541,4.919742156169819,1
16539,10.532233918732377,4.888776115676527,1
16540,10.579341906599815,4.886055639636762,1
16541,10.574596021266975,4.901066277475429,1
16542,10.581040186205554,4.911727007670447,1
16543,10.623961626177092,4.907963484459484,1
16544,10.603876050985745,4.89614796710606,1
16545,10.602487304130003,4.879015053135109,1
16546,10.66934808360773,4.875312701368129,1
16547,10.67699878908146,4.872394992865348,1
16548,10.666364017884286,4.88358986962982,1
16549,10.743498779098749,4.88829500128244,1
16550,10.70431266269243,4.8704924867566675,1
16551,10.69746134539436,4.884444332661855,1
16552,10.760264310510921,4.883530649388661,1
16553,10.78866403389192,4.911438590827015,1
16554,10.824980565736116,4.894657207650026,1
16555,10.843642914143615,4.899749023025091,1
16556,10.88085145874373,4.894905294120823,1
16557,10.897756170102884,4.914992761834901,1
16558,10.958173721057529,4.882107821047718,1
16559,10.926360420154623,4.867128707761759,1
16560,10.922746589828135,4.912180638925195,1
16561,10.918659672048276,4.873293815903172,1
16562,10.988963676597933,4.884284672835665,1
16563,10.991261424585005,4.877693166554981,1
16564,10.98457373805021,4.86638082158342,1
16565,10.972395077805968,4.888855354765405,1
16566,11.00140121310506,4.868940104014797,1
16567,11.05283974076392,4.8842384205151355,1
16568,11.02570731721739,4.908500398849831,1
16569,11.023618306555756,4.919585554712745,1
16570,11.026872231414016,4.869557788846728,1
16571,11.102585032323613,4.916209493198199,1
16572,11.088335540695226,4.899996870471261,1
16573,11.115787310602032,4.905946521555848,1
16574,11.117000860350965,4.890683874786647,1
16575,11.149608877208493,4.89646603508304,1
16576,11.127018282681236,4.875223251076621,1
16577,11.158650174517796,4.910526476511127,1
16578,11.145111319096836,4.873191118409634,1
16579,11.147265863229737,4.88451848609634,1
16580,11.131942679980527,4.910482933956821,1
16581,11.178556622604798,4.868683114418377,1
16582,11.196945769972837,4.898768536628151,1
16583,11.199400018726852,4.8916094090820454,1
16584,11.183190174648301,4.909803111549296,1
16585,11.193373553375823,4.882991398229776,1
16586,11.272920767685985,4.907632395722404,1
16587,11.270219473990888,4.874966870550439,1
16588,11.279008006871228,4.912999430373354,1
16589,11.255715703877655,4.904730353798048,1
16590,11.276941771181788,4.908211639836223,1
16591,11.234887612100927,4.895800592021696,1
16592,11.317840147280394,4.914587391569896,1
16593,11.302997114913833,4.872214792225111,1
16594,11.324476681534145,4.911788647611467,1
16595,11.299574829107051,4.919708705718981,1
16596,11.314914729709114,4.918719906769013,1
16597,11.37036850202587,4.915477572434905,1
16598,11.356681460097505,4.881292989376756,1
16599,11.33802649906756,4.917399262819714,1
16600,11.369477901586727,4.886899532630419,1
16601,11.401488860596636,4.9102629699173415,1
16602,11.473731674758373,4.880163611070174,1
16603,11.526803184134575,4.868334083031652,1
16604,11.526206161229023,4.909324573044796,1
16605,11.512341894427445,4.9074620695049065,1
16606,11.587765051914522,4.895701381956737,1
16607,11.562142916956454,4.91841955080002,1
16608,11.554421245201507,4.906030331071162,1
16609,11.60798445847728,4.867704105465132,1
16610,11.639767467620363,4.886320538248324,1
16611,11.64382430087694,4.891154592578023,1
16612,11.644350755166975,4.881818992671919,1
16613,11.66758293074635,4.897941720438116,1
16614,11.69126733933063,4.872798538971349,1
16615,11.673795010811476,4.885344796681908,1
16616,11.693365352251082,4.8678466331173365,1
16617,11.689315082751666,4.889827576224331,1
16618,11.68801121232881,4.901636097650533,1
16619,11.71855002813661,4.905697389117955,1
16620,11.714846868147777,4.881160254595712,1
16621,11.752352684427265,4.87945647180449,1
16622,11.722169209392199,4.913733301805508,1
16623,11.74582426220269,4.9107157957928855,1
16624,11.743579643062619,4.886598184564888,1
16625,11.787658541282438,4.889588261907875,1
16626,11.785343325938717,4.91150813449676,1
16627,11.780942956583992,4.917996993780456,1
16628,11.779448633612493,4.916051092179661,1
16629,11.828622402120509,4.89281871949871,1
16630,11.857576230693626,4.895009417837321,1
16631,11.836398201522483,4.9113113577837595,1
16632,11.81876753550245,4.913139300740677,1
16633,11.901995956743992,4.881598595363932,1
16634,11.876447629538712,4.910612401442749,1
16635,11.872367242746177,4.877670121821446,1
16636,11.925526664777673,4.912564047115331,1
16637,11.974231163639919,4.917066533092181,1
16638,11.970558350871666,4.882523545677659,1
16639,11.925829687860643,4.910921894550433,1
16640,11.99520593933799,4.88532111660492,1
16641,11.998514821414211,4.8854800754852254,1
16642,8.007638636166982,4.925930889217436,1
16643,8.02924721416716,4.968772742176817,1
16644,8.057586348387357,4.9256251416853,1
16645,8.032481965930613,4.925607127418843,1
16646,8.038036944931441,4.972881144820242,1
16647,8.088497628805694,4.97313354367987,1
16648,8.104427820948848,4.924213467701086,1
16649,8.118290187742966,4.941531682150569,1
16650,8.12516397490067,4.967967797172816,1
16651,8.148443775610808,4.94439722784921,1
16652,8.139659650473263,4.936163519402089,1
16653,8.175175526608434,4.972938554957305,1
16654,8.206568435461703,4.950707065041367,1
16655,8.217080767454876,4.949808122765095,1
16656,8.187880966770017,4.9483190822220475,1
16657,8.240933953990094,4.952976776013774,1
16658,8.271764402875162,4.946140427410385,1
16659,8.340321572656856,4.93021106982353,1
16660,8.315666935156063,4.939692464774885,1
16661,8.361848743780378,4.9562316257135475,1
16662,8.358548026201088,4.965979739396925,1
16663,8.39919308077227,4.9651020993851676,1
16664,8.457118499238987,4.968747603054251,1
16665,8.507960048702591,4.9587270052531975,1
16666,8.569766215696163,4.931501246742211,1
16667,8.62623226464836,4.957179904397979,1
16668,8.716141337649756,4.950694458828893,1
16669,8.754818155546406,4.937782947440411,1
16670,9.80263551170935,4.944292382789429,1
16671,9.87714876537397,4.9427551094945095,1
16672,9.929024036827034,4.950542091239258,1
16673,10.092046145963346,4.949918119230821,1
16674,10.067712736765143,4.946923342126465,1
16675,10.088115185463398,4.9378925048298505,1
16676,10.114618879509955,4.961218845203173,1
16677,10.133557824952167,4.958579887075928,1
16678,10.15006028685798,4.94813540548978,1
16679,10.178184649673211,4.968527573323231,1
16680,10.166428597644858,4.966099899883275,1
16681,10.201678548412309,4.920581943559902,1
16682,10.222052422253157,4.942302379087902,1
16683,10.256596846422418,4.945470783512224,1
16684,10.221956290652837,4.970971861789861,1
16685,10.233154271020327,4.964893548204429,1
16686,10.279529174732053,4.9535547940194355,1
16687,10.30784562507775,4.950178248632039,1
16688,10.30292107856909,4.920085398037681,1
16689,10.293392454667885,4.964541923527194,1
16690,10.32962130660618,4.957807595972821,1
16691,10.340077800664393,4.930286697438525,1
16692,10.416184843462897,4.964116910293664,1
16693,10.4407488874029,4.956403480960524,1
16694,10.48054030924726,4.924549056231962,1
16695,10.530954500801519,4.933747760284529,1
16696,10.514438892132995,4.958035984222946,1
16697,10.508302692923337,4.925675269732283,1
16698,10.538028200550006,4.933013151705278,1
16699,10.544929955921097,4.928167617198267,1
16700,10.581380210880166,4.92530795925062,1
16701,10.62115973782228,4.920960767765512,1
16702,10.612164654940049,4.94366395906091,1
16703,10.601417470051809,4.931776528144552,1
16704,10.6147542202349,4.950089188519743,1
16705,10.645367422548366,4.938057198192084,1
16706,10.688444418236227,4.922835827031748,1
16707,10.665592290183838,4.960898666231726,1
16708,10.702139518973434,4.956127477907695,1
16709,10.69803153545661,4.9727157842406715,1
16710,10.755860834282936,4.933396185992306,1
16711,10.785144766352312,4.957151466316743,1
16712,10.77496572349082,4.934632989649794,1
16713,10.824806069020225,4.961660171249053,1
16714,10.81139561279475,4.9282587086108,1
16715,10.802290835623776,4.9598893410391165,1
16716,10.901602168304377,4.946027745026339,1
16717,10.876244323566084,4.9680201122548215,1
16718,10.877824052521005,4.94277058527217,1
16719,10.951247562248474,4.964503403649912,1
16720,10.91711060400397,4.967647883895839,1
16721,10.959545671224273,4.96126721244359,1
16722,10.97227805773295,4.961873228921921,1
16723,10.988500736140532,4.929289399530826,1
16724,11.00033209782168,4.9501023948702345,1
16725,10.96786566089088,4.922052500223403,1
16726,11.049581800586255,4.953639014211503,1
16727,11.065395802541824,4.966340439734082,1
16728,11.035562286652143,4.973027470317054,1
16729,11.026054366589548,4.972740063270499,1
16730,11.11578638856146,4.963520399925998,1
16731,11.09011877231478,4.959847373048859,1
16732,11.11661700436058,4.945514983834675,1
16733,11.105147590132024,4.94727857931881,1
16734,11.117044100070087,4.936456745998574,1
16735,11.175316845093908,4.950767739566364,1
16736,11.150447327783422,4.9466631183140235,1
16737,11.173093722150206,4.96546884389605,1
16738,11.131356037343464,4.938287700423364,1
16739,11.164064899259833,4.932022733920322,1
16740,11.17116114655852,4.9703892255830855,1
16741,11.182386104771753,4.958121586164722,1
16742,11.189148527195117,4.965273537505756,1
16743,11.209450332519781,4.947784069676438,1
16744,11.180948160676284,4.934033056798967,1
16745,11.22912092888315,4.95867957122442,1
16746,11.189970269150159,4.972351402981302,1
16747,11.282577144537198,4.96869488775006,1
16748,11.26091275290603,4.9679832409065625,1
16749,11.265349324840441,4.931506629789936,1
16750,11.244217811366783,4.943865889862832,1
16751,11.254963598950237,4.9470030998146655,1
16752,11.336888887707719,4.942629747529938,1
16753,11.329865049222661,4.969363479130802,1
16754,11.297630450539987,4.924502309459185,1
16755,11.324912616627909,4.956687283471347,1
16756,11.38290938360335,4.954481905497599,1
16757,11.374065379015814,4.9562244649439915,1
16758,11.37764329322397,4.928880791283268,1
16759,11.396650953410289,4.928416866192221,1
16760,11.43657762641164,4.939383522222599,1
16761,11.426427301194183,4.971362260042793,1
16762,11.45586653606603,4.950555120390932,1
16763,11.571094439198166,4.924690779504742,1
16764,11.599174083014631,4.9309756178180235,1
16765,11.616167703159594,4.945601318942272,1
16766,11.626261449524748,4.943147476157146,1
16767,11.61942665077373,4.968204799441647,1
16768,11.636321179072858,4.935194053415091,1
16769,11.606498460166938,4.9472514163630485,1
16770,11.680071746109707,4.922023326679967,1
16771,11.707552278992743,4.928257358035136,1
16772,11.694583514222186,4.940058061174907,1
16773,11.69276142194313,4.924842335422999,1
16774,11.666101681311197,4.949510374775951,1
16775,11.664775635143904,4.936080544991261,1
16776,11.736197238013279,4.9258317496344,1
16777,11.74783215721792,4.956335492087474,1
16778,11.739363352004883,4.954482867410815,1
16779,11.724967538365656,4.92354303720901,1
16780,11.71534658964704,4.951557227218263,1
16781,11.77578083419388,4.936802372929956,1
16782,11.787698652723385,4.967944962772338,1
16783,11.800882706154981,4.966171433088435,1
16784,11.77435709046366,4.936561089195901,1
16785,11.865362431335896,4.956711691356871,1
16786,11.829208578501893,4.9416775477966075,1
16787,11.859255449028858,4.951410760929668,1
16788,11.823168650977827,4.954769695552626,1
16789,11.919263529289994,4.9636330051997435,1
16790,11.884494321756758,4.9207980108156,1
16791,11.921822720576237,4.956829511455539,1
16792,11.957571368642647,4.9658068307461205,1
16793,11.968365000367811,4.965037171144623,1
16794,11.96753316361302,4.923566397192896,1
16795,11.998829422806908,4.960898853189217,1
16796,11.979226613405652,4.958716279160334,1
16797,8.059971662788353,5.005292924243921,1
16798,8.062589796184222,4.987872332586834,1
16799,8.072663948567902,4.998439578073982,1
16800,8.118086836258925,5.014172018363744,1
16801,8.103394906396467,5.011378539222326,1
16802,8.1257512391743,4.999159402967578,1
16803,8.174516791099188,5.0064374652637165,1
16804,8.143225166244843,4.982761759888216,1
16805,8.22954484323829,4.976400812969504,1
16806,8.190365057316452,5.018246823441637,1
16807,8.28649671264061,5.023826131853045,1
16808,8.262697579730762,5.00332064046226,1
16809,8.29154453197815,5.02418439786994,1
16810,8.388442897477034,4.985488612324389,1
16811,8.44551077992341,4.990477670204105,1
16812,8.47456097386409,5.01712024022543,1
16813,9.709087522528328,5.01971339696009,1
16814,9.754160959632856,4.995343976417012,1
16815,9.77905418576841,4.9788664507568985,1
16816,9.819356002326495,5.01336438665313,1
16817,9.813441898211673,4.977228074896632,1
16818,9.811568806839324,4.991159758995158,1
16819,9.800015429283759,5.024846857601823,1
16820,9.84285353216209,5.001177292163904,1
16821,9.87835346326203,5.014191704422588,1
16822,9.857909800593587,5.023241404636668,1
16823,9.856159626942974,4.990455274486409,1
16824,9.909228722129447,4.975835192211876,1
16825,9.918861811064092,4.99191492196754,1
16826,9.92456893579784,4.9995559393336455,1
16827,9.956602808552422,4.9976155748533095,1
16828,10.10372021470554,4.987148977662407,1
16829,10.102593168827395,5.015627135797046,1
16830,10.098601467926194,4.988388309801532,1
16831,10.157262034577768,4.980844986885934,1
16832,10.136642382073484,5.0040474411905675,1
16833,10.16035239134845,5.006963380479089,1
16834,10.15666552478387,5.000211469609138,1
16835,10.195535992099973,5.022017382440984,1
16836,10.213442353557546,5.002018592093206,1
16837,10.17770391171107,4.994194061270779,1
16838,10.181425251151943,5.011533669952762,1
16839,10.229962779852263,5.019868415585857,1
16840,10.24454536612877,4.983430640605714,1
16841,10.219590097810558,4.999092936999799,1
16842,10.226967336749693,4.987995349899346,1
16843,10.305776755608205,4.990840619456472,1
16844,10.306186379028668,4.981662127505474,1
16845,10.293904357885728,4.97461930198311,1
16846,10.342779721294761,5.007296611607286,1
16847,10.343109546118637,4.993155099325033,1
16848,10.327320783983492,4.989985883775305,1
16849,10.412125851816887,4.988671516280002,1
16850,10.374622548663732,4.980868088100473,1
16851,10.469121376705099,5.02325444957862,1
16852,10.459026464338754,4.990857605997715,1
16853,10.504198314962593,4.990201415492699,1
16854,10.522390896397281,5.000842973827503,1
16855,10.52433699545725,5.015454631622693,1
16856,10.569451047332494,4.974894638292437,1
16857,10.572646373750713,4.987387291244054,1
16858,10.550964632108549,5.021637898621914,1
16859,10.599321101620731,4.996954925963402,1
16860,10.62386715859091,4.974759601779687,1
16861,10.607716651748687,4.97967366203711,1
16862,10.659720925285507,4.988700465778109,1
16863,10.689377429207882,4.975512960419559,1
16864,10.700752575528274,4.977438258372668,1
16865,10.744669254766771,4.978099556332094,1
16866,10.785346428049253,4.980208083790539,1
16867,10.79206133499455,4.987085040625986,1
16868,10.766956788464237,5.005260983547206,1
16869,10.812086553878995,5.022312925936295,1
16870,10.816615709066845,5.021813108384166,1
16871,10.802923319112558,4.977183340557891,1
16872,10.8823124122775,5.025708880606107,1
16873,10.862210443876,5.001539883475269,1
16874,10.959326587681998,5.025966909879166,1
16875,10.930786214111345,5.020747270497446,1
16876,10.916494763150327,4.977664315368065,1
16877,10.997211353924937,4.985751972425606,1
16878,10.992636444050232,5.0167236088123595,1
16879,10.97628168137371,4.986121836779451,1
16880,10.991096422283402,5.000580233704578,1
16881,11.05180754649927,5.00186975406468,1
16882,11.037201362599026,4.995781933612752,1
16883,11.056131629420717,5.006025753575482,1
16884,11.041577851020703,5.024520393966714,1
16885,11.07384424804157,4.977634576849615,1
16886,11.112125199922234,4.990198383426291,1
16887,11.121596118988553,4.992208635807801,1
16888,11.165224126061618,5.025219842737807,1
16889,11.140680369929425,5.019639938859783,1
16890,11.169329529705943,4.982605061105105,1
16891,11.170399535464483,5.005455394516013,1
16892,11.17651009686176,4.995842153661475,1
16893,11.183661635032967,5.007647215438593,1
16894,11.194264085697329,5.013893659969409,1
16895,11.264161822263668,4.980756961597647,1
16896,11.274858995247481,4.982812554685814,1
16897,11.27791592059949,4.973888864436073,1
16898,11.322173490504477,4.981155061364158,1
16899,11.320827473194933,5.019032072592131,1
16900,11.33386249188219,4.994112773218635,1
16901,11.350458305255728,4.974288435702104,1
16902,11.370491822565304,4.988127158813632,1
16903,11.389248989579375,4.984352710284755,1
16904,11.40824535615891,5.026565359978877,1
16905,11.39407027194177,5.017465950736849,1
16906,11.412616503289357,5.0244926577014475,1
16907,11.488820830052491,4.978552950241363,1
16908,11.493755780228598,4.981510458456859,1
16909,11.584360053466401,5.013966428480805,1
16910,11.62866087265055,5.006592914502413,1
16911,11.63373983896594,5.018556910252849,1
16912,11.6449297248347,5.01718234224685,1
16913,11.605428705737996,5.002740900843588,1
16914,11.653277897375865,4.974231855420178,1
16915,11.690590221648723,4.990240965828779,1
16916,11.687639944951448,4.998164414749755,1
16917,11.702671477707531,4.98970949961991,1
16918,11.697761942800689,4.996022638432899,1
16919,11.687516304413462,4.974824123663431,1
16920,11.730715659806433,4.998353846708044,1
16921,11.715776515371353,4.984701987137748,1
16922,11.7637309763967,4.977296433154543,1
16923,11.719610333688067,5.018910226999041,1
16924,11.772848632306586,5.011909961700715,1
16925,11.786139450772321,4.9863299124542015,1
16926,11.805216087973564,4.98165261543402,1
16927,11.769155441024422,5.007896983852594,1
16928,11.842307423385002,4.990543976773958,1
16929,11.851952966209907,5.007541654385967,1
16930,11.839116333868748,4.974235841777869,1
16931,11.84929734893024,5.006280969395393,1
16932,11.87346993801331,5.0256233879370455,1
16933,11.907327405549715,5.022665684650835,1
16934,11.894072963232516,4.99779713399235,1
16935,11.911259488958402,4.983939512110873,1
16936,11.970644502900257,4.9939578451432975,1
16937,11.954418025529511,5.004497065365855,1
16938,11.97687715637476,5.0072659490743785,1
16939,11.979199765232634,4.979239030380915,1
16940,8.0135715431761,5.053608934308986,1
16941,8.057621326638822,5.035041069806702,1
16942,8.028254319374929,5.04171040615078,1
16943,8.108700577989389,5.063300953706918,1
16944,8.124044588806871,5.035824920438368,1
16945,8.170661313003032,5.038920360296689,1
16946,8.137347981595163,5.04250621923366,1
16947,8.199379096839866,5.0605636283984134,1
16948,8.249537886850064,5.0472945745857585,1
16949,8.336015606107676,5.053417425352682,1
16950,9.55617875060338,5.035071823742167,1
16951,9.582951183698691,5.031905455599913,1
16952,9.615614793642195,5.0429979747405005,1
16953,9.641749112608501,5.062776501507842,1
16954,9.6554795817546,5.074307170375944,1
16955,9.670007919189036,5.053277975052725,1
16956,9.68566308642723,5.075702201221895,1
16957,9.713823949871374,5.07275412405134,1
16958,9.690306085817806,5.0328631570937645,1
16959,9.750072169679232,5.058918272546792,1
16960,9.774771626716758,5.030960083196204,1
16961,9.764821927014873,5.053695413667031,1
16962,9.821789605741335,5.04013393090893,1
16963,9.80387500902612,5.060817498353142,1
16964,9.831612895338495,5.03327331003714,1
16965,9.824528976148402,5.0335584060394405,1
16966,9.869381863820498,5.044208623901311,1
16967,9.881325414421685,5.059256700806977,1
16968,9.854811267382466,5.076450879614799,1
16969,9.878501632980177,5.059792322079482,1
16970,9.943353158527536,5.034174222101128,1
16971,9.924023086054708,5.032574856103707,1
16972,9.89572815862316,5.050945097140657,1
16973,9.925225972612077,5.042814714142368,1
16974,9.991059860060231,5.065271835565536,1
16975,9.976049905728887,5.032603143863994,1
16976,9.988713817424603,5.060994614633915,1
16977,10.063848048659057,5.067637047796958,1
16978,10.100017863112035,5.056197509700477,1
16979,10.06145013387015,5.0768005818175235,1
16980,10.108717129366774,5.062967434212346,1
16981,10.145159326604203,5.056482437762013,1
16982,10.119365316147427,5.038482834593469,1
16983,10.123271878095839,5.070029426423792,1
16984,10.195339246967965,5.036178256274694,1
16985,10.195509109677166,5.029636859802273,1
16986,10.164022178570574,5.061016790690219,1
16987,10.217666668243432,5.061634219975969,1
16988,10.216819006082195,5.040032036183966,1
16989,10.25939012739354,5.070477521005798,1
16990,10.277859311339116,5.036764218443564,1
16991,10.273932003356121,5.040250280153938,1
16992,10.320766378367912,5.03008074713744,1
16993,10.323296009477854,5.074892611666672,1
16994,10.360820214334298,5.059160514371809,1
16995,10.35858337491073,5.046405903555339,1
16996,10.378407862844812,5.05936643555871,1
16997,10.37950439543953,5.05826907707036,1
16998,10.42208762385806,5.078817782573891,1
16999,10.442700147506171,5.042211862058146,1
17000,10.462063000180171,5.056223791189245,1
17001,10.47231232847804,5.07151823584673,1
17002,10.50768696330676,5.044610986552399,1
17003,10.494404164662969,5.027574761885388,1
17004,10.518668428279964,5.028765377538074,1
17005,10.57744438714057,5.038744776075904,1
17006,10.582877671606223,5.053649396174702,1
17007,10.560147800698473,5.0712906303517205,1
17008,10.629103013131633,5.03828543862585,1
17009,10.623247227128122,5.060919067973637,1
17010,10.6039622723624,5.05999499875328,1
17011,10.693063233161261,5.042810098582499,1
17012,10.67807480987709,5.0396302687005265,1
17013,10.731416631223247,5.04940035265252,1
17014,10.695645124357146,5.058196986219711,1
17015,10.792128197961395,5.07522935418926,1
17016,10.776611439131631,5.04264631559353,1
17017,10.826078974984593,5.059611336972845,1
17018,10.819681975617181,5.059001504786308,1
17019,10.81785611261068,5.05662789589418,1
17020,10.89086975387717,5.031152947041972,1
17021,10.899597259335359,5.038947251931047,1
17022,10.891713033741146,5.027321456655044,1
17023,10.917557251073235,5.066219361732217,1
17024,10.922842799390699,5.029658879858659,1
17025,10.932637251672586,5.063485454509068,1
17026,10.998693283335749,5.073707888483392,1
17027,11.009928785502238,5.070004522263342,1
17028,10.98969469489915,5.054017490444875,1
17029,11.008918369206285,5.075827200292199,1
17030,11.066497081755024,5.0457710407530545,1
17031,11.045552363146584,5.068901437734183,1
17032,11.037934531539875,5.040569801050598,1
17033,11.069476376553112,5.0600901270374345,1
17034,11.11457347588213,5.070698247783763,1
17035,11.1035028955114,5.065230713121066,1
17036,11.111920838269935,5.071757829613329,1
17037,11.141653990032223,5.078725667223622,1
17038,11.17585173465727,5.034383963694092,1
17039,11.186119373311765,5.0724610106794605,1
17040,11.251441023880073,5.040174968281333,1
17041,11.231319298529927,5.038580502276197,1
17042,11.327654474984534,5.042766640264447,1
17043,11.32839686159527,5.050085874116493,1
17044,11.306366047123085,5.049239340181219,1
17045,11.346832202472527,5.030455435250177,1
17046,11.344507271612176,5.075041220490092,1
17047,11.387357236551363,5.0291803876877985,1
17048,11.406595564192417,5.067420896080948,1
17049,11.429713926261531,5.044540961372105,1
17050,11.42799607045308,5.054582049798608,1
17051,11.449686945900297,5.046478714659928,1
17052,11.450001359123098,5.037115818626563,1
17053,11.530564535959906,5.055603275657067,1
17054,11.652174094384485,5.068606593788915,1
17055,11.639060167870326,5.049605726652297,1
17056,11.664462691163983,5.033912794656382,1
17057,11.68937953404806,5.060538946886858,1
17058,11.682552694616515,5.063044374627659,1
17059,11.681073512708826,5.034367402671666,1
17060,11.661527641563572,5.037571395169633,1
17061,11.739508972062337,5.029301239892244,1
17062,11.745706044794154,5.052698293545183,1
17063,11.716025530130057,5.03044060117635,1
17064,11.750590326193674,5.044166728265383,1
17065,11.73975248809436,5.0456187373141566,1
17066,11.785763636707284,5.038085010126395,1
17067,11.809198727254739,5.067000548574024,1
17068,11.766565102388846,5.035918297399403,1
17069,11.789330355885417,5.03706175385269,1
17070,11.849111895159687,5.0477672149958845,1
17071,11.860312788277984,5.068097810082164,1
17072,11.864845345021335,5.057236253143046,1
17073,11.916119116930195,5.066902686728598,1
17074,11.91756955949589,5.040730321153859,1
17075,11.89417628727176,5.038016160365688,1
17076,11.95970902653078,5.069266535881818,1
17077,11.937695385989318,5.036921170971557,1
17078,11.960289671647496,5.042495237987443,1
17079,11.9791747085056,5.05716868087704,1
17080,11.991931753843602,5.043255333497982,1
17081,8.003740553051697,5.1126525493603365,1
17082,8.029515950543184,5.080264455196055,1
17083,8.084909525443761,5.090439817081569,1
17084,9.381438567959487,5.084242814773699,1
17085,9.436098602716873,5.129161583885186,1
17086,9.436469626708389,5.090237807533065,1
17087,9.480903300589762,5.091037423157333,1
17088,9.517436872825995,5.125082042394796,1
17089,9.491142167355445,5.111129551594449,1
17090,9.551728362530268,5.082638022132054,1
17091,9.535185042541794,5.086914433495964,1
17092,9.547409775956822,5.1022762273950955,1
17093,9.592094508124962,5.09687746280384,1
17094,9.60657069339258,5.097480671224815,1
17095,9.596658453575062,5.084268219368691,1
17096,9.672164568651178,5.108353637215576,1
17097,9.636568360941359,5.089543185422609,1
17098,9.67755082133017,5.09942000898108,1
17099,9.680842754818137,5.1333288508475725,1
17100,9.705603813092837,5.085148037294402,1
17101,9.684809794646657,5.123272019084081,1
17102,9.758482797576653,5.120716275787441,1
17103,9.781245585523717,5.1036683720661955,1
17104,9.787786741961263,5.0933169795630695,1
17105,9.819948179235572,5.087262062991023,1
17106,9.819196616679696,5.112886027093053,1
17107,9.869261060159449,5.128381378597134,1
17108,9.855437397938404,5.114038629693194,1
17109,9.868683320756054,5.089595086516569,1
17110,9.886513257395695,5.129768360813004,1
17111,9.89981538973215,5.082372629844242,1
17112,9.897047409985257,5.08270061071889,1
17113,9.896816826685129,5.082647211269529,1
17114,9.945775124866664,5.09579650796239,1
17115,9.90875421975247,5.126789691212382,1
17116,9.94685441228776,5.089004536292439,1
17117,9.955060489119266,5.123455246773418,1
17118,9.950731344930295,5.111553832573419,1
17119,10.056741900013895,5.084460771005512,1
17120,10.073641085093014,5.112718635915768,1
17121,10.055999444898802,5.12293889388794,1
17122,10.135580449057128,5.081227196785684,1
17123,10.136798723181554,5.105902730156903,1
17124,10.107969551907793,5.104475688737829,1
17125,10.127379056394975,5.123015163295238,1
17126,10.194524811545085,5.0833228157008365,1
17127,10.162273819573421,5.109810523349141,1
17128,10.193358214524707,5.0899139855310525,1
17129,10.226365285858888,5.113356138228586,1
17130,10.25465385255175,5.124479135537765,1
17131,10.265160414445468,5.089501374871555,1
17132,10.269725555886456,5.108636806247776,1
17133,10.319172382777472,5.101639397104946,1
17134,10.268437645004152,5.0870554699332535,1
17135,10.362019644545489,5.120884348791569,1
17136,10.324398276045839,5.1240928166729,1
17137,10.350654150120782,5.0971087721621195,1
17138,10.414276425036968,5.0961413166247596,1
17139,10.41647107053516,5.116806891743408,1
17140,10.415233176615674,5.102465014637034,1
17141,10.433219748959907,5.0919643869649365,1
17142,10.435583649531898,5.109151485875476,1
17143,10.46773138039524,5.127820101345781,1
17144,10.51750675859303,5.082779204426609,1
17145,10.503660571704103,5.1079429735998625,1
17146,10.534606464936997,5.125010235188289,1
17147,10.539579628499633,5.081863204909976,1
17148,10.556009331335733,5.096000429523354,1
17149,10.567985821643452,5.118757402663012,1
17150,10.625695076494177,5.131674200964824,1
17151,10.634961419417168,5.125723655476086,1
17152,10.6402431591874,5.1156336392218975,1
17153,10.68810847945292,5.083305094567637,1
17154,10.66419467597608,5.1146002508915975,1
17155,10.727430064042652,5.1333487286063315,1
17156,10.772077358191147,5.114712041915581,1
17157,10.750854043270174,5.117172729384622,1
17158,10.841618709973647,5.095730444262216,1
17159,10.840726665311433,5.107275285876648,1
17160,10.865814392995986,5.088626582569474,1
17161,10.873450311323792,5.108989027067038,1
17162,10.912435235830836,5.10629842147375,1
17163,10.951875184912529,5.1283835338410375,1
17164,10.915493010695567,5.092852130763526,1
17165,10.96837131859925,5.117887172221474,1
17166,10.998446822255696,5.0820354832096895,1
17167,11.013450205353807,5.0997203471212,1
17168,11.008564517385198,5.089088202198939,1
17169,11.010809691457725,5.13311668241387,1
17170,11.054283109182956,5.086945972905536,1
17171,11.017811252141426,5.086763172735322,1
17172,11.046415204606392,5.093056056706755,1
17173,11.061715290148038,5.0876656583034015,1
17174,11.048599174197463,5.082037341792888,1
17175,11.090066005862028,5.095110782662067,1
17176,11.081509929159601,5.080284250001564,1
17177,11.171285222319826,5.09235917239554,1
17178,11.203324225143746,5.094517015808597,1
17179,11.182784590374059,5.111220317275869,1
17180,11.214917231450341,5.0807774190030335,1
17181,11.254284170054117,5.126188677148648,1
17182,11.28061983146536,5.117041444778824,1
17183,11.244566502604952,5.125600713351271,1
17184,11.316364926080334,5.1004814475515525,1
17185,11.315486711869369,5.104035226944884,1
17186,11.286581706622727,5.0864611691660775,1
17187,11.354889191098646,5.088205007603707,1
17188,11.363616232232816,5.082923269577458,1
17189,11.395781392927214,5.115351533726201,1
17190,11.424790925838384,5.110709528856996,1
17191,11.466934446073,5.129288569396507,1
17192,11.49912884581046,5.109595824541927,1
17193,11.508321843352382,5.094412907817492,1
17194,11.57552577776302,5.106817426199204,1
17195,11.670395286537032,5.112226218356935,1
17196,11.70715870247772,5.121192610224667,1
17197,11.691361748839705,5.112709044283889,1
17198,11.714356034708446,5.093167322437626,1
17199,11.757693764729554,5.083181494545797,1
17200,11.741916610277874,5.120810801502744,1
17201,11.759203834367977,5.114350900083224,1
17202,11.719467399527085,5.115157602625574,1
17203,11.77294499601142,5.104213038823946,1
17204,11.799037886757121,5.088067701085249,1
17205,11.772377381434499,5.095633796432186,1
17206,11.869784819833626,5.086502402173378,1
17207,11.870015781724456,5.119390603160769,1
17208,11.822679966476672,5.090443126291226,1
17209,11.913333019369707,5.116857916168066,1
17210,11.899001675362097,5.099616220213842,1
17211,11.921130593782541,5.113465786081265,1
17212,11.933513584585874,5.12361877403858,1
17213,11.973632470892632,5.11523256482886,1
17214,11.967437879939672,5.11633319796305,1
17215,11.933931156441847,5.114430902571328,1
17216,9.20002626451493,5.142288493066584,1
17217,9.257293019062086,5.17075514413639,1
17218,9.25473882807785,5.1829764744406575,1
17219,9.32288968292557,5.162770715977666,1
17220,9.330198692659193,5.180016823365557,1
17221,9.398027724685164,5.185412440990237,1
17222,9.37524704079191,5.1489590425602305,1
17223,9.391217659248252,5.15452928938624,1
17224,9.441119663473003,5.172888075335386,1
17225,9.461289430855869,5.179809996370423,1
17226,9.443989635460898,5.163722919208792,1
17227,9.45524767799459,5.141982772241638,1
17228,9.475035637735141,5.14338306375781,1
17229,9.497149607070268,5.141219507892871,1
17230,9.49236924899904,5.1763518281073875,1
17231,9.494171130603368,5.186100402946038,1
17232,9.529578939314355,5.152098343905001,1
17233,9.532301880396863,5.134306378961771,1
17234,9.552362601793464,5.172812114326867,1
17235,9.553789275723398,5.150647192210717,1
17236,9.583441154326525,5.162382656409945,1
17237,9.597425591325617,5.178371209314399,1
17238,9.597843491633006,5.139683138493324,1
17239,9.652530823216084,5.174417391209521,1
17240,9.670917684805797,5.175348812099126,1
17241,9.629279437013146,5.184006580199977,1
17242,9.683735830355973,5.1501441643764005,1
17243,9.70123780008909,5.149832778078155,1
17244,9.717951406106517,5.15117102615181,1
17245,9.754659187882009,5.15908817979592,1
17246,9.754259531824575,5.182086309266529,1
17247,9.742345465387475,5.140033414775047,1
17248,9.789246643627962,5.185044407450959,1
17249,9.80907383059179,5.1464065904452605,1
17250,9.798542033379958,5.163473466355476,1
17251,9.860502356486306,5.1356801498869205,1
17252,9.891715040857637,5.140824696981366,1
17253,9.841588205123838,5.158961273134356,1
17254,9.845501334764714,5.184719336311753,1
17255,9.926783785217099,5.1694796960908596,1
17256,9.89383809790647,5.138421662422179,1
17257,9.899467913079693,5.1432376980319505,1
17258,9.93187889019468,5.150285961795119,1
17259,9.898990328697625,5.16970828064763,1
17260,9.969653402721939,5.183307702183609,1
17261,9.9909518859498,5.1618846854741145,1
17262,9.99093389315341,5.171062712368738,1
17263,10.0644915598451,5.134368199489342,1
17264,10.092149445598242,5.1866499902527385,1
17265,10.105755345639599,5.18047029278935,1
17266,10.140905623414648,5.179987264807139,1
17267,10.156978927179882,5.135446822552347,1
17268,10.138496430323816,5.1700936216065,1
17269,10.11515105719975,5.158264836765983,1
17270,10.20568366872251,5.162876682575258,1
17271,10.18203699670285,5.1508932293540814,1
17272,10.187410960141166,5.182004960362628,1
17273,10.237948404825568,5.175860493806224,1
17274,10.248310167622087,5.184470648949153,1
17275,10.236756701324431,5.156609940369093,1
17276,10.319873767296768,5.178081526766043,1
17277,10.311480163932076,5.162765227270077,1
17278,10.308641685558484,5.171689362857121,1
17279,10.312880374076988,5.150184513404674,1
17280,10.33362937560566,5.144634770127382,1
17281,10.335273820048963,5.150701902291654,1
17282,10.346629552798024,5.164114270297778,1
17283,10.409924428480533,5.1481955109208215,1
17284,10.415370296792503,5.162264235536717,1
17285,10.404459046076688,5.1548146719755605,1
17286,10.456134772274899,5.183046714421296,1
17287,10.474130074926943,5.148739101537491,1
17288,10.490099386605545,5.137778599677804,1
17289,10.522510511039663,5.157831073569033,1
17290,10.536695283230145,5.142122599405983,1
17291,10.558193026876916,5.1820927677449635,1
17292,10.602699699357673,5.142087024672273,1
17293,10.597591436428235,5.1357615628312,1
17294,10.66767021126912,5.163516750868591,1
17295,10.76520495649926,5.151473468485165,1
17296,10.784067565641863,5.172342881286661,1
17297,10.833842289346112,5.157025530222704,1
17298,10.807274241848761,5.183331578055712,1
17299,10.896501656912116,5.164803583484661,1
17300,10.864281973648668,5.154802416201508,1
17301,10.953902053270829,5.146042637639664,1
17302,10.943639050986285,5.1665102916697885,1
17303,10.953351459310662,5.159977346771401,1
17304,10.925271514765079,5.1554469360576105,1
17305,10.991271795551915,5.143693733076312,1
17306,10.98719111871682,5.145455225157446,1
17307,11.002165325870088,5.134295357655718,1
17308,10.984586210409033,5.144413596067734,1
17309,10.993254128111,5.14001517524468,1
17310,10.973534259931618,5.172284369711271,1
17311,11.026251651293691,5.153454694702458,1
17312,11.037724753698829,5.159841691217007,1
17313,11.021205294596946,5.180600507854449,1
17314,11.036685104868765,5.153724154168804,1
17315,11.102333853693173,5.174121233034744,1
17316,11.078148603435947,5.158283440161646,1
17317,11.11816465224068,5.141472703862351,1
17318,11.14155612806565,5.136959947421191,1
17319,11.143162712298752,5.134836377564248,1
17320,11.125968706437607,5.181974659922436,1
17321,11.14578630386766,5.169480681476447,1
17322,11.211773938944116,5.1795545280808915,1
17323,11.213218288277552,5.160340248309705,1
17324,11.181432803528308,5.144152280568693,1
17325,11.22446052008689,5.153969290349913,1
17326,11.21458649986253,5.143127451562043,1
17327,11.278408629984453,5.160934935566639,1
17328,11.240218998946688,5.139497355600954,1
17329,11.249688792851861,5.17279905751393,1
17330,11.262499896580843,5.133696879824379,1
17331,11.263584293857143,5.176384675372777,1
17332,11.285616095673813,5.153011494705711,1
17333,11.305338613803478,5.1649313478261005,1
17334,11.336631064543349,5.14146618907686,1
17335,11.297066704519022,5.155387664563304,1
17336,11.334377029574458,5.173969056867145,1
17337,11.361674844675925,5.155925360159805,1
17338,11.37707277260173,5.142991695056858,1
17339,11.372103999929879,5.146866733343374,1
17340,11.357740066189695,5.139326241879855,1
17341,11.401509218355304,5.14984496856495,1
17342,11.415492066711403,5.157933231288305,1
17343,11.487588670154285,5.14726094940427,1
17344,11.446133388402751,5.141055332737295,1
17345,11.545532772344824,5.166564344099118,1
17346,11.509857531675623,5.153486430716625,1
17347,11.594330159459249,5.171466066821929,1
17348,11.58548907849073,5.186366955093384,1
17349,11.634322975703109,5.17909154389336,1
17350,11.764237300194562,5.172066492524156,1
17351,11.739627372851091,5.149697899905095,1
17352,11.712229464289026,5.1603363662647,1
17353,11.755423759832617,5.184610288305842,1
17354,11.793837390133076,5.177355567043269,1
17355,11.817875312542224,5.147935013272695,1
17356,11.78141132901627,5.185811315206559,1
17357,11.78780536445689,5.150762785929176,1
17358,11.83698627512042,5.185613846358683,1
17359,11.854253112741318,5.168472374864281,1
17360,11.81826575491296,5.178151223321264,1
17361,11.824543091814244,5.158304868007015,1
17362,11.908557515090793,5.151519828272667,1
17363,11.91806696899391,5.156276570438638,1
17364,11.913004283909267,5.16005037117853,1
17365,11.90711389509604,5.169208516986054,1
17366,11.977774646822445,5.1617964960983835,1
17367,11.970748391517644,5.1369407715117426,1
17368,9.140692782689854,5.22506588204809,1
17369,9.189767643368471,5.191725207167477,1
17370,9.170256700414807,5.221806354670934,1
17371,9.23384499870911,5.235445004581058,1
17372,9.200301009952318,5.214472642466722,1
17373,9.273253949620784,5.20689914610376,1
17374,9.260403488804448,5.220635363246803,1
17375,9.291785417741982,5.219438500933215,1
17376,9.309121017807731,5.213727311773961,1
17377,9.346306365799265,5.209113894978511,1
17378,9.364809099279798,5.195877479749766,1
17379,9.358696833981417,5.210805871978909,1
17380,9.462217310699355,5.214834063581457,1
17381,9.447702937631746,5.22875031922746,1
17382,9.451748570947789,5.203083002451831,1
17383,9.509631293024954,5.192671098789777,1
17384,9.510577370130106,5.215287255867893,1
17385,9.47669695422739,5.195390041628531,1
17386,9.48404291580219,5.23085482521177,1
17387,9.522271505605989,5.229271384387797,1
17388,9.546396918571887,5.193614516333752,1
17389,9.558707485501165,5.213154739758611,1
17390,9.530634308851006,5.240161076364188,1
17391,9.589681809481338,5.235519929455584,1
17392,9.610248094462568,5.236912550672431,1
17393,9.603718245490674,5.2406073211068085,1
17394,9.630723219805782,5.187707905246306,1
17395,9.629241706514875,5.219469744698488,1
17396,9.676567639761988,5.212636358348713,1
17397,9.681130359664873,5.20465929729114,1
17398,9.723729549651802,5.2199450308514495,1
17399,9.681501747728113,5.235294897536595,1
17400,9.706359815082179,5.212081590481951,1
17401,9.73277757340034,5.231611132516804,1
17402,9.735937130671093,5.2008633326794245,1
17403,9.742391749603694,5.225819102884591,1
17404,9.804461408306889,5.24055817123577,1
17405,9.816744414629973,5.2326396485229445,1
17406,9.826531550022885,5.208807759209553,1
17407,9.868138318427803,5.231836238939955,1
17408,9.883548590187472,5.197027589485037,1
17409,9.856929464936998,5.229663514405307,1
17410,9.858639995274105,5.199602009904704,1
17411,9.938491463073838,5.20270880583745,1
17412,9.937066014364662,5.214890642991404,1
17413,9.943373303503375,5.188591522994184,1
17414,9.933001838929576,5.210955886620612,1
17415,9.982229923397057,5.2365939668672645,1
17416,9.96849541526705,5.228337223341994,1
17417,9.954611461429213,5.19536751080352,1
17418,10.085481773857714,5.1920300224012195,1
17419,10.096250335944925,5.225062998402901,1
17420,10.083282015659853,5.203618605854702,1
17421,10.129131459743672,5.240478026217083,1
17422,10.116767393602963,5.23801891679148,1
17423,10.108543523731196,5.217262534587082,1
17424,10.148775725915192,5.229331856357143,1
17425,10.213471846150624,5.2335854269955036,1
17426,10.185670362733799,5.218377031465939,1
17427,10.187009728237463,5.193047510412063,1
17428,10.18144035081337,5.205951677939752,1
17429,10.246538250239604,5.233797362284564,1
17430,10.23926349704895,5.214686932849161,1
17431,10.222530800872475,5.193341717192039,1
17432,10.246661489549336,5.187706237627859,1
17433,10.310961277484376,5.18910534962146,1
17434,10.272411070160985,5.217482139263838,1
17435,10.295440074339439,5.22374473572494,1
17436,10.302512841542573,5.19837611029082,1
17437,10.326879284918013,5.237867219568101,1
17438,10.372082609832338,5.221903361161838,1
17439,10.349409828874956,5.239900256533842,1
17440,10.397624054391956,5.230057842559617,1
17441,10.374575065241705,5.192909935281682,1
17442,10.42135676139651,5.235474314873017,1
17443,10.463352601049356,5.221251063957879,1
17444,10.447862230942851,5.234007608062144,1
17445,10.526470823256112,5.198156572224371,1
17446,10.517831001449238,5.197128938629249,1
17447,10.584404892624022,5.196545256122625,1
17448,10.540503167054862,5.22473168933823,1
17449,10.608633020822115,5.231243676357907,1
17450,10.711814751179931,5.218327133767113,1
17451,10.761143353336895,5.192336091888465,1
17452,10.780878301374637,5.205133448584911,1
17453,10.804570302696867,5.200508279317262,1
17454,10.838676739992916,5.193257668054812,1
17455,10.87064883209001,5.212114284735694,1
17456,10.856348708928952,5.219370544254098,1
17457,10.960464561176398,5.204606292133752,1
17458,10.946135123749047,5.190219042169774,1
17459,10.932210076566959,5.190236577866036,1
17460,10.91250574259378,5.23893035202883,1
17461,10.990286768034474,5.229904768443194,1
17462,11.011503139946518,5.231818407287709,1
17463,11.01231063764197,5.235802022254099,1
17464,11.015051502059631,5.192154441459328,1
17465,10.979911884009331,5.197582905807122,1
17466,11.035499005878805,5.196162899794775,1
17467,11.049045840782561,5.228302171401758,1
17468,11.04597793353456,5.2246537648256774,1
17469,11.044059196417228,5.219743547478587,1
17470,11.117383431860524,5.188046143087307,1
17471,11.09828123708883,5.2232247844315305,1
17472,11.07567357117001,5.240439710158764,1
17473,11.094133596298542,5.205954024021528,1
17474,11.151327777774204,5.2174855384395995,1
17475,11.157167559650516,5.209979655336565,1
17476,11.128446794623546,5.200102162039036,1
17477,11.157519944532972,5.191125740919962,1
17478,11.134285884026431,5.210402357064666,1
17479,11.13163945429094,5.2070456646032826,1
17480,11.190406895474588,5.200163869691465,1
17481,11.225793416255499,5.235070834686305,1
17482,11.184651441035893,5.19496313425477,1
17483,11.187167069604765,5.188737123212764,1
17484,11.223722688470586,5.236987977307133,1
17485,11.20530803939653,5.192748498758819,1
17486,11.280078073630394,5.22303599659989,1
17487,11.263376437726759,5.203423725104779,1
17488,11.2526311199449,5.190846496877966,1
17489,11.233905486251157,5.233003381218824,1
17490,11.247203030591557,5.203030086803115,1
17491,11.327654533657508,5.237176298729358,1
17492,11.291117125425721,5.227415019769477,1
17493,11.29572335626221,5.198154603748463,1
17494,11.290423843178191,5.198101280923526,1
17495,11.289289987231365,5.231669997985017,1
17496,11.297816995346379,5.228786698706208,1
17497,11.381599297077361,5.1998188187896695,1
17498,11.340676149950792,5.226143611861725,1
17499,11.359962433439401,5.215382116142665,1
17500,11.36731593130476,5.226717599644226,1
17501,11.42471735679245,5.216057964028822,1
17502,11.404907201956215,5.22038136112262,1
17503,11.485473475665778,5.2138109338947185,1
17504,11.472139219814311,5.230062988784726,1
17505,11.521490655572583,5.20935844870027,1
17506,11.502551967712744,5.194521532910697,1
17507,11.57180766120712,5.212772156974509,1
17508,11.59218554349048,5.214388659955925,1
17509,11.562494257322259,5.212027857880218,1
17510,11.567045637309409,5.227939035883602,1
17511,11.626041670292302,5.2114116565220705,1
17512,11.64709821933871,5.2070920689533935,1
17513,11.623104396891872,5.19062675002397,1
17514,11.632764660064352,5.22332006322947,1
17515,11.748408663543248,5.229693278389577,1
17516,11.759538316397023,5.208824817989644,1
17517,11.747423045474688,5.216346921574586,1
17518,11.796458961477883,5.2093855999243175,1
17519,11.765931615017067,5.196785893229465,1
17520,11.803391022731923,5.232262797495882,1
17521,11.817495958825663,5.194130840316871,1
17522,11.806171703444557,5.1989421748461675,1
17523,11.845234941138326,5.195719919642015,1
17524,11.8679278252082,5.237316821991887,1
17525,11.84559107086134,5.225171967402818,1
17526,11.829213682103772,5.19842671859413,1
17527,11.825712295313275,5.19983107252541,1
17528,11.898760922252137,5.2180682100553275,1
17529,11.986158505424514,5.223828760684587,1
17530,8.946151288405652,5.247790684163748,1
17531,9.001287009388085,5.242973367075957,1
17532,8.99280502884077,5.263109504922523,1
17533,9.065436175693142,5.265813199068407,1
17534,9.120333910055782,5.287937167444834,1
17535,9.134784944144112,5.241744742340754,1
17536,9.180111167555115,5.274915161952414,1
17537,9.145742468271107,5.258108551120804,1
17538,9.19914484550578,5.28358629887483,1
17539,9.205468042324371,5.257217345129892,1
17540,9.273968074719809,5.253689070117461,1
17541,9.26990639452842,5.2465529084573586,1
17542,9.341684397757854,5.271742694207649,1
17543,9.30577831767775,5.261471169745196,1
17544,9.365505002611188,5.274254732642157,1
17545,9.366603294372055,5.291492775237771,1
17546,9.436011705760134,5.268517893631855,1
17547,9.440324617888836,5.266119220972854,1
17548,9.419933413254503,5.243246333586188,1
17549,9.473601876827928,5.2826416597080685,1
17550,9.510988068858003,5.268357666424168,1
17551,9.473979605899853,5.2708072886751385,1
17552,9.555011564066506,5.287227024207285,1
17553,9.534063646493616,5.282800073322439,1
17554,9.557672813403885,5.272706735716167,1
17555,9.621855813935182,5.257751795245123,1
17556,9.615523091621831,5.284906245781376,1
17557,9.57636295329502,5.27587496576883,1
17558,9.66518990691387,5.287859910732215,1
17559,9.67581251297522,5.244865831561021,1
17560,9.632759116588163,5.2743031932545135,1
17561,9.71107759271782,5.2452822726973665,1
17562,9.72310880307329,5.273360641652417,1
17563,9.684442364430424,5.243093436077359,1
17564,9.783450180214206,5.281431259266672,1
17565,9.758711465919069,5.288423670551283,1
17566,9.76854808922685,5.290444928640569,1
17567,9.829296343450906,5.25313446936988,1
17568,9.80878752160076,5.2730383463237755,1
17569,9.83331937381509,5.276550696456051,1
17570,9.87952536006544,5.279842737724317,1
17571,9.86049710996721,5.273758809317886,1
17572,9.884684064815694,5.290207803041316,1
17573,9.867739529233287,5.255476073645727,1
17574,9.904345652286276,5.270816503690182,1
17575,9.895886395205636,5.281915188178065,1
17576,9.922104537459264,5.280197064252846,1
17577,9.920867869868117,5.252619168318191,1
17578,9.970031627251835,5.2643237621390915,1
17579,9.96675225402641,5.286497932524124,1
17580,9.997434144545403,5.241783303815065,1
17581,10.069692873350476,5.241130135476015,1
17582,10.10060693209281,5.263273952909427,1
17583,10.129936536562788,5.271294404595291,1
17584,10.126969585529817,5.289139110613974,1
17585,10.137659862459259,5.26193329975037,1
17586,10.107214303941657,5.265374735551449,1
17587,10.197961217791562,5.267418406540762,1
17588,10.177840649626484,5.283983484818244,1
17589,10.212017079242887,5.269491187832366,1
17590,10.210818641236123,5.272359033410598,1
17591,10.25227115678185,5.292172047978872,1
17592,10.235789330692866,5.263122859575408,1
17593,10.265333061501453,5.24738278691812,1
17594,10.312240678591179,5.253158069055004,1
17595,10.309674126928627,5.285620775806685,1
17596,10.29697995967148,5.248294775555264,1
17597,10.358791503067161,5.287126234856607,1
17598,10.363587457276989,5.244178196414657,1
17599,10.365752083599421,5.262425592551348,1
17600,10.387390752917614,5.260690757580626,1
17601,10.377575972430854,5.247829470982983,1
17602,10.38024005195439,5.260074645974931,1
17603,10.449022135070118,5.272666944308265,1
17604,10.466275619672576,5.290506635661028,1
17605,10.512929838813385,5.277166764488394,1
17606,10.525050026803346,5.248148844560951,1
17607,10.537759935244472,5.266487113536381,1
17608,10.624788062527722,5.2753270076546634,1
17609,10.727976967549422,5.26513695530711,1
17610,10.788353444345233,5.260421891769876,1
17611,10.757449446972773,5.2785051119869815,1
17612,10.838364765760513,5.241801251883314,1
17613,10.840690665863658,5.244430853521008,1
17614,10.90726891128678,5.293134407352719,1
17615,10.898656310959039,5.244087141740414,1
17616,10.925039280181988,5.270099951569442,1
17617,10.954283964461014,5.272136636190963,1
17618,10.910828219527248,5.254375805381079,1
17619,10.929294284124667,5.26331030188337,1
17620,11.008578006350588,5.268556123070768,1
17621,10.986131792238037,5.245136659830558,1
17622,10.974987226310725,5.2722867678202245,1
17623,11.044447747394454,5.260611865436537,1
17624,11.03642978857848,5.244189078033784,1
17625,11.103204034016015,5.270083560008476,1
17626,11.08840293713111,5.2452111710555425,1
17627,11.104150672212462,5.281683822759006,1
17628,11.147575451838879,5.26144074640036,1
17629,11.175474829693469,5.242410681399575,1
17630,11.131319100308007,5.268396065493536,1
17631,11.169646599702403,5.277678614302892,1
17632,11.130122566594785,5.25016251464846,1
17633,11.209245685848593,5.257524973781074,1
17634,11.225053011166317,5.279233071682663,1
17635,11.215305915181027,5.253994271267392,1
17636,11.219651982158583,5.284676414033743,1
17637,11.203426050322049,5.281964231162535,1
17638,11.27852573636378,5.265829885564165,1
17639,11.278328908653503,5.272367317988752,1
17640,11.266925501524938,5.2921140681066134,1
17641,11.243654696881054,5.260130542107934,1
17642,11.234593347797917,5.27557833362227,1
17643,11.284597374482443,5.241500479679796,1
17644,11.299941319422487,5.274834837579559,1
17645,11.322747167745147,5.264930131536249,1
17646,11.314010193381195,5.241931169426638,1
17647,11.313290225736994,5.24984216413208,1
17648,11.356432932516741,5.240751059772768,1
17649,11.352675065202963,5.268609920541699,1
17650,11.420216230410785,5.250140871315489,1
17651,11.414652619731731,5.281775364279799,1
17652,11.442128563361285,5.26474440909153,1
17653,11.467927241383428,5.243808300092505,1
17654,11.478226784302832,5.271275097778939,1
17655,11.457879781255254,5.253981414075472,1
17656,11.489556311899227,5.26816105485997,1
17657,11.481739078716338,5.290829962843266,1
17658,11.52936515569284,5.287967993000541,1
17659,11.5195369767483,5.282775606507166,1
17660,11.523054354530732,5.2919607715917545,1
17661,11.585343555029754,5.273129331980019,1
17662,11.57269366633343,5.272174748937812,1
17663,11.582889672386214,5.247990064023215,1
17664,11.584538923184931,5.24752506790125,1
17665,11.627727961987805,5.245044930699967,1
17666,11.634516794306439,5.244110914958243,1
17667,11.618050776653657,5.277152700127346,1
17668,11.6393739044593,5.250953292230338,1
17669,11.61594855774088,5.264206187534161,1
17670,11.678320018212439,5.289409913857449,1
17671,11.691891626546024,5.2877309583234045,1
17672,11.743236460911282,5.240844782792409,1
17673,11.81602104687862,5.270630764904464,1
17674,11.809157565116013,5.2598234617395825,1
17675,11.778892735677083,5.290083489854768,1
17676,11.769410352953368,5.279526655779411,1
17677,11.825538922668818,5.244026969709273,1
17678,11.833811938739915,5.281225308977903,1
17679,11.944323304308892,5.287648832844161,1
17680,11.995821808437642,5.287464955636337,1
17681,11.98964032547636,5.2476091940764755,1
17682,8.91230035379752,5.34592624741572,1
17683,8.883303796238659,5.300011477191806,1
17684,8.937657032877759,5.337905440663343,1
17685,8.94366647774202,5.296631679900477,1
17686,8.950734353724267,5.302946867720852,1
17687,8.99136381526451,5.340965856786406,1
17688,9.0362714741703,5.299695353043207,1
17689,9.034533918501776,5.303302798550749,1
17690,9.075417105606283,5.343278920996056,1
17691,9.06325788989041,5.298858098772652,1
17692,9.042712076459377,5.324614349276766,1
17693,9.120047429405012,5.315213144279913,1
17694,9.11309940630913,5.336091048663,1
17695,9.13764098143513,5.333206518102633,1
17696,9.167299156493991,5.302277288068769,1
17697,9.184910166848066,5.316079759883417,1
17698,9.221002257310666,5.332498285843372,1
17699,9.229484648453747,5.308112317476691,1
17700,9.270694767705063,5.312572526429178,1
17701,9.296363067269464,5.344352335444388,1
17702,9.356424005540944,5.324669027614366,1
17703,9.33981047258017,5.322269450326337,1
17704,9.358726173744317,5.328950602053887,1
17705,9.390488861351672,5.333386995823617,1
17706,9.448217186374904,5.319742861021465,1
17707,9.45486588005902,5.31056643018854,1
17708,9.469434712218238,5.330941962938024,1
17709,9.479482440431145,5.3178164290538446,1
17710,9.480674096745158,5.308384526408151,1
17711,9.543452217498219,5.346522098370753,1
17712,9.56384604741438,5.317884093651378,1
17713,9.528084782345578,5.347515764028821,1
17714,9.60960734320657,5.341605498034927,1
17715,9.58425452104601,5.32330669995638,1
17716,9.655276547919046,5.304026258979889,1
17717,9.64993526684779,5.3362742804819625,1
17718,9.644917702440289,5.321026926393274,1
17719,9.688350799244521,5.297546718407602,1
17720,9.704777415585138,5.299681094339007,1
17721,9.695100410354167,5.299155357752291,1
17722,9.780020702729269,5.294856064299574,1
17723,9.752053812837586,5.331333788413401,1
17724,9.813604088884397,5.345684062097878,1
17725,9.817922900836798,5.315484800386553,1
17726,9.7963831197885,5.32041435866123,1
17727,9.844562904931756,5.33422912486154,1
17728,9.871498474157695,5.337754008556336,1
17729,9.873663225077825,5.300222551038712,1
17730,9.850468510154231,5.314010321592485,1
17731,9.93649725948926,5.315536961425915,1
17732,9.906009814250936,5.3335479899505245,1
17733,9.915388354236116,5.323459917146498,1
17734,9.909171746504594,5.3107531588465005,1
17735,9.961990910145404,5.319960926939083,1
17736,9.974550512047607,5.30916989807605,1
17737,9.968819727189357,5.296652356102626,1
17738,9.994758856657723,5.321332633079145,1
17739,10.049662473593509,5.310077000642744,1
17740,10.056308734604633,5.324353729080567,1
17741,10.118641450060402,5.34013589444184,1
17742,10.152331513632856,5.294122670045393,1
17743,10.142281278554552,5.313828256769675,1
17744,10.189750807742595,5.336077727011835,1
17745,10.205162164698734,5.311704504769797,1
17746,10.254639368562305,5.315871435062924,1
17747,10.2365860225487,5.336295586296152,1
17748,10.310201960028978,5.346353555453021,1
17749,10.277575317589939,5.308229399641513,1
17750,10.28560697479566,5.306776727733251,1
17751,10.363314205164398,5.300536453290733,1
17752,10.369448746547128,5.308000740233255,1
17753,10.36747219963764,5.341700015408988,1
17754,10.388290680473276,5.317667250344875,1
17755,10.422135647416615,5.319609764242637,1
17756,10.466087715851113,5.318106745550043,1
17757,10.449401271510727,5.337084055916466,1
17758,10.527526403666187,5.324459931344157,1
17759,10.529230873350368,5.323377458550139,1
17760,10.58609175988299,5.299209613697047,1
17761,10.611097533114958,5.314983107181615,1
17762,10.690153850336944,5.325329341362635,1
17763,10.727132009373694,5.3055637146096855,1
17764,10.76396000385318,5.334079949195271,1
17765,10.789256135602473,5.345691860091289,1
17766,10.819172873122385,5.306081866398933,1
17767,10.812126841717019,5.339753311161291,1
17768,10.887011676222093,5.305793581775921,1
17769,10.874445077657334,5.335510154162874,1
17770,10.918581505926934,5.313787050186681,1
17771,10.96128179608192,5.328474656769173,1
17772,10.92728280376194,5.320318843562069,1
17773,10.977097305644419,5.321038737399187,1
17774,10.970364730436405,5.330741526377484,1
17775,11.01387664953329,5.340558627688582,1
17776,11.039319806353463,5.30181359582104,1
17777,11.05805978790414,5.327285846290009,1
17778,11.108255947419613,5.310045887491151,1
17779,11.162816938295967,5.343286549129888,1
17780,11.154564625879653,5.310623333649052,1
17781,11.17449274293697,5.320000988391558,1
17782,11.191638460034817,5.317419809304791,1
17783,11.223080855343165,5.30921363859886,1
17784,11.227454835105126,5.341471702051401,1
17785,11.192118484691973,5.3065392046118705,1
17786,11.22891286246215,5.300829832149687,1
17787,11.243778280708009,5.339368186327706,1
17788,11.25635580027468,5.316866036428402,1
17789,11.23313165486974,5.342398538509482,1
17790,11.262439787518352,5.319385784614108,1
17791,11.257160108252407,5.322578659473369,1
17792,11.323323422451356,5.316610868710015,1
17793,11.302063572029704,5.347193553158338,1
17794,11.375677000996014,5.298001237686808,1
17795,11.367697327127672,5.325167321939829,1
17796,11.410525026222201,5.320686500110505,1
17797,11.4388602380585,5.327601779479183,1
17798,11.392258724614637,5.31068541249624,1
17799,11.420640006224215,5.304478583491487,1
17800,11.41560519005478,5.343787478795382,1
17801,11.495753210136478,5.301364706807113,1
17802,11.457104708502344,5.342300834699516,1
17803,11.444872821482866,5.309067548125979,1
17804,11.44884247724338,5.3112898901754315,1
17805,11.489642716558091,5.310373896547583,1
17806,11.519185970963804,5.32190421507169,1
17807,11.513247116238109,5.304245974378845,1
17808,11.505572051496358,5.300653005346672,1
17809,11.504517285803724,5.338222798570244,1
17810,11.568794365964381,5.340987227764246,1
17811,11.59834143374228,5.303876220691412,1
17812,11.553192250889126,5.324636384771752,1
17813,11.578328562726744,5.325329903651132,1
17814,11.636406467608689,5.303782691738214,1
17815,11.644350010527756,5.328626636688683,1
17816,11.610437949521314,5.309965416691522,1
17817,11.656839855063563,5.3135851983326114,1
17818,11.674499839537287,5.31720089829701,1
17819,11.68189457193706,5.334847042368897,1
17820,11.879170558651422,5.3288714011123455,1
17821,11.947417192733896,5.304986863923365,1
17822,11.925286398009618,5.305116729012594,1
17823,11.929449133243201,5.32753313782325,1
17824,11.992894176298057,5.337706160434415,1
17825,8.556248779935583,5.3857959505085375,1
17826,8.611580278434854,5.395267976566006,1
17827,8.630597650256808,5.386113844426612,1
17828,8.695083492449692,5.363834844918661,1
17829,8.733518619129919,5.376494223444641,1
17830,8.795133938072716,5.35578906344458,1
17831,8.871158210144685,5.387066505849558,1
17832,8.912673429901844,5.391552417569401,1
17833,8.912873001456521,5.367091184564588,1
17834,8.954529679539089,5.353427134938989,1
17835,8.97345523855926,5.371353735190511,1
17836,9.03599833686155,5.366919158558818,1
17837,9.000208727801398,5.371854848237822,1
17838,9.003861294239185,5.359573993607934,1
17839,9.08913439521225,5.373278482207703,1
17840,9.047507384633972,5.39537779562788,1
17841,9.075797743690309,5.36527513221388,1
17842,9.139417258929733,5.399962479614683,1
17843,9.098254892327121,5.361533188759049,1
17844,9.096845933830805,5.391340238013271,1
17845,9.163840270574271,5.387584331663264,1
17846,9.190623163323966,5.385013726659198,1
17847,9.212859328155366,5.357622231627368,1
17848,9.242354764429017,5.367852747776412,1
17849,9.290733954962324,5.388914703202377,1
17850,9.256003949805237,5.383568822915177,1
17851,9.311753281934676,5.3582748903888175,1
17852,9.353104916981424,5.362913410899336,1
17853,9.382428325809114,5.36922516517318,1
17854,9.371057425245985,5.376687547827935,1
17855,9.363486880212445,5.3950710473418315,1
17856,9.438866259507781,5.353249626060706,1
17857,9.42221709199529,5.358813379149534,1
17858,9.46421776924313,5.357325575527193,1
17859,9.473833034735588,5.400837809473722,1
17860,9.484268246361559,5.381866755513769,1
17861,9.494083048354701,5.393391388569255,1
17862,9.546508303933937,5.3932111932526245,1
17863,9.567889724298508,5.379713801292487,1
17864,9.537224382751633,5.385831164298679,1
17865,9.603360080563982,5.348741047706991,1
17866,9.594937986338055,5.380037472984754,1
17867,9.58140553883193,5.36932519953857,1
17868,9.657553942150688,5.357612491052667,1
17869,9.674231793573242,5.351662379618181,1
17870,9.639631019122449,5.36379359021348,1
17871,9.683149721937616,5.389012403096362,1
17872,9.698359806446872,5.377004112361393,1
17873,9.712630520617077,5.392259715773423,1
17874,9.739893917314204,5.351900134075607,1
17875,9.750185711399842,5.38569932910117,1
17876,9.833997504113444,5.347800866620086,1
17877,9.795469798030284,5.365502735271725,1
17878,9.838676107041236,5.3751262268929985,1
17879,9.85271943969879,5.3808529010482395,1
17880,9.86491298050492,5.37137212441927,1
17881,9.879785478179215,5.362294806684925,1
17882,9.867942559159685,5.383129815224582,1
17883,9.887045489537615,5.373683341572469,1
17884,9.901487799518026,5.393939795881172,1
17885,9.936572783465241,5.352946899930438,1
17886,9.894466200055557,5.386842734610131,1
17887,9.908349711819948,5.383771924129337,1
17888,9.955330256462661,5.395042213431003,1
17889,9.97102272687578,5.395734387659991,1
17890,9.949156588814189,5.397930264345559,1
17891,9.959898429465852,5.372279850907245,1
17892,10.008724448434952,5.3747736337616985,1
17893,10.030880121090654,5.359626182168043,1
17894,10.011524574464733,5.374998235136747,1
17895,10.076784048052343,5.373302047590179,1
17896,10.09513146966889,5.368521744984482,1
17897,10.159094455890461,5.349395897638918,1
17898,10.121939872935462,5.398707428142392,1
17899,10.129316575810844,5.39730651805301,1
17900,10.19378210261909,5.394108712060425,1
17901,10.173056534049731,5.36654077353978,1
17902,10.26698284976763,5.390935684378947,1
17903,10.251208743146158,5.365024616285224,1
17904,10.294400858275155,5.394285134986946,1
17905,10.310408951066803,5.350224668157403,1
17906,10.359575029554573,5.385690287605425,1
17907,10.322037804903614,5.385019260115478,1
17908,10.386218881411423,5.369703416435115,1
17909,10.420146036003478,5.352827958148406,1
17910,10.428941196597048,5.392926846490443,1
17911,10.44974228466328,5.398943159232721,1
17912,10.518181670043132,5.383816067629412,1
17913,10.505760131542281,5.365110981206048,1
17914,10.557712755755157,5.363881851722537,1
17915,10.579549357616369,5.386312335682546,1
17916,10.613282710093376,5.3891583398534655,1
17917,10.615946307260874,5.364211832718285,1
17918,10.688178537745038,5.380430137618018,1
17919,10.66116574533234,5.3773040775860474,1
17920,10.727575084885716,5.387741810392075,1
17921,10.700768721684087,5.396808685236363,1
17922,10.800980364729467,5.391954098367195,1
17923,10.801455864703941,5.394548577423031,1
17924,10.77216413302809,5.354271129186111,1
17925,10.828709629637753,5.351549259564954,1
17926,10.807607057340777,5.375253000188594,1
17927,10.829565573439606,5.372434773517591,1
17928,10.878809783728434,5.397392192470759,1
17929,10.901846304567101,5.395872243634527,1
17930,10.930176058575778,5.373516754567891,1
17931,10.938255273854494,5.392688714228228,1
17932,10.9459299417136,5.34797365711845,1
17933,10.978972733307161,5.38454040163714,1
17934,11.001943086456498,5.397346144978824,1
17935,10.981234052110223,5.400421827433684,1
17936,10.972240295323967,5.387511848860607,1
17937,11.062946174829605,5.355307820606911,1
17938,11.034556216207005,5.376614758224497,1
17939,11.112854250181583,5.370630733486746,1
17940,11.11200672446735,5.384851084822633,1
17941,11.141819432219078,5.347652991754647,1
17942,11.21848995522806,5.39836248283553,1
17943,11.199670234053805,5.383594535817558,1
17944,11.214632237220512,5.3545802352307375,1
17945,11.256644440956345,5.351956006160627,1
17946,11.238951781022626,5.397019500510806,1
17947,11.268112025321756,5.379769635863821,1
17948,11.313916709817164,5.399982606171152,1
17949,11.38772185522041,5.3994526111397905,1
17950,11.342010943165459,5.392943603243039,1
17951,11.383959114104082,5.359257022598664,1
17952,11.414939524510572,5.35407811695458,1
17953,11.405979473536267,5.361344944168493,1
17954,11.391847216516304,5.379772725900798,1
17955,11.401309380906884,5.3931527564499255,1
17956,11.420759985758604,5.399571607698152,1
17957,11.42193137512684,5.371381809494593,1
17958,11.473472480852164,5.379459804009992,1
17959,11.464477757370963,5.392669056889557,1
17960,11.486861631020759,5.400062086217141,1
17961,11.496489163139259,5.373777518406013,1
17962,11.454647839379444,5.397996557652202,1
17963,11.530829901384044,5.3584139306415235,1
17964,11.527216312770294,5.372330166946385,1
17965,11.541351874539322,5.378393243347466,1
17966,11.505471306365665,5.362721770547457,1
17967,11.56804725793207,5.378112448286726,1
17968,11.574832684073726,5.358352610487243,1
17969,11.579057023170867,5.352767268743266,1
17970,11.591448212084835,5.364804617903943,1
17971,11.640945542367511,5.364184326355664,1
17972,11.640148274578376,5.380573304224124,1
17973,11.653711770192393,5.400915123364439,1
17974,11.831326144779428,5.374829774350058,1
17975,11.867011410332301,5.399128850645038,1
17976,11.895821874095086,5.385199426698973,1
17977,11.894210192813606,5.375614816570151,1
17978,11.918811394033938,5.371613244218862,1
17979,11.967971110797807,5.383691606490621,1
17980,11.964746266049643,5.376376822896549,1
17981,11.949383230125004,5.384136628884323,1
17982,11.995056853641897,5.367706499595166,1
17983,11.998704437905484,5.395807289259363,1
17984,8.411317346779914,5.405827786423979,1
17985,8.490889791032686,5.453558312057757,1
17986,8.554164687497453,5.441050384652396,1
17987,8.545910239883856,5.443524849391949,1
17988,8.58848692590449,5.453918136409165,1
17989,8.596603404600174,5.40703417488448,1
17990,8.610044212381734,5.430054584819064,1
17991,8.615052159267336,5.427752622898432,1
17992,8.628673462877233,5.40994085482583,1
17993,8.680681325934758,5.40852847244849,1
17994,8.670696342975408,5.436620550941423,1
17995,8.721942926690058,5.426381240885966,1
17996,8.777952403143198,5.4383778401794025,1
17997,8.774965800581564,5.445678277578829,1
17998,8.833845357228093,5.421847893720214,1
17999,8.873865772747232,5.419825821964562,1
18000,8.893333939235706,5.4495604368586905,1
18001,8.939169056103095,5.435250190434536,1
18002,9.010911031437857,5.409558670929516,1
18003,9.009857812818872,5.405065757124186,1
18004,9.065796794048914,5.451946649257726,1
18005,9.06942672004024,5.451837379998898,1
18006,9.056708918526928,5.452994389607215,1
18007,9.109435919681221,5.407693752810895,1
18008,9.141588622759691,5.413586776897189,1
18009,9.140480781632565,5.406237310954284,1
18010,9.155947444632474,5.424034214032894,1
18011,9.159437905719283,5.430851748216421,1
18012,9.248717436153527,5.413185580248205,1
18013,9.217642003141327,5.402779391182737,1
18014,9.29049474244573,5.433270309466993,1
18015,9.267789455895729,5.433827512707172,1
18016,9.277683887736485,5.424714083144188,1
18017,9.354769879246419,5.41549323383,1
18018,9.311739465339768,5.408686054159151,1
18019,9.332498367871342,5.443033221880327,1
18020,9.393240965771357,5.432233706075071,1
18021,9.365022575950379,5.40196487174985,1
18022,9.377708740058392,5.401833297850929,1
18023,9.458935430801155,5.432569972020527,1
18024,9.455565697461934,5.410506444834607,1
18025,9.427832290479454,5.44204993084735,1
18026,9.482496690555724,5.415026959518802,1
18027,9.47300025615838,5.404446247754698,1
18028,9.48886553475293,5.4496789055337205,1
18029,9.519718826760883,5.421327320713557,1
18030,9.536316567396508,5.4311575853739535,1
18031,9.548897260057972,5.421583415041923,1
18032,9.577429469780796,5.427533002293988,1
18033,9.59085362133059,5.403949840858694,1
18034,9.572350150055042,5.452520146859191,1
18035,9.64238897543615,5.443538551232895,1
18036,9.643788739210658,5.418396335898618,1
18037,9.658487893587923,5.417402714132467,1
18038,9.690975143139953,5.431448692677055,1
18039,9.695574073635786,5.4152176936835215,1
18040,9.77216614714175,5.433332477937301,1
18041,9.739711233051926,5.406193163479165,1
18042,9.830779583402853,5.454535677540225,1
18043,9.838247295447546,5.428202884148824,1
18044,9.797684572720867,5.412248421997181,1
18045,9.863430448242617,5.425644675400161,1
18046,9.884681230650143,5.425144971334398,1
18047,9.863561624223502,5.440410038572888,1
18048,9.889709061546661,5.4435671202503615,1
18049,9.943246877946486,5.416404606508741,1
18050,9.927470826653597,5.4383036470025505,1
18051,9.905879200276857,5.422714832684984,1
18052,9.906355144252862,5.415710408372764,1
18053,9.996932471570023,5.449948654216976,1
18054,9.949659581539693,5.4077490128407195,1
18055,9.954414923170804,5.407416827407053,1
18056,10.026897195960423,5.428368353514116,1
18057,10.130590384129553,5.412060126530668,1
18058,10.12714305011643,5.431648172560011,1
18059,10.11626543981649,5.409269287735089,1
18060,10.184520947941678,5.436870159327051,1
18061,10.160836504405703,5.419276706242983,1
18062,10.184948093838413,5.420089322149685,1
18063,10.257773925722399,5.417427133355365,1
18064,10.24669385595222,5.40782366725447,1
18065,10.219660369242355,5.439237614698467,1
18066,10.274731423409648,5.422663248639037,1
18067,10.28195723741588,5.411692465260791,1
18068,10.287102570176884,5.439956113946112,1
18069,10.349164604851643,5.448609844543249,1
18070,10.348645887198872,5.441740180205473,1
18071,10.370455325814605,5.42141736279477,1
18072,10.402620618903489,5.429862952963754,1
18073,10.398714790752214,5.408646783147502,1
18074,10.395384789254932,5.446439939659135,1
18075,10.466817866768771,5.414225883077823,1
18076,10.432474115561993,5.415810692024143,1
18077,10.448972862682197,5.417949491980493,1
18078,10.522504421002754,5.437230131905742,1
18079,10.530982293349032,5.407922106802896,1
18080,10.484970150211597,5.416022293447891,1
18081,10.539710724394537,5.417045100958913,1
18082,10.56589136993806,5.408518722310941,1
18083,10.603188241313763,5.403824746989669,1
18084,10.609909901727827,5.430837487545566,1
18085,10.592115108258561,5.451356576276899,1
18086,10.693815396707187,5.448539900113439,1
18087,10.67205357542293,5.4501488266785305,1
18088,10.660700673120886,5.4085844434016135,1
18089,10.734585278083841,5.446969364674968,1
18090,10.708078124375197,5.417598172670867,1
18091,10.7202844431363,5.445601737039171,1
18092,10.800540253130961,5.4099032951161155,1
18093,10.758928359868838,5.413825100566689,1
18094,10.753543878151694,5.4527195425178565,1
18095,10.828592117065273,5.41233743223113,1
18096,10.84463408160744,5.446376764298755,1
18097,10.833593533645251,5.432010175981292,1
18098,10.90505962250085,5.40702705282844,1
18099,10.906625387234374,5.426175468306742,1
18100,10.884347407500762,5.416346119910015,1
18101,10.92540696010279,5.410405814163837,1
18102,10.949965011271294,5.406447590925596,1
18103,10.957504234466516,5.44284695452627,1
18104,10.966169456553883,5.452726759437048,1
18105,10.963401955457229,5.419687333576312,1
18106,11.002154829226255,5.441524160097721,1
18107,10.983988158657679,5.41365980828172,1
18108,11.0468179936156,5.401283492048082,1
18109,11.041476477433314,5.4130435062486875,1
18110,11.047848946224303,5.43924980205607,1
18111,11.116673557205399,5.411645940754635,1
18112,11.11474521734742,5.45439999557976,1
18113,11.171617888795645,5.452678802943745,1
18114,11.13343156704222,5.4019246079987955,1
18115,11.192133465539701,5.436935363171008,1
18116,11.208500284064494,5.412829347265182,1
18117,11.27342454434356,5.427294942628361,1
18118,11.318757115308719,5.43878146345873,1
18119,11.307901866765583,5.450948507230794,1
18120,11.364321676698486,5.448371547851491,1
18121,11.370368907405943,5.424230116905823,1
18122,11.360505306470039,5.416597347466133,1
18123,11.392794012256095,5.419282631617177,1
18124,11.413924128391066,5.417898910492696,1
18125,11.415815941668942,5.409052027082914,1
18126,11.424300471655174,5.402035105348238,1
18127,11.48734033356344,5.438993837841031,1
18128,11.48650853339516,5.428888987697416,1
18129,11.491180094436489,5.404880395041198,1
18130,11.483903455177767,5.437091157537006,1
18131,11.498536597619625,5.403023826856936,1
18132,11.547997088156283,5.443848512245801,1
18133,11.534927777276584,5.414506553255387,1
18134,11.561303278338071,5.416441458454473,1
18135,11.588811426624286,5.437717464184167,1
18136,11.609911122807036,5.41887043530869,1
18137,11.80709445430265,5.418244700714094,1
18138,11.781129746468803,5.431945684708727,1
18139,11.793389420550866,5.424444739958137,1
18140,11.85393727272199,5.4064018941684955,1
18141,11.861844260824412,5.416550452843898,1
18142,11.862369768208652,5.423091372776279,1
18143,11.835631644119585,5.404034880042618,1
18144,11.911378639909696,5.407185246959697,1
18145,11.891931723415828,5.4160444142160395,1
18146,11.872726509854095,5.437899662193867,1
18147,11.882826199404176,5.437160395589803,1
18148,11.962311142787163,5.432193384136327,1
18149,11.954939902476108,5.424843450930206,1
18150,11.975420960395207,5.4331349389055665,1
18151,11.981573110962305,5.422811121931171,1
18152,11.990886862749468,5.430542881614233,1
18153,8.252617692905986,5.468222701770037,1
18154,8.297537614619133,5.4856926543799975,1
18155,8.367941462902891,5.503761807972383,1
18156,8.3632439471968,5.454625592895701,1
18157,8.427936132473956,5.505361098597857,1
18158,8.401965858406015,5.471595380603164,1
18159,8.472486140688462,5.502516436380162,1
18160,8.46020027497496,5.475331179526968,1
18161,8.52856409476888,5.502660678304655,1
18162,8.5057168263158,5.475773130183859,1
18163,8.591620056027997,5.481086056368391,1
18164,8.594268469265238,5.483321900651279,1
18165,8.627678843483174,5.492554102409214,1
18166,8.650267124089355,5.460355484110908,1
18167,8.714773496690185,5.4602153586450495,1
18168,8.740299075921316,5.468870706073897,1
18169,8.80367185972762,5.491296028405767,1
18170,8.783276636599043,5.503114122443005,1
18171,8.827085044897103,5.481461226712158,1
18172,8.900225748360445,5.46876141957941,1
18173,8.932026547948823,5.477561760184486,1
18174,8.947877166299685,5.467551188703923,1
18175,8.992407744570704,5.4624997915281925,1
18176,9.03334533458409,5.474363501787743,1
18177,9.069778751320865,5.467986967713795,1
18178,9.066434765897883,5.459716445939868,1
18179,9.115745336775571,5.483543274599641,1
18180,9.140258825744164,5.472744568777658,1
18181,9.141639786187213,5.464412098206103,1
18182,9.195922240280076,5.464929897055783,1
18183,9.175660226886155,5.485418905687797,1
18184,9.183679004784201,5.478996798884022,1
18185,9.2301791122638,5.484718740663945,1
18186,9.203208635646105,5.474561987615772,1
18187,9.21049787925206,5.461200670202657,1
18188,9.261045114874563,5.488553681905294,1
18189,9.295464956866898,5.505195402506191,1
18190,9.286500411835013,5.503552039256356,1
18191,9.326686085024683,5.501616888798323,1
18192,9.344025431296219,5.5005385811279925,1
18193,9.341866559043428,5.4756979642277415,1
18194,9.366006783251896,5.491832659060565,1
18195,9.371578164367437,5.45754626318793,1
18196,9.379507490257115,5.46617515171365,1
18197,9.416423047195817,5.456164468946903,1
18198,9.445774852269945,5.462297732093014,1
18199,9.42017195236258,5.502365788566222,1
18200,9.482711192747015,5.474950744578636,1
18201,9.48100144190358,5.502613389728744,1
18202,9.570576096755468,5.463790094005837,1
18203,9.540712541650965,5.4555194172205095,1
18204,9.588710586700149,5.466710380391981,1
18205,9.60751977370763,5.4690544992640024,1
18206,9.645239977639818,5.468779062048099,1
18207,9.647207092186305,5.468637301266723,1
18208,9.703432097793478,5.476863313683889,1
18209,9.679386196544169,5.476675072398355,1
18210,9.739267833404035,5.503809919940605,1
18211,9.732694524428362,5.468681150798264,1
18212,9.798955645724243,5.484360743464606,1
18213,9.793633873394908,5.4651195302648405,1
18214,9.819498677061786,5.4617392432856375,1
18215,9.865385707280824,5.475646838824893,1
18216,9.892454082562503,5.490893417026447,1
18217,9.870832909322193,5.467095642100219,1
18218,9.898080572542376,5.470860919347791,1
18219,9.915699623260668,5.458703606354693,1
18220,9.958518068227253,5.48773585479113,1
18221,10.109781416956729,5.499545384046678,1
18222,10.107387767386339,5.481340809543996,1
18223,10.15273831523067,5.455799314602268,1
18224,10.12940642277423,5.47727514341235,1
18225,10.164925760290542,5.489498975681981,1
18226,10.201251752682921,5.466380599846465,1
18227,10.186830462380327,5.466948021430197,1
18228,10.193340640402571,5.476389005391357,1
18229,10.228623182160446,5.482283736520387,1
18230,10.217932813937654,5.48011512581166,1
18231,10.236808309027861,5.489016962148654,1
18232,10.314301368771314,5.486313816425981,1
18233,10.279921825196247,5.502712348960314,1
18234,10.31513260936063,5.461233034674371,1
18235,10.323034365306096,5.498715606507012,1
18236,10.33097749348566,5.49386173472606,1
18237,10.3720030888638,5.491654934626513,1
18238,10.33074108202501,5.488068152908013,1
18239,10.414465853523437,5.464114543586042,1
18240,10.407159414907351,5.5000116920738105,1
18241,10.377073448358857,5.50234615078468,1
18242,10.409491124717604,5.45860320393122,1
18243,10.439723921782097,5.49429991106535,1
18244,10.433232823357091,5.475320455477671,1
18245,10.436056903521434,5.483449319946693,1
18246,10.513580460219151,5.469523851510633,1
18247,10.489597186070004,5.466822342097432,1
18248,10.561374431484866,5.490596055840856,1
18249,10.54989803168791,5.457261606585123,1
18250,10.610265858155921,5.494992587674138,1
18251,10.619739093225046,5.496637297025172,1
18252,10.643219995199578,5.459415390295282,1
18253,10.649327600976838,5.49364694019143,1
18254,10.684452319427498,5.476987870283431,1
18255,10.740284940610776,5.456282294868745,1
18256,10.707809200845722,5.478630768032753,1
18257,10.710968501814506,5.457997015926296,1
18258,10.801542177023023,5.496191959964616,1
18259,10.7822484440431,5.4904173007408215,1
18260,10.776517340064284,5.487100804501093,1
18261,10.83767625114554,5.506442114774024,1
18262,10.8242765742481,5.475444159737171,1
18263,10.853160549963604,5.4578328721826335,1
18264,10.896178626003657,5.493255500299499,1
18265,10.869709323595545,5.484054258730807,1
18266,10.885083111544454,5.471174031026899,1
18267,10.95212739374993,5.476882295507525,1
18268,10.931643407894093,5.4908598025428415,1
18269,10.921987881884458,5.472148711365553,1
18270,10.9662761692352,5.503319380849854,1
18271,10.987230381733553,5.489112418273555,1
18272,10.992204733991128,5.500989577651259,1
18273,11.03014247311464,5.490146556874933,1
18274,11.025794915030914,5.494542963903728,1
18275,11.114087786914656,5.496659589983728,1
18276,11.117733408973978,5.469068684171997,1
18277,11.150814950615013,5.476279564259466,1
18278,11.15649749054191,5.4553465415048406,1
18279,11.183327621254662,5.492256453867294,1
18280,11.24485446101685,5.484326532183573,1
18281,11.307886788225508,5.488385556854726,1
18282,11.308383354340595,5.4862876670847145,1
18283,11.38628900251082,5.461082501532682,1
18284,11.347699728189115,5.4882434141742005,1
18285,11.34346578568052,5.4667673793666225,1
18286,11.410541530580039,5.459014736787231,1
18287,11.419571879883948,5.465295808355427,1
18288,11.413485547793096,5.474993107059537,1
18289,11.445391221719293,5.501184964169855,1
18290,11.473370901373867,5.48988745809003,1
18291,11.450356969373038,5.488722637196396,1
18292,11.501238651148388,5.494950477030733,1
18293,11.55023138390924,5.466359970984274,1
18294,11.566073684871146,5.482391859602363,1
18295,11.808099283620209,5.503646390231114,1
18296,11.784834780269833,5.483841093905403,1
18297,11.788764556739764,5.478896349666355,1
18298,11.871090113116864,5.459256901321275,1
18299,11.822554857474238,5.487944415400483,1
18300,11.857254204752813,5.461970743782511,1
18301,11.915201378825282,5.486752121604439,1
18302,11.876707972542706,5.455417535007745,1
18303,11.917733664146501,5.4722189423510095,1
18304,11.93936537428993,5.458666949317052,1
18305,11.96568037657208,5.481340588315148,1
18306,8.181843116487412,5.544192749985511,1
18307,8.287426880638861,5.522514451798832,1
18308,8.326407517647478,5.5096467306771695,1
18309,8.308011579983082,5.5544894907452065,1
18310,8.367155309143149,5.510176716236294,1
18311,8.357233928246325,5.530776504601979,1
18312,8.433090482257542,5.534561101806557,1
18313,8.41204145836113,5.5398311898727854,1
18314,8.48798116187111,5.5209350076980135,1
18315,8.511063012607972,5.519411221001771,1
18316,8.518771313374025,5.558046016494167,1
18317,8.583196195629837,5.517615590642052,1
18318,8.593261333621728,5.520202351776285,1
18319,8.653071819669945,5.521158366956648,1
18320,8.638290312565502,5.517833740802466,1
18321,8.712314228702995,5.535711224115313,1
18322,8.66706249143329,5.540772058117089,1
18323,8.754127365212858,5.554871746180621,1
18324,8.735248480562067,5.530561507498974,1
18325,8.798724860578233,5.5373272455957085,1
18326,8.836233225468966,5.518047620443378,1
18327,8.928980229889495,5.5490917280588326,1
18328,8.901766838006958,5.5584558056115085,1
18329,8.907754393890475,5.543899701274368,1
18330,8.957819724955089,5.540885545931104,1
18331,8.936455374213262,5.514529052988749,1
18332,8.98095491687908,5.519251058248727,1
18333,8.980648710386852,5.560788494005149,1
18334,8.9968016041713,5.549876539042848,1
18335,9.018711747838223,5.544226127064231,1
18336,9.005844142554558,5.537138288407588,1
18337,9.078973028147592,5.523156723245493,1
18338,9.049189514746745,5.534898123012176,1
18339,9.126347803478655,5.5272059020339475,1
18340,9.11297295309651,5.509124728454597,1
18341,9.155569232915928,5.511879297375009,1
18342,9.144887866277738,5.539027709016714,1
18343,9.19831560308326,5.517887289013724,1
18344,9.2343286132279,5.548836817249093,1
18345,9.292823769102387,5.531753670500337,1
18346,9.302480935365242,5.525841408248449,1
18347,9.306621349873673,5.508396427489314,1
18348,9.312899324946336,5.535588875844098,1
18349,9.391293735100062,5.545453279932678,1
18350,9.360135997770696,5.513062287742618,1
18351,9.446494922138797,5.517712876557907,1
18352,9.44201372312711,5.542427078150143,1
18353,9.499403190051975,5.527529546026402,1
18354,9.500003556817727,5.550801345332088,1
18355,9.564124148732297,5.515819911204482,1
18356,9.522769253274593,5.536394539277422,1
18357,9.596885369670042,5.52507535308896,1
18358,9.606372182178022,5.5388456831800665,1
18359,9.653809606165142,5.511634278422221,1
18360,9.650566308933696,5.55160617932532,1
18361,9.71992595719877,5.51523995092307,1
18362,9.71930129419948,5.532128590938014,1
18363,9.774017329684039,5.508950079288995,1
18364,9.734344612444655,5.534431472174276,1
18365,9.82215644277988,5.522551109889743,1
18366,9.83289874359419,5.523264297048553,1
18367,9.892956606061214,5.5351528139447534,1
18368,9.84776651019515,5.529129710860661,1
18369,9.894500726541038,5.515615731964819,1
18370,9.927088320582238,5.525445929048467,1
18371,9.997938892411582,5.544804413455549,1
18372,9.97324893973466,5.515414376851869,1
18373,10.022404809732066,5.5099889057581635,1
18374,10.114148662693584,5.508585738642097,1
18375,10.15234623390776,5.5436539314029005,1
18376,10.133163736647472,5.539939555661927,1
18377,10.164474242377418,5.529141991346212,1
18378,10.212000618461884,5.53620647310628,1
18379,10.19811245454792,5.529978176373102,1
18380,10.182856717812882,5.537613742863994,1
18381,10.216815861588863,5.5605523843467415,1
18382,10.261822107422407,5.549665409467354,1
18383,10.299762688239433,5.534163725871525,1
18384,10.283110501517795,5.532668175162804,1
18385,10.342607147984769,5.524897492399874,1
18386,10.320872628912642,5.520450269493099,1
18387,10.362136879639987,5.521542533359805,1
18388,10.406670420334038,5.516331506861872,1
18389,10.39514747394949,5.534340868227654,1
18390,10.39729772169066,5.52227237920845,1
18391,10.47246610080621,5.508164492976155,1
18392,10.448754789203745,5.542522483971212,1
18393,10.431273949581726,5.51918231039901,1
18394,10.486488089859682,5.55417140435949,1
18395,10.508327290790508,5.543942113371459,1
18396,10.549385259541847,5.527691396931371,1
18397,10.628911662060478,5.549437762742858,1
18398,10.644217053127713,5.515101072882277,1
18399,10.644878625585102,5.533097612106805,1
18400,10.747356499924456,5.559455366850751,1
18401,10.735868091667387,5.514210987816114,1
18402,10.789002488163183,5.513398473018346,1
18403,10.801205876962529,5.546432150843152,1
18404,10.791881221963774,5.5454340918100895,1
18405,10.821257502427018,5.519844084072495,1
18406,10.805913726185635,5.518135075842945,1
18407,10.819735709924695,5.549571761194125,1
18408,10.869054474499592,5.524046352163795,1
18409,10.902946319328448,5.558506334874881,1
18410,10.87839826843282,5.535093832529725,1
18411,10.909232453462922,5.555903878084374,1
18412,10.927289378128574,5.557513163053353,1
18413,10.922269883157428,5.524893441873374,1
18414,10.965620177387942,5.514820582765594,1
18415,10.967489294612214,5.553510150988022,1
18416,10.9936737476081,5.53790278490244,1
18417,11.055414189246635,5.519727888174041,1
18418,11.044789676976732,5.543246453669193,1
18419,11.11336261177906,5.5378709167038656,1
18420,11.08717921604163,5.520672597775774,1
18421,11.161102737302082,5.534188670470097,1
18422,11.19025505595829,5.510921639316664,1
18423,11.248311836145145,5.560923873386744,1
18424,11.256650291536612,5.559203699064357,1
18425,11.310291510910451,5.521581955606211,1
18426,11.288974134922631,5.510350196431466,1
18427,11.365581552733907,5.558948494273733,1
18428,11.37035919897016,5.525537492264952,1
18429,11.43028488294242,5.508036448912926,1
18430,11.440256548604133,5.546020037555799,1
18431,11.486228250750012,5.5594085605171895,1
18432,11.45380093170746,5.5210853446713415,1
18433,11.508771744829618,5.529675024606556,1
18434,11.802102219221263,5.530970497014382,1
18435,11.864027361059359,5.554103475545037,1
18436,11.88151518083221,5.520443324555893,1
18437,11.972707298537829,5.540434527753049,1
18438,11.934187192901915,5.542419250833194,1
18439,11.981948584936355,5.532314893275952,1
18440,11.981892881142711,5.514013403788956,1
18441,8.037347232944752,5.571047448374725,1
18442,8.024798074933862,5.569609304295035,1
18443,8.078804935912162,5.590262782608719,1
18444,8.112296761447949,5.611784520052897,1
18445,8.132112956046274,5.594099635662468,1
18446,8.171141743393605,5.562335582531844,1
18447,8.192415643279485,5.613812850831504,1
18448,8.201321870523433,5.604629770841853,1
18449,8.279005737607257,5.585184819579596,1
18450,8.249196611968868,5.571790378843129,1
18451,8.301251171733641,5.601310046327172,1
18452,8.320066696610905,5.565559055504658,1
18453,8.363338394978141,5.588309373499626,1
18454,8.34852213113359,5.6077406583789715,1
18455,8.409603045953649,5.578434537458739,1
18456,8.448866748674192,5.568591414508802,1
18457,8.498667460226093,5.5842544618896905,1
18458,8.508202533483795,5.603526521074845,1
18459,8.566492123714522,5.605245224901117,1
18460,8.558046954284308,5.597766690548001,1
18461,8.6185344352088,5.601221439832887,1
18462,8.65604642938353,5.582253927730488,1
18463,8.678465812906008,5.595820900257279,1
18464,8.698151578793471,5.608552981259192,1
18465,8.67929403497209,5.566751979594391,1
18466,8.745038740245974,5.597853797896472,1
18467,8.731767008776629,5.600218097462405,1
18468,8.727480227989187,5.598705052024793,1
18469,8.793104375472723,5.61071872133559,1
18470,8.79961879732628,5.598184680268223,1
18471,8.853390402656142,5.590802551203106,1
18472,8.859588384617027,5.613487863323895,1
18473,8.825834528335326,5.613908663613582,1
18474,8.91246876148341,5.604288506640326,1
18475,8.913359952429143,5.564310721379394,1
18476,8.88204881081745,5.5799763280240935,1
18477,8.885700059505488,5.5984858561657775,1
18478,8.897343174944178,5.574876158156298,1
18479,8.948311104249614,5.561860952030097,1
18480,8.959158008880262,5.5926582361603305,1
18481,8.974720193506394,5.599287430078584,1
18482,8.94856029784573,5.562893913648197,1
18483,8.931678586664757,5.609154026350069,1
18484,8.994638870759799,5.57890361716684,1
18485,8.98717042909352,5.609807971415628,1
18486,9.017459173940063,5.5823363429179,1
18487,9.03694468881122,5.607638782468664,1
18488,9.03853988837514,5.591262841246267,1
18489,9.065486672666099,5.567935831056352,1
18490,9.067864191248082,5.604118752661943,1
18491,9.13669896165665,5.578234372346395,1
18492,9.092009104547767,5.588515087873943,1
18493,9.107802142292272,5.569432954920415,1
18494,9.192012674251462,5.606425411487081,1
18495,9.187804861512634,5.60887456347795,1
18496,9.195971650295872,5.571103144135191,1
18497,9.203831866042231,5.566426246728584,1
18498,9.242864744536616,5.568097714271335,1
18499,9.266345330647425,5.5651477686128334,1
18500,9.271937725398605,5.580236370007242,1
18501,9.337683103292314,5.575189937169153,1
18502,9.37625539723813,5.561771080340638,1
18503,9.404014779436466,5.611618274849782,1
18504,9.446617140951707,5.588104847601934,1
18505,9.433418809784037,5.561526409766631,1
18506,9.496842485483015,5.583020712018907,1
18507,9.477203608048473,5.594000550636193,1
18508,9.532635950824487,5.561996400972425,1
18509,9.57117997297866,5.567586926948339,1
18510,9.620345604223548,5.5850884064804,1
18511,9.574966945162016,5.605972410441161,1
18512,9.629507059778007,5.592147823119428,1
18513,9.63392694986112,5.582525729108905,1
18514,9.711507748216285,5.590665687459061,1
18515,9.691862708407523,5.571087421615387,1
18516,9.779263053305396,5.593304157731791,1
18517,9.76488979146137,5.590310218476501,1
18518,9.79205944727732,5.588079384961532,1
18519,9.809555592729335,5.597928822169593,1
18520,9.845797510985026,5.568867415748755,1
18521,9.878486963092655,5.576156592793831,1
18522,9.945107581326974,5.608481504545313,1
18523,9.907960360415899,5.5959635969128705,1
18524,9.985483450877084,5.597236639135295,1
18525,9.959570971672235,5.597284419220321,1
18526,9.965733793829495,5.565420612342177,1
18527,10.032424750279796,5.566046367986375,1
18528,10.11739118953866,5.59217998982461,1
18529,10.155330822974127,5.6077464165145745,1
18530,10.151753611039442,5.600737019687782,1
18531,10.170331280701113,5.589642035151303,1
18532,10.185704081791235,5.576828801391362,1
18533,10.200123384984977,5.604793286296724,1
18534,10.226660798428558,5.5727919745298315,1
18535,10.263020232683461,5.587909470246711,1
18536,10.312095068683663,5.601772918137463,1
18537,10.275529424468822,5.5652223742396405,1
18538,10.354658637766576,5.59324629568916,1
18539,10.362008027195436,5.5761623791148525,1
18540,10.372731950492938,5.595902947917266,1
18541,10.413503794349932,5.607692397328923,1
18542,10.407176165443419,5.577426342021517,1
18543,10.418105187882613,5.586704217352037,1
18544,10.459763673690537,5.5641883818400615,1
18545,10.493570967161613,5.570014972035342,1
18546,10.547249633878131,5.564302596251845,1
18547,10.604852858819218,5.606919774620468,1
18548,10.665167976474766,5.579968144524753,1
18549,10.655019543370832,5.580677988856058,1
18550,10.737122350070496,5.5811707999179525,1
18551,10.735368160163283,5.611757049740343,1
18552,10.77877065942931,5.587137489368281,1
18553,10.751130308773922,5.565788222721235,1
18554,10.774437880915935,5.607315950993856,1
18555,10.827191792023129,5.569985394006081,1
18556,10.827736326863826,5.599024315396355,1
18557,10.806079098540268,5.599911305211938,1
18558,10.875785887685804,5.602080405792699,1
18559,10.898269231657792,5.581434034527654,1
18560,10.857700885553625,5.604287074717241,1
18561,10.928443787047586,5.585766185490192,1
18562,10.916773152435546,5.5877147885200795,1
18563,10.91251747116333,5.567610677651675,1
18564,10.979974461280445,5.5768271114516805,1
18565,10.96939809364376,5.589308481838723,1
18566,11.035871423937254,5.59745419477447,1
18567,11.097885914324928,5.570426320485107,1
18568,11.1747140092297,5.608298423074046,1
18569,11.211369766522976,5.571537383350197,1
18570,11.189118367999935,5.60543839504288,1
18571,11.268388490372422,5.60710913372181,1
18572,11.272177777742034,5.612356018517701,1
18573,11.333457449235517,5.575611169070856,1
18574,11.29818041787725,5.5666376828219635,1
18575,11.32978691669709,5.570418626282678,1
18576,11.358244556026676,5.579090697905232,1
18577,11.38937352840072,5.58710031690279,1
18578,11.515233039613268,5.600447816598679,1
18579,11.581235121469241,5.58919137673376,1
18580,11.640834764132343,5.568450443537762,1
18581,11.685162335304437,5.59251367296023,1
18582,11.732525655706306,5.571177374499332,1
18583,11.809442234239985,5.591218119866489,1
18584,11.861873486441588,5.572066158083302,1
18585,11.82363874427726,5.601781820609388,1
18586,11.920007708253637,5.58172549121487,1
18587,11.875167183245775,5.596099212416717,1
18588,11.961779699661669,5.598322618462794,1
18589,11.967468616905588,5.592341846437186,1
18590,11.9621298203886,5.614915196100595,1
18591,11.97004826657332,5.601671280854712,1
18592,11.996363554276,5.585415107732851,1
18593,8.020649448578803,5.6646968326451335,1
18594,8.062172853781162,5.666016845640435,1
18595,8.058950723880208,5.662480538608984,1
18596,8.110720366757404,5.64366053042706,1
18597,8.09116745227654,5.633680363655188,1
18598,8.139165051567417,5.664189275424179,1
18599,8.135167868366072,5.633070499487542,1
18600,8.230961273421476,5.618238537496464,1
18601,8.232960489835284,5.625107939660385,1
18602,8.286695149597314,5.6454145087961285,1
18603,8.274604632150817,5.632010075835058,1
18604,8.326324747944183,5.646091311974615,1
18605,8.296675330073946,5.641428553145494,1
18606,8.344127773165834,5.647702640402073,1
18607,8.387105174079377,5.630703133712272,1
18608,8.430285628460808,5.643558515838143,1
18609,8.44908731012162,5.615463705773529,1
18610,8.486217261317755,5.652447296380249,1
18611,8.543509656389833,5.629130804252954,1
18612,8.5134468885275,5.659590930507647,1
18613,8.59391677147438,5.639295271826778,1
18614,8.611464900955657,5.619587150033224,1
18615,8.653933644568813,5.657998700039191,1
18616,8.688532631367691,5.624625905617663,1
18617,8.666838387625292,5.660294599740901,1
18618,8.712185526243012,5.6352764374496305,1
18619,8.739299762712728,5.654082001513681,1
18620,8.721357413559113,5.651108170611046,1
18621,8.735877579501093,5.66793663220864,1
18622,8.785252084098838,5.665439661498425,1
18623,8.80021640864937,5.635834554633844,1
18624,8.830260919594433,5.624143612116719,1
18625,8.854073675041281,5.615581195872138,1
18626,8.828870739319656,5.648165525474236,1
18627,8.879342121481098,5.644172820816901,1
18628,8.903638474647591,5.624580558749516,1
18629,8.88846874947943,5.659227426900877,1
18630,8.906143694951052,5.663848767648017,1
18631,8.946627914659027,5.641215571211472,1
18632,8.982068771373953,5.647459026536704,1
18633,8.952816135315093,5.657183842551068,1
18634,8.946891958459034,5.64743534589059,1
18635,9.000879566854628,5.654825412210539,1
18636,8.998857466855242,5.65008460765526,1
18637,8.988000351742807,5.659598077351139,1
18638,9.014477850840743,5.654286975685855,1
18639,9.069705927253908,5.641962111356503,1
18640,9.063771889165896,5.659138405907589,1
18641,9.074416346669148,5.6549435141077415,1
18642,9.038305600704117,5.653882079051914,1
18643,9.093376062232396,5.632022762083805,1
18644,9.09855648827771,5.644927838559211,1
18645,9.116172921117533,5.639701170798327,1
18646,9.16325843480531,5.6380929110877736,1
18647,9.230621165053273,5.634376076049182,1
18648,9.236233629364095,5.615215037710794,1
18649,9.274505252811156,5.62910137550213,1
18650,9.335459473808084,5.624553990296755,1
18651,9.359409936284221,5.64078436611022,1
18652,9.39122546118066,5.632990084715273,1
18653,9.41335729029665,5.657654944780922,1
18654,9.453761190406608,5.631342238040532,1
18655,9.485226479809027,5.6375675125660685,1
18656,9.490633050513141,5.6274229535390425,1
18657,9.536334782582085,5.659093477235166,1
18658,9.532815354874996,5.64621489271407,1
18659,9.624082770558054,5.653177145222003,1
18660,9.599330756731948,5.664787827478962,1
18661,9.664867532709904,5.665316809478353,1
18662,9.651817209717368,5.65528933878563,1
18663,9.708672339659971,5.62290753432639,1
18664,9.687016460901546,5.618479763895224,1
18665,9.75076940190276,5.649294015170594,1
18666,9.773096871548264,5.633950548195089,1
18667,9.81737272086088,5.661585119219641,1
18668,9.82893467368539,5.621973270297806,1
18669,9.890708512366322,5.638247609531202,1
18670,9.859975770652529,5.661460392094871,1
18671,9.874210718737343,5.616132818525995,1
18672,9.93113873509142,5.645194665050247,1
18673,9.928677289898031,5.620144990095147,1
18674,9.927848705862006,5.634866470806392,1
18675,9.96222135622031,5.661770204411311,1
18676,9.959297917001606,5.6411226535139765,1
18677,9.96433151361597,5.651043423514967,1
18678,10.031316405508594,5.625667790572432,1
18679,10.112887211180318,5.657606041781859,1
18680,10.108746750705256,5.6281298189220745,1
18681,10.108763392600657,5.628372182079176,1
18682,10.208228660200259,5.622040405155038,1
18683,10.19723527383971,5.658371067097693,1
18684,10.185569272797734,5.631276486511572,1
18685,10.259665576199092,5.66119199436067,1
18686,10.246052156108192,5.657273878081808,1
18687,10.282490956587372,5.620919544345594,1
18688,10.300369519244063,5.62067000268859,1
18689,10.360955528154706,5.651057402588366,1
18690,10.33402631129976,5.656884615556204,1
18691,10.376909784937789,5.668346156078987,1
18692,10.390836554163695,5.620233415769694,1
18693,10.430830863741189,5.6348956587785315,1
18694,10.522318527596466,5.653179643626866,1
18695,10.550770188637498,5.626222575605765,1
18696,10.63076357852801,5.642129008644084,1
18697,10.676383861974614,5.646886447706747,1
18698,10.64272823877978,5.650214484345442,1
18699,10.723547549138521,5.621281298369454,1
18700,10.727200466997079,5.638304602576,1
18701,10.775843086560043,5.666586693306925,1
18702,10.802063960452767,5.651434978928111,1
18703,10.824088108608926,5.663422608596173,1
18704,10.816030845283489,5.645661396604505,1
18705,10.903864320928315,5.663224231262516,1
18706,10.88116168307007,5.64708690232024,1
18707,10.878759260313373,5.657413065265009,1
18708,10.939391754107344,5.6342379671875,1
18709,10.9144194502181,5.665087772683283,1
18710,10.943090880224306,5.627165771740558,1
18711,10.979836247319803,5.639125950050813,1
18712,10.987084045716387,5.624640137389104,1
18713,11.058836494539916,5.659332174084907,1
18714,11.100694810114717,5.624226076689358,1
18715,11.141849817568433,5.649830869512573,1
18716,11.123156897553693,5.620628610265648,1
18717,11.214724309304232,5.632409779953371,1
18718,11.195926096058777,5.658170794765569,1
18719,11.208689257115264,5.662842466679391,1
18720,11.25060255984247,5.626866664911759,1
18721,11.259679993102074,5.6231578624468455,1
18722,11.26156874509581,5.648420669394873,1
18723,11.231062141792702,5.621417033084044,1
18724,11.301089533930385,5.623099990065907,1
18725,11.296012598937617,5.65661069705234,1
18726,11.300129560282064,5.653591254432509,1
18727,11.464572976695068,5.640287586315005,1
18728,11.528261870751578,5.630742245573958,1
18729,11.515109647918226,5.666475557753917,1
18730,11.547369500865793,5.648411490239622,1
18731,11.51481478034818,5.666454976422366,1
18732,11.51183913977077,5.621809104748193,1
18733,11.590929448952908,5.622158894542887,1
18734,11.560016180349956,5.663504773419562,1
18735,11.561341612591791,5.62880874679891,1
18736,11.582256527319737,5.619809203466692,1
18737,11.551317228618528,5.635607774988262,1
18738,11.57222517749041,5.627890987254496,1
18739,11.646933986128012,5.6546560632546035,1
18740,11.630512772320102,5.655153527311396,1
18741,11.64432030128851,5.622562989334033,1
18742,11.707942211546985,5.666786886711752,1
18743,11.696293613915724,5.616179412659342,1
18744,11.750113931128894,5.661882049719516,1
18745,11.730249474400871,5.62080527996835,1
18746,11.799713126140478,5.6569916773376585,1
18747,11.814736262628792,5.652385360911083,1
18748,11.829044425165263,5.6379431280459205,1
18749,11.911227376981236,5.620610831028136,1
18750,11.900440509882268,5.640994183516245,1
18751,11.93968802951028,5.631799255978884,1
18752,11.932482012597767,5.616892338734809,1
18753,11.971650106830332,5.636620030822946,1
18754,11.954348307007901,5.66062786585747,1
18755,11.986773409452415,5.662992790007293,1
18756,11.998176140390573,5.6318508866695485,1
18757,11.987481363747214,5.637146894114451,1
18758,8.008492654243337,5.672479058555309,1
18759,8.045313376775576,5.67775034018014,1
18760,8.056971137045613,5.671420878424045,1
18761,8.032192202980823,5.684393137708398,1
18762,8.116457346873986,5.683663380232889,1
18763,8.082226259397624,5.672648497787013,1
18764,8.118215237260845,5.688383801970571,1
18765,8.13158031495485,5.684515641383009,1
18766,8.136626186775986,5.719243325162278,1
18767,8.155282631258947,5.71211527031813,1
18768,8.180289558937623,5.698930505176929,1
18769,8.212375372685967,5.70283256703538,1
18770,8.232102702027195,5.678316293573583,1
18771,8.228982841647696,5.678807479944702,1
18772,8.246015381687506,5.712502524779547,1
18773,8.249164938287342,5.693041645114637,1
18774,8.25031974475717,5.676558146689917,1
18775,8.306438435795453,5.675458841496832,1
18776,8.323661146336306,5.701404386122064,1
18777,8.289974329754033,5.668592817953344,1
18778,8.363860071160145,5.701997969999138,1
18779,8.34613107739722,5.715988048300905,1
18780,8.38220569535888,5.685357230670343,1
18781,8.403179392327417,5.685991547378449,1
18782,8.429179776161282,5.696291838470527,1
18783,8.464079810464506,5.677875870128508,1
18784,8.47560199421123,5.715939626858088,1
18785,8.46253521318306,5.691969623906206,1
18786,8.518507795628992,5.707965609007663,1
18787,8.514507367465454,5.701720488805956,1
18788,8.530094048131163,5.721396446115,1
18789,8.60340704956052,5.711141292776002,1
18790,8.606799262626742,5.712933224215737,1
18791,8.585737318401325,5.671855684822396,1
18792,8.640640926012765,5.669745900321547,1
18793,8.637360077475515,5.679077952135171,1
18794,8.620899921376283,5.6983546532113065,1
18795,8.692615632166243,5.708455420809051,1
18796,8.673878748596096,5.704910944164253,1
18797,8.700028887792493,5.7208630853456635,1
18798,8.742400992333819,5.700356405502736,1
18799,8.754672513151538,5.706712252347076,1
18800,8.787318917020016,5.692977202243209,1
18801,8.834749404808598,5.675928936071979,1
18802,8.847896712757112,5.7214299019854815,1
18803,8.842530167997488,5.71682683115907,1
18804,8.889516463732932,5.6796738394406185,1
18805,8.927432043995896,5.695828076979444,1
18806,8.902430217644454,5.718219584827252,1
18807,8.87796545384379,5.671775141256375,1
18808,8.967417826590312,5.702029951010193,1
18809,8.945014792727047,5.6964265831119,1
18810,8.951664973365018,5.67530119085539,1
18811,8.948637810024595,5.71467734001939,1
18812,8.988812905251473,5.711193163616676,1
18813,8.995667389130691,5.689387685206072,1
18814,9.023885822813273,5.698924438818277,1
18815,9.00877973228678,5.678529204971104,1
18816,9.060160779476929,5.685329415978674,1
18817,9.053434019178502,5.72144547049352,1
18818,9.05099806269397,5.712365290358139,1
18819,9.1021935316916,5.713798283306343,1
18820,9.129709462097937,5.713453642602839,1
18821,9.203210949570469,5.675403867138458,1
18822,9.212092668653131,5.684843312243696,1
18823,9.268540984863515,5.705101799986065,1
18824,9.286739667923957,5.6846607045350686,1
18825,9.32522213206258,5.672292801309552,1
18826,9.330273885054902,5.704456103158941,1
18827,9.364973039790348,5.717829176243782,1
18828,9.391126824468598,5.709997802402038,1
18829,9.446955128927208,5.68760778561675,1
18830,9.429682485823003,5.672677551220212,1
18831,9.490589866150128,5.668788601220249,1
18832,9.489695502816051,5.672473742311267,1
18833,9.540668592679006,5.712394895389431,1
18834,9.520269925571773,5.715872755778957,1
18835,9.61366223662805,5.703596627843388,1
18836,9.609620339453834,5.706640417127899,1
18837,9.631529656960959,5.695040362237175,1
18838,9.63911619290098,5.677655976424546,1
18839,9.71117623930388,5.701751119152349,1
18840,9.699108841756761,5.673079037596813,1
18841,9.762410790109037,5.677556842541896,1
18842,9.781124161715256,5.683327223844871,1
18843,9.79153320972214,5.699485636820659,1
18844,9.819922739063358,5.688991307816369,1
18845,9.869997634705838,5.705067254822156,1
18846,9.849736397729995,5.712216912110428,1
18847,9.860222118458319,5.685313937779786,1
18848,9.940071929365587,5.671325261755833,1
18849,9.922066375388049,5.721200803346451,1
18850,9.93197350808508,5.6962019195953415,1
18851,9.993541987497606,5.673341760972177,1
18852,9.95430821840314,5.716033385741507,1
18853,9.98358142327786,5.6780503528692705,1
18854,9.973723772577465,5.712419088468636,1
18855,10.027712169647595,5.7199744382236215,1
18856,10.037027869707721,5.719509652209068,1
18857,10.141169090083944,5.681025238953991,1
18858,10.10936922908263,5.710337863128813,1
18859,10.182536781642593,5.695695947589175,1
18860,10.182232708695983,5.695270475057477,1
18861,10.19682899650353,5.710343374291264,1
18862,10.222098058577272,5.697902047666733,1
18863,10.218917959850584,5.668928307396978,1
18864,10.242647798243475,5.6761295140165,1
18865,10.30217860315132,5.680804087050831,1
18866,10.284836794677604,5.7064221736480585,1
18867,10.280481757296048,5.704472836186537,1
18868,10.347048099696092,5.669850579487216,1
18869,10.352926986803482,5.686575893805897,1
18870,10.398647046393572,5.698916394808945,1
18871,10.471968410538295,5.717927296502652,1
18872,10.512320163478295,5.704137420882136,1
18873,10.579430691889305,5.678778232109478,1
18874,10.622209587872307,5.716071492582509,1
18875,10.683810720977467,5.68925809343783,1
18876,10.694806344375205,5.6806143220677106,1
18877,10.702125545285591,5.702925610386871,1
18878,10.7022081273156,5.679705941306208,1
18879,10.772220972923401,5.711080313146109,1
18880,10.777257854018305,5.680078542099295,1
18881,10.848864987135025,5.678505855811987,1
18882,10.806308206922939,5.703383982357245,1
18883,10.86815782946718,5.69528347686784,1
18884,10.908985551261196,5.67084302796,1
18885,10.85779890607914,5.6978762813734365,1
18886,10.958655043283745,5.681416105780295,1
18887,10.944991553791299,5.708583307613287,1
18888,10.955248020026634,5.7107818792615905,1
18889,11.003883975047852,5.691097061418238,1
18890,10.96815418972894,5.689634317135099,1
18891,10.991121595355152,5.702818825043038,1
18892,11.026810842557545,5.695234620546432,1
18893,11.032097052788048,5.684280108084433,1
18894,11.029220745820457,5.668878632010678,1
18895,11.07582643385662,5.690316320451955,1
18896,11.085065702212189,5.672888523056888,1
18897,11.106202824977974,5.689382547007007,1
18898,11.143715547916322,5.67380599077544,1
18899,11.157720590909902,5.721734250746365,1
18900,11.214522275891115,5.710646432033414,1
18901,11.214364847458496,5.700449775399746,1
18902,11.211164532840689,5.685297897599217,1
18903,11.256056500900506,5.710080846534242,1
18904,11.236956034273131,5.679702783506143,1
18905,11.269073558998445,5.705852475146603,1
18906,11.329719411968766,5.715179278793921,1
18907,11.454971733926124,5.720345708384131,1
18908,11.479080792469437,5.683789351930496,1
18909,11.481593558185155,5.716207412275506,1
18910,11.45017592174557,5.703060531395722,1
18911,11.483423394809968,5.699305987810134,1
18912,11.517897034808355,5.698932631922291,1
18913,11.523907803817929,5.711732610494982,1
18914,11.52869061758788,5.671643367709812,1
18915,11.503487065465322,5.685946892641023,1
18916,11.502148114273275,5.6924080725267,1
18917,11.506702779709377,5.68463721155389,1
18918,11.595436322366004,5.711745842389936,1
18919,11.589705292599707,5.674444457738657,1
18920,11.565183344793336,5.715643191755252,1
18921,11.580596306248847,5.721540168039833,1
18922,11.592938480848877,5.720860877445142,1
18923,11.578120382542444,5.70742596224759,1
18924,11.656851429075694,5.679556042621386,1
18925,11.651039699152113,5.719975636222105,1
18926,11.652119609744176,5.7112301527928615,1
18927,11.628346914207324,5.681478318094567,1
18928,11.611755012445707,5.7048477318862165,1
18929,11.700232419986216,5.714609945816439,1
18930,11.700475223989912,5.67853617947495,1
18931,11.7074992811538,5.718311626502217,1
18932,11.754817035670653,5.697299943693502,1
18933,11.712697399506824,5.701951280095657,1
18934,11.732709561357868,5.709834197289672,1
18935,11.808346936081692,5.7085076154621355,1
18936,11.769494066817439,5.718405368847981,1
18937,11.77684019529056,5.697186763164653,1
18938,11.868851230956246,5.695520204474392,1
18939,11.847994940715873,5.6939504826740555,1
18940,11.826088186592774,5.72192388082663,1
18941,11.90166061879179,5.702887443255567,1
18942,11.891063117962423,5.698525972033936,1
18943,11.892051240287609,5.6813920874755865,1
18944,11.873308670365624,5.714814717484246,1
18945,11.947623635119692,5.7198865475903276,1
18946,11.96479243128988,5.692023362856417,1
18947,11.960347883144886,5.715892278546405,1
18948,11.99070120834739,5.692957937979959,1
18949,8.006649696926166,5.76225577196513,1
18950,8.043304382881491,5.770210802116299,1
18951,8.022670995032508,5.752306723177553,1
18952,8.028206795972924,5.7407242137445165,1
18953,8.115810625473985,5.763179670436197,1
18954,8.095373739787057,5.730853957146541,1
18955,8.07994175971884,5.743330980980789,1
18956,8.09332000148436,5.723861322996148,1
18957,8.14742359173841,5.7635684734396895,1
18958,8.129999317677882,5.768298764738041,1
18959,8.167519179114432,5.734887071387293,1
18960,8.159330533533538,5.738915061762574,1
18961,8.191891634173572,5.750870207655363,1
18962,8.215658189980351,5.725015407896387,1
18963,8.196543947852712,5.729587340933087,1
18964,8.191520665459882,5.755716380537928,1
18965,8.266265408093444,5.753053292941155,1
18966,8.26220890786733,5.756098664400197,1
18967,8.26920235474582,5.738296196578788,1
18968,8.268370976257561,5.733141557736835,1
18969,8.332840946468346,5.75393618153636,1
18970,8.296087509506545,5.768951455528779,1
18971,8.341474074752695,5.7386480728617135,1
18972,8.317853705831158,5.72937129064169,1
18973,8.380705939362514,5.736723009475736,1
18974,8.380312479262557,5.744236861340761,1
18975,8.392110571387859,5.736086588688191,1
18976,8.342841875898998,5.759700625728124,1
18977,8.439648969919112,5.746123328086285,1
18978,8.437682280444552,5.736139272619585,1
18979,8.417569894550235,5.754204017834735,1
18980,8.43186136972011,5.72814499093298,1
18981,8.410755935031272,5.743958729481157,1
18982,8.470257568839914,5.737182333507188,1
18983,8.465078954835345,5.745429478173299,1
18984,8.492072465503329,5.742680298696088,1
18985,8.494490436902169,5.7352858996079785,1
18986,8.544891203790689,5.756645392757964,1
18987,8.52248764328635,5.729274475476067,1
18988,8.551643904460452,5.727820389406814,1
18989,8.59258432758899,5.765221810530597,1
18990,8.601384441791543,5.75268998907015,1
18991,8.599127048413838,5.755337123702212,1
18992,8.578501877798816,5.7724905215745315,1
18993,8.620577986152849,5.749658032192278,1
18994,8.656993488534184,5.725636072351232,1
18995,8.660877341688076,5.7703962803027835,1
18996,8.705375224904351,5.750387649949179,1
18997,8.667967175322469,5.746948258140873,1
18998,8.671779952181344,5.728772806195316,1
18999,8.71872100809728,5.722973567180384,1
19000,8.859845094190698,5.726194960036659,1
19001,8.860556535224806,5.726817098033761,1
19002,8.887165963652683,5.765313604079157,1
19003,8.89573702115348,5.770855749778137,1
19004,8.969430139181021,5.733145463330425,1
19005,8.983371556750877,5.77090041985757,1
19006,9.000379978501272,5.732265749615993,1
19007,9.087233073025693,5.745764809448024,1
19008,9.140432989575942,5.762320151026576,1
19009,9.165075878861385,5.73939090309212,1
19010,9.190108821364635,5.734108545368216,1
19011,9.218523386504284,5.729267762709322,1
19012,9.21798435281751,5.72751781734024,1
19013,9.265664769511286,5.744749002258038,1
19014,9.260931842123485,5.752086120281832,1
19015,9.278112265267925,5.766837514853566,1
19016,9.332949180145985,5.768653681900469,1
19017,9.357106706821188,5.728671994146904,1
19018,9.343786192800183,5.772850818416926,1
19019,9.361410061492188,5.734400418320923,1
19020,9.394545037267154,5.753740026470434,1
19021,9.389153172460064,5.75108846322182,1
19022,9.458191903056868,5.737536432332824,1
19023,9.438844653781912,5.746805230504408,1
19024,9.414125680489448,5.76721169016493,1
19025,9.495232341943058,5.768585073108366,1
19026,9.496882402524557,5.773004082938776,1
19027,9.558840455239944,5.7426909715490355,1
19028,9.535671864621142,5.7478118991734055,1
19029,9.573559057159516,5.7519204704745945,1
19030,9.649129882976005,5.737887707077665,1
19031,9.65821338758661,5.757634395963729,1
19032,9.72553323318885,5.741136466775158,1
19033,9.692943043383572,5.74811811199927,1
19034,9.733873247566953,5.7708205565162976,1
19035,9.7487531558601,5.7525975815423775,1
19036,9.804537355874917,5.756305249807132,1
19037,9.79727315470899,5.7696262348492455,1
19038,9.882489104168272,5.770398861849727,1
19039,9.882379006389435,5.764205998149694,1
19040,9.845078328920517,5.772745025287687,1
19041,9.911759648970806,5.724070873109194,1
19042,9.942780538892762,5.728895147856586,1
19043,9.92723762450826,5.7421561853850545,1
19044,9.981003422251515,5.7411369367343745,1
19045,9.97424939504408,5.7507746831361795,1
19046,9.9946546661547,5.754874589367143,1
19047,10.0080329627666,5.77055515168748,1
19048,10.04773266708865,5.77210402204844,1
19049,10.107032356047885,5.761547960691393,1
19050,10.12538269764896,5.728202267820211,1
19051,10.182713835564464,5.736189712032456,1
19052,10.188748253436884,5.738834376260276,1
19053,10.167714013541572,5.763544592078463,1
19054,10.210680931017462,5.774798265815682,1
19055,10.248222279935693,5.732200602270662,1
19056,10.250668332065134,5.755920937775585,1
19057,10.250016661227772,5.7359861746715035,1
19058,10.224635817078985,5.7242879907941875,1
19059,10.26821936926628,5.72968036180445,1
19060,10.316033924222442,5.753677098696262,1
19061,10.272412731685368,5.76149610937165,1
19062,10.334786278142087,5.741952611905633,1
19063,10.331458996902327,5.769410912604693,1
19064,10.415778599228041,5.73281123507,1
19065,10.462158487320885,5.750077102013776,1
19066,10.472564564984383,5.771677858413881,1
19067,10.490999506023607,5.732435092869211,1
19068,10.509462558747341,5.745154506656817,1
19069,10.536104313861353,5.735172371212336,1
19070,10.61587182149315,5.738253547247251,1
19071,10.694097059786117,5.722204416788538,1
19072,10.718707531214173,5.740168345669185,1
19073,10.708975834622064,5.771394093371988,1
19074,10.800724892713708,5.759179514715622,1
19075,10.812587600862173,5.727551875222772,1
19076,10.81100940088748,5.729423753827557,1
19077,10.904452304757127,5.774758906109016,1
19078,10.884405952434207,5.740011200539088,1
19079,10.859111610297163,5.7279668568717765,1
19080,10.95575771166169,5.753552372493792,1
19081,10.940336793145804,5.748413621079418,1
19082,10.996961487097332,5.744915511463549,1
19083,10.99519320158805,5.757619630317694,1
19084,10.963687268900983,5.775397109447679,1
19085,11.014061881577199,5.75006175298314,1
19086,11.050912001736194,5.76324587414464,1
19087,11.05828514019391,5.769830455648569,1
19088,11.05549223338786,5.774795386248206,1
19089,11.043139464761053,5.753486283992096,1
19090,11.054177848009106,5.734650290958319,1
19091,11.116847054902316,5.729434295611168,1
19092,11.084548589586452,5.746226633963582,1
19093,11.084200625300236,5.73054368992099,1
19094,11.13971647659648,5.763780334447951,1
19095,11.432790631955992,5.763182666640295,1
19096,11.433726906356474,5.754934303194982,1
19097,11.433209452972259,5.769561660864432,1
19098,11.488059163765723,5.725863180370832,1
19099,11.461001153341,5.738370287996278,1
19100,11.46442606871601,5.740726025115633,1
19101,11.460680311868671,5.731124827813888,1
19102,11.444565042971599,5.764008019916929,1
19103,11.487776013820442,5.738196267214265,1
19104,11.548064879624366,5.732863462974259,1
19105,11.507311744805214,5.73648492150489,1
19106,11.53614137931824,5.756337865510928,1
19107,11.53499160116037,5.730475264424319,1
19108,11.525917066306969,5.7648165451967985,1
19109,11.543603476781604,5.73733130888418,1
19110,11.566560339522828,5.754330941959426,1
19111,11.558008149892101,5.749760354518631,1
19112,11.560433591419088,5.749968220907595,1
19113,11.602538633082258,5.722650293565294,1
19114,11.568965070392444,5.733720888799483,1
19115,11.631822656018215,5.727752009627669,1
19116,11.625772685315964,5.769511899320569,1
19117,11.648613896962889,5.773651674774676,1
19118,11.641497206228868,5.7671277850612155,1
19119,11.629287494199806,5.750311831104673,1
19120,11.67829398280921,5.730452146714034,1
19121,11.684972372800779,5.731895948945804,1
19122,11.669754745465186,5.738836288021177,1
19123,11.670874757516215,5.755113979019867,1
19124,11.709968180329009,5.766851966504533,1
19125,11.728824651202332,5.7429332722523325,1
19126,11.758013424525332,5.767456155656438,1
19127,11.732338427360244,5.761944076278888,1
19128,11.758752306142199,5.724907158215763,1
19129,11.73880442701854,5.774269795353781,1
19130,11.815930522996366,5.742474493183351,1
19131,11.77725183561804,5.735403007125544,1
19132,11.777098976591123,5.742976044512448,1
19133,11.795076773018295,5.72911427411485,1
19134,11.79346426457378,5.748237617768376,1
19135,11.765709420513593,5.7482454186201055,1
19136,11.860778100230144,5.727817382306996,1
19137,11.838230567553314,5.7475721281287315,1
19138,11.8605581651076,5.7334482895307595,1
19139,11.868623010006292,5.768411664462485,1
19140,11.851105646585081,5.744480768292236,1
19141,11.87901599496992,5.742348445298142,1
19142,11.884438799010379,5.763651912694555,1
19143,11.893806697908436,5.77035480997191,1
19144,11.897323833343517,5.773840963055946,1
19145,11.971283645821044,5.72774064642178,1
19146,11.977261256231902,5.747279043774952,1
19147,8.012440721883266,5.817614053951084,1
19148,8.052110204508843,5.826251481557592,1
19149,8.06629002428904,5.783418033512203,1
19150,8.033289067761729,5.808211903109444,1
19151,8.122124516286839,5.7829509452980465,1
19152,8.097465249381253,5.796275536810088,1
19153,8.093633098708331,5.794319877384835,1
19154,8.179407867882764,5.780199851350706,1
19155,8.173355055116415,5.818470582747034,1
19156,8.155791323735304,5.789336105371672,1
19157,8.196893209553169,5.828396394170214,1
19158,8.217782119086245,5.796256027747619,1
19159,8.184519290245683,5.797894163111846,1
19160,8.238965127005393,5.8223310284988505,1
19161,8.24664645447387,5.784924456192507,1
19162,8.239360932628058,5.7928105102908365,1
19163,8.31636983163302,5.788258134005959,1
19164,8.306085233665913,5.78637469597122,1
19165,8.313914639394843,5.791339538243304,1
19166,8.341362419378392,5.8044304042735,1
19167,8.361669282352565,5.785913030401499,1
19168,8.375078490383604,5.803888375898045,1
19169,8.378203373441679,5.782750701418951,1
19170,8.344220234914305,5.786737890046712,1
19171,8.439587744660301,5.787385081413384,1
19172,8.416664082040985,5.793781863222038,1
19173,8.400869807882492,5.7770482027914865,1
19174,8.3994166531182,5.827026149153996,1
19175,8.413506317265298,5.8130204321565815,1
19176,8.473296300653937,5.828094066087752,1
19177,8.50111560298545,5.819039025678634,1
19178,8.483476914503198,5.793311673368567,1
19179,8.48754080110275,5.822716177481029,1
19180,8.530745407227803,5.785248711419,1
19181,8.552179962022738,5.82326539201359,1
19182,8.545337782482763,5.824446840853053,1
19183,8.599204686740318,5.816705138964646,1
19184,8.567866220802927,5.822502892904413,1
19185,8.637157531508587,5.813092791056507,1
19186,8.618095931295855,5.792812911763925,1
19187,8.613441694628234,5.786936326392108,1
19188,8.71441787169896,5.8039390002091045,1
19189,8.703483136890668,5.800187197643936,1
19190,8.71978346685058,5.78847111675071,1
19191,8.809679116320366,5.815258210489987,1
19192,8.834008935550033,5.820989453329352,1
19193,8.896553615196499,5.80700969897015,1
19194,8.969079486561427,5.79108685285017,1
19195,9.02695186397214,5.781697769939054,1
19196,9.059629562619946,5.783119057002725,1
19197,9.06841885908934,5.78230040403735,1
19198,9.09024713940688,5.819506408120671,1
19199,9.114016525143157,5.819022839841842,1
19200,9.091321987549419,5.806695430762798,1
19201,9.112323464030863,5.805016562479958,1
19202,9.14325396505799,5.789585370527997,1
19203,9.135871424859369,5.778169607298848,1
19204,9.16563034027088,5.777902895429767,1
19205,9.154260792971257,5.814846027697642,1
19206,9.194819847675504,5.821858438867388,1
19207,9.174960119135264,5.806743017909278,1
19208,9.172030402157208,5.818883998188277,1
19209,9.212329948616958,5.789242429721673,1
19210,9.216302845409071,5.818767987175044,1
19211,9.223603114981808,5.80451387259673,1
19212,9.19941694125728,5.782824266378165,1
19213,9.264522476592232,5.820346110734147,1
19214,9.284063157871971,5.782165717021187,1
19215,9.295218305613275,5.786538729095966,1
19216,9.318985559788038,5.792887954978749,1
19217,9.349313864908424,5.793945597004054,1
19218,9.33379201487819,5.791165770185381,1
19219,9.387012850833715,5.805608565001034,1
19220,9.366768024461283,5.822965749940504,1
19221,9.453211668837907,5.78803120597207,1
19222,9.461963638331003,5.814139560503526,1
19223,9.492189015548325,5.790419001463231,1
19224,9.51175000605719,5.813750623182369,1
19225,9.537551869119827,5.791507306239305,1
19226,9.590611537320482,5.804066435322394,1
19227,9.604263531156148,5.810296614192143,1
19228,9.67301764331476,5.813644351766067,1
19229,9.655676487196368,5.785495285978095,1
19230,9.728282138613597,5.82148417968742,1
19231,9.693572555713233,5.796955544095676,1
19232,9.73920537393276,5.804933790692427,1
19233,9.740750502597765,5.807700558463659,1
19234,9.832813957369662,5.823036298614519,1
19235,9.786455096546794,5.784649594631832,1
19236,9.871084091838545,5.781614735274289,1
19237,9.88888650011218,5.796099548594328,1
19238,9.90797276787233,5.807229459112967,1
19239,9.943575584313356,5.785063636290222,1
19240,9.900113104883431,5.79266172973357,1
19241,9.956169398714085,5.787195563241213,1
19242,9.957064060817766,5.789863912778839,1
19243,9.9573666973731,5.811195866732084,1
19244,10.034924490171795,5.7803068260043355,1
19245,10.033001639820649,5.809149845192417,1
19246,10.115938733216494,5.794312327203556,1
19247,10.157055984580497,5.817574586234165,1
19248,10.20544675472123,5.785762278867759,1
19249,10.210601096830414,5.825788408743477,1
19250,10.179938298898412,5.824269508372487,1
19251,10.200951251302383,5.79237035671935,1
19252,10.232287794923229,5.791187994795613,1
19253,10.242433174804868,5.801734360820983,1
19254,10.227170761963066,5.782278136667833,1
19255,10.260439611466435,5.827048024750896,1
19256,10.271517438798904,5.807338912035956,1
19257,10.277117531717431,5.788123252126221,1
19258,10.304578602265039,5.7826442196876435,1
19259,10.356534389811168,5.820467076094248,1
19260,10.427803414856765,5.794487906507243,1
19261,10.460014471236278,5.825609361734083,1
19262,10.468998250351664,5.798243213215065,1
19263,10.499203617823282,5.777598711487099,1
19264,10.495918101434427,5.80058478182824,1
19265,10.558215632618996,5.78705791071796,1
19266,10.61663622782281,5.777578850617877,1
19267,10.592036816030182,5.778953429801375,1
19268,10.689535761561183,5.804972399994015,1
19269,10.674674668996513,5.814793362385537,1
19270,10.727863137268569,5.7792776382579945,1
19271,10.70836943558504,5.816511884163869,1
19272,10.772323340728416,5.801454590768702,1
19273,10.787981887559658,5.79188715561523,1
19274,10.80988190262442,5.823612782802141,1
19275,10.830417675918689,5.79426250142341,1
19276,10.864358619207112,5.799454759790733,1
19277,10.857574100348868,5.796928759653401,1
19278,10.907538644002376,5.777274255721911,1
19279,10.95968790399812,5.775682657007169,1
19280,10.937649467225349,5.803715623418847,1
19281,10.993714345365523,5.813277832353667,1
19282,10.981754606094889,5.790356609765151,1
19283,10.98414162740958,5.780858524783882,1
19284,10.971090736418748,5.7901469750131875,1
19285,11.023700857096186,5.801185776598222,1
19286,11.043000809086733,5.801436876748736,1
19287,11.049233018976212,5.816176496313963,1
19288,11.032624879737567,5.803349448668031,1
19289,11.053349404084916,5.80987598708598,1
19290,11.083729831761449,5.797829706944357,1
19291,11.361093519677079,5.819737108148721,1
19292,11.404017721802566,5.787749885825944,1
19293,11.425869239616915,5.7974174696633645,1
19294,11.415711227407296,5.78691031848959,1
19295,11.428399315761647,5.795251099271196,1
19296,11.47885301998649,5.784080973120993,1
19297,11.473978491084509,5.828319870965504,1
19298,11.488456254274311,5.778040100253271,1
19299,11.472405933208924,5.776702499865153,1
19300,11.471470126234285,5.77845350176977,1
19301,11.519416915209106,5.794894470375547,1
19302,11.52545389137445,5.820540732578927,1
19303,11.508975632036899,5.7886242930110505,1
19304,11.498924252088566,5.800425012576451,1
19305,11.513844705887546,5.806066413568457,1
19306,11.56406686955216,5.7970943066494955,1
19307,11.574478539536598,5.806310445026518,1
19308,11.572007290452266,5.821314541104122,1
19309,11.582314735654204,5.8087526529290825,1
19310,11.5982319604934,5.811220654203867,1
19311,11.618961360947772,5.8186664108220105,1
19312,11.627534952329203,5.798726451631941,1
19313,11.650472153821957,5.782131338410081,1
19314,11.64864775459078,5.810102810639842,1
19315,11.655087492431932,5.78502015552757,1
19316,11.680092211814666,5.81263649036824,1
19317,11.694086014903007,5.797181568921711,1
19318,11.692721315533545,5.822908027889498,1
19319,11.697142228572242,5.785867943772862,1
19320,11.679524610564428,5.808468645600231,1
19321,11.712193307547615,5.828110498989474,1
19322,11.761712973990223,5.786447997530484,1
19323,11.718760421638786,5.790388955727713,1
19324,11.73743098557077,5.827395116384442,1
19325,11.746667702673086,5.821653938529566,1
19326,11.759595497312228,5.802826190803097,1
19327,11.799335351231031,5.7987351880583144,1
19328,11.810668327433868,5.799895821859301,1
19329,11.801459077135608,5.821346923997699,1
19330,11.79534958008077,5.781246970970323,1
19331,11.80031325391715,5.805049674254706,1
19332,11.772262581160426,5.783315627873504,1
19333,11.854353703011025,5.8199981322400385,1
19334,11.853501586745224,5.79976612007776,1
19335,11.865675044696925,5.824419426617726,1
19336,11.86011340878072,5.812528982892668,1
19337,11.886284534743025,5.816368788202685,1
19338,11.922526200443663,5.789063728427731,1
19339,11.910622228552857,5.789571666395139,1
19340,11.955412935526462,5.825907764921059,1
19341,11.95050580294702,5.804171108622123,1
19342,8.012534494277983,5.873784893748421,1
19343,8.071715196329357,5.86751912244606,1
19344,8.031286134623505,5.85784171991211,1
19345,8.025608352814263,5.8437286083368125,1
19346,8.085078243975657,5.843921442935248,1
19347,8.10374272960399,5.878267230951325,1
19348,8.111229635192355,5.832319200303551,1
19349,8.136913874736798,5.86308674194747,1
19350,8.144846416390155,5.866251199730785,1
19351,8.213394576799887,5.8728150022977115,1
19352,8.267451017168137,5.852281259435639,1
19353,8.259724408187347,5.86153193879823,1
19354,8.33106715259694,5.881715717721663,1
19355,8.312686128863204,5.851469520357553,1
19356,8.296067261773347,5.829880225672617,1
19357,8.356602149635792,5.857303275660075,1
19358,8.358548866632942,5.86408714505618,1
19359,8.360972255462537,5.880345060645314,1
19360,8.443453170824599,5.877554905491257,1
19361,8.420608849931199,5.881250492801474,1
19362,8.44736500780728,5.858352285572988,1
19363,8.497885116398349,5.854648519554444,1
19364,8.452199144960794,5.867504078807001,1
19365,8.482922430725374,5.830539727133938,1
19366,8.516211804212537,5.864941542601688,1
19367,8.50917232331933,5.865813411541624,1
19368,8.503739915439484,5.87931688751316,1
19369,8.569701258108696,5.848020704795364,1
19370,8.569873045757824,5.8712828335398335,1
19371,8.583952084942412,5.830180989998965,1
19372,8.621466453585137,5.840518414551014,1
19373,8.651773866079877,5.844486609976187,1
19374,8.634857277912895,5.8493430011311895,1
19375,8.696247163248449,5.875767245788165,1
19376,8.697242949240437,5.880330509473734,1
19377,8.703398493514214,5.851124031722829,1
19378,8.739240874249928,5.858558447533136,1
19379,8.736790102283027,5.849654416603953,1
19380,8.847267872412717,5.864282097833801,1
19381,9.004748732637848,5.845239284035059,1
19382,8.999464968047976,5.86776451673669,1
19383,9.010752928263646,5.853460973990875,1
19384,9.047622944512893,5.834749865863026,1
19385,9.078438280217643,5.8551197100552415,1
19386,9.084181106975791,5.839610685252326,1
19387,9.051787455302659,5.8371507038864525,1
19388,9.128348649575393,5.842486586457983,1
19389,9.108598671908759,5.868311130871585,1
19390,9.09450003534426,5.846986084688759,1
19391,9.122833198742883,5.872451901799436,1
19392,9.092210380866115,5.844122746575601,1
19393,9.184684185680071,5.83673218840101,1
19394,9.144547233458159,5.882042658854767,1
19395,9.15475761406869,5.8560784324483945,1
19396,9.186758692586267,5.849936928418466,1
19397,9.152869208957252,5.83860619015035,1
19398,9.213249971279494,5.845353505869318,1
19399,9.250901346263843,5.865071311468322,1
19400,9.243247602490232,5.881367000528095,1
19401,9.21879718313031,5.873140663992412,1
19402,9.289445186266166,5.881016648285495,1
19403,9.267061510018882,5.84454892576866,1
19404,9.275873479769663,5.857710289501675,1
19405,9.325010345684769,5.857682954496922,1
19406,9.345458270056627,5.83379144860539,1
19407,9.376417409708253,5.868116652890687,1
19408,9.389741240154354,5.863310054482959,1
19409,9.43229026120397,5.853894996737342,1
19410,9.46839823038109,5.846111137889508,1
19411,9.505193492900073,5.876534215663392,1
19412,9.56823189084154,5.869079857239639,1
19413,9.567244053299271,5.8687432285778165,1
19414,9.565549973877546,5.8731754757798695,1
19415,9.60712896792103,5.8300925362689275,1
19416,9.614240166283349,5.867701734141571,1
19417,9.659802736297337,5.875824706610718,1
19418,9.720683217131032,5.855288700087866,1
19419,9.714851270728786,5.838729811201431,1
19420,9.772298328790177,5.8322164400647525,1
19421,9.771792507191778,5.8523783833903655,1
19422,9.770107893448886,5.862786867281348,1
19423,9.820907434883125,5.835307860202662,1
19424,9.801861967303118,5.850532951644704,1
19425,9.86974647597242,5.869915399785359,1
19426,9.891468657660356,5.87901496115003,1
19427,9.85933363272259,5.839750226065733,1
19428,9.906826017570118,5.877146972403243,1
19429,9.909437918564535,5.8562762727310345,1
19430,9.910859959870255,5.88227525771903,1
19431,9.971994613994175,5.829937137335305,1
19432,9.967096651131312,5.863979176116128,1
19433,9.953770110203058,5.852584695565429,1
19434,10.045463231720076,5.853329056008867,1
19435,10.050485020643421,5.879443362122631,1
19436,10.157597995721497,5.865492842210764,1
19437,10.122251149233595,5.855667040905052,1
19438,10.138484107418652,5.867300301708952,1
19439,10.209733073677102,5.847706875749589,1
19440,10.164739460557467,5.876061029368046,1
19441,10.188983220004433,5.845564740183094,1
19442,10.175890962351115,5.870614047574538,1
19443,10.259017469997556,5.8522406741570485,1
19444,10.26363203487513,5.869891481031941,1
19445,10.264406029832251,5.853051363631565,1
19446,10.282911352443259,5.861420857220871,1
19447,10.296018505793048,5.880608509881718,1
19448,10.335318848853575,5.840222268614839,1
19449,10.405427407563048,5.873277857207601,1
19450,10.447024853032808,5.866218206483568,1
19451,10.45174417092608,5.870792959506371,1
19452,10.512078319126681,5.861837789722134,1
19453,10.566530023397759,5.864679310044146,1
19454,10.540254488467598,5.863965417278686,1
19455,10.598805316643618,5.849462287257581,1
19456,10.598247427357412,5.877403468668086,1
19457,10.674087027065138,5.8459930801848525,1
19458,10.653719276594433,5.8389849895953745,1
19459,10.74691188000423,5.8823149484686095,1
19460,10.715556365371656,5.831596648532903,1
19461,10.749473669119036,5.867276738025117,1
19462,10.786736663432052,5.872663156228069,1
19463,10.850829447000866,5.829370513473859,1
19464,10.804299958322488,5.845819662598548,1
19465,10.861554638487174,5.842798526759713,1
19466,10.908047013781623,5.84607699961346,1
19467,10.901310004936576,5.838051435931749,1
19468,10.961291091557767,5.863328856116175,1
19469,10.913296195528114,5.847500038916233,1
19470,10.967271365009262,5.844022814546527,1
19471,10.969514995646957,5.833656724816379,1
19472,11.062019273437874,5.835672145968632,1
19473,11.176580779336048,5.838615094564404,1
19474,11.274001094746591,5.831034512137739,1
19475,11.298795044057307,5.880743127095538,1
19476,11.343956126446136,5.879099444026562,1
19477,11.413253610543329,5.852433629425753,1
19478,11.430857212387327,5.867025518901908,1
19479,11.43222077139121,5.833223007499666,1
19480,11.48227426688255,5.8465137238581155,1
19481,11.484201681554584,5.829675374257548,1
19482,11.463308886660808,5.8471622043173825,1
19483,11.523057293912892,5.838261369197138,1
19484,11.509847625377022,5.83291784571806,1
19485,11.512551968996085,5.840451929002666,1
19486,11.54235809248895,5.855412160371735,1
19487,11.581693079367984,5.856565756482505,1
19488,11.554602253950089,5.8515632164519955,1
19489,11.576149589710042,5.864352548240264,1
19490,11.558733943925686,5.864481625805744,1
19491,11.648008120675025,5.834843326728416,1
19492,11.6336801271491,5.83150462027879,1
19493,11.65466984186867,5.87228654785203,1
19494,11.616253616007624,5.835954716422926,1
19495,11.628780700682265,5.851631429994558,1
19496,11.68910146898747,5.8664137827265,1
19497,11.697456255240562,5.8301673033110255,1
19498,11.686100689077097,5.856667098546961,1
19499,11.65807912300762,5.847562275512571,1
19500,11.684480930860461,5.8488505516643166,1
19501,11.663144728874055,5.856026489302299,1
19502,11.711748903737275,5.871365146137036,1
19503,11.744248167490996,5.874143638376112,1
19504,11.738560381968842,5.844754272961219,1
19505,11.712025283110316,5.840524432572858,1
19506,11.742095569661224,5.878456501282735,1
19507,11.782920724509255,5.839287317752625,1
19508,11.77318057551002,5.845197767034216,1
19509,11.783276379556995,5.853963521694609,1
19510,11.839671927920518,5.861890935955463,1
19511,11.84080359238554,5.870112434408601,1
19512,11.915253712766448,5.853743135283055,1
19513,11.891287084475334,5.830595384262524,1
19514,11.892734502096587,5.858500391933621,1
19515,11.947798385586335,5.854794668229941,1
19516,11.969432409569135,5.877358964416983,1
19517,11.964310915476915,5.871435138220682,1
19518,11.9865311159699,5.8504813830255324,1
19519,11.98393956406054,5.879535866122317,1
19520,8.004391334613087,5.9248394133589075,1
19521,8.018312493118572,5.917629266784652,1
19522,8.039971526860432,5.925456503966695,1
19523,8.041668924210793,5.91070098226455,1
19524,8.045107500789369,5.9246333244596086,1
19525,8.085534597955158,5.9008576855650725,1
19526,8.102573911338103,5.890792904508251,1
19527,8.092346377112767,5.932396646936159,1
19528,8.149273276648858,5.916978077634732,1
19529,8.133727168284038,5.901141448381078,1
19530,8.210273594430275,5.922764136397388,1
19531,8.187991286054439,5.897482097609821,1
19532,8.237550385474192,5.890652474494332,1
19533,8.256238209476352,5.916636193943276,1
19534,8.251470622145101,5.9029045408162055,1
19535,8.312479249018047,5.9071536582808495,1
19536,8.291951305940461,5.91027599526658,1
19537,8.297989697329044,5.885935739469646,1
19538,8.38796000299387,5.935416966475678,1
19539,8.393777007354633,5.916619099333919,1
19540,8.406773969508187,5.925034389524325,1
19541,8.445677074574835,5.908083487778638,1
19542,8.486193579571685,5.903253991670358,1
19543,8.4838553757588,5.906782503863109,1
19544,8.477407542010969,5.895165549936563,1
19545,8.450475071897662,5.920136966243041,1
19546,8.523496779203036,5.908828997671459,1
19547,8.514066090807797,5.929502512707891,1
19548,8.51543024993732,5.905324869313533,1
19549,8.516608679169629,5.896357905604984,1
19550,8.573267823903297,5.909224856656062,1
19551,8.594008666245598,5.89220316600899,1
19552,8.60515841115235,5.902895906195086,1
19553,8.576128515755713,5.90505542505477,1
19554,8.582087595989853,5.885192588920574,1
19555,8.657644759308024,5.928307708356238,1
19556,8.61438888903292,5.909398183464812,1
19557,8.61834793334538,5.899455321799423,1
19558,8.64719370023684,5.911206778081744,1
19559,8.654176353802919,5.919275790455994,1
19560,8.681710045508686,5.935691643612497,1
19561,8.714213515183031,5.919091484717821,1
19562,8.681358105416605,5.907201284285576,1
19563,8.68070593763236,5.926131719459261,1
19564,8.71746384881512,5.906893536717635,1
19565,8.743528771550537,5.925085043786428,1
19566,8.752712055264974,5.913551438444933,1
19567,8.807495134327938,5.886956559831955,1
19568,8.801095856355692,5.8930072912832925,1
19569,8.785949838001514,5.913927769647958,1
19570,8.831920109122464,5.885599269509953,1
19571,8.836683316667248,5.905950175461979,1
19572,8.847994643900366,5.933861799004257,1
19573,8.914898404238755,5.920435814597297,1
19574,8.943524919868592,5.900814647459902,1
19575,9.027496599595317,5.905298349666444,1
19576,9.027582374947368,5.895617908821673,1
19577,9.023932072674926,5.901077540783655,1
19578,9.053994744246634,5.890947409483685,1
19579,9.050499900568468,5.905585670510363,1
19580,9.055445684492694,5.917745558051155,1
19581,9.089286069476529,5.890447501073855,1
19582,9.1131447215099,5.886253622412137,1
19583,9.09995325233063,5.894255472832683,1
19584,9.118614160824245,5.917684058027177,1
19585,9.121035955502144,5.896657464074197,1
19586,9.190257148210145,5.886168127081808,1
19587,9.196964092365192,5.898598887483822,1
19588,9.169074434774236,5.893308395231396,1
19589,9.188178536846467,5.889376568868664,1
19590,9.239007150787337,5.921514252190956,1
19591,9.213936706502883,5.905463240503506,1
19592,9.23733149814499,5.924345422013974,1
19593,9.232051662541103,5.930370132256054,1
19594,9.27164355878698,5.923356461932506,1
19595,9.270865405370198,5.897551403924658,1
19596,9.318734980742299,5.931959455079137,1
19597,9.35309954067861,5.924582964855043,1
19598,9.377809783963203,5.9123893899275215,1
19599,9.362754029890553,5.899368594795149,1
19600,9.436657546276864,5.900617781901917,1
19601,9.498157053718916,5.926414489401833,1
19602,9.485564518813991,5.92239502490788,1
19603,9.502592179855233,5.929499892885785,1
19604,9.563336732847494,5.925136534626338,1
19605,9.522240676238155,5.893453332720228,1
19606,9.560672092838931,5.925653879410462,1
19607,9.534979298387322,5.909625850022184,1
19608,9.606355261786364,5.922050395130702,1
19609,9.607650862356444,5.895579874100231,1
19610,9.654442660172405,5.920773282779249,1
19611,9.70223281872869,5.886617784699797,1
19612,9.70189273158512,5.918303625972526,1
19613,9.692856939632753,5.913570445526129,1
19614,9.743213153175352,5.916911895921855,1
19615,9.736112307390911,5.926935463220768,1
19616,9.733593243035095,5.905949818185067,1
19617,9.754339151585478,5.918260026234614,1
19618,9.829835939107817,5.90066697308469,1
19619,9.83600407339685,5.92895367387816,1
19620,9.794566750361703,5.916534278561674,1
19621,9.854025051221575,5.9163559020387595,1
19622,9.866439510351656,5.931391561807217,1
19623,9.891332760275692,5.901743680319499,1
19624,9.935504025234508,5.902652206878417,1
19625,9.928507494629578,5.915690845092933,1
19626,9.998757780081865,5.919623341940971,1
19627,9.953197454577019,5.912064019072618,1
19628,9.999930248417753,5.886100060855264,1
19629,10.02375675148041,5.886967911506867,1
19630,10.012809928231095,5.92746385286554,1
19631,10.12735649559371,5.89664286945228,1
19632,10.13750117752914,5.92048173099579,1
19633,10.18776018387914,5.926233546580052,1
19634,10.211596021913314,5.886526130096884,1
19635,10.16868624268011,5.895214552152324,1
19636,10.16825626138767,5.932238894130544,1
19637,10.261612191387515,5.9189460064045845,1
19638,10.22368162867106,5.918576155415817,1
19639,10.254570594933831,5.894292829796271,1
19640,10.30183849312761,5.883322934826101,1
19641,10.30865828237907,5.908690012659366,1
19642,10.348726897970145,5.923800136742781,1
19643,10.4007223165075,5.887852963971003,1
19644,10.416198430198614,5.884422971969778,1
19645,10.446320393600786,5.901288352394667,1
19646,10.465182974643305,5.906736864010691,1
19647,10.502454907583989,5.887952673524304,1
19648,10.526513062200635,5.908459198386755,1
19649,10.573057931164257,5.896657772071617,1
19650,10.586782162247301,5.895691911604397,1
19651,10.598084014492565,5.902249803833688,1
19652,10.628846848865699,5.9033700806557885,1
19653,10.659340508223679,5.9058365306413005,1
19654,10.6834872938513,5.908286633271887,1
19655,10.69920499306477,5.907162790483628,1
19656,10.744923933138137,5.906326890152235,1
19657,10.76624557158583,5.915172300545033,1
19658,10.779046986085397,5.888359837145905,1
19659,10.853197348579833,5.90463912981543,1
19660,10.81598936300459,5.889936066718598,1
19661,10.908895593957048,5.9058295162929415,1
19662,10.858906119701656,5.923976009539296,1
19663,11.10777644500149,5.924481492015923,1
19664,11.139492943470113,5.931198494711019,1
19665,11.14688143515506,5.895978506973799,1
19666,11.158537782899064,5.889515207188273,1
19667,11.207520752346898,5.885157173537457,1
19668,11.225129171437278,5.935622019813275,1
19669,11.22339910051619,5.900620002573414,1
19670,11.204402853603128,5.912798975906286,1
19671,11.243524947196256,5.892743511039021,1
19672,11.246530279423517,5.926002271449371,1
19673,11.24856084485046,5.9291279331466935,1
19674,11.27695609285163,5.913895131554726,1
19675,11.289175558103134,5.926472614249107,1
19676,11.291659019430412,5.8941161883198,1
19677,11.333621042476235,5.92716258086554,1
19678,11.375119872751894,5.914577618232336,1
19679,11.355158232241541,5.884857339333397,1
19680,11.390273215284274,5.889649551133665,1
19681,11.396319249767142,5.9311491562946825,1
19682,11.442567299983237,5.889666245105471,1
19683,11.433274919204358,5.913199396299493,1
19684,11.448066672951393,5.918509517963189,1
19685,11.479848159313486,5.911703582664438,1
19686,11.467133262867604,5.927382973441576,1
19687,11.52915184642834,5.91805125327365,1
19688,11.5142872390951,5.90439675674772,1
19689,11.508213032289978,5.90387800195171,1
19690,11.49838291107027,5.892638306577444,1
19691,11.573664158290105,5.919410510741989,1
19692,11.601399394652566,5.886758424490811,1
19693,11.574290713490479,5.932176381687369,1
19694,11.551967334373561,5.911612636939565,1
19695,11.613071584139552,5.903750673468758,1
19696,11.638856552997344,5.9252467557522035,1
19697,11.607402672450709,5.907298441614676,1
19698,11.646301973976074,5.889485353577799,1
19699,11.621215145839034,5.9014836169789815,1
19700,11.665952961888692,5.913980232922137,1
19701,11.707904133457946,5.935164378847071,1
19702,11.697694124157653,5.9193947663385424,1
19703,11.675909310787336,5.924023720694287,1
19704,11.705415784582046,5.928074865390118,1
19705,11.750396838207587,5.888143711008903,1
19706,11.724383964001504,5.920598043380601,1
19707,11.720232994585425,5.885616375798166,1
19708,11.812170447859742,5.899966749883189,1
19709,11.799516919256359,5.907782152287485,1
19710,11.823577754017801,5.917073690365482,1
19711,11.82142195073545,5.917365058683021,1
19712,11.865305265120044,5.906039517873509,1
19713,11.883238621311595,5.902515003443433,1
19714,11.871926314664503,5.918964210491849,1
19715,11.883087051554933,5.929187157095406,1
19716,11.908710753438358,5.9063652734945356,1
19717,11.898754243750323,5.930187729105724,1
19718,11.94230174518401,5.88768708985174,1
19719,11.977215233930636,5.922530751249237,1
19720,11.944057467994863,5.895992726504867,1
19721,11.935043087919114,5.8874591119574395,1
19722,11.931886176714048,5.906402477057823,1
19723,11.99534080331169,5.907363499467871,1
19724,8.019425232353749,5.946886002112084,1
19725,8.001733764721289,5.985702313142292,1
19726,8.01953909383386,5.969056210483151,1
19727,8.039557499370952,5.9440372866637645,1
19728,8.048043616077946,5.9794131354741165,1
19729,8.055704194519201,5.937186252445474,1
19730,8.098996674188674,5.974705072329884,1
19731,8.121692943513395,5.9400134885623554,1
19732,8.106835256493614,5.963186735069709,1
19733,8.133329887414744,5.9535623672376925,1
19734,8.130081738160063,5.950946362685972,1
19735,8.230364693480816,5.94648508285126,1
19736,8.192078125075573,5.952145679377902,1
19737,8.217279626368741,5.977410206956084,1
19738,8.2062763181426,5.983824079548032,1
19739,8.262476162578519,5.95138146120877,1
19740,8.27085508814973,5.970336066577128,1
19741,8.243359262778233,5.982401425453305,1
19742,8.288580494549445,5.978792605745525,1
19743,8.257293268575902,5.9425180290586805,1
19744,8.326552314212584,5.956141741408216,1
19745,8.309308590725644,5.959720650787313,1
19746,8.30971677338995,5.959201016611439,1
19747,8.33227887605293,5.936333474965948,1
19748,8.34845653288122,5.942233620553619,1
19749,8.387985042776512,5.956236932075463,1
19750,8.406994162955423,5.966020107645098,1
19751,8.47200052130125,5.974796962103814,1
19752,8.477532751436181,5.96437017636397,1
19753,8.48553366763424,5.968184538678045,1
19754,8.530833934132803,5.989254305229945,1
19755,8.526031677811332,5.983406270927584,1
19756,8.503868553646301,5.940139964537332,1
19757,8.513943258087883,5.941788197205733,1
19758,8.55989455537069,5.976689509032005,1
19759,8.589554809358876,5.969028133437456,1
19760,8.598256001036889,5.939712186156635,1
19761,8.57475455687457,5.955467562273504,1
19762,8.607619784053883,5.97220732308625,1
19763,8.618116046310625,5.9361111725201114,1
19764,8.637427402279394,5.945930549251209,1
19765,8.627603882448977,5.953348111258558,1
19766,8.620766206507644,5.97413175985379,1
19767,8.637511724088716,5.948650725847543,1
19768,8.701275652461815,5.968134917811511,1
19769,8.667142973089277,5.939489973232588,1
19770,8.683150574875071,5.971665245472411,1
19771,8.692733780634793,5.950893441373994,1
19772,8.73646693309809,5.973703702649371,1
19773,8.731939129363123,5.980182947882411,1
19774,8.717511583394609,5.944487798700942,1
19775,8.750529254988264,5.978326292113624,1
19776,8.789260132861859,5.93900607563483,1
19777,8.776801881114302,5.961721885463606,1
19778,8.774313345501879,5.987695474332821,1
19779,8.798674807510134,5.979440324586952,1
19780,8.869319829908497,5.971421259877754,1
19781,8.873786534811899,5.948613653972189,1
19782,8.83747300944614,5.980517309490211,1
19783,8.897238929342011,5.951806377908757,1
19784,8.899413293151593,5.983184651476291,1
19785,8.940546327872818,5.977112053507741,1
19786,8.957487527530844,5.959597736075425,1
19787,8.994510986086677,5.939164317497906,1
19788,9.022556000978906,5.980402632683918,1
19789,9.064938719719995,5.985132985234682,1
19790,9.065527194287416,5.946933748694973,1
19791,9.109449306819664,5.942529862621514,1
19792,9.125598184158902,5.952482832526386,1
19793,9.120082908991815,5.958957257879431,1
19794,9.15947276107257,5.97100688122257,1
19795,9.197372001063039,5.985980738298742,1
19796,9.230610455347412,5.944066135553866,1
19797,9.232693714708514,5.945428516884099,1
19798,9.267208891779044,5.979806478740178,1
19799,9.32871659318281,5.981990762871701,1
19800,9.342671105957772,5.955883605712889,1
19801,9.36755230805624,5.965456166012793,1
19802,9.407600429097819,5.940248743277712,1
19803,9.457058599727194,5.9525796933851405,1
19804,9.488634030071562,5.94387263365861,1
19805,9.494167727393211,5.943257359864532,1
19806,9.493395951000776,5.936556776034327,1
19807,9.519531207004365,5.973115083154896,1
19808,9.549181709297386,5.980271005467962,1
19809,9.563143670601155,5.981926544088206,1
19810,9.547509700521154,5.948514814548711,1
19811,9.612828605347676,5.940590244863313,1
19812,9.606491681133459,5.971562273067577,1
19813,9.588874095966206,5.947697489734449,1
19814,9.67416499233903,5.9494419954120765,1
19815,9.653286579174088,5.968132289933454,1
19816,9.684491231946465,5.939031917838428,1
19817,9.72723346124847,5.948974346798022,1
19818,9.698699676233042,5.984195564014147,1
19819,9.78020285224017,5.965947900169378,1
19820,9.74650620413636,5.974402023766544,1
19821,9.750935444287926,5.942197363568477,1
19822,9.763896137714879,5.953252232002758,1
19823,9.81424333240575,5.962684036657349,1
19824,9.823257717686571,5.950533571456212,1
19825,9.811471073007889,5.9823227854532535,1
19826,9.853508442211087,5.953824807754557,1
19827,9.850092183837916,5.987046652597435,1
19828,9.94633837343897,5.965305311076666,1
19829,9.93578465222855,5.985893212729169,1
19830,9.909661883472603,5.939051899091181,1
19831,9.963062043701614,5.968626195055118,1
19832,9.989029612049222,5.945379638628206,1
19833,9.997128341288416,5.966694935854852,1
19834,10.043181017610646,5.957027531122538,1
19835,10.02866211965534,5.94907297065268,1
19836,10.046220643861657,5.975731057447026,1
19837,10.126199303386674,5.959251484497202,1
19838,10.176168792008507,5.938221504980132,1
19839,10.164385660524927,5.947133571014335,1
19840,10.21275863228222,5.941727307767209,1
19841,10.244027157128546,5.973932843833562,1
19842,10.252736899308907,5.987071188447489,1
19843,10.265892655982736,5.986050516968198,1
19844,10.29856796172003,5.953554390013853,1
19845,10.274605021575248,5.978166271229152,1
19846,10.33772118664864,5.954319939689243,1
19847,10.38331156335652,5.9516629707223485,1
19848,10.477962918389828,5.984739211720972,1
19849,10.469733658425346,5.961641387000411,1
19850,10.492244457494227,5.972001471852533,1
19851,10.521254217301994,5.949578455354437,1
19852,10.584434885317856,5.936047748789378,1
19853,10.565886192716231,5.957947787895274,1
19854,10.640503607318227,5.979875133667072,1
19855,10.600709516960892,5.9867733398902,1
19856,10.694408826448305,5.938021905749584,1
19857,10.66369846682916,5.9515073089441515,1
19858,10.697627722079687,5.954064850459864,1
19859,10.744948794368426,5.962241753193668,1
19860,10.75883432053711,5.948241930415064,1
19861,10.771539507729026,5.964948891412585,1
19862,10.80302585394451,5.952444299789683,1
19863,10.991449018074302,5.977542495221446,1
19864,10.985826133320304,5.986314934081291,1
19865,11.004921986664295,5.944936537077553,1
19866,11.063672927361706,5.985223430986225,1
19867,11.025818987302904,5.953648150077162,1
19868,11.030044035327583,5.936288616079883,1
19869,11.034684429247996,5.973697689495461,1
19870,11.10620861239337,5.961828692774675,1
19871,11.120058893499879,5.965011836553864,1
19872,11.069981650627772,5.9591777678711315,1
19873,11.087385465981367,5.971757316581376,1
19874,11.169317339502257,5.937392275846343,1
19875,11.150291641800868,5.979234050525061,1
19876,11.165329078719639,5.97699647432257,1
19877,11.130772285743873,5.974369193840778,1
19878,11.19802008179552,5.974136408153087,1
19879,11.198034066367358,5.946352772097825,1
19880,11.210641883636058,5.971783032898336,1
19881,11.199776420172944,5.9368368366852655,1
19882,11.214623096309518,5.93953393371397,1
19883,11.252603778097434,5.969868846172241,1
19884,11.24038262729499,5.9360382412838675,1
19885,11.232894307094107,5.937946679547678,1
19886,11.256962728678584,5.950676001374775,1
19887,11.285800844548397,5.987344574690974,1
19888,11.318157398051534,5.975205423466364,1
19889,11.32524959776306,5.972519530900663,1
19890,11.31914782202955,5.961679713770918,1
19891,11.33738629702035,5.965716930462827,1
19892,11.353909359048286,5.980706130082289,1
19893,11.386396740592547,5.959057488624883,1
19894,11.374680239219778,5.964686718122932,1
19895,11.365356360199836,5.984807919446176,1
19896,11.423857890683067,5.9884993937649185,1
19897,11.432855028154025,5.979384914819367,1
19898,11.390380289540348,5.980975282363645,1
19899,11.392552380658666,5.943327101894987,1
19900,11.415512305189845,5.951095793573726,1
19901,11.487318026559784,5.9772103842443105,1
19902,11.469460930778634,5.9458452859884945,1
19903,11.473573514682155,5.960540494801446,1
19904,11.488546687619351,5.9478140355747,1
19905,11.490531035784205,5.9435499826999285,1
19906,11.51465753300851,5.9827383655152335,1
19907,11.540853232396639,5.9843563304679614,1
19908,11.509100650471819,5.958196637802146,1
19909,11.506458437462008,5.944975160930325,1
19910,11.585185544359938,5.938345288218598,1
19911,11.553650188593659,5.965181670466755,1
19912,11.603905066730057,5.937581396981137,1
19913,11.635650251053091,5.939983220479273,1
19914,11.637783330168942,5.937690981444,1
19915,11.646963300054866,5.952966573469779,1
19916,11.672558651360516,5.973109395254753,1
19917,11.707299993587615,5.973875562969024,1
19918,11.717715617585066,5.97642637337453,1
19919,11.730447026469617,5.972573141885467,1
19920,11.792348330905885,5.937286318054218,1
19921,11.797844597474432,5.952831794223464,1
19922,11.824103883222824,5.9719407164740534,1
19923,11.827607405435666,5.951773361291392,1
19924,11.82481159818679,5.93649318262359,1
19925,11.913383258627317,5.971728848716248,1
19926,11.90006475876842,5.986794699853349,1
19927,11.900344548933045,5.982025066598267,1
19928,11.898864890173959,5.9518162878143235,1
19929,11.910452023432267,5.937509225955156,1
19930,11.958448376438486,5.948453794492213,1
19931,11.957303582901536,5.957927746226305,1
19932,11.971834426807897,5.983214299342719,1
19933,11.97408538825182,5.946259497966019,1
19934,11.976393086434943,5.943279737210296,1
19935,11.99332965336342,5.961383751731067,1
19936,11.992930452296779,5.966290069614929,1
19937,8.12681497046254,5.995309300670593,1
19938,8.266339017191433,5.995211133228199,1
19939,8.341407110135599,5.999404998692326,1
19940,8.741783012265934,5.995848013113027,1
19941,8.787220589580473,5.999480297110239,1
19942,8.850216407968903,5.989625399036995,1
19943,8.861129552733011,5.9950651141587255,1
19944,8.905225363831246,5.993729217347595,1
19945,8.923379188557474,5.989703504852044,1
19946,8.986341138124113,5.989419253540371,1
19947,9.008815254303942,5.996868148129421,1
19948,9.144961816168935,5.99175745496971,1
19949,9.325854301645322,5.996147812349258,1
19950,9.380288912556054,5.994862895152289,1
19951,9.463925849168772,5.991989519850088,1
19952,9.623994032977139,5.994023586281491,1
19953,9.594484782079364,5.996015064698678,1
19954,9.630907073503808,5.998378922371621,1
19955,9.715911545785962,5.9911694782779294,1
19956,9.694630611568051,5.997530973534689,1
19957,10.00938219489206,5.990247643952241,1
19958,10.045667058159268,5.989888429366724,1
19959,10.163018852768154,5.9928054450754376,1
19960,10.190635501113404,5.998182527452343,1
19961,10.622171372872051,5.990195533733263,1
19962,10.757567574093976,5.9994485502970125,1
19963,10.81244661617919,5.999086998245755,1
19964,10.88067652019378,5.994751213303021,1
19965,10.937116426460674,5.99264194955509,1
19966,10.964675955017464,5.996924946724664,1
19967,11.285187467746088,5.992704846778631,1
19968,11.338748862807149,5.991100722193854,1
19969,11.434084611029078,5.998785501770039,1
19970,11.543268149344552,5.999808605852962,1
19971,11.599426089771319,5.998786285783737,1
19972,11.685241884344103,5.994288872524914,1
19973,11.759078825410231,5.999111466088034,1
19974,11.754172630568812,5.994658430728131,1
19975,11.783770136107082,5.995408775382086,1
19976,11.903504123031572,5.989481331561641,1
19977,11.889556196717065,5.994084552977878,1
19978,11.932129911622873,5.990454497034296,1
19979,11.942713004364215,5.998377350897266,1
19980,11.946637597813332,5.994072483339825,1
