y_val,x_val,data_channel
0,0,175
0,1,176
0,2,177
0,3,180
0,4,185
0,5,183
0,6,171
0,7,157
0,8,129
0,9,110
0,10,92
0,11,87
0,12,91
0,13,93
0,14,94
0,15,95
0,16,96
0,17,96
0,18,98
0,19,100
0,20,99
0,21,97
0,22,97
0,23,99
0,24,96
0,25,96
0,26,94
0,27,92
0,28,89
0,29,86
0,30,83
0,31,81
0,32,78
0,33,79
0,34,80
0,35,81
0,36,82
0,37,83
0,38,83
0,39,84
0,40,85
0,41,85
0,42,85
0,43,86
0,44,87
0,45,88
0,46,88
0,47,89
0,48,90
0,49,92
0,50,94
0,51,95
0,52,96
0,53,97
0,54,98
0,55,99
0,56,99
0,57,100
0,58,99
0,59,99
0,60,101
0,61,103
0,62,108
0,63,115
0,64,123
0,65,130
0,66,137
0,67,143
0,68,149
0,69,153
0,70,157
0,71,162
0,72,165
0,73,168
0,74,172
0,75,174
0,76,174
0,77,175
0,78,175
0,79,174
0,80,173
0,81,173
0,82,172
0,83,171
0,84,170
0,85,169
0,86,169
0,87,168
0,88,167
0,89,166
0,90,165
0,91,164
0,92,164
0,93,163
0,94,162
0,95,162
0,96,162
0,97,161
0,98,160
0,99,159
0,100,159
0,101,159
0,102,159
0,103,159
0,104,159
0,105,159
0,106,159
0,107,158
0,108,158
0,109,158
0,110,157
0,111,157
0,112,157
0,113,156
0,114,156
0,115,156
0,116,155
0,117,155
0,118,155
0,119,154
0,120,154
0,121,154
0,122,155
0,123,155
0,124,155
0,125,154
0,126,154
0,127,154
0,128,155
0,129,156
0,130,156
0,131,156
0,132,155
0,133,155
0,134,156
0,135,157
0,136,156
0,137,156
0,138,156
0,139,156
0,140,156
0,141,156
0,142,156
0,143,155
0,144,155
0,145,155
0,146,155
0,147,155
0,148,155
0,149,156
1,0,177
1,1,176
1,2,176
1,3,178
1,4,182
1,5,184
1,6,180
1,7,174
1,8,156
1,9,135
1,10,111
1,11,97
1,12,93
1,13,92
1,14,92
1,15,94
1,16,95
1,17,96
1,18,97
1,19,98
1,20,98
1,21,97
1,22,97
1,23,98
1,24,97
1,25,96
1,26,95
1,27,93
1,28,90
1,29,86
1,30,83
1,31,81
1,32,79
1,33,79
1,34,81
1,35,81
1,36,82
1,37,83
1,38,84
1,39,85
1,40,85
1,41,85
1,42,85
1,43,86
1,44,87
1,45,87
1,46,88
1,47,88
1,48,90
1,49,91
1,50,93
1,51,95
1,52,96
1,53,97
1,54,98
1,55,99
1,56,99
1,57,100
1,58,99
1,59,99
1,60,101
1,61,103
1,62,108
1,63,114
1,64,123
1,65,130
1,66,137
1,67,143
1,68,148
1,69,152
1,70,157
1,71,162
1,72,165
1,73,168
1,74,172
1,75,173
1,76,174
1,77,175
1,78,175
1,79,174
1,80,174
1,81,174
1,82,173
1,83,172
1,84,171
1,85,170
1,86,169
1,87,169
1,88,167
1,89,167
1,90,166
1,91,165
1,92,164
1,93,164
1,94,163
1,95,162
1,96,162
1,97,161
1,98,160
1,99,160
1,100,160
1,101,160
1,102,159
1,103,159
1,104,159
1,105,159
1,106,159
1,107,158
1,108,158
1,109,158
1,110,158
1,111,158
1,112,157
1,113,156
1,114,156
1,115,156
1,116,155
1,117,155
1,118,154
1,119,154
1,120,154
1,121,154
1,122,155
1,123,155
1,124,154
1,125,154
1,126,154
1,127,154
1,128,155
1,129,155
1,130,156
1,131,155
1,132,155
1,133,155
1,134,156
1,135,157
1,136,156
1,137,156
1,138,156
1,139,156
1,140,156
1,141,156
1,142,156
1,143,156
1,144,155
1,145,155
1,146,155
1,147,155
1,148,156
1,149,156
2,0,176
2,1,173
2,2,171
2,3,172
2,4,176
2,5,181
2,6,183
2,7,184
2,8,177
2,9,161
2,10,139
2,11,120
2,12,105
2,13,96
2,14,93
2,15,94
2,16,94
2,17,94
2,18,95
2,19,96
2,20,96
2,21,96
2,22,97
2,23,98
2,24,98
2,25,97
2,26,96
2,27,94
2,28,91
2,29,87
2,30,84
2,31,82
2,32,80
2,33,80
2,34,81
2,35,81
2,36,82
2,37,83
2,38,84
2,39,85
2,40,86
2,41,86
2,42,86
2,43,86
2,44,86
2,45,87
2,46,88
2,47,88
2,48,90
2,49,91
2,50,93
2,51,95
2,52,96
2,53,96
2,54,98
2,55,99
2,56,99
2,57,100
2,58,99
2,59,99
2,60,101
2,61,103
2,62,108
2,63,114
2,64,122
2,65,128
2,66,135
2,67,141
2,68,147
2,69,151
2,70,156
2,71,161
2,72,165
2,73,168
2,74,171
2,75,173
2,76,173
2,77,175
2,78,175
2,79,175
2,80,175
2,81,174
2,82,174
2,83,173
2,84,172
2,85,171
2,86,170
2,87,170
2,88,168
2,89,168
2,90,167
2,91,166
2,92,165
2,93,165
2,94,164
2,95,163
2,96,162
2,97,161
2,98,161
2,99,161
2,100,160
2,101,160
2,102,160
2,103,159
2,104,159
2,105,159
2,106,159
2,107,159
2,108,158
2,109,158
2,110,158
2,111,158
2,112,157
2,113,156
2,114,156
2,115,156
2,116,155
2,117,155
2,118,154
2,119,154
2,120,154
2,121,154
2,122,155
2,123,155
2,124,154
2,125,154
2,126,154
2,127,154
2,128,155
2,129,155
2,130,156
2,131,155
2,132,155
2,133,155
2,134,156
2,135,157
2,136,156
2,137,157
2,138,157
2,139,157
2,140,156
2,141,156
2,142,156
2,143,156
2,144,156
2,145,156
2,146,156
2,147,156
2,148,156
2,149,156
3,0,177
3,1,174
3,2,172
3,3,174
3,4,176
3,5,179
3,6,182
3,7,185
3,8,183
3,9,178
3,10,168
3,11,151
3,12,131
3,13,112
3,14,99
3,15,93
3,16,93
3,17,93
3,18,94
3,19,94
3,20,94
3,21,95
3,22,96
3,23,97
3,24,98
3,25,98
3,26,97
3,27,95
3,28,92
3,29,88
3,30,85
3,31,83
3,32,82
3,33,82
3,34,81
3,35,82
3,36,82
3,37,83
3,38,85
3,39,85
3,40,85
3,41,85
3,42,85
3,43,86
3,44,86
3,45,87
3,46,88
3,47,88
3,48,89
3,49,91
3,50,93
3,51,95
3,52,96
3,53,96
3,54,98
3,55,99
3,56,99
3,57,100
3,58,99
3,59,99
3,60,101
3,61,103
3,62,108
3,63,114
3,64,120
3,65,127
3,66,133
3,67,139
3,68,145
3,69,149
3,70,154
3,71,160
3,72,165
3,73,168
3,74,171
3,75,172
3,76,173
3,77,174
3,78,175
3,79,175
3,80,175
3,81,175
3,82,174
3,83,174
3,84,173
3,85,172
3,86,171
3,87,171
3,88,169
3,89,168
3,90,167
3,91,166
3,92,166
3,93,165
3,94,164
3,95,163
3,96,162
3,97,162
3,98,161
3,99,161
3,100,161
3,101,161
3,102,160
3,103,159
3,104,159
3,105,159
3,106,159
3,107,159
3,108,159
3,109,159
3,110,158
3,111,158
3,112,157
3,113,157
3,114,156
3,115,156
3,116,155
3,117,154
3,118,154
3,119,154
3,120,154
3,121,154
3,122,154
3,123,154
3,124,154
3,125,154
3,126,154
3,127,154
3,128,154
3,129,155
3,130,155
3,131,155
3,132,155
3,133,155
3,134,156
3,135,157
3,136,156
3,137,157
3,138,157
3,139,157
3,140,157
3,141,156
3,142,157
3,143,157
3,144,157
3,145,157
3,146,156
3,147,156
3,148,156
3,149,157
4,0,179
4,1,175
4,2,174
4,3,176
4,4,178
4,5,179
4,6,181
4,7,184
4,8,186
4,9,189
4,10,189
4,11,180
4,12,162
4,13,136
4,14,110
4,15,94
4,16,93
4,17,93
4,18,93
4,19,93
4,20,93
4,21,94
4,22,96
4,23,97
4,24,98
4,25,98
4,26,97
4,27,96
4,28,93
4,29,90
4,30,87
4,31,85
4,32,84
4,33,84
4,34,83
4,35,83
4,36,83
4,37,84
4,38,85
4,39,86
4,40,85
4,41,85
4,42,85
4,43,85
4,44,86
4,45,87
4,46,88
4,47,88
4,48,89
4,49,91
4,50,93
4,51,95
4,52,96
4,53,97
4,54,98
4,55,99
4,56,99
4,57,100
4,58,99
4,59,99
4,60,101
4,61,103
4,62,107
4,63,113
4,64,119
4,65,125
4,66,131
4,67,137
4,68,143
4,69,147
4,70,153
4,71,159
4,72,164
4,73,167
4,74,170
4,75,171
4,76,172
4,77,174
4,78,175
4,79,175
4,80,175
4,81,174
4,82,174
4,83,174
4,84,173
4,85,172
4,86,171
4,87,171
4,88,169
4,89,169
4,90,167
4,91,166
4,92,166
4,93,165
4,94,164
4,95,163
4,96,163
4,97,162
4,98,162
4,99,162
4,100,162
4,101,161
4,102,160
4,103,159
4,104,159
4,105,159
4,106,159
4,107,159
4,108,159
4,109,159
4,110,159
4,111,158
4,112,157
4,113,157
4,114,156
4,115,156
4,116,155
4,117,154
4,118,154
4,119,154
4,120,154
4,121,154
4,122,154
4,123,154
4,124,154
4,125,154
4,126,154
4,127,153
4,128,154
4,129,155
4,130,155
4,131,155
4,132,155
4,133,156
4,134,156
4,135,156
4,136,156
4,137,157
4,138,157
4,139,157
4,140,157
4,141,157
4,142,157
4,143,158
4,144,158
4,145,157
4,146,157
4,147,157
4,148,157
4,149,157
5,0,178
5,1,175
5,2,174
5,3,176
5,4,179
5,5,182
5,6,186
5,7,189
5,8,194
5,9,197
5,10,200
5,11,198
5,12,186
5,13,161
5,14,127
5,15,101
5,16,93
5,17,93
5,18,93
5,19,92
5,20,93
5,21,95
5,22,96
5,23,96
5,24,97
5,25,98
5,26,98
5,27,97
5,28,95
5,29,92
5,30,90
5,31,88
5,32,87
5,33,87
5,34,85
5,35,85
5,36,85
5,37,86
5,38,86
5,39,86
5,40,85
5,41,85
5,42,85
5,43,85
5,44,86
5,45,87
5,46,87
5,47,88
5,48,89
5,49,91
5,50,93
5,51,95
5,52,96
5,53,97
5,54,98
5,55,99
5,56,99
5,57,100
5,58,99
5,59,100
5,60,102
5,61,103
5,62,107
5,63,113
5,64,118
5,65,124
5,66,130
5,67,135
5,68,140
5,69,145
5,70,151
5,71,157
5,72,162
5,73,165
5,74,168
5,75,170
5,76,171
5,77,172
5,78,173
5,79,173
5,80,173
5,81,173
5,82,173
5,83,173
5,84,173
5,85,172
5,86,172
5,87,171
5,88,170
5,89,169
5,90,168
5,91,167
5,92,166
5,93,165
5,94,164
5,95,164
5,96,163
5,97,163
5,98,163
5,99,162
5,100,162
5,101,162
5,102,161
5,103,160
5,104,160
5,105,160
5,106,160
5,107,160
5,108,159
5,109,159
5,110,159
5,111,158
5,112,157
5,113,157
5,114,156
5,115,156
5,116,155
5,117,154
5,118,154
5,119,153
5,120,153
5,121,153
5,122,153
5,123,153
5,124,154
5,125,154
5,126,154
5,127,153
5,128,154
5,129,155
5,130,155
5,131,155
5,132,156
5,133,156
5,134,156
5,135,156
5,136,156
5,137,156
5,138,157
5,139,157
5,140,157
5,141,157
5,142,158
5,143,159
5,144,159
5,145,158
5,146,158
5,147,158
5,148,157
5,149,157
6,0,178
6,1,176
6,2,175
6,3,175
6,4,179
6,5,185
6,6,193
6,7,198
6,8,200
6,9,203
6,10,205
6,11,205
6,12,197
6,13,175
6,14,138
6,15,108
6,16,93
6,17,94
6,18,93
6,19,92
6,20,93
6,21,95
6,22,96
6,23,96
6,24,97
6,25,98
6,26,98
6,27,98
6,28,97
6,29,95
6,30,93
6,31,91
6,32,91
6,33,90
6,34,88
6,35,88
6,36,88
6,37,88
6,38,88
6,39,87
6,40,86
6,41,86
6,42,85
6,43,85
6,44,85
6,45,86
6,46,87
6,47,87
6,48,89
6,49,91
6,50,93
6,51,95
6,52,96
6,53,97
6,54,98
6,55,99
6,56,99
6,57,100
6,58,99
6,59,100
6,60,102
6,61,103
6,62,107
6,63,112
6,64,117
6,65,123
6,66,128
6,67,133
6,68,139
6,69,144
6,70,150
6,71,156
6,72,159
6,73,162
6,74,166
6,75,168
6,76,169
6,77,170
6,78,171
6,79,171
6,80,172
6,81,172
6,82,172
6,83,172
6,84,172
6,85,172
6,86,171
6,87,171
6,88,170
6,89,170
6,90,168
6,91,167
6,92,166
6,93,166
6,94,165
6,95,164
6,96,164
6,97,164
6,98,163
6,99,163
6,100,162
6,101,162
6,102,161
6,103,161
6,104,160
6,105,160
6,106,160
6,107,160
6,108,160
6,109,159
6,110,159
6,111,158
6,112,157
6,113,157
6,114,156
6,115,155
6,116,155
6,117,154
6,118,153
6,119,153
6,120,153
6,121,153
6,122,152
6,123,153
6,124,153
6,125,154
6,126,154
6,127,154
6,128,154
6,129,155
6,130,155
6,131,155
6,132,156
6,133,156
6,134,155
6,135,155
6,136,155
6,137,156
6,138,157
6,139,157
6,140,157
6,141,157
6,142,159
6,143,160
6,144,159
6,145,159
6,146,159
6,147,158
6,148,158
6,149,157
7,0,174
7,1,174
7,2,172
7,3,172
7,4,175
7,5,183
7,6,192
7,7,199
7,8,204
7,9,207
7,10,208
7,11,208
7,12,200
7,13,177
7,14,140
7,15,110
7,16,93
7,17,94
7,18,94
7,19,93
7,20,93
7,21,95
7,22,96
7,23,96
7,24,97
7,25,98
7,26,99
7,27,99
7,28,99
7,29,97
7,30,95
7,31,93
7,32,93
7,33,92
7,34,90
7,35,90
7,36,89
7,37,89
7,38,89
7,39,88
7,40,87
7,41,86
7,42,86
7,43,85
7,44,85
7,45,86
7,46,86
7,47,87
7,48,89
7,49,91
7,50,93
7,51,95
7,52,96
7,53,97
7,54,98
7,55,99
7,56,100
7,57,100
7,58,99
7,59,100
7,60,102
7,61,104
7,62,107
7,63,112
7,64,117
7,65,122
7,66,127
7,67,132
7,68,138
7,69,143
7,70,149
7,71,155
7,72,157
7,73,161
7,74,164
7,75,166
7,76,168
7,77,169
7,78,170
7,79,169
7,80,170
7,81,171
7,82,171
7,83,172
7,84,172
7,85,172
7,86,171
7,87,171
7,88,171
7,89,170
7,90,169
7,91,168
7,92,167
7,93,166
7,94,165
7,95,164
7,96,165
7,97,164
7,98,163
7,99,163
7,100,162
7,101,162
7,102,162
7,103,161
7,104,160
7,105,160
7,106,160
7,107,160
7,108,160
7,109,159
7,110,159
7,111,158
7,112,157
7,113,157
7,114,156
7,115,155
7,116,155
7,117,154
7,118,153
7,119,153
7,120,153
7,121,152
7,122,152
7,123,153
7,124,153
7,125,154
7,126,154
7,127,154
7,128,155
7,129,155
7,130,155
7,131,156
7,132,156
7,133,156
7,134,155
7,135,155
7,136,155
7,137,156
7,138,157
7,139,157
7,140,157
7,141,158
7,142,159
7,143,160
7,144,160
7,145,160
7,146,159
7,147,158
7,148,158
7,149,157
8,0,170
8,1,171
8,2,170
8,3,170
8,4,172
8,5,177
8,6,189
8,7,201
8,8,206
8,9,212
8,10,210
8,11,208
8,12,197
8,13,171
8,14,135
8,15,104
8,16,93
8,17,95
8,18,95
8,19,94
8,20,95
8,21,97
8,22,98
8,23,97
8,24,98
8,25,99
8,26,100
8,27,100
8,28,100
8,29,99
8,30,98
8,31,97
8,32,95
8,33,94
8,34,93
8,35,92
8,36,91
8,37,90
8,38,89
8,39,89
8,40,86
8,41,86
8,42,86
8,43,86
8,44,86
8,45,86
8,46,87
8,47,89
8,48,90
8,49,92
8,50,95
8,51,96
8,52,97
8,53,98
8,54,99
8,55,100
8,56,98
8,57,98
8,58,98
8,59,98
8,60,99
8,61,102
8,62,106
8,63,109
8,64,115
8,65,119
8,66,125
8,67,131
8,68,137
8,69,143
8,70,148
8,71,151
8,72,156
8,73,158
8,74,161
8,75,163
8,76,165
8,77,166
8,78,166
8,79,166
8,80,168
8,81,168
8,82,169
8,83,169
8,84,170
8,85,171
8,86,170
8,87,170
8,88,170
8,89,170
8,90,169
8,91,168
8,92,168
8,93,166
8,94,165
8,95,165
8,96,163
8,97,163
8,98,163
8,99,163
8,100,163
8,101,162
8,102,162
8,103,161
8,104,161
8,105,161
8,106,160
8,107,160
8,108,160
8,109,159
8,110,159
8,111,159
8,112,157
8,113,156
8,114,156
8,115,155
8,116,155
8,117,154
8,118,154
8,119,153
8,120,152
8,121,152
8,122,153
8,123,153
8,124,153
8,125,154
8,126,154
8,127,154
8,128,154
8,129,154
8,130,155
8,131,156
8,132,156
8,133,156
8,134,155
8,135,155
8,136,155
8,137,156
8,138,157
8,139,158
8,140,158
8,141,159
8,142,159
8,143,159
8,144,158
8,145,159
8,146,159
8,147,159
8,148,158
8,149,158
9,0,167
9,1,168
9,2,167
9,3,167
9,4,168
9,5,173
9,6,183
9,7,196
9,8,205
9,9,211
9,10,211
9,11,208
9,12,196
9,13,166
9,14,128
9,15,99
9,16,96
9,17,96
9,18,95
9,19,94
9,20,95
9,21,98
9,22,98
9,23,97
9,24,99
9,25,99
9,26,100
9,27,100
9,28,100
9,29,99
9,30,98
9,31,97
9,32,97
9,33,96
9,34,95
9,35,94
9,36,92
9,37,91
9,38,90
9,39,89
9,40,87
9,41,87
9,42,87
9,43,87
9,44,87
9,45,87
9,46,88
9,47,89
9,48,91
9,49,93
9,50,95
9,51,96
9,52,97
9,53,98
9,54,99
9,55,100
9,56,98
9,57,98
9,58,99
9,59,99
9,60,100
9,61,102
9,62,105
9,63,108
9,64,113
9,65,118
9,66,124
9,67,130
9,68,136
9,69,143
9,70,148
9,71,150
9,72,155
9,73,157
9,74,159
9,75,161
9,76,162
9,77,163
9,78,164
9,79,164
9,80,166
9,81,167
9,82,168
9,83,169
9,84,169
9,85,170
9,86,170
9,87,170
9,88,170
9,89,169
9,90,169
9,91,168
9,92,168
9,93,167
9,94,166
9,95,165
9,96,164
9,97,163
9,98,163
9,99,163
9,100,162
9,101,162
9,102,162
9,103,162
9,104,161
9,105,161
9,106,161
9,107,161
9,108,160
9,109,160
9,110,159
9,111,159
9,112,157
9,113,157
9,114,156
9,115,156
9,116,155
9,117,154
9,118,154
9,119,154
9,120,153
9,121,153
9,122,153
9,123,153
9,124,153
9,125,154
9,126,154
9,127,154
9,128,154
9,129,155
9,130,155
9,131,156
9,132,156
9,133,156
9,134,156
9,135,155
9,136,156
9,137,156
9,138,157
9,139,158
9,140,158
9,141,159
9,142,160
9,143,160
9,144,159
9,145,159
9,146,160
9,147,159
9,148,158
9,149,158
10,0,164
10,1,164
10,2,163
10,3,163
10,4,164
10,5,167
10,6,177
10,7,190
10,8,203
10,9,210
10,10,210
10,11,210
10,12,199
10,13,165
10,14,125
10,15,96
10,16,98
10,17,97
10,18,95
10,19,94
10,20,96
10,21,98
10,22,98
10,23,97
10,24,99
10,25,99
10,26,99
10,27,100
10,28,99
10,29,99
10,30,98
10,31,98
10,32,99
10,33,98
10,34,97
10,35,95
10,36,94
10,37,92
10,38,91
10,39,90
10,40,89
10,41,89
10,42,88
10,43,88
10,44,88
10,45,89
10,46,90
10,47,90
10,48,92
10,49,94
10,50,95
10,51,96
10,52,97
10,53,97
10,54,98
10,55,99
10,56,98
10,57,99
10,58,99
10,59,99
10,60,100
10,61,101
10,62,104
10,63,106
10,64,111
10,65,116
10,66,123
10,67,129
10,68,135
10,69,141
10,70,146
10,71,149
10,72,153
10,73,154
10,74,156
10,75,157
10,76,158
10,77,159
10,78,160
10,79,161
10,80,163
10,81,164
10,82,165
10,83,166
10,84,167
10,85,168
10,86,169
10,87,169
10,88,169
10,89,169
10,90,169
10,91,168
10,92,167
10,93,167
10,94,166
10,95,166
10,96,164
10,97,164
10,98,163
10,99,162
10,100,162
10,101,162
10,102,162
10,103,162
10,104,162
10,105,162
10,106,161
10,107,161
10,108,160
10,109,160
10,110,159
10,111,159
10,112,158
10,113,157
10,114,157
10,115,156
10,116,155
10,117,155
10,118,154
10,119,154
10,120,153
10,121,153
10,122,153
10,123,153
10,124,153
10,125,154
10,126,154
10,127,155
10,128,155
10,129,155
10,130,156
10,131,157
10,132,157
10,133,157
10,134,156
10,135,156
10,136,156
10,137,156
10,138,157
10,139,157
10,140,158
10,141,159
10,142,160
10,143,161
10,144,160
10,145,160
10,146,160
10,147,160
10,148,159
10,149,158
11,0,163
11,1,162
11,2,161
11,3,161
11,4,162
11,5,164
11,6,174
11,7,186
11,8,201
11,9,210
11,10,212
11,11,212
11,12,205
11,13,174
11,14,131
11,15,98
11,16,97
11,17,96
11,18,95
11,19,95
11,20,96
11,21,98
11,22,98
11,23,98
11,24,99
11,25,99
11,26,99
11,27,99
11,28,99
11,29,99
11,30,99
11,31,98
11,32,99
11,33,98
11,34,97
11,35,96
11,36,94
11,37,93
11,38,91
11,39,91
11,40,90
11,41,90
11,42,89
11,43,89
11,44,89
11,45,90
11,46,91
11,47,91
11,48,94
11,49,95
11,50,96
11,51,97
11,52,97
11,53,97
11,54,98
11,55,98
11,56,98
11,57,98
11,58,99
11,59,99
11,60,99
11,61,100
11,62,102
11,63,104
11,64,110
11,65,115
11,66,122
11,67,128
11,68,134
11,69,140
11,70,144
11,71,146
11,72,150
11,73,151
11,74,152
11,75,153
11,76,153
11,77,154
11,78,156
11,79,157
11,80,159
11,81,160
11,82,161
11,83,163
11,84,164
11,85,165
11,86,166
11,87,167
11,88,169
11,89,169
11,90,169
11,91,168
11,92,167
11,93,166
11,94,166
11,95,165
11,96,164
11,97,164
11,98,163
11,99,162
11,100,162
11,101,162
11,102,162
11,103,162
11,104,162
11,105,162
11,106,161
11,107,161
11,108,160
11,109,160
11,110,159
11,111,159
11,112,158
11,113,157
11,114,157
11,115,156
11,116,155
11,117,155
11,118,154
11,119,154
11,120,153
11,121,153
11,122,153
11,123,153
11,124,154
11,125,154
11,126,155
11,127,155
11,128,156
11,129,156
11,130,157
11,131,157
11,132,157
11,133,157
11,134,157
11,135,156
11,136,156
11,137,156
11,138,156
11,139,157
11,140,158
11,141,159
11,142,160
11,143,161
11,144,161
11,145,161
11,146,161
11,147,160
11,148,159
11,149,158
12,0,161
12,1,161
12,2,160
12,3,161
12,4,161
12,5,163
12,6,172
12,7,185
12,8,200
12,9,210
12,10,213
12,11,214
12,12,209
12,13,185
12,14,142
12,15,102
12,16,95
12,17,95
12,18,95
12,19,96
12,20,96
12,21,97
12,22,98
12,23,99
12,24,99
12,25,99
12,26,99
12,27,99
12,28,99
12,29,99
12,30,99
12,31,99
12,32,98
12,33,97
12,34,97
12,35,95
12,36,94
12,37,93
12,38,92
12,39,91
12,40,91
12,41,91
12,42,90
12,43,90
12,44,90
12,45,91
12,46,92
12,47,92
12,48,95
12,49,95
12,50,96
12,51,97
12,52,97
12,53,97
12,54,98
12,55,98
12,56,97
12,57,98
12,58,98
12,59,98
12,60,98
12,61,99
12,62,100
12,63,102
12,64,107
12,65,113
12,66,120
12,67,126
12,68,132
12,69,138
12,70,142
12,71,144
12,72,148
12,73,148
12,74,148
12,75,149
12,76,149
12,77,150
12,78,152
12,79,153
12,80,156
12,81,157
12,82,158
12,83,159
12,84,160
12,85,161
12,86,163
12,87,163
12,88,166
12,89,167
12,90,168
12,91,168
12,92,167
12,93,166
12,94,165
12,95,165
12,96,164
12,97,164
12,98,163
12,99,163
12,100,162
12,101,162
12,102,162
12,103,162
12,104,161
12,105,161
12,106,161
12,107,161
12,108,160
12,109,159
12,110,159
12,111,159
12,112,157
12,113,157
12,114,157
12,115,156
12,116,155
12,117,154
12,118,154
12,119,154
12,120,154
12,121,153
12,122,153
12,123,153
12,124,154
12,125,154
12,126,155
12,127,155
12,128,156
12,129,157
12,130,157
12,131,158
12,132,158
12,133,157
12,134,157
12,135,157
12,136,156
12,137,156
12,138,156
12,139,156
12,140,157
12,141,158
12,142,160
12,143,161
12,144,161
12,145,161
12,146,161
12,147,160
12,148,158
12,149,157
13,0,161
13,1,160
13,2,159
13,3,161
13,4,161
13,5,162
13,6,171
13,7,184
13,8,200
13,9,210
13,10,213
13,11,214
13,12,211
13,13,195
13,14,156
13,15,111
13,16,95
13,17,95
13,18,95
13,19,96
13,20,96
13,21,96
13,22,98
13,23,99
13,24,99
13,25,99
13,26,99
13,27,99
13,28,99
13,29,99
13,30,99
13,31,99
13,32,97
13,33,97
13,34,96
13,35,95
13,36,94
13,37,93
13,38,92
13,39,92
13,40,92
13,41,92
13,42,91
13,43,91
13,44,91
13,45,92
13,46,93
13,47,93
13,48,95
13,49,96
13,50,96
13,51,97
13,52,97
13,53,98
13,54,98
13,55,98
13,56,97
13,57,98
13,58,98
13,59,98
13,60,97
13,61,98
13,62,99
13,63,101
13,64,104
13,65,110
13,66,117
13,67,123
13,68,129
13,69,135
13,70,139
13,71,141
13,72,143
13,73,143
13,74,144
13,75,144
13,76,144
13,77,146
13,78,147
13,79,148
13,80,151
13,81,152
13,82,154
13,83,155
13,84,156
13,85,157
13,86,159
13,87,160
13,88,162
13,89,164
13,90,166
13,91,167
13,92,166
13,93,165
13,94,165
13,95,165
13,96,164
13,97,164
13,98,164
13,99,163
13,100,163
13,101,162
13,102,162
13,103,162
13,104,161
13,105,161
13,106,161
13,107,160
13,108,160
13,109,159
13,110,159
13,111,159
13,112,158
13,113,157
13,114,157
13,115,156
13,116,155
13,117,154
13,118,154
13,119,154
13,120,154
13,121,154
13,122,153
13,123,154
13,124,154
13,125,154
13,126,155
13,127,155
13,128,157
13,129,157
13,130,158
13,131,158
13,132,158
13,133,158
13,134,157
13,135,157
13,136,156
13,137,156
13,138,156
13,139,156
13,140,157
13,141,158
13,142,159
13,143,160
13,144,160
13,145,160
13,146,160
13,147,159
13,148,158
13,149,157
14,0,162
14,1,161
14,2,160
14,3,162
14,4,162
14,5,163
14,6,171
14,7,184
14,8,200
14,9,209
14,10,214
14,11,215
14,12,213
14,13,204
14,14,172
14,15,127
14,16,100
14,17,97
14,18,94
14,19,95
14,20,96
14,21,97
14,22,97
14,23,98
14,24,98
14,25,99
14,26,99
14,27,99
14,28,99
14,29,99
14,30,99
14,31,98
14,32,98
14,33,97
14,34,97
14,35,96
14,36,95
14,37,94
14,38,93
14,39,92
14,40,94
14,41,93
14,42,92
14,43,92
14,44,93
14,45,94
14,46,94
14,47,94
14,48,96
14,49,96
14,50,96
14,51,97
14,52,97
14,53,98
14,54,98
14,55,98
14,56,97
14,57,98
14,58,98
14,59,97
14,60,97
14,61,98
14,62,99
14,63,101
14,64,103
14,65,108
14,66,114
14,67,119
14,68,124
14,69,129
14,70,133
14,71,134
14,72,135
14,73,136
14,74,136
14,75,137
14,76,138
14,77,139
14,78,140
14,79,141
14,80,144
14,81,146
14,82,148
14,83,149
14,84,150
14,85,152
14,86,154
14,87,155
14,88,158
14,89,160
14,90,163
14,91,165
14,92,166
14,93,166
14,94,165
14,95,165
14,96,164
14,97,164
14,98,164
14,99,164
14,100,163
14,101,162
14,102,162
14,103,161
14,104,161
14,105,161
14,106,161
14,107,161
14,108,160
14,109,160
14,110,159
14,111,159
14,112,158
14,113,158
14,114,157
14,115,157
14,116,156
14,117,155
14,118,154
14,119,154
14,120,154
14,121,154
14,122,153
14,123,153
14,124,154
14,125,154
14,126,155
14,127,156
14,128,157
14,129,157
14,130,158
14,131,158
14,132,158
14,133,158
14,134,157
14,135,157
14,136,157
14,137,157
14,138,156
14,139,156
14,140,157
14,141,158
14,142,159
14,143,159
14,144,160
14,145,160
14,146,160
14,147,159
14,148,158
14,149,157
15,0,163
15,1,162
15,2,162
15,3,163
15,4,163
15,5,163
15,6,172
15,7,185
15,8,199
15,9,207
15,10,214
15,11,216
15,12,215
15,13,211
15,14,186
15,15,143
15,16,104
15,17,98
15,18,93
15,19,93
15,20,96
15,21,97
15,22,97
15,23,96
15,24,98
15,25,98
15,26,99
15,27,99
15,28,99
15,29,99
15,30,99
15,31,98
15,32,99
15,33,98
15,34,97
15,35,96
15,36,95
15,37,94
15,38,93
15,39,93
15,40,95
15,41,94
15,42,93
15,43,93
15,44,94
15,45,95
15,46,95
15,47,95
15,48,96
15,49,96
15,50,96
15,51,97
15,52,97
15,53,98
15,54,98
15,55,98
15,56,98
15,57,98
15,58,98
15,59,97
15,60,97
15,61,98
15,62,99
15,63,101
15,64,104
15,65,108
15,66,113
15,67,117
15,68,121
15,69,124
15,70,127
15,71,128
15,72,129
15,73,130
15,74,130
15,75,131
15,76,132
15,77,133
15,78,135
15,79,136
15,80,139
15,81,140
15,82,142
15,83,144
15,84,145
15,85,147
15,86,149
15,87,151
15,88,154
15,89,158
15,90,162
15,91,165
15,92,166
15,93,166
15,94,166
15,95,166
15,96,164
15,97,164
15,98,164
15,99,164
15,100,164
15,101,163
15,102,162
15,103,161
15,104,162
15,105,161
15,106,161
15,107,161
15,108,161
15,109,160
15,110,160
15,111,160
15,112,159
15,113,159
15,114,158
15,115,157
15,116,156
15,117,155
15,118,155
15,119,155
15,120,154
15,121,154
15,122,153
15,123,153
15,124,154
15,125,154
15,126,155
15,127,156
15,128,157
15,129,157
15,130,158
15,131,158
15,132,158
15,133,158
15,134,157
15,135,157
15,136,157
15,137,157
15,138,157
15,139,157
15,140,157
15,141,158
15,142,159
15,143,159
15,144,159
15,145,159
15,146,159
15,147,159
15,148,158
15,149,157
16,0,162
16,1,163
16,2,163
16,3,164
16,4,166
16,5,168
16,6,174
16,7,183
16,8,197
16,9,208
16,10,213
16,11,216
16,12,216
16,13,212
16,14,195
16,15,162
16,16,116
16,17,96
16,18,93
16,19,94
16,20,93
16,21,96
16,22,94
16,23,95
16,24,95
16,25,97
16,26,98
16,27,98
16,28,98
16,29,98
16,30,98
16,31,97
16,32,99
16,33,98
16,34,97
16,35,96
16,36,95
16,37,95
16,38,95
16,39,95
16,40,95
16,41,95
16,42,95
16,43,95
16,44,95
16,45,95
16,46,95
16,47,95
16,48,96
16,49,97
16,50,97
16,51,98
16,52,98
16,53,98
16,54,98
16,55,98
16,56,98
16,57,97
16,58,96
16,59,96
16,60,96
16,61,98
16,62,101
16,63,103
16,64,106
16,65,110
16,66,114
16,67,116
16,68,119
16,69,122
16,70,123
16,71,122
16,72,120
16,73,121
16,74,122
16,75,122
16,76,122
16,77,122
16,78,124
16,79,126
16,80,129
16,81,130
16,82,132
16,83,135
16,84,139
16,85,142
16,86,145
16,87,146
16,88,148
16,89,152
16,90,156
16,91,161
16,92,164
16,93,167
16,94,166
16,95,165
16,96,164
16,97,164
16,98,164
16,99,164
16,100,164
16,101,164
16,102,163
16,103,162
16,104,162
16,105,162
16,106,161
16,107,161
16,108,161
16,109,161
16,110,161
16,111,160
16,112,159
16,113,159
16,114,158
16,115,157
16,116,156
16,117,155
16,118,155
16,119,154
16,120,154
16,121,154
16,122,154
16,123,154
16,124,154
16,125,154
16,126,155
16,127,155
16,128,157
16,129,157
16,130,158
16,131,159
16,132,159
16,133,159
16,134,158
16,135,158
16,136,158
16,137,158
16,138,157
16,139,157
16,140,157
16,141,158
16,142,159
16,143,159
16,144,160
16,145,160
16,146,160
16,147,159
16,148,158
16,149,157
17,0,164
17,1,165
17,2,165
17,3,166
17,4,168
17,5,169
17,6,175
17,7,183
17,8,196
17,9,207
17,10,213
17,11,217
17,12,216
17,13,215
17,14,201
17,15,171
17,16,125
17,17,100
17,18,95
17,19,97
17,20,94
17,21,95
17,22,94
17,23,94
17,24,95
17,25,97
17,26,99
17,27,99
17,28,99
17,29,100
17,30,100
17,31,99
17,32,99
17,33,98
17,34,98
17,35,97
17,36,96
17,37,96
17,38,96
17,39,96
17,40,96
17,41,96
17,42,96
17,43,96
17,44,96
17,45,96
17,46,96
17,47,96
17,48,97
17,49,97
17,50,98
17,51,98
17,52,98
17,53,98
17,54,98
17,55,98
17,56,98
17,57,97
17,58,97
17,59,97
17,60,98
17,61,100
17,62,102
17,63,104
17,64,108
17,65,112
17,66,116
17,67,118
17,68,120
17,69,123
17,70,123
17,71,121
17,72,117
17,73,115
17,74,113
17,75,113
17,76,114
17,77,115
17,78,116
17,79,118
17,80,119
17,81,121
17,82,124
17,83,128
17,84,133
17,85,138
17,86,142
17,87,144
17,88,147
17,89,149
17,90,154
17,91,158
17,92,163
17,93,166
17,94,167
17,95,165
17,96,165
17,97,165
17,98,164
17,99,164
17,100,165
17,101,164
17,102,164
17,103,163
17,104,162
17,105,162
17,106,162
17,107,161
17,108,162
17,109,162
17,110,161
17,111,161
17,112,159
17,113,159
17,114,158
17,115,157
17,116,156
17,117,156
17,118,155
17,119,155
17,120,154
17,121,154
17,122,154
17,123,154
17,124,154
17,125,154
17,126,155
17,127,155
17,128,157
17,129,157
17,130,158
17,131,159
17,132,159
17,133,159
17,134,158
17,135,158
17,136,158
17,137,158
17,138,157
17,139,157
17,140,157
17,141,158
17,142,159
17,143,159
17,144,160
17,145,160
17,146,160
17,147,159
17,148,158
17,149,157
18,0,166
18,1,167
18,2,169
18,3,170
18,4,172
18,5,173
18,6,177
18,7,183
18,8,194
18,9,205
18,10,211
18,11,216
18,12,216
18,13,216
18,14,206
18,15,181
18,16,136
18,17,102
18,18,94
18,19,98
18,20,94
18,21,93
18,22,94
18,23,94
18,24,95
18,25,96
18,26,98
18,27,98
18,28,99
18,29,100
18,30,101
18,31,100
18,32,99
18,33,99
18,34,99
18,35,98
18,36,98
18,37,98
18,38,98
18,39,98
18,40,97
18,41,97
18,42,97
18,43,97
18,44,97
18,45,97
18,46,97
18,47,97
18,48,97
18,49,98
18,50,98
18,51,98
18,52,98
18,53,98
18,54,98
18,55,98
18,56,98
18,57,98
18,58,98
18,59,98
18,60,99
18,61,101
18,62,104
18,63,106
18,64,109
18,65,114
18,66,118
18,67,120
18,68,122
18,69,123
18,70,121
18,71,117
18,72,113
18,73,108
18,74,103
18,75,101
18,76,102
18,77,103
18,78,104
18,79,105
18,80,106
18,81,109
18,82,113
18,83,119
18,84,125
18,85,131
18,86,137
18,87,140
18,88,144
18,89,145
18,90,148
18,91,153
18,92,159
18,93,165
18,94,166
18,95,165
18,96,166
18,97,166
18,98,165
18,99,165
18,100,165
18,101,165
18,102,164
18,103,164
18,104,163
18,105,163
18,106,162
18,107,162
18,108,162
18,109,162
18,110,161
18,111,161
18,112,160
18,113,159
18,114,159
18,115,158
18,116,157
18,117,156
18,118,155
18,119,155
18,120,154
18,121,154
18,122,154
18,123,154
18,124,154
18,125,154
18,126,154
18,127,155
18,128,156
18,129,157
18,130,158
18,131,158
18,132,159
18,133,159
18,134,159
18,135,158
18,136,158
18,137,158
18,138,157
18,139,157
18,140,157
18,141,158
18,142,159
18,143,159
18,144,160
18,145,160
18,146,160
18,147,159
18,148,158
18,149,157
19,0,168
19,1,170
19,2,172
19,3,174
19,4,176
19,5,176
19,6,179
19,7,183
19,8,192
19,9,203
19,10,210
19,11,215
19,12,217
19,13,217
19,14,209
19,15,190
19,16,149
19,17,107
19,18,93
19,19,98
19,20,94
19,21,94
19,22,95
19,23,93
19,24,93
19,25,94
19,26,96
19,27,96
19,28,97
19,29,99
19,30,101
19,31,101
19,32,101
19,33,100
19,34,100
19,35,100
19,36,99
19,37,99
19,38,99
19,39,99
19,40,98
19,41,99
19,42,99
19,43,99
19,44,99
19,45,99
19,46,98
19,47,98
19,48,98
19,49,98
19,50,98
19,51,98
19,52,98
19,53,98
19,54,98
19,55,98
19,56,97
19,57,97
19,58,98
19,59,99
19,60,101
19,61,103
19,62,106
19,63,108
19,64,112
19,65,116
19,66,120
19,67,121
19,68,122
19,69,121
19,70,118
19,71,113
19,72,108
19,73,102
19,74,96
19,75,92
19,76,91
19,77,91
19,78,91
19,79,91
19,80,94
19,81,98
19,82,105
19,83,111
19,84,118
19,85,125
19,86,131
19,87,135
19,88,139
19,89,140
19,90,143
19,91,147
19,92,155
19,93,162
19,94,165
19,95,165
19,96,166
19,97,166
19,98,166
19,99,165
19,100,165
19,101,165
19,102,165
19,103,165
19,104,164
19,105,163
19,106,163
19,107,163
19,108,163
19,109,162
19,110,162
19,111,161
19,112,160
19,113,160
19,114,159
19,115,158
19,116,157
19,117,156
19,118,156
19,119,155
19,120,154
19,121,154
19,122,154
19,123,154
19,124,153
19,125,153
19,126,154
19,127,155
19,128,156
19,129,157
19,130,158
19,131,158
19,132,159
19,133,159
19,134,159
19,135,159
19,136,158
19,137,158
19,138,157
19,139,157
19,140,158
19,141,158
19,142,159
19,143,159
19,144,160
19,145,160
19,146,160
19,147,159
19,148,158
19,149,158
20,0,170
20,1,173
20,2,176
20,3,178
20,4,180
20,5,180
20,6,181
20,7,184
20,8,193
20,9,202
20,10,211
20,11,215
20,12,219
20,13,219
20,14,213
20,15,199
20,16,166
20,17,120
20,18,97
20,19,98
20,20,95
20,21,94
20,22,94
20,23,91
20,24,92
20,25,93
20,26,94
20,27,95
20,28,96
20,29,99
20,30,101
20,31,102
20,32,102
20,33,102
20,34,102
20,35,101
20,36,101
20,37,100
20,38,100
20,39,100
20,40,100
20,41,100
20,42,100
20,43,100
20,44,100
20,45,100
20,46,99
20,47,99
20,48,98
20,49,98
20,50,98
20,51,98
20,52,98
20,53,98
20,54,98
20,55,98
20,56,96
20,57,97
20,58,98
20,59,100
20,60,102
20,61,105
20,62,109
20,63,111
20,64,115
20,65,118
20,66,121
20,67,122
20,68,121
20,69,119
20,70,114
20,71,109
20,72,102
20,73,97
20,74,90
20,75,85
20,76,81
20,77,79
20,78,78
20,79,79
20,80,84
20,81,89
20,82,96
20,83,104
20,84,112
20,85,120
20,86,126
20,87,130
20,88,134
20,89,136
20,90,138
20,91,142
20,92,149
20,93,158
20,94,163
20,95,166
20,96,166
20,97,166
20,98,166
20,99,166
20,100,166
20,101,165
20,102,165
20,103,165
20,104,164
20,105,164
20,106,163
20,107,163
20,108,163
20,109,163
20,110,162
20,111,162
20,112,161
20,113,160
20,114,160
20,115,159
20,116,158
20,117,157
20,118,156
20,119,156
20,120,155
20,121,155
20,122,154
20,123,154
20,124,153
20,125,153
20,126,154
20,127,155
20,128,156
20,129,157
20,130,158
20,131,158
20,132,159
20,133,159
20,134,159
20,135,159
20,136,158
20,137,158
20,138,158
20,139,158
20,140,158
20,141,158
20,142,159
20,143,159
20,144,160
20,145,160
20,146,160
20,147,159
20,148,158
20,149,158
21,0,172
21,1,176
21,2,179
21,3,181
21,4,183
21,5,183
21,6,183
21,7,185
21,8,194
21,9,202
21,10,210
21,11,217
21,12,220
21,13,222
21,14,217
21,15,208
21,16,180
21,17,136
21,18,104
21,19,97
21,20,95
21,21,94
21,22,93
21,23,89
21,24,91
21,25,92
21,26,93
21,27,94
21,28,95
21,29,98
21,30,101
21,31,102
21,32,103
21,33,103
21,34,103
21,35,102
21,36,102
21,37,101
21,38,101
21,39,100
21,40,101
21,41,101
21,42,101
21,43,101
21,44,101
21,45,100
21,46,99
21,47,99
21,48,98
21,49,98
21,50,98
21,51,98
21,52,98
21,53,98
21,54,98
21,55,98
21,56,97
21,57,98
21,58,100
21,59,102
21,60,105
21,61,108
21,62,112
21,63,114
21,64,119
21,65,121
21,66,122
21,67,121
21,68,119
21,69,115
21,70,109
21,71,104
21,72,94
21,73,90
21,74,84
21,75,78
21,76,72
21,77,69
21,78,69
21,79,70
21,80,74
21,81,79
21,82,86
21,83,95
21,84,104
21,85,113
21,86,120
21,87,124
21,88,128
21,89,131
21,90,134
21,91,137
21,92,143
21,93,152
21,94,160
21,95,165
21,96,166
21,97,166
21,98,167
21,99,167
21,100,166
21,101,166
21,102,165
21,103,165
21,104,165
21,105,164
21,106,164
21,107,163
21,108,163
21,109,163
21,110,162
21,111,162
21,112,161
21,113,161
21,114,160
21,115,159
21,116,158
21,117,157
21,118,157
21,119,156
21,120,155
21,121,155
21,122,154
21,123,154
21,124,153
21,125,154
21,126,155
21,127,155
21,128,157
21,129,157
21,130,158
21,131,158
21,132,159
21,133,159
21,134,159
21,135,159
21,136,158
21,137,158
21,138,158
21,139,158
21,140,158
21,141,159
21,142,159
21,143,159
21,144,160
21,145,160
21,146,160
21,147,159
21,148,158
21,149,158
22,0,175
22,1,179
22,2,181
22,3,184
22,4,186
22,5,186
22,6,185
22,7,186
22,8,192
22,9,199
22,10,208
22,11,215
22,12,220
22,13,223
22,14,219
22,15,214
22,16,194
22,17,156
22,18,116
22,19,99
22,20,96
22,21,95
22,22,92
22,23,91
22,24,90
22,25,91
22,26,92
22,27,92
22,28,94
22,29,97
22,30,100
22,31,101
22,32,103
22,33,103
22,34,103
22,35,103
22,36,102
22,37,102
22,38,101
22,39,101
22,40,101
22,41,101
22,42,102
22,43,101
22,44,101
22,45,100
22,46,99
22,47,99
22,48,98
22,49,98
22,50,98
22,51,98
22,52,98
22,53,98
22,54,98
22,55,98
22,56,98
22,57,100
22,58,102
22,59,105
22,60,108
22,61,112
22,62,115
22,63,118
22,64,121
22,65,122
22,66,121
22,67,117
22,68,114
22,69,109
22,70,103
22,71,97
22,72,88
22,73,83
22,74,77
22,75,71
22,76,67
22,77,64
22,78,64
22,79,65
22,80,67
22,81,70
22,82,76
22,83,84
22,84,94
22,85,103
22,86,111
22,87,115
22,88,121
22,89,125
22,90,129
22,91,131
22,92,136
22,93,144
22,94,155
22,95,162
22,96,166
22,97,167
22,98,168
22,99,168
22,100,168
22,101,167
22,102,166
22,103,166
22,104,165
22,105,165
22,106,164
22,107,164
22,108,164
22,109,163
22,110,162
22,111,162
22,112,161
22,113,161
22,114,160
22,115,160
22,116,159
22,117,158
22,118,157
22,119,157
22,120,155
22,121,155
22,122,154
22,123,154
22,124,153
22,125,154
22,126,155
22,127,156
22,128,157
22,129,157
22,130,158
22,131,158
22,132,159
22,133,159
22,134,159
22,135,159
22,136,159
22,137,159
22,138,159
22,139,158
22,140,159
22,141,159
22,142,159
22,143,159
22,144,160
22,145,160
22,146,160
22,147,159
22,148,159
22,149,158
23,0,176
23,1,180
23,2,183
23,3,186
23,4,188
23,5,188
23,6,187
23,7,187
23,8,189
23,9,195
23,10,203
23,11,211
23,12,218
23,13,221
23,14,219
23,15,216
23,16,207
23,17,175
23,18,130
23,19,105
23,20,100
23,21,97
23,22,93
23,23,93
23,24,89
23,25,90
23,26,91
23,27,91
23,28,92
23,29,96
23,30,99
23,31,100
23,32,102
23,33,102
23,34,103
23,35,103
23,36,103
23,37,102
23,38,102
23,39,102
23,40,102
23,41,102
23,42,102
23,43,101
23,44,101
23,45,100
23,46,99
23,47,99
23,48,98
23,49,98
23,50,98
23,51,98
23,52,98
23,53,98
23,54,98
23,55,98
23,56,100
23,57,101
23,58,104
23,59,107
23,60,111
23,61,114
23,62,118
23,63,120
23,64,121
23,65,121
23,66,119
23,67,114
23,68,109
23,69,104
23,70,98
23,71,92
23,72,85
23,73,80
23,74,73
23,75,68
23,76,64
23,77,62
23,78,62
23,79,63
23,80,63
23,81,65
23,82,69
23,83,77
23,84,86
23,85,96
23,86,104
23,87,108
23,88,116
23,89,120
23,90,125
23,91,127
23,92,130
23,93,138
23,94,150
23,95,158
23,96,166
23,97,167
23,98,168
23,99,169
23,100,168
23,101,167
23,102,167
23,103,166
23,104,165
23,105,165
23,106,164
23,107,164
23,108,164
23,109,163
23,110,162
23,111,162
23,112,162
23,113,161
23,114,161
23,115,160
23,116,159
23,117,158
23,118,157
23,119,157
23,120,155
23,121,155
23,122,154
23,123,154
23,124,153
23,125,154
23,126,155
23,127,156
23,128,157
23,129,157
23,130,158
23,131,158
23,132,159
23,133,159
23,134,159
23,135,159
23,136,159
23,137,159
23,138,159
23,139,159
23,140,159
23,141,159
23,142,159
23,143,159
23,144,160
23,145,160
23,146,160
23,147,160
23,148,159
23,149,158
24,0,178
24,1,181
24,2,185
24,3,188
24,4,190
24,5,190
24,6,189
24,7,189
24,8,189
24,9,192
24,10,198
24,11,207
24,12,214
24,13,218
24,14,219
24,15,220
24,16,210
24,17,196
24,18,160
24,19,123
24,20,105
24,21,97
24,22,92
24,23,92
24,24,89
24,25,91
24,26,87
24,27,90
24,28,95
24,29,94
24,30,97
24,31,99
24,32,99
24,33,100
24,34,102
24,35,102
24,36,102
24,37,102
24,38,102
24,39,102
24,40,101
24,41,101
24,42,101
24,43,100
24,44,99
24,45,98
24,46,97
24,47,97
24,48,97
24,49,96
24,50,96
24,51,97
24,52,97
24,53,98
24,54,98
24,55,98
24,56,100
24,57,104
24,58,107
24,59,110
24,60,113
24,61,117
24,62,120
24,63,122
24,64,120
24,65,118
24,66,114
24,67,109
24,68,103
24,69,98
24,70,91
24,71,84
24,72,75
24,73,72
24,74,67
24,75,64
24,76,62
24,77,63
24,78,63
24,79,64
24,80,60
24,81,61
24,82,64
24,83,69
24,84,77
24,85,86
24,86,95
24,87,100
24,88,107
24,89,115
24,90,117
24,91,122
24,92,127
24,93,130
24,94,143
24,95,153
24,96,161
24,97,169
24,98,171
24,99,169
24,100,170
24,101,170
24,102,168
24,103,168
24,104,165
24,105,165
24,106,165
24,107,165
24,108,165
24,109,164
24,110,163
24,111,163
24,112,162
24,113,161
24,114,161
24,115,160
24,116,159
24,117,158
24,118,157
24,119,157
24,120,155
24,121,155
24,122,154
24,123,154
24,124,154
24,125,155
24,126,156
24,127,156
24,128,156
24,129,157
24,130,158
24,131,158
24,132,159
24,133,159
24,134,159
24,135,159
24,136,160
24,137,159
24,138,159
24,139,159
24,140,159
24,141,159
24,142,159
24,143,160
24,144,159
24,145,160
24,146,160
24,147,160
24,148,159
24,149,158
25,0,178
25,1,180
25,2,184
25,3,187
25,4,189
25,5,190
25,6,190
25,7,190
25,8,189
25,9,191
25,10,196
25,11,205
25,12,213
25,13,217
25,14,220
25,15,220
25,16,217
25,17,207
25,18,185
25,19,153
25,20,123
25,21,105
25,22,96
25,23,91
25,24,89
25,25,89
25,26,85
25,27,87
25,28,91
25,29,91
25,30,94
25,31,96
25,32,98
25,33,99
25,34,101
25,35,102
25,36,102
25,37,102
25,38,102
25,39,102
25,40,101
25,41,101
25,42,100
25,43,100
25,44,99
25,45,98
25,46,97
25,47,96
25,48,95
25,49,95
25,50,95
25,51,96
25,52,96
25,53,97
25,54,98
25,55,99
25,56,103
25,57,106
25,58,110
25,59,113
25,60,116
25,61,120
25,62,122
25,63,122
25,64,120
25,65,116
25,66,110
25,67,104
25,68,97
25,69,92
25,70,86
25,71,80
25,72,70
25,73,68
25,74,65
25,75,62
25,76,62
25,77,62
25,78,62
25,79,63
25,80,62
25,81,62
25,82,64
25,83,67
25,84,73
25,85,81
25,86,90
25,87,95
25,88,101
25,89,109
25,90,113
25,91,119
25,92,124
25,93,127
25,94,137
25,95,149
25,96,161
25,97,169
25,98,171
25,99,170
25,100,171
25,101,171
25,102,168
25,103,168
25,104,166
25,105,166
25,106,165
25,107,165
25,108,165
25,109,164
25,110,163
25,111,163
25,112,162
25,113,161
25,114,161
25,115,160
25,116,159
25,117,158
25,118,157
25,119,157
25,120,156
25,121,155
25,122,154
25,123,154
25,124,154
25,125,155
25,126,156
25,127,156
25,128,156
25,129,157
25,130,158
25,131,158
25,132,159
25,133,159
25,134,160
25,135,160
25,136,160
25,137,160
25,138,159
25,139,159
25,140,159
25,141,159
25,142,160
25,143,160
25,144,160
25,145,160
25,146,160
25,147,160
25,148,159
25,149,159
26,0,178
26,1,179
26,2,182
26,3,186
26,4,189
26,5,191
26,6,191
26,7,190
26,8,190
26,9,190
26,10,194
26,11,202
26,12,210
26,13,215
26,14,218
26,15,220
26,16,220
26,17,217
26,18,208
26,19,186
26,20,151
26,21,117
26,22,98
26,23,91
26,24,91
26,25,90
26,26,87
26,27,88
26,28,91
26,29,91
26,30,92
26,31,93
26,32,97
26,33,98
26,34,100
26,35,101
26,36,101
26,37,101
26,38,101
26,39,101
26,40,101
26,41,100
26,42,100
26,43,99
26,44,97
26,45,96
26,46,96
26,47,95
26,48,94
26,49,94
26,50,94
26,51,95
26,52,96
26,53,98
26,54,100
26,55,102
26,56,106
26,57,109
26,58,112
26,59,116
26,60,120
26,61,122
26,62,122
26,63,120
26,64,116
26,65,111
26,66,104
26,67,97
26,68,89
26,69,84
26,70,79
26,71,73
26,72,66
26,73,65
26,74,63
26,75,63
26,76,62
26,77,62
26,78,62
26,79,62
26,80,62
26,81,62
26,82,62
26,83,64
26,84,68
26,85,74
26,86,82
26,87,88
26,88,94
26,89,100
26,90,108
26,91,112
26,92,118
26,93,122
26,94,131
26,95,145
26,96,161
26,97,169
26,98,172
26,99,172
26,100,173
26,101,172
26,102,169
26,103,168
26,104,167
26,105,166
26,106,165
26,107,165
26,108,164
26,109,164
26,110,163
26,111,163
26,112,162
26,113,162
26,114,161
26,115,160
26,116,159
26,117,159
26,118,158
26,119,157
26,120,156
26,121,155
26,122,155
26,123,154
26,124,155
26,125,155
26,126,156
26,127,156
26,128,156
26,129,157
26,130,158
26,131,159
26,132,159
26,133,160
26,134,160
26,135,160
26,136,160
26,137,160
26,138,159
26,139,159
26,140,159
26,141,159
26,142,160
26,143,160
26,144,160
26,145,160
26,146,161
26,147,160
26,148,160
26,149,160
27,0,178
27,1,178
27,2,180
27,3,184
27,4,188
27,5,191
27,6,192
27,7,191
27,8,191
27,9,190
27,10,192
27,11,198
27,12,206
27,13,211
27,14,215
27,15,218
27,16,220
27,17,220
27,18,217
27,19,206
27,20,180
27,21,140
27,22,106
27,23,94
27,24,90
27,25,88
27,26,86
27,27,88
27,28,90
27,29,90
27,30,92
27,31,93
27,32,95
27,33,96
27,34,98
27,35,99
27,36,100
27,37,101
27,38,101
27,39,101
27,40,100
27,41,99
27,42,98
27,43,97
27,44,96
27,45,95
27,46,94
27,47,93
27,48,93
27,49,94
27,50,94
27,51,95
27,52,97
27,53,100
27,54,103
27,55,105
27,56,108
27,57,111
27,58,114
27,59,118
27,60,121
27,61,122
27,62,119
27,63,116
27,64,109
27,65,103
27,66,97
27,67,90
27,68,83
27,69,78
27,70,73
27,71,67
27,72,64
27,73,64
27,74,64
27,75,65
27,76,64
27,77,64
27,78,63
27,79,62
27,80,61
27,81,61
27,82,61
27,83,62
27,84,64
27,85,70
27,86,77
27,87,82
27,88,88
27,89,93
27,90,102
27,91,105
27,92,111
27,93,117
27,94,126
27,95,144
27,96,163
27,97,170
27,98,173
27,99,173
27,100,173
27,101,172
27,102,170
27,103,169
27,104,168
27,105,167
27,106,166
27,107,165
27,108,164
27,109,164
27,110,163
27,111,163
27,112,162
27,113,162
27,114,161
27,115,161
27,116,160
27,117,159
27,118,158
27,119,158
27,120,156
27,121,156
27,122,155
27,123,155
27,124,155
27,125,155
27,126,156
27,127,156
27,128,156
27,129,157
27,130,158
27,131,158
27,132,159
27,133,160
27,134,160
27,135,160
27,136,160
27,137,160
27,138,160
27,139,159
27,140,159
27,141,160
27,142,160
27,143,160
27,144,159
27,145,160
27,146,160
27,147,160
27,148,160
27,149,160
28,0,178
28,1,177
28,2,178
28,3,182
28,4,187
28,5,190
28,6,192
28,7,192
28,8,192
28,9,191
28,10,191
28,11,195
28,12,201
28,13,206
28,14,211
28,15,213
28,16,218
28,17,220
28,18,220
28,19,217
28,20,203
28,21,172
28,22,131
28,23,105
28,24,94
28,25,87
28,26,87
28,27,89
28,28,89
28,29,90
28,30,92
28,31,93
28,32,94
28,33,95
28,34,96
28,35,98
28,36,99
28,37,100
28,38,100
28,39,100
28,40,98
28,41,98
28,42,97
28,43,95
28,44,94
28,45,93
28,46,92
28,47,91
28,48,92
28,49,92
28,50,93
28,51,95
28,52,98
28,53,102
28,54,105
28,55,108
28,56,111
28,57,113
28,58,116
28,59,119
28,60,121
28,61,120
28,62,116
28,63,112
28,64,103
28,65,97
28,66,89
28,67,83
28,68,76
28,69,71
28,70,68
28,71,64
28,72,64
28,73,64
28,74,65
28,75,65
28,76,64
28,77,63
28,78,62
28,79,61
28,80,61
28,81,61
28,82,61
28,83,61
28,84,63
28,85,67
28,86,72
28,87,77
28,88,82
28,89,86
28,90,95
28,91,100
28,92,105
28,93,113
28,94,125
28,95,147
28,96,166
28,97,171
28,98,173
28,99,173
28,100,172
28,101,172
28,102,171
28,103,171
28,104,169
28,105,168
28,106,167
28,107,165
28,108,164
28,109,164
28,110,163
28,111,163
28,112,162
28,113,162
28,114,161
28,115,161
28,116,160
28,117,159
28,118,158
28,119,158
28,120,156
28,121,156
28,122,155
28,123,155
28,124,155
28,125,155
28,126,156
28,127,156
28,128,156
28,129,157
28,130,157
28,131,158
28,132,159
28,133,159
28,134,160
28,135,160
28,136,160
28,137,160
28,138,160
28,139,159
28,140,159
28,141,160
28,142,160
28,143,160
28,144,159
28,145,159
28,146,160
28,147,160
28,148,160
28,149,159
29,0,177
29,1,177
29,2,177
29,3,180
29,4,185
29,5,189
29,6,192
29,7,193
29,8,193
29,9,192
29,10,192
29,11,194
29,12,197
29,13,201
29,14,204
29,15,207
29,16,214
29,17,217
29,18,220
29,19,220
29,20,215
29,21,201
29,22,166
29,23,128
29,24,101
29,25,88
29,26,87
29,27,92
29,28,93
29,29,93
29,30,93
29,31,93
29,32,94
29,33,94
29,34,96
29,35,97
29,36,99
29,37,99
29,38,99
29,39,99
29,40,97
29,41,96
29,42,95
29,43,93
29,44,92
29,45,90
29,46,90
29,47,89
29,48,89
29,49,91
29,50,93
29,51,96
29,52,99
29,53,104
29,54,108
29,55,110
29,56,115
29,57,117
29,58,119
29,59,120
29,60,120
29,61,118
29,62,112
29,63,108
29,64,100
29,65,92
29,66,83
29,67,76
29,68,70
29,69,67
29,70,66
29,71,64
29,72,64
29,73,64
29,74,65
29,75,65
29,76,63
29,77,62
29,78,61
29,79,60
29,80,61
29,81,61
29,82,61
29,83,61
29,84,61
29,85,63
29,86,66
29,87,69
29,88,74
29,89,80
29,90,88
29,91,94
29,92,99
29,93,108
29,94,127
29,95,152
29,96,169
29,97,172
29,98,174
29,99,173
29,100,171
29,101,171
29,102,171
29,103,172
29,104,170
29,105,169
29,106,167
29,107,166
29,108,165
29,109,164
29,110,163
29,111,163
29,112,162
29,113,161
29,114,161
29,115,160
29,116,160
29,117,159
29,118,158
29,119,158
29,120,157
29,121,156
29,122,156
29,123,155
29,124,155
29,125,155
29,126,155
29,127,156
29,128,156
29,129,156
29,130,157
29,131,157
29,132,158
29,133,159
29,134,159
29,135,160
29,136,160
29,137,160
29,138,159
29,139,159
29,140,159
29,141,159
29,142,160
29,143,160
29,144,159
29,145,159
29,146,160
29,147,160
29,148,159
29,149,159
30,0,176
30,1,175
30,2,176
30,3,179
30,4,184
30,5,189
30,6,192
30,7,194
30,8,194
30,9,193
30,10,193
30,11,194
30,12,195
30,13,197
30,14,200
30,15,202
30,16,208
30,17,213
30,18,218
30,19,220
30,20,219
30,21,217
30,22,197
30,23,169
30,24,127
30,25,102
30,26,91
30,27,92
30,28,92
30,29,94
30,30,95
30,31,95
30,32,95
30,33,95
30,34,96
30,35,97
30,36,98
30,37,98
30,38,98
30,39,97
30,40,95
30,41,94
30,42,93
30,43,91
30,44,90
30,45,89
30,46,88
30,47,88
30,48,89
30,49,91
30,50,95
30,51,99
30,52,102
30,53,107
30,54,111
30,55,113
30,56,118
30,57,120
30,58,121
30,59,121
30,60,118
30,61,115
30,62,109
30,63,104
30,64,98
30,65,89
30,66,80
30,67,74
30,68,69
30,69,67
30,70,68
30,71,67
30,72,65
30,73,66
30,74,66
30,75,66
30,76,65
30,77,64
30,78,63
30,79,63
30,80,63
30,81,63
30,82,64
30,83,64
30,84,63
30,85,63
30,86,64
30,87,64
30,88,68
30,89,74
30,90,79
30,91,85
30,92,91
30,93,102
30,94,130
30,95,159
30,96,170
30,97,173
30,98,174
30,99,173
30,100,171
30,101,171
30,102,171
30,103,171
30,104,170
30,105,169
30,106,168
30,107,167
30,108,166
30,109,165
30,110,163
30,111,163
30,112,161
30,113,161
30,114,161
30,115,160
30,116,160
30,117,159
30,118,158
30,119,158
30,120,157
30,121,157
30,122,156
30,123,155
30,124,155
30,125,155
30,126,155
30,127,155
30,128,156
30,129,156
30,130,156
30,131,157
30,132,158
30,133,158
30,134,159
30,135,159
30,136,160
30,137,160
30,138,159
30,139,159
30,140,159
30,141,159
30,142,160
30,143,160
30,144,159
30,145,160
30,146,160
30,147,160
30,148,159
30,149,159
31,0,175
31,1,175
31,2,175
31,3,178
31,4,183
31,5,188
31,6,193
31,7,195
31,8,194
31,9,194
31,10,194
31,11,194
31,12,194
31,13,194
31,14,197
31,15,200
31,16,204
31,17,210
31,18,215
31,19,219
31,20,222
31,21,222
31,22,215
31,23,206
31,24,174
31,25,134
31,26,107
31,27,96
31,28,91
31,29,93
31,30,95
31,31,97
31,32,96
31,33,96
31,34,96
31,35,96
31,36,97
31,37,97
31,38,96
31,39,96
31,40,94
31,41,93
31,42,92
31,43,90
31,44,89
31,45,88
31,46,87
31,47,87
31,48,90
31,49,92
31,50,97
31,51,101
31,52,105
31,53,109
31,54,113
31,55,116
31,56,119
31,57,120
31,58,121
31,59,120
31,60,117
31,61,112
31,62,106
31,63,101
31,64,96
31,65,88
31,66,80
31,67,76
31,68,72
31,69,71
31,70,71
31,71,71
31,72,68
31,73,68
31,74,69
31,75,68
31,76,67
31,77,66
31,78,67
31,79,67
31,80,68
31,81,68
31,82,69
31,83,69
31,84,69
31,85,68
31,86,67
31,87,66
31,88,66
31,89,71
31,90,72
31,91,77
31,92,84
31,93,97
31,94,132
31,95,164
31,96,171
31,97,173
31,98,175
31,99,174
31,100,171
31,101,170
31,102,171
31,103,171
31,104,170
31,105,170
31,106,168
31,107,167
31,108,166
31,109,165
31,110,164
31,111,163
31,112,161
31,113,161
31,114,161
31,115,160
31,116,159
31,117,159
31,118,158
31,119,158
31,120,157
31,121,157
31,122,156
31,123,155
31,124,155
31,125,155
31,126,155
31,127,155
31,128,155
31,129,156
31,130,156
31,131,156
31,132,157
31,133,158
31,134,158
31,135,158
31,136,160
31,137,159
31,138,159
31,139,159
31,140,159
31,141,159
31,142,159
31,143,160
31,144,160
31,145,160
31,146,160
31,147,160
31,148,160
31,149,159
32,0,175
32,1,176
32,2,177
32,3,179
32,4,182
32,5,187
32,6,192
32,7,195
32,8,195
32,9,195
32,10,195
32,11,194
32,12,193
32,13,195
32,14,197
32,15,198
32,16,200
32,17,206
32,18,211
32,19,214
32,20,219
32,21,223
32,22,224
32,23,222
32,24,206
32,25,185
32,26,140
32,27,106
32,28,95
32,29,95
32,30,98
32,31,96
32,32,94
32,33,95
32,34,96
32,35,97
32,36,97
32,37,96
32,38,95
32,39,95
32,40,92
32,41,92
32,42,90
32,43,88
32,44,86
32,45,86
32,46,87
32,47,88
32,48,89
32,49,95
32,50,100
32,51,104
32,52,109
32,53,112
32,54,115
32,55,120
32,56,122
32,57,123
32,58,122
32,59,119
32,60,117
32,61,113
32,62,107
32,63,100
32,64,93
32,65,90
32,66,86
32,67,83
32,68,82
32,69,81
32,70,80
32,71,78
32,72,75
32,73,75
32,74,76
32,75,76
32,76,75
32,77,75
32,78,75
32,79,76
32,80,76
32,81,76
32,82,76
32,83,77
32,84,77
32,85,76
32,86,74
32,87,73
32,88,69
32,89,71
32,90,72
32,91,71
32,92,77
32,93,103
32,94,141
32,95,168
32,96,171
32,97,174
32,98,176
32,99,173
32,100,170
32,101,171
32,102,172
32,103,172
32,104,169
32,105,169
32,106,168
32,107,167
32,108,167
32,109,166
32,110,164
32,111,163
32,112,162
32,113,161
32,114,160
32,115,160
32,116,160
32,117,159
32,118,159
32,119,158
32,120,158
32,121,157
32,122,156
32,123,156
32,124,155
32,125,155
32,126,155
32,127,155
32,128,154
32,129,155
32,130,155
32,131,156
32,132,157
32,133,157
32,134,157
32,135,158
32,136,158
32,137,159
32,138,159
32,139,159
32,140,159
32,141,159
32,142,160
32,143,160
32,144,159
32,145,159
32,146,159
32,147,159
32,148,159
32,149,160
33,0,178
33,1,178
33,2,179
33,3,179
33,4,182
33,5,186
33,6,191
33,7,194
33,8,194
33,9,195
33,10,195
33,11,193
33,12,193
33,13,194
33,14,196
33,15,197
33,16,200
33,17,203
33,18,206
33,19,209
33,20,214
33,21,219
33,22,223
33,23,222
33,24,220
33,25,205
33,26,174
33,27,136
33,28,105
33,29,96
33,30,98
33,31,94
33,32,96
33,33,96
33,34,96
33,35,96
33,36,96
33,37,95
33,38,95
33,39,95
33,40,92
33,41,91
33,42,89
33,43,87
33,44,86
33,45,87
33,46,88
33,47,89
33,48,92
33,49,98
33,50,103
33,51,107
33,52,112
33,53,115
33,54,118
33,55,122
33,56,124
33,57,125
33,58,124
33,59,121
33,60,119
33,61,115
33,62,109
33,63,102
33,64,96
33,65,93
33,66,89
33,67,87
33,68,86
33,69,86
33,70,85
33,71,84
33,72,82
33,73,82
33,74,83
33,75,83
33,76,82
33,77,82
33,78,82
33,79,83
33,80,83
33,81,83
33,82,83
33,83,84
33,84,84
33,85,83
33,86,82
33,87,80
33,88,78
33,89,77
33,90,77
33,91,76
33,92,83
33,93,113
33,94,151
33,95,171
33,96,172
33,97,175
33,98,175
33,99,173
33,100,171
33,101,172
33,102,172
33,103,172
33,104,171
33,105,170
33,106,170
33,107,169
33,108,168
33,109,166
33,110,164
33,111,163
33,112,162
33,113,161
33,114,161
33,115,160
33,116,160
33,117,160
33,118,159
33,119,159
33,120,158
33,121,157
33,122,156
33,123,156
33,124,155
33,125,155
33,126,155
33,127,155
33,128,155
33,129,155
33,130,155
33,131,156
33,132,156
33,133,157
33,134,157
33,135,157
33,136,158
33,137,159
33,138,159
33,139,159
33,140,159
33,141,159
33,142,160
33,143,160
33,144,160
33,145,159
33,146,159
33,147,159
33,148,159
33,149,159
34,0,181
34,1,180
34,2,180
34,3,179
34,4,180
34,5,183
34,6,188
34,7,191
34,8,194
34,9,195
34,10,195
34,11,194
34,12,193
34,13,194
34,14,195
34,15,195
34,16,199
34,17,199
34,18,200
34,19,203
34,20,206
34,21,212
34,22,217
34,23,220
34,24,221
34,25,214
34,26,201
34,27,168
34,28,127
34,29,104
34,30,98
34,31,97
34,32,97
34,33,96
34,34,96
34,35,95
34,36,95
34,37,94
34,38,94
34,39,94
34,40,92
34,41,90
34,42,88
34,43,86
34,44,85
34,45,87
34,46,90
34,47,92
34,48,97
34,49,102
34,50,107
34,51,111
34,52,116
34,53,119
34,54,123
34,55,127
34,56,127
34,57,128
34,58,127
34,59,124
34,60,122
34,61,118
34,62,112
34,63,106
34,64,100
34,65,98
34,66,95
34,67,93
34,68,93
34,69,93
34,70,92
34,71,92
34,72,90
34,73,91
34,74,91
34,75,91
34,76,91
34,77,91
34,78,91
34,79,91
34,80,91
34,81,92
34,82,92
34,83,92
34,84,92
34,85,92
34,86,91
34,87,90
34,88,89
34,89,85
34,90,84
34,91,84
34,92,95
34,93,129
34,94,162
34,95,173
34,96,175
34,97,176
34,98,175
34,99,173
34,100,172
34,101,173
34,102,173
34,103,172
34,104,170
34,105,170
34,106,170
34,107,169
34,108,168
34,109,166
34,110,164
34,111,163
34,112,163
34,113,162
34,114,162
34,115,161
34,116,161
34,117,160
34,118,159
34,119,158
34,120,158
34,121,157
34,122,157
34,123,156
34,124,155
34,125,155
34,126,155
34,127,155
34,128,155
34,129,155
34,130,155
34,131,156
34,132,156
34,133,156
34,134,156
34,135,156
34,136,158
34,137,159
34,138,159
34,139,159
34,140,159
34,141,159
34,142,159
34,143,160
34,144,160
34,145,160
34,146,160
34,147,159
34,148,159
34,149,159
35,0,182
35,1,181
35,2,180
35,3,179
35,4,178
35,5,180
35,6,184
35,7,188
35,8,194
35,9,195
35,10,196
35,11,194
35,12,193
35,13,193
35,14,194
35,15,195
35,16,197
35,17,197
35,18,198
35,19,201
35,20,203
35,21,205
35,22,209
35,23,213
35,24,218
35,25,217
35,26,215
35,27,196
35,28,163
35,29,127
35,30,101
35,31,100
35,32,97
35,33,96
35,34,96
35,35,95
35,36,95
35,37,94
35,38,93
35,39,93
35,40,91
35,41,89
35,42,86
35,43,85
35,44,86
35,45,88
35,46,93
35,47,96
35,48,102
35,49,107
35,50,111
35,51,115
35,52,119
35,53,123
35,54,126
35,55,130
35,56,129
35,57,130
35,58,129
35,59,127
35,60,123
35,61,119
35,62,114
35,63,109
35,64,105
35,65,103
35,66,101
35,67,100
35,68,99
35,69,99
35,70,98
35,71,98
35,72,97
35,73,97
35,74,98
35,75,98
35,76,98
35,77,98
35,78,98
35,79,98
35,80,98
35,81,98
35,82,98
35,83,99
35,84,99
35,85,98
35,86,97
35,87,97
35,88,94
35,89,93
35,90,91
35,91,93
35,92,112
35,93,146
35,94,170
35,95,173
35,96,177
35,97,177
35,98,175
35,99,173
35,100,173
35,101,174
35,102,174
35,103,172
35,104,169
35,105,170
35,106,170
35,107,170
35,108,169
35,109,167
35,110,165
35,111,164
35,112,164
35,113,163
35,114,162
35,115,161
35,116,160
35,117,159
35,118,158
35,119,158
35,120,158
35,121,157
35,122,157
35,123,156
35,124,156
35,125,155
35,126,155
35,127,155
35,128,155
35,129,155
35,130,155
35,131,155
35,132,156
35,133,156
35,134,156
35,135,156
35,136,158
35,137,158
35,138,159
35,139,159
35,140,159
35,141,159
35,142,159
35,143,159
35,144,160
35,145,160
35,146,160
35,147,160
35,148,159
35,149,159
36,0,183
36,1,181
36,2,180
36,3,179
36,4,178
36,5,178
36,6,182
36,7,186
36,8,193
36,9,195
36,10,197
36,11,195
36,12,194
36,13,194
36,14,194
36,15,194
36,16,196
36,17,196
36,18,198
36,19,201
36,20,203
36,21,203
36,22,204
36,23,207
36,24,212
36,25,214
36,26,215
36,27,210
36,28,195
36,29,159
36,30,116
36,31,99
36,32,96
36,33,96
36,34,95
36,35,95
36,36,95
36,37,94
36,38,93
36,39,92
36,40,90
36,41,88
36,42,87
36,43,87
36,44,89
36,45,92
36,46,97
36,47,101
36,48,107
36,49,111
36,50,114
36,51,118
36,52,122
36,53,125
36,54,127
36,55,131
36,56,130
36,57,130
36,58,130
36,59,128
36,60,124
36,61,120
36,62,116
36,63,112
36,64,110
36,65,108
36,66,106
36,67,105
36,68,104
36,69,103
36,70,103
36,71,102
36,72,102
36,73,102
36,74,102
36,75,103
36,76,103
36,77,103
36,78,103
36,79,103
36,80,103
36,81,103
36,82,103
36,83,103
36,84,103
36,85,103
36,86,102
36,87,101
36,88,98
36,89,99
36,90,95
36,91,101
36,92,128
36,93,159
36,94,173
36,95,175
36,96,179
36,97,177
36,98,175
36,99,174
36,100,175
36,101,175
36,102,174
36,103,172
36,104,171
36,105,171
36,106,172
36,107,172
36,108,170
36,109,169
36,110,167
36,111,166
36,112,164
36,113,163
36,114,162
36,115,161
36,116,161
36,117,160
36,118,159
36,119,158
36,120,158
36,121,158
36,122,157
36,123,157
36,124,156
36,125,156
36,126,155
36,127,155
36,128,155
36,129,155
36,130,155
36,131,155
36,132,155
36,133,156
36,134,156
36,135,156
36,136,157
36,137,158
36,138,159
36,139,159
36,140,159
36,141,159
36,142,159
36,143,159
36,144,159
36,145,159
36,146,159
36,147,160
36,148,160
36,149,160
37,0,184
37,1,182
37,2,181
37,3,180
37,4,178
37,5,178
37,6,181
37,7,185
37,8,192
37,9,195
37,10,197
37,11,196
37,12,195
37,13,194
37,14,195
37,15,195
37,16,196
37,17,196
37,18,198
37,19,201
37,20,202
37,21,203
37,22,204
37,23,206
37,24,205
37,25,206
37,26,210
37,27,211
37,28,208
37,29,186
37,30,143
37,31,104
37,32,97
37,33,96
37,34,96
37,35,95
37,36,95
37,37,94
37,38,92
37,39,91
37,40,90
37,41,88
37,42,88
37,43,90
37,44,93
37,45,96
37,46,101
37,47,106
37,48,111
37,49,115
37,50,118
37,51,121
37,52,125
37,53,126
37,54,128
37,55,130
37,56,131
37,57,131
37,58,130
37,59,128
37,60,125
37,61,121
37,62,117
37,63,115
37,64,114
37,65,113
37,66,111
37,67,110
37,68,109
37,69,108
37,70,106
37,71,105
37,72,106
37,73,106
37,74,107
37,75,107
37,76,108
37,77,108
37,78,108
37,79,108
37,80,108
37,81,108
37,82,107
37,83,107
37,84,107
37,85,107
37,86,106
37,87,105
37,88,103
37,89,103
37,90,100
37,91,111
37,92,142
37,93,166
37,94,175
37,95,178
37,96,180
37,97,178
37,98,176
37,99,175
37,100,176
37,101,176
37,102,174
37,103,172
37,104,172
37,105,172
37,106,172
37,107,171
37,108,170
37,109,168
37,110,167
37,111,166
37,112,165
37,113,164
37,114,163
37,115,163
37,116,162
37,117,162
37,118,161
37,119,160
37,120,158
37,121,158
37,122,158
37,123,157
37,124,157
37,125,156
37,126,156
37,127,156
37,128,155
37,129,155
37,130,155
37,131,155
37,132,155
37,133,156
37,134,156
37,135,157
37,136,157
37,137,158
37,138,159
37,139,159
37,140,159
37,141,159
37,142,159
37,143,159
37,144,159
37,145,159
37,146,159
37,147,160
37,148,160
37,149,160
38,0,184
38,1,182
38,2,181
38,3,180
38,4,178
38,5,177
38,6,180
38,7,184
38,8,191
38,9,194
38,10,197
38,11,196
38,12,195
38,13,195
38,14,195
38,15,195
38,16,196
38,17,196
38,18,198
38,19,200
38,20,202
38,21,203
38,22,204
38,23,205
38,24,206
38,25,206
38,26,209
38,27,211
38,28,209
38,29,202
38,30,169
38,31,123
38,32,99
38,33,97
38,34,96
38,35,95
38,36,94
38,37,93
38,38,91
38,39,90
38,40,91
38,41,90
38,42,91
38,43,95
38,44,98
38,45,101
38,46,106
38,47,111
38,48,115
38,49,119
38,50,121
38,51,124
38,52,127
38,53,128
38,54,128
38,55,130
38,56,132
38,57,132
38,58,131
38,59,129
38,60,125
38,61,122
38,62,119
38,63,118
38,64,117
38,65,117
38,66,115
38,67,114
38,68,113
38,69,112
38,70,111
38,71,110
38,72,110
38,73,110
38,74,110
38,75,111
38,76,112
38,77,112
38,78,112
38,79,111
38,80,112
38,81,111
38,82,111
38,83,111
38,84,110
38,85,110
38,86,109
38,87,108
38,88,107
38,89,106
38,90,107
38,91,125
38,92,154
38,93,172
38,94,176
38,95,179
38,96,180
38,97,179
38,98,177
38,99,177
38,100,177
38,101,176
38,102,174
38,103,172
38,104,172
38,105,173
38,106,173
38,107,172
38,108,171
38,109,170
38,110,169
38,111,169
38,112,169
38,113,168
38,114,166
38,115,165
38,116,164
38,117,163
38,118,161
38,119,160
38,120,159
38,121,158
38,122,158
38,123,158
38,124,157
38,125,157
38,126,156
38,127,156
38,128,155
38,129,155
38,130,155
38,131,155
38,132,155
38,133,155
38,134,156
38,135,156
38,136,157
38,137,158
38,138,159
38,139,159
38,140,159
38,141,158
38,142,158
38,143,159
38,144,159
38,145,159
38,146,159
38,147,160
38,148,160
38,149,160
39,0,184
39,1,182
39,2,181
39,3,180
39,4,177
39,5,176
39,6,178
39,7,183
39,8,190
39,9,193
39,10,196
39,11,196
39,12,195
39,13,194
39,14,195
39,15,195
39,16,196
39,17,197
39,18,198
39,19,200
39,20,203
39,21,204
39,22,204
39,23,203
39,24,204
39,25,206
39,26,206
39,27,207
39,28,208
39,29,207
39,30,185
39,31,145
39,32,101
39,33,98
39,34,96
39,35,94
39,36,93
39,37,92
39,38,91
39,39,90
39,40,91
39,41,91
39,42,93
39,43,98
39,44,102
39,45,105
39,46,109
39,47,114
39,48,118
39,49,121
39,50,124
39,51,126
39,52,128
39,53,129
39,54,128
39,55,130
39,56,133
39,57,133
39,58,131
39,59,129
39,60,126
39,61,122
39,62,121
39,63,121
39,64,119
39,65,119
39,66,118
39,67,117
39,68,116
39,69,115
39,70,114
39,71,113
39,72,112
39,73,112
39,74,112
39,75,113
39,76,114
39,77,114
39,78,114
39,79,113
39,80,114
39,81,113
39,82,113
39,83,112
39,84,112
39,85,111
39,86,110
39,87,109
39,88,110
39,89,107
39,90,113
39,91,136
39,92,162
39,93,175
39,94,177
39,95,179
39,96,180
39,97,179
39,98,177
39,99,177
39,100,177
39,101,176
39,102,174
39,103,172
39,104,174
39,105,174
39,106,175
39,107,175
39,108,175
39,109,174
39,110,175
39,111,175
39,112,173
39,113,172
39,114,170
39,115,167
39,116,165
39,117,163
39,118,161
39,119,160
39,120,159
39,121,159
39,122,158
39,123,158
39,124,157
39,125,157
39,126,156
39,127,156
39,128,156
39,129,156
39,130,155
39,131,155
39,132,155
39,133,155
39,134,155
39,135,156
39,136,157
39,137,158
39,138,159
39,139,159
39,140,159
39,141,158
39,142,158
39,143,158
39,144,159
39,145,159
39,146,160
39,147,160
39,148,160
39,149,160
40,0,180
40,1,181
40,2,180
40,3,179
40,4,178
40,5,177
40,6,178
40,7,178
40,8,185
40,9,190
40,10,194
40,11,195
40,12,194
40,13,194
40,14,195
40,15,195
40,16,198
40,17,198
40,18,199
40,19,200
40,20,201
40,21,202
40,22,204
40,23,205
40,24,203
40,25,207
40,26,205
40,27,206
40,28,207
40,29,208
40,30,198
40,31,168
40,32,115
40,33,94
40,34,96
40,35,92
40,36,92
40,37,92
40,38,90
40,39,93
40,40,93
40,41,95
40,42,98
40,43,102
40,44,107
40,45,112
40,46,116
40,47,119
40,48,120
40,49,123
40,50,126
40,51,127
40,52,128
40,53,129
40,54,129
40,55,129
40,56,131
40,57,131
40,58,129
40,59,127
40,60,126
40,61,124
40,62,122
40,63,122
40,64,120
40,65,121
40,66,120
40,67,119
40,68,118
40,69,117
40,70,117
40,71,117
40,72,115
40,73,115
40,74,115
40,75,115
40,76,116
40,77,116
40,78,115
40,79,114
40,80,114
40,81,117
40,82,113
40,83,114
40,84,114
40,85,112
40,86,113
40,87,112
40,88,111
40,89,109
40,90,125
40,91,152
40,92,169
40,93,175
40,94,179
40,95,181
40,96,180
40,97,179
40,98,179
40,99,179
40,100,178
40,101,177
40,102,175
40,103,173
40,104,176
40,105,179
40,106,178
40,107,178
40,108,181
40,109,182
40,110,180
40,111,179
40,112,175
40,113,175
40,114,173
40,115,170
40,116,167
40,117,164
40,118,162
40,119,161
40,120,160
40,121,159
40,122,159
40,123,158
40,124,158
40,125,157
40,126,157
40,127,156
40,128,155
40,129,156
40,130,156
40,131,155
40,132,155
40,133,155
40,134,155
40,135,156
40,136,157
40,137,157
40,138,158
40,139,159
40,140,159
40,141,159
40,142,159
40,143,159
40,144,159
40,145,159
40,146,159
40,147,159
40,148,160
40,149,161
41,0,177
41,1,178
41,2,179
41,3,179
41,4,178
41,5,178
41,6,178
41,7,178
41,8,184
41,9,189
41,10,194
41,11,195
41,12,195
41,13,195
41,14,196
41,15,197
41,16,198
41,17,198
41,18,199
41,19,200
41,20,201
41,21,202
41,22,204
41,23,205
41,24,205
41,25,207
41,26,204
41,27,205
41,28,206
41,29,210
41,30,205
41,31,182
41,32,131
41,33,100
41,34,95
41,35,93
41,36,93
41,37,94
41,38,93
41,39,93
41,40,96
41,41,98
41,42,102
41,43,107
41,44,111
41,45,115
41,46,119
41,47,121
41,48,121
41,49,124
41,50,126
41,51,126
41,52,127
41,53,128
41,54,130
41,55,130
41,56,131
41,57,130
41,58,129
41,59,127
41,60,126
41,61,124
41,62,123
41,63,123
41,64,121
41,65,121
41,66,121
41,67,120
41,68,119
41,69,118
41,70,118
41,71,118
41,72,116
41,73,116
41,74,115
41,75,115
41,76,115
41,77,115
41,78,115
41,79,114
41,80,114
41,81,117
41,82,113
41,83,113
41,84,114
41,85,112
41,86,112
41,87,111
41,88,110
41,89,114
41,90,134
41,91,158
41,92,173
41,93,177
41,94,179
41,95,181
41,96,179
41,97,180
41,98,180
41,99,181
41,100,181
41,101,179
41,102,177
41,103,176
41,104,180
41,105,185
41,106,187
41,107,186
41,108,187
41,109,185
41,110,182
41,111,181
41,112,176
41,113,175
41,114,174
41,115,171
41,116,167
41,117,164
41,118,162
41,119,162
41,120,160
41,121,160
41,122,159
41,123,158
41,124,158
41,125,158
41,126,157
41,127,156
41,128,156
41,129,156
41,130,156
41,131,156
41,132,156
41,133,156
41,134,156
41,135,157
41,136,158
41,137,158
41,138,158
41,139,159
41,140,159
41,141,159
41,142,159
41,143,159
41,144,159
41,145,159
41,146,159
41,147,159
41,148,160
41,149,160
42,0,174
42,1,176
42,2,178
42,3,179
42,4,179
42,5,178
42,6,178
42,7,178
42,8,184
42,9,189
42,10,193
42,11,195
42,12,196
42,13,197
42,14,197
42,15,198
42,16,198
42,17,199
42,18,199
42,19,200
42,20,201
42,21,202
42,22,204
42,23,205
42,24,206
42,25,206
42,26,203
42,27,204
42,28,205
42,29,210
42,30,210
42,31,195
42,32,151
42,33,107
42,34,93
42,35,93
42,36,92
42,37,93
42,38,95
42,39,95
42,40,100
42,41,103
42,42,107
42,43,112
42,44,116
42,45,119
42,46,122
42,47,123
42,48,123
42,49,124
42,50,125
42,51,125
42,52,125
42,53,127
42,54,129
42,55,131
42,56,129
42,57,128
42,58,127
42,59,126
42,60,125
42,61,124
42,62,124
42,63,123
42,64,122
42,65,122
42,66,122
42,67,121
42,68,120
42,69,119
42,70,119
42,71,119
42,72,118
42,73,117
42,74,116
42,75,115
42,76,114
42,77,114
42,78,114
42,79,114
42,80,115
42,81,116
42,82,112
42,83,112
42,84,113
42,85,111
42,86,111
42,87,110
42,88,109
42,89,122
42,90,146
42,91,167
42,92,177
42,93,179
42,94,179
42,95,180
42,96,178
42,97,179
42,98,181
42,99,182
42,100,183
42,101,182
42,102,182
42,103,182
42,104,185
42,105,189
42,106,192
42,107,193
42,108,192
42,109,189
42,110,184
42,111,182
42,112,177
42,113,176
42,114,175
42,115,172
42,116,168
42,117,165
42,118,163
42,119,162
42,120,161
42,121,160
42,122,159
42,123,159
42,124,159
42,125,158
42,126,157
42,127,157
42,128,157
42,129,157
42,130,157
42,131,157
42,132,156
42,133,156
42,134,157
42,135,158
42,136,158
42,137,159
42,138,159
42,139,159
42,140,159
42,141,159
42,142,158
42,143,158
42,144,159
42,145,159
42,146,159
42,147,159
42,148,160
42,149,160
43,0,172
43,1,174
43,2,177
43,3,178
43,4,178
43,5,178
43,6,177
43,7,177
43,8,183
43,9,188
43,10,193
43,11,196
43,12,197
43,13,197
43,14,198
43,15,198
43,16,200
43,17,200
43,18,200
43,19,200
43,20,201
43,21,202
43,22,203
43,23,205
43,24,205
43,25,205
43,26,203
43,27,204
43,28,204
43,29,207
43,30,210
43,31,202
43,32,167
43,33,116
43,34,94
43,35,95
43,36,92
43,37,93
43,38,98
43,39,100
43,40,103
43,41,106
43,42,112
43,43,117
43,44,120
43,45,122
43,46,123
43,47,123
43,48,122
43,49,124
43,50,124
43,51,122
43,52,122
43,53,124
43,54,127
43,55,128
43,56,126
43,57,126
43,58,125
43,59,124
43,60,123
43,61,123
43,62,122
43,63,122
43,64,123
43,65,122
43,66,122
43,67,121
43,68,120
43,69,119
43,70,119
43,71,119
43,72,119
43,73,118
43,74,116
43,75,114
43,76,113
43,77,112
43,78,112
43,79,113
43,80,113
43,81,113
43,82,111
43,83,111
43,84,112
43,85,110
43,86,108
43,87,109
43,88,110
43,89,131
43,90,157
43,91,172
43,92,178
43,93,179
43,94,179
43,95,179
43,96,177
43,97,179
43,98,182
43,99,183
43,100,184
43,101,185
43,102,187
43,103,188
43,104,187
43,105,188
43,106,190
43,107,192
43,108,193
43,109,191
43,110,186
43,111,183
43,112,180
43,113,179
43,114,176
43,115,173
43,116,170
43,117,167
43,118,164
43,119,163
43,120,162
43,121,161
43,122,160
43,123,160
43,124,159
43,125,159
43,126,158
43,127,158
43,128,158
43,129,158
43,130,158
43,131,157
43,132,157
43,133,157
43,134,158
43,135,158
43,136,159
43,137,159
43,138,159
43,139,159
43,140,159
43,141,159
43,142,158
43,143,158
43,144,159
43,145,159
43,146,159
43,147,159
43,148,160
43,149,160
44,0,174
44,1,175
44,2,177
44,3,177
44,4,177
44,5,177
44,6,177
44,7,177
44,8,181
44,9,185
44,10,191
44,11,194
44,12,195
44,13,197
44,14,199
44,15,199
44,16,201
44,17,201
44,18,201
44,19,200
44,20,201
44,21,202
44,22,203
44,23,204
44,24,205
44,25,204
44,26,204
44,27,204
44,28,202
44,29,204
44,30,207
44,31,204
44,32,178
44,33,127
44,34,97
44,35,97
44,36,95
44,37,97
44,38,102
44,39,105
44,40,107
44,41,111
44,42,116
44,43,120
44,44,123
44,45,123
44,46,122
44,47,122
44,48,121
44,49,121
44,50,120
44,51,119
44,52,119
44,53,121
44,54,123
44,55,124
44,56,123
44,57,123
44,58,123
44,59,122
44,60,122
44,61,122
44,62,122
44,63,122
44,64,123
44,65,122
44,66,121
44,67,120
44,68,119
44,69,119
44,70,118
44,71,118
44,72,120
44,73,118
44,74,116
44,75,113
44,76,111
44,77,110
44,78,110
44,79,110
44,80,110
44,81,110
44,82,109
44,83,109
44,84,110
44,85,108
44,86,106
44,87,107
44,88,115
44,89,141
44,90,164
44,91,174
44,92,178
44,93,179
44,94,179
44,95,180
44,96,180
44,97,182
44,98,185
44,99,188
44,100,188
44,101,188
44,102,189
44,103,189
44,104,187
44,105,187
44,106,189
44,107,192
44,108,191
44,109,189
44,110,188
44,111,187
44,112,185
44,113,183
44,114,179
44,115,175
44,116,172
44,117,168
44,118,166
44,119,165
44,120,164
44,121,163
44,122,161
44,123,161
44,124,160
44,125,160
44,126,159
44,127,159
44,128,158
44,129,158
44,130,158
44,131,158
44,132,158
44,133,158
44,134,158
44,135,159
44,136,159
44,137,159
44,138,159
44,139,159
44,140,159
44,141,159
44,142,159
44,143,159
44,144,159
44,145,159
44,146,159
44,147,159
44,148,159
44,149,160
45,0,176
45,1,177
45,2,178
45,3,178
45,4,177
45,5,177
45,6,177
45,7,177
45,8,177
45,9,181
45,10,185
45,11,188
45,12,191
45,13,195
45,14,198
45,15,199
45,16,201
45,17,201
45,18,201
45,19,200
45,20,200
45,21,201
45,22,203
45,23,204
45,24,207
45,25,205
45,26,204
45,27,203
45,28,202
45,29,204
45,30,207
45,31,207
45,32,186
45,33,139
45,34,101
45,35,99
45,36,99
45,37,102
45,38,106
45,39,107
45,40,113
45,41,116
45,42,120
45,43,123
45,44,124
45,45,123
45,46,121
45,47,119
45,48,117
45,49,117
45,50,117
45,51,117
45,52,118
45,53,120
45,54,120
45,55,119
45,56,121
45,57,121
45,58,121
45,59,121
45,60,122
45,61,122
45,62,122
45,63,122
45,64,123
45,65,122
45,66,121
45,67,120
45,68,119
45,69,119
45,70,118
45,71,118
45,72,119
45,73,118
45,74,116
45,75,113
45,76,110
45,77,108
45,78,108
45,79,108
45,80,107
45,81,106
45,82,107
45,83,107
45,84,107
45,85,106
45,86,104
45,87,108
45,88,125
45,89,151
45,90,171
45,91,176
45,92,179
45,93,182
45,94,182
45,95,184
45,96,186
45,97,188
45,98,191
45,99,193
45,100,193
45,101,190
45,102,188
45,103,186
45,104,186
45,105,189
45,106,194
45,107,197
45,108,192
45,109,188
45,110,190
45,111,194
45,112,190
45,113,187
45,114,183
45,115,178
45,116,174
45,117,170
45,118,168
45,119,167
45,120,165
45,121,164
45,122,163
45,123,162
45,124,161
45,125,161
45,126,160
45,127,160
45,128,159
45,129,159
45,130,159
45,131,159
45,132,158
45,133,158
45,134,159
45,135,159
45,136,159
45,137,159
45,138,159
45,139,159
45,140,159
45,141,159
45,142,159
45,143,159
45,144,159
45,145,159
45,146,159
45,147,159
45,148,159
45,149,160
46,0,178
46,1,179
46,2,180
46,3,179
46,4,178
46,5,177
46,6,177
46,7,177
46,8,175
46,9,177
46,10,179
46,11,181
46,12,184
46,13,189
46,14,195
46,15,198
46,16,200
46,17,200
46,18,199
46,19,199
46,20,199
46,21,201
46,22,203
46,23,205
46,24,207
46,25,205
46,26,205
46,27,204
46,28,203
46,29,204
46,30,207
46,31,208
46,32,193
46,33,154
46,34,111
46,35,103
46,36,104
46,37,107
46,38,109
46,39,111
46,40,118
46,41,120
46,42,123
46,43,125
46,44,123
46,45,120
46,46,117
46,47,115
46,48,114
46,49,114
46,50,114
46,51,116
46,52,118
46,53,120
46,54,118
46,55,116
46,56,117
46,57,118
46,58,119
46,59,120
46,60,121
46,61,122
46,62,122
46,63,122
46,64,123
46,65,122
46,66,120
46,67,120
46,68,120
46,69,119
46,70,119
46,71,119
46,72,118
46,73,118
46,74,116
46,75,113
46,76,110
46,77,108
46,78,106
46,79,106
46,80,105
46,81,104
46,82,106
46,83,104
46,84,104
46,85,104
46,86,104
46,87,110
46,88,136
46,89,161
46,90,176
46,91,178
46,92,183
46,93,187
46,94,188
46,95,190
46,96,191
46,97,192
46,98,194
46,99,194
46,100,193
46,101,190
46,102,186
46,103,183
46,104,184
46,105,189
46,106,199
46,107,203
46,108,197
46,109,191
46,110,193
46,111,198
46,112,195
46,113,192
46,114,186
46,115,180
46,116,176
46,117,172
46,118,170
46,119,169
46,120,167
46,121,166
46,122,164
46,123,163
46,124,162
46,125,161
46,126,161
46,127,160
46,128,160
46,129,160
46,130,160
46,131,160
46,132,159
46,133,159
46,134,160
46,135,160
46,136,160
46,137,159
46,138,159
46,139,159
46,140,159
46,141,159
46,142,159
46,143,159
46,144,159
46,145,159
46,146,159
46,147,159
46,148,159
46,149,159
47,0,178
47,1,180
47,2,181
47,3,180
47,4,179
47,5,177
47,6,177
47,7,176
47,8,175
47,9,176
47,10,176
47,11,175
47,12,178
47,13,184
47,14,191
47,15,195
47,16,199
47,17,198
47,18,198
47,19,198
47,20,199
47,21,201
47,22,203
47,23,205
47,24,206
47,25,205
47,26,206
47,27,205
47,28,204
47,29,205
47,30,206
47,31,206
47,32,198
47,33,167
47,34,122
47,35,109
47,36,108
47,37,111
47,38,113
47,39,118
47,40,121
47,41,122
47,42,124
47,43,124
47,44,122
47,45,118
47,46,114
47,47,111
47,48,112
47,49,112
47,50,113
47,51,116
47,52,119
47,53,121
47,54,118
47,55,114
47,56,114
47,57,115
47,58,117
47,59,119
47,60,121
47,61,122
47,62,122
47,63,122
47,64,123
47,65,122
47,66,121
47,67,120
47,68,120
47,69,121
47,70,120
47,71,120
47,72,118
47,73,118
47,74,117
47,75,114
47,76,110
47,77,107
47,78,105
47,79,105
47,80,105
47,81,104
47,82,105
47,83,103
47,84,102
47,85,103
47,86,104
47,87,112
47,88,144
47,89,167
47,90,180
47,91,180
47,92,186
47,93,191
47,94,192
47,95,194
47,96,195
47,97,194
47,98,193
47,99,192
47,100,191
47,101,188
47,102,185
47,103,183
47,104,181
47,105,187
47,106,199
47,107,206
47,108,201
47,109,194
47,110,195
47,111,199
47,112,198
47,113,194
47,114,188
47,115,182
47,116,177
47,117,173
47,118,171
47,119,170
47,120,168
47,121,167
47,122,165
47,123,163
47,124,162
47,125,162
47,126,161
47,127,161
47,128,160
47,129,161
47,130,161
47,131,160
47,132,160
47,133,160
47,134,161
47,135,161
47,136,160
47,137,160
47,138,160
47,139,159
47,140,159
47,141,158
47,142,158
47,143,158
47,144,159
47,145,159
47,146,159
47,147,159
47,148,159
47,149,159
48,0,178
48,1,179
48,2,179
48,3,179
48,4,178
48,5,177
48,6,176
48,7,175
48,8,172
48,9,172
48,10,171
48,11,170
48,12,171
48,13,175
48,14,183
48,15,188
48,16,192
48,17,194
48,18,195
48,19,195
48,20,197
48,21,201
48,22,203
48,23,203
48,24,206
48,25,205
48,26,205
48,27,205
48,28,205
48,29,204
48,30,206
48,31,208
48,32,202
48,33,186
48,34,146
48,35,116
48,36,113
48,37,115
48,38,117
48,39,121
48,40,123
48,41,124
48,42,124
48,43,122
48,44,117
48,45,111
48,46,107
48,47,106
48,48,105
48,49,109
48,50,115
48,51,120
48,52,122
48,53,121
48,54,118
48,55,116
48,56,112
48,57,115
48,58,115
48,59,115
48,60,118
48,61,119
48,62,118
48,63,119
48,64,118
48,65,120
48,66,120
48,67,120
48,68,122
48,69,125
48,70,124
48,71,122
48,72,119
48,73,118
48,74,117
48,75,115
48,76,113
48,77,109
48,78,107
48,79,107
48,80,107
48,81,110
48,82,108
48,83,108
48,84,112
48,85,113
48,86,121
48,87,139
48,88,163
48,89,176
48,90,187
48,91,189
48,92,189
48,93,188
48,94,190
48,95,192
48,96,189
48,97,193
48,98,190
48,99,189
48,100,189
48,101,186
48,102,184
48,103,181
48,104,176
48,105,182
48,106,195
48,107,204
48,108,201
48,109,196
48,110,196
48,111,198
48,112,197
48,113,195
48,114,190
48,115,183
48,116,177
48,117,175
48,118,175
48,119,174
48,120,170
48,121,169
48,122,167
48,123,166
48,124,165
48,125,164
48,126,162
48,127,161
48,128,162
48,129,162
48,130,162
48,131,162
48,132,161
48,133,161
48,134,160
48,135,160
48,136,161
48,137,161
48,138,161
48,139,160
48,140,159
48,141,158
48,142,158
48,143,159
48,144,160
48,145,160
48,146,160
48,147,160
48,148,159
48,149,159
49,0,176
49,1,176
49,2,176
49,3,176
49,4,175
49,5,174
49,6,173
49,7,172
49,8,170
49,9,170
49,10,168
49,11,166
49,12,166
49,13,170
49,14,176
49,15,181
49,16,187
49,17,190
49,18,192
49,19,194
49,20,196
49,21,199
49,22,202
49,23,203
49,24,203
49,25,203
49,26,204
49,27,205
49,28,205
49,29,205
49,30,207
49,31,209
49,32,209
49,33,197
49,34,162
49,35,130
49,36,118
49,37,119
49,38,123
49,39,123
49,40,125
49,41,125
49,42,123
49,43,119
49,44,113
49,45,107
49,46,103
49,47,102
49,48,105
49,49,109
49,50,114
49,51,118
49,52,118
49,53,116
49,54,113
49,55,111
49,56,110
49,57,113
49,58,113
49,59,112
49,60,112
49,61,111
49,62,110
49,63,111
49,64,114
49,65,115
49,66,117
49,67,119
49,68,121
49,69,121
49,70,121
49,71,120
49,72,119
49,73,118
49,74,116
49,75,112
49,76,111
49,77,115
49,78,123
49,79,129
49,80,127
49,81,131
49,82,134
49,83,140
49,84,146
49,85,147
49,86,152
49,87,165
49,88,176
49,89,185
49,90,191
49,91,191
49,92,189
49,93,186
49,94,185
49,95,186
49,96,188
49,97,193
49,98,191
49,99,191
49,100,191
49,101,188
49,102,185
49,103,180
49,104,177
49,105,181
49,106,191
49,107,200
49,108,200
49,109,197
49,110,197
49,111,198
49,112,198
49,113,196
49,114,192
49,115,185
49,116,179
49,117,176
49,118,175
49,119,175
49,120,172
49,121,171
49,122,168
49,123,167
49,124,166
49,125,165
49,126,164
49,127,163
49,128,162
49,129,162
49,130,162
49,131,162
49,132,162
49,133,162
49,134,161
49,135,161
49,136,161
49,137,161
49,138,161
49,139,160
49,140,159
49,141,158
49,142,159
49,143,159
49,144,160
49,145,160
49,146,160
49,147,160
49,148,159
49,149,159
50,0,173
50,1,172
50,2,172
50,3,171
50,4,170
50,5,169
50,6,169
50,7,168
50,8,167
50,9,166
50,10,164
50,11,161
50,12,161
50,13,164
50,14,169
50,15,174
50,16,180
50,17,184
50,18,188
50,19,191
50,20,193
50,21,195
50,22,198
50,23,200
50,24,200
50,25,200
50,26,202
50,27,204
50,28,205
50,29,205
50,30,206
50,31,208
50,32,208
50,33,204
50,34,179
50,35,147
50,36,125
50,37,123
50,38,129
50,39,126
50,40,126
50,41,123
50,42,119
50,43,114
50,44,107
50,45,101
50,46,98
50,47,97
50,48,101
50,49,103
50,50,105
50,51,105
50,52,103
50,53,100
50,54,99
50,55,98
50,56,100
50,57,102
50,58,103
50,59,103
50,60,105
50,61,104
50,62,102
50,63,103
50,64,103
50,65,106
50,66,111
50,67,115
50,68,116
50,69,116
50,70,116
50,71,118
50,72,118
50,73,124
50,74,129
50,75,131
50,76,134
50,77,144
50,78,157
50,79,165
50,80,163
50,81,166
50,82,171
50,83,178
50,84,181
50,85,180
50,86,180
50,87,185
50,88,187
50,89,190
50,90,192
50,91,190
50,92,188
50,93,184
50,94,182
50,95,183
50,96,188
50,97,196
50,98,196
50,99,196
50,100,195
50,101,192
50,102,187
50,103,181
50,104,179
50,105,179
50,106,187
50,107,196
50,108,198
50,109,196
50,110,197
50,111,199
50,112,199
50,113,196
50,114,192
50,115,187
50,116,182
50,117,178
50,118,176
50,119,176
50,120,174
50,121,173
50,122,171
50,123,170
50,124,169
50,125,168
50,126,166
50,127,165
50,128,164
50,129,164
50,130,163
50,131,163
50,132,162
50,133,162
50,134,162
50,135,162
50,136,161
50,137,161
50,138,161
50,139,160
50,140,159
50,141,159
50,142,159
50,143,159
50,144,159
50,145,159
50,146,159
50,147,159
50,148,160
50,149,160
51,0,170
51,1,170
51,2,169
51,3,168
51,4,167
51,5,167
51,6,166
51,7,166
51,8,164
51,9,163
51,10,161
51,11,159
51,12,159
51,13,162
51,14,166
51,15,170
51,16,176
51,17,180
51,18,185
51,19,187
51,20,188
51,21,189
51,22,192
51,23,194
51,24,196
51,25,197
51,26,199
51,27,201
51,28,201
51,29,202
51,30,203
51,31,204
51,32,205
51,33,205
51,34,192
51,35,165
51,36,135
51,37,126
51,38,130
51,39,126
51,40,124
51,41,119
51,42,113
51,43,107
51,44,101
51,45,95
51,46,93
51,47,92
51,48,94
51,49,93
51,50,90
51,51,87
51,52,84
51,53,82
51,54,83
51,55,83
51,56,83
51,57,87
51,58,91
51,59,96
51,60,100
51,61,99
51,62,98
51,63,99
51,64,102
51,65,106
51,66,111
51,67,114
51,68,119
51,69,128
51,70,139
51,71,148
51,72,150
51,73,160
51,74,171
51,75,176
51,76,178
51,77,183
51,78,190
51,79,193
51,80,190
51,81,190
51,82,193
51,83,197
51,84,197
51,85,193
51,86,190
51,87,189
51,88,190
51,89,190
51,90,189
51,91,187
51,92,185
51,93,182
51,94,181
51,95,184
51,96,191
51,97,201
51,98,203
51,99,202
51,100,200
51,101,195
51,102,190
51,103,184
51,104,182
51,105,181
51,106,185
51,107,193
51,108,196
51,109,194
51,110,195
51,111,199
51,112,198
51,113,195
51,114,192
51,115,189
51,116,184
51,117,178
51,118,177
51,119,178
51,120,175
51,121,175
51,122,174
51,123,173
51,124,172
51,125,170
51,126,168
51,127,167
51,128,165
51,129,165
51,130,164
51,131,163
51,132,163
51,133,163
51,134,163
51,135,163
51,136,161
51,137,161
51,138,161
51,139,160
51,140,159
51,141,159
51,142,159
51,143,159
51,144,159
51,145,159
51,146,159
51,147,159
51,148,160
51,149,160
52,0,169
52,1,169
52,2,168
52,3,168
52,4,168
52,5,167
52,6,167
52,7,167
52,8,165
52,9,164
52,10,163
52,11,161
52,12,161
52,13,163
52,14,166
52,15,168
52,16,172
52,17,176
52,18,180
52,19,182
52,20,181
52,21,181
52,22,183
52,23,185
52,24,191
52,25,192
52,26,194
52,27,195
52,28,196
52,29,197
52,30,198
52,31,199
52,32,204
52,33,206
52,34,203
52,35,184
52,36,151
52,37,130
52,38,129
52,39,125
52,40,121
52,41,115
52,42,107
52,43,101
52,44,95
52,45,90
52,46,87
52,47,86
52,48,87
52,49,83
52,50,78
52,51,74
52,52,72
52,53,71
52,54,71
52,55,71
52,56,71
52,57,76
52,58,83
52,59,90
52,60,94
52,61,95
52,62,99
52,63,106
52,64,116
52,65,127
52,66,137
52,67,143
52,68,152
52,69,168
52,70,184
52,71,193
52,72,191
52,73,198
52,74,206
52,75,207
52,76,203
52,77,202
52,78,204
52,79,202
52,80,197
52,81,195
52,82,196
52,83,199
52,84,198
52,85,195
52,86,192
52,87,189
52,88,189
52,89,187
52,90,185
52,91,184
52,92,183
52,93,180
52,94,179
52,95,183
52,96,194
52,97,204
52,98,208
52,99,207
52,100,203
52,101,196
52,102,192
52,103,187
52,104,186
52,105,185
52,106,187
52,107,192
52,108,193
52,109,191
52,110,192
52,111,198
52,112,198
52,113,195
52,114,192
52,115,188
52,116,183
52,117,178
52,118,176
52,119,177
52,120,176
52,121,177
52,122,177
52,123,177
52,124,176
52,125,174
52,126,171
52,127,169
52,128,167
52,129,167
52,130,166
52,131,165
52,132,164
52,133,163
52,134,163
52,135,162
52,136,162
52,137,162
52,138,162
52,139,161
52,140,160
52,141,159
52,142,159
52,143,159
52,144,159
52,145,159
52,146,159
52,147,159
52,148,160
52,149,160
53,0,168
53,1,169
53,2,170
53,3,170
53,4,171
53,5,171
53,6,171
53,7,171
53,8,170
53,9,169
53,10,167
53,11,166
53,12,165
53,13,165
53,14,166
53,15,166
53,16,169
53,17,171
53,18,174
53,19,174
53,20,173
53,21,172
53,22,174
53,23,177
53,24,184
53,25,185
53,26,187
53,27,187
53,28,189
53,29,192
53,30,196
53,31,197
53,32,202
53,33,205
53,34,206
53,35,197
53,36,166
53,37,137
53,38,126
53,39,122
53,40,116
53,41,110
53,42,101
53,43,94
53,44,89
53,45,84
53,46,80
53,47,79
53,48,76
53,49,73
53,50,69
53,51,67
53,52,66
53,53,65
53,54,64
53,55,63
53,56,65
53,57,68
53,58,73
53,59,80
53,60,87
53,61,97
53,62,115
53,63,132
53,64,146
53,65,161
53,66,175
53,67,184
53,68,192
53,69,203
53,70,210
53,71,211
53,72,206
53,73,208
53,74,209
53,75,207
53,76,201
53,77,200
53,78,201
53,79,199
53,80,195
53,81,193
53,82,194
53,83,195
53,84,194
53,85,192
53,86,189
53,87,186
53,88,184
53,89,182
53,90,181
53,91,184
53,92,186
53,93,182
53,94,180
53,95,184
53,96,194
53,97,205
53,98,210
53,99,209
53,100,205
53,101,196
53,102,192
53,103,189
53,104,188
53,105,189
53,106,190
53,107,192
53,108,192
53,109,189
53,110,189
53,111,194
53,112,198
53,113,196
53,114,192
53,115,187
53,116,182
53,117,178
53,118,176
53,119,177
53,120,178
53,121,179
53,122,181
53,123,181
53,124,180
53,125,177
53,126,174
53,127,172
53,128,171
53,129,170
53,130,169
53,131,167
53,132,166
53,133,164
53,134,163
53,135,163
53,136,162
53,137,162
53,138,162
53,139,161
53,140,160
53,141,159
53,142,159
53,143,159
53,144,159
53,145,159
53,146,159
53,147,159
53,148,160
53,149,160
54,0,169
54,1,170
54,2,172
54,3,174
54,4,175
54,5,175
54,6,175
54,7,175
54,8,173
54,9,173
54,10,172
54,11,170
54,12,169
54,13,167
54,14,165
54,15,164
54,16,165
54,17,165
54,18,166
54,19,166
54,20,165
54,21,165
54,22,167
54,23,170
54,24,175
54,25,177
54,26,179
54,27,180
54,28,184
54,29,190
54,30,196
54,31,199
54,32,201
54,33,204
54,34,205
54,35,201
54,36,177
54,37,141
54,38,122
54,39,117
54,40,108
54,41,102
54,42,93
54,43,87
54,44,82
54,45,77
54,46,73
54,47,71
54,48,66
54,49,65
54,50,63
54,51,62
54,52,61
54,53,61
54,54,61
54,55,60
54,56,63
54,57,63
54,58,68
54,59,81
54,60,99
54,61,119
54,62,144
54,63,165
54,64,180
54,65,187
54,66,196
54,67,201
54,68,207
54,69,213
54,70,213
54,71,210
54,72,208
54,73,205
54,74,204
54,75,200
54,76,192
54,77,191
54,78,193
54,79,192
54,80,192
54,81,192
54,82,191
54,83,189
54,84,188
54,85,186
54,86,184
54,87,182
54,88,181
54,89,178
54,90,180
54,91,188
54,92,192
54,93,187
54,94,183
54,95,184
54,96,192
54,97,202
54,98,207
54,99,210
54,100,207
54,101,197
54,102,192
54,103,189
54,104,189
54,105,191
54,106,192
54,107,191
54,108,191
54,109,189
54,110,188
54,111,190
54,112,196
54,113,195
54,114,191
54,115,186
54,116,181
54,117,180
54,118,179
54,119,179
54,120,182
54,121,183
54,122,184
54,123,184
54,124,183
54,125,180
54,126,178
54,127,176
54,128,175
54,129,174
54,130,173
54,131,171
54,132,168
54,133,166
54,134,164
54,135,164
54,136,163
54,137,163
54,138,162
54,139,162
54,140,160
54,141,159
54,142,159
54,143,159
54,144,159
54,145,159
54,146,159
54,147,159
54,148,160
54,149,160
55,0,169
55,1,171
55,2,173
55,3,176
55,4,178
55,5,178
55,6,178
55,7,177
55,8,174
55,9,174
55,10,173
55,11,172
55,12,171
55,13,168
55,14,165
55,15,163
55,16,161
55,17,160
55,18,161
55,19,161
55,20,160
55,21,160
55,22,163
55,23,167
55,24,169
55,25,171
55,26,173
55,27,176
55,28,181
55,29,190
55,30,197
55,31,201
55,32,204
55,33,206
55,34,206
55,35,203
55,36,182
55,37,143
55,38,118
55,39,111
55,40,101
55,41,95
55,42,87
55,43,81
55,44,76
55,45,72
55,46,67
55,47,65
55,48,62
55,49,61
55,50,60
55,51,59
55,52,59
55,53,59
55,54,61
55,55,62
55,56,63
55,57,63
55,58,71
55,59,93
55,60,122
55,61,146
55,62,167
55,63,183
55,64,193
55,65,195
55,66,199
55,67,205
55,68,211
55,69,213
55,70,210
55,71,208
55,72,204
55,73,199
55,74,197
55,75,192
55,76,184
55,77,183
55,78,187
55,79,188
55,80,188
55,81,189
55,82,186
55,83,183
55,84,183
55,85,182
55,86,181
55,87,182
55,88,182
55,89,179
55,90,181
55,91,191
55,92,198
55,93,191
55,94,183
55,95,182
55,96,190
55,97,199
55,98,206
55,99,211
55,100,209
55,101,199
55,102,192
55,103,189
55,104,190
55,105,192
55,106,192
55,107,191
55,108,191
55,109,189
55,110,187
55,111,187
55,112,194
55,113,194
55,114,190
55,115,185
55,116,182
55,117,182
55,118,183
55,119,183
55,120,185
55,121,185
55,122,186
55,123,186
55,124,184
55,125,183
55,126,181
55,127,180
55,128,178
55,129,177
55,130,175
55,131,173
55,132,170
55,133,168
55,134,166
55,135,164
55,136,163
55,137,163
55,138,163
55,139,162
55,140,160
55,141,159
55,142,159
55,143,159
55,144,159
55,145,159
55,146,159
55,147,159
55,148,160
55,149,160
56,0,171
56,1,173
56,2,175
56,3,177
56,4,179
56,5,179
56,6,179
56,7,179
56,8,177
56,9,177
56,10,177
56,11,175
56,12,173
56,13,170
56,14,166
56,15,162
56,16,157
56,17,156
56,18,155
56,19,156
56,20,158
56,21,159
56,22,161
56,23,164
56,24,164
56,25,168
56,26,173
56,27,179
56,28,186
56,29,194
56,30,200
56,31,203
56,32,202
56,33,207
56,34,204
56,35,201
56,36,182
56,37,140
56,38,111
56,39,102
56,40,95
56,41,86
56,42,79
56,43,72
56,44,67
56,45,65
56,46,64
56,47,59
56,48,57
56,49,61
56,50,60
56,51,59
56,52,62
56,53,59
56,54,62
56,55,74
56,56,75
56,57,79
56,58,96
56,59,125
56,60,151
56,61,167
56,62,179
56,63,188
56,64,194
56,65,194
56,66,195
56,67,197
56,68,203
56,69,208
56,70,206
56,71,202
56,72,197
56,73,193
56,74,189
56,75,185
56,76,182
56,77,181
56,78,181
56,79,183
56,80,181
56,81,182
56,82,181
56,83,180
56,84,180
56,85,179
56,86,181
56,87,186
56,88,187
56,89,183
56,90,182
56,91,189
56,92,199
56,93,199
56,94,189
56,95,182
56,96,185
56,97,193
56,98,204
56,99,210
56,100,209
56,101,202
56,102,194
56,103,188
56,104,192
56,105,193
56,106,194
56,107,192
56,108,191
56,109,190
56,110,187
56,111,184
56,112,189
56,113,190
56,114,188
56,115,184
56,116,181
56,117,182
56,118,185
56,119,187
56,120,187
56,121,186
56,122,184
56,123,184
56,124,184
56,125,184
56,126,182
56,127,181
56,128,177
56,129,180
56,130,182
56,131,180
56,132,173
56,133,168
56,134,167
56,135,164
56,136,164
56,137,164
56,138,163
56,139,161
56,140,160
56,141,159
56,142,159
56,143,159
56,144,157
56,145,158
56,146,158
56,147,159
56,148,159
56,149,159
57,0,172
57,1,174
57,2,176
57,3,178
57,4,180
57,5,181
57,6,181
57,7,181
57,8,179
57,9,179
57,10,178
57,11,177
57,12,175
57,13,172
57,14,168
57,15,164
57,16,160
57,17,157
57,18,156
57,19,156
57,20,157
57,21,158
57,22,160
57,23,162
57,24,164
57,25,169
57,26,176
57,27,183
57,28,190
57,29,197
57,30,201
57,31,203
57,32,204
57,33,207
57,34,204
57,35,201
57,36,180
57,37,135
57,38,104
57,39,97
57,40,89
57,41,81
57,42,73
57,43,68
57,44,65
57,45,64
57,46,63
57,47,59
57,48,61
57,49,59
57,50,56
57,51,58
57,52,65
57,53,74
57,54,90
57,55,107
57,56,117
57,57,120
57,58,134
57,59,155
57,60,172
57,61,179
57,62,183
57,63,187
57,64,189
57,65,189
57,66,188
57,67,190
57,68,195
57,69,198
57,70,197
57,71,193
57,72,189
57,73,186
57,74,183
57,75,182
57,76,182
57,77,181
57,78,180
57,79,180
57,80,180
57,81,180
57,82,179
57,83,178
57,84,177
57,85,177
57,86,183
57,87,191
57,88,195
57,89,191
57,90,186
57,91,187
57,92,196
57,93,199
57,94,193
57,95,184
57,96,183
57,97,190
57,98,199
57,99,207
57,100,208
57,101,204
57,102,196
57,103,191
57,104,193
57,105,195
57,106,195
57,107,193
57,108,191
57,109,191
57,110,188
57,111,185
57,112,187
57,113,187
57,114,186
57,115,184
57,116,183
57,117,186
57,118,188
57,119,189
57,120,189
57,121,188
57,122,187
57,123,185
57,124,185
57,125,185
57,126,186
57,127,186
57,128,182
57,129,182
57,130,185
57,131,183
57,132,176
57,133,172
57,134,168
57,135,164
57,136,164
57,137,164
57,138,163
57,139,162
57,140,160
57,141,159
57,142,159
57,143,158
57,144,159
57,145,159
57,146,159
57,147,159
57,148,159
57,149,158
58,0,173
58,1,174
58,2,176
58,3,179
58,4,181
58,5,182
58,6,182
58,7,182
58,8,181
58,9,181
58,10,180
58,11,179
58,12,177
58,13,174
58,14,170
58,15,167
58,16,163
58,17,160
58,18,157
58,19,156
58,20,157
58,21,157
58,22,159
58,23,160
58,24,166
58,25,172
58,26,181
58,27,189
58,28,195
58,29,200
58,30,202
58,31,203
58,32,204
58,33,206
58,34,203
58,35,201
58,36,179
58,37,130
58,38,95
58,39,88
58,40,78
58,41,72
58,42,66
58,43,63
58,44,63
58,45,63
58,46,61
58,47,59
58,48,59
58,49,60
58,50,64
58,51,73
58,52,86
58,53,105
58,54,129
58,55,149
58,56,160
58,57,160
58,58,165
58,59,173
58,60,179
58,61,180
58,62,180
58,63,181
58,64,183
58,65,181
58,66,180
58,67,181
58,68,183
58,69,185
58,70,185
58,71,183
58,72,181
58,73,179
58,74,178
58,75,179
58,76,181
58,77,180
58,78,177
58,79,176
58,80,176
58,81,176
58,82,176
58,83,176
58,84,175
58,85,176
58,86,184
58,87,197
58,88,202
58,89,199
58,90,190
58,91,185
58,92,193
58,93,201
58,94,197
58,95,188
58,96,182
58,97,186
58,98,193
58,99,201
58,100,206
58,101,205
58,102,199
58,103,194
58,104,195
58,105,196
58,106,196
58,107,194
58,108,192
58,109,191
58,110,189
58,111,186
58,112,183
58,113,183
58,114,183
58,115,185
58,116,188
58,117,191
58,118,193
58,119,193
58,120,193
58,121,192
58,122,191
58,123,189
58,124,187
58,125,188
58,126,190
58,127,191
58,128,183
58,129,183
58,130,191
58,131,190
58,132,180
58,133,175
58,134,169
58,135,167
58,136,165
58,137,164
58,138,163
58,139,162
58,140,161
58,141,160
58,142,159
58,143,158
58,144,159
58,145,159
58,146,159
58,147,159
58,148,158
58,149,158
59,0,173
59,1,174
59,2,176
59,3,178
59,4,180
59,5,181
59,6,182
59,7,182
59,8,182
59,9,182
59,10,182
59,11,180
59,12,178
59,13,176
59,14,173
59,15,170
59,16,167
59,17,165
59,18,161
59,19,159
59,20,157
59,21,156
59,22,158
59,23,161
59,24,168
59,25,176
59,26,186
59,27,193
59,28,198
59,29,201
59,30,203
59,31,202
59,32,203
59,33,205
59,34,204
59,35,200
59,36,179
59,37,129
59,38,89
59,39,80
59,40,69
59,41,65
59,42,61
59,43,61
59,44,62
59,45,61
59,46,59
59,47,60
59,48,63
59,49,79
59,50,98
59,51,114
59,52,128
59,53,144
59,54,161
59,55,175
59,56,182
59,57,180
59,58,178
59,59,177
59,60,176
59,61,176
59,62,177
59,63,178
59,64,178
59,65,176
59,66,174
59,67,175
59,68,176
59,69,177
59,70,178
59,71,179
59,72,178
59,73,177
59,74,177
59,75,178
59,76,178
59,77,176
59,78,174
59,79,172
59,80,170
59,81,171
59,82,174
59,83,176
59,84,176
59,85,175
59,86,186
59,87,201
59,88,204
59,89,202
59,90,193
59,91,186
59,92,192
59,93,202
59,94,199
59,95,191
59,96,182
59,97,183
59,98,188
59,99,196
59,100,203
59,101,203
59,102,199
59,103,194
59,104,195
59,105,197
59,106,197
59,107,194
59,108,192
59,109,190
59,110,187
59,111,184
59,112,181
59,113,182
59,114,184
59,115,187
59,116,192
59,117,195
59,118,196
59,119,196
59,120,195
59,121,195
59,122,194
59,123,194
59,124,193
59,125,193
59,126,192
59,127,192
59,128,186
59,129,182
59,130,194
59,131,196
59,132,188
59,133,183
59,134,174
59,135,171
59,136,165
59,137,165
59,138,164
59,139,163
59,140,161
59,141,160
59,142,159
59,143,158
59,144,158
59,145,158
59,146,158
59,147,158
59,148,159
59,149,159
60,0,174
60,1,175
60,2,176
60,3,177
60,4,179
60,5,180
60,6,181
60,7,182
60,8,182
60,9,183
60,10,182
60,11,180
60,12,178
60,13,177
60,14,175
60,15,173
60,16,171
60,17,169
60,18,167
60,19,163
60,20,159
60,21,157
60,22,159
60,23,162
60,24,170
60,25,178
60,26,188
60,27,195
60,28,199
60,29,201
60,30,202
60,31,202
60,32,201
60,33,204
60,34,204
60,35,201
60,36,180
60,37,129
60,38,83
60,39,72
60,40,64
60,41,62
60,42,60
60,43,60
60,44,61
60,45,57
60,46,59
60,47,67
60,48,86
60,49,117
60,50,144
60,51,158
60,52,167
60,53,172
60,54,176
60,55,183
60,56,184
60,57,183
60,58,180
60,59,178
60,60,176
60,61,175
60,62,176
60,63,176
60,64,175
60,65,174
60,66,174
60,67,174
60,68,175
60,69,176
60,70,178
60,71,179
60,72,179
60,73,178
60,74,178
60,75,177
60,76,175
60,77,172
60,78,170
60,79,170
60,80,167
60,81,168
60,82,171
60,83,176
60,84,176
60,85,177
60,86,187
60,87,202
60,88,206
60,89,204
60,90,195
60,91,188
60,92,193
60,93,201
60,94,201
60,95,196
60,96,186
60,97,185
60,98,187
60,99,193
60,100,200
60,101,200
60,102,196
60,103,192
60,104,193
60,105,196
60,106,197
60,107,194
60,108,191
60,109,188
60,110,184
60,111,181
60,112,181
60,113,183
60,114,187
60,115,192
60,116,195
60,117,196
60,118,197
60,119,198
60,120,196
60,121,196
60,122,198
60,123,200
60,124,202
60,125,201
60,126,197
60,127,194
60,128,192
60,129,182
60,130,191
60,131,197
60,132,193
60,133,190
60,134,179
60,135,172
60,136,165
60,137,165
60,138,164
60,139,163
60,140,162
60,141,160
60,142,159
60,143,159
60,144,158
60,145,158
60,146,158
60,147,158
60,148,159
60,149,159
61,0,174
61,1,174
61,2,174
61,3,175
61,4,177
61,5,179
61,6,181
61,7,182
61,8,182
61,9,182
61,10,182
61,11,180
61,12,179
61,13,179
61,14,177
61,15,176
61,16,174
61,17,173
61,18,171
61,19,167
61,20,163
61,21,160
61,22,161
61,23,164
61,24,171
61,25,179
61,26,189
61,27,196
61,28,199
61,29,201
61,30,202
61,31,202
61,32,200
61,33,203
61,34,204
61,35,201
61,36,179
61,37,125
61,38,76
61,39,65
61,40,62
61,41,61
61,42,60
61,43,60
61,44,60
61,45,56
61,46,65
61,47,84
61,48,119
61,49,151
61,50,174
61,51,180
61,52,182
61,53,180
61,54,177
61,55,180
61,56,179
61,57,178
61,58,177
61,59,175
61,60,174
61,61,174
61,62,174
61,63,175
61,64,175
61,65,176
61,66,176
61,67,176
61,68,177
61,69,178
61,70,179
61,71,180
61,72,179
61,73,178
61,74,177
61,75,175
61,76,171
61,77,168
61,78,167
61,79,168
61,80,167
61,81,167
61,82,170
61,83,174
61,84,177
61,85,179
61,86,189
61,87,203
61,88,209
61,89,206
61,90,198
61,91,190
61,92,192
61,93,200
61,94,202
61,95,201
61,96,191
61,97,188
61,98,188
61,99,193
61,100,197
61,101,197
61,102,193
61,103,190
61,104,190
61,105,194
61,106,196
61,107,193
61,108,188
61,109,185
61,110,182
61,111,180
61,112,183
61,113,186
61,114,191
61,115,196
61,116,197
61,117,197
61,118,197
61,119,198
61,120,196
61,121,197
61,122,200
61,123,205
61,124,208
61,125,207
61,126,202
61,127,198
61,128,193
61,129,182
61,130,191
61,131,198
61,132,191
61,133,186
61,134,179
61,135,171
61,136,164
61,137,164
61,138,164
61,139,163
61,140,162
61,141,161
61,142,160
61,143,159
61,144,159
61,145,159
61,146,159
61,147,159
61,148,159
61,149,159
62,0,172
62,1,172
62,2,171
62,3,172
62,4,174
62,5,177
62,6,179
62,7,181
62,8,182
62,9,182
62,10,182
62,11,181
62,12,180
62,13,180
62,14,180
62,15,179
62,16,177
62,17,175
62,18,173
62,19,170
62,20,167
62,21,164
62,22,163
62,23,164
62,24,169
62,25,178
62,26,189
62,27,196
62,28,199
62,29,201
62,30,202
62,31,202
62,32,201
62,33,202
62,34,204
62,35,200
62,36,175
62,37,115
62,38,65
62,39,60
62,40,58
62,41,58
62,42,57
62,43,59
62,44,58
62,45,57
62,46,77
62,47,109
62,48,147
62,49,167
62,50,180
62,51,181
62,52,179
62,53,176
62,54,173
62,55,176
62,56,177
62,57,176
62,58,175
62,59,174
62,60,175
62,61,175
62,62,176
62,63,177
62,64,177
62,65,178
62,66,179
62,67,178
62,68,178
62,69,179
62,70,178
62,71,177
62,72,176
62,73,174
62,74,172
62,75,170
62,76,168
62,77,166
62,78,165
62,79,166
62,80,166
62,81,167
62,82,169
62,83,175
62,84,180
62,85,183
62,86,190
62,87,201
62,88,209
62,89,209
62,90,201
62,91,191
62,92,192
62,93,200
62,94,204
62,95,203
62,96,196
62,97,192
62,98,191
62,99,194
62,100,196
62,101,194
62,102,191
62,103,188
62,104,188
62,105,192
62,106,195
62,107,191
62,108,186
62,109,183
62,110,182
62,111,182
62,112,186
62,113,189
62,114,194
62,115,198
62,116,200
62,117,198
62,118,198
62,119,198
62,120,197
62,121,199
62,122,201
62,123,205
62,124,208
62,125,208
62,126,205
62,127,202
62,128,193
62,129,183
62,130,192
62,131,203
62,132,194
62,133,185
62,134,179
62,135,168
62,136,164
62,137,164
62,138,164
62,139,163
62,140,162
62,141,161
62,142,160
62,143,159
62,144,160
62,145,159
62,146,159
62,147,159
62,148,159
62,149,159
63,0,169
63,1,169
63,2,168
63,3,169
63,4,171
63,5,174
63,6,178
63,7,180
63,8,182
63,9,183
63,10,183
63,11,182
63,12,181
63,13,182
63,14,181
63,15,181
63,16,179
63,17,176
63,18,173
63,19,171
63,20,169
63,21,166
63,22,164
63,23,163
63,24,168
63,25,177
63,26,188
63,27,196
63,28,199
63,29,201
63,30,202
63,31,202
63,32,202
63,33,202
63,34,204
63,35,200
63,36,171
63,37,106
63,38,56
63,39,57
63,40,55
63,41,55
63,42,54
63,43,57
63,44,57
63,45,59
63,46,88
63,47,129
63,48,165
63,49,173
63,50,179
63,51,178
63,52,174
63,53,171
63,54,171
63,55,171
63,56,174
63,57,174
63,58,174
63,59,176
63,60,177
63,61,177
63,62,177
63,63,177
63,64,178
63,65,180
63,66,180
63,67,178
63,68,178
63,69,178
63,70,176
63,71,173
63,72,172
63,73,169
63,74,167
63,75,166
63,76,166
63,77,165
63,78,165
63,79,165
63,80,165
63,81,166
63,82,170
63,83,177
63,84,183
63,85,186
63,86,190
63,87,197
63,88,206
63,89,208
63,90,202
63,91,191
63,92,192
63,93,201
63,94,205
63,95,203
63,96,199
63,97,195
63,98,194
63,99,196
63,100,196
63,101,193
63,102,190
63,103,188
63,104,187
63,105,192
63,106,194
63,107,190
63,108,184
63,109,182
63,110,183
63,111,184
63,112,188
63,113,190
63,114,195
63,115,200
63,116,201
63,117,200
63,118,198
63,119,198
63,120,199
63,121,200
63,122,202
63,123,203
63,124,205
63,125,205
63,126,205
63,127,204
63,128,198
63,129,185
63,130,191
63,131,208
63,132,205
63,133,194
63,134,182
63,135,164
63,136,163
63,137,163
63,138,163
63,139,163
63,140,162
63,141,161
63,142,160
63,143,160
63,144,159
63,145,159
63,146,159
63,147,159
63,148,159
63,149,159
64,0,165
64,1,165
64,2,165
64,3,166
64,4,168
64,5,171
64,6,173
64,7,174
64,8,176
64,9,178
64,10,181
64,11,182
64,12,183
64,13,184
64,14,183
64,15,182
64,16,179
64,17,177
64,18,175
64,19,174
64,20,172
64,21,170
64,22,168
64,23,166
64,24,168
64,25,174
64,26,185
64,27,194
64,28,200
64,29,201
64,30,202
64,31,203
64,32,200
64,33,204
64,34,202
64,35,198
64,36,166
64,37,99
64,38,57
64,39,57
64,40,55
64,41,55
64,42,55
64,43,55
64,44,56
64,45,70
64,46,108
64,47,148
64,48,172
64,49,176
64,50,178
64,51,176
64,52,173
64,53,171
64,54,172
64,55,172
64,56,173
64,57,175
64,58,176
64,59,176
64,60,176
64,61,177
64,62,178
64,63,178
64,64,178
64,65,178
64,66,179
64,67,179
64,68,177
64,69,174
64,70,170
64,71,169
64,72,165
64,73,164
64,74,164
64,75,165
64,76,165
64,77,164
64,78,165
64,79,167
64,80,167
64,81,167
64,82,169
64,83,179
64,84,190
64,85,191
64,86,190
64,87,196
64,88,202
64,89,206
64,90,205
64,91,196
64,92,193
64,93,198
64,94,203
64,95,204
64,96,199
64,97,198
64,98,197
64,99,197
64,100,196
64,101,195
64,102,191
64,103,187
64,104,185
64,105,187
64,106,188
64,107,186
64,108,183
64,109,182
64,110,186
64,111,190
64,112,191
64,113,190
64,114,190
64,115,193
64,116,198
64,117,200
64,118,200
64,119,199
64,120,199
64,121,201
64,122,201
64,123,201
64,124,201
64,125,203
64,126,203
64,127,202
64,128,198
64,129,190
64,130,186
64,131,201
64,132,201
64,133,196
64,134,174
64,135,164
64,136,162
64,137,162
64,138,163
64,139,163
64,140,162
64,141,161
64,142,160
64,143,160
64,144,160
64,145,160
64,146,159
64,147,159
64,148,159
64,149,159
65,0,164
65,1,164
65,2,164
65,3,165
65,4,167
65,5,169
65,6,170
65,7,171
65,8,174
65,9,176
65,10,179
65,11,181
65,12,183
65,13,184
65,14,183
65,15,181
65,16,180
65,17,179
65,18,177
65,19,176
65,20,174
65,21,173
65,22,171
65,23,169
65,24,169
65,25,175
65,26,184
65,27,193
65,28,199
65,29,201
65,30,202
65,31,204
65,32,203
65,33,204
65,34,203
65,35,197
65,36,162
65,37,97
65,38,56
65,39,57
65,40,54
65,41,55
65,42,55
65,43,55
65,44,63
65,45,88
65,46,128
65,47,160
65,48,174
65,49,176
65,50,177
65,51,175
65,52,173
65,53,173
65,54,174
65,55,175
65,56,175
65,57,177
65,58,178
65,59,178
65,60,178
65,61,178
65,62,179
65,63,178
65,64,177
65,65,177
65,66,176
65,67,175
65,68,173
65,69,171
65,70,168
65,71,166
65,72,164
65,73,162
65,74,163
65,75,165
65,76,165
65,77,165
65,78,165
65,79,167
65,80,168
65,81,169
65,82,172
65,83,182
65,84,194
65,85,194
65,86,192
65,87,194
65,88,200
65,89,204
65,90,205
65,91,197
65,92,194
65,93,198
65,94,203
65,95,203
65,96,200
65,97,199
65,98,197
65,99,196
65,100,196
65,101,194
65,102,190
65,103,186
65,104,184
65,105,185
65,106,185
65,107,184
65,108,184
65,109,185
65,110,188
65,111,191
65,112,194
65,113,192
65,114,190
65,115,191
65,116,194
65,117,198
65,118,200
65,119,200
65,120,202
65,121,203
65,122,202
65,123,199
65,124,198
65,125,198
65,126,199
65,127,199
65,128,199
65,129,189
65,130,182
65,131,197
65,132,198
65,133,191
65,134,171
65,135,163
65,136,161
65,137,162
65,138,163
65,139,162
65,140,162
65,141,161
65,142,160
65,143,160
65,144,159
65,145,159
65,146,159
65,147,159
65,148,160
65,149,160
66,0,163
66,1,163
66,2,164
66,3,165
66,4,165
66,5,166
66,6,167
66,7,168
66,8,171
66,9,175
66,10,179
66,11,182
66,12,184
66,13,185
66,14,184
66,15,183
66,16,182
66,17,181
66,18,180
66,19,178
66,20,178
66,21,176
66,22,174
66,23,173
66,24,172
66,25,176
66,26,184
66,27,192
66,28,198
66,29,201
66,30,203
66,31,205
66,32,206
66,33,204
66,34,203
66,35,196
66,36,160
66,37,96
66,38,55
66,39,57
66,40,53
66,41,55
66,42,54
66,43,54
66,44,70
66,45,107
66,46,148
66,47,172
66,48,177
66,49,177
66,50,176
66,51,174
66,52,173
66,53,174
66,54,176
66,55,177
66,56,176
66,57,178
66,58,178
66,59,178
66,60,178
66,61,179
66,62,179
66,63,178
66,64,176
66,65,174
66,66,172
66,67,170
66,68,168
66,69,166
66,70,164
66,71,163
66,72,161
66,73,161
66,74,162
66,75,165
66,76,166
66,77,165
66,78,165
66,79,167
66,80,170
66,81,172
66,82,175
66,83,186
66,84,198
66,85,199
66,86,194
66,87,192
66,88,197
66,89,202
66,90,204
66,91,198
66,92,195
66,93,198
66,94,202
66,95,202
66,96,200
66,97,199
66,98,197
66,99,195
66,100,195
66,101,193
66,102,190
66,103,186
66,104,183
66,105,182
66,106,182
66,107,183
66,108,185
66,109,189
66,110,191
66,111,193
66,112,196
66,113,193
66,114,189
66,115,187
66,116,189
66,117,193
66,118,197
66,119,200
66,120,203
66,121,203
66,122,202
66,123,199
66,124,197
66,125,197
66,126,199
66,127,201
66,128,200
66,129,189
66,130,185
66,131,203
66,132,204
66,133,190
66,134,167
66,135,159
66,136,160
66,137,161
66,138,162
66,139,162
66,140,161
66,141,160
66,142,160
66,143,160
66,144,158
66,145,158
66,146,158
66,147,159
66,148,160
66,149,160
67,0,163
67,1,164
67,2,165
67,3,165
67,4,166
67,5,166
67,6,167
67,7,167
67,8,172
67,9,175
67,10,180
67,11,183
67,12,185
67,13,187
67,14,186
67,15,185
67,16,184
67,17,183
67,18,182
67,19,181
67,20,180
67,21,179
67,22,178
67,23,176
67,24,175
67,25,178
67,26,184
67,27,192
67,28,198
67,29,202
67,30,204
67,31,206
67,32,206
67,33,205
67,34,204
67,35,195
67,36,161
67,37,97
67,38,53
67,39,55
67,40,52
67,41,54
67,42,53
67,43,51
67,44,70
67,45,114
67,46,156
67,47,175
67,48,178
67,49,177
67,50,175
67,51,174
67,52,173
67,53,174
67,54,176
67,55,176
67,56,176
67,57,177
67,58,178
67,59,177
67,60,177
67,61,178
67,62,177
67,63,176
67,64,174
67,65,171
67,66,168
67,67,165
67,68,164
67,69,163
67,70,162
67,71,162
67,72,160
67,73,160
67,74,161
67,75,165
67,76,167
67,77,166
67,78,165
67,79,166
67,80,171
67,81,175
67,82,179
67,83,188
67,84,200
67,85,202
67,86,196
67,87,191
67,88,194
67,89,199
67,90,201
67,91,198
67,92,195
67,93,197
67,94,200
67,95,202
67,96,200
67,97,199
67,98,197
67,99,194
67,100,193
67,101,192
67,102,189
67,103,186
67,104,181
67,105,181
67,106,182
67,107,184
67,108,188
67,109,191
67,110,193
67,111,194
67,112,195
67,113,192
67,114,188
67,115,186
67,116,187
67,117,190
67,118,195
67,119,198
67,120,198
67,121,200
67,122,201
67,123,200
67,124,199
67,125,200
67,126,203
67,127,206
67,128,200
67,129,189
67,130,189
67,131,210
67,132,208
67,133,185
67,134,162
67,135,156
67,136,159
67,137,160
67,138,161
67,139,161
67,140,161
67,141,160
67,142,160
67,143,159
67,144,158
67,145,158
67,146,158
67,147,159
67,148,159
67,149,160
68,0,164
68,1,165
68,2,166
68,3,167
68,4,166
68,5,167
68,6,168
68,7,169
68,8,173
68,9,177
68,10,181
68,11,184
68,12,186
68,13,187
68,14,187
68,15,186
68,16,185
68,17,184
68,18,183
68,19,183
68,20,182
68,21,182
68,22,180
68,23,179
68,24,178
68,25,180
68,26,184
68,27,191
68,28,198
68,29,202
68,30,205
68,31,207
68,32,205
68,33,207
68,34,204
68,35,195
68,36,163
68,37,96
68,38,50
68,39,53
68,40,50
68,41,52
68,42,52
68,43,52
68,44,71
68,45,114
68,46,155
68,47,173
68,48,177
68,49,175
68,50,174
68,51,173
68,52,174
68,53,175
68,54,175
68,55,175
68,56,176
68,57,177
68,58,177
68,59,177
68,60,176
68,61,176
68,62,175
68,63,174
68,64,171
68,65,168
68,66,165
68,67,162
68,68,161
68,69,162
68,70,162
68,71,162
68,72,160
68,73,159
68,74,161
68,75,165
68,76,167
68,77,166
68,78,166
68,79,166
68,80,173
68,81,179
68,82,183
68,83,189
68,84,200
68,85,204
68,86,198
68,87,193
68,88,193
68,89,196
68,90,199
68,91,197
68,92,194
68,93,195
68,94,199
68,95,202
68,96,201
68,97,200
68,98,197
68,99,193
68,100,192
68,101,190
68,102,187
68,103,184
68,104,181
68,105,182
68,106,185
68,107,188
68,108,191
68,109,192
68,110,193
68,111,194
68,112,193
68,113,191
68,114,189
68,115,188
68,116,189
68,117,192
68,118,195
68,119,198
68,120,195
68,121,196
68,122,198
68,123,200
68,124,200
68,125,199
68,126,201
68,127,204
68,128,203
68,129,189
68,130,186
68,131,202
68,132,196
68,133,169
68,134,154
68,135,156
68,136,158
68,137,159
68,138,160
68,139,160
68,140,160
68,141,160
68,142,159
68,143,159
68,144,158
68,145,158
68,146,158
68,147,158
68,148,159
68,149,159
69,0,165
69,1,166
69,2,168
69,3,168
69,4,168
69,5,169
69,6,171
69,7,173
69,8,177
69,9,181
69,10,186
69,11,188
69,12,189
69,13,189
69,14,188
69,15,187
69,16,187
69,17,186
69,18,185
69,19,184
69,20,184
69,21,183
69,22,182
69,23,181
69,24,180
69,25,180
69,26,183
69,27,189
69,28,195
69,29,201
69,30,204
69,31,206
69,32,204
69,33,208
69,34,203
69,35,194
69,36,158
69,37,88
69,38,47
69,39,51
69,40,48
69,41,50
69,42,50
69,43,56
69,44,80
69,45,121
69,46,156
69,47,172
69,48,174
69,49,173
69,50,172
69,51,173
69,52,175
69,53,175
69,54,176
69,55,176
69,56,177
69,57,178
69,58,178
69,59,176
69,60,175
69,61,174
69,62,172
69,63,170
69,64,167
69,65,166
69,66,163
69,67,161
69,68,160
69,69,160
69,70,161
69,71,162
69,72,160
69,73,159
69,74,161
69,75,165
69,76,167
69,77,167
69,78,167
69,79,168
69,80,177
69,81,185
69,82,189
69,83,191
69,84,199
69,85,205
69,86,201
69,87,195
69,88,193
69,89,196
69,90,198
69,91,196
69,92,193
69,93,192
69,94,196
69,95,201
69,96,203
69,97,201
69,98,197
69,99,193
69,100,190
69,101,188
69,102,185
69,103,183
69,104,182
69,105,185
69,106,189
69,107,192
69,108,193
69,109,194
69,110,193
69,111,193
69,112,191
69,113,190
69,114,190
69,115,191
69,116,195
69,117,198
69,118,200
69,119,201
69,120,198
69,121,196
69,122,197
69,123,198
69,124,197
69,125,195
69,126,195
69,127,197
69,128,205
69,129,192
69,130,183
69,131,189
69,132,179
69,133,155
69,134,150
69,135,155
69,136,157
69,137,158
69,138,159
69,139,159
69,140,159
69,141,159
69,142,159
69,143,159
69,144,158
69,145,158
69,146,158
69,147,158
69,148,158
69,149,159
70,0,167
70,1,168
70,2,170
70,3,170
70,4,170
70,5,172
70,6,175
70,7,178
70,8,185
70,9,189
70,10,194
70,11,197
70,12,197
70,13,195
70,14,193
70,15,191
70,16,189
70,17,188
70,18,187
70,19,186
70,20,186
70,21,185
70,22,184
70,23,183
70,24,182
70,25,180
70,26,180
70,27,184
70,28,191
70,29,198
70,30,203
70,31,205
70,32,206
70,33,209
70,34,202
70,35,191
70,36,146
70,37,76
70,38,46
70,39,49
70,40,47
70,41,47
70,42,49
70,43,62
70,44,96
70,45,137
70,46,164
70,47,174
70,48,173
70,49,172
70,50,172
70,51,174
70,52,175
70,53,175
70,54,176
70,55,177
70,56,178
70,57,178
70,58,177
70,59,175
70,60,173
70,61,171
70,62,168
70,63,166
70,64,164
70,65,163
70,66,162
70,67,160
70,68,159
70,69,159
70,70,160
70,71,162
70,72,160
70,73,159
70,74,160
70,75,164
70,76,167
70,77,168
70,78,169
70,79,170
70,80,180
70,81,192
70,82,196
70,83,194
70,84,199
70,85,205
70,86,203
70,87,198
70,88,195
70,89,197
70,90,198
70,91,197
70,92,192
70,93,190
70,94,194
70,95,199
70,96,202
70,97,200
70,98,196
70,99,192
70,100,189
70,101,188
70,102,186
70,103,184
70,104,186
70,105,188
70,106,192
70,107,195
70,108,196
70,109,195
70,110,193
70,111,192
70,112,190
70,113,189
70,114,190
70,115,194
70,116,199
70,117,203
70,118,205
70,119,205
70,120,203
70,121,198
70,122,196
70,123,196
70,124,196
70,125,194
70,126,193
70,127,195
70,128,207
70,129,198
70,130,185
70,131,181
70,132,169
70,133,150
70,134,150
70,135,153
70,136,156
70,137,157
70,138,158
70,139,159
70,140,159
70,141,159
70,142,158
70,143,158
70,144,158
70,145,158
70,146,157
70,147,158
70,148,158
70,149,158
71,0,169
71,1,171
71,2,172
71,3,172
71,4,173
71,5,175
71,6,179
71,7,183
71,8,192
71,9,197
71,10,203
71,11,205
71,12,205
71,13,202
71,14,198
71,15,195
71,16,191
71,17,190
71,18,188
71,19,188
71,20,187
71,21,187
71,22,185
71,23,184
71,24,182
71,25,179
71,26,177
71,27,181
71,28,188
71,29,195
71,30,201
71,31,205
71,32,208
71,33,208
71,34,201
71,35,189
71,36,136
71,37,66
71,38,45
71,39,47
71,40,46
71,41,46
71,42,48
71,43,66
71,44,109
71,45,150
71,46,171
71,47,175
71,48,174
71,49,173
71,50,173
71,51,174
71,52,175
71,53,175
71,54,176
71,55,178
71,56,178
71,57,178
71,58,176
71,59,174
71,60,171
71,61,169
71,62,165
71,63,162
71,64,161
71,65,162
71,66,161
71,67,160
71,68,158
71,69,158
71,70,159
71,71,161
71,72,160
71,73,159
71,74,160
71,75,164
71,76,168
71,77,169
71,78,170
71,79,172
71,80,183
71,81,197
71,82,202
71,83,198
71,84,200
71,85,205
71,86,204
71,87,200
71,88,196
71,89,198
71,90,199
71,91,198
71,92,193
71,93,189
71,94,192
71,95,198
71,96,199
71,97,198
71,98,194
71,99,191
71,100,189
71,101,189
71,102,188
71,103,186
71,104,189
71,105,190
71,106,193
71,107,196
71,108,197
71,109,196
71,110,193
71,111,191
71,112,189
71,113,188
71,114,189
71,115,194
71,116,200
71,117,204
71,118,207
71,119,207
71,120,206
71,121,200
71,122,195
71,123,196
71,124,197
71,125,196
71,126,196
71,127,199
71,128,209
71,129,203
71,130,188
71,131,176
71,132,163
71,133,150
71,134,152
71,135,151
71,136,156
71,137,157
71,138,158
71,139,159
71,140,159
71,141,158
71,142,158
71,143,158
71,144,157
71,145,157
71,146,157
71,147,157
71,148,158
71,149,158
72,0,169
72,1,173
72,2,174
72,3,174
72,4,175
72,5,177
72,6,182
72,7,187
72,8,195
72,9,201
72,10,207
72,11,209
72,12,209
72,13,209
72,14,207
72,15,203
72,16,196
72,17,192
72,18,189
72,19,189
72,20,189
72,21,188
72,22,184
72,23,182
72,24,180
72,25,180
72,26,178
72,27,178
72,28,183
72,29,193
72,30,201
72,31,205
72,32,206
72,33,209
72,34,203
72,35,187
72,36,134
72,37,58
72,38,46
72,39,45
72,40,41
72,41,46
72,42,48
72,43,66
72,44,112
72,45,154
72,46,172
72,47,177
72,48,175
72,49,177
72,50,176
72,51,176
72,52,177
72,53,176
72,54,175
72,55,179
72,56,172
72,57,179
72,58,172
72,59,173
72,60,172
72,61,169
72,62,166
72,63,161
72,64,155
72,65,166
72,66,159
72,67,160
72,68,159
72,69,159
72,70,156
72,71,162
72,72,160
72,73,160
72,74,160
72,75,161
72,76,165
72,77,170
72,78,174
72,79,175
72,80,187
72,81,199
72,82,205
72,83,203
72,84,201
72,85,204
72,86,205
72,87,201
72,88,198
72,89,198
72,90,198
72,91,196
72,92,192
72,93,189
72,94,190
72,95,192
72,96,197
72,97,196
72,98,193
72,99,190
72,100,189
72,101,190
72,102,191
72,103,190
72,104,191
72,105,190
72,106,191
72,107,193
72,108,195
72,109,195
72,110,194
72,111,191
72,112,185
72,113,186
72,114,187
72,115,189
72,116,194
72,117,199
72,118,204
72,119,206
72,120,205
72,121,202
72,122,196
72,123,191
72,124,190
72,125,193
72,126,198
72,127,200
72,128,207
72,129,208
72,130,191
72,131,177
72,132,165
72,133,151
72,134,150
72,135,151
72,136,152
72,137,155
72,138,157
72,139,158
72,140,157
72,141,157
72,142,157
72,143,158
72,144,156
72,145,156
72,146,156
72,147,156
72,148,156
72,149,157
73,0,171
73,1,174
73,2,175
73,3,175
73,4,176
73,5,177
73,6,182
73,7,187
73,8,196
73,9,202
73,10,207
73,11,210
73,12,212
73,13,213
73,14,212
73,15,209
73,16,203
73,17,197
73,18,191
73,19,189
73,20,189
73,21,187
73,22,185
73,23,183
73,24,182
73,25,181
73,26,179
73,27,178
73,28,182
73,29,189
73,30,198
73,31,203
73,32,210
73,33,209
73,34,204
73,35,189
73,36,134
73,37,58
73,38,44
73,39,44
73,40,44
73,41,45
73,42,45
73,43,57
73,44,94
73,45,140
73,46,168
73,47,178
73,48,177
73,49,179
73,50,178
73,51,177
73,52,177
73,53,174
73,54,168
73,55,163
73,56,178
73,57,172
73,58,173
73,59,172
73,60,163
73,61,167
73,62,165
73,63,162
73,64,166
73,65,155
73,66,162
73,67,160
73,68,159
73,69,155
73,70,164
73,71,162
73,72,164
73,73,159
73,74,158
73,75,163
73,76,170
73,77,174
73,78,177
73,79,179
73,80,190
73,81,200
73,82,206
73,83,203
73,84,200
73,85,204
73,86,205
73,87,202
73,88,199
73,89,198
73,90,197
73,91,196
73,92,192
73,93,190
73,94,190
73,95,191
73,96,194
73,97,193
73,98,190
73,99,188
73,100,188
73,101,190
73,102,191
73,103,191
73,104,192
73,105,191
73,106,190
73,107,190
73,108,191
73,109,192
73,110,191
73,111,190
73,112,188
73,113,187
73,114,185
73,115,185
73,116,188
73,117,192
73,118,197
73,119,201
73,120,204
73,121,202
73,122,196
73,123,189
73,124,185
73,125,189
73,126,196
73,127,201
73,128,208
73,129,209
73,130,193
73,131,178
73,132,165
73,133,150
73,134,147
73,135,149
73,136,151
73,137,154
73,138,156
73,139,157
73,140,156
73,141,156
73,142,156
73,143,157
73,144,156
73,145,156
73,146,156
73,147,156
73,148,156
73,149,157
74,0,173
74,1,175
74,2,176
74,3,175
74,4,176
74,5,178
74,6,182
74,7,187
74,8,194
74,9,200
74,10,205
74,11,209
74,12,211
74,13,213
74,14,213
74,15,213
74,16,208
74,17,201
74,18,192
74,19,188
74,20,187
74,21,187
74,22,186
74,23,184
74,24,185
74,25,183
74,26,181
74,27,180
74,28,182
74,29,187
74,30,195
74,31,202
74,32,209
74,33,208
74,34,206
74,35,194
74,36,140
74,37,62
74,38,43
74,39,43
74,40,43
74,41,42
74,42,42
74,43,48
74,44,74
74,45,119
74,46,158
74,47,174
74,48,178
74,49,179
74,50,179
74,51,178
74,52,177
74,53,174
74,54,165
74,55,154
74,56,153
74,57,161
74,58,159
74,59,167
74,60,170
74,61,174
74,62,174
74,63,160
74,64,160
74,65,160
74,66,159
74,67,160
74,68,164
74,69,160
74,70,163
74,71,160
74,72,162
74,73,160
74,74,161
74,75,164
74,76,167
74,77,171
74,78,179
74,79,186
74,80,193
74,81,201
74,82,205
74,83,202
74,84,201
74,85,204
74,86,204
74,87,202
74,88,199
74,89,197
74,90,196
74,91,194
74,92,192
74,93,190
74,94,189
74,95,189
74,96,191
74,97,190
74,98,188
74,99,186
74,100,186
74,101,188
74,102,189
74,103,189
74,104,188
74,105,187
74,106,187
74,107,187
74,108,188
74,109,190
74,110,191
74,111,192
74,112,193
74,113,190
74,114,187
74,115,186
74,116,185
74,117,186
74,118,189
74,119,193
74,120,199
74,121,199
74,122,195
74,123,188
74,124,183
74,125,185
74,126,194
74,127,202
74,128,209
74,129,209
74,130,194
74,131,181
74,132,168
74,133,150
74,134,146
74,135,147
74,136,150
74,137,152
74,138,154
74,139,155
74,140,155
74,141,155
74,142,156
74,143,156
74,144,156
74,145,156
74,146,156
74,147,156
74,148,156
74,149,157
75,0,172
75,1,175
75,2,175
75,3,175
75,4,176
75,5,177
75,6,181
75,7,185
75,8,190
75,9,195
75,10,201
75,11,205
75,12,209
75,13,212
75,14,213
75,15,212
75,16,210
75,17,203
75,18,194
75,19,188
75,20,188
75,21,188
75,22,187
75,23,186
75,24,186
75,25,185
75,26,184
75,27,184
75,28,183
75,29,185
75,30,192
75,31,199
75,32,204
75,33,206
75,34,205
75,35,195
75,36,146
75,37,68
75,38,41
75,39,43
75,40,41
75,41,41
75,42,42
75,43,47
75,44,70
75,45,112
75,46,150
75,47,168
75,48,176
75,49,175
75,50,177
75,51,178
75,52,176
75,53,174
75,54,168
75,55,160
75,56,154
75,57,163
75,58,165
75,59,171
75,60,185
75,61,202
75,62,199
75,63,198
75,64,180
75,65,164
75,66,157
75,67,157
75,68,162
75,69,161
75,70,162
75,71,164
75,72,163
75,73,162
75,74,161
75,75,161
75,76,168
75,77,178
75,78,187
75,79,190
75,80,195
75,81,201
75,82,204
75,83,203
75,84,203
75,85,204
75,86,203
75,87,199
75,88,195
75,89,193
75,90,191
75,91,191
75,92,191
75,93,189
75,94,188
75,95,188
75,96,188
75,97,188
75,98,186
75,99,183
75,100,183
75,101,184
75,102,185
75,103,186
75,104,183
75,105,183
75,106,184
75,107,185
75,108,187
75,109,188
75,110,190
75,111,191
75,112,193
75,113,191
75,114,191
75,115,191
75,116,188
75,117,184
75,118,184
75,119,186
75,120,192
75,121,195
75,122,194
75,123,189
75,124,185
75,125,188
75,126,196
75,127,203
75,128,205
75,129,204
75,130,191
75,131,181
75,132,169
75,133,152
75,134,144
75,135,145
75,136,149
75,137,150
75,138,153
75,139,154
75,140,155
75,141,155
75,142,155
75,143,156
75,144,156
75,145,156
75,146,156
75,147,156
75,148,157
75,149,157
76,0,172
76,1,174
76,2,174
76,3,174
76,4,174
76,5,175
76,6,177
76,7,181
76,8,186
76,9,190
76,10,196
76,11,201
76,12,206
76,13,211
76,14,212
76,15,213
76,16,211
76,17,205
76,18,197
76,19,192
76,20,191
76,21,192
76,22,190
76,23,188
76,24,187
76,25,187
76,26,187
76,27,186
76,28,185
76,29,185
76,30,188
76,31,192
76,32,200
76,33,206
76,34,204
76,35,194
76,36,152
76,37,76
76,38,40
76,39,43
76,40,42
76,41,42
76,42,40
76,43,50
76,44,83
76,45,124
76,46,154
76,47,169
76,48,176
76,49,173
76,50,174
76,51,173
76,52,166
76,53,161
76,54,159
76,55,157
76,56,154
76,57,164
76,58,180
76,59,193
76,60,198
76,61,206
76,62,209
76,63,218
76,64,191
76,65,179
76,66,185
76,67,165
76,68,165
76,69,159
76,70,164
76,71,161
76,72,166
76,73,166
76,74,164
76,75,165
76,76,171
76,77,182
76,78,191
76,79,194
76,80,197
76,81,201
76,82,204
76,83,204
76,84,202
76,85,200
76,86,197
76,87,193
76,88,188
76,89,187
76,90,186
76,91,187
76,92,188
76,93,187
76,94,186
76,95,186
76,96,187
76,97,187
76,98,185
76,99,183
76,100,182
76,101,183
76,102,184
76,103,184
76,104,183
76,105,183
76,106,184
76,107,183
76,108,183
76,109,184
76,110,185
76,111,186
76,112,188
76,113,188
76,114,190
76,115,192
76,116,191
76,117,186
76,118,184
76,119,185
76,120,189
76,121,191
76,122,192
76,123,190
76,124,189
76,125,193
76,126,200
76,127,204
76,128,200
76,129,196
76,130,185
76,131,177
76,132,169
76,133,152
76,134,141
76,135,141
76,136,147
76,137,149
76,138,151
76,139,153
76,140,154
76,141,155
76,142,155
76,143,156
76,144,156
76,145,156
76,146,156
76,147,156
76,148,157
76,149,157
77,0,173
77,1,174
77,2,174
77,3,173
77,4,173
77,5,173
77,6,174
77,7,176
77,8,179
77,9,182
77,10,188
77,11,194
77,12,201
77,13,207
77,14,211
77,15,213
77,16,212
77,17,209
77,18,203
77,19,199
77,20,197
77,21,197
77,22,195
77,23,193
77,24,191
77,25,190
77,26,190
77,27,190
77,28,189
77,29,188
77,30,187
77,31,188
77,32,195
77,33,204
77,34,203
77,35,196
77,36,160
77,37,93
77,38,54
77,39,55
77,40,54
77,41,49
77,42,39
77,43,53
77,44,99
77,45,142
77,46,163
77,47,173
77,48,174
77,49,172
77,50,171
77,51,168
77,52,160
77,53,153
77,54,153
77,55,155
77,56,166
77,57,168
77,58,162
77,59,170
77,60,182
77,61,194
77,62,203
77,63,209
77,64,204
77,65,151
77,66,186
77,67,204
77,68,194
77,69,188
77,70,175
77,71,164
77,72,165
77,73,164
77,74,165
77,75,168
77,76,173
77,77,181
77,78,191
77,79,199
77,80,198
77,81,200
77,82,201
77,83,201
77,84,198
77,85,193
77,86,188
77,87,185
77,88,183
77,89,182
77,90,182
77,91,184
77,92,185
77,93,185
77,94,184
77,95,184
77,96,186
77,97,186
77,98,185
77,99,183
77,100,182
77,101,183
77,102,185
77,103,185
77,104,184
77,105,183
77,106,182
77,107,180
77,108,180
77,109,181
77,110,182
77,111,184
77,112,184
77,113,185
77,114,187
77,115,191
77,116,192
77,117,190
77,118,189
77,119,189
77,120,189
77,121,190
77,122,190
77,123,190
77,124,192
77,125,196
77,126,200
77,127,202
77,128,197
77,129,191
77,130,180
77,131,174
77,132,167
77,133,150
77,134,139
77,135,141
77,136,145
77,137,147
77,138,149
77,139,152
77,140,153
77,141,154
77,142,155
77,143,156
77,144,156
77,145,156
77,146,156
77,147,157
77,148,157
77,149,157
78,0,172
78,1,174
78,2,173
78,3,173
78,4,174
78,5,173
78,6,173
78,7,175
78,8,173
78,9,176
78,10,181
78,11,188
78,12,195
78,13,202
78,14,207
78,15,211
78,16,212
78,17,210
78,18,207
78,19,204
78,20,202
78,21,202
78,22,201
78,23,199
78,24,197
78,25,197
78,26,197
78,27,197
78,28,196
78,29,197
78,30,194
78,31,192
78,32,193
78,33,200
78,34,199
78,35,195
78,36,168
78,37,121
78,38,93
78,39,95
78,40,91
78,41,78
78,42,60
78,43,69
78,44,113
78,45,152
78,46,168
78,47,173
78,48,170
78,49,169
78,50,168
78,51,165
78,52,162
78,53,160
78,54,161
78,55,166
78,56,167
78,57,167
78,58,160
78,59,141
78,60,134
78,61,147
78,62,151
78,63,167
78,64,177
78,65,157
78,66,150
78,67,181
78,68,180
78,69,174
78,70,189
78,71,198
78,72,178
78,73,172
78,74,167
78,75,168
78,76,176
78,77,186
78,78,194
78,79,198
78,80,198
78,81,197
78,82,196
78,83,194
78,84,190
78,85,185
78,86,181
78,87,180
78,88,180
78,89,179
78,90,180
78,91,182
78,92,183
78,93,183
78,94,183
78,95,183
78,96,184
78,97,184
78,98,183
78,99,181
78,100,181
78,101,182
78,102,184
78,103,184
78,104,182
78,105,181
78,106,179
78,107,178
78,108,178
78,109,179
78,110,181
78,111,181
78,112,181
78,113,182
78,114,184
78,115,187
78,116,189
78,117,191
78,118,191
78,119,190
78,120,189
78,121,190
78,122,190
78,123,190
78,124,192
78,125,195
78,126,195
78,127,193
78,128,190
78,129,183
78,130,173
78,131,167
78,132,159
78,133,144
78,134,135
78,135,141
78,136,143
78,137,145
78,138,148
78,139,150
78,140,152
78,141,154
78,142,155
78,143,156
78,144,156
78,145,156
78,146,156
78,147,157
78,148,157
78,149,157
79,0,170
79,1,172
79,2,173
79,3,173
79,4,174
79,5,174
79,6,174
79,7,175
79,8,173
79,9,174
79,10,178
79,11,185
79,12,192
79,13,199
79,14,205
79,15,209
79,16,209
79,17,209
79,18,208
79,19,206
79,20,205
79,21,206
79,22,205
79,23,203
79,24,203
79,25,203
79,26,201
79,27,201
79,28,203
79,29,205
79,30,203
79,31,199
79,32,197
79,33,197
79,34,195
79,35,191
79,36,170
79,37,143
79,38,132
79,39,139
79,40,135
79,41,116
79,42,92
79,43,92
79,44,124
79,45,155
79,46,168
79,47,171
79,48,168
79,49,168
79,50,163
79,51,158
79,52,158
79,53,158
79,54,160
79,55,163
79,56,163
79,57,166
79,58,171
79,59,165
79,60,143
79,61,139
79,62,141
79,63,138
79,64,135
79,65,142
79,66,140
79,67,135
79,68,144
79,69,138
79,70,148
79,71,192
79,72,204
79,73,198
79,74,187
79,75,177
79,76,176
79,77,184
79,78,192
79,79,195
79,80,196
79,81,194
79,82,192
79,83,189
79,84,184
79,85,180
79,86,178
79,87,178
79,88,179
79,89,179
79,90,179
79,91,181
79,92,182
79,93,182
79,94,182
79,95,182
79,96,183
79,97,183
79,98,182
79,99,180
79,100,179
79,101,180
79,102,181
79,103,182
79,104,181
79,105,180
79,106,179
79,107,178
79,108,178
79,109,178
79,110,178
79,111,178
79,112,178
79,113,179
79,114,180
79,115,183
79,116,186
79,117,188
79,118,188
79,119,186
79,120,189
79,121,190
79,122,191
79,123,192
79,124,193
79,125,192
79,126,189
79,127,185
79,128,181
79,129,174
79,130,165
79,131,158
79,132,150
79,133,136
79,134,130
79,135,139
79,136,142
79,137,144
79,138,146
79,139,149
79,140,151
79,141,153
79,142,155
79,143,155
79,144,156
79,145,156
79,146,156
79,147,157
79,148,157
79,149,157
80,0,171
80,1,172
80,2,173
80,3,173
80,4,174
80,5,176
80,6,176
80,7,175
80,8,173
80,9,175
80,10,180
80,11,185
80,12,190
80,13,196
80,14,200
80,15,203
80,16,204
80,17,203
80,18,202
80,19,202
80,20,203
80,21,202
80,22,202
80,23,202
80,24,200
80,25,201
80,26,202
80,27,203
80,28,208
80,29,210
80,30,210
80,31,207
80,32,202
80,33,200
80,34,195
80,35,186
80,36,173
80,37,163
80,38,160
80,39,163
80,40,159
80,41,145
80,42,129
80,43,127
80,44,140
80,45,157
80,46,166
80,47,167
80,48,164
80,49,162
80,50,160
80,51,158
80,52,157
80,53,158
80,54,160
80,55,163
80,56,161
80,57,166
80,58,161
80,59,166
80,60,158
80,61,135
80,62,143
80,63,137
80,64,137
80,65,143
80,66,143
80,67,148
80,68,140
80,69,140
80,70,142
80,71,138
80,72,146
80,73,174
80,74,195
80,75,205
80,76,206
80,77,197
80,78,191
80,79,193
80,80,190
80,81,194
80,82,186
80,83,182
80,84,182
80,85,180
80,86,179
80,87,175
80,88,177
80,89,178
80,90,179
80,91,179
80,92,181
80,93,183
80,94,183
80,95,181
80,96,179
80,97,182
80,98,183
80,99,180
80,100,177
80,101,178
80,102,179
80,103,179
80,104,178
80,105,177
80,106,175
80,107,175
80,108,175
80,109,176
80,110,177
80,111,177
80,112,176
80,113,177
80,114,177
80,115,179
80,116,182
80,117,182
80,118,183
80,119,185
80,120,185
80,121,186
80,122,188
80,123,188
80,124,188
80,125,186
80,126,182
80,127,178
80,128,170
80,129,160
80,130,149
80,131,141
80,132,135
80,133,130
80,134,130
80,135,134
80,136,139
80,137,141
80,138,144
80,139,147
80,140,150
80,141,153
80,142,155
80,143,155
80,144,154
80,145,155
80,146,156
80,147,157
80,148,157
80,149,158
81,0,172
81,1,172
81,2,172
81,3,172
81,4,174
81,5,176
81,6,176
81,7,174
81,8,173
81,9,176
81,10,180
81,11,186
81,12,191
81,13,195
81,14,198
81,15,199
81,16,200
81,17,200
81,18,199
81,19,199
81,20,198
81,21,197
81,22,197
81,23,196
81,24,196
81,25,197
81,26,197
81,27,199
81,28,205
81,29,209
81,30,210
81,31,209
81,32,204
81,33,201
81,34,193
81,35,184
81,36,174
81,37,168
81,38,167
81,39,169
81,40,168
81,41,158
81,42,147
81,43,145
81,44,152
81,45,162
81,46,166
81,47,165
81,48,162
81,49,160
81,50,158
81,51,158
81,52,157
81,53,158
81,54,161
81,55,163
81,56,165
81,57,163
81,58,157
81,59,146
81,60,144
81,61,135
81,62,133
81,63,136
81,64,139
81,65,142
81,66,138
81,67,141
81,68,140
81,69,143
81,70,146
81,71,145
81,72,140
81,73,132
81,74,152
81,75,174
81,76,188
81,77,203
81,78,203
81,79,195
81,80,191
81,81,183
81,82,184
81,83,183
81,84,178
81,85,178
81,86,177
81,87,180
81,88,176
81,89,177
81,90,178
81,91,178
81,92,180
81,93,181
81,94,181
81,95,179
81,96,178
81,97,181
81,98,181
81,99,179
81,100,177
81,101,177
81,102,178
81,103,177
81,104,176
81,105,175
81,106,174
81,107,174
81,108,175
81,109,176
81,110,176
81,111,177
81,112,177
81,113,177
81,114,177
81,115,177
81,116,178
81,117,178
81,118,177
81,119,179
81,120,184
81,121,184
81,122,184
81,123,182
81,124,182
81,125,179
81,126,173
81,127,167
81,128,160
81,129,150
81,130,140
81,131,134
81,132,129
81,133,127
81,134,128
81,135,132
81,136,139
81,137,141
81,138,144
81,139,146
81,140,150
81,141,153
81,142,155
81,143,155
81,144,155
81,145,155
81,146,156
81,147,157
81,148,158
81,149,158
82,0,172
82,1,172
82,2,172
82,3,172
82,4,175
82,5,177
82,6,176
82,7,174
82,8,173
82,9,175
82,10,179
82,11,184
82,12,190
82,13,193
82,14,194
82,15,194
82,16,194
82,17,195
82,18,196
82,19,195
82,20,193
82,21,192
82,22,191
82,23,191
82,24,189
82,25,188
82,26,188
82,27,190
82,28,195
82,29,201
82,30,205
82,31,205
82,32,204
82,33,200
82,34,191
82,35,180
82,36,172
82,37,169
82,38,168
82,39,167
82,40,164
82,41,161
82,42,156
82,43,155
82,44,157
82,45,160
82,46,160
82,47,158
82,48,158
82,49,157
82,50,156
82,51,157
82,52,157
82,53,158
82,54,160
82,55,163
82,56,164
82,57,162
82,58,161
82,59,143
82,60,138
82,61,134
82,62,127
82,63,132
82,64,134
82,65,139
82,66,140
82,67,145
82,68,144
82,69,144
82,70,143
82,71,145
82,72,145
82,73,143
82,74,138
82,75,137
82,76,138
82,77,158
82,78,194
82,79,207
82,80,198
82,81,187
82,82,184
82,83,180
82,84,178
82,85,180
82,86,176
82,87,174
82,88,175
82,89,176
82,90,177
82,91,178
82,92,178
82,93,179
82,94,179
82,95,178
82,96,178
82,97,179
82,98,179
82,99,178
82,100,177
82,101,176
82,102,175
82,103,175
82,104,174
82,105,174
82,106,173
82,107,173
82,108,174
82,109,175
82,110,175
82,111,175
82,112,174
82,113,175
82,114,175
82,115,176
82,116,176
82,117,174
82,118,173
82,119,176
82,120,176
82,121,177
82,122,176
82,123,174
82,124,172
82,125,169
82,126,163
82,127,157
82,128,146
82,129,139
82,130,132
82,131,129
82,132,127
82,133,125
82,134,127
82,135,131
82,136,138
82,137,141
82,138,143
82,139,146
82,140,149
82,141,152
82,142,154
82,143,154
82,144,155
82,145,156
82,146,156
82,147,157
82,148,158
82,149,158
83,0,173
83,1,174
83,2,174
83,3,174
83,4,175
83,5,176
83,6,175
83,7,174
83,8,171
83,9,173
83,10,175
83,11,180
83,12,185
83,13,188
83,14,189
83,15,188
83,16,190
83,17,192
83,18,194
83,19,193
83,20,192
83,21,191
83,22,190
83,23,189
83,24,182
83,25,179
83,26,178
83,27,179
83,28,182
83,29,189
83,30,194
83,31,196
83,32,198
83,33,193
83,34,184
83,35,174
83,36,167
83,37,165
83,38,163
83,39,160
83,40,157
83,41,156
83,42,155
83,43,155
83,44,154
83,45,154
83,46,154
83,47,153
83,48,154
83,49,154
83,50,155
83,51,156
83,52,157
83,53,158
83,54,160
83,55,162
83,56,163
83,57,162
83,58,165
83,59,163
83,60,162
83,61,159
83,62,150
83,63,141
83,64,132
83,65,132
83,66,139
83,67,145
83,68,142
83,69,139
83,70,137
83,71,138
83,72,145
83,73,144
83,74,143
83,75,141
83,76,140
83,77,140
83,78,152
83,79,176
83,80,210
83,81,201
83,82,184
83,83,179
83,84,180
83,85,177
83,86,178
83,87,180
83,88,176
83,89,176
83,90,177
83,91,177
83,92,178
83,93,178
83,94,178
83,95,178
83,96,178
83,97,177
83,98,177
83,99,177
83,100,177
83,101,175
83,102,174
83,103,174
83,104,174
83,105,173
83,106,173
83,107,173
83,108,174
83,109,174
83,110,174
83,111,174
83,112,172
83,113,174
83,114,174
83,115,175
83,116,175
83,117,173
83,118,173
83,119,176
83,120,175
83,121,176
83,122,174
83,123,167
83,124,161
83,125,156
83,126,151
83,127,147
83,128,137
83,129,133
83,130,130
83,131,129
83,132,129
83,133,128
83,134,128
83,135,130
83,136,137
83,137,140
83,138,143
83,139,146
83,140,148
83,141,151
83,142,153
83,143,154
83,144,155
83,145,155
83,146,156
83,147,157
83,148,157
83,149,158
84,0,174
84,1,176
84,2,176
84,3,175
84,4,174
84,5,175
84,6,175
84,7,175
84,8,171
84,9,171
84,10,172
84,11,174
84,12,178
84,13,181
84,14,183
84,15,183
84,16,186
84,17,190
84,18,193
84,19,194
84,20,193
84,21,193
84,22,191
84,23,190
84,24,181
84,25,176
84,26,173
84,27,173
84,28,173
84,29,178
84,30,182
84,31,182
84,32,182
84,33,179
84,34,173
84,35,165
84,36,161
84,37,159
84,38,158
84,39,156
84,40,154
84,41,153
84,42,151
84,43,148
84,44,147
84,45,146
84,46,147
84,47,148
84,48,152
84,49,152
84,50,154
84,51,156
84,52,157
84,53,157
84,54,159
84,55,160
84,56,163
84,57,162
84,58,159
84,59,161
84,60,162
84,61,164
84,62,167
84,63,164
84,64,143
84,65,128
84,66,132
84,67,136
84,68,135
84,69,138
84,70,140
84,71,138
84,72,139
84,73,139
84,74,140
84,75,141
84,76,144
84,77,145
84,78,142
84,79,143
84,80,168
84,81,194
84,82,203
84,83,195
84,84,184
84,85,179
84,86,181
84,87,177
84,88,176
84,89,176
84,90,176
84,91,176
84,92,177
84,93,177
84,94,177
84,95,177
84,96,178
84,97,177
84,98,177
84,99,177
84,100,177
84,101,176
84,102,174
84,103,174
84,104,175
84,105,174
84,106,174
84,107,173
84,108,174
84,109,174
84,110,173
84,111,173
84,112,173
84,113,174
84,114,173
84,115,174
84,116,174
84,117,173
84,118,176
84,119,182
84,120,186
84,121,182
84,122,173
84,123,163
84,124,154
84,125,149
84,126,146
84,127,143
84,128,136
84,129,133
84,130,131
84,131,131
84,132,131
84,133,130
84,134,129
84,135,130
84,136,136
84,137,139
84,138,143
84,139,145
84,140,147
84,141,150
84,142,153
84,143,153
84,144,155
84,145,155
84,146,155
84,147,156
84,148,157
84,149,157
85,0,173
85,1,176
85,2,177
85,3,175
85,4,173
85,5,173
85,6,174
85,7,174
85,8,172
85,9,171
85,10,170
85,11,170
85,12,173
85,13,177
85,14,180
85,15,182
85,16,186
85,17,190
85,18,194
85,19,195
85,20,196
85,21,196
85,22,194
85,23,191
85,24,182
85,25,175
85,26,172
85,27,171
85,28,170
85,29,172
85,30,175
85,31,174
85,32,172
85,33,169
85,34,164
85,35,159
85,36,156
85,37,155
85,38,155
85,39,154
85,40,153
85,41,150
85,42,146
85,43,143
85,44,140
85,45,140
85,46,143
85,47,146
85,48,151
85,49,151
85,50,153
85,51,155
85,52,156
85,53,157
85,54,158
85,55,159
85,56,160
85,57,165
85,58,165
85,59,163
85,60,161
85,61,162
85,62,162
85,63,172
85,64,149
85,65,125
85,66,129
85,67,132
85,68,131
85,69,135
85,70,137
85,71,135
85,72,138
85,73,138
85,74,136
85,75,143
85,76,142
85,77,134
85,78,139
85,79,145
85,80,144
85,81,159
85,82,193
85,83,212
85,84,206
85,85,191
85,86,180
85,87,181
85,88,178
85,89,176
85,90,175
85,91,175
85,92,175
85,93,175
85,94,175
85,95,175
85,96,177
85,97,177
85,98,177
85,99,177
85,100,177
85,101,176
85,102,176
85,103,175
85,104,175
85,105,175
85,106,174
85,107,173
85,108,173
85,109,173
85,110,173
85,111,173
85,112,173
85,113,173
85,114,172
85,115,172
85,116,174
85,117,176
85,118,183
85,119,192
85,120,198
85,121,186
85,122,170
85,123,158
85,124,153
85,125,149
85,126,147
85,127,145
85,128,139
85,129,135
85,130,132
85,131,131
85,132,130
85,133,129
85,134,130
85,135,130
85,136,134
85,137,138
85,138,142
85,139,145
85,140,147
85,141,149
85,142,152
85,143,153
85,144,154
85,145,154
85,146,155
85,147,155
85,148,156
85,149,157
86,0,172
86,1,174
86,2,175
86,3,174
86,4,172
86,5,172
86,6,172
86,7,172
86,8,172
86,9,171
86,10,169
86,11,169
86,12,172
86,13,177
86,14,182
86,15,185
86,16,189
86,17,193
86,18,196
86,19,198
86,20,200
86,21,200
86,22,196
86,23,191
86,24,182
86,25,174
86,26,170
86,27,170
86,28,169
86,29,171
86,30,173
86,31,171
86,32,169
86,33,165
86,34,160
86,35,157
86,36,155
86,37,153
86,38,152
86,39,152
86,40,152
86,41,150
86,42,148
86,43,144
86,44,141
86,45,141
86,46,145
86,47,149
86,48,150
86,49,151
86,50,153
86,51,155
86,52,156
86,53,156
86,54,157
86,55,159
86,56,162
86,57,164
86,58,162
86,59,160
86,60,161
86,61,166
86,62,162
86,63,171
86,64,139
86,65,114
86,66,121
86,67,126
86,68,131
86,69,135
86,70,137
86,71,137
86,72,136
86,73,136
86,74,139
86,75,137
86,76,141
86,77,144
86,78,137
86,79,143
86,80,141
86,81,141
86,82,165
86,83,195
86,84,216
86,85,216
86,86,197
86,87,183
86,88,181
86,89,178
86,90,175
86,91,174
86,92,175
86,93,175
86,94,174
86,95,174
86,96,176
86,97,178
86,98,178
86,99,177
86,100,176
86,101,177
86,102,177
86,103,176
86,104,176
86,105,175
86,106,174
86,107,173
86,108,173
86,109,173
86,110,173
86,111,173
86,112,172
86,113,172
86,114,173
86,115,174
86,116,176
86,117,177
86,118,184
86,119,194
86,120,198
86,121,182
86,122,165
86,123,156
86,124,153
86,125,149
86,126,145
86,127,144
86,128,141
86,129,137
86,130,134
86,131,132
86,132,131
86,133,130
86,134,130
86,135,131
86,136,133
86,137,138
86,138,142
86,139,144
86,140,146
86,141,149
86,142,151
86,143,153
86,144,154
86,145,155
86,146,155
86,147,155
86,148,156
86,149,156
87,0,171
87,1,172
87,2,172
87,3,172
87,4,171
87,5,172
87,6,171
87,7,170
87,8,171
87,9,170
87,10,169
87,11,170
87,12,173
87,13,179
87,14,186
87,15,190
87,16,192
87,17,196
87,18,199
87,19,201
87,20,202
87,21,202
87,22,197
87,23,191
87,24,181
87,25,172
87,26,168
87,27,169
87,28,169
87,29,171
87,30,173
87,31,170
87,32,167
87,33,162
87,34,158
87,35,157
87,36,157
87,37,155
87,38,152
87,39,151
87,40,151
87,41,150
87,42,149
87,43,146
87,44,142
87,45,141
87,46,144
87,47,149
87,48,150
87,49,150
87,50,152
87,51,155
87,52,156
87,53,156
87,54,157
87,55,159
87,56,162
87,57,163
87,58,162
87,59,163
87,60,159
87,61,165
87,62,167
87,63,168
87,64,160
87,65,129
87,66,125
87,67,124
87,68,130
87,69,132
87,70,127
87,71,126
87,72,134
87,73,134
87,74,134
87,75,138
87,76,140
87,77,138
87,78,142
87,79,143
87,80,138
87,81,142
87,82,142
87,83,159
87,84,188
87,85,208
87,86,212
87,87,204
87,88,185
87,89,180
87,90,176
87,91,175
87,92,175
87,93,175
87,94,174
87,95,174
87,96,176
87,97,178
87,98,179
87,99,176
87,100,176
87,101,177
87,102,178
87,103,177
87,104,175
87,105,174
87,106,173
87,107,173
87,108,173
87,109,173
87,110,174
87,111,174
87,112,174
87,113,175
87,114,176
87,115,178
87,116,177
87,117,176
87,118,180
87,119,188
87,120,185
87,121,171
87,122,158
87,123,154
87,124,153
87,125,150
87,126,147
87,127,147
87,128,141
87,129,139
87,130,136
87,131,134
87,132,133
87,133,132
87,134,132
87,135,131
87,136,133
87,137,137
87,138,142
87,139,144
87,140,146
87,141,148
87,142,151
87,143,153
87,144,155
87,145,155
87,146,155
87,147,155
87,148,156
87,149,157
88,0,171
88,1,172
88,2,173
88,3,173
88,4,172
88,5,170
88,6,170
88,7,170
88,8,170
88,9,170
88,10,171
88,11,172
88,12,174
88,13,180
88,14,187
88,15,192
88,16,195
88,17,198
88,18,200
88,19,200
88,20,202
88,21,203
88,22,198
88,23,190
88,24,176
88,25,173
88,26,169
88,27,169
88,28,171
88,29,172
88,30,171
88,31,169
88,32,164
88,33,163
88,34,160
88,35,159
88,36,157
88,37,155
88,38,153
88,39,151
88,40,149
88,41,150
88,42,150
88,43,149
88,44,147
88,45,146
88,46,147
88,47,148
88,48,149
88,49,152
88,50,153
88,51,154
88,52,156
88,53,156
88,54,156
88,55,159
88,56,162
88,57,164
88,58,163
88,59,162
88,60,164
88,61,163
88,62,165
88,63,171
88,64,165
88,65,136
88,66,122
88,67,128
88,68,131
88,69,126
88,70,130
88,71,142
88,72,129
88,73,131
88,74,130
88,75,137
88,76,140
88,77,133
88,78,135
88,79,140
88,80,137
88,81,141
88,82,138
88,83,142
88,84,155
88,85,176
88,86,200
88,87,212
88,88,211
88,89,200
88,90,182
88,91,170
88,92,172
88,93,176
88,94,174
88,95,173
88,96,173
88,97,175
88,98,178
88,99,179
88,100,178
88,101,177
88,102,176
88,103,176
88,104,177
88,105,176
88,106,174
88,107,173
88,108,173
88,109,173
88,110,174
88,111,176
88,112,176
88,113,178
88,114,181
88,115,183
88,116,181
88,117,175
88,118,171
88,119,171
88,120,167
88,121,163
88,122,157
88,123,153
88,124,151
88,125,149
88,126,146
88,127,144
88,128,142
88,129,140
88,130,138
88,131,136
88,132,135
88,133,134
88,134,133
88,135,133
88,136,135
88,137,136
88,138,139
88,139,143
88,140,146
88,141,148
88,142,150
88,143,153
88,144,153
88,145,155
88,146,156
88,147,156
88,148,156
88,149,157
89,0,171
89,1,172
89,2,173
89,3,173
89,4,171
89,5,170
89,6,170
89,7,170
89,8,172
89,9,172
89,10,173
89,11,174
89,12,177
89,13,182
89,14,188
89,15,193
89,16,196
89,17,198
89,18,199
89,19,198
89,20,198
89,21,197
89,22,191
89,23,184
89,24,174
89,25,171
89,26,169
89,27,169
89,28,171
89,29,172
89,30,170
89,31,168
89,32,164
89,33,163
89,34,161
89,35,160
89,36,158
89,37,156
89,38,154
89,39,152
89,40,150
89,41,150
89,42,150
89,43,149
89,44,147
89,45,147
89,46,147
89,47,148
89,48,149
89,49,152
89,50,153
89,51,154
89,52,156
89,53,156
89,54,157
89,55,159
89,56,163
89,57,164
89,58,165
89,59,164
89,60,163
89,61,166
89,62,168
89,63,167
89,64,136
89,65,119
89,66,128
89,67,123
89,68,117
89,69,122
89,70,129
89,71,159
89,72,151
89,73,144
89,74,136
89,75,129
89,76,131
89,77,136
89,78,135
89,79,138
89,80,140
89,81,137
89,82,137
89,83,140
89,84,142
89,85,154
89,86,181
89,87,197
89,88,212
89,89,216
89,90,206
89,91,194
89,92,182
89,93,174
89,94,174
89,95,173
89,96,174
89,97,177
89,98,178
89,99,177
89,100,176
89,101,176
89,102,177
89,103,177
89,104,177
89,105,176
89,106,174
89,107,173
89,108,173
89,109,174
89,110,175
89,111,176
89,112,185
89,113,192
89,114,194
89,115,187
89,116,177
89,117,172
89,118,170
89,119,168
89,120,165
89,121,161
89,122,157
89,123,153
89,124,151
89,125,149
89,126,147
89,127,145
89,128,143
89,129,141
89,130,139
89,131,137
89,132,136
89,133,135
89,134,134
89,135,134
89,136,136
89,137,137
89,138,139
89,139,143
89,140,145
89,141,147
89,142,150
89,143,152
89,144,154
89,145,155
89,146,156
89,147,156
89,148,156
89,149,157
90,0,171
90,1,172
90,2,172
90,3,172
90,4,171
90,5,170
90,6,170
90,7,171
90,8,173
90,9,174
90,10,175
90,11,176
90,12,179
90,13,183
90,14,187
90,15,191
90,16,195
90,17,196
90,18,196
90,19,195
90,20,192
90,21,187
90,22,181
90,23,176
90,24,170
90,25,169
90,26,169
90,27,170
90,28,171
90,29,171
90,30,169
90,31,167
90,32,164
90,33,163
90,34,162
90,35,161
90,36,160
90,37,159
90,38,156
90,39,155
90,40,151
90,41,151
90,42,150
90,43,149
90,44,148
90,45,148
90,46,148
90,47,148
90,48,149
90,49,152
90,50,153
90,51,154
90,52,156
90,53,156
90,54,157
90,55,159
90,56,160
90,57,162
90,58,165
90,59,165
90,60,163
90,61,165
90,62,165
90,63,159
90,64,147
90,65,157
90,66,159
90,67,159
90,68,150
90,69,137
90,70,129
90,71,115
90,72,126
90,73,149
90,74,138
90,75,126
90,76,130
90,77,129
90,78,132
90,79,134
90,80,133
90,81,132
90,82,132
90,83,140
90,84,143
90,85,141
90,86,155
90,87,176
90,88,195
90,89,198
90,90,213
90,91,215
90,92,202
90,93,187
90,94,173
90,95,172
90,96,172
90,97,174
90,98,175
90,99,176
90,100,178
90,101,180
90,102,179
90,103,177
90,104,177
90,105,176
90,106,174
90,107,173
90,108,173
90,109,176
90,110,178
90,111,180
90,112,191
90,113,201
90,114,201
90,115,186
90,116,172
90,117,168
90,118,168
90,119,165
90,120,163
90,121,160
90,122,156
90,123,153
90,124,151
90,125,150
90,126,148
90,127,146
90,128,143
90,129,142
90,130,140
90,131,139
90,132,138
90,133,137
90,134,136
90,135,136
90,136,137
90,137,138
90,138,140
90,139,143
90,140,145
90,141,146
90,142,149
90,143,151
90,144,154
90,145,155
90,146,156
90,147,156
90,148,156
90,149,157
91,0,172
91,1,172
91,2,172
91,3,171
91,4,170
91,5,170
91,6,170
91,7,171
91,8,172
91,9,173
91,10,175
91,11,176
91,12,178
91,13,181
91,14,185
91,15,187
91,16,191
91,17,191
91,18,190
91,19,187
91,20,183
91,21,177
91,22,172
91,23,170
91,24,168
91,25,168
91,26,169
91,27,170
91,28,171
91,29,170
91,30,168
91,31,166
91,32,164
91,33,164
91,34,163
91,35,163
91,36,162
91,37,161
91,38,159
91,39,157
91,40,154
91,41,152
91,42,151
91,43,150
91,44,149
91,45,149
91,46,149
91,47,148
91,48,149
91,49,152
91,50,153
91,51,153
91,52,156
91,53,156
91,54,157
91,55,160
91,56,165
91,57,165
91,58,166
91,59,165
91,60,164
91,61,168
91,62,171
91,63,169
91,64,181
91,65,197
91,66,201
91,67,202
91,68,200
91,69,195
91,70,185
91,71,163
91,72,142
91,73,133
91,74,126
91,75,126
91,76,127
91,77,126
91,78,129
91,79,134
91,80,135
91,81,139
91,82,133
91,83,132
91,84,139
91,85,138
91,86,141
91,87,153
91,88,177
91,89,195
91,90,201
91,91,211
91,92,218
91,93,205
91,94,190
91,95,180
91,96,174
91,97,174
91,98,173
91,99,175
91,100,177
91,101,178
91,102,178
91,103,178
91,104,179
91,105,177
91,106,175
91,107,174
91,108,174
91,109,179
91,110,185
91,111,187
91,112,189
91,113,195
91,114,192
91,115,179
91,116,168
91,117,166
91,118,166
91,119,164
91,120,162
91,121,159
91,122,155
91,123,153
91,124,152
91,125,150
91,126,148
91,127,146
91,128,144
91,129,143
91,130,142
91,131,141
91,132,139
91,133,138
91,134,138
91,135,137
91,136,138
91,137,139
91,138,140
91,139,143
91,140,144
91,141,146
91,142,148
91,143,150
91,144,153
91,145,155
91,146,156
91,147,156
91,148,157
91,149,158
92,0,172
92,1,173
92,2,172
92,3,171
92,4,170
92,5,169
92,6,170
92,7,171
92,8,171
92,9,172
92,10,173
92,11,174
92,12,176
92,13,178
92,14,181
92,15,182
92,16,184
92,17,182
92,18,181
92,19,178
92,20,174
92,21,169
92,22,167
92,23,166
92,24,166
92,25,168
92,26,170
92,27,171
92,28,170
92,29,168
92,30,166
92,31,164
92,32,164
92,33,164
92,34,163
92,35,163
92,36,162
92,37,161
92,38,160
92,39,159
92,40,156
92,41,154
92,42,152
92,43,152
92,44,151
92,45,151
92,46,150
92,47,149
92,48,150
92,49,152
92,50,153
92,51,154
92,52,156
92,53,157
92,54,158
92,55,160
92,56,164
92,57,165
92,58,164
92,59,163
92,60,166
92,61,168
92,62,173
92,63,179
92,64,187
92,65,193
92,66,199
92,67,195
92,68,193
92,69,197
92,70,197
92,71,200
92,72,196
92,73,161
92,74,126
92,75,115
92,76,121
92,77,129
92,78,131
92,79,127
92,80,129
92,81,132
92,82,136
92,83,138
92,84,137
92,85,136
92,86,139
92,87,145
92,88,150
92,89,181
92,90,209
92,91,205
92,92,206
92,93,218
92,94,209
92,95,194
92,96,179
92,97,174
92,98,173
92,99,176
92,100,179
92,101,178
92,102,178
92,103,179
92,104,179
92,105,178
92,106,177
92,107,176
92,108,175
92,109,182
92,110,190
92,111,193
92,112,186
92,113,183
92,114,177
92,115,170
92,116,167
92,117,166
92,118,166
92,119,165
92,120,162
92,121,159
92,122,155
92,123,153
92,124,153
92,125,151
92,126,149
92,127,147
92,128,145
92,129,145
92,130,144
92,131,142
92,132,141
92,133,140
92,134,139
92,135,139
92,136,140
92,137,140
92,138,141
92,139,143
92,140,145
92,141,145
92,142,147
92,143,149
92,144,153
92,145,155
92,146,156
92,147,156
92,148,157
92,149,158
93,0,172
93,1,173
93,2,172
93,3,171
93,4,170
93,5,170
93,6,170
93,7,171
93,8,172
93,9,172
93,10,171
93,11,172
93,12,173
93,13,175
93,14,176
93,15,176
93,16,175
93,17,174
93,18,172
93,19,169
93,20,166
93,21,164
93,22,164
93,23,165
93,24,167
93,25,168
93,26,170
93,27,170
93,28,168
93,29,165
93,30,163
93,31,162
93,32,163
93,33,163
93,34,162
93,35,162
93,36,161
93,37,160
93,38,159
93,39,159
93,40,156
93,41,156
93,42,154
93,43,154
93,44,154
93,45,153
93,46,152
93,47,151
93,48,151
93,49,154
93,50,154
93,51,155
93,52,157
93,53,157
93,54,158
93,55,161
93,56,164
93,57,168
93,58,168
93,59,169
93,60,172
93,61,172
93,62,175
93,63,182
93,64,190
93,65,199
93,66,196
93,67,197
93,68,195
93,69,191
93,70,196
93,71,193
93,72,201
93,73,189
93,74,156
93,75,144
93,76,138
93,77,122
93,78,124
93,79,131
93,80,133
93,81,130
93,82,129
93,83,131
93,84,138
93,85,141
93,86,138
93,87,140
93,88,145
93,89,152
93,90,170
93,91,195
93,92,200
93,93,198
93,94,208
93,95,214
93,96,200
93,97,187
93,98,174
93,99,173
93,100,177
93,101,180
93,102,179
93,103,179
93,104,178
93,105,179
93,106,180
93,107,179
93,108,176
93,109,181
93,110,189
93,111,190
93,112,183
93,113,175
93,114,168
93,115,167
93,116,169
93,117,168
93,118,166
93,119,165
93,120,162
93,121,159
93,122,156
93,123,155
93,124,154
93,125,153
93,126,150
93,127,148
93,128,146
93,129,146
93,130,146
93,131,144
93,132,143
93,133,141
93,134,141
93,135,141
93,136,141
93,137,141
93,138,142
93,139,144
93,140,145
93,141,146
93,142,147
93,143,149
93,144,152
93,145,154
93,146,156
93,147,156
93,148,156
93,149,157
94,0,172
94,1,172
94,2,172
94,3,171
94,4,170
94,5,170
94,6,171
94,7,172
94,8,172
94,9,171
94,10,170
94,11,169
94,12,169
94,13,170
94,14,170
94,15,170
94,16,168
94,17,167
94,18,166
94,19,163
94,20,162
94,21,163
94,22,164
94,23,164
94,24,167
94,25,169
94,26,170
94,27,168
94,28,165
94,29,162
94,30,160
94,31,160
94,32,161
94,33,161
94,34,160
94,35,160
94,36,159
94,37,158
94,38,158
94,39,157
94,40,156
94,41,156
94,42,156
94,43,156
94,44,156
94,45,155
94,46,154
94,47,153
94,48,154
94,49,156
94,50,156
94,51,156
94,52,158
94,53,159
94,54,160
94,55,162
94,56,167
94,57,168
94,58,168
94,59,169
94,60,172
94,61,176
94,62,181
94,63,185
94,64,189
94,65,199
94,66,199
94,67,193
94,68,192
94,69,194
94,70,197
94,71,195
94,72,198
94,73,198
94,74,203
94,75,197
94,76,188
94,77,177
94,78,148
94,79,119
94,80,118
94,81,131
94,82,136
94,83,131
94,84,135
94,85,141
94,86,140
94,87,142
94,88,141
94,89,144
94,90,147
94,91,163
94,92,191
94,93,199
94,94,194
94,95,205
94,96,219
94,97,207
94,98,191
94,99,179
94,100,175
94,101,176
94,102,177
94,103,177
94,104,176
94,105,179
94,106,184
94,107,182
94,108,176
94,109,177
94,110,181
94,111,180
94,112,177
94,113,172
94,114,168
94,115,167
94,116,169
94,117,169
94,118,166
94,119,164
94,120,161
94,121,159
94,122,157
94,123,156
94,124,155
94,125,154
94,126,152
94,127,150
94,128,148
94,129,148
94,130,148
94,131,146
94,132,145
94,133,143
94,134,142
94,135,142
94,136,141
94,137,142
94,138,143
94,139,146
94,140,146
94,141,146
94,142,147
94,143,149
94,144,151
94,145,153
94,146,155
94,147,155
94,148,156
94,149,157
95,0,171
95,1,172
95,2,172
95,3,172
95,4,171
95,5,171
95,6,171
95,7,172
95,8,172
95,9,170
95,10,168
95,11,166
95,12,166
95,13,166
95,14,166
95,15,166
95,16,164
95,17,164
95,18,163
95,19,161
95,20,161
95,21,163
95,22,164
95,23,163
95,24,168
95,25,169
95,26,170
95,27,167
95,28,163
95,29,160
95,30,158
95,31,159
95,32,160
95,33,160
95,34,159
95,35,158
95,36,157
95,37,156
95,38,156
95,39,156
95,40,155
95,41,156
95,42,157
95,43,157
95,44,157
95,45,156
95,46,156
95,47,155
95,48,155
95,49,157
95,50,157
95,51,158
95,52,159
95,53,160
95,54,161
95,55,163
95,56,167
95,57,168
95,58,173
95,59,176
95,60,179
95,61,188
95,62,194
95,63,193
95,64,199
95,65,203
95,66,201
95,67,194
95,68,191
95,69,192
95,70,192
95,71,195
95,72,195
95,73,197
95,74,196
95,75,196
95,76,196
95,77,201
95,78,196
95,79,172
95,80,138
95,81,126
95,82,128
95,83,133
95,84,134
95,85,137
95,86,138
95,87,141
95,88,140
95,89,145
95,90,149
95,91,150
95,92,158
95,93,180
95,94,198
95,95,200
95,96,203
95,97,212
95,98,214
95,99,202
95,100,185
95,101,175
95,102,173
95,103,173
95,104,174
95,105,179
95,106,186
95,107,185
95,108,175
95,109,173
95,110,173
95,111,170
95,112,169
95,113,170
95,114,170
95,115,168
95,116,167
95,117,168
95,118,167
95,119,163
95,120,161
95,121,159
95,122,157
95,123,156
95,124,156
95,125,156
95,126,153
95,127,151
95,128,149
95,129,149
95,130,149
95,131,148
95,132,146
95,133,144
95,134,143
95,135,143
95,136,142
95,137,142
95,138,144
95,139,146
95,140,147
95,141,147
95,142,147
95,143,148
95,144,151
95,145,153
95,146,155
95,147,155
95,148,156
95,149,157
96,0,167
96,1,168
96,2,169
96,3,169
96,4,170
96,5,171
96,6,171
96,7,170
96,8,170
96,9,169
96,10,167
96,11,166
96,12,165
96,13,165
96,14,164
96,15,163
96,16,162
96,17,162
96,18,162
96,19,161
96,20,161
96,21,161
96,22,163
96,23,165
96,24,167
96,25,168
96,26,167
96,27,164
96,28,160
96,29,158
96,30,158
96,31,160
96,32,157
96,33,157
96,34,156
96,35,156
96,36,156
96,37,156
96,38,155
96,39,155
96,40,153
96,41,154
96,42,155
96,43,157
96,44,158
96,45,158
96,46,157
96,47,157
96,48,157
96,49,157
96,50,159
96,51,160
96,52,161
96,53,161
96,54,163
96,55,165
96,56,168
96,57,173
96,58,173
96,59,181
96,60,195
96,61,204
96,62,208
96,63,207
96,64,209
96,65,213
96,66,207
96,67,196
96,68,192
96,69,193
96,70,193
96,71,191
96,72,192
96,73,195
96,74,197
96,75,195
96,76,193
96,77,192
96,78,192
96,79,193
96,80,175
96,81,140
96,82,123
96,83,136
96,84,140
96,85,139
96,86,144
96,87,140
96,88,142
96,89,145
96,90,148
96,91,150
96,92,151
96,93,158
96,94,175
96,95,190
96,96,195
96,97,204
96,98,213
96,99,215
96,100,207
96,101,190
96,102,176
96,103,172
96,104,170
96,105,178
96,106,184
96,107,181
96,108,175
96,109,172
96,110,172
96,111,170
96,112,167
96,113,168
96,114,169
96,115,169
96,116,170
96,117,170
96,118,167
96,119,163
96,120,161
96,121,160
96,122,160
96,123,159
96,124,158
96,125,156
96,126,155
96,127,153
96,128,151
96,129,150
96,130,150
96,131,149
96,132,147
96,133,146
96,134,145
96,135,145
96,136,144
96,137,144
96,138,145
96,139,146
96,140,147
96,141,148
96,142,148
96,143,149
96,144,151
96,145,153
96,146,154
96,147,155
96,148,156
96,149,157
97,0,167
97,1,168
97,2,169
97,3,169
97,4,169
97,5,171
97,6,171
97,7,171
97,8,170
97,9,169
97,10,167
97,11,166
97,12,165
97,13,164
97,14,164
97,15,163
97,16,162
97,17,162
97,18,162
97,19,161
97,20,161
97,21,162
97,22,164
97,23,166
97,24,168
97,25,167
97,26,165
97,27,162
97,28,159
97,29,157
97,30,158
97,31,159
97,32,158
97,33,157
97,34,156
97,35,156
97,36,156
97,37,156
97,38,156
97,39,155
97,40,154
97,41,154
97,42,155
97,43,157
97,44,158
97,45,158
97,46,158
97,47,158
97,48,158
97,49,159
97,50,160
97,51,162
97,52,162
97,53,162
97,54,164
97,55,166
97,56,171
97,57,174
97,58,177
97,59,187
97,60,200
97,61,207
97,62,210
97,63,212
97,64,217
97,65,222
97,66,217
97,67,202
97,68,194
97,69,195
97,70,195
97,71,192
97,72,190
97,73,193
97,74,196
97,75,196
97,76,194
97,77,192
97,78,191
97,79,191
97,80,195
97,81,176
97,82,144
97,83,132
97,84,139
97,85,139
97,86,140
97,87,148
97,88,150
97,89,151
97,90,152
97,91,154
97,92,154
97,93,156
97,94,162
97,95,170
97,96,184
97,97,196
97,98,204
97,99,206
97,100,209
97,101,207
97,102,195
97,103,181
97,104,176
97,105,174
97,106,174
97,107,175
97,108,174
97,109,170
97,110,169
97,111,171
97,112,171
97,113,171
97,114,171
97,115,170
97,116,169
97,117,168
97,118,167
97,119,166
97,120,161
97,121,161
97,122,160
97,123,160
97,124,159
97,125,158
97,126,156
97,127,155
97,128,152
97,129,152
97,130,151
97,131,150
97,132,148
97,133,147
97,134,146
97,135,145
97,136,144
97,137,144
97,138,145
97,139,146
97,140,147
97,141,147
97,142,149
97,143,149
97,144,151
97,145,153
97,146,155
97,147,155
97,148,156
97,149,157
98,0,167
98,1,168
98,2,168
98,3,168
98,4,169
98,5,170
98,6,171
98,7,171
98,8,169
98,9,168
98,10,166
98,11,165
98,12,164
98,13,164
98,14,163
98,15,163
98,16,162
98,17,162
98,18,162
98,19,161
98,20,161
98,21,163
98,22,166
98,23,168
98,24,168
98,25,166
98,26,163
98,27,160
98,28,157
98,29,157
98,30,157
98,31,158
98,32,158
98,33,157
98,34,156
98,35,156
98,36,156
98,37,156
98,38,156
98,39,156
98,40,155
98,41,155
98,42,156
98,43,157
98,44,159
98,45,159
98,46,159
98,47,159
98,48,160
98,49,161
98,50,162
98,51,163
98,52,163
98,53,163
98,54,165
98,55,168
98,56,173
98,57,177
98,58,182
98,59,193
98,60,203
98,61,205
98,62,207
98,63,206
98,64,219
98,65,228
98,66,226
98,67,212
98,68,199
98,69,198
98,70,198
98,71,195
98,72,191
98,73,191
98,74,194
98,75,196
98,76,195
98,77,191
98,78,190
98,79,190
98,80,185
98,81,184
98,82,157
98,83,132
98,84,140
98,85,149
98,86,146
98,87,150
98,88,151
98,89,151
98,90,152
98,91,155
98,92,157
98,93,158
98,94,160
98,95,163
98,96,167
98,97,180
98,98,191
98,99,197
98,100,203
98,101,207
98,102,208
98,103,209
98,104,194
98,105,186
98,106,177
98,107,173
98,108,173
98,109,174
98,110,172
98,111,170
98,112,171
98,113,171
98,114,171
98,115,171
98,116,170
98,117,168
98,118,166
98,119,166
98,120,162
98,121,162
98,122,161
98,123,161
98,124,161
98,125,159
98,126,158
98,127,157
98,128,154
98,129,154
98,130,152
98,131,151
98,132,150
98,133,148
98,134,147
98,135,146
98,136,144
98,137,145
98,138,145
98,139,146
98,140,146
98,141,148
98,142,149
98,143,150
98,144,151
98,145,153
98,146,155
98,147,156
98,148,156
98,149,158
99,0,167
99,1,168
99,2,168
99,3,167
99,4,168
99,5,169
99,6,170
99,7,169
99,8,168
99,9,167
99,10,165
99,11,164
99,12,163
99,13,163
99,14,163
99,15,162
99,16,162
99,17,162
99,18,162
99,19,162
99,20,163
99,21,165
99,22,168
99,23,169
99,24,167
99,25,165
99,26,161
99,27,158
99,28,157
99,29,157
99,30,157
99,31,157
99,32,157
99,33,156
99,34,156
99,35,155
99,36,156
99,37,156
99,38,157
99,39,157
99,40,156
99,41,156
99,42,157
99,43,158
99,44,159
99,45,160
99,46,161
99,47,160
99,48,161
99,49,162
99,50,164
99,51,164
99,52,164
99,53,164
99,54,166
99,55,170
99,56,174
99,57,181
99,58,188
99,59,198
99,60,202
99,61,200
99,62,198
99,63,196
99,64,209
99,65,225
99,66,231
99,67,220
99,68,206
99,69,202
99,70,202
99,71,199
99,72,193
99,73,190
99,74,191
99,75,194
99,76,194
99,77,191
99,78,190
99,79,190
99,80,185
99,81,149
99,82,137
99,83,140
99,84,137
99,85,144
99,86,151
99,87,151
99,88,153
99,89,154
99,90,156
99,91,159
99,92,160
99,93,160
99,94,162
99,95,164
99,96,167
99,97,170
99,98,176
99,99,185
99,100,194
99,101,199
99,102,204
99,103,212
99,104,212
99,105,206
99,106,193
99,107,180
99,108,174
99,109,174
99,110,173
99,111,172
99,112,172
99,113,172
99,114,171
99,115,171
99,116,170
99,117,169
99,118,166
99,119,163
99,120,162
99,121,162
99,122,162
99,123,162
99,124,162
99,125,161
99,126,160
99,127,159
99,128,157
99,129,156
99,130,154
99,131,153
99,132,151
99,133,150
99,134,148
99,135,147
99,136,145
99,137,145
99,138,146
99,139,146
99,140,147
99,141,148
99,142,149
99,143,151
99,144,151
99,145,153
99,146,155
99,147,156
99,148,157
99,149,158
100,0,167
100,1,168
100,2,168
100,3,167
100,4,167
100,5,168
100,6,168
100,7,168
100,8,167
100,9,166
100,10,165
100,11,163
100,12,163
100,13,163
100,14,163
100,15,163
100,16,163
100,17,163
100,18,163
100,19,164
100,20,165
100,21,167
100,22,169
100,23,170
100,24,165
100,25,163
100,26,160
100,27,158
100,28,157
100,29,157
100,30,156
100,31,155
100,32,155
100,33,155
100,34,155
100,35,156
100,36,156
100,37,157
100,38,158
100,39,158
100,40,158
100,41,158
100,42,159
100,43,159
100,44,161
100,45,162
100,46,162
100,47,162
100,48,162
100,49,163
100,50,165
100,51,165
100,52,165
100,53,165
100,54,169
100,55,173
100,56,178
100,57,187
100,58,195
100,59,202
100,60,202
100,61,199
100,62,198
100,63,194
100,64,197
100,65,216
100,66,229
100,67,227
100,68,215
100,69,205
100,70,202
100,71,201
100,72,194
100,73,189
100,74,189
100,75,193
100,76,193
100,77,192
100,78,191
100,79,190
100,80,190
100,81,186
100,82,181
100,83,167
100,84,160
100,85,157
100,86,150
100,87,150
100,88,155
100,89,156
100,90,159
100,91,162
100,92,163
100,93,164
100,94,164
100,95,165
100,96,167
100,97,169
100,98,171
100,99,175
100,100,185
100,101,194
100,102,197
100,103,198
100,104,208
100,105,210
100,106,207
100,107,201
100,108,191
100,109,178
100,110,170
100,111,171
100,112,172
100,113,174
100,114,173
100,115,170
100,116,169
100,117,169
100,118,167
100,119,163
100,120,162
100,121,162
100,122,162
100,123,163
100,124,164
100,125,163
100,126,162
100,127,162
100,128,159
100,129,158
100,130,156
100,131,154
100,132,153
100,133,151
100,134,149
100,135,148
100,136,146
100,137,146
100,138,147
100,139,147
100,140,147
100,141,148
100,142,150
100,143,151
100,144,151
100,145,153
100,146,155
100,147,156
100,148,157
100,149,158
101,0,167
101,1,168
101,2,168
101,3,167
101,4,167
101,5,168
101,6,167
101,7,166
101,8,167
101,9,165
101,10,164
101,11,163
101,12,163
101,13,163
101,14,163
101,15,163
101,16,163
101,17,163
101,18,164
101,19,166
101,20,168
101,21,169
101,22,169
101,23,169
101,24,163
101,25,161
101,26,159
101,27,158
101,28,157
101,29,157
101,30,155
101,31,154
101,32,154
101,33,155
101,34,156
101,35,157
101,36,158
101,37,159
101,38,160
101,39,160
101,40,161
101,41,161
101,42,161
101,43,162
101,44,163
101,45,163
101,46,163
101,47,163
101,48,164
101,49,165
101,50,166
101,51,167
101,52,166
101,53,167
101,54,172
101,55,178
101,56,184
101,57,191
101,58,198
101,59,203
101,60,203
101,61,201
101,62,200
101,63,195
101,64,192
101,65,207
101,66,224
101,67,230
101,68,223
101,69,211
101,70,203
101,71,200
101,72,194
101,73,188
101,74,188
101,75,192
101,76,193
101,77,194
101,78,193
101,79,189
101,80,192
101,81,193
101,82,193
101,83,187
101,84,183
101,85,184
101,86,179
101,87,173
101,88,158
101,89,157
101,90,158
101,91,160
101,92,163
101,93,166
101,94,168
101,95,169
101,96,167
101,97,172
101,98,173
101,99,173
101,100,177
101,101,185
101,102,190
101,103,194
101,104,197
101,105,205
101,106,209
101,107,211
101,108,211
101,109,201
101,110,184
101,111,173
101,112,168
101,113,171
101,114,173
101,115,171
101,116,169
101,117,168
101,118,165
101,119,163
101,120,162
101,121,162
101,122,163
101,123,164
101,124,165
101,125,165
101,126,165
101,127,164
101,128,162
101,129,161
101,130,158
101,131,156
101,132,155
101,133,153
101,134,151
101,135,149
101,136,147
101,137,148
101,138,148
101,139,148
101,140,149
101,141,149
101,142,150
101,143,151
101,144,152
101,145,154
101,146,156
101,147,156
101,148,157
101,149,159
102,0,167
102,1,168
102,2,169
102,3,168
102,4,168
102,5,169
102,6,168
102,7,166
102,8,166
102,9,165
102,10,163
102,11,163
102,12,163
102,13,163
102,14,163
102,15,163
102,16,163
102,17,163
102,18,165
102,19,167
102,20,169
102,21,169
102,22,168
102,23,167
102,24,162
102,25,160
102,26,158
102,27,157
102,28,156
102,29,155
102,30,155
102,31,154
102,32,155
102,33,156
102,34,158
102,35,159
102,36,160
102,37,162
102,38,163
102,39,163
102,40,163
102,41,163
102,42,164
102,43,164
102,44,165
102,45,165
102,46,165
102,47,165
102,48,166
102,49,167
102,50,168
102,51,169
102,52,168
102,53,171
102,54,177
102,55,183
102,56,189
102,57,192
102,58,198
102,59,205
102,60,207
102,61,204
102,62,202
102,63,196
102,64,191
102,65,199
102,66,216
102,67,229
102,68,230
102,69,220
102,70,210
102,71,203
102,72,194
102,73,188
102,74,187
102,75,190
102,76,191
102,77,194
102,78,194
102,79,189
102,80,187
102,81,192
102,82,191
102,83,190
102,84,190
102,85,184
102,86,181
102,87,183
102,88,172
102,89,171
102,90,169
102,91,166
102,92,165
102,93,165
102,94,168
102,95,170
102,96,175
102,97,175
102,98,173
102,99,174
102,100,176
102,101,179
102,102,183
102,103,188
102,104,195
102,105,201
102,106,199
102,107,198
102,108,209
102,109,214
102,110,204
102,111,191
102,112,177
102,113,174
102,114,171
102,115,170
102,116,169
102,117,166
102,118,163
102,119,161
102,120,162
102,121,163
102,122,164
102,123,165
102,124,167
102,125,167
102,126,167
102,127,166
102,128,165
102,129,163
102,130,161
102,131,158
102,132,157
102,133,155
102,134,152
102,135,151
102,136,148
102,137,149
102,138,150
102,139,150
102,140,150
102,141,150
102,142,150
102,143,151
102,144,152
102,145,154
102,146,156
102,147,157
102,148,158
102,149,159
103,0,166
103,1,168
103,2,169
103,3,169
103,4,169
103,5,169
103,6,168
103,7,167
103,8,166
103,9,165
103,10,163
103,11,163
103,12,163
103,13,163
103,14,164
103,15,164
103,16,162
103,17,163
103,18,165
103,19,167
103,20,169
103,21,169
103,22,167
103,23,165
103,24,161
103,25,159
103,26,157
103,27,156
103,28,155
103,29,155
103,30,155
103,31,154
103,32,155
103,33,157
103,34,159
103,35,161
103,36,163
103,37,164
103,38,165
103,39,166
103,40,165
103,41,165
103,42,166
103,43,166
103,44,167
103,45,167
103,46,166
103,47,165
103,48,167
103,49,168
103,50,170
103,51,170
103,52,170
103,53,173
103,54,180
103,55,187
103,56,190
103,57,190
103,58,196
103,59,208
103,60,212
103,61,209
103,62,205
103,63,198
103,64,189
103,65,192
103,66,207
103,67,225
103,68,232
103,69,228
103,70,217
103,71,208
103,72,195
103,73,188
103,74,185
103,75,186
103,76,189
103,77,194
103,78,195
103,79,190
103,80,188
103,81,190
103,82,190
103,83,193
103,84,189
103,85,184
103,86,185
103,87,182
103,88,186
103,89,188
103,90,187
103,91,181
103,92,172
103,93,167
103,94,168
103,95,170
103,96,172
103,97,174
103,98,174
103,99,175
103,100,177
103,101,178
103,102,180
103,103,184
103,104,188
103,105,192
103,106,190
103,107,190
103,108,200
103,109,208
103,110,208
103,111,206
103,112,200
103,113,184
103,114,171
103,115,168
103,116,167
103,117,164
103,118,161
103,119,161
103,120,162
103,121,163
103,122,164
103,123,166
103,124,168
103,125,168
103,126,168
103,127,167
103,128,167
103,129,165
103,130,162
103,131,160
103,132,158
103,133,156
103,134,154
103,135,152
103,136,149
103,137,150
103,138,151
103,139,151
103,140,151
103,141,150
103,142,150
103,143,151
103,144,152
103,145,154
103,146,156
103,147,157
103,148,158
103,149,159
104,0,167
104,1,168
104,2,170
104,3,170
104,4,170
104,5,169
104,6,168
104,7,167
104,8,164
104,9,164
104,10,164
104,11,163
104,12,163
104,13,164
104,14,164
104,15,164
104,16,163
104,17,164
104,18,166
104,19,168
104,20,170
104,21,169
104,22,165
104,23,162
104,24,159
104,25,158
104,26,156
104,27,155
104,28,154
104,29,155
104,30,156
104,31,156
104,32,156
104,33,159
104,34,162
104,35,164
104,36,166
104,37,168
104,38,168
104,39,168
104,40,167
104,41,168
104,42,169
104,43,169
104,44,168
104,45,168
104,46,168
104,47,168
104,48,168
104,49,171
104,50,172
104,51,172
104,52,176
104,53,181
104,54,186
104,55,191
104,56,189
104,57,190
104,58,190
104,59,202
104,60,214
104,61,216
104,62,212
104,63,206
104,64,192
104,65,194
104,66,198
104,67,212
104,68,229
104,69,236
104,70,228
104,71,217
104,72,201
104,73,191
104,74,185
104,75,183
104,76,185
104,77,192
104,78,195
104,79,190
104,80,190
104,81,189
104,82,189
104,83,189
104,84,189
104,85,188
104,86,186
104,87,185
104,88,181
104,89,186
104,90,188
104,91,188
104,92,186
104,93,180
104,94,173
104,95,172
104,96,174
104,97,175
104,98,177
104,99,178
104,100,179
104,101,179
104,102,180
104,103,180
104,104,184
104,105,186
104,106,189
104,107,191
104,108,193
104,109,196
104,110,201
104,111,204
104,112,205
104,113,203
104,114,191
104,115,175
104,116,167
104,117,165
104,118,162
104,119,160
104,120,160
104,121,162
104,122,164
104,123,165
104,124,167
104,125,169
104,126,170
104,127,169
104,128,169
104,129,168
104,130,166
104,131,164
104,132,161
104,133,158
104,134,156
104,135,154
104,136,152
104,137,152
104,138,152
104,139,152
104,140,151
104,141,151
104,142,151
104,143,151
104,144,152
104,145,153
104,146,155
104,147,158
104,148,159
104,149,160
105,0,167
105,1,168
105,2,170
105,3,170
105,4,170
105,5,169
105,6,168
105,7,167
105,8,165
105,9,165
105,10,164
105,11,164
105,12,164
105,13,164
105,14,164
105,15,165
105,16,165
105,17,165
105,18,167
105,19,169
105,20,170
105,21,168
105,22,164
105,23,161
105,24,158
105,25,157
105,26,156
105,27,155
105,28,155
105,29,156
105,30,157
105,31,158
105,32,159
105,33,162
105,34,165
105,35,167
105,36,168
105,37,170
105,38,170
105,39,169
105,40,168
105,41,170
105,42,171
105,43,171
105,44,170
105,45,169
105,46,169
105,47,170
105,48,170
105,49,172
105,50,173
105,51,174
105,52,179
105,53,185
105,54,191
105,55,197
105,56,199
105,57,196
105,58,190
105,59,196
105,60,210
105,61,216
105,62,217
105,63,213
105,64,202
105,65,193
105,66,195
105,67,208
105,68,222
105,69,230
105,70,232
105,71,225
105,72,210
105,73,199
105,74,190
105,75,185
105,76,183
105,77,188
105,78,193
105,79,191
105,80,191
105,81,189
105,82,188
105,83,189
105,84,190
105,85,189
105,86,188
105,87,186
105,88,183
105,89,185
105,90,187
105,91,188
105,92,187
105,93,182
105,94,176
105,95,175
105,96,174
105,97,175
105,98,177
105,99,179
105,100,180
105,101,181
105,102,182
105,103,183
105,104,184
105,105,185
105,106,187
105,107,189
105,108,191
105,109,194
105,110,197
105,111,199
105,112,201
105,113,201
105,114,203
105,115,196
105,116,178
105,117,168
105,118,165
105,119,161
105,120,162
105,121,163
105,122,164
105,123,165
105,124,166
105,125,168
105,126,169
105,127,170
105,128,170
105,129,169
105,130,168
105,131,166
105,132,164
105,133,161
105,134,158
105,135,157
105,136,154
105,137,154
105,138,154
105,139,153
105,140,152
105,141,151
105,142,151
105,143,152
105,144,153
105,145,154
105,146,156
105,147,158
105,148,160
105,149,160
106,0,168
106,1,169
106,2,170
106,3,170
106,4,170
106,5,169
106,6,168
106,7,167
106,8,166
106,9,166
106,10,165
106,11,165
106,12,165
106,13,165
106,14,165
106,15,166
106,16,167
106,17,168
106,18,169
106,19,170
106,20,169
106,21,166
106,22,162
106,23,159
106,24,157
106,25,157
106,26,156
106,27,156
106,28,156
106,29,158
106,30,160
106,31,161
106,32,163
106,33,166
106,34,168
106,35,170
106,36,171
106,37,172
106,38,172
106,39,171
106,40,170
106,41,172
106,42,173
106,43,173
106,44,172
106,45,171
106,46,171
106,47,171
106,48,172
106,49,174
106,50,174
106,51,176
106,52,183
106,53,189
106,54,196
106,55,201
106,56,208
106,57,209
106,58,202
106,59,201
106,60,208
106,61,215
106,62,216
106,63,210
106,64,208
106,65,197
106,66,194
106,67,200
106,68,208
106,69,221
106,70,230
106,71,230
106,72,220
106,73,210
106,74,199
106,75,189
106,76,183
106,77,185
106,78,190
106,79,192
106,80,192
106,81,189
106,82,187
106,83,187
106,84,189
106,85,190
106,86,189
106,87,187
106,88,184
106,89,183
106,90,182
106,91,184
106,92,183
106,93,177
106,94,172
106,95,172
106,96,173
106,97,175
106,98,178
106,99,180
106,100,181
106,101,183
106,102,184
106,103,184
106,104,184
106,105,184
106,106,184
106,107,186
106,108,188
106,109,190
106,110,192
106,111,192
106,112,196
106,113,200
106,114,203
106,115,203
106,116,196
106,117,185
106,118,173
106,119,167
106,120,165
106,121,164
106,122,165
106,123,166
106,124,167
106,125,167
106,126,169
106,127,170
106,128,171
106,129,171
106,130,170
106,131,169
106,132,167
106,133,165
106,134,162
106,135,161
106,136,157
106,137,156
106,138,155
106,139,154
106,140,153
106,141,152
106,142,152
106,143,152
106,144,154
106,145,155
106,146,157
106,147,159
106,148,160
106,149,161
107,0,168
107,1,169
107,2,170
107,3,170
107,4,169
107,5,168
107,6,168
107,7,167
107,8,166
107,9,166
107,10,165
107,11,165
107,12,166
107,13,166
107,14,167
107,15,167
107,16,169
107,17,170
107,18,171
107,19,170
107,20,168
107,21,164
107,22,160
107,23,157
107,24,156
107,25,156
107,26,156
107,27,157
107,28,158
107,29,160
107,30,162
107,31,164
107,32,166
107,33,169
107,34,171
107,35,172
107,36,173
107,37,174
107,38,173
107,39,172
107,40,172
107,41,173
107,42,175
107,43,175
107,44,174
107,45,173
107,46,172
107,47,172
107,48,174
107,49,175
107,50,175
107,51,179
107,52,186
107,53,192
107,54,197
107,55,202
107,56,212
107,57,217
107,58,215
107,59,210
107,60,210
107,61,214
107,62,215
107,63,209
107,64,207
107,65,205
107,66,199
107,67,195
107,68,199
107,69,210
107,70,222
107,71,229
107,72,225
107,73,216
107,74,205
107,75,193
107,76,186
107,77,185
107,78,188
107,79,191
107,80,192
107,81,190
107,82,187
107,83,187
107,84,187
107,85,188
107,86,188
107,87,188
107,88,185
107,89,183
107,90,183
107,91,183
107,92,179
107,93,172
107,94,168
107,95,170
107,96,173
107,97,175
107,98,178
107,99,180
107,100,182
107,101,183
107,102,183
107,103,184
107,104,184
107,105,184
107,106,184
107,107,185
107,108,186
107,109,187
107,110,188
107,111,188
107,112,192
107,113,195
107,114,193
107,115,194
107,116,202
107,117,201
107,118,189
107,119,180
107,120,171
107,121,168
107,122,166
107,123,167
107,124,168
107,125,169
107,126,169
107,127,171
107,128,172
107,129,172
107,130,172
107,131,171
107,132,170
107,133,167
107,134,165
107,135,164
107,136,160
107,137,159
107,138,158
107,139,156
107,140,154
107,141,154
107,142,153
107,143,154
107,144,155
107,145,156
107,146,157
107,147,159
107,148,160
107,149,161
108,0,168
108,1,169
108,2,169
108,3,169
108,4,169
108,5,168
108,6,168
108,7,168
108,8,165
108,9,165
108,10,165
108,11,165
108,12,166
108,13,167
108,14,168
108,15,168
108,16,170
108,17,171
108,18,171
108,19,170
108,20,166
108,21,162
108,22,158
108,23,157
108,24,157
108,25,157
108,26,158
108,27,159
108,28,161
108,29,163
108,30,165
108,31,167
108,32,169
108,33,171
108,34,173
108,35,174
108,36,175
108,37,176
108,38,175
108,39,174
108,40,174
108,41,175
108,42,176
108,43,175
108,44,174
108,45,173
108,46,173
108,47,173
108,48,174
108,49,176
108,50,177
108,51,182
108,52,189
108,53,193
108,54,196
108,55,199
108,56,205
108,57,214
108,58,217
108,59,217
108,60,218
108,61,222
108,62,225
108,63,219
108,64,211
108,65,212
108,66,209
108,67,203
108,68,198
108,69,200
108,70,212
108,71,223
108,72,225
108,73,218
108,74,205
108,75,192
108,76,185
108,77,183
108,78,185
108,79,189
108,80,191
108,81,190
108,82,189
108,83,187
108,84,186
108,85,186
108,86,187
108,87,187
108,88,184
108,89,183
108,90,184
108,91,183
108,92,176
108,93,168
108,94,167
108,95,170
108,96,174
108,97,176
108,98,179
108,99,181
108,100,182
108,101,183
108,102,183
108,103,184
108,104,185
108,105,185
108,106,186
108,107,185
108,108,185
108,109,185
108,110,186
108,111,187
108,112,188
108,113,186
108,114,188
108,115,192
108,116,195
108,117,200
108,118,201
108,119,193
108,120,182
108,121,176
108,122,170
108,123,169
108,124,170
108,125,170
108,126,170
108,127,171
108,128,172
108,129,173
108,130,173
108,131,173
108,132,171
108,133,170
108,134,168
108,135,166
108,136,164
108,137,163
108,138,161
108,139,159
108,140,157
108,141,156
108,142,156
108,143,155
108,144,157
108,145,157
108,146,158
108,147,160
108,148,160
108,149,161
109,0,168
109,1,169
109,2,169
109,3,169
109,4,168
109,5,168
109,6,167
109,7,167
109,8,165
109,9,165
109,10,165
109,11,166
109,12,166
109,13,167
109,14,169
109,15,169
109,16,170
109,17,171
109,18,171
109,19,168
109,20,164
109,21,160
109,22,158
109,23,158
109,24,158
109,25,159
109,26,161
109,27,162
109,28,164
109,29,165
109,30,167
109,31,169
109,32,171
109,33,173
109,34,175
109,35,176
109,36,177
109,37,178
109,38,177
109,39,175
109,40,174
109,41,175
109,42,175
109,43,175
109,44,174
109,45,173
109,46,173
109,47,174
109,48,175
109,49,178
109,50,180
109,51,183
109,52,191
109,53,197
109,54,198
109,55,199
109,56,201
109,57,208
109,58,213
109,59,216
109,60,219
109,61,226
109,62,235
109,63,235
109,64,222
109,65,216
109,66,218
109,67,217
109,68,204
109,69,195
109,70,204
109,71,215
109,72,221
109,73,216
109,74,200
109,75,185
109,76,180
109,77,179
109,78,181
109,79,185
109,80,188
109,81,188
109,82,188
109,83,186
109,84,184
109,85,183
109,86,184
109,87,186
109,88,184
109,89,184
109,90,186
109,91,182
109,92,171
109,93,163
109,94,165
109,95,169
109,96,174
109,97,177
109,98,181
109,99,183
109,100,183
109,101,183
109,102,184
109,103,184
109,104,184
109,105,185
109,106,186
109,107,186
109,108,185
109,109,184
109,110,186
109,111,187
109,112,186
109,113,185
109,114,188
109,115,191
109,116,192
109,117,193
109,118,195
109,119,197
109,120,192
109,121,186
109,122,178
109,123,173
109,124,171
109,125,171
109,126,172
109,127,172
109,128,174
109,129,174
109,130,175
109,131,174
109,132,173
109,133,172
109,134,170
109,135,169
109,136,167
109,137,166
109,138,164
109,139,162
109,140,161
109,141,160
109,142,159
109,143,158
109,144,158
109,145,159
109,146,160
109,147,160
109,148,161
109,149,162
110,0,168
110,1,169
110,2,169
110,3,169
110,4,168
110,5,167
110,6,167
110,7,167
110,8,166
110,9,166
110,10,166
110,11,166
110,12,167
110,13,168
110,14,169
110,15,170
110,16,170
110,17,171
110,18,170
110,19,167
110,20,162
110,21,159
110,22,159
110,23,159
110,24,161
110,25,162
110,26,165
110,27,166
110,28,167
110,29,168
110,30,170
110,31,171
110,32,172
110,33,173
110,34,175
110,35,176
110,36,177
110,37,178
110,38,177
110,39,175
110,40,174
110,41,175
110,42,175
110,43,174
110,44,173
110,45,173
110,46,174
110,47,175
110,48,177
110,49,180
110,50,182
110,51,184
110,52,193
110,53,201
110,54,204
110,55,205
110,56,211
110,57,214
110,58,213
110,59,210
110,60,208
110,61,218
110,62,236
110,63,243
110,64,233
110,65,222
110,66,221
110,67,221
110,68,210
110,69,196
110,70,198
110,71,207
110,72,216
110,73,212
110,74,197
110,75,181
110,76,176
110,77,175
110,78,176
110,79,179
110,80,182
110,81,183
110,82,183
110,83,183
110,84,182
110,85,181
110,86,181
110,87,181
110,88,184
110,89,185
110,90,185
110,91,179
110,92,167
110,93,161
110,94,164
110,95,168
110,96,173
110,97,176
110,98,180
110,99,183
110,100,184
110,101,184
110,102,184
110,103,185
110,104,184
110,105,184
110,106,184
110,107,184
110,108,185
110,109,185
110,110,186
110,111,186
110,112,185
110,113,187
110,114,186
110,115,187
110,116,192
110,117,190
110,118,189
110,119,194
110,120,194
110,121,192
110,122,188
110,123,181
110,124,176
110,125,174
110,126,173
110,127,174
110,128,177
110,129,177
110,130,177
110,131,177
110,132,176
110,133,175
110,134,173
110,135,172
110,136,170
110,137,169
110,138,167
110,139,166
110,140,165
110,141,163
110,142,162
110,143,161
110,144,161
110,145,161
110,146,161
110,147,162
110,148,162
110,149,163
111,0,168
111,1,169
111,2,169
111,3,168
111,4,168
111,5,167
111,6,167
111,7,167
111,8,167
111,9,167
111,10,167
111,11,167
111,12,167
111,13,168
111,14,169
111,15,170
111,16,170
111,17,170
111,18,169
111,19,166
111,20,161
111,21,159
111,22,159
111,23,161
111,24,162
111,25,164
111,26,167
111,27,169
111,28,169
111,29,170
111,30,171
111,31,172
111,32,172
111,33,173
111,34,174
111,35,175
111,36,176
111,37,177
111,38,176
111,39,174
111,40,174
111,41,174
111,42,175
111,43,174
111,44,173
111,45,174
111,46,175
111,47,176
111,48,179
111,49,182
111,50,183
111,51,185
111,52,195
111,53,205
111,54,209
111,55,211
111,56,215
111,57,219
111,58,221
111,59,217
111,60,207
111,61,208
111,62,227
111,63,239
111,64,236
111,65,228
111,66,221
111,67,219
111,68,213
111,69,198
111,70,194
111,71,201
111,72,210
111,73,209
111,74,197
111,75,180
111,76,174
111,77,173
111,78,172
111,79,175
111,80,177
111,81,177
111,82,178
111,83,179
111,84,179
111,85,179
111,86,178
111,87,177
111,88,178
111,89,178
111,90,179
111,91,172
111,92,161
111,93,157
111,94,162
111,95,166
111,96,171
111,97,175
111,98,179
111,99,182
111,100,183
111,101,183
111,102,184
111,103,185
111,104,183
111,105,182
111,106,182
111,107,183
111,108,185
111,109,186
111,110,186
111,111,185
111,112,184
111,113,184
111,114,185
111,115,186
111,116,186
111,117,189
111,118,191
111,119,189
111,120,191
111,121,194
111,122,194
111,123,188
111,124,181
111,125,176
111,126,175
111,127,174
111,128,180
111,129,180
111,130,179
111,131,179
111,132,178
111,133,177
111,134,175
111,135,175
111,136,172
111,137,171
111,138,170
111,139,168
111,140,167
111,141,166
111,142,164
111,143,163
111,144,162
111,145,162
111,146,162
111,147,163
111,148,163
111,149,164
112,0,168
112,1,169
112,2,169
112,3,169
112,4,168
112,5,167
112,6,167
112,7,168
112,8,168
112,9,168
112,10,168
112,11,168
112,12,168
112,13,169
112,14,170
112,15,171
112,16,169
112,17,168
112,18,166
112,19,163
112,20,160
112,21,159
112,22,160
112,23,162
112,24,166
112,25,167
112,26,169
112,27,170
112,28,170
112,29,170
112,30,171
112,31,172
112,32,172
112,33,172
112,34,173
112,35,174
112,36,175
112,37,175
112,38,175
112,39,175
112,40,174
112,41,173
112,42,174
112,43,174
112,44,174
112,45,175
112,46,178
112,47,182
112,48,183
112,49,183
112,50,184
112,51,187
112,52,192
112,53,200
112,54,207
112,55,210
112,56,210
112,57,218
112,58,227
112,59,227
112,60,219
112,61,213
112,62,217
112,63,221
112,64,230
112,65,235
112,66,228
112,67,216
112,68,210
112,69,202
112,70,193
112,71,193
112,72,196
112,73,201
112,74,194
112,75,180
112,76,174
112,77,172
112,78,170
112,79,171
112,80,169
112,81,172
112,82,172
112,83,170
112,84,167
112,85,167
112,86,168
112,87,169
112,88,167
112,89,168
112,90,165
112,91,158
112,92,154
112,93,153
112,94,158
112,95,164
112,96,169
112,97,174
112,98,178
112,99,180
112,100,181
112,101,182
112,102,183
112,103,184
112,104,183
112,105,183
112,106,182
112,107,182
112,108,182
112,109,183
112,110,185
112,111,186
112,112,184
112,113,185
112,114,185
112,115,185
112,116,185
112,117,185
112,118,186
112,119,187
112,120,189
112,121,189
112,122,191
112,123,191
112,124,189
112,125,184
112,126,178
112,127,173
112,128,177
112,129,179
112,130,180
112,131,180
112,132,178
112,133,177
112,134,176
112,135,175
112,136,174
112,137,173
112,138,173
112,139,174
112,140,172
112,141,169
112,142,167
112,143,167
112,144,165
112,145,165
112,146,164
112,147,164
112,148,164
112,149,164
113,0,168
113,1,169
113,2,170
113,3,170
113,4,169
113,5,168
113,6,168
113,7,168
113,8,169
113,9,169
113,10,169
113,11,169
113,12,169
113,13,169
113,14,170
113,15,171
113,16,170
113,17,168
113,18,165
113,19,162
113,20,160
113,21,159
113,22,161
113,23,163
113,24,165
113,25,166
113,26,168
113,27,169
113,28,169
113,29,169
113,30,171
113,31,172
113,32,171
113,33,172
113,34,172
113,35,173
113,36,174
113,37,175
113,38,175
113,39,175
113,40,175
113,41,174
113,42,174
113,43,175
113,44,175
113,45,176
113,46,179
113,47,182
113,48,188
113,49,186
113,50,184
113,51,185
113,52,188
113,53,192
113,54,196
113,55,197
113,56,207
113,57,208
113,58,216
113,59,223
113,60,224
113,61,223
113,62,224
113,63,225
113,64,226
113,65,232
113,66,229
113,67,218
113,68,209
113,69,202
113,70,194
113,71,189
113,72,191
113,73,194
113,74,187
113,75,176
113,76,172
113,77,171
113,78,169
113,79,170
113,80,170
113,81,170
113,82,167
113,83,162
113,84,157
113,85,155
113,86,155
113,87,155
113,88,157
113,89,157
113,90,153
113,91,148
113,92,146
113,93,149
113,94,156
113,95,164
113,96,168
113,97,173
113,98,177
113,99,180
113,100,181
113,101,181
113,102,182
113,103,182
113,104,183
113,105,183
113,106,183
113,107,182
113,108,182
113,109,182
113,110,183
113,111,184
113,112,184
113,113,185
113,114,185
113,115,185
113,116,185
113,117,185
113,118,186
113,119,186
113,120,187
113,121,188
113,122,189
113,123,189
113,124,189
113,125,187
113,126,183
113,127,180
113,128,175
113,129,176
113,130,177
113,131,178
113,132,179
113,133,178
113,134,177
113,135,176
113,136,174
113,137,173
113,138,173
113,139,174
113,140,174
113,141,171
113,142,169
113,143,168
113,144,166
113,145,166
113,146,165
113,147,165
113,148,165
113,149,165
114,0,169
114,1,170
114,2,171
114,3,171
114,4,170
114,5,169
114,6,169
114,7,169
114,8,169
114,9,169
114,10,170
114,11,170
114,12,170
114,13,171
114,14,171
114,15,172
114,16,170
114,17,168
114,18,164
114,19,161
114,20,160
114,21,161
114,22,163
114,23,164
114,24,165
114,25,166
114,26,167
114,27,168
114,28,168
114,29,169
114,30,170
114,31,172
114,32,171
114,33,171
114,34,172
114,35,172
114,36,173
114,37,174
114,38,175
114,39,175
114,40,176
114,41,175
114,42,175
114,43,176
114,44,177
114,45,179
114,46,181
114,47,182
114,48,187
114,49,185
114,50,182
114,51,182
114,52,185
114,53,186
114,54,187
114,55,186
114,56,190
114,57,190
114,58,195
114,59,203
114,60,212
114,61,220
114,62,224
114,63,226
114,64,224
114,65,226
114,66,226
114,67,218
114,68,207
114,69,198
114,70,190
114,71,183
114,72,184
114,73,185
114,74,180
114,75,174
114,76,172
114,77,170
114,78,167
114,79,167
114,80,168
114,81,167
114,82,163
114,83,156
114,84,150
114,85,146
114,86,144
114,87,143
114,88,144
114,89,146
114,90,145
114,91,143
114,92,145
114,93,148
114,94,155
114,95,162
114,96,166
114,97,171
114,98,176
114,99,179
114,100,179
114,101,180
114,102,181
114,103,181
114,104,182
114,105,182
114,106,183
114,107,182
114,108,182
114,109,182
114,110,182
114,111,182
114,112,184
114,113,184
114,114,185
114,115,185
114,116,185
114,117,185
114,118,185
114,119,186
114,120,186
114,121,186
114,122,186
114,123,187
114,124,188
114,125,188
114,126,187
114,127,186
114,128,178
114,129,177
114,130,176
114,131,176
114,132,177
114,133,177
114,134,177
114,135,176
114,136,176
114,137,175
114,138,175
114,139,176
114,140,176
114,141,174
114,142,171
114,143,169
114,144,168
114,145,167
114,146,166
114,147,166
114,148,165
114,149,165
115,0,169
115,1,170
115,2,172
115,3,172
115,4,171
115,5,170
115,6,170
115,7,170
115,8,170
115,9,170
115,10,171
115,11,171
115,12,172
115,13,172
115,14,172
115,15,172
115,16,169
115,17,167
115,18,163
115,19,161
115,20,161
115,21,162
115,22,164
115,23,165
115,24,165
115,25,165
115,26,166
115,27,167
115,28,168
115,29,169
115,30,171
115,31,172
115,32,171
115,33,171
115,34,171
115,35,172
115,36,173
115,37,173
115,38,174
115,39,175
115,40,176
115,41,175
115,42,176
115,43,178
115,44,180
115,45,181
115,46,181
115,47,181
115,48,182
115,49,181
115,50,181
115,51,182
115,52,183
115,53,183
115,54,183
115,55,182
115,56,181
115,57,182
115,58,183
115,59,186
115,60,191
115,61,203
115,62,216
115,63,224
115,64,224
115,65,224
115,66,225
115,67,224
115,68,215
115,69,199
115,70,186
115,71,181
115,72,179
115,73,180
115,74,177
115,75,174
115,76,172
115,77,167
115,78,163
115,79,163
115,80,162
115,81,162
115,82,160
115,83,154
115,84,146
115,85,140
115,86,137
115,87,135
115,88,137
115,89,139
115,90,140
115,91,141
115,92,145
115,93,149
115,94,154
115,95,160
115,96,165
115,97,170
115,98,175
115,99,177
115,100,178
115,101,179
115,102,180
115,103,179
115,104,181
115,105,182
115,106,182
115,107,183
115,108,182
115,109,181
115,110,181
115,111,181
115,112,183
115,113,184
115,114,185
115,115,185
115,116,185
115,117,185
115,118,185
115,119,185
115,120,186
115,121,186
115,122,186
115,123,186
115,124,187
115,125,187
115,126,187
115,127,187
115,128,185
115,129,183
115,130,179
115,131,177
115,132,175
115,133,175
115,134,174
115,135,174
115,136,177
115,137,176
115,138,176
115,139,178
115,140,179
115,141,177
115,142,174
115,143,170
115,144,169
115,145,169
115,146,168
115,147,167
115,148,166
115,149,166
116,0,169
116,1,170
116,2,172
116,3,172
116,4,171
116,5,170
116,6,170
116,7,170
116,8,171
116,9,171
116,10,172
116,11,172
116,12,173
116,13,173
116,14,172
116,15,172
116,16,167
116,17,166
116,18,163
116,19,162
116,20,163
116,21,164
116,22,165
116,23,165
116,24,165
116,25,166
116,26,167
116,27,167
116,28,168
116,29,169
116,30,171
116,31,172
116,32,172
116,33,171
116,34,171
116,35,172
116,36,172
116,37,173
116,38,173
116,39,174
116,40,174
116,41,175
116,42,177
116,43,180
116,44,182
116,45,182
116,46,180
116,47,178
116,48,178
116,49,180
116,50,181
116,51,182
116,52,181
116,53,180
116,54,180
116,55,180
116,56,184
116,57,180
116,58,179
116,59,182
116,60,182
116,61,182
116,62,195
116,63,212
116,64,218
116,65,222
116,66,225
116,67,225
116,68,216
116,69,199
116,70,185
116,71,183
116,72,179
116,73,178
116,74,176
116,75,173
116,76,169
116,77,164
116,78,160
116,79,161
116,80,159
116,81,158
116,82,156
116,83,149
116,84,140
116,85,132
116,86,128
116,87,127
116,88,131
116,89,133
116,90,133
116,91,134
116,92,139
116,93,145
116,94,151
116,95,158
116,96,164
116,97,169
116,98,174
116,99,176
116,100,177
116,101,178
116,102,178
116,103,179
116,104,180
116,105,181
116,106,182
116,107,183
116,108,182
116,109,182
116,110,181
116,111,181
116,112,182
116,113,183
116,114,184
116,115,185
116,116,185
116,117,185
116,118,185
116,119,185
116,120,186
116,121,186
116,122,185
116,123,185
116,124,185
116,125,185
116,126,185
116,127,185
116,128,188
116,129,186
116,130,184
116,131,181
116,132,177
116,133,175
116,134,174
116,135,174
116,136,175
116,137,175
116,138,176
116,139,178
116,140,180
116,141,180
116,142,177
116,143,173
116,144,171
116,145,170
116,146,169
116,147,168
116,148,167
116,149,167
117,0,169
117,1,170
117,2,172
117,3,172
117,4,171
117,5,170
117,6,170
117,7,170
117,8,171
117,9,172
117,10,172
117,11,173
117,12,173
117,13,173
117,14,172
117,15,171
117,16,166
117,17,165
117,18,164
117,19,163
117,20,164
117,21,165
117,22,165
117,23,165
117,24,166
117,25,166
117,26,167
117,27,168
117,28,169
117,29,170
117,30,171
117,31,172
117,32,171
117,33,171
117,34,172
117,35,172
117,36,172
117,37,173
117,38,173
117,39,173
117,40,174
117,41,176
117,42,179
117,43,181
117,44,183
117,45,183
117,46,180
117,47,177
117,48,176
117,49,178
117,50,181
117,51,181
117,52,179
117,53,178
117,54,178
117,55,178
117,56,180
117,57,177
117,58,177
117,59,180
117,60,180
117,61,177
117,62,180
117,63,188
117,64,201
117,65,213
117,66,220
117,67,221
117,68,217
117,69,203
117,70,187
117,71,182
117,72,179
117,73,176
117,74,173
117,75,170
117,76,166
117,77,162
117,78,161
117,79,162
117,80,162
117,81,158
117,82,151
117,83,142
117,84,132
117,85,123
117,86,119
117,87,118
117,88,120
117,89,123
117,90,125
117,91,128
117,92,133
117,93,140
117,94,147
117,95,154
117,96,163
117,97,168
117,98,172
117,99,174
117,100,175
117,101,176
117,102,177
117,103,178
117,104,179
117,105,180
117,106,181
117,107,182
117,108,182
117,109,182
117,110,182
117,111,182
117,112,182
117,113,183
117,114,184
117,115,185
117,116,185
117,117,185
117,118,186
117,119,186
117,120,185
117,121,185
117,122,185
117,123,185
117,124,185
117,125,185
117,126,184
117,127,184
117,128,184
117,129,186
117,130,186
117,131,185
117,132,182
117,133,179
117,134,177
117,135,176
117,136,174
117,137,174
117,138,175
117,139,176
117,140,179
117,141,181
117,142,180
117,143,177
117,144,173
117,145,172
117,146,171
117,147,170
117,148,169
117,149,169
118,0,169
118,1,171
118,2,172
118,3,172
118,4,171
118,5,170
118,6,171
118,7,171
118,8,172
118,9,172
118,10,173
118,11,174
118,12,174
118,13,173
118,14,171
118,15,170
118,16,166
118,17,165
118,18,164
118,19,164
118,20,164
118,21,165
118,22,166
118,23,166
118,24,166
118,25,167
118,26,168
118,27,168
118,28,169
118,29,170
118,30,171
118,31,171
118,32,171
118,33,171
118,34,172
118,35,172
118,36,173
118,37,173
118,38,174
118,39,174
118,40,176
118,41,178
118,42,181
118,43,183
118,44,184
118,45,183
118,46,181
118,47,178
118,48,175
118,49,177
118,50,180
118,51,180
118,52,179
118,53,178
118,54,178
118,55,178
118,56,176
118,57,177
118,58,176
118,59,176
118,60,180
118,61,182
118,62,179
118,63,177
118,64,182
118,65,194
118,66,210
118,67,220
118,68,221
118,69,212
118,70,193
118,71,180
118,72,177
118,73,173
118,74,170
118,75,168
118,76,166
118,77,165
118,78,165
118,79,165
118,80,162
118,81,153
118,82,142
118,83,132
118,84,124
118,85,117
118,86,112
118,87,110
118,88,111
118,89,114
118,90,117
118,91,121
118,92,127
118,93,135
118,94,144
118,95,152
118,96,162
118,97,167
118,98,171
118,99,173
118,100,173
118,101,175
118,102,176
118,103,177
118,104,178
118,105,179
118,106,180
118,107,181
118,108,182
118,109,181
118,110,181
118,111,181
118,112,183
118,113,184
118,114,185
118,115,185
118,116,186
118,117,187
118,118,188
118,119,188
118,120,187
118,121,187
118,122,186
118,123,186
118,124,186
118,125,185
118,126,185
118,127,185
118,128,183
118,129,184
118,130,185
118,131,185
118,132,184
118,133,182
118,134,180
118,135,179
118,136,176
118,137,176
118,138,174
118,139,174
118,140,176
118,141,179
118,142,180
118,143,179
118,144,175
118,145,175
118,146,173
118,147,172
118,148,171
118,149,170
119,0,170
119,1,171
119,2,172
119,3,172
119,4,171
119,5,171
119,6,171
119,7,172
119,8,172
119,9,172
119,10,173
119,11,174
119,12,174
119,13,173
119,14,171
119,15,169
119,16,165
119,17,165
119,18,164
119,19,164
119,20,164
119,21,165
119,22,166
119,23,167
119,24,166
119,25,167
119,26,168
119,27,169
119,28,170
119,29,170
119,30,170
119,31,170
119,32,170
119,33,170
119,34,171
119,35,172
119,36,173
119,37,174
119,38,174
119,39,174
119,40,177
119,41,180
119,42,183
119,43,184
119,44,184
119,45,184
119,46,182
119,47,180
119,48,177
119,49,178
119,50,180
119,51,180
119,52,180
119,53,179
119,54,178
119,55,177
119,56,176
119,57,175
119,58,172
119,59,172
119,60,177
119,61,178
119,62,178
119,63,179
119,64,177
119,65,177
119,66,190
119,67,210
119,68,218
119,69,212
119,70,198
119,71,182
119,72,174
119,73,171
119,74,169
119,75,169
119,76,170
119,77,170
119,78,169
119,79,166
119,80,157
119,81,146
119,82,133
119,83,124
119,84,119
119,85,114
119,86,109
119,87,105
119,88,107
119,89,109
119,90,110
119,91,112
119,92,119
119,93,129
119,94,141
119,95,152
119,96,162
119,97,166
119,98,170
119,99,171
119,100,172
119,101,174
119,102,175
119,103,176
119,104,177
119,105,178
119,106,180
119,107,181
119,108,181
119,109,181
119,110,181
119,111,181
119,112,184
119,113,184
119,114,185
119,115,186
119,116,187
119,117,188
119,118,189
119,119,190
119,120,189
119,121,188
119,122,188
119,123,187
119,124,186
119,125,186
119,126,185
119,127,185
119,128,185
119,129,184
119,130,184
119,131,184
119,132,184
119,133,183
119,134,182
119,135,180
119,136,180
119,137,178
119,138,174
119,139,172
119,140,173
119,141,177
119,142,179
119,143,179
119,144,177
119,145,176
119,146,175
119,147,173
119,148,172
119,149,171
120,0,171
120,1,171
120,2,172
120,3,172
120,4,172
120,5,172
120,6,172
120,7,172
120,8,171
120,9,172
120,10,173
120,11,174
120,12,174
120,13,173
120,14,170
120,15,167
120,16,165
120,17,164
120,18,164
120,19,164
120,20,165
120,21,166
120,22,167
120,23,168
120,24,167
120,25,168
120,26,169
120,27,170
120,28,170
120,29,170
120,30,170
120,31,169
120,32,169
120,33,170
120,34,172
120,35,173
120,36,173
120,37,174
120,38,176
120,39,178
120,40,180
120,41,183
120,42,186
120,43,185
120,44,184
120,45,184
120,46,184
120,47,183
120,48,182
120,49,181
120,50,181
120,51,182
120,52,181
120,53,179
120,54,178
120,55,179
120,56,177
120,57,177
120,58,176
120,59,173
120,60,173
120,61,175
120,62,176
120,63,176
120,64,175
120,65,177
120,66,177
120,67,183
120,68,202
120,69,204
120,70,187
120,71,177
120,72,168
120,73,170
120,74,177
120,75,182
120,76,179
120,77,173
120,78,167
120,79,161
120,80,144
120,81,141
120,82,123
120,83,123
120,84,118
120,85,111
120,86,106
120,87,102
120,88,101
120,89,102
120,90,100
120,91,103
120,92,113
120,93,123
120,94,135
120,95,150
120,96,160
120,97,165
120,98,169
120,99,170
120,100,172
120,101,173
120,102,173
120,103,175
120,104,175
120,105,178
120,106,179
120,107,178
120,108,178
120,109,179
120,110,178
120,111,179
120,112,181
120,113,185
120,114,187
120,115,187
120,116,188
120,117,188
120,118,189
120,119,191
120,120,189
120,121,189
120,122,188
120,123,188
120,124,187
120,125,186
120,126,186
120,127,185
120,128,185
120,129,184
120,130,184
120,131,184
120,132,183
120,133,183
120,134,183
120,135,182
120,136,181
120,137,180
120,138,179
120,139,178
120,140,176
120,141,175
120,142,175
120,143,176
120,144,177
120,145,177
120,146,176
120,147,175
120,148,174
120,149,173
121,0,171
121,1,171
121,2,172
121,3,172
121,4,173
121,5,172
121,6,172
121,7,172
121,8,171
121,9,172
121,10,173
121,11,174
121,12,174
121,13,172
121,14,169
121,15,167
121,16,165
121,17,165
121,18,165
121,19,165
121,20,166
121,21,167
121,22,168
121,23,168
121,24,168
121,25,169
121,26,170
121,27,170
121,28,170
121,29,170
121,30,170
121,31,169
121,32,170
121,33,171
121,34,173
121,35,173
121,36,173
121,37,175
121,38,178
121,39,180
121,40,184
121,41,186
121,42,187
121,43,186
121,44,184
121,45,184
121,46,183
121,47,182
121,48,183
121,49,182
121,50,182
121,51,182
121,52,181
121,53,179
121,54,178
121,55,179
121,56,179
121,57,179
121,58,177
121,59,174
121,60,172
121,61,172
121,62,173
121,63,173
121,64,176
121,65,179
121,66,183
121,67,183
121,68,188
121,69,191
121,70,188
121,71,187
121,72,185
121,73,191
121,74,198
121,75,195
121,76,180
121,77,166
121,78,159
121,79,155
121,80,145
121,81,125
121,82,125
121,83,116
121,84,113
121,85,107
121,86,97
121,87,95
121,88,96
121,89,96
121,90,95
121,91,99
121,92,109
121,93,121
121,94,136
121,95,150
121,96,159
121,97,164
121,98,168
121,99,169
121,100,171
121,101,172
121,102,172
121,103,174
121,104,175
121,105,178
121,106,178
121,107,177
121,108,177
121,109,177
121,110,177
121,111,178
121,112,180
121,113,185
121,114,187
121,115,187
121,116,188
121,117,188
121,118,189
121,119,191
121,120,190
121,121,190
121,122,190
121,123,189
121,124,188
121,125,188
121,126,187
121,127,186
121,128,185
121,129,185
121,130,184
121,131,184
121,132,184
121,133,183
121,134,183
121,135,183
121,136,182
121,137,181
121,138,180
121,139,179
121,140,177
121,141,176
121,142,176
121,143,177
121,144,177
121,145,177
121,146,176
121,147,175
121,148,174
121,149,173
122,0,172
122,1,172
122,2,173
122,3,173
122,4,173
122,5,173
122,6,173
122,7,172
122,8,171
122,9,172
122,10,173
122,11,173
122,12,173
122,13,171
122,14,168
122,15,166
122,16,165
122,17,166
122,18,166
122,19,167
122,20,167
122,21,168
122,22,169
122,23,169
122,24,169
122,25,170
122,26,170
122,27,171
122,28,171
122,29,171
122,30,170
122,31,170
122,32,171
122,33,173
122,34,174
122,35,174
122,36,175
122,37,177
122,38,181
122,39,184
122,40,188
122,41,189
122,42,188
122,43,186
122,44,185
122,45,184
122,46,183
122,47,182
122,48,184
122,49,183
122,50,183
122,51,183
122,52,181
122,53,180
122,54,179
122,55,179
122,56,180
122,57,180
122,58,178
122,59,176
122,60,173
122,61,170
122,62,171
122,63,173
122,64,175
122,65,183
122,66,200
122,67,205
122,68,203
122,69,204
122,70,205
122,71,205
122,72,208
122,73,209
122,74,207
122,75,197
122,76,179
122,77,163
122,78,154
122,79,149
122,80,132
122,81,119
122,82,114
122,83,110
122,84,107
122,85,98
122,86,96
122,87,87
122,88,89
122,89,88
122,90,89
122,91,95
122,92,107
122,93,121
122,94,137
122,95,150
122,96,158
122,97,163
122,98,166
122,99,168
122,100,169
122,101,170
122,102,171
122,103,173
122,104,175
122,105,178
122,106,177
122,107,175
122,108,174
122,109,174
122,110,174
122,111,176
122,112,180
122,113,184
122,114,186
122,115,187
122,116,188
122,117,188
122,118,189
122,119,191
122,120,190
122,121,190
122,122,190
122,123,190
122,124,189
122,125,189
122,126,188
122,127,187
122,128,185
122,129,185
122,130,185
122,131,184
122,132,184
122,133,183
122,134,183
122,135,183
122,136,183
122,137,182
122,138,181
122,139,180
122,140,179
122,141,178
122,142,178
122,143,178
122,144,177
122,145,177
122,146,177
122,147,176
122,148,175
122,149,174
123,0,172
123,1,173
123,2,173
123,3,173
123,4,173
123,5,173
123,6,173
123,7,173
123,8,172
123,9,173
123,10,173
123,11,173
123,12,172
123,13,170
123,14,168
123,15,166
123,16,166
123,17,166
123,18,167
123,19,168
123,20,168
123,21,169
123,22,169
123,23,170
123,24,170
123,25,170
123,26,171
123,27,171
123,28,172
123,29,172
123,30,172
123,31,172
123,32,173
123,33,174
123,34,175
123,35,176
123,36,177
123,37,180
123,38,184
123,39,188
123,40,190
123,41,189
123,42,188
123,43,186
123,44,185
123,45,184
123,46,182
123,47,181
123,48,183
123,49,183
123,50,184
123,51,184
123,52,183
123,53,182
123,54,180
123,55,180
123,56,180
123,57,180
123,58,179
123,59,179
123,60,175
123,61,171
123,62,172
123,63,176
123,64,180
123,65,189
123,66,207
123,67,213
123,68,212
123,69,212
123,70,212
123,71,211
123,72,207
123,73,212
123,74,215
123,75,208
123,76,189
123,77,167
123,78,148
123,79,137
123,80,124
123,81,119
123,82,109
123,83,105
123,84,97
123,85,96
123,86,88
123,87,83
123,88,81
123,89,81
123,90,86
123,91,96
123,92,108
123,93,124
123,94,140
123,95,149
123,96,158
123,97,162
123,98,165
123,99,166
123,100,168
123,101,169
123,102,170
123,103,172
123,104,176
123,105,177
123,106,176
123,107,173
123,108,172
123,109,171
123,110,172
123,111,175
123,112,179
123,113,183
123,114,186
123,115,186
123,116,188
123,117,188
123,118,189
123,119,191
123,120,189
123,121,190
123,122,190
123,123,190
123,124,190
123,125,189
123,126,188
123,127,187
123,128,186
123,129,186
123,130,185
123,131,185
123,132,184
123,133,184
123,134,183
123,135,183
123,136,183
123,137,183
123,138,182
123,139,181
123,140,180
123,141,180
123,142,179
123,143,179
123,144,178
123,145,178
123,146,177
123,147,177
123,148,176
123,149,175
124,0,173
124,1,173
124,2,173
124,3,174
124,4,174
124,5,173
124,6,173
124,7,173
124,8,173
124,9,173
124,10,174
124,11,173
124,12,172
124,13,170
124,14,168
124,15,167
124,16,167
124,17,167
124,18,168
124,19,168
124,20,169
124,21,170
124,22,170
124,23,171
124,24,170
124,25,170
124,26,171
124,27,172
124,28,173
124,29,174
124,30,175
124,31,175
124,32,175
124,33,176
124,34,177
124,35,178
124,36,180
124,37,183
124,38,188
124,39,191
124,40,191
124,41,189
124,42,187
124,43,186
124,44,184
124,45,183
124,46,181
124,47,181
124,48,182
124,49,183
124,50,185
124,51,185
124,52,184
124,53,183
124,54,182
124,55,181
124,56,180
124,57,179
124,58,179
124,59,180
124,60,177
124,61,173
124,62,174
124,63,177
124,64,179
124,65,186
124,66,198
124,67,205
124,68,207
124,69,208
124,70,205
124,71,207
124,72,210
124,73,213
124,74,215
124,75,213
124,76,200
124,77,177
124,78,150
124,79,133
124,80,115
124,81,106
124,82,99
124,83,97
124,84,88
124,85,86
124,86,79
124,87,76
124,88,72
124,89,75
124,90,84
124,91,97
124,92,111
124,93,127
124,94,142
124,95,150
124,96,158
124,97,161
124,98,163
124,99,165
124,100,167
124,101,167
124,102,169
124,103,172
124,104,175
124,105,177
124,106,175
124,107,171
124,108,169
124,109,168
124,110,169
124,111,173
124,112,177
124,113,182
124,114,185
124,115,185
124,116,187
124,117,188
124,118,189
124,119,190
124,120,189
124,121,189
124,122,190
124,123,190
124,124,190
124,125,189
124,126,188
124,127,188
124,128,187
124,129,186
124,130,186
124,131,185
124,132,184
124,133,184
124,134,184
124,135,183
124,136,183
124,137,183
124,138,182
124,139,182
124,140,181
124,141,181
124,142,180
124,143,180
124,144,179
124,145,179
124,146,178
124,147,177
124,148,176
124,149,175
125,0,173
125,1,173
125,2,173
125,3,174
125,4,174
125,5,174
125,6,173
125,7,173
125,8,174
125,9,174
125,10,174
125,11,173
125,12,172
125,13,170
125,14,169
125,15,168
125,16,168
125,17,168
125,18,169
125,19,169
125,20,170
125,21,171
125,22,172
125,23,172
125,24,172
125,25,172
125,26,173
125,27,175
125,28,177
125,29,178
125,30,179
125,31,180
125,32,180
125,33,179
125,34,180
125,35,181
125,36,184
125,37,188
125,38,191
125,39,193
125,40,191
125,41,189
125,42,187
125,43,185
125,44,183
125,45,182
125,46,181
125,47,182
125,48,185
125,49,186
125,50,187
125,51,187
125,52,186
125,53,185
125,54,183
125,55,182
125,56,182
125,57,180
125,58,179
125,59,180
125,60,178
125,61,175
125,62,174
125,63,176
125,64,171
125,65,176
125,66,184
125,67,194
125,68,204
125,69,204
125,70,194
125,71,192
125,72,198
125,73,198
125,74,201
125,75,208
125,76,212
125,77,203
125,78,186
125,79,174
125,80,121
125,81,95
125,82,94
125,83,94
125,84,87
125,85,77
125,86,73
125,87,66
125,88,63
125,89,70
125,90,82
125,91,97
125,92,114
125,93,130
125,94,144
125,95,153
125,96,158
125,97,161
125,98,162
125,99,163
125,100,165
125,101,166
125,102,168
125,103,172
125,104,174
125,105,175
125,106,172
125,107,168
125,108,165
125,109,163
125,110,165
125,111,171
125,112,174
125,113,179
125,114,182
125,115,184
125,116,186
125,117,187
125,118,188
125,119,190
125,120,189
125,121,190
125,122,190
125,123,190
125,124,190
125,125,190
125,126,189
125,127,189
125,128,187
125,129,187
125,130,186
125,131,185
125,132,185
125,133,184
125,134,184
125,135,184
125,136,183
125,137,183
125,138,182
125,139,182
125,140,182
125,141,181
125,142,181
125,143,180
125,144,179
125,145,179
125,146,179
125,147,178
125,148,177
125,149,176
126,0,173
126,1,173
126,2,173
126,3,174
126,4,174
126,5,173
126,6,173
126,7,173
126,8,173
126,9,174
126,10,174
126,11,173
126,12,171
126,13,170
126,14,169
126,15,169
126,16,170
126,17,170
126,18,170
126,19,170
126,20,171
126,21,172
126,22,173
126,23,174
126,24,175
126,25,175
126,26,177
126,27,178
126,28,180
126,29,182
126,30,183
126,31,184
126,32,184
126,33,183
126,34,183
126,35,185
126,36,188
126,37,191
126,38,192
126,39,193
126,40,191
126,41,188
126,42,186
126,43,184
126,44,183
126,45,182
126,46,184
126,47,187
126,48,194
126,49,194
126,50,193
126,51,190
126,52,188
126,53,187
126,54,186
126,55,184
126,56,183
126,57,181
126,58,179
126,59,180
126,60,180
126,61,177
126,62,175
126,63,174
126,64,174
126,65,172
126,66,173
126,67,180
126,68,190
126,69,190
126,70,180
126,71,178
126,72,181
126,73,181
126,74,182
126,75,184
126,76,188
126,77,191
126,78,198
126,79,208
126,80,144
126,81,96
126,82,89
126,83,80
126,84,75
126,85,71
126,86,60
126,87,59
126,88,54
126,89,66
126,90,81
126,91,99
126,92,119
126,93,134
126,94,146
126,95,155
126,96,158
126,97,160
126,98,161
126,99,162
126,100,163
126,101,164
126,102,167
126,103,172
126,104,173
126,105,173
126,106,170
126,107,165
126,108,161
126,109,158
126,110,161
126,111,167
126,112,171
126,113,176
126,114,180
126,115,181
126,116,184
126,117,185
126,118,186
126,119,188
126,120,189
126,121,189
126,122,189
126,123,190
126,124,190
126,125,190
126,126,189
126,127,189
126,128,188
126,129,187
126,130,186
126,131,186
126,132,185
126,133,184
126,134,184
126,135,184
126,136,183
126,137,183
126,138,182
126,139,182
126,140,183
126,141,182
126,142,182
126,143,181
126,144,180
126,145,180
126,146,180
126,147,179
126,148,178
126,149,177
127,0,173
127,1,173
127,2,173
127,3,174
127,4,174
127,5,173
127,6,173
127,7,173
127,8,173
127,9,173
127,10,173
127,11,172
127,12,171
127,13,170
127,14,169
127,15,169
127,16,171
127,17,171
127,18,171
127,19,171
127,20,172
127,21,173
127,22,175
127,23,175
127,24,177
127,25,178
127,26,179
127,27,181
127,28,183
127,29,185
127,30,186
127,31,187
127,32,188
127,33,186
127,34,186
127,35,187
127,36,191
127,37,193
127,38,193
127,39,192
127,40,189
127,41,187
127,42,185
127,43,184
127,44,183
127,45,184
127,46,188
127,47,193
127,48,202
127,49,202
127,50,199
127,51,194
127,52,191
127,53,189
127,54,188
127,55,187
127,56,184
127,57,182
127,58,180
127,59,180
127,60,181
127,61,180
127,62,177
127,63,175
127,64,174
127,65,170
127,66,170
127,67,172
127,68,174
127,69,174
127,70,172
127,71,176
127,72,178
127,73,178
127,74,177
127,75,176
127,76,175
127,77,175
127,78,185
127,79,199
127,80,194
127,81,142
127,82,94
127,83,79
127,84,65
127,85,59
127,86,51
127,87,47
127,88,47
127,89,63
127,90,81
127,91,102
127,92,123
127,93,138
127,94,147
127,95,156
127,96,158
127,97,159
127,98,160
127,99,160
127,100,162
127,101,163
127,102,166
127,103,172
127,104,172
127,105,172
127,106,168
127,107,162
127,108,158
127,109,155
127,110,157
127,111,164
127,112,169
127,113,174
127,114,178
127,115,180
127,116,183
127,117,184
127,118,185
127,119,187
127,120,188
127,121,188
127,122,188
127,123,188
127,124,188
127,125,189
127,126,189
127,127,189
127,128,188
127,129,188
127,130,187
127,131,186
127,132,185
127,133,184
127,134,184
127,135,184
127,136,183
127,137,183
127,138,183
127,139,183
127,140,183
127,141,183
127,142,182
127,143,181
127,144,180
127,145,180
127,146,180
127,147,179
127,148,179
127,149,178
128,0,173
128,1,173
128,2,174
128,3,174
128,4,173
128,5,173
128,6,173
128,7,173
128,8,173
128,9,174
128,10,174
128,11,171
128,12,170
128,13,170
128,14,171
128,15,170
128,16,171
128,17,173
128,18,174
128,19,175
128,20,176
128,21,176
128,22,178
128,23,179
128,24,181
128,25,183
128,26,185
128,27,185
128,28,184
128,29,186
128,30,189
128,31,191
128,32,189
128,33,189
128,34,189
128,35,191
128,36,193
128,37,194
128,38,192
128,39,191
128,40,186
128,41,186
128,42,183
128,43,182
128,44,182
128,45,180
128,46,184
128,47,193
128,48,203
128,49,206
128,50,205
128,51,202
128,52,200
128,53,197
128,54,193
128,55,191
128,56,188
128,57,187
128,58,183
128,59,180
128,60,180
128,61,182
128,62,180
128,63,176
128,64,173
128,65,173
128,66,172
128,67,171
128,68,174
128,69,173
128,70,172
128,71,172
128,72,170
128,73,178
128,74,176
128,75,172
128,76,172
128,77,175
128,78,177
128,79,176
128,80,190
128,81,181
128,82,156
128,83,129
128,84,60
128,85,49
128,86,48
128,87,42
128,88,43
128,89,68
128,90,87
128,91,107
128,92,127
128,93,141
128,94,152
128,95,158
128,96,158
128,97,159
128,98,158
128,99,158
128,100,161
128,101,162
128,102,165
128,103,169
128,104,171
128,105,168
128,106,163
128,107,157
128,108,150
128,109,149
128,110,153
128,111,158
128,112,161
128,113,168
128,114,175
128,115,179
128,116,181
128,117,181
128,118,183
128,119,186
128,120,186
128,121,187
128,122,188
128,123,189
128,124,188
128,125,187
128,126,187
128,127,186
128,128,189
128,129,188
128,130,186
128,131,185
128,132,185
128,133,185
128,134,185
128,135,184
128,136,183
128,137,183
128,138,183
128,139,183
128,140,183
128,141,183
128,142,183
128,143,182
128,144,181
128,145,181
128,146,180
128,147,180
128,148,179
128,149,179
129,0,174
129,1,174
129,2,174
129,3,174
129,4,174
129,5,173
129,6,173
129,7,173
129,8,173
129,9,174
129,10,174
129,11,172
129,12,170
129,13,171
129,14,172
129,15,172
129,16,173
129,17,175
129,18,177
129,19,179
129,20,179
129,21,180
129,22,181
129,23,182
129,24,183
129,25,185
129,26,186
129,27,186
129,28,185
129,29,186
129,30,188
129,31,191
129,32,190
129,33,190
129,34,191
129,35,192
129,36,194
129,37,194
129,38,192
129,39,189
129,40,186
129,41,185
129,42,182
129,43,181
129,44,182
129,45,179
129,46,181
129,47,190
129,48,204
129,49,209
129,50,210
129,51,208
129,52,207
129,53,205
129,54,203
129,55,201
129,56,197
129,57,193
129,58,187
129,59,184
129,60,183
129,61,182
129,62,181
129,63,179
129,64,175
129,65,175
129,66,174
129,67,174
129,68,174
129,69,171
129,70,170
129,71,172
129,72,174
129,73,176
129,74,173
129,75,171
129,76,171
129,77,169
129,78,171
129,79,173
129,80,175
129,81,172
129,82,174
129,83,161
129,84,110
129,85,41
129,86,35
129,87,28
129,88,51
129,89,67
129,90,91
129,91,117
129,92,133
129,93,144
129,94,154
129,95,156
129,96,158
129,97,160
129,98,159
129,99,158
129,100,160
129,101,162
129,102,164
129,103,168
129,104,168
129,105,165
129,106,159
129,107,152
129,108,146
129,109,145
129,110,150
129,111,155
129,112,159
129,113,165
129,114,171
129,115,175
129,116,178
129,117,179
129,118,181
129,119,185
129,120,185
129,121,186
129,122,187
129,123,188
129,124,188
129,125,187
129,126,186
129,127,186
129,128,187
129,129,188
129,130,188
129,131,187
129,132,185
129,133,184
129,134,185
129,135,185
129,136,183
129,137,183
129,138,183
129,139,183
129,140,183
129,141,183
129,142,183
129,143,183
129,144,182
129,145,182
129,146,181
129,147,181
129,148,180
129,149,180
130,0,174
130,1,175
130,2,175
130,3,175
130,4,174
130,5,173
130,6,173
130,7,174
130,8,173
130,9,174
130,10,174
130,11,172
130,12,171
130,13,171
130,14,172
130,15,173
130,16,175
130,17,177
130,18,181
130,19,184
130,20,185
130,21,185
130,22,185
130,23,186
130,24,187
130,25,188
130,26,188
130,27,187
130,28,186
130,29,187
130,30,189
130,31,191
130,32,192
130,33,192
130,34,193
130,35,194
130,36,195
130,37,193
130,38,190
130,39,187
130,40,185
130,41,185
130,42,182
130,43,181
130,44,181
130,45,177
130,46,177
130,47,183
130,48,200
130,49,204
130,50,205
130,51,204
130,52,204
130,53,204
130,54,202
130,55,201
130,56,198
130,57,195
130,58,190
130,59,188
130,60,188
130,61,187
130,62,185
130,63,184
130,64,177
130,65,175
130,66,173
130,67,174
130,68,174
130,69,170
130,70,169
130,71,171
130,72,170
130,73,173
130,74,171
130,75,172
130,76,177
130,77,178
130,78,175
130,79,168
130,80,169
130,81,171
130,82,169
130,83,167
130,84,166
130,85,136
130,86,116
130,87,70
130,88,45
130,89,79
130,90,103
130,91,116
130,92,138
130,93,150
130,94,151
130,95,161
130,96,159
130,97,160
130,98,159
130,99,158
130,100,159
130,101,161
130,102,163
130,103,166
130,104,163
130,105,160
130,106,153
130,107,145
130,108,140
130,109,140
130,110,145
130,111,149
130,112,156
130,113,161
130,114,166
130,115,171
130,116,175
130,117,177
130,118,179
130,119,182
130,120,184
130,121,185
130,122,186
130,123,187
130,124,187
130,125,186
130,126,186
130,127,186
130,128,184
130,129,186
130,130,188
130,131,188
130,132,186
130,133,185
130,134,185
130,135,185
130,136,184
130,137,184
130,138,183
130,139,183
130,140,183
130,141,183
130,142,183
130,143,184
130,144,183
130,145,183
130,146,183
130,147,182
130,148,182
130,149,181
131,0,175
131,1,175
131,2,175
131,3,175
131,4,174
131,5,174
131,6,174
131,7,174
131,8,174
131,9,174
131,10,174
131,11,172
131,12,171
131,13,172
131,14,173
131,15,174
131,16,177
131,17,180
131,18,185
131,19,189
131,20,190
131,21,190
131,22,189
131,23,189
131,24,190
131,25,191
131,26,191
131,27,190
131,28,188
131,29,188
131,30,189
131,31,191
131,32,193
131,33,193
131,34,194
131,35,195
131,36,194
131,37,192
131,38,188
131,39,185
131,40,184
131,41,184
131,42,182
131,43,181
131,44,180
131,45,175
131,46,173
131,47,175
131,48,184
131,49,187
131,50,186
131,51,184
131,52,183
131,53,182
131,54,183
131,55,184
131,56,187
131,57,187
131,58,188
131,59,190
131,60,194
131,61,195
131,62,193
131,63,191
131,64,182
131,65,179
131,66,173
131,67,172
131,68,174
131,69,173
131,70,170
131,71,169
131,72,170
131,73,172
131,74,169
131,75,169
131,76,177
131,77,187
131,78,191
131,79,186
131,80,169
131,81,164
131,82,162
131,83,164
131,84,166
131,85,175
131,86,166
131,87,146
131,88,116
131,89,91
131,90,102
131,91,128
131,92,141
131,93,150
131,94,158
131,95,161
131,96,160
131,97,160
131,98,159
131,99,158
131,100,159
131,101,161
131,102,163
131,103,164
131,104,160
131,105,157
131,106,148
131,107,138
131,108,134
131,109,136
131,110,140
131,111,145
131,112,152
131,113,157
131,114,162
131,115,167
131,116,172
131,117,175
131,118,177
131,119,180
131,120,183
131,121,184
131,122,185
131,123,185
131,124,185
131,125,185
131,126,185
131,127,186
131,128,183
131,129,184
131,130,185
131,131,187
131,132,187
131,133,187
131,134,185
131,135,184
131,136,184
131,137,184
131,138,184
131,139,183
131,140,183
131,141,184
131,142,184
131,143,184
131,144,184
131,145,184
131,146,184
131,147,183
131,148,183
131,149,182
132,0,175
132,1,175
132,2,175
132,3,175
132,4,174
132,5,173
132,6,174
132,7,174
132,8,175
132,9,174
132,10,174
132,11,173
132,12,172
132,13,172
132,14,174
132,15,175
132,16,179
132,17,183
132,18,188
132,19,193
132,20,194
132,21,194
132,22,193
132,23,192
132,24,194
132,25,194
132,26,194
132,27,192
132,28,190
132,29,190
132,30,191
132,31,192
132,32,194
132,33,194
132,34,195
132,35,194
132,36,192
132,37,189
132,38,186
132,39,184
132,40,183
132,41,183
132,42,183
132,43,182
132,44,179
132,45,173
132,46,169
132,47,169
132,48,169
132,49,170
132,50,169
132,51,165
132,52,165
132,53,165
132,54,167
132,55,170
132,56,174
132,57,179
132,58,184
132,59,189
132,60,197
132,61,202
132,62,201
132,63,196
132,64,191
132,65,188
132,66,180
132,67,173
132,68,173
132,69,174
132,70,172
132,71,169
132,72,171
132,73,172
132,74,170
132,75,171
132,76,175
132,77,185
132,78,201
132,79,209
132,80,187
132,81,175
132,82,177
132,83,171
132,84,165
132,85,165
132,86,166
132,87,171
132,88,158
132,89,139
132,90,132
132,91,135
132,92,143
132,93,153
132,94,156
132,95,159
132,96,160
132,97,159
132,98,159
132,99,158
132,100,158
132,101,161
132,102,162
132,103,162
132,104,158
132,105,153
132,106,141
132,107,131
132,108,129
132,109,131
132,110,135
132,111,141
132,112,148
132,113,153
132,114,158
132,115,163
132,116,169
132,117,173
132,118,176
132,119,179
132,120,181
132,121,182
132,122,183
132,123,184
132,124,184
132,125,184
132,126,184
132,127,185
132,128,184
132,129,182
132,130,182
132,131,184
132,132,188
132,133,189
132,134,187
132,135,184
132,136,185
132,137,184
132,138,184
132,139,184
132,140,184
132,141,184
132,142,185
132,143,185
132,144,185
132,145,184
132,146,184
132,147,184
132,148,184
132,149,183
133,0,175
133,1,175
133,2,175
133,3,175
133,4,174
133,5,174
133,6,174
133,7,174
133,8,175
133,9,174
133,10,174
133,11,173
133,12,173
133,13,173
133,14,175
133,15,178
133,16,182
133,17,186
133,18,191
133,19,195
133,20,197
133,21,196
133,22,195
133,23,194
133,24,196
133,25,196
133,26,196
133,27,194
133,28,193
133,29,193
133,30,193
133,31,195
133,32,195
133,33,195
133,34,194
133,35,193
133,36,190
133,37,187
133,38,185
133,39,184
133,40,183
133,41,183
133,42,183
133,43,181
133,44,177
133,45,170
133,46,166
133,47,166
133,48,164
133,49,166
133,50,165
133,51,164
133,52,165
133,53,166
133,54,167
133,55,170
133,56,171
133,57,176
133,58,182
133,59,188
133,60,198
133,61,204
133,62,203
133,63,196
133,64,197
133,65,197
133,66,189
133,67,177
133,68,173
133,69,173
133,70,172
133,71,170
133,72,169
133,73,172
133,74,172
133,75,172
133,76,174
133,77,185
133,78,203
133,79,210
133,80,207
133,81,210
133,82,206
133,83,191
133,84,179
133,85,168
133,86,165
133,87,165
133,88,170
133,89,162
133,90,152
133,91,144
133,92,148
133,93,157
133,94,159
133,95,159
133,96,159
133,97,159
133,98,159
133,99,158
133,100,158
133,101,160
133,102,161
133,103,159
133,104,154
133,105,147
133,106,134
133,107,124
133,108,123
133,109,124
133,110,128
133,111,136
133,112,143
133,113,148
133,114,154
133,115,160
133,116,166
133,117,170
133,118,173
133,119,177
133,120,178
133,121,179
133,122,181
133,123,182
133,124,183
133,125,183
133,126,183
133,127,183
133,128,184
133,129,182
133,130,180
133,131,182
133,132,186
133,133,188
133,134,188
133,135,186
133,136,185
133,137,185
133,138,185
133,139,185
133,140,185
133,141,185
133,142,185
133,143,185
133,144,185
133,145,185
133,146,185
133,147,185
133,148,184
133,149,184
134,0,175
134,1,175
134,2,175
134,3,175
134,4,174
134,5,174
134,6,175
134,7,175
134,8,175
134,9,174
134,10,174
134,11,174
134,12,174
134,13,175
134,14,178
134,15,181
134,16,185
134,17,189
134,18,194
134,19,198
134,20,199
134,21,198
134,22,197
134,23,196
134,24,197
134,25,197
134,26,197
134,27,196
134,28,195
134,29,195
134,30,196
134,31,197
134,32,196
134,33,196
134,34,194
134,35,191
134,36,188
134,37,186
134,38,185
134,39,185
134,40,185
134,41,184
134,42,184
134,43,180
134,44,174
134,45,168
134,46,165
134,47,165
134,48,163
134,49,165
134,50,164
134,51,165
134,52,167
134,53,168
134,54,169
134,55,171
134,56,173
134,57,177
134,58,181
134,59,189
134,60,199
134,61,203
134,62,201
134,63,192
134,64,195
134,65,195
134,66,188
134,67,177
134,68,173
134,69,172
134,70,171
134,71,170
134,72,170
134,73,174
134,74,171
134,75,168
134,76,171
134,77,187
134,78,205
134,79,209
134,80,208
134,81,211
134,82,202
134,83,202
134,84,186
134,85,169
134,86,163
134,87,165
134,88,162
134,89,165
134,90,164
134,91,163
134,92,162
134,93,162
134,94,161
134,95,157
134,96,159
134,97,159
134,98,159
134,99,158
134,100,158
134,101,160
134,102,160
134,103,156
134,104,150
134,105,140
134,106,125
134,107,116
134,108,116
134,109,116
134,110,121
134,111,130
134,112,138
134,113,144
134,114,150
134,115,156
134,116,162
134,117,166
134,118,170
134,119,174
134,120,176
134,121,178
134,122,180
134,123,181
134,124,182
134,125,182
134,126,182
134,127,182
134,128,182
134,129,181
134,130,180
134,131,180
134,132,180
134,133,183
134,134,185
134,135,187
134,136,185
134,137,185
134,138,185
134,139,185
134,140,186
134,141,185
134,142,185
134,143,185
134,144,185
134,145,185
134,146,185
134,147,185
134,148,185
134,149,185
135,0,176
135,1,176
135,2,176
135,3,175
135,4,175
135,5,175
135,6,175
135,7,176
135,8,176
135,9,174
135,10,174
135,11,175
135,12,176
135,13,177
135,14,180
135,15,183
135,16,187
135,17,191
135,18,196
135,19,199
135,20,201
135,21,200
135,22,199
135,23,198
135,24,198
135,25,198
135,26,198
135,27,197
135,28,196
135,29,196
135,30,197
135,31,198
135,32,197
135,33,196
135,34,194
135,35,190
135,36,187
135,37,185
135,38,185
135,39,185
135,40,186
135,41,185
135,42,184
135,43,179
135,44,172
135,45,166
135,46,165
135,47,166
135,48,166
135,49,166
135,50,165
135,51,165
135,52,168
135,53,169
135,54,170
135,55,172
135,56,174
135,57,176
135,58,181
135,59,190
135,60,200
135,61,202
135,62,197
135,63,188
135,64,189
135,65,187
135,66,180
135,67,174
135,68,172
135,69,172
135,70,171
135,71,170
135,72,170
135,73,171
135,74,170
135,75,170
135,76,172
135,77,184
135,78,204
135,79,212
135,80,209
135,81,209
135,82,205
135,83,204
135,84,187
135,85,170
135,86,168
135,87,163
135,88,161
135,89,161
135,90,162
135,91,168
135,92,165
135,93,159
135,94,161
135,95,162
135,96,159
135,97,159
135,98,159
135,99,158
135,100,157
135,101,159
135,102,159
135,103,154
135,104,146
135,105,135
135,106,120
135,107,111
135,108,111
135,109,111
135,110,115
135,111,125
135,112,134
135,113,140
135,114,147
135,115,153
135,116,160
135,117,164
135,118,167
135,119,171
135,120,175
135,121,176
135,122,179
135,123,181
135,124,181
135,125,181
135,126,181
135,127,181
135,128,179
135,129,181
135,130,181
135,131,178
135,132,175
135,133,176
135,134,182
135,135,187
135,136,184
135,137,185
135,138,185
135,139,186
135,140,186
135,141,186
135,142,185
135,143,185
135,144,185
135,145,185
135,146,186
135,147,186
135,148,186
135,149,186
136,0,176
136,1,176
136,2,177
136,3,177
136,4,176
136,5,176
136,6,176
136,7,177
136,8,176
136,9,176
136,10,176
136,11,176
136,12,177
136,13,180
136,14,184
136,15,187
136,16,191
136,17,195
136,18,199
136,19,200
136,20,201
136,21,202
136,22,201
136,23,198
136,24,198
136,25,198
136,26,198
136,27,198
136,28,199
136,29,199
136,30,199
136,31,199
136,32,196
136,33,194
136,34,192
136,35,189
136,36,187
136,37,186
136,38,185
136,39,184
136,40,184
136,41,186
136,42,183
136,43,176
136,44,169
136,45,167
136,46,165
136,47,163
136,48,163
136,49,167
136,50,168
136,51,166
136,52,168
136,53,170
136,54,171
136,55,173
136,56,171
136,57,175
136,58,182
136,59,194
136,60,203
136,61,201
136,62,187
136,63,179
136,64,178
136,65,178
136,66,173
136,67,169
136,68,167
136,69,168
136,70,172
136,71,171
136,72,168
136,73,171
136,74,173
136,75,170
136,76,171
136,77,183
136,78,200
136,79,214
136,80,211
136,81,208
136,82,203
136,83,198
136,84,187
136,85,172
136,86,167
136,87,166
136,88,163
136,89,161
136,90,159
136,91,159
136,92,161
136,93,163
136,94,164
136,95,163
136,96,159
136,97,159
136,98,159
136,99,157
136,100,156
136,101,156
136,102,154
136,103,148
136,104,140
136,105,125
136,106,114
136,107,106
136,108,101
136,109,103
136,110,108
136,111,116
136,112,125
136,113,133
136,114,143
136,115,149
136,116,154
136,117,160
136,118,165
136,119,168
136,120,170
136,121,172
136,122,175
136,123,177
136,124,178
136,125,178
136,126,178
136,127,178
136,128,177
136,129,178
136,130,178
136,131,177
136,132,175
136,133,174
136,134,176
136,135,177
136,136,185
136,137,187
136,138,186
136,139,185
136,140,187
136,141,187
136,142,186
136,143,186
136,144,185
136,145,186
136,146,186
136,147,187
136,148,186
136,149,186
137,0,176
137,1,177
137,2,177
137,3,177
137,4,177
137,5,177
137,6,177
137,7,178
137,8,177
137,9,177
137,10,177
137,11,177
137,12,178
137,13,182
137,14,186
137,15,189
137,16,193
137,17,197
137,18,200
137,19,201
137,20,202
137,21,203
137,22,201
137,23,198
137,24,198
137,25,198
137,26,198
137,27,199
137,28,200
137,29,200
137,30,200
137,31,199
137,32,195
137,33,193
137,34,190
137,35,188
137,36,187
137,37,187
137,38,188
137,39,188
137,40,190
137,41,187
137,42,180
137,43,171
137,44,166
137,45,166
137,46,166
137,47,166
137,48,165
137,49,168
137,50,169
137,51,170
137,52,171
137,53,170
137,54,170
137,55,172
137,56,173
137,57,177
137,58,182
137,59,188
137,60,187
137,61,176
137,62,163
137,63,155
137,64,163
137,65,163
137,66,161
137,67,162
137,68,160
137,69,158
137,70,161
137,71,163
137,72,172
137,73,170
137,74,170
137,75,167
137,76,169
137,77,180
137,78,197
137,79,213
137,80,213
137,81,209
137,82,202
137,83,197
137,84,184
137,85,170
137,86,165
137,87,165
137,88,165
137,89,162
137,90,159
137,91,159
137,92,160
137,93,161
137,94,162
137,95,164
137,96,161
137,97,159
137,98,157
137,99,157
137,100,158
137,101,158
137,102,152
137,103,144
137,104,134
137,105,118
137,106,106
137,107,97
137,108,93
137,109,96
137,110,102
137,111,109
137,112,119
137,113,127
137,114,137
137,115,144
137,116,150
137,117,155
137,118,160
137,119,163
137,120,167
137,121,169
137,122,172
137,123,174
137,124,175
137,125,176
137,126,177
137,127,178
137,128,177
137,129,177
137,130,177
137,131,176
137,132,174
137,133,173
137,134,173
137,135,174
137,136,181
137,137,187
137,138,188
137,139,185
137,140,186
137,141,188
137,142,188
137,143,187
137,144,186
137,145,186
137,146,187
137,147,187
137,148,187
137,149,187
138,0,177
138,1,177
138,2,178
138,3,178
138,4,178
138,5,178
138,6,178
138,7,179
138,8,178
138,9,178
138,10,178
138,11,179
138,12,181
138,13,184
138,14,189
138,15,192
138,16,195
138,17,199
138,18,202
138,19,203
138,20,203
138,21,203
138,22,201
138,23,199
138,24,198
138,25,198
138,26,200
138,27,201
138,28,201
138,29,201
138,30,200
138,31,199
138,32,195
138,33,193
138,34,190
138,35,188
138,36,188
138,37,188
138,38,190
138,39,191
138,40,190
138,41,184
138,42,176
138,43,170
138,44,166
138,45,165
138,46,164
138,47,164
138,48,167
138,49,167
138,50,168
138,51,172
138,52,174
138,53,173
138,54,172
138,55,175
138,56,170
138,57,166
138,58,164
138,59,162
138,60,157
138,61,153
138,62,152
138,63,153
138,64,154
138,65,155
138,66,153
138,67,154
138,68,152
138,69,149
138,70,154
138,71,157
138,72,160
138,73,162
138,74,170
138,75,171
138,76,169
138,77,174
138,78,191
138,79,210
138,80,213
138,81,209
138,82,200
138,83,194
138,84,183
138,85,169
138,86,166
138,87,166
138,88,165
138,89,162
138,90,160
138,91,161
138,92,161
138,93,159
138,94,160
138,95,163
138,96,160
138,97,158
138,98,157
138,99,158
138,100,157
138,101,154
138,102,147
138,103,139
138,104,126
138,105,111
138,106,98
138,107,87
138,108,83
138,109,88
138,110,95
138,111,102
138,112,112
138,113,120
138,114,130
138,115,138
138,116,144
138,117,150
138,118,155
138,119,158
138,120,162
138,121,164
138,122,167
138,123,170
138,124,171
138,125,173
138,126,174
138,127,176
138,128,175
138,129,175
138,130,175
138,131,175
138,132,174
138,133,173
138,134,172
138,135,171
138,136,178
138,137,186
138,138,190
138,139,189
138,140,188
138,141,188
138,142,187
138,143,188
138,144,187
138,145,188
138,146,188
138,147,188
138,148,188
138,149,188
139,0,178
139,1,178
139,2,178
139,3,178
139,4,178
139,5,178
139,6,179
139,7,179
139,8,179
139,9,179
139,10,179
139,11,180
139,12,182
139,13,186
139,14,191
139,15,195
139,16,198
139,17,202
139,18,204
139,19,205
139,20,204
139,21,203
139,22,201
139,23,199
139,24,199
139,25,200
139,26,202
139,27,203
139,28,203
139,29,202
139,30,200
139,31,198
139,32,194
139,33,192
139,34,190
139,35,189
139,36,189
139,37,190
139,38,192
139,39,194
139,40,189
139,41,181
139,42,172
139,43,168
139,44,167
139,45,167
139,46,168
139,47,170
139,48,175
139,49,173
139,50,171
139,51,169
139,52,168
139,53,167
139,54,166
139,55,166
139,56,159
139,57,154
139,58,154
139,59,157
139,60,155
139,61,153
139,62,153
139,63,151
139,64,154
139,65,157
139,66,154
139,67,151
139,68,148
139,69,149
139,70,153
139,71,153
139,72,157
139,73,156
139,74,158
139,75,161
139,76,166
139,77,172
139,78,185
139,79,207
139,80,211
139,81,205
139,82,195
139,83,189
139,84,180
139,85,169
139,86,166
139,87,166
139,88,165
139,89,163
139,90,162
139,91,163
139,92,162
139,93,161
139,94,159
139,95,159
139,96,161
139,97,157
139,98,157
139,99,158
139,100,156
139,101,151
139,102,142
139,103,133
139,104,118
139,105,102
139,106,88
139,107,77
139,108,75
139,109,82
139,110,89
139,111,96
139,112,103
139,113,110
139,114,121
139,115,130
139,116,138
139,117,145
139,118,150
139,119,154
139,120,157
139,121,160
139,122,163
139,123,165
139,124,167
139,125,169
139,126,171
139,127,172
139,128,173
139,129,173
139,130,173
139,131,174
139,132,174
139,133,174
139,134,172
139,135,171
139,136,175
139,137,178
139,138,185
139,139,192
139,140,193
139,141,190
139,142,187
139,143,188
139,144,189
139,145,189
139,146,190
139,147,190
139,148,190
139,149,190
140,0,179
140,1,179
140,2,179
140,3,179
140,4,178
140,5,178
140,6,178
140,7,179
140,8,179
140,9,179
140,10,180
140,11,182
140,12,184
140,13,188
140,14,193
140,15,196
140,16,201
140,17,204
140,18,206
140,19,206
140,20,205
140,21,203
140,22,202
140,23,200
140,24,201
140,25,202
140,26,204
140,27,206
140,28,205
140,29,203
140,30,200
140,31,198
140,32,193
140,33,191
140,34,190
140,35,191
140,36,192
140,37,192
140,38,193
140,39,195
140,40,186
140,41,179
140,42,173
140,43,173
140,44,174
140,45,175
140,46,174
140,47,174
140,48,176
140,49,174
140,50,169
140,51,162
140,52,158
140,53,158
140,54,158
140,55,156
140,56,154
140,57,149
140,58,149
140,59,153
140,60,153
140,61,152
140,62,152
140,63,150
140,64,154
140,65,156
140,66,154
140,67,152
140,68,151
140,69,151
140,70,154
140,71,152
140,72,158
140,73,157
140,74,152
140,75,152
140,76,160
140,77,163
140,78,171
140,79,193
140,80,210
140,81,204
140,82,190
140,83,183
140,84,175
140,85,167
140,86,165
140,87,165
140,88,165
140,89,165
140,90,163
140,91,162
140,92,162
140,93,162
140,94,160
140,95,157
140,96,162
140,97,158
140,98,157
140,99,157
140,100,155
140,101,149
140,102,137
140,103,126
140,104,107
140,105,90
140,106,75
140,107,66
140,108,66
140,109,74
140,110,82
140,111,87
140,112,92
140,113,99
140,114,109
140,115,120
140,116,129
140,117,137
140,118,144
140,119,148
140,120,152
140,121,155
140,122,159
140,123,162
140,124,163
140,125,165
140,126,168
140,127,169
140,128,171
140,129,171
140,130,171
140,131,173
140,132,174
140,133,174
140,134,172
140,135,171
140,136,170
140,137,170
140,138,176
140,139,185
140,140,192
140,141,192
140,142,190
140,143,189
140,144,190
140,145,191
140,146,191
140,147,191
140,148,191
140,149,191
141,0,179
141,1,179
141,2,179
141,3,179
141,4,178
141,5,178
141,6,179
141,7,179
141,8,179
141,9,181
141,10,182
141,11,185
141,12,187
141,13,191
141,14,196
141,15,199
141,16,203
141,17,205
141,18,207
141,19,207
141,20,205
141,21,204
141,22,203
141,23,202
141,24,204
141,25,205
141,26,207
141,27,208
141,28,207
141,29,204
141,30,200
141,31,197
141,32,195
141,33,192
141,34,191
141,35,191
141,36,190
141,37,188
141,38,188
141,39,189
141,40,182
141,41,178
141,42,177
141,43,178
141,44,178
141,45,174
141,46,170
141,47,167
141,48,165
141,49,164
141,50,161
141,51,155
141,52,152
141,53,155
141,54,157
141,55,154
141,56,151
141,57,151
141,58,154
141,59,157
141,60,157
141,61,156
141,62,155
141,63,154
141,64,156
141,65,155
141,66,152
141,67,154
141,68,154
141,69,153
141,70,157
141,71,159
141,72,157
141,73,160
141,74,158
141,75,155
141,76,159
141,77,155
141,78,155
141,79,170
141,80,207
141,81,199
141,82,187
141,83,179
141,84,173
141,85,166
141,86,166
141,87,165
141,88,166
141,89,166
141,90,163
141,91,159
141,92,159
141,93,162
141,94,161
141,95,158
141,96,158
141,97,158
141,98,158
141,99,156
141,100,151
141,101,143
141,102,131
141,103,119
141,104,97
141,105,78
141,106,63
141,107,55
141,108,58
141,109,67
141,110,73
141,111,78
141,112,82
141,113,87
141,114,97
141,115,108
141,116,118
141,117,127
141,118,134
141,119,139
141,120,144
141,121,147
141,122,152
141,123,156
141,124,158
141,125,161
141,126,164
141,127,167
141,128,169
141,129,169
141,130,170
141,131,171
141,132,172
141,133,172
141,134,171
141,135,170
141,136,169
141,137,169
141,138,171
141,139,175
141,140,182
141,141,190
141,142,191
141,143,186
141,144,190
141,145,191
141,146,192
141,147,192
141,148,192
141,149,191
142,0,180
142,1,180
142,2,180
142,3,180
142,4,179
142,5,179
142,6,180
142,7,181
142,8,181
142,9,183
142,10,186
142,11,188
142,12,191
142,13,195
142,14,199
142,15,202
142,16,205
142,17,207
142,18,208
142,19,208
142,20,206
142,21,204
142,22,204
142,23,205
142,24,207
142,25,208
142,26,209
142,27,210
142,28,208
142,29,204
142,30,200
142,31,196
142,32,194
142,33,191
142,34,188
142,35,187
142,36,184
142,37,181
142,38,179
142,39,179
142,40,179
142,41,176
142,42,174
142,43,172
142,44,170
142,45,166
142,46,162
142,47,159
142,48,157
142,49,158
142,50,159
142,51,157
142,52,155
142,53,157
142,54,159
142,55,156
142,56,151
142,57,154
142,58,154
142,59,154
142,60,154
142,61,155
142,62,154
142,63,155
142,64,158
142,65,157
142,66,155
142,67,156
142,68,156
142,69,156
142,70,161
142,71,164
142,72,163
142,73,162
142,74,159
142,75,156
142,76,160
142,77,158
142,78,154
142,79,159
142,80,184
142,81,182
142,82,177
142,83,175
142,84,170
142,85,165
142,86,165
142,87,165
142,88,165
142,89,166
142,90,163
142,91,160
142,92,158
142,93,159
142,94,160
142,95,160
142,96,156
142,97,157
142,98,158
142,99,156
142,100,150
142,101,142
142,102,126
142,103,110
142,104,87
142,105,66
142,106,50
142,107,46
142,108,50
142,109,59
142,110,63
142,111,67
142,112,71
142,113,75
142,114,83
142,115,93
142,116,103
142,117,112
142,118,120
142,119,126
142,120,131
142,121,136
142,122,142
142,123,147
142,124,152
142,125,156
142,126,160
142,127,163
142,128,166
142,129,166
142,130,167
142,131,168
142,132,169
142,133,170
142,134,170
142,135,170
142,136,171
142,137,170
142,138,170
142,139,171
142,140,176
142,141,186
142,142,190
142,143,187
142,144,189
142,145,191
142,146,192
142,147,193
142,148,193
142,149,192
143,0,180
143,1,180
143,2,180
143,3,180
143,4,180
143,5,180
143,6,181
143,7,182
143,8,183
143,9,185
143,10,188
143,11,191
143,12,194
143,13,198
143,14,201
143,15,204
143,16,207
143,17,208
143,18,209
143,19,208
143,20,207
143,21,205
143,22,206
143,23,207
143,24,209
143,25,210
143,26,211
143,27,211
143,28,209
143,29,204
143,30,199
143,31,196
143,32,189
143,33,186
143,34,183
143,35,182
143,36,179
143,37,176
143,38,174
143,39,175
143,40,170
143,41,170
143,42,170
143,43,170
143,44,168
143,45,164
143,46,158
143,47,154
143,48,153
143,49,155
143,50,161
143,51,164
143,52,162
143,53,162
143,54,162
143,55,160
143,56,153
143,57,156
143,58,155
143,59,154
143,60,157
143,61,159
143,62,158
143,63,158
143,64,155
143,65,160
143,66,160
143,67,160
143,68,158
143,69,158
143,70,162
143,71,161
143,72,161
143,73,162
143,74,164
143,75,162
143,76,160
143,77,160
143,78,160
143,79,163
143,80,155
143,81,161
143,82,165
143,83,169
143,84,167
143,85,162
143,86,163
143,87,163
143,88,163
143,89,164
143,90,164
143,91,162
143,92,158
143,93,156
143,94,158
143,95,161
143,96,162
143,97,158
143,98,154
143,99,154
143,100,156
143,101,150
143,102,128
143,103,102
143,104,78
143,105,56
143,106,40
143,107,37
143,108,43
143,109,51
143,110,54
143,111,58
143,112,61
143,113,64
143,114,71
143,115,80
143,116,90
143,117,99
143,118,107
143,119,113
143,120,121
143,121,126
143,122,133
143,123,140
143,124,146
143,125,151
143,126,156
143,127,159
143,128,163
143,129,164
143,130,165
143,131,166
143,132,167
143,133,168
143,134,170
143,135,171
143,136,170
143,137,169
143,138,170
143,139,172
143,140,176
143,141,184
143,142,191
143,143,193
143,144,188
143,145,190
143,146,192
143,147,193
143,148,193
143,149,192
144,0,179
144,1,181
144,2,181
144,3,180
144,4,181
144,5,182
144,6,182
144,7,184
144,8,185
144,9,188
144,10,192
144,11,195
144,12,198
144,13,202
144,14,204
144,15,205
144,16,205
144,17,211
144,18,208
144,19,207
144,20,207
144,21,205
144,22,209
144,23,210
144,24,213
144,25,213
144,26,210
144,27,206
144,28,205
144,29,204
144,30,197
144,31,187
144,32,177
144,33,181
144,34,179
144,35,183
144,36,181
144,37,172
144,38,171
144,39,167
144,40,166
144,41,166
144,42,165
144,43,160
144,44,155
144,45,152
144,46,152
144,47,154
144,48,155
144,49,156
144,50,160
144,51,163
144,52,165
144,53,163
144,54,161
144,55,160
144,56,153
144,57,158
144,58,159
144,59,157
144,60,158
144,61,159
144,62,159
144,63,159
144,64,159
144,65,163
144,66,164
144,67,162
144,68,162
144,69,167
144,70,167
144,71,163
144,72,162
144,73,164
144,74,165
144,75,164
144,76,162
144,77,163
144,78,164
144,79,165
144,80,163
144,81,163
144,82,163
144,83,162
144,84,161
144,85,162
144,86,163
144,87,165
144,88,165
144,89,166
144,90,165
144,91,163
144,92,156
144,93,156
144,94,160
144,95,155
144,96,158
144,97,163
144,98,159
144,99,154
144,100,154
144,101,159
144,102,153
144,103,132
144,104,60
144,105,55
144,106,34
144,107,35
144,108,36
144,109,40
144,110,44
144,111,48
144,112,46
144,113,54
144,114,52
144,115,66
144,116,74
144,117,83
144,118,92
144,119,101
144,120,106
144,121,116
144,122,124
144,123,131
144,124,138
144,125,144
144,126,150
144,127,156
144,128,159
144,129,161
144,130,164
144,131,164
144,132,165
144,133,167
144,134,168
144,135,169
144,136,168
144,137,169
144,138,171
144,139,173
144,140,174
144,141,177
144,142,185
144,143,194
144,144,191
144,145,191
144,146,189
144,147,189
144,148,192
144,149,193
145,0,180
145,1,182
145,2,182
145,3,181
145,4,183
145,5,183
145,6,183
145,7,186
145,8,187
145,9,190
145,10,194
145,11,197
145,12,200
145,13,203
145,14,205
145,15,205
145,16,209
145,17,211
145,18,210
145,19,210
145,20,208
145,21,209
145,22,213
145,23,210
145,24,210
145,25,208
145,26,205
145,27,196
145,28,194
145,29,197
145,30,188
145,31,179
145,32,171
145,33,170
145,34,170
145,35,179
145,36,179
145,37,167
145,38,165
145,39,164
145,40,162
145,41,159
145,42,155
145,43,151
145,44,150
145,45,151
145,46,152
145,47,154
145,48,155
145,49,156
145,50,160
145,51,163
145,52,164
145,53,162
145,54,160
145,55,160
145,56,156
145,57,161
145,58,160
145,59,157
145,60,156
145,61,158
145,62,161
145,63,163
145,64,168
145,65,166
145,66,163
145,67,161
145,68,163
145,69,164
145,70,161
145,71,157
145,72,157
145,73,156
145,74,155
145,75,156
145,76,159
145,77,162
145,78,162
145,79,161
145,80,163
145,81,164
145,82,165
145,83,165
145,84,164
145,85,164
145,86,163
145,87,163
145,88,163
145,89,165
145,90,165
145,91,165
145,92,160
145,93,159
145,94,161
145,95,156
145,96,159
145,97,162
145,98,161
145,99,159
145,100,155
145,101,153
145,102,157
145,103,155
145,104,117
145,105,63
145,106,18
145,107,31
145,108,34
145,109,37
145,110,39
145,111,38
145,112,41
145,113,42
145,114,47
145,115,51
145,116,62
145,117,73
145,118,82
145,119,93
145,120,100
145,121,109
145,122,117
145,123,123
145,124,131
145,125,138
145,126,145
145,127,151
145,128,156
145,129,159
145,130,162
145,131,162
145,132,163
145,133,165
145,134,167
145,135,168
145,136,168
145,137,169
145,138,171
145,139,173
145,140,174
145,141,176
145,142,181
145,143,187
145,144,193
145,145,193
145,146,190
145,147,188
145,148,190
145,149,192
146,0,180
146,1,183
146,2,183
146,3,183
146,4,184
146,5,185
146,6,186
146,7,188
146,8,191
146,9,194
146,10,198
146,11,201
146,12,203
146,13,206
146,14,207
146,15,207
146,16,209
146,17,208
146,18,210
146,19,212
146,20,209
146,21,211
146,22,213
146,23,204
146,24,193
146,25,191
146,26,190
146,27,180
146,28,180
146,29,185
146,30,174
146,31,168
146,32,164
146,33,163
146,34,162
146,35,172
146,36,172
146,37,162
146,38,159
146,39,157
146,40,154
146,41,152
146,42,150
146,43,151
146,44,152
146,45,153
146,46,154
146,47,155
146,48,155
146,49,157
146,50,160
146,51,163
146,52,162
146,53,161
146,54,161
146,55,161
146,56,160
146,57,162
146,58,161
146,59,158
146,60,159
146,61,161
146,62,164
146,63,166
146,64,168
146,65,163
146,66,159
146,67,157
146,68,156
146,69,152
146,70,149
146,71,149
146,72,150
146,73,148
146,74,146
146,75,148
146,76,152
146,77,156
146,78,156
146,79,155
146,80,158
146,81,159
146,82,161
146,83,164
146,84,165
146,85,165
146,86,165
146,87,165
146,88,164
146,89,165
146,90,165
146,91,165
146,92,161
146,93,161
146,94,162
146,95,157
146,96,160
146,97,160
146,98,159
146,99,162
146,100,159
146,101,153
146,102,155
146,103,161
146,104,149
146,105,81
146,106,43
146,107,28
146,108,30
146,109,33
146,110,34
146,111,36
146,112,36
146,113,38
146,114,39
146,115,48
146,116,55
146,117,69
146,118,77
146,119,86
146,120,95
146,121,102
146,122,109
146,123,116
146,124,124
146,125,132
146,126,140
146,127,146
146,128,152
146,129,155
146,130,159
146,131,160
146,132,161
146,133,163
146,134,164
146,135,165
146,136,167
146,137,168
146,138,171
146,139,174
146,140,174
146,141,174
146,142,177
146,143,180
146,144,190
146,145,194
146,146,192
146,147,188
146,148,187
146,149,188
147,0,181
147,1,184
147,2,185
147,3,185
147,4,187
147,5,187
147,6,188
147,7,191
147,8,194
147,9,198
147,10,202
147,11,204
147,12,207
147,13,209
147,14,209
147,15,208
147,16,209
147,17,206
147,18,208
147,19,211
147,20,211
147,21,210
147,22,203
147,23,191
147,24,180
147,25,180
147,26,179
147,27,175
147,28,177
147,29,179
147,30,171
147,31,165
147,32,162
147,33,164
147,34,163
147,35,164
147,36,163
147,37,159
147,38,157
147,39,151
147,40,148
147,41,148
147,42,150
147,43,154
147,44,155
147,45,155
147,46,155
147,47,157
147,48,155
147,49,157
147,50,161
147,51,164
147,52,162
147,53,161
147,54,162
147,55,164
147,56,162
147,57,163
147,58,163
147,59,163
147,60,164
147,61,165
147,62,164
147,63,163
147,64,160
147,65,155
147,66,151
147,67,149
147,68,146
147,69,142
147,70,140
147,71,142
147,72,143
147,73,143
147,74,143
147,75,144
147,76,145
147,77,147
147,78,149
147,79,150
147,80,150
147,81,153
147,82,156
147,83,159
147,84,161
147,85,163
147,86,166
147,87,168
147,88,166
147,89,165
147,90,165
147,91,163
147,92,161
147,93,161
147,94,162
147,95,159
147,96,158
147,97,159
147,98,158
147,99,159
147,100,161
147,101,158
147,102,154
147,103,154
147,104,156
147,105,124
147,106,56
147,107,22
147,108,34
147,109,26
147,110,33
147,111,30
147,112,35
147,113,35
147,114,33
147,115,40
147,116,47
147,117,63
147,118,73
147,119,81
147,120,90
147,121,97
147,122,104
147,123,111
147,124,120
147,125,128
147,126,135
147,127,141
147,128,147
147,129,151
147,130,156
147,131,158
147,132,159
147,133,161
147,134,163
147,135,163
147,136,164
147,137,166
147,138,169
147,139,173
147,140,175
147,141,175
147,142,176
147,143,177
147,144,182
147,145,190
147,146,194
147,147,192
147,148,188
147,149,185
148,0,182
148,1,185
148,2,187
148,3,188
148,4,190
148,5,190
148,6,191
148,7,193
148,8,197
148,9,201
148,10,205
148,11,207
148,12,209
148,13,211
148,14,211
148,15,210
148,16,209
148,17,209
148,18,209
148,19,211
148,20,214
148,21,208
148,22,191
148,23,179
148,24,177
148,25,178
148,26,174
148,27,176
148,28,179
148,29,175
148,30,171
148,31,166
148,32,164
148,33,168
148,34,164
148,35,159
148,36,156
148,37,157
148,38,157
148,39,152
148,40,150
148,41,149
148,42,150
148,43,152
148,44,153
148,45,154
148,46,156
148,47,158
148,48,155
148,49,157
148,50,162
148,51,165
148,52,162
148,53,162
148,54,164
148,55,166
148,56,163
148,57,164
148,58,166
148,59,167
148,60,164
148,61,160
148,62,157
148,63,155
148,64,153
148,65,147
148,66,142
148,67,141
148,68,143
148,69,143
148,70,141
148,71,139
148,72,140
148,73,141
148,74,142
148,75,143
148,76,142
148,77,142
148,78,144
148,79,146
148,80,146
148,81,150
148,82,154
148,83,156
148,84,157
148,85,159
148,86,163
148,87,166
148,88,166
148,89,164
148,90,164
148,91,162
148,92,160
148,93,161
148,94,161
148,95,159
148,96,157
148,97,160
148,98,159
148,99,157
148,100,159
148,101,160
148,102,156
148,103,156
148,104,159
148,105,131
148,106,86
148,107,41
148,108,11
148,109,30
148,110,36
148,111,31
148,112,31
148,113,35
148,114,29
148,115,35
148,116,40
148,117,57
148,118,71
148,119,81
148,120,86
148,121,93
148,122,100
148,123,107
148,124,116
148,125,124
148,126,130
148,127,135
148,128,143
148,129,147
148,130,152
148,131,155
148,132,158
148,133,160
148,134,161
148,135,161
148,136,163
148,137,164
148,138,168
148,139,171
148,140,174
148,141,175
148,142,175
148,143,176
148,144,176
148,145,183
148,146,191
148,147,194
148,148,193
148,149,188
149,0,183
149,1,187
149,2,190
149,3,192
149,4,194
149,5,193
149,6,194
149,7,196
149,8,200
149,9,204
149,10,207
149,11,210
149,12,212
149,13,213
149,14,213
149,15,212
149,16,209
149,17,211
149,18,210
149,19,212
149,20,215
149,21,206
149,22,184
149,23,176
149,24,174
149,25,176
149,26,169
149,27,173
149,28,176
149,29,169
149,30,169
149,31,167
149,32,165
149,33,165
149,34,161
149,35,156
149,36,154
149,37,154
149,38,156
149,39,157
149,40,155
149,41,153
149,42,151
149,43,151
149,44,154
149,45,156
149,46,157
149,47,157
149,48,155
149,49,156
149,50,163
149,51,166
149,52,163
149,53,162
149,54,165
149,55,165
149,56,162
149,57,162
149,58,164
149,59,163
149,60,156
149,61,149
149,62,147
149,63,147
149,64,143
149,65,142
149,66,139
149,67,138
149,68,140
149,69,142
149,70,142
149,71,141
149,72,140
149,73,140
149,74,140
149,75,142
149,76,143
149,77,143
149,78,143
149,79,143
149,80,144
149,81,148
149,82,153
149,83,155
149,84,155
149,85,157
149,86,161
149,87,165
149,88,164
149,89,163
149,90,165
149,91,163
149,92,161
149,93,161
149,94,160
149,95,160
149,96,159
149,97,157
149,98,157
149,99,156
149,100,158
149,101,159
149,102,156
149,103,157
149,104,154
149,105,157
149,106,112
149,107,50
149,108,56
149,109,55
149,110,8
149,111,32
149,112,26
149,113,25
149,114,36
149,115,25
149,116,40
149,117,51
149,118,61
149,119,73
149,120,82
149,121,90
149,122,98
149,123,105
149,124,113
149,125,120
149,126,126
149,127,131
149,128,139
149,129,143
149,130,149
149,131,152
149,132,155
149,133,158
149,134,159
149,135,160
149,136,162
149,137,164
149,138,167
149,139,170
149,140,172
149,141,173
149,142,174
149,143,174
149,144,174
149,145,177
149,146,183
149,147,191
149,148,196
149,149,193
150,0,184
150,1,189
150,2,193
150,3,196
150,4,197
150,5,197
150,6,196
150,7,198
150,8,204
150,9,206
150,10,210
150,11,212
150,12,213
150,13,214
150,14,214
150,15,213
150,16,209
150,17,211
150,18,211
150,19,211
150,20,212
150,21,198
150,22,176
150,23,173
150,24,173
150,25,174
150,26,169
150,27,170
150,28,172
150,29,167
150,30,166
150,31,167
150,32,161
150,33,158
150,34,154
150,35,152
150,36,152
150,37,153
150,38,155
150,39,158
150,40,157
150,41,157
150,42,155
150,43,154
150,44,155
150,45,158
150,46,158
150,47,156
150,48,155
150,49,156
150,50,162
150,51,166
150,52,163
150,53,162
150,54,164
150,55,163
150,56,155
150,57,153
150,58,153
150,59,153
150,60,147
150,61,142
150,62,141
150,63,142
150,64,137
150,65,137
150,66,138
150,67,137
150,68,137
150,69,138
150,70,140
150,71,142
150,72,141
150,73,139
150,74,139
150,75,141
150,76,143
150,77,143
150,78,143
150,79,143
150,80,143
150,81,145
150,82,148
150,83,150
150,84,152
150,85,155
150,86,160
150,87,163
150,88,165
150,89,164
150,90,166
150,91,163
150,92,161
150,93,161
150,94,160
150,95,162
150,96,161
150,97,153
150,98,154
150,99,156
150,100,158
150,101,158
150,102,155
150,103,157
150,104,154
150,105,159
150,106,149
150,107,135
150,108,138
150,109,126
150,110,87
150,111,8
150,112,35
150,113,50
150,114,13
150,115,29
150,116,28
150,117,44
150,118,62
150,119,68
150,120,77
150,121,86
150,122,94
150,123,101
150,124,108
150,125,115
150,126,122
150,127,127
150,128,135
150,129,139
150,130,145
150,131,149
150,132,152
150,133,155
150,134,157
150,135,158
150,136,161
150,137,163
150,138,166
150,139,168
150,140,169
150,141,171
150,142,171
150,143,172
150,144,173
150,145,173
150,146,175
150,147,183
150,148,192
150,149,195
151,0,185
151,1,190
151,2,195
151,3,198
151,4,200
151,5,199
151,6,198
151,7,200
151,8,206
151,9,208
151,10,211
151,11,213
151,12,214
151,13,215
151,14,214
151,15,213
151,16,212
151,17,212
151,18,212
151,19,209
151,20,204
151,21,186
151,22,166
151,23,166
151,24,171
151,25,173
151,26,170
151,27,167
151,28,168
151,29,164
151,30,160
151,31,162
151,32,156
151,33,152
151,34,150
151,35,148
151,36,149
151,37,153
151,38,154
151,39,155
151,40,157
151,41,159
151,42,158
151,43,154
151,44,152
151,45,155
151,46,157
151,47,157
151,48,154
151,49,155
151,50,162
151,51,166
151,52,162
151,53,161
151,54,163
151,55,161
151,56,148
151,57,142
151,58,141
151,59,143
151,60,142
151,61,140
151,62,140
151,63,139
151,64,138
151,65,136
151,66,135
151,67,137
151,68,138
151,69,138
151,70,139
151,71,140
151,72,142
151,73,140
151,74,140
151,75,141
151,76,141
151,77,141
151,78,142
151,79,144
151,80,144
151,81,143
151,82,143
151,83,144
151,84,147
151,85,152
151,86,157
151,87,160
151,88,168
151,89,167
151,90,167
151,91,163
151,92,160
151,93,160
151,94,159
151,95,164
151,96,161
151,97,153
151,98,155
151,99,156
151,100,155
151,101,156
151,102,159
151,103,164
151,104,160
151,105,152
151,106,160
151,107,160
151,108,160
151,109,163
151,110,158
151,111,126
151,112,110
151,113,90
151,114,49
151,115,18
151,116,26
151,117,37
151,118,53
151,119,63
151,120,72
151,121,81
151,122,89
151,123,95
151,124,102
151,125,109
151,126,117
151,127,123
151,128,132
151,129,137
151,130,142
151,131,147
151,132,150
151,133,154
151,134,156
151,135,157
151,136,158
151,137,161
151,138,165
151,139,167
151,140,168
151,141,169
151,142,170
151,143,171
151,144,172
151,145,171
151,146,171
151,147,176
151,148,185
151,149,192
152,0,186
152,1,193
152,2,198
152,3,200
152,4,201
152,5,201
152,6,202
152,7,204
152,8,205
152,9,213
152,10,213
152,11,214
152,12,217
152,13,215
152,14,213
152,15,215
152,16,209
152,17,209
152,18,214
152,19,207
152,20,187
152,21,174
152,22,167
152,23,164
152,24,168
152,25,174
152,26,170
152,27,163
152,28,162
152,29,160
152,30,155
152,31,153
152,32,149
152,33,150
152,34,152
152,35,154
152,36,154
152,37,152
152,38,151
152,39,151
152,40,155
152,41,161
152,42,158
152,43,156
152,44,156
152,45,154
152,46,157
152,47,158
152,48,153
152,49,157
152,50,161
152,51,162
152,52,161
152,53,158
152,54,153
152,55,149
152,56,141
152,57,142
152,58,139
152,59,136
152,60,138
152,61,138
152,62,136
152,63,137
152,64,137
152,65,139
152,66,138
152,67,136
152,68,138
152,69,141
152,70,140
152,71,137
152,72,139
152,73,139
152,74,140
152,75,140
152,76,140
152,77,141
152,78,142
152,79,143
152,80,141
152,81,143
152,82,140
152,83,140
152,84,145
152,85,146
152,86,148
152,87,154
152,88,159
152,89,173
152,90,162
152,91,162
152,92,157
152,93,159
152,94,158
152,95,163
152,96,153
152,97,159
152,98,154
152,99,152
152,100,154
152,101,151
152,102,161
152,103,181
152,104,186
152,105,173
152,106,160
152,107,160
152,108,156
152,109,163
152,110,156
152,111,163
152,112,152
152,113,137
152,114,58
152,115,8
152,116,25
152,117,32
152,118,40
152,119,59
152,120,65
152,121,74
152,122,83
152,123,90
152,124,98
152,125,106
152,126,114
152,127,121
152,128,127
152,129,133
152,130,139
152,131,143
152,132,148
152,133,151
152,134,153
152,135,155
152,136,155
152,137,158
152,138,161
152,139,163
152,140,164
152,141,166
152,142,168
152,143,169
152,144,168
152,145,169
152,146,170
152,147,173
152,148,180
152,149,188
153,0,188
153,1,195
153,2,201
153,3,202
153,4,203
153,5,203
153,6,204
153,7,207
153,8,212
153,9,212
153,10,216
153,11,217
153,12,215
153,13,212
153,14,211
153,15,211
153,16,207
153,17,203
153,18,202
153,19,190
153,20,174
153,21,167
153,22,163
153,23,163
153,24,166
153,25,172
153,26,170
153,27,163
153,28,159
153,29,154
153,30,149
153,31,148
153,32,149
153,33,151
153,34,152
153,35,153
153,36,155
153,37,156
153,38,155
153,39,153
153,40,156
153,41,160
153,42,159
153,43,157
153,44,155
153,45,153
153,46,155
153,47,156
153,48,156
153,49,158
153,50,158
153,51,157
153,52,155
153,53,152
153,54,147
153,55,144
153,56,145
153,57,143
153,58,143
153,59,141
153,60,137
153,61,138
153,62,140
153,63,138
153,64,139
153,65,140
153,66,141
153,67,139
153,68,139
153,69,140
153,70,140
153,71,139
153,72,138
153,73,139
153,74,139
153,75,140
153,76,140
153,77,140
153,78,141
153,79,142
153,80,141
153,81,142
153,82,140
153,83,139
153,84,143
153,85,143
153,86,144
153,87,149
153,88,163
153,89,167
153,90,169
153,91,154
153,92,158
153,93,146
153,94,152
153,95,159
153,96,159
153,97,152
153,98,150
153,99,149
153,100,142
153,101,149
153,102,149
153,103,185
153,104,211
153,105,209
153,106,167
153,107,164
153,108,163
153,109,159
153,110,166
153,111,166
153,112,176
153,113,169
153,114,73
153,115,4
153,116,27
153,117,20
153,118,38
153,119,47
153,120,58
153,121,68
153,122,79
153,123,87
153,124,95
153,125,104
153,126,112
153,127,119
153,128,126
153,129,132
153,130,137
153,131,141
153,132,146
153,133,149
153,134,151
153,135,153
153,136,155
153,137,157
153,138,159
153,139,161
153,140,163
153,141,164
153,142,166
153,143,167
153,144,167
153,145,167
153,146,167
153,147,168
153,148,172
153,149,178
154,0,190
154,1,198
154,2,203
154,3,204
154,4,204
154,5,204
154,6,206
154,7,210
154,8,215
154,9,216
154,10,219
154,11,215
154,12,214
154,13,216
154,14,208
154,15,198
154,16,192
154,17,189
154,18,185
154,19,176
154,20,169
154,21,166
154,22,165
154,23,167
154,24,163
154,25,166
154,26,165
154,27,161
154,28,156
154,29,151
154,30,149
154,31,148
154,32,152
154,33,153
154,34,154
154,35,153
154,36,155
154,37,159
154,38,158
154,39,155
154,40,155
154,41,158
154,42,160
154,43,157
154,44,155
154,45,154
154,46,153
154,47,155
154,48,158
154,49,156
154,50,154
154,51,152
154,52,150
154,53,147
154,54,144
154,55,143
154,56,145
154,57,144
154,58,146
154,59,145
154,60,142
154,61,142
154,62,144
154,63,141
154,64,141
154,65,142
154,66,143
154,67,142
154,68,141
154,69,140
154,70,140
154,71,140
154,72,138
154,73,139
154,74,139
154,75,139
154,76,139
154,77,140
154,78,140
154,79,140
154,80,141
154,81,142
154,82,141
154,83,141
154,84,143
154,85,143
154,86,144
154,87,148
154,88,159
154,89,171
154,90,170
154,91,163
154,92,136
154,93,130
154,94,165
154,95,152
154,96,151
154,97,149
154,98,148
154,99,141
154,100,144
154,101,145
154,102,153
154,103,202
154,104,208
154,105,203
154,106,186
154,107,188
154,108,190
154,109,190
154,110,184
154,111,184
154,112,198
154,113,161
154,114,20
154,115,17
154,116,16
154,117,17
154,118,33
154,119,41
154,120,51
154,121,61
154,122,73
154,123,82
154,124,92
154,125,101
154,126,109
154,127,116
154,128,123
154,129,129
154,130,135
154,131,139
154,132,143
154,133,146
154,134,148
154,135,150
154,136,153
154,137,154
154,138,157
154,139,159
154,140,160
154,141,161
154,142,163
154,143,164
154,144,166
154,145,166
154,146,166
154,147,165
154,148,166
154,149,169
155,0,193
155,1,201
155,2,206
155,3,206
155,4,205
155,5,205
155,6,208
155,7,213
155,8,215
155,9,219
155,10,219
155,11,211
155,12,214
155,13,216
155,14,198
155,15,184
155,16,183
155,17,183
155,18,179
155,19,173
155,20,170
155,21,168
155,22,165
155,23,167
155,24,163
155,25,159
155,26,158
155,27,158
155,28,155
155,29,154
155,30,155
155,31,154
155,32,155
155,33,156
155,34,156
155,35,155
155,36,156
155,37,158
155,38,157
155,39,155
155,40,154
155,41,155
155,42,160
155,43,158
155,44,156
155,45,155
155,46,152
155,47,155
155,48,157
155,49,153
155,50,150
155,51,148
155,52,146
155,53,143
155,54,143
155,55,144
155,56,141
155,57,145
155,58,145
155,59,146
155,60,149
155,61,148
155,62,145
155,63,145
155,64,143
155,65,143
155,66,143
155,67,144
155,68,143
155,69,140
155,70,140
155,71,141
155,72,138
155,73,139
155,74,139
155,75,139
155,76,139
155,77,139
155,78,139
155,79,139
155,80,141
155,81,142
155,82,141
155,83,142
155,84,145
155,85,146
155,86,146
155,87,149
155,88,154
155,89,152
155,90,148
155,91,136
155,92,125
155,93,155
155,94,159
155,95,162
155,96,157
155,97,153
155,98,147
155,99,147
155,100,145
155,101,140
155,102,171
155,103,207
155,104,209
155,105,195
155,106,204
155,107,213
155,108,210
155,109,213
155,110,210
155,111,205
155,112,179
155,113,46
155,114,9
155,115,22
155,116,13
155,117,17
155,118,24
155,119,38
155,120,47
155,121,58
155,122,69
155,123,79
155,124,89
155,125,98
155,126,107
155,127,114
155,128,121
155,129,127
155,130,133
155,131,136
155,132,141
155,133,144
155,134,146
155,135,148
155,136,150
155,137,152
155,138,154
155,139,156
155,140,157
155,141,159
155,142,160
155,143,161
155,144,162
155,145,163
155,146,163
155,147,163
155,148,164
155,149,165
156,0,196
156,1,203
156,2,207
156,3,207
156,4,206
156,5,206
156,6,209
156,7,214
156,8,218
156,9,219
156,10,219
156,11,209
156,12,205
156,13,201
156,14,184
156,15,176
156,16,179
156,17,182
156,18,178
156,19,172
156,20,171
156,21,168
156,22,166
156,23,167
156,24,165
156,25,158
156,26,156
156,27,156
156,28,154
156,29,156
156,30,160
156,31,161
156,32,158
156,33,158
156,34,158
156,35,158
156,36,157
156,37,156
156,38,156
156,39,157
156,40,154
156,41,154
156,42,160
156,43,160
156,44,158
156,45,155
156,46,151
156,47,154
156,48,154
156,49,151
156,50,148
156,51,146
156,52,144
156,53,143
156,54,143
156,55,145
156,56,142
156,57,144
156,58,144
156,59,145
156,60,151
156,61,151
156,62,148
156,63,147
156,64,145
156,65,143
156,66,142
156,67,144
156,68,144
156,69,142
156,70,140
156,71,141
156,72,139
156,73,139
156,74,139
156,75,139
156,76,139
156,77,139
156,78,139
156,79,139
156,80,141
156,81,142
156,82,142
156,83,143
156,84,145
156,85,145
156,86,145
156,87,147
156,88,144
156,89,136
156,90,118
156,91,122
156,92,150
156,93,163
156,94,161
156,95,161
156,96,156
156,97,153
156,98,146
156,99,148
156,100,138
156,101,168
156,102,200
156,103,202
156,104,205
156,105,205
156,106,212
156,107,214
156,108,216
156,109,218
156,110,215
156,111,216
156,112,123
156,113,8
156,114,29
156,115,14
156,116,14
156,117,13
156,118,20
156,119,38
156,120,46
156,121,56
156,122,67
156,123,77
156,124,86
156,125,96
156,126,105
156,127,112
156,128,119
156,129,125
156,130,131
156,131,134
156,132,139
156,133,142
156,134,144
156,135,147
156,136,148
156,137,149
156,138,151
156,139,153
156,140,155
156,141,157
156,142,158
156,143,159
156,144,158
156,145,159
156,146,160
156,147,160
156,148,161
156,149,162
157,0,200
157,1,206
157,2,209
157,3,208
157,4,207
157,5,207
157,6,210
157,7,215
157,8,218
157,9,218
157,10,218
157,11,203
157,12,185
157,13,180
157,14,175
157,15,170
157,16,172
157,17,176
157,18,173
157,19,171
157,20,170
157,21,168
157,22,167
157,23,166
157,24,166
157,25,160
157,26,157
157,27,156
157,28,153
157,29,153
157,30,159
157,31,162
157,32,159
157,33,160
157,34,161
157,35,161
157,36,159
157,37,157
157,38,157
157,39,159
157,40,155
157,41,154
157,42,159
157,43,162
157,44,159
157,45,154
157,46,150
157,47,149
157,48,149
157,49,149
157,50,148
157,51,148
157,52,147
157,53,147
157,54,149
157,55,151
157,56,149
157,57,146
157,58,146
157,59,147
157,60,147
157,61,150
157,62,151
157,63,148
157,64,147
157,65,144
157,66,143
157,67,144
157,68,144
157,69,142
157,70,141
157,71,141
157,72,140
157,73,140
157,74,139
157,75,139
157,76,140
157,77,140
157,78,140
157,79,140
157,80,144
157,81,143
157,82,143
157,83,143
157,84,143
157,85,141
157,86,140
157,87,140
157,88,136
157,89,128
157,90,126
157,91,135
157,92,150
157,93,149
157,94,156
157,95,152
157,96,154
157,97,159
157,98,153
157,99,142
157,100,159
157,101,194
157,102,192
157,103,188
157,104,199
157,105,208
157,106,211
157,107,209
157,108,210
157,109,215
157,110,216
157,111,185
157,112,24
157,113,34
157,114,10
157,115,17
157,116,16
157,117,17
157,118,17
157,119,31
157,120,45
157,121,55
157,122,65
157,123,74
157,124,83
157,125,92
157,126,102
157,127,109
157,128,115
157,129,122
157,130,128
157,131,132
157,132,136
157,133,139
157,134,142
157,135,145
157,136,146
157,137,147
157,138,149
157,139,151
157,140,153
157,141,155
157,142,156
157,143,157
157,144,157
157,145,157
157,146,158
157,147,158
157,148,159
157,149,159
158,0,204
158,1,209
158,2,210
158,3,209
158,4,208
158,5,208
158,6,211
158,7,215
158,8,216
158,9,214
158,10,207
158,11,189
158,12,171
158,13,170
158,14,171
158,15,166
158,16,168
158,17,172
158,18,170
158,19,169
158,20,168
158,21,165
158,22,164
158,23,159
158,24,160
158,25,157
158,26,156
158,27,155
158,28,154
158,29,153
158,30,156
158,31,158
158,32,160
158,33,161
158,34,162
158,35,161
158,36,160
158,37,159
158,38,158
158,39,157
158,40,156
158,41,155
158,42,157
158,43,162
158,44,160
158,45,152
158,46,148
158,47,145
158,48,144
158,49,146
158,50,148
158,51,148
158,52,149
158,53,151
158,54,154
158,55,157
158,56,155
158,57,152
158,58,150
158,59,148
158,60,146
158,61,148
158,62,151
158,63,149
158,64,149
158,65,147
158,66,146
158,67,145
158,68,144
158,69,143
158,70,142
158,71,142
158,72,141
158,73,140
158,74,140
158,75,140
158,76,140
158,77,141
158,78,141
158,79,141
158,80,144
158,81,142
158,82,141
158,83,141
158,84,139
158,85,136
158,86,135
158,87,134
158,88,130
158,89,131
158,90,129
158,91,132
158,92,134
158,93,139
158,94,143
158,95,146
158,96,150
158,97,154
158,98,152
158,99,155
158,100,184
158,101,178
158,102,162
158,103,182
158,104,193
158,105,197
158,106,201
158,107,205
158,108,197
158,109,202
158,110,199
158,111,104
158,112,5
158,113,30
158,114,18
158,115,16
158,116,17
158,117,17
158,118,15
158,119,26
158,120,41
158,121,51
158,122,62
158,123,71
158,124,80
158,125,89
158,126,97
158,127,105
158,128,111
158,129,118
158,130,124
158,131,128
158,132,133
158,133,136
158,134,139
158,135,142
158,136,144
158,137,145
158,138,147
158,139,149
158,140,151
158,141,152
158,142,153
158,143,154
158,144,155
158,145,155
158,146,155
158,147,156
158,148,157
158,149,157
159,0,206
159,1,211
159,2,212
159,3,210
159,4,209
159,5,210
159,6,212
159,7,216
159,8,216
159,9,206
159,10,190
159,11,178
159,12,172
159,13,169
159,14,168
159,15,166
159,16,168
159,17,170
159,18,167
159,19,166
159,20,165
159,21,164
159,22,164
159,23,158
159,24,153
159,25,151
159,26,151
159,27,153
159,28,156
159,29,156
159,30,155
159,31,154
159,32,160
159,33,162
159,34,162
159,35,160
159,36,159
159,37,160
159,38,157
159,39,153
159,40,156
159,41,155
159,42,156
159,43,163
159,44,160
159,45,151
159,46,148
159,47,142
159,48,140
159,49,144
159,50,147
159,51,146
159,52,146
159,53,149
159,54,153
159,55,155
159,56,156
159,57,158
159,58,154
159,59,149
159,60,148
159,61,148
159,62,148
159,63,151
159,64,150
159,65,150
159,66,148
159,67,146
159,68,143
159,69,142
159,70,143
159,71,143
159,72,142
159,73,141
159,74,140
159,75,140
159,76,141
159,77,142
159,78,142
159,79,142
159,80,140
159,81,137
159,82,136
159,83,136
159,84,134
159,85,132
159,86,130
159,87,129
159,88,130
159,89,130
159,90,132
159,91,130
159,92,132
159,93,138
159,94,136
159,95,136
159,96,142
159,97,148
159,98,150
159,99,175
159,100,170
159,101,151
159,102,154
159,103,172
159,104,179
159,105,188
159,106,202
159,107,197
159,108,204
159,109,193
159,110,120
159,111,7
159,112,35
159,113,17
159,114,20
159,115,13
159,116,17
159,117,17
159,118,16
159,119,21
159,120,36
159,121,47
159,122,59
159,123,69
159,124,78
159,125,86
159,126,94
159,127,101
159,128,108
159,129,115
159,130,121
159,131,125
159,132,130
159,133,134
159,134,137
159,135,140
159,136,144
159,137,144
159,138,146
159,139,148
159,140,149
159,141,151
159,142,152
159,143,152
159,144,152
159,145,151
159,146,150
159,147,152
159,148,154
159,149,155
160,0,208
160,1,216
160,2,214
160,3,209
160,4,210
160,5,212
160,6,213
160,7,216
160,8,206
160,9,189
160,10,180
160,11,175
160,12,169
160,13,167
160,14,165
160,15,165
160,16,166
160,17,168
160,18,166
160,19,167
160,20,162
160,21,155
160,22,157
160,23,156
160,24,148
160,25,151
160,26,153
160,27,152
160,28,153
160,29,155
160,30,155
160,31,155
160,32,154
160,33,160
160,34,162
160,35,162
160,36,162
160,37,159
160,38,156
160,39,156
160,40,153
160,41,154
160,42,155
160,43,157
160,44,158
160,45,152
160,46,144
160,47,142
160,48,143
160,49,146
160,50,148
160,51,148
160,52,147
160,53,148
160,54,149
160,55,150
160,56,150
160,57,152
160,58,153
160,59,152
160,60,150
160,61,148
160,62,148
160,63,148
160,64,149
160,65,148
160,66,148
160,67,147
160,68,146
160,69,145
160,70,144
160,71,143
160,72,139
160,73,143
160,74,137
160,75,143
160,76,137
160,77,142
160,78,139
160,79,137
160,80,135
160,81,135
160,82,133
160,83,131
160,84,131
160,85,132
160,86,132
160,87,132
160,88,132
160,89,132
160,90,132
160,91,133
160,92,133
160,93,131
160,94,133
160,95,135
160,96,140
160,97,149
160,98,160
160,99,167
160,100,141
160,101,142
160,102,147
160,103,156
160,104,164
160,105,184
160,106,189
160,107,190
160,108,198
160,109,163
160,110,24
160,111,23
160,112,20
160,113,20
160,114,19
160,115,18
160,116,17
160,117,17
160,118,19
160,119,20
160,120,31
160,121,44
160,122,57
160,123,67
160,124,76
160,125,84
160,126,91
160,127,97
160,128,103
160,129,111
160,130,117
160,131,122
160,132,127
160,133,130
160,134,134
160,135,137
160,136,140
160,137,142
160,138,144
160,139,145
160,140,146
160,141,148
160,142,148
160,143,148
160,144,149
160,145,149
160,146,150
160,147,151
160,148,151
160,149,151
161,0,213
161,1,215
161,2,213
161,3,210
161,4,210
161,5,210
161,6,207
161,7,205
161,8,188
161,9,179
161,10,178
161,11,176
161,12,171
161,13,166
161,14,163
161,15,163
161,16,166
161,17,166
161,18,163
161,19,163
161,20,162
161,21,159
161,22,157
161,23,153
161,24,151
161,25,152
161,26,153
161,27,155
161,28,156
161,29,156
161,30,157
161,31,158
161,32,155
161,33,158
161,34,161
161,35,162
161,36,162
161,37,160
161,38,157
161,39,157
161,40,154
161,41,154
161,42,152
161,43,153
161,44,155
161,45,151
161,46,144
161,47,142
161,48,143
161,49,147
161,50,150
161,51,151
161,52,150
161,53,150
161,54,149
161,55,148
161,56,150
161,57,151
161,58,153
161,59,152
161,60,151
161,61,149
161,62,149
161,63,150
161,64,149
161,65,148
161,66,148
161,67,147
161,68,147
161,69,146
161,70,144
161,71,144
161,72,142
161,73,144
161,74,138
161,75,142
161,76,142
161,77,139
161,78,136
161,79,138
161,80,134
161,81,135
161,82,134
161,83,134
161,84,134
161,85,135
161,86,135
161,87,134
161,88,136
161,89,133
161,90,132
161,91,132
161,92,132
161,93,131
161,94,132
161,95,137
161,96,141
161,97,156
161,98,164
161,99,139
161,100,140
161,101,141
161,102,143
161,103,145
161,104,152
161,105,157
161,106,178
161,107,178
161,108,163
161,109,86
161,110,4
161,111,31
161,112,19
161,113,19
161,114,18
161,115,18
161,116,18
161,117,19
161,118,21
161,119,22
161,120,30
161,121,42
161,122,55
161,123,66
161,124,76
161,125,84
161,126,90
161,127,96
161,128,101
161,129,108
161,130,115
161,131,119
161,132,124
161,133,128
161,134,132
161,135,136
161,136,139
161,137,141
161,138,142
161,139,143
161,140,144
161,141,145
161,142,146
161,143,145
161,144,147
161,145,147
161,146,147
161,147,148
161,148,148
161,149,148
162,0,216
162,1,219
162,2,216
162,3,213
162,4,212
162,5,206
162,6,194
162,7,186
162,8,172
162,9,169
162,10,172
162,11,175
162,12,173
162,13,168
162,14,162
162,15,162
162,16,162
162,17,161
162,18,161
162,19,159
162,20,161
162,21,163
162,22,159
162,23,155
162,24,156
162,25,154
162,26,154
162,27,157
162,28,158
162,29,157
162,30,157
162,31,159
162,32,157
162,33,157
162,34,159
162,35,162
162,36,162
162,37,160
162,38,158
162,39,155
162,40,153
162,41,150
162,42,148
162,43,148
162,44,151
162,45,149
162,46,146
162,47,145
162,48,149
162,49,152
162,50,156
162,51,157
162,52,156
162,53,154
162,54,151
162,55,150
162,56,150
162,57,150
162,58,151
162,59,151
162,60,151
162,61,150
162,62,150
162,63,150
162,64,149
162,65,148
162,66,148
162,67,147
162,68,147
162,69,146
162,70,145
162,71,144
162,72,140
162,73,141
162,74,143
162,75,140
162,76,139
162,77,135
162,78,135
162,79,130
162,80,135
162,81,136
162,82,136
162,83,136
162,84,137
162,85,138
162,86,137
162,87,136
162,88,134
162,89,137
162,90,139
162,91,132
162,92,131
162,93,134
162,94,132
162,95,134
162,96,149
162,97,177
162,98,149
162,99,140
162,100,144
162,101,145
162,102,136
162,103,144
162,104,144
162,105,151
162,106,153
162,107,159
162,108,91
162,109,6
162,110,29
162,111,16
162,112,19
162,113,18
162,114,18
162,115,18
162,116,20
162,117,22
162,118,24
162,119,25
162,120,31
162,121,41
162,122,53
162,123,65
162,124,76
162,125,85
162,126,90
162,127,95
162,128,99
162,129,106
162,130,112
162,131,116
162,132,121
162,133,125
162,134,129
162,135,134
162,136,138
162,137,139
162,138,140
162,139,140
162,140,140
162,141,141
162,142,142
162,143,142
162,144,144
162,145,144
162,146,144
162,147,144
162,148,144
162,149,144
163,0,217
163,1,219
163,2,210
163,3,202
163,4,201
163,5,195
163,6,181
163,7,174
163,8,169
163,9,165
163,10,166
163,11,169
163,12,173
163,13,171
163,14,164
163,15,163
163,16,158
163,17,157
163,18,160
163,19,157
163,20,157
163,21,161
163,22,159
163,23,161
163,24,160
163,25,158
163,26,157
163,27,158
163,28,159
163,29,159
163,30,158
163,31,158
163,32,159
163,33,157
163,34,159
163,35,160
163,36,160
163,37,160
163,38,158
163,39,153
163,40,150
163,41,148
163,42,145
163,43,145
163,44,146
163,45,146
163,46,146
163,47,146
163,48,153
163,49,154
163,50,156
163,51,157
163,52,157
163,53,156
163,54,155
163,55,154
163,56,150
163,57,150
163,58,150
163,59,150
163,60,151
163,61,150
163,62,149
163,63,148
163,64,148
163,65,148
163,66,147
163,67,147
163,68,147
163,69,146
163,70,145
163,71,144
163,72,145
163,73,139
163,74,139
163,75,140
163,76,140
163,77,133
163,78,136
163,79,140
163,80,138
163,81,138
163,82,138
163,83,137
163,84,137
163,85,138
163,86,137
163,87,136
163,88,138
163,89,133
163,90,135
163,91,135
163,92,137
163,93,139
163,94,143
163,95,157
163,96,182
163,97,164
163,98,139
163,99,140
163,100,141
163,101,139
163,102,132
163,103,120
163,104,109
163,105,106
163,106,110
163,107,75
163,108,9
163,109,19
163,110,23
163,111,20
163,112,19
163,113,19
163,114,19
163,115,20
163,116,23
163,117,26
163,118,28
163,119,28
163,120,33
163,121,41
163,122,52
163,123,64
163,124,77
163,125,86
163,126,91
163,127,94
163,128,100
163,129,107
163,130,112
163,131,116
163,132,120
163,133,124
163,134,129
163,135,133
163,136,136
163,137,138
163,138,138
163,139,138
163,140,137
163,141,138
163,142,139
163,143,140
163,144,142
163,145,142
163,146,142
163,147,141
163,148,141
163,149,141
164,0,218
164,1,205
164,2,191
164,3,184
164,4,182
164,5,180
164,6,177
164,7,174
164,8,171
164,9,166
164,10,164
164,11,164
164,12,168
164,13,168
164,14,163
164,15,162
164,16,158
164,17,156
164,18,158
164,19,156
164,20,155
164,21,156
164,22,156
164,23,161
164,24,161
164,25,161
164,26,160
164,27,160
164,28,161
164,29,162
164,30,161
164,31,159
164,32,158
164,33,158
164,34,159
164,35,158
164,36,157
164,37,161
164,38,159
164,39,151
164,40,150
164,41,147
164,42,145
164,43,144
164,44,143
164,45,143
164,46,143
164,47,144
164,48,147
164,49,147
164,50,148
164,51,150
164,52,153
164,53,154
164,54,155
164,55,156
164,56,152
164,57,151
164,58,151
164,59,151
164,60,151
164,61,151
164,62,149
164,63,148
164,64,149
164,65,148
164,66,147
164,67,147
164,68,148
164,69,147
164,70,145
164,71,144
164,72,138
164,73,144
164,74,140
164,75,135
164,76,136
164,77,141
164,78,139
164,79,140
164,80,140
164,81,141
164,82,140
164,83,138
164,84,137
164,85,136
164,86,136
164,87,135
164,88,135
164,89,134
164,90,138
164,91,138
164,92,136
164,93,140
164,94,151
164,95,167
164,96,165
164,97,138
164,98,112
164,99,101
164,100,94
164,101,79
164,102,77
164,103,36
164,104,5
164,105,4
164,106,5
164,107,7
164,108,25
164,109,24
164,110,22
164,111,19
164,112,20
164,113,20
164,114,21
164,115,23
164,116,26
164,117,29
164,118,31
164,119,32
164,120,35
164,121,42
164,122,52
164,123,64
164,124,77
164,125,85
164,126,90
164,127,93
164,128,102
164,129,109
164,130,114
164,131,118
164,132,122
164,133,126
164,134,130
164,135,133
164,136,134
164,137,136
164,138,136
164,139,135
164,140,135
164,141,136
164,142,137
164,143,138
164,144,139
164,145,139
164,146,139
164,147,139
164,148,138
164,149,138
165,0,215
165,1,190
165,2,181
165,3,183
165,4,178
165,5,176
165,6,178
165,7,174
165,8,171
165,9,166
165,10,165
165,11,163
165,12,162
165,13,163
165,14,160
165,15,160
165,16,158
165,17,155
165,18,155
165,19,155
165,20,155
165,21,155
165,22,155
165,23,159
165,24,160
165,25,162
165,26,162
165,27,162
165,28,162
165,29,164
165,30,164
165,31,162
165,32,157
165,33,158
165,34,158
165,35,157
165,36,157
165,37,160
165,38,159
165,39,153
165,40,148
165,41,146
165,42,145
165,43,146
165,44,145
165,45,145
165,46,146
165,47,147
165,48,145
165,49,144
165,50,145
165,51,147
165,52,150
165,53,151
165,54,152
165,55,152
165,56,153
165,57,153
165,58,152
165,59,152
165,60,152
165,61,151
165,62,149
165,63,148
165,64,149
165,65,148
165,66,147
165,67,147
165,68,148
165,69,147
165,70,145
165,71,143
165,72,141
165,73,138
165,74,136
165,75,131
165,76,122
165,77,127
165,78,131
165,79,134
165,80,140
165,81,142
165,82,144
165,83,142
165,84,140
165,85,139
165,86,139
165,87,139
165,88,136
165,89,135
165,90,134
165,91,135
165,92,142
165,93,155
165,94,158
165,95,150
165,96,127
165,97,82
165,98,45
165,99,20
165,100,5
165,101,4
165,102,2
165,103,15
165,104,28
165,105,29
165,106,25
165,107,25
165,108,21
165,109,22
165,110,19
165,111,19
165,112,21
165,113,22
165,114,23
165,115,26
165,116,29
165,117,32
165,118,34
165,119,35
165,120,37
165,121,43
165,122,52
165,123,63
165,124,74
165,125,82
165,126,87
165,127,92
165,128,103
165,129,110
165,130,116
165,131,120
165,132,124
165,133,128
165,134,131
165,135,134
165,136,133
165,137,135
165,138,136
165,139,135
165,140,134
165,141,135
165,142,136
165,143,137
165,144,138
165,145,137
165,146,137
165,147,136
165,148,136
165,149,136
166,0,199
166,1,183
166,2,180
166,3,186
166,4,181
166,5,177
166,6,177
166,7,175
166,8,171
166,9,167
166,10,168
166,11,165
166,12,160
166,13,161
166,14,160
166,15,159
166,16,159
166,17,158
166,18,156
166,19,157
166,20,158
166,21,157
166,22,158
166,23,157
166,24,158
166,25,160
166,26,162
166,27,163
166,28,163
166,29,164
166,30,164
166,31,163
166,32,159
166,33,160
166,34,159
166,35,158
166,36,158
166,37,157
166,38,156
166,39,155
166,40,150
166,41,146
166,42,147
166,43,150
166,44,151
166,45,154
166,46,156
166,47,155
166,48,151
166,49,149
166,50,147
166,51,148
166,52,150
166,53,150
166,54,149
166,55,149
166,56,152
166,57,152
166,58,151
166,59,151
166,60,151
166,61,151
166,62,149
166,63,148
166,64,147
166,65,146
166,66,146
166,67,146
166,68,146
166,69,145
166,70,143
166,71,141
166,72,138
166,73,141
166,74,132
166,75,92
166,76,66
166,77,75
166,78,103
166,79,121
166,80,138
166,81,144
166,82,150
166,83,151
166,84,150
166,85,148
166,86,148
166,87,148
166,88,150
166,89,149
166,90,148
166,91,149
166,92,142
166,93,141
166,94,145
166,95,135
166,96,87
166,97,64
166,98,46
166,99,30
166,100,26
166,101,27
166,102,29
166,103,22
166,104,22
166,105,20
166,106,21
166,107,21
166,108,19
166,109,22
166,110,23
166,111,20
166,112,21
166,113,23
166,114,26
166,115,29
166,116,32
166,117,35
166,118,37
166,119,38
166,120,39
166,121,45
166,122,53
166,123,63
166,124,73
166,125,79
166,126,85
166,127,91
166,128,102
166,129,110
166,130,117
166,131,121
166,132,126
166,133,129
166,134,131
166,135,134
166,136,134
166,137,137
166,138,138
166,139,137
166,140,136
166,141,136
166,142,137
166,143,138
166,144,137
166,145,137
166,146,136
166,147,136
166,148,135
166,149,135
167,0,182
167,1,180
167,2,177
167,3,176
167,4,175
167,5,173
167,6,175
167,7,180
167,8,174
167,9,169
167,10,170
167,11,167
167,12,161
167,13,163
167,14,162
167,15,160
167,16,161
167,17,165
167,18,162
167,19,161
167,20,160
167,21,158
167,22,159
167,23,155
167,24,158
167,25,158
167,26,160
167,27,163
167,28,163
167,29,161
167,30,161
167,31,162
167,32,162
167,33,161
167,34,160
167,35,159
167,36,159
167,37,154
167,38,152
167,39,156
167,40,155
167,41,150
167,42,150
167,43,154
167,44,157
167,45,161
167,46,162
167,47,160
167,48,157
167,49,153
167,50,149
167,51,149
167,52,150
167,53,150
167,54,150
167,55,151
167,56,150
167,57,150
167,58,150
167,59,150
167,60,150
167,61,150
167,62,149
167,63,148
167,64,145
167,65,144
167,66,143
167,67,143
167,68,144
167,69,143
167,70,140
167,71,138
167,72,141
167,73,126
167,74,86
167,75,41
167,76,59
167,77,81
167,78,104
167,79,124
167,80,137
167,81,146
167,82,155
167,83,159
167,84,159
167,85,157
167,86,156
167,87,156
167,88,156
167,89,154
167,90,152
167,91,153
167,92,143
167,93,135
167,94,129
167,95,106
167,96,78
167,97,61
167,98,38
167,99,24
167,100,23
167,101,15
167,102,22
167,103,20
167,104,19
167,105,21
167,106,20
167,107,22
167,108,22
167,109,21
167,110,21
167,111,23
167,112,21
167,113,23
167,114,27
167,115,31
167,116,33
167,117,36
167,118,38
167,119,40
167,120,41
167,121,47
167,122,55
167,123,64
167,124,73
167,125,78
167,126,85
167,127,92
167,128,100
167,129,108
167,130,116
167,131,121
167,132,126
167,133,129
167,134,131
167,135,134
167,136,137
167,137,139
167,138,141
167,139,140
167,140,138
167,141,138
167,142,139
167,143,139
167,144,138
167,145,138
167,146,137
167,147,137
167,148,136
167,149,136
168,0,169
168,1,169
168,2,170
168,3,169
168,4,166
168,5,164
168,6,170
168,7,178
168,8,178
168,9,172
168,10,168
168,11,167
168,12,166
168,13,163
168,14,162
168,15,163
168,16,159
168,17,160
168,18,162
168,19,164
168,20,164
168,21,161
168,22,158
168,23,158
168,24,157
168,25,158
168,26,160
168,27,163
168,28,163
168,29,162
168,30,162
168,31,164
168,32,162
168,33,162
168,34,162
168,35,161
168,36,158
168,37,155
168,38,151
168,39,149
168,40,148
168,41,150
168,42,154
168,43,157
168,44,158
168,45,159
168,46,159
168,47,160
168,48,159
168,49,157
168,50,154
168,51,152
168,52,152
168,53,152
168,54,152
168,55,152
168,56,147
168,57,153
168,58,151
168,59,148
168,60,149
168,61,149
168,62,147
168,63,147
168,64,142
168,65,144
168,66,142
168,67,145
168,68,141
168,69,139
168,70,141
168,71,131
168,72,102
168,73,62
168,74,33
168,75,47
168,76,72
168,77,90
168,78,113
168,79,127
168,80,141
168,81,150
168,82,156
168,83,157
168,84,158
168,85,159
168,86,157
168,87,156
168,88,152
168,89,155
168,90,154
168,91,149
168,92,139
168,93,129
168,94,114
168,95,92
168,96,70
168,97,50
168,98,28
168,99,20
168,100,21
168,101,22
168,102,20
168,103,20
168,104,20
168,105,20
168,106,21
168,107,21
168,108,21
168,109,21
168,110,22
168,111,22
168,112,21
168,113,24
168,114,29
168,115,33
168,116,35
168,117,38
168,118,41
168,119,43
168,120,44
168,121,48
168,122,56
168,123,64
168,124,71
168,125,78
168,126,85
168,127,90
168,128,99
168,129,107
168,130,114
168,131,119
168,132,124
168,133,127
168,134,129
168,135,132
168,136,133
168,137,137
168,138,141
168,139,143
168,140,143
168,141,142
168,142,142
168,143,143
168,144,140
168,145,140
168,146,140
168,147,139
168,148,137
168,149,136
169,0,165
169,1,165
169,2,168
169,3,172
169,4,171
169,5,166
169,6,165
169,7,168
169,8,177
169,9,174
169,10,170
169,11,167
169,12,166
169,13,164
169,14,162
169,15,162
169,16,158
169,17,157
169,18,159
169,19,162
169,20,164
169,21,163
169,22,162
169,23,161
169,24,160
169,25,158
169,26,158
169,27,161
169,28,163
169,29,163
169,30,162
169,31,162
169,32,162
169,33,162
169,34,162
169,35,160
169,36,158
169,37,155
169,38,152
169,39,151
169,40,147
169,41,149
169,42,151
169,43,154
169,44,156
169,45,156
169,46,156
169,47,156
169,48,159
169,49,157
169,50,155
169,51,154
169,52,154
169,53,153
169,54,153
169,55,152
169,56,156
169,57,150
169,58,148
169,59,150
169,60,149
169,61,147
169,62,144
169,63,140
169,64,145
169,65,144
169,66,139
169,67,143
169,68,141
169,69,135
169,70,119
169,71,82
169,72,35
169,73,34
169,74,41
169,75,60
169,76,80
169,77,100
169,78,121
169,79,133
169,80,144
169,81,152
169,82,157
169,83,157
169,84,158
169,85,158
169,86,157
169,87,156
169,88,154
169,89,155
169,90,153
169,91,147
169,92,136
169,93,125
169,94,108
169,95,85
169,96,61
169,97,42
169,98,24
169,99,20
169,100,21
169,101,22
169,102,21
169,103,21
169,104,21
169,105,21
169,106,22
169,107,21
169,108,21
169,109,21
169,110,21
169,111,21
169,112,22
169,113,25
169,114,30
169,115,33
169,116,36
169,117,39
169,118,41
169,119,43
169,120,45
169,121,49
169,122,56
169,123,64
169,124,71
169,125,78
169,126,84
169,127,89
169,128,99
169,129,107
169,130,114
169,131,119
169,132,124
169,133,127
169,134,129
169,135,132
169,136,134
169,137,137
169,138,140
169,139,142
169,140,142
169,141,141
169,142,141
169,143,142
169,144,147
169,145,146
169,146,143
169,147,142
169,148,142
169,149,142
170,0,165
170,1,162
170,2,163
170,3,170
170,4,173
170,5,168
170,6,163
170,7,162
170,8,171
170,9,172
170,10,172
170,11,169
170,12,165
170,13,163
170,14,162
170,15,160
170,16,158
170,17,157
170,18,157
170,19,160
170,20,163
170,21,165
170,22,165
170,23,164
170,24,163
170,25,159
170,26,157
170,27,158
170,28,162
170,29,163
170,30,162
170,31,160
170,32,161
170,33,161
170,34,160
170,35,158
170,36,156
170,37,154
170,38,152
170,39,152
170,40,151
170,41,150
170,42,150
170,43,151
170,44,152
170,45,154
170,46,155
170,47,155
170,48,156
170,49,156
170,50,155
170,51,155
170,52,155
170,53,154
170,54,153
170,55,152
170,56,152
170,57,149
170,58,149
170,59,150
170,60,146
170,61,144
170,62,146
170,63,145
170,64,143
170,65,144
170,66,143
170,67,140
170,68,134
170,69,99
170,70,51
170,71,35
170,72,36
170,73,36
170,74,47
170,75,64
170,76,84
170,77,105
170,78,124
170,79,137
170,80,148
170,81,155
170,82,159
170,83,158
170,84,158
170,85,158
170,86,157
170,87,156
170,88,155
170,89,156
170,90,152
170,91,144
170,92,133
170,93,119
170,94,99
170,95,75
170,96,51
170,97,33
170,98,21
170,99,21
170,100,21
170,101,21
170,102,22
170,103,21
170,104,21
170,105,22
170,106,22
170,107,22
170,108,22
170,109,22
170,110,22
170,111,22
170,112,23
170,113,26
170,114,31
170,115,34
170,116,37
170,117,40
170,118,42
170,119,44
170,120,47
170,121,50
170,122,57
170,123,65
170,124,71
170,125,77
170,126,83
170,127,87
170,128,98
170,129,105
170,130,112
170,131,117
170,132,122
170,133,126
170,134,128
170,135,131
170,136,134
170,137,136
170,138,139
170,139,140
170,140,140
170,141,141
170,142,142
170,143,143
170,144,143
170,145,144
170,146,145
170,147,145
170,148,145
170,149,144
171,0,168
171,1,163
171,2,160
171,3,164
171,4,169
171,5,170
171,6,167
171,7,164
171,8,161
171,9,166
171,10,171
171,11,170
171,12,165
171,13,161
171,14,160
171,15,161
171,16,160
171,17,159
171,18,158
171,19,159
171,20,161
171,21,163
171,22,164
171,23,164
171,24,164
171,25,162
171,26,159
171,27,158
171,28,160
171,29,161
171,30,160
171,31,160
171,32,160
171,33,160
171,34,159
171,35,157
171,36,154
171,37,152
171,38,151
171,39,151
171,40,151
171,41,151
171,42,150
171,43,151
171,44,153
171,45,154
171,46,153
171,47,152
171,48,153
171,49,153
171,50,154
171,51,154
171,52,155
171,53,154
171,54,153
171,55,152
171,56,150
171,57,149
171,58,147
171,59,145
171,60,144
171,61,143
171,62,142
171,63,144
171,64,144
171,65,146
171,66,136
171,67,111
171,68,73
171,69,41
171,70,35
171,71,40
171,72,39
171,73,38
171,74,54
171,75,75
171,76,96
171,77,114
171,78,128
171,79,144
171,80,151
171,81,157
171,82,159
171,83,158
171,84,158
171,85,158
171,86,156
171,87,156
171,88,156
171,89,156
171,90,150
171,91,141
171,92,129
171,93,113
171,94,92
171,95,67
171,96,45
171,97,29
171,98,21
171,99,22
171,100,21
171,101,21
171,102,22
171,103,21
171,104,21
171,105,22
171,106,23
171,107,23
171,108,23
171,109,23
171,110,24
171,111,24
171,112,24
171,113,27
171,114,31
171,115,34
171,116,37
171,117,40
171,118,43
171,119,45
171,120,47
171,121,50
171,122,56
171,123,64
171,124,71
171,125,77
171,126,82
171,127,86
171,128,96
171,129,103
171,130,110
171,131,115
171,132,120
171,133,123
171,134,126
171,135,130
171,136,133
171,137,134
171,138,136
171,139,138
171,140,140
171,141,141
171,142,143
171,143,144
171,144,144
171,145,145
171,146,146
171,147,146
171,148,145
171,149,145
172,0,168
172,1,166
172,2,164
172,3,162
172,4,163
172,5,166
172,6,168
172,7,168
172,8,160
172,9,162
172,10,165
172,11,167
172,12,164
172,13,160
172,14,160
172,15,162
172,16,162
172,17,162
172,18,161
172,19,160
172,20,159
172,21,160
172,22,162
172,23,163
172,24,164
172,25,164
172,26,163
172,27,160
172,28,158
172,29,158
172,30,159
172,31,160
172,32,159
172,33,159
172,34,158
172,35,156
172,36,153
172,37,151
172,38,150
172,39,150
172,40,154
172,41,155
172,42,156
172,43,158
172,44,160
172,45,159
172,46,156
172,47,153
172,48,153
172,49,153
172,50,153
172,51,154
172,52,154
172,53,153
172,54,151
172,55,150
172,56,149
172,57,148
172,58,145
172,59,143
172,60,145
172,61,145
172,62,145
172,63,145
172,64,133
172,65,113
172,66,92
172,67,51
172,68,28
172,69,37
172,70,39
172,71,40
172,72,41
172,73,47
172,74,64
172,75,82
172,76,102
172,77,121
172,78,134
172,79,146
172,80,153
172,81,157
172,82,158
172,83,157
172,84,158
172,85,157
172,86,156
172,87,156
172,88,156
172,89,155
172,90,147
172,91,138
172,92,126
172,93,109
172,94,85
172,95,61
172,96,40
172,97,26
172,98,21
172,99,23
172,100,21
172,101,20
172,102,22
172,103,21
172,104,21
172,105,22
172,106,23
172,107,24
172,108,24
172,109,24
172,110,24
172,111,25
172,112,24
172,113,27
172,114,30
172,115,34
172,116,37
172,117,40
172,118,44
172,119,46
172,120,48
172,121,50
172,122,54
172,123,62
172,124,70
172,125,76
172,126,81
172,127,85
172,128,95
172,129,101
172,130,107
172,131,112
172,132,117
172,133,121
172,134,125
172,135,128
172,136,131
172,137,132
172,138,134
172,139,136
172,140,138
172,141,141
172,142,142
172,143,143
172,144,147
172,145,146
172,146,144
172,147,143
172,148,144
172,149,144
173,0,163
173,1,167
173,2,168
173,3,165
173,4,161
173,5,161
173,6,164
173,7,167
173,8,164
173,9,161
173,10,160
173,11,162
173,12,163
173,13,161
173,14,161
173,15,163
173,16,163
173,17,164
173,18,163
173,19,161
173,20,159
173,21,160
173,22,161
173,23,162
173,24,163
173,25,165
173,26,165
173,27,162
173,28,159
173,29,157
173,30,158
173,31,159
173,32,158
173,33,158
173,34,158
173,35,156
173,36,154
173,37,152
173,38,152
173,39,153
173,40,159
173,41,159
173,42,159
173,43,159
173,44,160
173,45,160
173,46,158
173,47,157
173,48,155
173,49,154
173,50,154
173,51,153
173,52,152
173,53,150
173,54,149
173,55,148
173,56,144
173,57,145
173,58,147
173,59,146
173,60,143
173,61,143
173,62,127
173,63,101
173,64,78
173,65,42
173,66,30
173,67,42
173,68,40
173,69,38
173,70,43
173,71,37
173,72,43
173,73,53
173,74,70
173,75,90
173,76,111
173,77,129
173,78,139
173,79,147
173,80,154
173,81,157
173,82,158
173,83,157
173,84,158
173,85,157
173,86,156
173,87,156
173,88,155
173,89,153
173,90,145
173,91,135
173,92,122
173,93,102
173,94,78
173,95,55
173,96,34
173,97,24
173,98,21
173,99,22
173,100,21
173,101,21
173,102,22
173,103,23
173,104,23
173,105,24
173,106,25
173,107,25
173,108,24
173,109,24
173,110,24
173,111,24
173,112,26
173,113,27
173,114,30
173,115,33
173,116,36
173,117,40
173,118,44
173,119,46
173,120,48
173,121,49
173,122,52
173,123,59
173,124,67
173,125,75
173,126,80
173,127,84
173,128,92
173,129,99
173,130,105
173,131,109
173,132,114
173,133,119
173,134,123
173,135,127
173,136,129
173,137,130
173,138,132
173,139,134
173,140,136
173,141,138
173,142,139
173,143,139
173,144,143
173,145,146
173,146,147
173,147,147
173,148,144
173,149,141
174,0,163
174,1,164
174,2,167
174,3,167
174,4,164
174,5,162
174,6,161
174,7,163
174,8,164
174,9,161
174,10,158
174,11,159
174,12,161
174,13,161
174,14,162
174,15,163
174,16,165
174,17,165
174,18,164
174,19,162
174,20,161
174,21,161
174,22,161
174,23,160
174,24,162
174,25,164
174,26,165
174,27,163
174,28,162
174,29,160
174,30,159
174,31,157
174,32,156
174,33,156
174,34,156
174,35,155
174,36,154
174,37,154
174,38,155
174,39,157
174,40,158
174,41,157
174,42,155
174,43,154
174,44,154
174,45,154
174,46,154
174,47,155
174,48,155
174,49,154
174,50,153
174,51,151
174,52,149
174,53,148
174,54,147
174,55,147
174,56,144
174,57,144
174,58,144
174,59,137
174,60,125
174,61,109
174,62,75
174,63,34
174,64,27
174,65,34
174,66,40
174,67,35
174,68,37
174,69,40
174,70,39
174,71,47
174,72,48
174,73,60
174,74,76
174,75,96
174,76,114
174,77,128
174,78,143
174,79,154
174,80,155
174,81,158
174,82,158
174,83,157
174,84,158
174,85,157
174,86,155
174,87,155
174,88,154
174,89,152
174,90,142
174,91,131
174,92,116
174,93,95
174,94,70
174,95,48
174,96,28
174,97,24
174,98,22
174,99,22
174,100,23
174,101,22
174,102,23
174,103,25
174,104,25
174,105,26
174,106,27
174,107,27
174,108,27
174,109,27
174,110,26
174,111,27
174,112,27
174,113,28
174,114,30
174,115,32
174,116,36
174,117,40
174,118,44
174,119,46
174,120,49
174,121,48
174,122,50
174,123,56
174,124,65
174,125,73
174,126,79
174,127,83
174,128,89
174,129,95
174,130,101
174,131,105
174,132,110
174,133,115
174,134,119
174,135,123
174,136,126
174,137,126
174,138,128
174,139,131
174,140,133
174,141,135
174,142,135
174,143,135
174,144,127
174,145,132
174,146,137
174,147,141
174,148,142
174,149,143
175,0,166
175,1,162
175,2,161
175,3,166
175,4,169
175,5,165
175,6,161
175,7,160
175,8,159
175,9,160
175,10,160
175,11,159
175,12,159
175,13,161
175,14,162
175,15,163
175,16,167
175,17,167
175,18,165
175,19,163
175,20,162
175,21,162
175,22,161
175,23,159
175,24,162
175,25,163
175,26,163
175,27,164
175,28,164
175,29,164
175,30,160
175,31,155
175,32,154
175,33,154
175,34,154
175,35,153
175,36,153
175,37,154
175,38,157
175,39,159
175,40,156
175,41,157
175,42,157
175,43,157
175,44,156
175,45,154
175,46,153
175,47,152
175,48,153
175,49,152
175,50,150
175,51,148
175,52,147
175,53,146
175,54,147
175,55,147
175,56,146
175,57,143
175,58,137
175,59,121
175,60,93
175,61,63
175,62,43
175,63,35
175,64,38
175,65,38
175,66,36
175,67,38
175,68,40
175,69,41
175,70,45
175,71,46
175,72,50
175,73,67
175,74,84
175,75,105
175,76,124
175,77,136
175,78,147
175,79,151
175,80,156
175,81,158
175,82,158
175,83,158
175,84,158
175,85,157
175,86,155
175,87,155
175,88,153
175,89,152
175,90,141
175,91,128
175,92,112
175,93,90
175,94,65
175,95,43
175,96,26
175,97,25
175,98,23
175,99,23
175,100,24
175,101,24
175,102,24
175,103,26
175,104,27
175,105,28
175,106,29
175,107,29
175,108,30
175,109,30
175,110,30
175,111,30
175,112,29
175,113,29
175,114,30
175,115,32
175,116,35
175,117,39
175,118,43
175,119,46
175,120,50
175,121,48
175,122,49
175,123,55
175,124,63
175,125,72
175,126,78
175,127,82
175,128,86
175,129,92
175,130,97
175,131,101
175,132,106
175,133,111
175,134,116
175,135,120
175,136,122
175,137,123
175,138,125
175,139,128
175,140,131
175,141,133
175,142,133
175,143,133
175,144,126
175,145,122
175,146,120
175,147,123
175,148,130
175,149,135
176,0,167
176,1,168
176,2,163
176,3,161
176,4,167
176,5,171
176,6,167
176,7,163
176,8,157
176,9,159
176,10,160
176,11,161
176,12,160
176,13,160
176,14,160
176,15,160
176,16,164
176,17,165
176,18,165
176,19,164
176,20,163
176,21,162
176,22,161
176,23,161
176,24,157
176,25,162
176,26,166
176,27,165
176,28,164
176,29,165
176,30,164
176,31,161
176,32,154
176,33,153
176,34,153
176,35,152
176,36,152
176,37,152
176,38,154
176,39,155
176,40,154
176,41,154
176,42,155
176,43,154
176,44,152
176,45,151
176,46,152
176,47,153
176,48,153
176,49,151
176,50,149
176,51,148
176,52,148
176,53,147
176,54,146
176,55,145
176,56,142
176,57,137
176,58,127
176,59,107
176,60,79
176,61,53
176,62,38
176,63,35
176,64,36
176,65,39
176,66,38
176,67,41
176,68,42
176,69,43
176,70,48
176,71,48
176,72,56
176,73,74
176,74,92
176,75,111
176,76,127
176,77,138
176,78,149
176,79,154
176,80,157
176,81,159
176,82,158
176,83,156
176,84,157
176,85,156
176,86,154
176,87,155
176,88,153
176,89,146
176,90,136
176,91,123
176,92,104
176,93,82
176,94,58
176,95,39
176,96,25
176,97,24
176,98,23
176,99,23
176,100,24
176,101,26
176,102,28
176,103,29
176,104,30
176,105,31
176,106,32
176,107,33
176,108,34
176,109,34
176,110,34
176,111,34
176,112,33
176,113,34
176,114,32
176,115,32
176,116,35
176,117,37
176,118,40
176,119,44
176,120,48
176,121,51
176,122,53
176,123,54
176,124,60
176,125,70
176,126,79
176,127,83
176,128,83
176,129,87
176,130,93
176,131,99
176,132,103
176,133,106
176,134,111
176,135,115
176,136,118
176,137,119
176,138,123
176,139,126
176,140,128
176,141,129
176,142,130
176,143,129
176,144,127
176,145,125
176,146,118
176,147,109
176,148,107
176,149,113
177,0,174
177,1,169
177,2,168
177,3,167
177,4,166
177,5,168
177,6,170
177,7,167
177,8,164
177,9,162
177,10,160
177,11,159
177,12,160
177,13,160
177,14,160
177,15,159
177,16,162
177,17,163
177,18,164
177,19,165
177,20,164
177,21,163
177,22,162
177,23,161
177,24,159
177,25,160
177,26,160
177,27,162
177,28,165
177,29,167
177,30,165
177,31,162
177,32,158
177,33,155
177,34,152
177,35,152
177,36,154
177,37,154
177,38,153
177,39,152
177,40,154
177,41,154
177,42,153
177,43,152
177,44,153
177,45,153
177,46,154
177,47,154
177,48,150
177,49,149
177,50,148
177,51,147
177,52,146
177,53,145
177,54,143
177,55,142
177,56,140
177,57,133
177,58,119
177,59,96
177,60,68
177,61,45
177,62,35
177,63,34
177,64,38
177,65,40
177,66,40
177,67,42
177,68,43
177,69,45
177,70,49
177,71,50
177,72,64
177,73,82
177,74,100
177,75,117
177,76,132
177,77,142
177,78,152
177,79,156
177,80,157
177,81,159
177,82,158
177,83,156
177,84,156
177,85,155
177,86,154
177,87,154
177,88,152
177,89,144
177,90,133
177,91,118
177,92,99
177,93,77
177,94,54
177,95,36
177,96,26
177,97,26
177,98,25
177,99,26
177,100,27
177,101,29
177,102,31
177,103,33
177,104,35
177,105,36
177,106,37
177,107,38
177,108,38
177,109,39
177,110,39
177,111,38
177,112,38
177,113,38
177,114,37
177,115,35
177,116,37
177,117,38
177,118,40
177,119,43
177,120,47
177,121,50
177,122,53
177,123,54
177,124,59
177,125,68
177,126,78
177,127,83
177,128,84
177,129,86
177,130,90
177,131,94
177,132,98
177,133,101
177,134,105
177,135,108
177,136,112
177,137,114
177,138,117
177,139,120
177,140,123
177,141,124
177,142,125
177,143,125
177,144,128
177,145,126
177,146,122
177,147,116
177,148,112
177,149,110
178,0,173
178,1,168
178,2,168
178,3,169
178,4,166
178,5,164
178,6,166
178,7,167
178,8,167
178,9,165
178,10,162
178,11,161
178,12,161
178,13,161
178,14,160
178,15,159
178,16,159
178,17,161
178,18,163
178,19,165
178,20,165
178,21,164
178,22,162
178,23,161
178,24,161
178,25,159
178,26,157
178,27,160
178,28,164
178,29,167
178,30,165
178,31,161
178,32,158
178,33,157
178,34,156
178,35,155
178,36,154
178,37,153
178,38,153
178,39,153
178,40,153
178,41,152
178,42,151
178,43,152
178,44,153
178,45,154
178,46,153
178,47,152
178,48,147
178,49,147
178,50,147
178,51,145
178,52,144
178,53,142
178,54,140
178,55,139
178,56,137
178,57,129
178,58,110
178,59,83
178,60,55
178,61,38
178,62,34
178,63,36
178,64,39
178,65,40
178,66,42
178,67,43
178,68,44
178,69,47
178,70,51
178,71,56
178,72,73
178,73,90
178,74,108
178,75,124
178,76,137
178,77,145
178,78,153
178,79,156
178,80,157
178,81,158
178,82,157
178,83,155
178,84,155
178,85,155
178,86,154
178,87,153
178,88,149
178,89,140
178,90,128
178,91,112
178,92,92
178,93,71
178,94,49
178,95,33
178,96,26
178,97,26
178,98,27
178,99,28
178,100,29
178,101,32
178,102,35
178,103,36
178,104,39
178,105,40
178,106,41
178,107,43
178,108,43
178,109,43
178,110,43
178,111,43
178,112,42
178,113,42
178,114,40
178,115,39
178,116,39
178,117,38
178,118,38
178,119,40
178,120,44
178,121,47
178,122,51
178,123,54
178,124,58
178,125,66
178,126,75
178,127,81
178,128,81
178,129,83
178,130,87
178,131,92
178,132,96
178,133,98
178,134,101
178,135,102
178,136,107
178,137,109
178,138,112
178,139,115
178,140,117
178,141,119
178,142,119
178,143,119
178,144,120
178,145,120
178,146,121
178,147,121
178,148,119
178,149,115
179,0,165
179,1,165
179,2,164
179,3,166
179,4,168
179,5,164
179,6,161
179,7,164
179,8,164
179,9,165
179,10,165
179,11,164
179,12,163
179,13,161
179,14,161
179,15,160
179,16,159
179,17,161
179,18,163
179,19,164
179,20,164
179,21,164
179,22,162
179,23,161
179,24,161
179,25,159
179,26,159
179,27,160
179,28,162
179,29,161
179,30,160
179,31,159
179,32,156
179,33,156
179,34,157
179,35,156
179,36,154
179,37,153
179,38,153
179,39,154
179,40,151
179,41,151
179,42,152
179,43,153
179,44,153
179,45,152
179,46,150
179,47,148
179,48,145
179,49,146
179,50,145
179,51,143
179,52,141
179,53,140
179,54,139
179,55,137
179,56,132
179,57,122
179,58,100
179,59,71
179,60,47
179,61,34
179,62,34
179,63,37
179,64,39
179,65,39
179,66,43
179,67,43
179,68,44
179,69,50
179,70,55
179,71,63
179,72,80
179,73,98
179,74,114
179,75,130
179,76,141
179,77,148
179,78,155
179,79,157
179,80,158
179,81,158
179,82,157
179,83,155
179,84,155
179,85,155
179,86,153
179,87,152
179,88,145
179,89,136
179,90,123
179,91,106
179,92,87
179,93,66
179,94,46
179,95,33
179,96,28
179,97,29
179,98,29
179,99,31
179,100,33
179,101,36
179,102,39
179,103,41
179,104,44
179,105,45
179,106,46
179,107,47
179,108,48
179,109,48
179,110,47
179,111,47
179,112,46
179,113,46
179,114,44
179,115,42
179,116,41
179,117,39
179,118,38
179,119,38
179,120,40
179,121,42
179,122,45
179,123,51
179,124,56
179,125,62
179,126,70
179,127,76
179,128,78
179,129,81
179,130,85
179,131,89
179,132,92
179,133,94
179,134,97
179,135,99
179,136,103
179,137,105
179,138,107
179,139,110
179,140,111
179,141,112
179,142,112
179,143,112
179,144,114
179,145,114
179,146,116
179,147,119
179,148,119
179,149,117
180,0,162
180,1,163
180,2,161
180,3,163
180,4,169
180,5,168
180,6,163
180,7,162
180,8,161
180,9,163
180,10,164
180,11,165
180,12,164
180,13,164
180,14,163
180,15,163
180,16,161
180,17,162
180,18,162
180,19,163
180,20,163
180,21,163
180,22,162
180,23,161
180,24,161
180,25,160
180,26,160
180,27,161
180,28,159
180,29,156
180,30,155
180,31,156
180,32,154
180,33,153
180,34,153
180,35,154
180,36,155
180,37,156
180,38,156
180,39,155
180,40,152
180,41,153
180,42,153
180,43,153
180,44,151
180,45,149
180,46,147
180,47,145
180,48,145
180,49,145
180,50,144
180,51,141
180,52,140
180,53,140
180,54,138
180,55,137
180,56,128
180,57,113
180,58,88
180,59,60
180,60,39
180,61,31
180,62,33
180,63,36
180,64,39
180,65,39
180,66,43
180,67,43
180,68,44
180,69,51
180,70,59
180,71,70
180,72,86
180,73,104
180,74,121
180,75,135
180,76,146
180,77,152
180,78,158
180,79,158
180,80,159
180,81,158
180,82,157
180,83,156
180,84,155
180,85,155
180,86,153
180,87,150
180,88,142
180,89,133
180,90,118
180,91,101
180,92,81
180,93,61
180,94,44
180,95,34
180,96,32
180,97,33
180,98,34
180,99,36
180,100,38
180,101,41
180,102,44
180,103,47
180,104,50
180,105,51
180,106,52
180,107,54
180,108,54
180,109,54
180,110,54
180,111,53
180,112,52
180,113,51
180,114,50
180,115,48
180,116,46
180,117,43
180,118,41
180,119,40
180,120,37
180,121,36
180,122,37
180,123,43
180,124,49
180,125,56
180,126,63
180,127,68
180,128,76
180,129,79
180,130,83
180,131,84
180,132,85
180,133,88
180,134,92
180,135,95
180,136,97
180,137,98
180,138,100
180,139,102
180,140,104
180,141,105
180,142,105
180,143,105
180,144,107
180,145,108
180,146,109
180,147,110
180,148,112
180,149,113
181,0,164
181,1,160
181,2,160
181,3,161
181,4,164
181,5,168
181,6,168
181,7,162
181,8,162
181,9,161
181,10,160
181,11,162
181,12,164
181,13,166
181,14,166
181,15,165
181,16,164
181,17,163
181,18,162
181,19,162
181,20,161
181,21,161
181,22,161
181,23,161
181,24,161
181,25,159
181,26,158
181,27,159
181,28,158
181,29,156
181,30,153
181,31,153
181,32,152
181,33,152
181,34,153
181,35,153
181,36,154
181,37,155
181,38,156
181,39,156
181,40,155
181,41,155
181,42,153
181,43,150
181,44,148
181,45,146
181,46,146
181,47,146
181,48,144
181,49,144
181,50,143
181,51,140
181,52,140
181,53,140
181,54,138
181,55,135
181,56,125
181,57,105
181,58,75
181,59,49
181,60,35
181,61,31
181,62,34
181,63,37
181,64,40
181,65,40
181,66,43
181,67,43
181,68,44
181,69,51
181,70,63
181,71,76
181,72,92
181,73,110
181,74,126
181,75,138
181,76,148
181,77,154
181,78,158
181,79,158
181,80,159
181,81,158
181,82,157
181,83,156
181,84,155
181,85,154
181,86,152
181,87,148
181,88,139
181,89,129
181,90,113
181,91,93
181,92,75
181,93,57
181,94,43
181,95,37
181,96,34
181,97,36
181,98,37
181,99,39
181,100,42
181,101,45
181,102,49
181,103,51
181,104,55
181,105,56
181,106,58
181,107,60
181,108,61
181,109,60
181,110,60
181,111,59
181,112,58
181,113,56
181,114,55
181,115,54
181,116,51
181,117,48
181,118,45
181,119,42
181,120,38
181,121,34
181,122,31
181,123,34
181,124,40
181,125,47
181,126,54
181,127,58
181,128,65
181,129,71
181,130,78
181,131,81
181,132,82
181,133,84
181,134,86
181,135,89
181,136,89
181,137,91
181,138,93
181,139,95
181,140,97
181,141,98
181,142,99
181,143,99
181,144,99
181,145,101
181,146,102
181,147,102
181,148,104
181,149,108
182,0,164
182,1,161
182,2,159
182,3,159
182,4,158
182,5,162
182,6,164
182,7,162
182,8,162
182,9,160
182,10,159
182,11,160
182,12,162
182,13,165
182,14,166
182,15,166
182,16,166
182,17,165
182,18,163
182,19,161
182,20,161
182,21,161
182,22,161
182,23,161
182,24,161
182,25,159
182,26,158
182,27,158
182,28,157
182,29,155
182,30,153
182,31,151
182,32,151
182,33,153
182,34,155
182,35,154
182,36,153
182,37,152
182,38,154
182,39,157
182,40,155
182,41,153
182,42,149
182,43,147
182,44,146
182,45,145
182,46,145
182,47,145
182,48,143
182,49,143
182,50,142
182,51,140
182,52,140
182,53,139
182,54,136
182,55,131
182,56,118
182,57,94
182,58,63
182,59,41
182,60,33
182,61,32
182,62,35
182,63,38
182,64,39
182,65,41
182,66,42
182,67,43
182,68,44
182,69,51
182,70,68
182,71,81
182,72,98
182,73,116
182,74,131
182,75,142
182,76,150
182,77,154
182,78,158
182,79,157
182,80,159
182,81,157
182,82,156
182,83,156
182,84,154
182,85,153
182,86,151
182,87,146
182,88,134
182,89,124
182,90,105
182,91,85
182,92,68
182,93,52
182,94,43
182,95,41
182,96,38
182,97,39
182,98,42
182,99,44
182,100,46
182,101,50
182,102,54
182,103,57
182,104,61
182,105,62
182,106,65
182,107,66
182,108,67
182,109,67
182,110,66
182,111,65
182,112,64
182,113,62
182,114,61
182,115,60
182,116,55
182,117,52
182,118,49
182,119,46
182,120,41
182,121,37
182,122,32
182,123,31
182,124,34
182,125,40
182,126,45
182,127,49
182,128,52
182,129,59
182,130,67
182,131,72
182,132,74
182,133,77
182,134,79
182,135,81
182,136,82
182,137,84
182,138,86
182,139,88
182,140,90
182,141,91
182,142,91
182,143,92
182,144,93
182,145,95
182,146,95
182,147,94
182,148,95
182,149,96
183,0,163
183,1,164
183,2,160
183,3,157
183,4,158
183,5,158
183,6,158
183,7,163
183,8,161
183,9,161
183,10,161
183,11,161
183,12,161
183,13,162
183,14,164
183,15,165
183,16,167
183,17,165
183,18,163
183,19,162
183,20,161
183,21,161
183,22,161
183,23,161
183,24,161
183,25,161
183,26,160
183,27,158
183,28,155
183,29,153
183,30,152
183,31,152
183,32,155
183,33,154
183,34,154
183,35,153
183,36,153
183,37,153
183,38,153
183,39,153
183,40,153
183,41,150
183,42,146
183,43,145
183,44,145
183,45,145
183,46,144
183,47,143
183,48,142
183,49,143
183,50,142
183,51,140
183,52,140
183,53,139
183,54,134
183,55,128
183,56,109
183,57,83
183,58,52
183,59,35
183,60,31
183,61,33
183,62,35
183,63,37
183,64,38
183,65,41
183,66,40
183,67,43
183,68,45
183,69,52
183,70,71
183,71,85
183,72,105
183,73,122
183,74,136
183,75,146
183,76,153
183,77,156
183,78,159
183,79,157
183,80,158
183,81,156
183,82,156
183,83,155
183,84,154
183,85,153
183,86,150
183,87,144
183,88,129
183,89,119
183,90,99
183,91,78
183,92,63
183,93,50
183,94,44
183,95,45
183,96,43
183,97,44
183,98,47
183,99,49
183,100,52
183,101,56
183,102,60
183,103,63
183,104,67
183,105,68
183,106,71
183,107,73
183,108,74
183,109,73
183,110,72
183,111,72
183,112,71
183,113,68
183,114,67
183,115,65
183,116,61
183,117,57
183,118,54
183,119,49
183,120,43
183,121,41
183,122,36
183,123,33
183,124,34
183,125,37
183,126,40
183,127,43
183,128,47
183,129,51
183,130,55
183,131,57
183,132,61
183,133,67
183,134,71
183,135,73
183,136,77
183,137,78
183,138,80
183,139,81
183,140,83
183,141,84
183,142,84
183,143,84
183,144,85
183,145,86
183,146,87
183,147,86
183,148,85
183,149,86
184,0,166
184,1,166
184,2,165
184,3,162
184,4,159
184,5,158
184,6,158
184,7,157
184,8,157
184,9,160
184,10,163
184,11,163
184,12,163
184,13,163
184,14,162
184,15,161
184,16,160
184,17,163
184,18,165
184,19,165
184,20,164
184,21,162
184,22,161
184,23,159
184,24,160
184,25,160
184,26,160
184,27,159
184,28,157
184,29,154
184,30,153
184,31,155
184,32,152
184,33,153
184,34,149
184,35,151
184,36,154
184,37,152
184,38,153
184,39,153
184,40,147
184,41,146
184,42,145
184,43,144
184,44,143
184,45,143
184,46,143
184,47,143
184,48,140
184,49,141
184,50,140
184,51,141
184,52,139
184,53,137
184,54,133
184,55,120
184,56,95
184,57,69
184,58,43
184,59,32
184,60,31
184,61,32
184,62,34
184,63,35
184,64,36
184,65,40
184,66,41
184,67,42
184,68,43
184,69,53
184,70,77
184,71,93
184,72,110
184,73,127
184,74,139
184,75,148
184,76,155
184,77,157
184,78,158
184,79,158
184,80,158
184,81,156
184,82,155
184,83,155
184,84,155
184,85,153
184,86,147
184,87,138
184,88,128
184,89,111
184,90,92
184,91,72
184,92,56
184,93,49
184,94,47
184,95,49
184,96,45
184,97,48
184,98,51
184,99,54
184,100,58
184,101,62
184,102,67
184,103,70
184,104,73
184,105,75
184,106,78
184,107,79
184,108,79
184,109,80
184,110,80
184,111,79
184,112,76
184,113,76
184,114,74
184,115,70
184,116,67
184,117,62
184,118,57
184,119,53
184,120,48
184,121,44
184,122,39
184,123,36
184,124,36
184,125,38
184,126,39
184,127,40
184,128,46
184,129,48
184,130,49
184,131,51
184,132,52
184,133,55
184,134,58
184,135,61
184,136,62
184,137,65
184,138,69
184,139,73
184,140,74
184,141,74
184,142,74
184,143,75
184,144,74
184,145,75
184,146,76
184,147,77
184,148,77
184,149,78
185,0,165
185,1,165
185,2,164
185,3,162
185,4,160
185,5,159
185,6,156
185,7,154
185,8,157
185,9,160
185,10,162
185,11,163
185,12,163
185,13,164
185,14,163
185,15,162
185,16,161
185,17,161
185,18,162
185,19,163
185,20,164
185,21,165
185,22,163
185,23,161
185,24,163
185,25,160
185,26,159
185,27,159
185,28,158
185,29,155
185,30,152
185,31,153
185,32,150
185,33,152
185,34,149
185,35,150
185,36,152
185,37,150
185,38,150
185,39,149
185,40,146
185,41,145
185,42,144
185,43,143
185,44,143
185,45,142
185,46,142
185,47,142
185,48,141
185,49,141
185,50,140
185,51,140
185,52,139
185,53,136
185,54,129
185,55,114
185,56,87
185,57,62
185,58,39
185,59,31
185,60,30
185,61,32
185,62,34
185,63,35
185,64,37
185,65,40
185,66,40
185,67,40
185,68,43
185,69,55
185,70,79
185,71,97
185,72,114
185,73,131
185,74,141
185,75,150
185,76,156
185,77,157
185,78,158
185,79,158
185,80,158
185,81,156
185,82,155
185,83,155
185,84,154
185,85,152
185,86,145
185,87,136
185,88,124
185,89,106
185,90,88
185,91,69
185,92,56
185,93,51
185,94,49
185,95,52
185,96,50
185,97,52
185,98,55
185,99,59
185,100,63
185,101,68
185,102,72
185,103,75
185,104,78
185,105,81
185,106,83
185,107,84
185,108,85
185,109,85
185,110,85
185,111,84
185,112,82
185,113,81
185,114,79
185,115,75
185,116,71
185,117,67
185,118,61
185,119,57
185,120,51
185,121,47
185,122,42
185,123,38
185,124,38
185,125,39
185,126,40
185,127,41
185,128,47
185,129,48
185,130,49
185,131,50
185,132,50
185,133,50
185,134,52
185,135,54
185,136,53
185,137,53
185,138,54
185,139,55
185,140,56
185,141,58
185,142,62
185,143,65
185,144,68
185,145,68
185,146,67
185,147,67
185,148,68
185,149,70
186,0,160
186,1,160
186,2,161
186,3,161
186,4,162
186,5,162
186,6,160
186,7,157
186,8,159
186,9,160
186,10,162
186,11,163
186,12,163
186,13,164
186,14,163
186,15,161
186,16,162
186,17,162
186,18,161
186,19,161
186,20,163
186,21,165
186,22,165
186,23,164
186,24,161
186,25,163
186,26,160
186,27,154
186,28,152
186,29,155
186,30,155
186,31,151
186,32,149
186,33,152
186,34,150
186,35,150
186,36,149
186,37,146
186,38,146
186,39,145
186,40,144
186,41,144
186,42,143
186,43,143
186,44,142
186,45,141
186,46,141
186,47,141
186,48,141
186,49,140
186,50,138
186,51,139
186,52,138
186,53,133
186,54,122
186,55,103
186,56,75
186,57,51
186,58,33
186,59,30
186,60,30
186,61,31
186,62,34
186,63,34
186,64,37
186,65,38
186,66,40
186,67,39
186,68,45
186,69,60
186,70,83
186,71,102
186,72,120
186,73,135
186,74,145
186,75,152
186,76,157
186,77,158
186,78,158
186,79,158
186,80,158
186,81,156
186,82,155
186,83,155
186,84,153
186,85,150
186,86,142
186,87,132
186,88,118
186,89,100
186,90,81
186,91,65
186,92,55
186,93,53
186,94,54
186,95,56
186,96,55
186,97,57
186,98,60
186,99,65
186,100,69
186,101,74
186,102,78
186,103,80
186,104,84
186,105,86
186,106,89
186,107,90
186,108,91
186,109,91
186,110,91
186,111,90
186,112,88
186,113,87
186,114,85
186,115,81
186,116,76
186,117,72
186,118,66
186,119,62
186,120,56
186,121,52
186,122,46
186,123,41
186,124,40
186,125,40
186,126,41
186,127,42
186,128,44
186,129,45
186,130,47
186,131,47
186,132,48
186,133,48
186,134,49
186,135,50
186,136,50
186,137,48
186,138,47
186,139,46
186,140,43
186,141,41
186,142,41
186,143,43
186,144,50
186,145,51
186,146,53
186,147,57
186,148,61
186,149,63
187,0,156
187,1,157
187,2,158
187,3,159
187,4,161
187,5,163
187,6,163
187,7,161
187,8,161
187,9,161
187,10,162
187,11,162
187,12,163
187,13,163
187,14,162
187,15,160
187,16,162
187,17,163
187,18,163
187,19,161
187,20,160
187,21,161
187,22,163
187,23,164
187,24,165
187,25,163
187,26,157
187,27,154
187,28,154
187,29,156
187,30,153
187,31,143
187,32,137
187,33,144
187,34,145
187,35,145
187,36,145
187,37,143
187,38,143
187,39,143
187,40,143
187,41,143
187,42,143
187,43,142
187,44,141
187,45,141
187,46,140
187,47,140
187,48,139
187,49,138
187,50,137
187,51,138
187,52,136
187,53,129
187,54,113
187,55,92
187,56,63
187,57,42
187,58,30
187,59,31
187,60,30
187,61,31
187,62,34
187,63,33
187,64,35
187,65,35
187,66,39
187,67,40
187,68,49
187,69,67
187,70,86
187,71,106
187,72,124
187,73,138
187,74,147
187,75,153
187,76,158
187,77,158
187,78,159
187,79,158
187,80,157
187,81,156
187,82,155
187,83,155
187,84,152
187,85,148
187,86,139
187,87,129
187,88,112
187,89,94
187,90,76
187,91,62
187,92,55
187,93,56
187,94,57
187,95,60
187,96,58
187,97,60
187,98,63
187,99,68
187,100,73
187,101,77
187,102,80
187,103,82
187,104,87
187,105,90
187,106,92
187,107,94
187,108,95
187,109,96
187,110,95
187,111,94
187,112,93
187,113,92
187,114,89
187,115,85
187,116,81
187,117,76
187,118,71
187,119,66
187,120,61
187,121,56
187,122,49
187,123,44
187,124,42
187,125,42
187,126,42
187,127,42
187,128,41
187,129,43
187,130,44
187,131,46
187,132,47
187,133,48
187,134,48
187,135,49
187,136,47
187,137,46
187,138,45
187,139,44
187,140,40
187,141,36
187,142,33
187,143,31
187,144,31
187,145,31
187,146,34
187,147,39
187,148,44
187,149,47
188,0,157
188,1,157
188,2,157
188,3,156
188,4,157
188,5,159
188,6,161
188,7,162
188,8,163
188,9,162
188,10,162
188,11,163
188,12,164
188,13,164
188,14,163
188,15,162
188,16,161
188,17,162
188,18,162
188,19,161
188,20,160
188,21,160
188,22,161
188,23,162
188,24,162
188,25,162
188,26,156
188,27,154
188,28,157
188,29,154
188,30,136
188,31,108
188,32,113
188,33,125
188,34,133
188,35,138
188,36,141
188,37,141
188,38,142
188,39,141
188,40,142
188,41,142
188,42,142
188,43,141
188,44,141
188,45,140
188,46,140
188,47,139
188,48,139
188,49,138
188,50,137
188,51,138
188,52,134
188,53,124
188,54,105
188,55,80
188,56,53
188,57,36
188,58,29
188,59,31
188,60,30
188,61,31
188,62,34
188,63,31
188,64,34
188,65,34
188,66,37
188,67,40
188,68,53
188,69,72
188,70,91
188,71,111
188,72,127
188,73,140
188,74,148
188,75,154
188,76,158
188,77,158
188,78,160
188,79,158
188,80,157
188,81,156
188,82,155
188,83,154
188,84,151
188,85,146
188,86,136
188,87,124
188,88,107
188,89,89
188,90,72
188,91,60
188,92,55
188,93,57
188,94,59
188,95,61
188,96,60
188,97,62
188,98,65
188,99,69
188,100,73
188,101,78
188,102,81
188,103,83
188,104,89
188,105,92
188,106,94
188,107,96
188,108,97
188,109,98
188,110,98
188,111,97
188,112,96
188,113,95
188,114,92
188,115,88
188,116,84
188,117,80
188,118,74
188,119,70
188,120,64
188,121,59
188,122,52
188,123,47
188,124,44
188,125,44
188,126,44
188,127,44
188,128,42
188,129,43
188,130,43
188,131,45
188,132,45
188,133,46
188,134,46
188,135,45
188,136,45
188,137,43
188,138,41
188,139,40
188,140,37
188,141,34
188,142,32
188,143,31
188,144,26
188,145,24
188,146,23
188,147,23
188,148,26
188,149,28
189,0,157
189,1,157
189,2,156
189,3,154
189,4,155
189,5,157
189,6,159
189,7,160
189,8,162
189,9,162
189,10,162
189,11,163
189,12,164
189,13,164
189,14,164
189,15,165
189,16,162
189,17,161
189,18,160
189,19,160
189,20,160
189,21,162
189,22,161
189,23,160
189,24,156
189,25,159
189,26,158
189,27,158
189,28,150
189,29,133
189,30,108
189,31,79
189,32,98
189,33,115
189,34,128
189,35,136
189,36,140
189,37,140
189,38,141
189,39,140
189,40,142
189,41,141
189,42,141
189,43,140
189,44,140
189,45,139
189,46,139
189,47,139
189,48,138
189,49,138
189,50,137
189,51,137
189,52,131
189,53,117
189,54,95
189,55,69
189,56,44
189,57,34
189,58,30
189,59,32
189,60,30
189,61,31
189,62,33
189,63,31
189,64,34
189,65,34
189,66,36
189,67,41
189,68,58
189,69,78
189,70,99
189,71,118
189,72,131
189,73,142
189,74,150
189,75,155
189,76,158
189,77,158
189,78,160
189,79,157
189,80,156
189,81,155
189,82,155
189,83,154
189,84,150
189,85,143
189,86,131
189,87,119
189,88,101
189,89,83
189,90,68
189,91,58
189,92,55
189,93,57
189,94,58
189,95,60
189,96,61
189,97,63
189,98,66
189,99,70
189,100,74
189,101,78
189,102,82
189,103,85
189,104,90
189,105,93
189,106,96
189,107,98
189,108,100
189,109,101
189,110,101
189,111,101
189,112,99
189,113,97
189,114,94
189,115,90
189,116,87
189,117,83
189,118,78
189,119,73
189,120,66
189,121,62
189,122,55
189,123,50
189,124,48
189,125,47
189,126,46
189,127,46
189,128,43
189,129,42
189,130,42
189,131,43
189,132,43
189,133,44
189,134,43
189,135,43
189,136,44
189,137,42
189,138,39
189,139,38
189,140,36
189,141,32
189,142,30
189,143,29
189,144,26
189,145,24
189,146,22
189,147,21
189,148,22
189,149,23
190,0,158
190,1,157
190,2,156
190,3,155
190,4,157
190,5,159
190,6,160
190,7,160
190,8,161
190,9,160
190,10,161
190,11,162
190,12,163
190,13,163
190,14,164
190,15,165
190,16,162
190,17,162
190,18,160
190,19,160
190,20,160
190,21,161
190,22,161
190,23,159
190,24,159
190,25,155
190,26,154
190,27,155
190,28,132
190,29,99
190,30,88
190,31,84
190,32,101
190,33,119
190,34,132
190,35,138
190,36,140
190,37,140
190,38,141
190,39,140
190,40,141
190,41,141
190,42,140
190,43,139
190,44,138
190,45,138
190,46,138
190,47,138
190,48,137
190,49,137
190,50,137
190,51,135
190,52,125
190,53,108
190,54,84
190,55,57
190,56,36
190,57,32
190,58,30
190,59,31
190,60,30
190,61,31
190,62,32
190,63,31
190,64,32
190,65,35
190,66,35
190,67,45
190,68,64
190,69,85
190,70,107
190,71,123
190,72,136
190,73,146
190,74,153
190,75,157
190,76,158
190,77,158
190,78,160
190,79,156
190,80,156
190,81,155
190,82,155
190,83,153
190,84,148
190,85,140
190,86,126
190,87,113
190,88,94
190,89,78
190,90,65
190,91,56
190,92,54
190,93,56
190,94,57
190,95,59
190,96,61
190,97,63
190,98,67
190,99,70
190,100,73
190,101,78
190,102,83
190,103,86
190,104,91
190,105,94
190,106,98
190,107,100
190,108,102
190,109,104
190,110,104
190,111,104
190,112,100
190,113,99
190,114,95
190,115,91
190,116,88
190,117,85
190,118,80
190,119,75
190,120,68
190,121,64
190,122,58
190,123,54
190,124,51
190,125,50
190,126,50
190,127,49
190,128,44
190,129,43
190,130,41
190,131,41
190,132,42
190,133,43
190,134,43
190,135,42
190,136,41
190,137,39
190,138,37
190,139,37
190,140,36
190,141,33
190,142,30
190,143,28
190,144,22
190,145,22
190,146,22
190,147,23
190,148,24
190,149,24
191,0,160
191,1,159
191,2,158
191,3,158
191,4,160
191,5,162
191,6,161
191,7,158
191,8,160
191,9,159
191,10,160
191,11,161
191,12,161
191,13,160
191,14,161
191,15,163
191,16,163
191,17,163
191,18,163
191,19,161
191,20,159
191,21,159
191,22,160
191,23,160
191,24,155
191,25,157
191,26,148
191,27,130
191,28,100
191,29,81
191,30,87
191,31,88
191,32,108
191,33,125
191,34,136
191,35,139
191,36,139
191,37,139
191,38,142
191,39,141
191,40,141
191,41,140
191,42,139
191,43,138
191,44,137
191,45,137
191,46,137
191,47,137
191,48,135
191,49,136
191,50,136
191,51,133
191,52,120
191,53,101
191,54,75
191,55,48
191,56,32
191,57,31
191,58,30
191,59,30
191,60,29
191,61,30
191,62,31
191,63,31
191,64,30
191,65,35
191,66,36
191,67,49
191,68,70
191,69,89
191,70,111
191,71,126
191,72,140
191,73,149
191,74,155
191,75,159
191,76,159
191,77,158
191,78,159
191,79,156
191,80,156
191,81,155
191,82,154
191,83,152
191,84,146
191,85,137
191,86,123
191,87,110
191,88,89
191,89,74
191,90,63
191,91,55
191,92,53
191,93,55
191,94,56
191,95,57
191,96,60
191,97,63
191,98,67
191,99,70
191,100,73
191,101,77
191,102,83
191,103,88
191,104,91
191,105,94
191,106,98
191,107,101
191,108,103
191,109,105
191,110,105
191,111,105
191,112,101
191,113,99
191,114,95
191,115,91
191,116,88
191,117,85
191,118,80
191,119,75
191,120,70
191,121,66
191,122,60
191,123,56
191,124,54
191,125,53
191,126,52
191,127,51
191,128,47
191,129,45
191,130,43
191,131,42
191,132,42
191,133,42
191,134,42
191,135,41
191,136,41
191,137,39
191,138,36
191,139,34
191,140,33
191,141,30
191,142,28
191,143,27
191,144,25
191,145,24
191,146,24
191,147,23
191,148,23
191,149,23
192,0,157
192,1,157
192,2,158
192,3,159
192,4,160
192,5,161
192,6,160
192,7,160
192,8,159
192,9,160
192,10,159
192,11,158
192,12,157
192,13,159
192,14,160
192,15,160
192,16,160
192,17,164
192,18,162
192,19,161
192,20,161
192,21,159
192,22,158
192,23,153
192,24,153
192,25,148
192,26,121
192,27,101
192,28,73
192,29,82
192,30,88
192,31,95
192,32,118
192,33,130
192,34,138
192,35,138
192,36,138
192,37,139
192,38,139
192,39,140
192,40,138
192,41,138
192,42,138
192,43,137
192,44,137
192,45,136
192,46,136
192,47,136
192,48,133
192,49,136
192,50,135
192,51,126
192,52,111
192,53,89
192,54,61
192,55,40
192,56,30
192,57,30
192,58,29
192,59,29
192,60,29
192,61,30
192,62,30
192,63,30
192,64,30
192,65,31
192,66,37
192,67,57
192,68,76
192,69,95
192,70,119
192,71,130
192,72,143
192,73,151
192,74,157
192,75,158
192,76,158
192,77,159
192,78,158
192,79,155
192,80,153
192,81,156
192,82,154
192,83,150
192,84,142
192,85,131
192,86,118
192,87,102
192,88,83
192,89,70
192,90,57
192,91,51
192,92,49
192,93,50
192,94,54
192,95,56
192,96,61
192,97,63
192,98,66
192,99,69
192,100,72
192,101,76
192,102,81
192,103,85
192,104,90
192,105,94
192,106,98
192,107,101
192,108,103
192,109,104
192,110,104
192,111,103
192,112,99
192,113,98
192,114,94
192,115,90
192,116,87
192,117,84
192,118,80
192,119,77
192,120,71
192,121,68
192,122,62
192,123,58
192,124,57
192,125,59
192,126,57
192,127,54
192,128,49
192,129,47
192,130,45
192,131,43
192,132,43
192,133,42
192,134,41
192,135,40
192,136,39
192,137,38
192,138,37
192,139,35
192,140,33
192,141,31
192,142,28
192,143,25
192,144,23
192,145,23
192,146,23
192,147,23
192,148,23
192,149,23
193,0,156
193,1,156
193,2,156
193,3,157
193,4,159
193,5,160
193,6,161
193,7,161
193,8,161
193,9,161
193,10,160
193,11,159
193,12,159
193,13,160
193,14,161
193,15,162
193,16,163
193,17,165
193,18,162
193,19,162
193,20,161
193,21,160
193,22,160
193,23,158
193,24,151
193,25,130
193,26,108
193,27,94
193,28,71
193,29,79
193,30,89
193,31,106
193,32,121
193,33,132
193,34,138
193,35,138
193,36,138
193,37,138
193,38,138
193,39,139
193,40,138
193,41,137
193,42,137
193,43,137
193,44,136
193,45,136
193,46,136
193,47,135
193,48,135
193,49,135
193,50,132
193,51,122
193,52,104
193,53,80
193,54,54
193,55,35
193,56,30
193,57,29
193,58,29
193,59,29
193,60,29
193,61,29
193,62,29
193,63,30
193,64,31
193,65,32
193,66,42
193,67,62
193,68,82
193,69,102
193,70,123
193,71,135
193,72,145
193,73,152
193,74,157
193,75,158
193,76,158
193,77,158
193,78,157
193,79,155
193,80,153
193,81,155
193,82,153
193,83,148
193,84,139
193,85,128
193,86,114
193,87,97
193,88,79
193,89,64
193,90,52
193,91,47
193,92,46
193,93,48
193,94,52
193,95,54
193,96,60
193,97,62
193,98,65
193,99,68
193,100,71
193,101,75
193,102,80
193,103,84
193,104,89
193,105,92
193,106,96
193,107,99
193,108,100
193,109,101
193,110,102
193,111,101
193,112,99
193,113,97
193,114,93
193,115,89
193,116,86
193,117,83
193,118,80
193,119,76
193,120,71
193,121,69
193,122,64
193,123,59
193,124,59
193,125,60
193,126,59
193,127,56
193,128,51
193,129,49
193,130,47
193,131,45
193,132,44
193,133,43
193,134,42
193,135,41
193,136,40
193,137,39
193,138,37
193,139,35
193,140,33
193,141,30
193,142,26
193,143,24
193,144,23
193,145,23
193,146,24
193,147,24
193,148,24
193,149,24
194,0,157
194,1,156
194,2,156
194,3,156
194,4,157
194,5,158
194,6,159
194,7,160
194,8,159
194,9,158
194,10,157
194,11,157
194,12,157
194,13,156
194,14,157
194,15,159
194,16,160
194,17,160
194,18,158
194,19,160
194,20,161
194,21,158
194,22,155
194,23,150
194,24,132
194,25,103
194,26,91
194,27,86
194,28,74
194,29,81
194,30,95
194,31,115
194,32,127
194,33,134
194,34,139
194,35,139
194,36,138
194,37,138
194,38,138
194,39,137
194,40,137
194,41,136
194,42,136
194,43,136
194,44,135
194,45,135
194,46,135
194,47,135
194,48,135
194,49,134
194,50,128
194,51,115
194,52,94
194,53,68
194,54,45
194,55,31
194,56,29
194,57,29
194,58,29
194,59,28
194,60,28
194,61,28
194,62,29
194,63,29
194,64,29
194,65,32
194,66,47
194,67,67
194,68,88
194,69,109
194,70,126
194,71,139
194,72,148
194,73,154
194,74,158
194,75,158
194,76,157
194,77,158
194,78,157
194,79,154
194,80,152
194,81,155
194,82,151
194,83,144
194,84,135
194,85,123
194,86,108
194,87,89
194,88,71
194,89,57
194,90,45
194,91,43
194,92,43
194,93,45
194,94,49
194,95,52
194,96,58
194,97,60
194,98,64
194,99,67
194,100,70
194,101,74
194,102,79
194,103,83
194,104,87
194,105,90
194,106,93
194,107,94
194,108,95
194,109,96
194,110,97
194,111,97
194,112,96
194,113,94
194,114,90
194,115,86
194,116,84
194,117,82
194,118,79
194,119,76
194,120,72
194,121,70
194,122,65
194,123,62
194,124,61
194,125,62
194,126,60
194,127,57
194,128,54
194,129,52
194,130,49
194,131,47
194,132,46
194,133,45
194,134,43
194,135,42
194,136,40
194,137,39
194,138,37
194,139,35
194,140,33
194,141,30
194,142,26
194,143,24
194,144,23
194,145,23
194,146,24
194,147,24
194,148,24
194,149,24
195,0,156
195,1,156
195,2,155
195,3,155
195,4,156
195,5,156
195,6,157
195,7,157
195,8,157
195,9,156
195,10,156
195,11,157
195,12,157
195,13,155
195,14,155
195,15,157
195,16,154
195,17,155
195,18,154
195,19,156
195,20,155
195,21,151
195,22,146
195,23,137
195,24,112
195,25,90
195,26,83
195,27,81
195,28,81
195,29,91
195,30,106
195,31,121
195,32,132
195,33,136
195,34,139
195,35,139
195,36,138
195,37,138
195,38,138
195,39,136
195,40,136
195,41,136
195,42,135
195,43,135
195,44,135
195,45,134
195,46,134
195,47,134
195,48,135
195,49,131
195,50,123
195,51,108
195,52,85
195,53,59
195,54,39
195,55,29
195,56,29
195,57,29
195,58,28
195,59,28
195,60,28
195,61,28
195,62,28
195,63,28
195,64,26
195,65,33
195,66,53
195,67,73
195,68,94
195,69,115
195,70,130
195,71,142
195,72,151
195,73,156
195,74,159
195,75,158
195,76,157
195,77,157
195,78,156
195,79,154
195,80,152
195,81,154
195,82,149
195,83,141
195,84,130
195,85,118
195,86,101
195,87,81
195,88,64
195,89,49
195,90,39
195,91,39
195,92,41
195,93,43
195,94,47
195,95,51
195,96,55
195,97,58
195,98,62
195,99,65
195,100,68
195,101,72
195,102,76
195,103,80
195,104,83
195,105,86
195,106,88
195,107,89
195,108,89
195,109,90
195,110,91
195,111,91
195,112,92
195,113,90
195,114,86
195,115,83
195,116,81
195,117,80
195,118,77
195,119,75
195,120,73
195,121,70
195,122,67
195,123,64
195,124,63
195,125,63
195,126,61
195,127,59
195,128,57
195,129,55
195,130,52
195,131,50
195,132,48
195,133,46
195,134,44
195,135,43
195,136,41
195,137,40
195,138,38
195,139,36
195,140,33
195,141,30
195,142,27
195,143,24
195,144,23
195,145,23
195,146,23
195,147,23
195,148,23
195,149,23
196,0,154
196,1,154
196,2,154
196,3,155
196,4,155
196,5,155
196,6,155
196,7,155
196,8,155
196,9,154
196,10,155
196,11,156
196,12,156
196,13,154
196,14,153
196,15,155
196,16,153
196,17,154
196,18,153
196,19,152
196,20,149
196,21,146
196,22,140
196,23,128
196,24,105
196,25,93
196,26,84
196,27,81
196,28,90
196,29,101
196,30,117
196,31,126
196,32,135
196,33,137
196,34,139
196,35,138
196,36,138
196,37,139
196,38,138
196,39,136
196,40,135
196,41,135
196,42,134
196,43,134
196,44,134
196,45,134
196,46,133
196,47,133
196,48,134
196,49,129
196,50,119
196,51,101
196,52,76
196,53,52
196,54,35
196,55,29
196,56,29
196,57,29
196,58,28
196,59,28
196,60,27
196,61,27
196,62,27
196,63,27
196,64,27
196,65,38
196,66,60
196,67,81
196,68,102
196,69,122
196,70,134
196,71,145
196,72,153
196,73,156
196,74,159
196,75,158
196,76,157
196,77,157
196,78,156
196,79,154
196,80,153
196,81,153
196,82,147
196,83,138
196,84,126
196,85,112
196,86,94
196,87,73
196,88,55
196,89,43
196,90,35
196,91,37
196,92,40
196,93,41
196,94,45
196,95,49
196,96,52
196,97,55
196,98,58
196,99,61
196,100,64
196,101,68
196,102,73
196,103,76
196,104,80
196,105,82
196,106,84
196,107,84
196,108,84
196,109,85
196,110,85
196,111,85
196,112,88
196,113,86
196,114,82
196,115,79
196,116,78
196,117,78
196,118,77
196,119,75
196,120,72
196,121,70
196,122,67
196,123,64
196,124,64
196,125,63
196,126,62
196,127,60
196,128,59
196,129,58
196,130,55
196,131,53
196,132,51
196,133,48
196,134,45
196,135,43
196,136,42
196,137,40
196,138,38
196,139,36
196,140,34
196,141,31
196,142,27
196,143,24
196,144,24
196,145,23
196,146,23
196,147,23
196,148,22
196,149,22
197,0,154
197,1,154
197,2,154
197,3,154
197,4,153
197,5,152
197,6,152
197,7,151
197,8,152
197,9,152
197,10,153
197,11,154
197,12,153
197,13,152
197,14,152
197,15,153
197,16,155
197,17,154
197,18,152
197,19,153
197,20,152
197,21,146
197,22,133
197,23,114
197,24,102
197,25,95
197,26,87
197,27,89
197,28,100
197,29,109
197,30,123
197,31,131
197,32,137
197,33,137
197,34,138
197,35,138
197,36,137
197,37,138
197,38,138
197,39,136
197,40,134
197,41,134
197,42,134
197,43,134
197,44,133
197,45,133
197,46,133
197,47,133
197,48,133
197,49,126
197,50,113
197,51,92
197,52,67
197,53,45
197,54,33
197,55,30
197,56,29
197,57,29
197,58,28
197,59,28
197,60,27
197,61,27
197,62,27
197,63,27
197,64,30
197,65,44
197,66,67
197,67,88
197,68,108
197,69,126
197,70,137
197,71,147
197,72,154
197,73,157
197,74,158
197,75,158
197,76,157
197,77,156
197,78,155
197,79,154
197,80,153
197,81,151
197,82,144
197,83,135
197,84,122
197,85,105
197,86,86
197,87,65
197,88,47
197,89,37
197,90,32
197,91,35
197,92,37
197,93,39
197,94,43
197,95,46
197,96,48
197,97,51
197,98,54
197,99,56
197,100,59
197,101,62
197,102,67
197,103,71
197,104,75
197,105,76
197,106,78
197,107,77
197,108,77
197,109,78
197,110,79
197,111,79
197,112,81
197,113,80
197,114,77
197,115,75
197,116,75
197,117,76
197,118,75
197,119,73
197,120,71
197,121,68
197,122,66
197,123,64
197,124,64
197,125,64
197,126,62
197,127,61
197,128,62
197,129,61
197,130,59
197,131,57
197,132,55
197,133,52
197,134,48
197,135,45
197,136,43
197,137,42
197,138,40
197,139,38
197,140,36
197,141,33
197,142,29
197,143,26
197,144,27
197,145,26
197,146,26
197,147,25
197,148,24
197,149,24
198,0,153
198,1,153
198,2,153
198,3,152
198,4,151
198,5,151
198,6,151
198,7,151
198,8,149
198,9,149
198,10,149
198,11,147
198,12,147
198,13,148
198,14,149
198,15,149
198,16,144
198,17,145
198,18,150
198,19,156
198,20,149
198,21,137
198,22,124
198,23,110
198,24,102
198,25,95
198,26,94
198,27,101
198,28,109
198,29,119
198,30,126
198,31,134
198,32,137
198,33,137
198,34,138
198,35,138
198,36,137
198,37,137
198,38,138
198,39,136
198,40,134
198,41,134
198,42,134
198,43,134
198,44,133
198,45,133
198,46,132
198,47,132
198,48,129
198,49,122
198,50,105
198,51,81
198,52,56
198,53,38
198,54,31
198,55,30
198,56,29
198,57,29
198,58,28
198,59,28
198,60,28
198,61,28
198,62,28
198,63,28
198,64,34
198,65,52
198,66,73
198,67,95
198,68,115
198,69,129
198,70,141
198,71,148
198,72,155
198,73,157
198,74,158
198,75,158
198,76,156
198,77,155
198,78,154
198,79,153
198,80,152
198,81,149
198,82,140
198,83,131
198,84,117
198,85,98
198,86,77
198,87,57
198,88,39
198,89,32
198,90,30
198,91,33
198,92,35
198,93,36
198,94,39
198,95,41
198,96,44
198,97,46
198,98,49
198,99,51
198,100,53
198,101,56
198,102,61
198,103,65
198,104,67
198,105,69
198,106,70
198,107,70
198,108,69
198,109,70
198,110,71
198,111,70
198,112,74
198,113,73
198,114,71
198,115,70
198,116,71
198,117,72
198,118,72
198,119,70
198,120,69
198,121,67
198,122,64
198,123,64
198,124,64
198,125,64
198,126,64
198,127,63
198,128,64
198,129,64
198,130,63
198,131,62
198,132,59
198,133,55
198,134,51
198,135,48
198,136,44
198,137,43
198,138,42
198,139,41
198,140,40
198,141,38
198,142,35
198,143,33
198,144,32
198,145,32
198,146,30
198,147,29
198,148,28
198,149,27
199,0,149
199,1,150
199,2,150
199,3,150
199,4,151
199,5,152
199,6,153
199,7,155
199,8,159
199,9,159
199,10,158
199,11,155
199,12,155
199,13,158
199,14,160
199,15,160
199,16,170
199,17,177
199,18,185
199,19,180
199,20,152
199,21,125
199,22,115
199,23,111
199,24,108
199,25,100
199,26,103
199,27,109
199,28,112
199,29,126
199,30,129
199,31,136
199,32,137
199,33,137
199,34,138
199,35,138
199,36,136
199,37,137
199,38,137
199,39,135
199,40,134
199,41,134
199,42,134
199,43,133
199,44,133
199,45,132
199,46,132
199,47,132
199,48,126
199,49,117
199,50,99
199,51,74
199,52,49
199,53,34
199,54,30
199,55,31
199,56,29
199,57,29
199,58,29
199,59,28
199,60,28
199,61,28
199,62,28
199,63,28
199,64,39
199,65,60
199,66,79
199,67,101
199,68,120
199,69,133
199,70,146
199,71,151
199,72,155
199,73,157
199,74,158
199,75,158
199,76,156
199,77,154
199,78,153
199,79,152
199,80,152
199,81,147
199,82,138
199,83,129
199,84,114
199,85,93
199,86,72
199,87,52
199,88,34
199,89,30
199,90,29
199,91,31
199,92,33
199,93,34
199,94,37
199,95,38
199,96,41
199,97,43
199,98,45
199,99,47
199,100,49
199,101,52
199,102,57
199,103,61
199,104,61
199,105,63
199,106,64
199,107,64
199,108,63
199,109,64
199,110,64
199,111,64
199,112,68
199,113,67
199,114,66
199,115,65
199,116,67
199,117,68
199,118,68
199,119,67
199,120,67
199,121,65
199,122,63
199,123,63
199,124,64
199,125,65
199,126,65
199,127,65
199,128,66
199,129,66
199,130,65
199,131,64
199,132,62
199,133,58
199,134,53
199,135,50
199,136,45
199,137,44
199,138,44
199,139,44
199,140,45
199,141,44
199,142,42
199,143,41
199,144,37
199,145,36
199,146,34
199,147,32
199,148,31
199,149,30
200,0,149
200,1,150
200,2,152
200,3,155
200,4,161
200,5,168
200,6,172
200,7,174
200,8,174
200,9,177
200,10,176
200,11,176
200,12,176
200,13,181
200,14,194
200,15,203
200,16,231
200,17,234
200,18,219
200,19,190
200,20,149
200,21,126
200,22,118
200,23,116
200,24,109
200,25,108
200,26,111
200,27,116
200,28,123
200,29,128
200,30,133
200,31,136
200,32,137
200,33,137
200,34,137
200,35,137
200,36,137
200,37,136
200,38,135
200,39,135
200,40,132
200,41,133
200,42,132
200,43,132
200,44,131
200,45,132
200,46,134
200,47,130
200,48,124
200,49,109
200,50,87
200,51,62
200,52,42
200,53,33
200,54,31
200,55,30
200,56,29
200,57,30
200,58,30
200,59,28
200,60,27
200,61,27
200,62,28
200,63,29
200,64,47
200,65,67
200,66,88
200,67,110
200,68,126
200,69,137
200,70,148
200,71,154
200,72,156
200,73,157
200,74,157
200,75,157
200,76,155
200,77,153
200,78,152
200,79,153
200,80,151
200,81,145
200,82,135
200,83,124
200,84,105
200,85,84
200,86,64
200,87,43
200,88,27
200,89,27
200,90,27
200,91,28
200,92,30
200,93,32
200,94,33
200,95,34
200,96,36
200,97,38
200,98,41
200,99,43
200,100,45
200,101,47
200,102,50
200,103,52
200,104,54
200,105,54
200,106,55
200,107,55
200,108,56
200,109,56
200,110,56
200,111,56
200,112,58
200,113,60
200,114,60
200,115,61
200,116,63
200,117,64
200,118,63
200,119,64
200,120,63
200,121,63
200,122,63
200,123,62
200,124,63
200,125,64
200,126,65
200,127,66
200,128,68
200,129,67
200,130,67
200,131,66
200,132,64
200,133,60
200,134,56
200,135,53
200,136,50
200,137,50
200,138,49
200,139,49
200,140,49
200,141,49
200,142,48
200,143,47
200,144,43
200,145,42
200,146,39
200,147,37
200,148,35
200,149,34
201,0,159
201,1,159
201,2,160
201,3,164
201,4,169
201,5,175
201,6,179
201,7,181
201,8,186
201,9,189
201,10,188
201,11,188
201,12,189
201,13,196
201,14,212
201,15,223
201,16,240
201,17,240
201,18,221
201,19,189
201,20,148
201,21,127
201,22,121
201,23,118
201,24,112
201,25,113
201,26,115
201,27,120
201,28,125
201,29,130
201,30,134
201,31,137
201,32,137
201,33,137
201,34,137
201,35,137
201,36,136
201,37,135
201,38,134
201,39,134
201,40,133
201,41,134
201,42,132
201,43,132
201,44,131
201,45,132
201,46,133
201,47,128
201,48,120
201,49,103
201,50,79
201,51,56
201,52,39
201,53,32
201,54,32
201,55,31
201,56,29
201,57,31
201,58,30
201,59,29
201,60,29
201,61,28
201,62,29
201,63,33
201,64,54
201,65,74
201,66,95
201,67,115
201,68,131
201,69,141
201,70,151
201,71,156
201,72,156
201,73,157
201,74,157
201,75,156
201,76,155
201,77,153
201,78,153
201,79,153
201,80,149
201,81,142
201,82,131
201,83,119
201,84,99
201,85,78
201,86,58
201,87,38
201,88,26
201,89,26
201,90,26
201,91,27
201,92,28
201,93,30
201,94,31
201,95,32
201,96,34
201,97,36
201,98,38
201,99,40
201,100,41
201,101,43
201,102,45
201,103,46
201,104,48
201,105,48
201,106,49
201,107,50
201,108,50
201,109,50
201,110,50
201,111,49
201,112,53
201,113,54
201,114,55
201,115,56
201,116,59
201,117,61
201,118,61
201,119,63
201,120,62
201,121,62
201,122,61
201,123,61
201,124,62
201,125,63
201,126,65
201,127,66
201,128,68
201,129,67
201,130,66
201,131,65
201,132,64
201,133,62
201,134,59
201,135,56
201,136,54
201,137,54
201,138,54
201,139,54
201,140,54
201,141,53
201,142,52
201,143,51
201,144,49
201,145,48
201,146,46
201,147,43
201,148,41
201,149,40
202,0,167
202,1,166
202,2,167
202,3,170
202,4,176
202,5,181
202,6,185
202,7,187
202,8,191
202,9,195
202,10,196
202,11,196
202,12,198
202,13,206
202,14,223
202,15,234
202,16,243
202,17,239
202,18,218
202,19,183
202,20,143
202,21,129
202,22,126
202,23,122
202,24,118
202,25,119
202,26,122
202,27,126
202,28,129
202,29,133
202,30,136
202,31,138
202,32,137
202,33,137
202,34,137
202,35,136
202,36,136
202,37,135
202,38,134
202,39,133
202,40,133
202,41,134
202,42,131
202,43,132
202,44,131
202,45,131
202,46,132
202,47,126
202,48,113
202,49,93
202,50,67
202,51,46
202,52,34
202,53,31
202,54,32
202,55,31
202,56,30
202,57,31
202,58,29
202,59,29
202,60,30
202,61,28
202,62,30
202,63,40
202,64,62
202,65,82
202,66,102
202,67,121
202,68,135
202,69,144
202,70,153
202,71,156
202,72,157
202,73,157
202,74,157
202,75,156
202,76,155
202,77,154
202,78,153
202,79,152
202,80,147
202,81,139
202,82,127
202,83,113
202,84,92
202,85,70
202,86,51
202,87,33
202,88,24
202,89,24
202,90,24
202,91,24
202,92,26
202,93,28
202,94,29
202,95,29
202,96,31
202,97,33
202,98,34
202,99,35
202,100,36
202,101,36
202,102,37
202,103,38
202,104,39
202,105,39
202,106,40
202,107,41
202,108,42
202,109,41
202,110,41
202,111,40
202,112,44
202,113,46
202,114,47
202,115,49
202,116,53
202,117,56
202,118,58
202,119,61
202,120,60
202,121,60
202,122,59
202,123,59
202,124,60
202,125,62
202,126,65
202,127,66
202,128,68
202,129,67
202,130,66
202,131,65
202,132,64
202,133,64
202,134,63
202,135,62
202,136,60
202,137,60
202,138,60
202,139,60
202,140,60
202,141,60
202,142,59
202,143,58
202,144,56
202,145,54
202,146,52
202,147,49
202,148,47
202,149,45
203,0,169
203,1,168
203,2,168
203,3,172
203,4,178
203,5,184
203,6,188
203,7,191
203,8,197
203,9,202
203,10,204
203,11,205
203,12,206
203,13,213
203,14,229
203,15,239
203,16,243
203,17,236
203,18,212
203,19,176
203,20,140
203,21,131
203,22,131
203,23,125
203,24,123
203,25,125
203,26,128
203,27,130
203,28,133
203,29,134
203,30,137
203,31,139
203,32,137
203,33,137
203,34,137
203,35,136
203,36,135
203,37,134
203,38,133
203,39,132
203,40,132
203,41,132
203,42,130
203,43,130
203,44,131
203,45,131
203,46,130
203,47,122
203,48,107
203,49,85
203,50,59
203,51,41
203,52,33
203,53,32
203,54,33
203,55,33
203,56,30
203,57,32
203,58,29
203,59,29
203,60,31
203,61,28
203,62,33
203,63,47
203,64,69
203,65,89
203,66,109
203,67,126
203,68,139
203,69,147
203,70,154
203,71,156
203,72,157
203,73,157
203,74,156
203,75,155
203,76,154
203,77,154
203,78,153
203,79,152
203,80,144
203,81,136
203,82,123
203,83,107
203,84,85
203,85,62
203,86,43
203,87,28
203,88,22
203,89,22
203,90,21
203,91,22
203,92,23
203,93,25
203,94,26
203,95,26
203,96,28
203,97,29
203,98,30
203,99,30
203,100,30
203,101,29
203,102,29
203,103,29
203,104,30
203,105,31
203,106,32
203,107,33
203,108,34
203,109,34
203,110,34
203,111,33
203,112,36
203,113,38
203,114,39
203,115,42
203,116,48
203,117,52
203,118,55
203,119,59
203,120,58
203,121,58
203,122,57
203,123,57
203,124,58
203,125,61
203,126,64
203,127,66
203,128,68
203,129,67
203,130,66
203,131,65
203,132,65
203,133,66
203,134,66
203,135,66
203,136,64
203,137,64
203,138,64
203,139,64
203,140,65
203,141,65
203,142,64
203,143,64
203,144,62
203,145,60
203,146,58
203,147,55
203,148,52
203,149,51
204,0,170
204,1,169
204,2,170
204,3,175
204,4,181
204,5,187
204,6,193
204,7,197
204,8,206
204,9,212
204,10,213
204,11,214
204,12,214
204,13,220
204,14,234
204,15,243
204,16,245
204,17,235
204,18,210
204,19,174
204,20,141
204,21,135
204,22,133
204,23,127
204,24,128
204,25,130
204,26,132
204,27,133
204,28,134
204,29,135
204,30,137
204,31,138
204,32,137
204,33,137
204,34,136
204,35,135
204,36,134
204,37,133
204,38,132
204,39,131
204,40,132
204,41,132
204,42,130
204,43,131
204,44,132
204,45,132
204,46,128
204,47,117
204,48,99
204,49,76
204,50,52
204,51,38
204,52,33
204,53,33
204,54,33
204,55,31
204,56,31
204,57,32
204,58,29
204,59,29
204,60,31
204,61,29
204,62,37
204,63,55
204,64,76
204,65,96
204,66,115
204,67,131
204,68,143
204,69,150
204,70,156
204,71,158
204,72,157
204,73,157
204,74,156
204,75,155
204,76,154
204,77,154
204,78,152
204,79,150
204,80,141
204,81,131
204,82,118
204,83,100
204,84,77
204,85,55
204,86,35
204,87,23
204,88,21
204,89,20
204,90,20
204,91,20
204,92,21
204,93,23
204,94,23
204,95,24
204,96,24
204,97,25
204,98,25
204,99,25
204,100,25
204,101,24
204,102,23
204,103,23
204,104,24
204,105,25
204,106,26
204,107,28
204,108,28
204,109,29
204,110,29
204,111,28
204,112,29
204,113,31
204,114,33
204,115,37
204,116,43
204,117,48
204,118,52
204,119,55
204,120,56
204,121,55
204,122,54
204,123,54
204,124,56
204,125,59
204,126,62
204,127,65
204,128,67
204,129,67
204,130,66
204,131,66
204,132,67
204,133,68
204,134,68
204,135,68
204,136,67
204,137,67
204,138,68
204,139,69
204,140,70
204,141,71
204,142,71
204,143,71
204,144,69
204,145,68
204,146,65
204,147,62
204,148,59
204,149,58
205,0,170
205,1,169
205,2,172
205,3,177
205,4,183
205,5,190
205,6,197
205,7,204
205,8,212
205,9,218
205,10,219
205,11,219
205,12,219
205,13,225
205,14,238
205,15,245
205,16,244
205,17,233
205,18,206
205,19,170
205,20,142
205,21,138
205,22,134
205,23,130
205,24,132
205,25,133
205,26,134
205,27,134
205,28,135
205,29,136
205,30,137
205,31,137
205,32,137
205,33,137
205,34,136
205,35,135
205,36,134
205,37,133
205,38,132
205,39,131
205,40,132
205,41,132
205,42,131
205,43,132
205,44,132
205,45,131
205,46,124
205,47,111
205,48,89
205,49,67
205,50,46
205,51,36
205,52,33
205,53,33
205,54,32
205,55,31
205,56,31
205,57,32
205,58,30
205,59,30
205,60,31
205,61,31
205,62,43
205,63,62
205,64,83
205,65,102
205,66,120
205,67,135
205,68,145
205,69,151
205,70,156
205,71,157
205,72,157
205,73,157
205,74,156
205,75,154
205,76,154
205,77,153
205,78,151
205,79,148
205,80,138
205,81,128
205,82,114
205,83,93
205,84,71
205,85,50
205,86,31
205,87,23
205,88,21
205,89,20
205,90,19
205,91,19
205,92,20
205,93,21
205,94,22
205,95,22
205,96,22
205,97,22
205,98,22
205,99,22
205,100,21
205,101,20
205,102,20
205,103,19
205,104,21
205,105,21
205,106,22
205,107,23
205,108,24
205,109,24
205,110,25
205,111,25
205,112,23
205,113,25
205,114,27
205,115,30
205,116,37
205,117,42
205,118,46
205,119,50
205,120,53
205,121,52
205,122,51
205,123,51
205,124,54
205,125,57
205,126,61
205,127,63
205,128,65
205,129,66
205,130,66
205,131,67
205,132,68
205,133,69
205,134,69
205,135,69
205,136,70
205,137,71
205,138,72
205,139,74
205,140,76
205,141,77
205,142,78
205,143,78
205,144,75
205,145,74
205,146,72
205,147,69
205,148,66
205,149,64
206,0,170
206,1,171
206,2,174
206,3,180
206,4,185
206,5,191
206,6,200
206,7,208
206,8,218
206,9,224
206,10,225
206,11,225
206,12,226
206,13,231
206,14,242
206,15,247
206,16,243
206,17,230
206,18,201
206,19,165
206,20,142
206,21,140
206,22,134
206,23,133
206,24,136
206,25,136
206,26,135
206,27,135
206,28,135
206,29,137
206,30,137
206,31,137
206,32,137
206,33,136
206,34,136
206,35,135
206,36,134
206,37,133
206,38,132
206,39,131
206,40,132
206,41,132
206,42,130
206,43,131
206,44,131
206,45,128
206,46,118
206,47,102
206,48,80
206,49,60
206,50,41
206,51,35
206,52,34
206,53,35
206,54,34
206,55,33
206,56,31
206,57,31
206,58,31
206,59,31
206,60,31
206,61,34
206,62,49
206,63,69
206,64,90
206,65,109
206,66,126
206,67,138
206,68,147
206,69,152
206,70,156
206,71,156
206,72,157
206,73,157
206,74,156
206,75,154
206,76,154
206,77,153
206,78,150
206,79,145
206,80,135
206,81,123
206,82,108
206,83,85
206,84,63
206,85,43
206,86,27
206,87,23
206,88,21
206,89,20
206,90,19
206,91,19
206,92,19
206,93,20
206,94,21
206,95,21
206,96,21
206,97,21
206,98,21
206,99,20
206,100,20
206,101,19
206,102,19
206,103,19
206,104,18
206,105,19
206,106,19
206,107,19
206,108,20
206,109,20
206,110,20
206,111,21
206,112,19
206,113,20
206,114,20
206,115,23
206,116,29
206,117,35
206,118,40
206,119,45
206,120,49
206,121,48
206,122,48
206,123,49
206,124,51
206,125,55
206,126,59
206,127,62
206,128,64
206,129,65
206,130,66
206,131,67
206,132,68
206,133,69
206,134,70
206,135,70
206,136,73
206,137,73
206,138,75
206,139,77
206,140,80
206,141,83
206,142,84
206,143,84
206,144,82
206,145,81
206,146,80
206,147,77
206,148,74
206,149,72
207,0,172
207,1,173
207,2,177
207,3,182
207,4,187
207,5,193
207,6,203
207,7,212
207,8,220
207,9,227
207,10,230
207,11,231
207,12,231
207,13,235
207,14,243
207,15,246
207,16,244
207,17,231
207,18,199
207,19,163
207,20,142
207,21,141
207,22,134
207,23,136
207,24,138
207,25,138
207,26,136
207,27,135
207,28,136
207,29,138
207,30,138
207,31,137
207,32,137
207,33,136
207,34,136
207,35,135
207,36,134
207,37,133
207,38,132
207,39,132
207,40,131
207,41,132
207,42,130
207,43,130
207,44,129
207,45,124
207,46,113
207,47,95
207,48,69
207,49,50
207,50,33
207,51,29
207,52,30
207,53,30
207,54,30
207,55,30
207,56,31
207,57,31
207,58,32
207,59,32
207,60,31
207,61,36
207,62,54
207,63,73
207,64,96
207,65,115
207,66,131
207,67,142
207,68,150
207,69,154
207,70,158
207,71,157
207,72,157
207,73,157
207,74,156
207,75,154
207,76,153
207,77,153
207,78,149
207,79,144
207,80,130
207,81,117
207,82,101
207,83,77
207,84,55
207,85,37
207,86,22
207,87,20
207,88,22
207,89,20
207,90,19
207,91,19
207,92,19
207,93,20
207,94,20
207,95,20
207,96,20
207,97,20
207,98,20
207,99,19
207,100,19
207,101,19
207,102,19
207,103,19
207,104,17
207,105,17
207,106,17
207,107,17
207,108,17
207,109,17
207,110,17
207,111,18
207,112,17
207,113,17
207,114,16
207,115,17
207,116,23
207,117,30
207,118,36
207,119,41
207,120,46
207,121,46
207,122,46
207,123,47
207,124,50
207,125,54
207,126,58
207,127,61
207,128,63
207,129,64
207,130,65
207,131,67
207,132,68
207,133,70
207,134,71
207,135,72
207,136,74
207,137,74
207,138,76
207,139,79
207,140,82
207,141,85
207,142,87
207,143,88
207,144,88
207,145,88
207,146,87
207,147,84
207,148,81
207,149,79
208,0,173
208,1,174
208,2,178
208,3,184
208,4,189
208,5,195
208,6,205
208,7,215
208,8,225
208,9,233
208,10,234
208,11,234
208,12,236
208,13,238
208,14,244
208,15,246
208,16,242
208,17,228
208,18,197
208,19,158
208,20,139
208,21,137
208,22,136
208,23,138
208,24,139
208,25,139
208,26,137
208,27,136
208,28,137
208,29,137
208,30,136
208,31,137
208,32,137
208,33,136
208,34,135
208,35,134
208,36,134
208,37,135
208,38,135
208,39,135
208,40,136
208,41,137
208,42,137
208,43,138
208,44,136
208,45,130
208,46,117
208,47,100
208,48,83
208,49,69
208,50,61
208,51,58
208,52,53
208,53,49
208,54,41
208,55,35
208,56,32
208,57,32
208,58,32
208,59,32
208,60,31
208,61,45
208,62,62
208,63,82
208,64,103
208,65,121
208,66,135
208,67,145
208,68,153
208,69,156
208,70,157
208,71,157
208,72,157
208,73,156
208,74,155
208,75,154
208,76,153
208,77,153
208,78,147
208,79,139
208,80,128
208,81,113
208,82,93
208,83,71
208,84,49
208,85,31
208,86,22
208,87,21
208,88,20
208,89,20
208,90,20
208,91,19
208,92,19
208,93,20
208,94,20
208,95,20
208,96,19
208,97,19
208,98,19
208,99,18
208,100,18
208,101,19
208,102,19
208,103,18
208,104,17
208,105,17
208,106,16
208,107,15
208,108,15
208,109,15
208,110,14
208,111,14
208,112,14
208,113,14
208,114,13
208,115,14
208,116,17
208,117,24
208,118,32
208,119,37
208,120,41
208,121,43
208,122,43
208,123,44
208,124,47
208,125,51
208,126,54
208,127,56
208,128,59
208,129,63
208,130,65
208,131,66
208,132,68
208,133,69
208,134,69
208,135,70
208,136,73
208,137,76
208,138,80
208,139,84
208,140,87
208,141,89
208,142,92
208,143,93
208,144,94
208,145,95
208,146,94
208,147,92
208,148,88
208,149,85
