y_val,x_val,data_channel
0,0,152
0,1,160
0,2,172
0,3,182
0,4,187
0,5,187
0,6,182
0,7,179
0,8,188
0,9,188
0,10,188
0,11,188
0,12,188
0,13,188
0,14,188
0,15,188
0,16,193
0,17,192
0,18,190
0,19,187
0,20,184
0,21,181
0,22,179
0,23,178
0,24,183
0,25,183
0,26,183
0,27,183
0,28,183
0,29,183
0,30,183
0,31,183
0,32,177
0,33,185
0,34,190
0,35,181
0,36,162
0,37,149
0,38,147
0,39,152
0,40,149
0,41,157
0,42,169
0,43,180
0,44,186
0,45,186
0,46,182
0,47,178
0,48,173
0,49,174
0,50,176
0,51,179
0,52,182
0,53,185
0,54,187
0,55,188
0,56,175
0,57,182
0,58,185
0,59,176
0,60,159
0,61,148
0,62,149
0,63,155
0,64,182
0,65,176
0,66,169
0,67,165
0,68,168
0,69,176
0,70,187
0,71,194
0,72,184
0,73,187
0,74,183
0,75,167
0,76,146
0,77,136
0,78,140
0,79,148
0,80,171
0,81,174
0,82,182
0,83,173
0,84,128
0,85,75
0,86,57
0,87,69
0,88,102
0,89,136
0,90,175
0,91,192
0,92,187
0,93,181
0,94,188
0,95,199
0,96,197
0,97,184
0,98,173
0,99,176
0,100,190
0,101,201
0,102,202
0,103,197
0,104,185
0,105,149
0,106,118
0,107,108
0,108,97
0,109,78
0,110,70
0,111,76
0,112,78
0,113,82
0,114,90
0,115,99
0,116,109
0,117,118
0,118,125
0,119,129
0,120,144
0,121,161
0,122,154
0,123,114
0,124,79
0,125,70
0,126,70
0,127,65
0,128,32
0,129,31
0,130,31
0,131,30
0,132,30
0,133,29
0,134,29
0,135,29
0,136,25
0,137,26
0,138,26
0,139,27
0,140,29
0,141,30
0,142,30
0,143,31
0,144,35
0,145,36
0,146,37
0,147,39
0,148,42
0,149,44
1,0,154
1,1,161
1,2,172
1,3,182
1,4,187
1,5,186
1,6,182
1,7,179
1,8,188
1,9,188
1,10,188
1,11,188
1,12,188
1,13,188
1,14,188
1,15,188
1,16,192
1,17,191
1,18,189
1,19,187
1,20,184
1,21,182
1,22,180
1,23,179
1,24,183
1,25,183
1,26,183
1,27,183
1,28,183
1,29,183
1,30,183
1,31,183
1,32,180
1,33,185
1,34,185
1,35,175
1,36,159
1,37,150
1,38,152
1,39,158
1,40,154
1,41,161
1,42,172
1,43,182
1,44,188
1,45,187
1,46,184
1,47,181
1,48,174
1,49,175
1,50,177
1,51,179
1,52,182
1,53,184
1,54,186
1,55,187
1,56,178
1,57,180
1,58,178
1,59,171
1,60,161
1,61,153
1,62,151
1,63,152
1,64,174
1,65,170
1,66,166
1,67,164
1,68,167
1,69,176
1,70,187
1,71,194
1,72,185
1,73,184
1,74,175
1,75,157
1,76,140
1,77,136
1,78,147
1,79,159
1,80,183
1,81,177
1,82,173
1,83,157
1,84,113
1,85,68
1,86,58
1,87,75
1,88,115
1,89,145
1,90,180
1,91,194
1,92,189
1,93,182
1,94,188
1,95,198
1,96,188
1,97,180
1,98,174
1,99,177
1,100,187
1,101,192
1,102,187
1,103,179
1,104,166
1,105,132
1,106,106
1,107,100
1,108,94
1,109,79
1,110,74
1,111,81
1,112,82
1,113,85
1,114,90
1,115,99
1,116,109
1,117,120
1,118,130
1,119,135
1,120,148
1,121,154
1,122,137
1,123,97
1,124,69
1,125,62
1,126,56
1,127,43
1,128,33
1,129,32
1,130,32
1,131,31
1,132,30
1,133,29
1,134,29
1,135,28
1,136,25
1,137,26
1,138,26
1,139,27
1,140,29
1,141,30
1,142,30
1,143,31
1,144,35
1,145,36
1,146,37
1,147,39
1,148,42
1,149,44
2,0,158
2,1,164
2,2,173
2,3,181
2,4,186
2,5,186
2,6,183
2,7,180
2,8,187
2,9,187
2,10,187
2,11,187
2,12,187
2,13,187
2,14,187
2,15,187
2,16,191
2,17,190
2,18,189
2,19,187
2,20,184
2,21,182
2,22,181
2,23,180
2,24,183
2,25,183
2,26,183
2,27,183
2,28,183
2,29,183
2,30,183
2,31,183
2,32,184
2,33,183
2,34,177
2,35,165
2,36,154
2,37,152
2,38,160
2,39,168
2,40,162
2,41,168
2,42,178
2,43,186
2,44,190
2,45,190
2,46,187
2,47,184
2,48,175
2,49,176
2,50,177
2,51,179
2,52,182
2,53,184
2,54,185
2,55,186
2,56,182
2,57,175
2,58,168
2,59,163
2,60,162
2,61,159
2,62,153
2,63,148
2,64,163
2,65,162
2,66,161
2,67,162
2,68,168
2,69,177
2,70,186
2,71,191
2,72,186
2,73,178
2,74,161
2,75,142
2,76,132
2,77,139
2,78,158
2,79,174
2,80,197
2,81,178
2,82,156
2,83,130
2,84,90
2,85,57
2,86,62
2,87,87
2,88,135
2,89,160
2,90,187
2,91,198
2,92,191
2,93,184
2,94,188
2,95,195
2,96,180
2,97,178
2,98,178
2,99,182
2,100,185
2,101,180
2,102,168
2,103,157
2,104,136
2,105,107
2,106,86
2,107,89
2,108,90
2,109,80
2,110,79
2,111,89
2,112,87
2,113,89
2,114,92
2,115,100
2,116,110
2,117,123
2,118,135
2,119,142
2,120,150
2,121,141
2,122,112
2,123,76
2,124,62
2,125,62
2,126,48
2,127,24
2,128,35
2,129,34
2,130,33
2,131,32
2,132,31
2,133,29
2,134,28
2,135,28
2,136,25
2,137,26
2,138,26
2,139,27
2,140,29
2,141,30
2,142,30
2,143,31
2,144,35
2,145,36
2,146,37
2,147,39
2,148,42
2,149,44
3,0,162
3,1,167
3,2,174
3,3,181
3,4,185
3,5,185
3,6,183
3,7,182
3,8,186
3,9,186
3,10,186
3,11,186
3,12,186
3,13,186
3,14,186
3,15,186
3,16,189
3,17,189
3,18,188
3,19,186
3,20,185
3,21,183
3,22,182
3,23,182
3,24,183
3,25,183
3,26,183
3,27,183
3,28,183
3,29,183
3,30,183
3,31,183
3,32,187
3,33,180
3,34,168
3,35,156
3,36,151
3,37,157
3,38,168
3,39,177
3,40,171
3,41,175
3,42,182
3,43,188
3,44,191
3,45,191
3,46,188
3,47,186
3,48,177
3,49,177
3,50,178
3,51,180
3,52,181
3,53,183
3,54,184
3,55,184
3,56,183
3,57,170
3,58,158
3,59,156
3,60,161
3,61,163
3,62,156
3,63,147
3,64,154
3,65,155
3,66,158
3,67,163
3,68,170
3,69,178
3,70,184
3,71,188
3,72,184
3,73,169
3,74,148
3,75,130
3,76,128
3,77,143
3,78,167
3,79,185
3,80,201
3,81,169
3,82,133
3,83,101
3,84,68
3,85,51
3,86,70
3,87,104
3,88,157
3,89,175
3,90,193
3,91,199
3,92,193
3,93,186
3,94,188
3,95,192
3,96,180
3,97,182
3,98,186
3,99,187
3,100,183
3,101,171
3,102,155
3,103,143
3,104,110
3,105,84
3,106,70
3,107,79
3,108,87
3,109,82
3,110,84
3,111,94
3,112,91
3,113,92
3,114,96
3,115,102
3,116,113
3,117,125
3,118,136
3,119,143
3,120,140
3,121,122
3,122,88
3,123,63
3,124,69
3,125,81
3,126,61
3,127,28
3,128,37
3,129,37
3,130,35
3,131,33
3,132,31
3,133,30
3,134,28
3,135,27
3,136,25
3,137,26
3,138,26
3,139,27
3,140,29
3,141,30
3,142,30
3,143,31
3,144,35
3,145,36
3,146,37
3,147,39
3,148,42
3,149,44
4,0,167
4,1,171
4,2,175
4,3,180
4,4,183
4,5,184
4,6,184
4,7,183
4,8,185
4,9,185
4,10,185
4,11,185
4,12,185
4,13,185
4,14,185
4,15,185
4,16,188
4,17,187
4,18,187
4,19,186
4,20,185
4,21,184
4,22,184
4,23,183
4,24,183
4,25,183
4,26,183
4,27,183
4,28,183
4,29,183
4,30,183
4,31,183
4,32,186
4,33,174
4,34,159
4,35,150
4,36,153
4,37,163
4,38,176
4,39,183
4,40,178
4,41,180
4,42,184
4,43,188
4,44,189
4,45,189
4,46,188
4,47,186
4,48,178
4,49,179
4,50,179
4,51,180
4,52,181
4,53,182
4,54,182
4,55,183
4,56,179
4,57,166
4,58,153
4,59,151
4,60,157
4,61,162
4,62,157
4,63,150
4,64,149
4,65,153
4,66,160
4,67,167
4,68,174
4,69,179
4,70,182
4,71,184
4,72,175
4,73,159
4,74,139
4,75,127
4,76,131
4,77,149
4,78,170
4,79,184
4,80,186
4,81,147
4,82,104
4,83,76
4,84,56
4,85,54
4,86,85
4,87,124
4,88,175
4,89,185
4,90,195
4,91,198
4,92,193
4,93,188
4,94,188
4,95,190
4,96,184
4,97,187
4,98,188
4,99,183
4,100,171
4,101,157
4,102,146
4,103,140
4,104,98
4,105,74
4,106,63
4,107,77
4,108,87
4,109,83
4,110,85
4,111,96
4,112,92
4,113,95
4,114,100
4,115,108
4,116,116
4,117,124
4,118,130
4,119,133
4,120,119
4,121,99
4,122,71
4,123,62
4,124,88
4,125,110
4,126,89
4,127,50
4,128,40
4,129,39
4,130,37
4,131,35
4,132,32
4,133,30
4,134,28
4,135,27
4,136,25
4,137,26
4,138,26
4,139,27
4,140,29
4,141,30
4,142,30
4,143,31
4,144,35
4,145,36
4,146,37
4,147,39
4,148,42
4,149,44
5,0,172
5,1,174
5,2,177
5,3,180
5,4,182
5,5,184
5,6,185
5,7,185
5,8,184
5,9,184
5,10,184
5,11,184
5,12,184
5,13,184
5,14,184
5,15,184
5,16,186
5,17,186
5,18,186
5,19,186
5,20,185
5,21,185
5,22,185
5,23,185
5,24,183
5,25,183
5,26,183
5,27,183
5,28,183
5,29,183
5,30,183
5,31,183
5,32,180
5,33,167
5,34,153
5,35,149
5,36,158
5,37,171
5,38,181
5,39,185
5,40,182
5,41,183
5,42,184
5,43,185
5,44,185
5,45,185
5,46,184
5,47,184
5,48,180
5,49,180
5,50,180
5,51,180
5,52,181
5,53,181
5,54,181
5,55,181
5,56,171
5,57,163
5,58,153
5,59,149
5,60,151
5,61,155
5,62,158
5,63,158
5,64,151
5,65,157
5,66,166
5,67,175
5,68,180
5,69,182
5,70,181
5,71,179
5,72,163
5,73,150
5,74,135
5,75,132
5,76,142
5,77,156
5,78,167
5,79,172
5,80,155
5,81,115
5,82,76
5,83,59
5,84,54
5,85,65
5,86,103
5,87,144
5,88,186
5,89,189
5,90,193
5,91,193
5,92,191
5,93,189
5,94,188
5,95,189
5,96,184
5,97,183
5,98,175
5,99,161
5,100,144
5,101,134
5,102,135
5,103,139
5,104,100
5,105,77
5,106,68
5,107,81
5,108,90
5,109,84
5,110,83
5,111,92
5,112,90
5,113,96
5,114,106
5,115,115
5,116,120
5,117,120
5,118,117
5,119,115
5,120,92
5,121,78
5,122,61
5,123,67
5,124,104
5,125,131
5,126,108
5,127,66
5,128,43
5,129,42
5,130,39
5,131,36
5,132,33
5,133,30
5,134,28
5,135,26
5,136,25
5,137,26
5,138,26
5,139,27
5,140,29
5,141,30
5,142,30
5,143,31
5,144,35
5,145,36
5,146,37
5,147,39
5,148,42
5,149,44
6,0,176
6,1,176
6,2,177
6,3,179
6,4,181
6,5,183
6,6,185
6,7,186
6,8,183
6,9,183
6,10,183
6,11,183
6,12,183
6,13,183
6,14,183
6,15,183
6,16,185
6,17,185
6,18,185
6,19,185
6,20,186
6,21,186
6,22,186
6,23,186
6,24,183
6,25,183
6,26,183
6,27,183
6,28,183
6,29,183
6,30,183
6,31,183
6,32,173
6,33,161
6,34,149
6,35,151
6,36,165
6,37,178
6,38,184
6,39,183
6,40,183
6,41,183
6,42,182
6,43,181
6,44,181
6,45,180
6,46,180
6,47,180
6,48,181
6,49,181
6,50,181
6,51,181
6,52,180
6,53,180
6,54,180
6,55,180
6,56,163
6,57,161
6,58,156
6,59,149
6,60,144
6,61,147
6,62,157
6,63,166
6,64,156
6,65,163
6,66,173
6,67,182
6,68,186
6,69,184
6,70,179
6,71,175
6,72,150
6,73,142
6,74,136
6,75,142
6,76,154
6,77,163
6,78,161
6,79,156
6,80,119
6,81,84
6,82,53
6,83,49
6,84,59
6,85,79
6,86,120
6,87,160
6,88,191
6,89,189
6,90,188
6,91,188
6,92,188
6,93,189
6,94,189
6,95,188
6,96,175
6,97,168
6,98,151
6,99,127
6,100,107
6,101,105
6,102,119
6,103,135
6,104,112
6,105,89
6,106,78
6,107,89
6,108,94
6,109,84
6,110,80
6,111,86
6,112,86
6,113,96
6,114,110
6,115,122
6,116,123
6,117,116
6,118,103
6,119,94
6,120,68
6,121,63
6,122,57
6,123,70
6,124,108
6,125,133
6,126,107
6,127,63
6,128,45
6,129,44
6,130,41
6,131,37
6,132,34
6,133,30
6,134,27
6,135,26
6,136,25
6,137,26
6,138,26
6,139,27
6,140,29
6,141,30
6,142,30
6,143,31
6,144,35
6,145,36
6,146,37
6,147,39
6,148,42
6,149,44
7,0,178
7,1,178
7,2,178
7,3,179
7,4,181
7,5,183
7,6,185
7,7,187
7,8,183
7,9,183
7,10,183
7,11,183
7,12,183
7,13,183
7,14,183
7,15,183
7,16,184
7,17,184
7,18,185
7,19,185
7,20,186
7,21,186
7,22,187
7,23,187
7,24,183
7,25,183
7,26,183
7,27,183
7,28,183
7,29,183
7,30,183
7,31,183
7,32,169
7,33,157
7,34,148
7,35,153
7,36,169
7,37,183
7,38,185
7,39,182
7,40,183
7,41,182
7,42,180
7,43,179
7,44,177
7,45,177
7,46,177
7,47,178
7,48,182
7,49,182
7,50,181
7,51,181
7,52,180
7,53,180
7,54,179
7,55,179
7,56,157
7,57,160
7,58,159
7,59,150
7,60,140
7,61,142
7,62,157
7,63,171
7,64,160
7,65,167
7,66,178
7,67,187
7,68,189
7,69,185
7,70,178
7,71,173
7,72,142
7,73,138
7,74,138
7,75,149
7,76,163
7,77,167
7,78,156
7,79,144
7,80,96
7,81,64
7,82,41
7,83,46
7,84,64
7,85,89
7,86,130
7,87,170
7,88,192
7,89,188
7,90,184
7,91,184
7,92,186
7,93,189
7,94,189
7,95,188
7,96,166
7,97,155
7,98,132
7,99,101
7,100,80
7,101,83
7,102,106
7,103,129
7,104,122
7,105,98
7,106,86
7,107,95
7,108,97
7,109,84
7,110,77
7,111,82
7,112,83
7,113,95
7,114,113
7,115,126
7,116,126
7,117,112
7,118,94
7,119,81
7,120,54
7,121,54
7,122,55
7,123,71
7,124,107
7,125,127
7,126,98
7,127,53
7,128,46
7,129,45
7,130,42
7,131,38
7,132,34
7,133,30
7,134,27
7,135,26
7,136,25
7,137,26
7,138,26
7,139,27
7,140,29
7,141,30
7,142,30
7,143,31
7,144,35
7,145,36
7,146,37
7,147,39
7,148,42
7,149,44
8,0,183
8,1,183
8,2,183
8,3,183
8,4,183
8,5,183
8,6,183
8,7,183
8,8,183
8,9,183
8,10,183
8,11,183
8,12,183
8,13,183
8,14,183
8,15,183
8,16,183
8,17,183
8,18,183
8,19,183
8,20,183
8,21,183
8,22,183
8,23,183
8,24,191
8,25,179
8,26,169
8,27,171
8,28,179
8,29,182
8,30,175
8,31,165
8,32,157
8,33,158
8,34,161
8,35,166
8,36,173
8,37,181
8,38,188
8,39,192
8,40,183
8,41,183
8,42,183
8,43,183
8,44,183
8,45,183
8,46,183
8,47,183
8,48,175
8,49,184
8,50,190
8,51,183
8,52,169
8,53,160
8,54,164
8,55,172
8,56,156
8,57,151
8,58,143
8,59,138
8,60,139
8,61,146
8,62,154
8,63,160
8,64,162
8,65,181
8,66,186
8,67,174
8,68,173
8,69,184
8,70,183
8,71,168
8,72,137
8,73,143
8,74,158
8,75,175
8,76,181
8,77,165
8,78,131
8,79,104
8,80,60
8,81,58
8,82,53
8,83,53
8,84,68
8,85,105
8,86,154
8,87,189
8,88,202
8,89,195
8,90,189
8,91,191
8,92,196
8,93,195
8,94,186
8,95,176
8,96,153
8,97,121
8,98,94
8,99,84
8,100,76
8,101,72
8,102,88
8,103,113
8,104,128
8,105,107
8,106,99
8,107,107
8,108,104
8,109,89
8,110,88
8,111,100
8,112,104
8,113,105
8,114,112
8,115,121
8,116,123
8,117,105
8,118,72
8,119,46
8,120,53
8,121,43
8,122,36
8,123,72
8,124,119
8,125,106
8,126,66
8,127,58
8,128,57
8,129,52
8,130,45
8,131,39
8,132,34
8,133,32
8,134,32
8,135,33
8,136,24
8,137,26
8,138,29
8,139,32
8,140,34
8,141,36
8,142,36
8,143,36
8,144,46
8,145,44
8,146,41
8,147,40
8,148,41
8,149,45
9,0,183
9,1,183
9,2,183
9,3,183
9,4,183
9,5,183
9,6,183
9,7,183
9,8,183
9,9,183
9,10,183
9,11,183
9,12,183
9,13,183
9,14,183
9,15,183
9,16,183
9,17,183
9,18,183
9,19,183
9,20,183
9,21,183
9,22,183
9,23,183
9,24,189
9,25,181
9,26,173
9,27,175
9,28,180
9,29,179
9,30,169
9,31,158
9,32,155
9,33,159
9,34,164
9,35,171
9,36,178
9,37,183
9,38,186
9,39,188
9,40,183
9,41,183
9,42,183
9,43,183
9,44,183
9,45,183
9,46,183
9,47,183
9,48,181
9,49,187
9,50,189
9,51,181
9,52,166
9,53,157
9,54,159
9,55,165
9,56,145
9,57,141
9,58,135
9,59,131
9,60,133
9,61,140
9,62,148
9,63,154
9,64,166
9,65,177
9,66,178
9,67,171
9,68,176
9,69,188
9,70,182
9,71,165
9,72,140
9,73,150
9,74,165
9,75,176
9,76,172
9,77,149
9,78,117
9,79,93
9,80,51
9,81,56
9,82,63
9,83,72
9,84,90
9,85,122
9,86,163
9,87,192
9,88,191
9,89,189
9,90,191
9,91,197
9,92,201
9,93,192
9,94,173
9,95,156
9,96,131
9,97,104
9,98,82
9,99,77
9,100,71
9,101,65
9,102,77
9,103,100
9,104,130
9,105,111
9,106,102
9,107,105
9,108,100
9,109,87
9,110,88
9,111,101
9,112,102
9,113,108
9,114,117
9,115,122
9,116,115
9,117,92
9,118,62
9,119,40
9,120,49
9,121,42
9,122,39
9,123,77
9,124,124
9,125,109
9,126,68
9,127,60
9,128,57
9,129,52
9,130,45
9,131,39
9,132,34
9,133,32
9,134,32
9,135,33
9,136,29
9,137,29
9,138,29
9,139,30
9,140,32
9,141,36
9,142,39
9,143,41
9,144,45
9,145,43
9,146,41
9,147,40
9,148,42
9,149,47
10,0,183
10,1,183
10,2,183
10,3,183
10,4,183
10,5,183
10,6,183
10,7,183
10,8,183
10,9,183
10,10,183
10,11,183
10,12,183
10,13,183
10,14,183
10,15,183
10,16,183
10,17,183
10,18,183
10,19,183
10,20,183
10,21,183
10,22,183
10,23,183
10,24,187
10,25,183
10,26,179
10,27,180
10,28,180
10,29,173
10,30,160
10,31,149
10,32,154
10,33,160
10,34,170
10,35,179
10,36,184
10,37,185
10,38,183
10,39,181
10,40,183
10,41,183
10,42,183
10,43,183
10,44,183
10,45,183
10,46,183
10,47,183
10,48,188
10,49,189
10,50,187
10,51,176
10,52,161
10,53,152
10,54,151
10,55,154
10,56,135
10,57,132
10,58,128
10,59,127
10,60,130
10,61,137
10,62,145
10,63,151
10,64,171
10,65,171
10,66,167
10,67,167
10,68,181
10,69,192
10,70,181
10,71,160
10,72,147
10,73,160
10,74,175
10,75,175
10,76,156
10,77,125
10,78,95
10,79,77
10,80,40
10,81,57
10,82,82
10,83,105
10,84,125
10,85,150
10,86,177
10,87,196
10,88,185
10,89,186
10,90,191
10,91,197
10,92,196
10,93,178
10,94,148
10,95,125
10,96,103
10,97,82
10,98,69
10,99,72
10,100,69
10,101,60
10,102,67
10,103,85
10,104,131
10,105,118
10,106,107
10,107,103
10,108,95
10,109,85
10,110,90
10,111,102
10,112,99
10,113,111
10,114,123
10,115,122
10,116,103
10,117,74
10,118,47
10,119,31
10,120,43
10,121,42
10,122,45
10,123,85
10,124,130
10,125,112
10,126,71
10,127,63
10,128,57
10,129,52
10,130,45
10,131,39
10,132,34
10,133,32
10,134,32
10,135,33
10,136,36
10,137,33
10,138,30
10,139,28
10,140,31
10,141,36
10,142,43
10,143,47
10,144,43
10,145,42
10,146,41
10,147,41
10,148,44
10,149,49
11,0,183
11,1,183
11,2,183
11,3,183
11,4,183
11,5,183
11,6,183
11,7,183
11,8,183
11,9,183
11,10,183
11,11,183
11,12,183
11,13,183
11,14,183
11,15,183
11,16,183
11,17,183
11,18,183
11,19,183
11,20,183
11,21,183
11,22,183
11,23,183
11,24,185
11,25,184
11,26,184
11,27,182
11,28,177
11,29,166
11,30,152
11,31,143
11,32,155
11,33,163
11,34,175
11,35,186
11,36,190
11,37,187
11,38,181
11,39,176
11,40,183
11,41,183
11,42,183
11,43,183
11,44,183
11,45,183
11,46,183
11,47,183
11,48,191
11,49,188
11,50,180
11,51,168
11,52,156
11,53,148
11,54,146
11,55,146
11,56,138
11,57,136
11,58,134
11,59,135
11,60,138
11,61,145
11,62,152
11,63,156
11,64,174
11,65,164
11,66,156
11,67,165
11,68,184
11,69,193
11,70,179
11,71,158
11,72,154
11,73,167
11,74,177
11,75,166
11,76,136
11,77,101
11,78,76
11,79,65
11,80,38
11,81,66
11,82,106
11,83,140
11,84,161
11,85,176
11,86,188
11,87,197
11,88,195
11,89,190
11,90,184
11,91,179
11,92,170
11,93,148
11,94,117
11,95,95
11,96,84
11,97,69
11,98,65
11,99,75
11,100,74
11,101,63
11,102,65
11,103,80
11,104,127
11,105,122
11,106,114
11,107,103
11,108,91
11,109,86
11,110,93
11,111,104
11,112,99
11,113,113
11,114,124
11,115,116
11,116,89
11,117,58
11,118,36
11,119,27
11,120,40
11,121,43
11,122,51
11,123,90
11,124,131
11,125,111
11,126,71
11,127,65
11,128,57
11,129,52
11,130,45
11,131,39
11,132,34
11,133,32
11,134,32
11,135,33
11,136,41
11,137,37
11,138,32
11,139,30
11,140,32
11,141,39
11,142,47
11,143,53
11,144,45
11,145,43
11,146,42
11,147,42
11,148,45
11,149,50
12,0,183
12,1,183
12,2,183
12,3,183
12,4,183
12,5,183
12,6,183
12,7,183
12,8,183
12,9,183
12,10,183
12,11,183
12,12,183
12,13,183
12,14,183
12,15,183
12,16,183
12,17,183
12,18,183
12,19,183
12,20,183
12,21,183
12,22,183
12,23,183
12,24,183
12,25,185
12,26,185
12,27,180
12,28,170
12,29,158
12,30,149
12,31,144
12,32,161
12,33,169
12,34,180
12,35,189
12,36,192
12,37,188
12,38,181
12,39,175
12,40,183
12,41,183
12,42,183
12,43,183
12,44,183
12,45,183
12,46,183
12,47,183
12,48,188
12,49,180
12,50,168
12,51,158
12,52,152
12,53,148
12,54,145
12,55,143
12,56,151
12,57,151
12,58,150
12,59,151
12,60,154
12,61,159
12,62,163
12,63,166
12,64,173
12,65,157
12,66,150
12,67,165
12,68,185
12,69,189
12,70,175
12,71,160
12,72,161
12,73,167
12,74,166
12,75,147
12,76,114
12,77,84
12,78,66
12,79,61
12,80,52
12,81,85
12,82,132
12,83,169
12,84,187
12,85,192
12,86,193
12,87,194
12,88,205
12,89,188
12,90,165
12,91,146
12,92,131
12,93,113
12,94,92
12,95,77
12,96,80
12,97,68
12,98,69
12,99,82
12,100,83
12,101,70
12,102,70
12,103,83
12,104,114
12,105,122
12,106,122
12,107,108
12,108,92
12,109,89
12,110,97
12,111,104
12,112,105
12,113,113
12,114,117
12,115,104
12,116,77
12,117,51
12,118,37
12,119,33
12,120,41
12,121,47
12,122,55
12,123,90
12,124,125
12,125,103
12,126,67
12,127,66
12,128,57
12,129,52
12,130,45
12,131,39
12,132,34
12,133,32
12,134,32
12,135,33
12,136,42
12,137,40
12,138,37
12,139,35
12,140,38
12,141,43
12,142,50
12,143,54
12,144,49
12,145,47
12,146,45
12,147,44
12,148,45
12,149,49
13,0,183
13,1,183
13,2,183
13,3,183
13,4,183
13,5,183
13,6,183
13,7,183
13,8,183
13,9,183
13,10,183
13,11,183
13,12,183
13,13,183
13,14,183
13,15,183
13,16,183
13,17,183
13,18,183
13,19,183
13,20,183
13,21,183
13,22,183
13,23,183
13,24,182
13,25,185
13,26,183
13,27,174
13,28,160
13,29,151
13,30,150
13,31,152
13,32,170
13,33,175
13,34,182
13,35,188
13,36,189
13,37,187
13,38,182
13,39,178
13,40,183
13,41,183
13,42,183
13,43,183
13,44,183
13,45,183
13,46,183
13,47,183
13,48,180
13,49,168
13,50,154
13,51,148
13,52,150
13,53,152
13,54,151
13,55,148
13,56,165
13,57,165
13,58,165
13,59,165
13,60,166
13,61,168
13,62,169
13,63,171
13,64,168
13,65,152
13,66,150
13,67,168
13,68,183
13,69,180
13,70,171
13,71,166
13,72,166
13,73,159
13,74,144
13,75,121
13,76,96
13,77,77
13,78,69
13,79,67
13,80,80
13,81,112
13,82,156
13,83,187
13,84,198
13,85,195
13,86,190
13,87,187
13,88,193
13,89,168
13,90,135
13,91,110
13,92,97
13,93,90
13,94,82
13,95,75
13,96,81
13,97,69
13,98,70
13,99,83
13,100,84
13,101,71
13,102,71
13,103,84
13,104,96
13,105,117
13,106,128
13,107,115
13,108,98
13,109,97
13,110,102
13,111,104
13,112,114
13,113,111
13,114,103
13,115,87
13,116,68
13,117,54
13,118,47
13,119,46
13,120,47
13,121,52
13,122,56
13,123,84
13,124,112
13,125,90
13,126,59
13,127,65
13,128,57
13,129,52
13,130,45
13,131,39
13,132,34
13,133,32
13,134,32
13,135,33
13,136,39
13,137,40
13,138,42
13,139,45
13,140,47
13,141,49
13,142,50
13,143,51
13,144,57
13,145,54
13,146,49
13,147,46
13,148,45
13,149,46
14,0,183
14,1,183
14,2,183
14,3,183
14,4,183
14,5,183
14,6,183
14,7,183
14,8,183
14,9,183
14,10,183
14,11,183
14,12,183
14,13,183
14,14,183
14,15,183
14,16,183
14,17,183
14,18,183
14,19,183
14,20,183
14,21,183
14,22,183
14,23,183
14,24,182
14,25,184
14,26,180
14,27,166
14,28,150
14,29,145
14,30,153
14,31,163
14,32,180
14,33,181
14,34,183
14,35,184
14,36,185
14,37,184
14,38,184
14,39,183
14,40,183
14,41,183
14,42,183
14,43,183
14,44,183
14,45,183
14,46,183
14,47,183
14,48,169
14,49,155
14,50,141
14,51,140
14,52,149
14,53,157
14,54,158
14,55,155
14,56,171
14,57,171
14,58,171
14,59,170
14,60,168
14,61,167
14,62,166
14,63,165
14,64,161
14,65,149
14,66,152
14,67,172
14,68,180
14,69,170
14,70,167
14,71,174
14,72,168
14,73,148
14,74,119
14,75,95
14,76,82
14,77,78
14,78,77
14,79,77
14,80,111
14,81,138
14,82,173
14,83,196
14,84,199
14,85,191
14,86,183
14,87,179
14,88,155
14,89,133
14,90,103
14,91,85
14,92,81
14,93,84
14,94,85
14,95,84
14,96,80
14,97,66
14,98,64
14,99,76
14,100,75
14,101,63
14,102,65
14,103,79
14,104,77
14,105,111
14,106,133
14,107,123
14,108,106
14,109,104
14,110,107
14,111,104
14,112,123
14,113,108
14,114,87
14,115,71
14,116,63
14,117,62
14,118,62
14,119,62
14,120,54
14,121,57
14,122,55
14,123,75
14,124,98
14,125,76
14,126,52
14,127,63
14,128,57
14,129,52
14,130,45
14,131,39
14,132,34
14,133,32
14,134,32
14,135,33
14,136,35
14,137,40
14,138,48
14,139,54
14,140,57
14,141,54
14,142,50
14,143,46
14,144,64
14,145,60
14,146,54
14,147,48
14,148,44
14,149,43
15,0,183
15,1,183
15,2,183
15,3,183
15,4,183
15,5,183
15,6,183
15,7,183
15,8,183
15,9,183
15,10,183
15,11,183
15,12,183
15,13,183
15,14,183
15,15,183
15,16,183
15,17,183
15,18,183
15,19,183
15,20,183
15,21,183
15,22,183
15,23,183
15,24,183
15,25,183
15,26,177
15,27,160
15,28,144
15,29,142
15,30,156
15,31,171
15,32,186
15,33,185
15,34,183
15,35,181
15,36,181
15,37,183
15,38,185
15,39,187
15,40,183
15,41,183
15,42,183
15,43,183
15,44,183
15,45,183
15,46,183
15,47,183
15,48,161
15,49,147
15,50,133
15,51,135
15,52,148
15,53,161
15,54,164
15,55,161
15,56,172
15,57,171
15,58,170
15,59,169
15,60,166
15,61,163
15,62,160
15,63,158
15,64,156
15,65,148
15,66,155
15,67,175
15,68,177
15,69,164
15,70,164
15,71,179
15,72,170
15,73,140
15,74,103
15,75,78
15,76,74
15,77,80
15,78,85
15,79,85
15,80,132
15,81,155
15,82,183
15,83,198
15,84,196
15,85,186
15,86,177
15,87,174
15,88,121
15,89,103
15,90,82
15,91,73
15,92,78
15,93,87
15,94,92
15,95,93
15,96,78
15,97,62
15,98,58
15,99,67
15,100,66
15,101,55
15,102,58
15,103,73
15,104,65
15,105,107
15,106,136
15,107,128
15,108,111
15,109,109
15,110,109
15,111,103
15,112,130
15,113,106
15,114,76
15,115,60
15,116,61
15,117,69
15,118,73
15,119,72
15,120,60
15,121,60
15,122,54
15,123,69
15,124,88
15,125,68
15,126,47
15,127,62
15,128,57
15,129,52
15,130,45
15,131,39
15,132,34
15,133,32
15,134,32
15,135,33
15,136,31
15,137,39
15,138,51
15,139,60
15,140,63
15,141,58
15,142,49
15,143,43
15,144,69
15,145,65
15,146,57
15,147,49
15,148,44
15,149,41
16,0,183
16,1,183
16,2,183
16,3,183
16,4,183
16,5,183
16,6,183
16,7,183
16,8,186
16,9,185
16,10,185
16,11,184
16,12,182
16,13,181
16,14,181
16,15,180
16,16,196
16,17,192
16,18,185
16,19,179
16,20,177
16,21,177
16,22,180
16,23,182
16,24,178
16,25,172
16,26,164
16,27,159
16,28,161
16,29,170
16,30,182
16,31,190
16,32,186
16,33,185
16,34,185
16,35,184
16,36,182
16,37,181
16,38,181
16,39,180
16,40,177
16,41,180
16,42,183
16,43,186
16,44,186
16,45,184
16,46,181
16,47,179
16,48,153
16,49,146
16,50,142
16,51,150
16,52,164
16,53,172
16,54,168
16,55,161
16,56,177
16,57,177
16,58,174
16,59,169
16,60,163
16,61,161
16,62,163
16,63,166
16,64,178
16,65,175
16,66,171
16,67,167
16,68,162
16,69,157
16,70,152
16,71,149
16,72,133
16,73,130
16,74,114
16,75,87
16,76,66
16,77,74
16,78,108
16,79,140
16,80,170
16,81,188
16,82,193
16,83,183
16,84,182
16,85,189
16,86,179
16,87,159
16,88,106
16,89,91
16,90,76
16,91,73
16,92,81
16,93,86
16,94,82
16,95,75
16,96,60
16,97,63
16,98,68
16,99,71
16,100,71
16,101,68
16,102,63
16,103,60
16,104,75
16,105,90
16,106,113
16,107,134
16,108,144
16,109,142
16,110,131
16,111,121
16,112,136
16,113,101
16,114,73
16,115,69
16,116,66
16,117,58
16,118,60
16,119,72
16,120,59
16,121,61
16,122,64
16,123,65
16,124,64
16,125,61
16,126,56
16,127,53
16,128,59
16,129,54
16,130,48
16,131,43
16,132,40
16,133,37
16,134,32
16,135,29
16,136,36
16,137,42
16,138,51
16,139,58
16,140,59
16,141,54
16,142,47
16,143,42
16,144,50
16,145,48
16,146,45
16,147,40
16,148,34
16,149,30
17,0,183
17,1,183
17,2,183
17,3,183
17,4,183
17,5,183
17,6,183
17,7,183
17,8,186
17,9,185
17,10,185
17,11,184
17,12,182
17,13,181
17,14,181
17,15,180
17,16,192
17,17,189
17,18,184
17,19,179
17,20,177
17,21,179
17,22,181
17,23,183
17,24,175
17,25,171
17,26,167
17,27,164
17,28,167
17,29,173
17,30,181
17,31,186
17,32,186
17,33,185
17,34,185
17,35,184
17,36,182
17,37,181
17,38,181
17,39,180
17,40,179
17,41,182
17,42,186
17,43,189
17,44,187
17,45,181
17,46,175
17,47,170
17,48,151
17,49,150
17,50,151
17,51,156
17,52,162
17,53,165
17,54,162
17,55,158
17,56,171
17,57,168
17,58,163
17,59,159
17,60,158
17,61,161
17,62,167
17,63,171
17,64,184
17,65,178
17,66,172
17,67,169
17,68,166
17,69,160
17,70,148
17,71,139
17,72,122
17,73,126
17,74,119
17,75,95
17,76,74
17,77,82
17,78,119
17,79,154
17,80,172
17,81,185
17,82,191
17,83,185
17,84,186
17,85,188
17,86,171
17,87,145
17,88,101
17,89,89
17,90,78
17,91,77
17,92,83
17,93,85
17,94,79
17,95,71
17,96,61
17,97,64
17,98,67
17,99,70
17,100,70
17,101,67
17,102,64
17,103,61
17,104,69
17,105,79
17,106,98
17,107,120
17,108,135
17,109,136
17,110,124
17,111,113
17,112,133
17,113,99
17,114,71
17,115,68
17,116,66
17,117,57
17,118,59
17,119,71
17,120,59
17,121,61
17,122,64
17,123,65
17,124,64
17,125,61
17,126,56
17,127,53
17,128,61
17,129,58
17,130,53
17,131,48
17,132,44
17,133,39
17,134,35
17,135,32
17,136,36
17,137,42
17,138,50
17,139,56
17,140,57
17,141,53
17,142,47
17,143,42
17,144,51
17,145,49
17,146,45
17,147,40
17,148,36
17,149,31
18,0,183
18,1,183
18,2,183
18,3,183
18,4,183
18,5,183
18,6,183
18,7,183
18,8,186
18,9,185
18,10,185
18,11,184
18,12,182
18,13,181
18,14,181
18,15,180
18,16,186
18,17,184
18,18,182
18,19,179
18,20,179
18,21,180
18,22,182
18,23,184
18,24,169
18,25,170
18,26,171
18,27,173
18,28,176
18,29,178
18,30,180
18,31,181
18,32,186
18,33,185
18,34,185
18,35,184
18,36,182
18,37,181
18,38,181
18,39,180
18,40,183
18,41,186
18,42,190
18,43,190
18,44,185
18,45,176
18,46,165
18,47,157
18,48,147
18,49,154
18,50,161
18,51,162
18,52,158
18,53,153
18,54,152
18,55,153
18,56,159
18,57,153
18,58,146
18,59,145
18,60,152
18,61,163
18,62,173
18,63,179
18,64,186
18,65,180
18,66,174
18,67,175
18,68,174
18,69,162
18,70,137
18,71,117
18,72,105
18,73,119
18,74,125
18,75,108
18,76,88
18,77,96
18,78,136
18,79,175
18,80,175
18,81,183
18,82,188
18,83,189
18,84,192
18,85,185
18,86,155
18,87,123
18,88,92
18,89,87
18,90,82
18,91,83
18,92,85
18,93,83
18,94,73
18,95,65
18,96,62
18,97,64
18,98,67
18,99,69
18,100,69
18,101,67
18,102,64
18,103,62
18,104,66
18,105,68
18,106,80
18,107,102
18,108,123
18,109,129
18,110,119
18,111,106
18,112,126
18,113,93
18,114,68
18,115,67
18,116,66
18,117,57
18,118,58
18,119,69
18,120,59
18,121,61
18,122,64
18,123,65
18,124,64
18,125,61
18,126,56
18,127,53
18,128,64
18,129,64
18,130,62
18,131,57
18,132,49
18,133,42
18,134,38
18,135,37
18,136,37
18,137,42
18,138,49
18,139,54
18,140,55
18,141,52
18,142,47
18,143,43
18,144,51
18,145,49
18,146,46
18,147,42
18,148,37
18,149,33
19,0,183
19,1,183
19,2,183
19,3,183
19,4,183
19,5,183
19,6,183
19,7,183
19,8,186
19,9,185
19,10,185
19,11,184
19,12,182
19,13,181
19,14,181
19,15,180
19,16,182
19,17,181
19,18,180
19,19,180
19,20,180
19,21,181
19,22,182
19,23,183
19,24,165
19,25,169
19,26,176
19,27,181
19,28,184
19,29,183
19,30,179
19,31,177
19,32,186
19,33,185
19,34,185
19,35,184
19,36,182
19,37,181
19,38,181
19,39,180
19,40,185
19,41,188
19,42,189
19,43,187
19,44,179
19,45,166
19,46,153
19,47,144
19,48,143
19,49,153
19,50,162
19,51,159
19,52,146
19,53,137
19,54,139
19,55,144
19,56,146
19,57,137
19,58,129
19,59,133
19,60,149
19,61,167
19,62,179
19,63,185
19,64,179
19,65,177
19,66,179
19,67,184
19,68,181
19,69,157
19,70,117
19,71,85
19,72,86
19,73,109
19,74,127
19,75,121
19,76,107
19,77,116
19,78,155
19,79,194
19,80,178
19,81,181
19,82,187
19,83,194
19,84,194
19,85,175
19,86,136
19,87,102
19,88,85
19,89,85
19,90,86
19,91,87
19,92,85
19,93,78
19,94,67
19,95,60
19,96,64
19,97,65
19,98,66
19,99,67
19,100,67
19,101,66
19,102,65
19,103,64
19,104,71
19,105,68
19,106,74
19,107,93
19,108,116
19,109,126
19,110,119
19,111,108
19,112,118
19,113,87
19,114,64
19,115,65
19,116,65
19,117,56
19,118,57
19,119,67
19,120,59
19,121,61
19,122,64
19,123,65
19,124,64
19,125,61
19,126,56
19,127,53
19,128,65
19,129,70
19,130,72
19,131,66
19,132,53
19,133,43
19,134,39
19,135,41
19,136,38
19,137,41
19,138,47
19,139,51
19,140,52
19,141,50
19,142,46
19,143,44
19,144,52
19,145,50
19,146,47
19,147,44
19,148,40
19,149,36
20,0,183
20,1,183
20,2,183
20,3,183
20,4,183
20,5,183
20,6,183
20,7,183
20,8,186
20,9,185
20,10,185
20,11,184
20,12,182
20,13,181
20,14,181
20,15,180
20,16,180
20,17,181
20,18,181
20,19,181
20,20,181
20,21,180
20,22,178
20,23,178
20,24,165
20,25,171
20,26,179
20,27,186
20,28,188
20,29,186
20,30,181
20,31,177
20,32,186
20,33,185
20,34,185
20,35,184
20,36,182
20,37,181
20,38,181
20,39,180
20,40,187
20,41,186
20,42,182
20,43,175
20,44,165
20,45,153
20,46,142
20,47,135
20,48,137
20,49,145
20,50,150
20,51,142
20,52,129
20,53,121
20,54,125
20,55,132
20,56,133
20,57,123
20,58,117
20,59,128
20,60,151
20,61,174
20,62,184
20,63,186
20,64,169
20,65,173
20,66,181
20,67,185
20,68,172
20,69,138
20,70,91
20,71,57
20,72,71
20,73,97
20,74,124
20,75,131
20,76,126
20,77,137
20,78,171
20,79,203
20,80,182
20,81,183
20,82,190
20,83,197
20,84,189
20,85,157
20,86,115
20,87,88
20,88,81
20,89,85
20,90,89
20,91,87
20,92,80
20,93,71
20,94,63
20,95,59
20,96,67
20,97,66
20,98,65
20,99,64
20,100,64
20,101,65
20,102,66
20,103,67
20,104,79
20,105,77
20,106,79
20,107,91
20,108,109
20,109,120
20,110,121
20,111,117
20,112,109
20,113,79
20,114,59
20,115,63
20,116,64
20,117,56
20,118,55
20,119,65
20,120,59
20,121,61
20,122,64
20,123,65
20,124,64
20,125,61
20,126,56
20,127,53
20,128,64
20,129,74
20,130,80
20,131,72
20,132,55
20,133,41
20,134,39
20,135,42
20,136,39
20,137,41
20,138,45
20,139,48
20,140,49
20,141,48
20,142,46
20,143,45
20,144,52
20,145,51
20,146,49
20,147,46
20,148,43
20,149,40
21,0,183
21,1,183
21,2,183
21,3,183
21,4,183
21,5,183
21,6,183
21,7,183
21,8,186
21,9,185
21,10,185
21,11,184
21,12,182
21,13,181
21,14,181
21,15,180
21,16,182
21,17,183
21,18,184
21,19,183
21,20,181
21,21,177
21,22,172
21,23,170
21,24,170
21,25,174
21,26,180
21,27,186
21,28,188
21,29,187
21,30,184
21,31,181
21,32,186
21,33,185
21,34,185
21,35,184
21,36,182
21,37,181
21,38,181
21,39,180
21,40,186
21,41,180
21,42,170
21,43,158
21,44,147
21,45,139
21,46,134
21,47,132
21,48,133
21,49,131
21,50,124
21,51,115
21,52,107
21,53,106
21,54,112
21,55,119
21,56,123
21,57,114
21,58,112
21,59,130
21,60,160
21,61,182
21,62,187
21,63,183
21,64,167
21,65,173
21,66,176
21,67,165
21,68,139
21,69,103
21,70,68
21,71,47
21,72,61
21,73,86
21,74,116
21,75,135
21,76,144
21,77,159
21,78,182
21,79,202
21,80,185
21,81,187
21,82,196
21,83,200
21,84,177
21,85,133
21,86,97
21,87,83
21,88,82
21,89,87
21,90,89
21,91,83
21,92,72
21,93,62
21,94,60
21,95,62
21,96,69
21,97,67
21,98,64
21,99,62
21,100,62
21,101,64
21,102,67
21,103,69
21,104,82
21,105,84
21,106,86
21,107,89
21,108,94
21,109,103
21,110,114
21,111,121
21,112,100
21,113,73
21,114,55
21,115,61
21,116,64
21,117,55
21,118,54
21,119,63
21,120,59
21,121,61
21,122,64
21,123,65
21,124,64
21,125,61
21,126,56
21,127,53
21,128,60
21,129,75
21,130,85
21,131,76
21,132,54
21,133,37
21,134,36
21,135,41
21,136,40
21,137,41
21,138,43
21,139,44
21,140,46
21,141,46
21,142,46
21,143,46
21,144,53
21,145,52
21,146,50
21,147,48
21,148,45
21,149,43
22,0,183
22,1,183
22,2,183
22,3,183
22,4,183
22,5,183
22,6,183
22,7,183
22,8,186
22,9,185
22,10,185
22,11,184
22,12,182
22,13,181
22,14,181
22,15,180
22,16,185
22,17,186
22,18,187
22,19,185
22,20,180
22,21,173
22,22,166
22,23,162
22,24,175
22,25,177
22,26,180
22,27,184
22,28,186
22,29,187
22,30,187
22,31,187
22,32,186
22,33,185
22,34,185
22,35,184
22,36,182
22,37,181
22,38,181
22,39,180
22,40,185
22,41,174
22,42,156
22,43,139
22,44,129
22,45,126
22,46,129
22,47,132
22,48,129
22,49,115
22,50,96
22,51,85
22,52,86
22,53,94
22,54,103
22,55,107
22,56,116
22,57,109
22,58,111
22,59,136
22,60,170
22,61,191
22,62,188
22,63,177
22,64,178
22,65,177
22,66,164
22,67,132
22,68,91
22,69,62
22,70,54
22,71,57
22,72,58
22,73,77
22,74,106
22,75,135
22,76,158
22,77,175
22,78,188
22,79,195
22,80,187
22,81,192
22,82,203
22,83,201
22,84,163
22,85,111
22,86,84
22,87,85
22,88,85
22,89,89
22,90,89
22,91,78
22,92,63
22,93,55
22,94,59
22,95,67
22,96,70
22,97,67
22,98,64
22,99,61
22,100,61
22,101,64
22,102,67
22,103,70
22,104,76
22,105,84
22,106,88
22,107,82
22,108,73
22,109,78
22,110,98
22,111,117
22,112,94
22,113,67
22,114,52
22,115,59
22,116,63
22,117,54
22,118,53
22,119,61
22,120,59
22,121,61
22,122,64
22,123,65
22,124,64
22,125,61
22,126,56
22,127,53
22,128,56
22,129,74
22,130,87
22,131,78
22,132,52
22,133,33
22,134,31
22,135,39
22,136,40
22,137,41
22,138,41
22,139,42
22,140,43
22,141,45
22,142,46
22,143,46
22,144,53
22,145,52
22,146,51
22,147,49
22,148,47
22,149,45
23,0,183
23,1,183
23,2,183
23,3,183
23,4,183
23,5,183
23,6,183
23,7,183
23,8,186
23,9,185
23,10,185
23,11,184
23,12,182
23,13,181
23,14,181
23,15,180
23,16,188
23,17,189
23,18,189
23,19,186
23,20,180
23,21,171
23,22,162
23,23,156
23,24,179
23,25,179
23,26,180
23,27,181
23,28,184
23,29,187
23,30,189
23,31,191
23,32,186
23,33,185
23,34,185
23,35,184
23,36,182
23,37,181
23,38,181
23,39,180
23,40,184
23,41,169
23,42,148
23,43,128
23,44,118
23,45,119
23,46,127
23,47,133
23,48,128
23,49,105
23,50,78
23,51,66
23,52,74
23,53,88
23,54,98
23,55,101
23,56,113
23,57,107
23,58,113
23,59,141
23,60,177
23,61,196
23,62,188
23,63,173
23,64,189
23,65,182
23,66,155
23,67,105
23,68,55
23,69,35
23,70,49
23,71,71
23,72,57
23,73,71
23,74,99
23,75,133
23,76,165
23,77,184
23,78,190
23,79,188
23,80,188
23,81,195
23,82,207
23,83,201
23,84,154
23,85,97
23,86,76
23,87,87
23,88,87
23,89,90
23,90,88
23,91,74
23,92,57
23,93,51
23,94,59
23,95,71
23,96,71
23,97,68
23,98,63
23,99,60
23,100,60
23,101,63
23,102,68
23,103,71
23,104,67
23,105,80
23,106,87
23,107,74
23,108,56
23,109,58
23,110,84
23,111,111
23,112,90
23,113,65
23,114,50
23,115,58
23,116,63
23,117,54
23,118,52
23,119,60
23,120,59
23,121,61
23,122,64
23,123,65
23,124,64
23,125,61
23,126,56
23,127,53
23,128,53
23,129,73
23,130,88
23,131,78
23,132,51
23,133,30
23,134,29
23,135,37
23,136,41
23,137,41
23,138,40
23,139,41
23,140,42
23,141,44
23,142,46
23,143,47
23,144,53
23,145,53
23,146,51
23,147,50
23,148,48
23,149,46
24,0,183
24,1,183
24,2,183
24,3,183
24,4,183
24,5,183
24,6,183
24,7,183
24,8,182
24,9,182
24,10,183
24,11,183
24,12,184
24,13,184
24,14,185
24,15,185
24,16,189
24,17,190
24,18,184
24,19,170
24,20,155
24,21,153
24,22,165
24,23,179
24,24,183
24,25,183
24,26,183
24,27,183
24,28,183
24,29,183
24,30,183
24,31,183
24,32,177
24,33,179
24,34,182
24,35,187
24,36,190
24,37,191
24,38,190
24,39,189
24,40,157
24,41,128
24,42,113
24,43,125
24,44,134
24,45,127
24,46,125
24,47,133
24,48,123
24,49,112
24,50,96
24,51,82
24,52,77
24,53,82
24,54,91
24,55,99
24,56,95
24,57,100
24,58,115
24,59,143
24,60,172
24,61,189
24,62,189
24,63,183
24,64,176
24,65,140
24,66,92
24,67,59
24,68,48
24,69,51
24,70,54
24,71,55
24,72,65
24,73,71
24,74,99
24,75,146
24,76,187
24,77,201
24,78,195
24,79,188
24,80,184
24,81,192
24,82,189
24,83,159
24,84,118
24,85,93
24,86,97
24,87,110
24,88,90
24,89,84
24,90,74
24,91,63
24,92,56
24,93,55
24,94,59
24,95,63
24,96,64
24,97,55
24,98,49
24,99,57
24,100,71
24,101,80
24,102,76
24,103,69
24,104,73
24,105,62
24,106,48
24,107,41
24,108,50
24,109,72
24,110,99
24,111,117
24,112,67
24,113,64
24,114,60
24,115,56
24,116,55
24,117,56
24,118,59
24,119,61
24,120,56
24,121,56
24,122,56
24,123,56
24,124,56
24,125,56
24,126,56
24,127,56
24,128,67
24,129,63
24,130,57
24,131,49
24,132,43
24,133,39
24,134,37
24,135,36
24,136,31
24,137,33
24,138,36
24,139,40
24,140,45
24,141,49
24,142,52
24,143,54
24,144,49
24,145,48
24,146,46
24,147,44
24,148,42
24,149,40
25,0,183
25,1,183
25,2,183
25,3,183
25,4,183
25,5,183
25,6,183
25,7,183
25,8,182
25,9,182
25,10,183
25,11,183
25,12,183
25,13,183
25,14,184
25,15,184
25,16,187
25,17,184
25,18,177
25,19,167
25,20,160
25,21,161
25,22,170
25,23,178
25,24,183
25,25,183
25,26,183
25,27,183
25,28,183
25,29,183
25,30,183
25,31,183
25,32,181
25,33,180
25,34,181
25,35,187
25,36,192
25,37,190
25,38,181
25,39,173
25,40,133
25,41,113
25,42,108
25,43,126
25,44,139
25,45,137
25,46,137
25,47,144
25,48,130
25,49,118
25,50,100
25,51,84
25,52,78
25,53,82
25,54,92
25,55,99
25,56,105
25,57,105
25,58,116
25,59,143
25,60,173
25,61,189
25,62,184
25,63,174
25,64,141
25,65,116
25,66,83
25,67,61
25,68,53
25,69,52
25,70,49
25,71,45
25,72,78
25,73,106
25,74,139
25,75,163
25,76,180
25,77,190
25,78,189
25,79,182
25,80,196
25,81,186
25,82,161
25,83,124
25,84,90
25,85,80
25,86,95
25,87,113
25,88,100
25,89,89
25,90,75
25,91,67
25,92,65
25,93,66
25,94,67
25,95,66
25,96,73
25,97,64
25,98,56
25,99,59
25,100,67
25,101,69
25,102,63
25,103,54
25,104,55
25,105,48
25,106,41
25,107,41
25,108,54
25,109,79
25,110,105
25,111,122
25,112,68
25,113,66
25,114,61
25,115,58
25,116,56
25,117,58
25,118,61
25,119,63
25,120,56
25,121,56
25,122,56
25,123,56
25,124,56
25,125,56
25,126,56
25,127,56
25,128,65
25,129,60
25,130,51
25,131,44
25,132,39
25,133,38
25,134,40
25,135,41
25,136,33
25,137,34
25,138,37
25,139,41
25,140,45
25,141,49
25,142,52
25,143,53
25,144,49
25,145,48
25,146,46
25,147,44
25,148,42
25,149,40
26,0,183
26,1,183
26,2,183
26,3,183
26,4,183
26,5,183
26,6,183
26,7,183
26,8,183
26,9,183
26,10,182
26,11,182
26,12,182
26,13,182
26,14,182
26,15,182
26,16,181
26,17,174
26,18,166
26,19,165
26,20,169
26,21,174
26,22,177
26,23,177
26,24,183
26,25,183
26,26,183
26,27,183
26,28,183
26,29,183
26,30,183
26,31,183
26,32,186
26,33,181
26,34,179
26,35,185
26,36,191
26,37,185
26,38,167
26,39,150
26,40,105
26,41,99
26,42,106
26,43,129
26,44,146
26,45,149
26,46,149
26,47,154
26,48,141
26,49,127
26,50,107
26,51,89
26,52,81
26,53,84
26,54,94
26,55,101
26,56,117
26,57,114
26,58,122
26,59,149
26,60,179
26,61,188
26,62,171
26,63,150
26,64,93
26,65,81
26,66,66
26,67,57
26,68,55
26,69,53
26,70,48
26,71,42
26,72,89
26,73,141
26,74,179
26,75,180
26,76,179
26,77,193
26,78,194
26,79,180
26,80,194
26,81,164
26,82,118
26,83,76
26,84,59
26,85,69
26,86,97
26,87,118
26,88,110
26,89,92
26,90,72
26,91,67
26,92,73
26,93,77
26,94,72
26,95,63
26,96,77
26,97,70
26,98,62
26,99,60
26,100,60
26,101,56
26,102,47
26,103,39
26,104,34
26,105,33
26,106,34
26,107,42
26,108,59
26,109,83
26,110,106
26,111,120
26,112,70
26,113,67
26,114,63
26,115,59
26,116,58
26,117,60
26,118,62
26,119,64
26,120,55
26,121,55
26,122,55
26,123,55
26,124,55
26,125,55
26,126,55
26,127,55
26,128,62
26,129,55
26,130,45
26,131,36
26,132,34
26,133,38
26,134,44
26,135,49
26,136,36
26,137,37
26,138,39
26,139,42
26,140,45
26,141,48
26,142,50
26,143,52
26,144,49
26,145,48
26,146,46
26,147,44
26,148,42
26,149,40
27,0,183
27,1,183
27,2,183
27,3,183
27,4,183
27,5,183
27,6,183
27,7,183
27,8,183
27,9,183
27,10,182
27,11,182
27,12,181
27,13,180
27,14,179
27,15,179
27,16,174
27,17,165
27,18,159
27,19,164
27,20,177
27,21,186
27,22,183
27,23,177
27,24,183
27,25,183
27,26,183
27,27,183
27,28,183
27,29,183
27,30,183
27,31,183
27,32,190
27,33,183
27,34,178
27,35,182
27,36,185
27,37,175
27,38,150
27,39,129
27,40,93
27,41,99
27,42,115
27,43,136
27,44,150
27,45,154
27,46,152
27,47,152
27,48,153
27,49,137
27,50,114
27,51,94
27,52,85
27,53,88
27,54,98
27,55,107
27,56,124
27,57,124
27,58,136
27,59,164
27,60,188
27,61,182
27,62,147
27,63,113
27,64,57
27,65,52
27,66,47
27,67,46
27,68,49
27,69,54
27,70,58
27,71,60
27,72,104
27,73,160
27,74,193
27,75,184
27,76,186
27,77,208
27,78,201
27,79,168
27,80,161
27,81,124
27,82,74
27,83,44
27,84,46
27,85,73
27,86,104
27,87,124
27,88,113
27,89,89
27,90,64
27,91,59
27,92,70
27,93,75
27,94,65
27,95,51
27,96,66
27,97,63
27,98,61
27,99,58
27,100,55
27,101,49
27,102,41
27,103,35
27,104,26
27,105,28
27,106,33
27,107,44
27,108,59
27,109,78
27,110,94
27,111,104
27,112,71
27,113,68
27,114,63
27,115,60
27,116,59
27,117,60
27,118,63
27,119,65
27,120,54
27,121,54
27,122,54
27,123,54
27,124,54
27,125,54
27,126,54
27,127,54
27,128,59
27,129,51
27,130,41
27,131,33
27,132,33
27,133,39
27,134,49
27,135,56
27,136,40
27,137,41
27,138,42
27,139,44
27,140,46
27,141,48
27,142,49
27,143,50
27,144,49
27,145,48
27,146,46
27,147,44
27,148,42
27,149,40
28,0,183
28,1,183
28,2,183
28,3,183
28,4,183
28,5,183
28,6,183
28,7,183
28,8,184
28,9,183
28,10,182
28,11,181
28,12,179
28,13,178
28,14,177
28,15,176
28,16,164
28,17,159
28,18,157
28,19,168
28,20,183
28,21,190
28,22,186
28,23,177
28,24,183
28,25,183
28,26,183
28,27,183
28,28,183
28,29,183
28,30,183
28,31,183
28,32,191
28,33,185
28,34,179
28,35,177
28,36,172
28,37,158
28,38,136
28,39,118
28,40,101
28,41,116
28,42,133
28,43,144
28,44,150
28,45,152
28,46,149
28,47,144
28,48,162
28,49,145
28,50,120
28,51,99
28,52,90
28,53,94
28,54,106
28,55,116
28,56,130
28,57,137
28,58,155
28,59,179
28,60,188
28,61,164
28,62,114
28,63,73
28,64,42
28,65,39
28,66,35
28,67,35
28,68,43
28,69,60
28,70,82
28,71,96
28,72,140
28,73,178
28,74,194
28,75,182
28,76,190
28,77,207
28,78,179
28,79,125
28,80,107
28,81,79
28,82,47
28,83,38
28,84,57
28,85,88
28,86,114
28,87,126
28,88,109
28,89,84
28,90,57
28,91,50
28,92,58
28,93,61
28,94,49
28,95,33
28,96,44
28,97,48
28,98,53
28,99,55
28,100,51
28,101,46
28,102,42
28,103,41
28,104,32
28,105,33
28,106,36
28,107,43
28,108,53
28,109,65
28,110,76
28,111,82
28,112,68
28,113,65
28,114,61
28,115,57
28,116,56
28,117,58
28,118,60
28,119,62
28,120,52
28,121,52
28,122,52
28,123,52
28,124,52
28,125,52
28,126,52
28,127,52
28,128,57
28,129,51
28,130,43
28,131,37
28,132,38
28,133,44
28,134,52
28,135,58
28,136,45
28,137,45
28,138,45
28,139,46
28,140,46
28,141,47
28,142,47
28,143,47
28,144,49
28,145,48
28,146,46
28,147,44
28,148,42
28,149,40
29,0,183
29,1,183
29,2,183
29,3,183
29,4,183
29,5,183
29,6,183
29,7,183
29,8,184
29,9,183
29,10,182
29,11,180
29,12,178
29,13,176
29,14,174
29,15,173
29,16,154
29,17,157
29,18,163
29,19,174
29,20,184
29,21,188
29,22,184
29,23,179
29,24,183
29,25,183
29,26,183
29,27,183
29,28,183
29,29,183
29,30,183
29,31,183
29,32,188
29,33,186
29,34,181
29,35,170
29,36,154
29,37,138
29,38,126
29,39,120
29,40,114
29,41,135
29,42,151
29,43,150
29,44,148
29,45,151
29,46,150
29,47,143
29,48,167
29,49,150
29,50,124
29,51,103
29,52,95
29,53,102
29,54,116
29,55,127
29,56,145
29,57,155
29,58,171
29,59,180
29,60,169
29,61,132
29,62,84
29,63,49
29,64,40
29,65,39
29,66,37
29,67,37
29,68,48
29,69,75
29,70,110
29,71,135
29,72,180
29,73,196
29,74,197
29,75,183
29,76,181
29,77,173
29,78,127
29,79,70
29,80,63
29,81,51
29,82,42
29,83,51
29,84,76
29,85,103
29,86,119
29,87,124
29,88,109
29,89,88
29,90,63
29,91,50
29,92,48
29,93,45
29,94,34
29,95,23
29,96,26
29,97,37
29,98,48
29,99,52
29,100,47
29,101,42
29,102,42
29,103,44
29,104,39
29,105,38
29,106,36
29,107,37
29,108,43
29,109,53
29,110,62
29,111,68
29,112,64
29,113,61
29,114,56
29,115,53
29,116,52
29,117,53
29,118,56
29,119,58
29,120,51
29,121,51
29,122,51
29,123,51
29,124,51
29,125,51
29,126,51
29,127,51
29,128,57
29,129,55
29,130,51
29,131,48
29,132,48
29,133,50
29,134,53
29,135,55
29,136,49
29,137,49
29,138,48
29,139,48
29,140,47
29,141,46
29,142,46
29,143,45
29,144,49
29,145,48
29,146,46
29,147,44
29,148,42
29,149,40
30,0,183
30,1,183
30,2,183
30,3,183
30,4,183
30,5,183
30,6,183
30,7,183
30,8,185
30,9,184
30,10,182
30,11,179
30,12,177
30,13,174
30,14,172
30,15,171
30,16,146
30,17,157
30,18,172
30,19,181
30,20,183
30,21,182
30,22,181
30,23,181
30,24,183
30,25,183
30,26,183
30,27,183
30,28,183
30,29,183
30,30,183
30,31,183
30,32,183
30,33,188
30,34,184
30,35,164
30,36,136
30,37,119
30,38,121
30,39,129
30,40,123
30,41,148
30,42,161
30,43,153
30,44,147
30,45,155
30,46,159
30,47,153
30,48,169
30,49,152
30,50,126
30,51,105
30,52,99
30,53,109
30,54,126
30,55,138
30,56,169
30,57,177
30,58,180
30,59,166
30,60,135
30,61,96
30,62,63
30,63,44
30,64,41
30,65,44
30,66,48
30,67,52
30,68,65
30,69,94
30,70,133
30,71,163
30,72,186
30,73,196
30,74,200
30,75,188
30,76,164
30,77,128
30,78,82
30,79,46
30,80,46
30,81,46
30,82,53
30,83,68
30,84,90
30,85,107
30,86,117
30,87,120
30,88,117
30,89,101
30,90,79
30,91,60
30,92,46
30,93,37
30,94,29
30,95,24
30,96,21
30,97,35
30,98,49
30,99,51
30,100,43
30,101,34
30,102,34
30,103,37
30,104,39
30,105,35
30,106,30
30,107,29
30,108,35
30,109,47
30,110,60
30,111,69
30,112,58
30,113,56
30,114,51
30,115,48
30,116,46
30,117,48
30,118,51
30,119,53
30,120,51
30,121,51
30,122,51
30,123,51
30,124,51
30,125,51
30,126,51
30,127,51
30,128,59
30,129,60
30,130,61
30,131,61
30,132,60
30,133,56
30,134,52
30,135,50
30,136,52
30,137,52
30,138,50
30,139,49
30,140,47
30,141,46
30,142,44
30,143,44
30,144,49
30,145,48
30,146,46
30,147,44
30,148,42
30,149,40
31,0,183
31,1,183
31,2,183
31,3,183
31,4,183
31,5,183
31,6,183
31,7,183
31,8,185
31,9,184
31,10,182
31,11,179
31,12,176
31,13,173
31,14,171
31,15,170
31,16,141
31,17,159
31,18,179
31,19,186
31,20,182
31,21,176
31,22,178
31,23,183
31,24,183
31,25,183
31,26,183
31,27,183
31,28,183
31,29,183
31,30,183
31,31,183
31,32,180
31,33,188
31,34,186
31,35,160
31,36,125
31,37,108
31,38,119
31,39,137
31,40,124
31,41,152
31,42,165
31,43,153
31,44,147
31,45,159
31,46,168
31,47,164
31,48,170
31,49,152
31,50,127
31,51,106
31,52,102
31,53,113
31,54,131
31,55,145
31,56,189
31,57,191
31,58,183
31,59,152
31,60,108
31,61,71
31,62,53
31,63,49
31,64,39
31,65,49
31,66,59
31,67,67
31,68,81
31,69,108
31,70,146
31,71,175
31,72,168
31,73,182
31,74,198
31,75,191
31,76,152
31,77,99
31,78,63
31,79,51
31,80,46
31,81,52
31,82,64
31,83,79
31,84,94
31,85,106
31,86,113
31,87,116
31,88,125
31,89,114
31,90,94
31,91,70
31,92,49
31,93,35
31,94,30
31,95,29
31,96,24
31,97,38
31,98,52
31,99,52
31,100,39
31,101,27
31,102,25
31,103,29
31,104,35
31,105,29
31,106,23
31,107,23
31,108,31
31,109,46
31,110,64
31,111,75
31,112,55
31,113,52
31,114,48
31,115,44
31,116,43
31,117,44
31,118,47
31,119,49
31,120,50
31,121,50
31,122,50
31,123,50
31,124,50
31,125,50
31,126,50
31,127,50
31,128,60
31,129,63
31,130,68
31,131,70
31,132,67
31,133,60
31,134,51
31,135,46
31,136,54
31,137,53
31,138,52
31,139,50
31,140,47
31,141,45
31,142,44
31,143,43
31,144,49
31,145,48
31,146,46
31,147,44
31,148,42
31,149,40
32,0,183
32,1,183
32,2,183
32,3,183
32,4,183
32,5,183
32,6,183
32,7,183
32,8,178
32,9,183
32,10,188
32,11,188
32,12,181
32,13,167
32,14,153
32,15,144
32,16,178
32,17,179
32,18,180
32,19,182
32,20,183
32,21,185
32,22,186
32,23,187
32,24,171
32,25,182
32,26,192
32,27,191
32,28,182
32,29,177
32,30,181
32,31,189
32,32,194
32,33,174
32,34,142
32,35,112
32,36,99
32,37,105
32,38,124
32,39,138
32,40,138
32,41,144
32,42,152
32,43,160
32,44,165
32,45,166
32,46,166
32,47,164
32,48,168
32,49,168
32,50,143
32,51,103
32,52,90
32,53,117
32,54,150
32,55,164
32,56,185
32,57,175
32,58,148
32,59,106
32,60,63
32,61,40
32,62,41
32,63,50
32,64,43
32,65,39
32,66,45
32,67,70
32,68,109
32,69,143
32,70,162
32,71,168
32,72,178
32,73,161
32,74,149
32,75,143
32,76,117
32,77,76
32,78,51
32,79,49
32,80,32
32,81,53
32,82,80
32,83,98
32,84,104
32,85,106
32,86,110
32,87,114
32,88,128
32,89,134
32,90,115
32,91,72
32,92,41
32,93,38
32,94,37
32,95,28
32,96,39
32,97,39
32,98,40
32,99,40
32,100,41
32,101,41
32,102,42
32,103,42
32,104,34
32,105,33
32,106,33
32,107,36
32,108,42
32,109,51
32,110,61
32,111,66
32,112,55
32,113,52
32,114,49
32,115,46
32,116,46
32,117,49
32,118,52
32,119,55
32,120,49
32,121,47
32,122,44
32,123,43
32,124,44
32,125,47
32,126,52
32,127,55
32,128,69
32,129,78
32,130,84
32,131,77
32,132,61
32,133,51
32,134,52
32,135,58
32,136,57
32,137,60
32,138,59
32,139,50
32,140,40
32,141,37
32,142,45
32,143,55
32,144,53
32,145,52
32,146,49
32,147,46
32,148,43
32,149,39
33,0,183
33,1,183
33,2,183
33,3,183
33,4,183
33,5,183
33,6,183
33,7,183
33,8,182
33,9,185
33,10,185
33,11,178
33,12,166
33,13,156
33,14,152
33,15,153
33,16,179
33,17,180
33,18,181
33,19,182
33,20,184
33,21,185
33,22,186
33,23,187
33,24,176
33,25,182
33,26,188
33,27,189
33,28,186
33,29,183
33,30,183
33,31,184
33,32,178
33,33,156
33,34,126
33,35,106
33,36,103
33,37,115
33,38,130
33,39,139
33,40,140
33,41,144
33,42,151
33,43,157
33,44,161
33,45,163
33,46,162
33,47,160
33,48,160
33,49,168
33,50,153
33,51,116
33,52,100
33,53,120
33,54,149
33,55,163
33,56,174
33,57,157
33,58,126
33,59,88
33,60,56
33,61,40
33,62,40
33,63,46
33,64,36
33,65,42
33,66,61
33,67,95
33,68,134
33,69,163
33,70,174
33,71,175
33,72,151
33,73,137
33,74,131
33,75,131
33,76,110
33,77,72
33,78,48
33,79,47
33,80,38
33,81,59
33,82,85
33,83,102
33,84,107
33,85,109
33,86,113
33,87,118
33,88,129
33,89,134
33,90,116
33,91,76
33,92,45
33,93,39
33,94,36
33,95,29
33,96,38
33,97,39
33,98,39
33,99,40
33,100,41
33,101,42
33,102,42
33,103,43
33,104,35
33,105,34
33,106,35
33,107,38
33,108,44
33,109,52
33,110,61
33,111,66
33,112,55
33,113,52
33,114,49
33,115,46
33,116,46
33,117,49
33,118,52
33,119,55
33,120,49
33,121,47
33,122,45
33,123,43
33,124,44
33,125,48
33,126,52
33,127,55
33,128,67
33,129,75
33,130,81
33,131,76
33,132,62
33,133,51
33,134,51
33,135,55
33,136,54
33,137,58
33,138,58
33,139,51
33,140,41
33,141,39
33,142,47
33,143,57
33,144,50
33,145,48
33,146,46
33,147,44
33,148,41
33,149,38
34,0,183
34,1,183
34,2,183
34,3,183
34,4,183
34,5,183
34,6,183
34,7,183
34,8,188
34,9,187
34,10,179
34,11,162
34,12,145
34,13,141
34,14,153
34,15,167
34,16,181
34,17,182
34,18,182
34,19,183
34,20,184
34,21,185
34,22,186
34,23,186
34,24,182
34,25,181
34,26,183
34,27,187
34,28,191
34,29,190
34,30,182
34,31,175
34,32,152
34,33,129
34,34,104
34,35,98
34,36,111
34,37,129
34,38,139
34,39,140
34,40,142
34,41,145
34,42,149
34,43,154
34,44,157
34,45,157
34,46,157
34,47,156
34,48,154
34,49,171
34,50,166
34,51,132
34,52,110
34,53,124
34,54,150
34,55,164
34,56,154
34,57,127
34,58,90
34,59,61
34,60,46
34,61,42
34,62,41
34,63,40
34,64,37
34,65,54
34,66,86
34,67,125
34,68,158
34,69,173
34,70,170
34,71,162
34,72,109
34,73,99
34,74,101
34,75,110
34,76,97
34,77,64
34,78,44
34,79,44
34,80,49
34,81,68
34,82,92
34,83,107
34,84,112
34,85,114
34,86,119
34,87,124
34,88,130
34,89,133
34,90,118
34,91,83
34,92,53
34,93,41
34,94,36
34,95,30
34,96,37
34,97,38
34,98,39
34,99,40
34,100,41
34,101,42
34,102,43
34,103,44
34,104,36
34,105,36
34,106,38
34,107,41
34,108,47
34,109,54
34,110,61
34,111,64
34,112,55
34,113,52
34,114,49
34,115,46
34,116,46
34,117,49
34,118,52
34,119,55
34,120,50
34,121,48
34,122,45
34,123,44
34,124,45
34,125,49
34,126,53
34,127,56
34,128,64
34,129,71
34,130,77
34,131,74
34,132,63
34,133,53
34,134,50
34,135,51
34,136,49
34,137,54
34,138,57
34,139,52
34,140,43
34,141,41
34,142,49
34,143,58
34,144,44
34,145,44
34,146,42
34,147,41
34,148,39
34,149,37
35,0,183
35,1,183
35,2,183
35,3,183
35,4,183
35,5,183
35,6,183
35,7,183
35,8,192
35,9,187
35,10,171
35,11,146
35,12,129
35,13,133
35,14,157
35,15,180
35,16,184
35,17,184
35,18,184
35,19,185
35,20,185
35,21,185
35,22,186
35,23,186
35,24,187
35,25,182
35,26,179
35,27,186
35,28,193
35,29,191
35,30,177
35,31,162
35,32,127
35,33,106
35,34,89
35,35,96
35,36,122
35,37,144
35,38,148
35,39,142
35,40,144
35,41,146
35,42,148
35,43,151
35,44,153
35,45,154
35,46,155
35,47,155
35,48,161
35,49,179
35,50,174
35,51,138
35,52,113
35,53,125
35,54,152
35,55,167
35,56,129
35,57,97
35,58,58
35,59,39
35,60,41
35,61,46
35,62,44
35,63,37
35,64,50
35,65,73
35,66,108
35,67,141
35,68,156
35,69,150
35,70,131
35,71,114
35,72,69
35,73,62
35,74,70
35,75,86
35,76,82
35,77,57
35,78,43
35,79,46
35,80,61
35,81,78
35,82,100
35,83,113
35,84,116
35,85,118
35,86,123
35,87,130
35,88,132
35,89,132
35,90,121
35,91,93
35,92,63
35,93,43
35,94,35
35,95,32
35,96,35
35,97,36
35,98,38
35,99,39
35,100,42
35,101,43
35,102,45
35,103,46
35,104,38
35,105,39
35,106,42
35,107,46
35,108,51
35,109,56
35,110,60
35,111,63
35,112,55
35,113,52
35,114,49
35,115,46
35,116,46
35,117,49
35,118,52
35,119,55
35,120,51
35,121,49
35,122,46
35,123,45
35,124,46
35,125,50
35,126,54
35,127,57
35,128,63
35,129,68
35,130,73
35,131,73
35,132,67
35,133,58
35,134,51
35,135,47
35,136,45
35,137,52
35,138,57
35,139,53
35,140,45
35,141,43
35,142,50
35,143,58
35,144,40
35,145,40
35,146,39
35,147,39
35,148,38
35,149,37
36,0,183
36,1,183
36,2,183
36,3,183
36,4,183
36,5,183
36,6,183
36,7,183
36,8,191
36,9,181
36,10,160
36,11,138
36,12,127
36,13,138
36,14,164
36,15,187
36,16,187
36,17,187
36,18,187
36,19,186
36,20,186
36,21,186
36,22,185
36,23,185
36,24,189
36,25,183
36,26,180
36,27,185
36,28,189
36,29,182
36,30,164
36,31,147
36,32,111
36,33,96
36,34,88
36,35,104
36,36,133
36,37,153
36,38,152
36,39,143
36,40,146
36,41,146
36,42,147
36,43,149
36,44,152
36,45,155
36,46,158
36,47,160
36,48,174
36,49,187
36,50,176
36,51,138
36,52,115
36,53,127
36,54,150
36,55,160
36,56,106
36,57,74
36,58,40
36,59,31
36,60,43
36,61,54
36,62,49
36,63,37
36,64,68
36,65,88
36,66,115
36,67,130
36,68,125
36,69,102
36,70,73
36,71,55
36,72,45
36,73,38
36,74,46
36,75,66
36,76,67
36,77,51
36,78,45
36,79,53
36,80,71
36,81,87
36,82,106
36,83,116
36,84,118
36,85,120
36,86,126
36,87,133
36,88,134
36,89,131
36,90,123
36,91,103
36,92,73
36,93,45
36,94,34
36,95,34
36,96,34
36,97,35
36,98,37
36,99,39
36,100,42
36,101,44
36,102,46
36,103,47
36,104,40
36,105,42
36,106,46
36,107,51
36,108,55
36,109,58
36,110,61
36,111,62
36,112,55
36,113,52
36,114,49
36,115,46
36,116,46
36,117,49
36,118,52
36,119,55
36,120,52
36,121,50
36,122,48
36,123,46
36,124,47
36,125,51
36,126,55
36,127,58
36,128,65
36,129,67
36,130,72
36,131,75
36,132,74
36,133,66
36,134,55
36,135,46
36,136,45
36,137,53
36,138,59
36,139,56
36,140,47
36,141,43
36,142,48
36,143,54
36,144,38
36,145,38
36,146,38
36,147,39
36,148,40
36,149,40
37,0,183
37,1,183
37,2,183
37,3,183
37,4,183
37,5,183
37,6,183
37,7,183
37,8,186
37,9,170
37,10,149
37,11,136
37,12,139
37,13,155
37,14,174
37,15,187
37,16,190
37,17,189
37,18,189
37,19,188
37,20,187
37,21,186
37,22,185
37,23,185
37,24,187
37,25,186
37,26,186
37,27,185
37,28,179
37,29,165
37,30,146
37,31,131
37,32,106
37,33,101
37,34,104
37,35,121
37,36,144
37,37,157
37,38,153
37,39,144
37,40,146
37,41,146
37,42,147
37,43,150
37,44,155
37,45,161
37,46,167
37,47,170
37,48,182
37,49,189
37,50,176
37,51,144
37,52,126
37,53,133
37,54,139
37,55,135
37,56,86
37,57,63
37,58,40
37,59,38
37,60,53
37,61,63
37,62,55
37,63,43
37,64,73
37,65,87
37,66,100
37,67,100
37,68,82
37,69,57
37,70,35
37,71,24
37,72,40
37,73,30
37,74,34
37,75,52
37,76,56
37,77,48
37,78,50
37,79,64
37,80,78
37,81,92
37,82,109
37,83,117
37,84,117
37,85,119
37,86,126
37,87,134
37,88,136
37,89,130
37,90,125
37,91,113
37,92,83
37,93,48
37,94,33
37,95,36
37,96,32
37,97,33
37,98,36
37,99,39
37,100,42
37,101,45
37,102,48
37,103,49
37,104,41
37,105,45
37,106,50
37,107,55
37,108,59
37,109,60
37,110,60
37,111,60
37,112,55
37,113,52
37,114,49
37,115,46
37,116,46
37,117,49
37,118,52
37,119,55
37,120,53
37,121,51
37,122,49
37,123,47
37,124,48
37,125,52
37,126,56
37,127,59
37,128,69
37,129,69
37,130,73
37,131,79
37,132,83
37,133,76
37,134,60
37,135,47
37,136,48
37,137,56
37,138,62
37,139,59
37,140,48
37,141,41
37,142,43
37,143,47
37,144,38
37,145,39
37,146,40
37,147,42
37,148,44
37,149,46
38,0,183
38,1,183
38,2,183
38,3,183
38,4,183
38,5,183
38,6,183
38,7,183
38,8,180
38,9,160
38,10,140
38,11,140
38,12,157
38,13,176
38,14,183
38,15,182
38,16,192
38,17,191
38,18,190
38,19,189
38,20,187
38,21,186
38,22,185
38,23,184
38,24,183
38,25,189
38,26,193
38,27,186
38,28,168
38,29,146
38,30,128
38,31,118
38,32,109
38,33,114
38,34,126
38,35,140
38,36,153
38,37,156
38,38,150
38,39,144
38,40,147
38,41,147
38,42,148
38,43,152
38,44,159
38,45,168
38,46,177
38,47,182
38,48,179
38,49,186
38,50,177
38,51,157
38,52,147
38,53,144
38,54,124
38,55,97
38,56,73
38,57,60
38,58,50
38,59,54
38,60,66
38,61,71
38,62,62
38,63,50
38,64,61
38,65,69
38,66,73
38,67,65
38,68,48
38,69,35
38,70,32
38,71,35
38,72,49
38,73,33
38,74,31
38,75,44
38,76,50
38,77,46
38,78,57
38,79,76
38,80,82
38,81,95
38,82,109
38,83,115
38,84,115
38,85,117
38,86,125
38,87,133
38,88,137
38,89,130
38,90,127
38,91,121
38,92,90
38,93,50
38,94,32
38,95,37
38,96,31
38,97,32
38,98,35
38,99,39
38,100,42
38,101,46
38,102,49
38,103,50
38,104,43
38,105,47
38,106,53
38,107,59
38,108,62
38,109,62
38,110,60
38,111,59
38,112,55
38,113,52
38,114,49
38,115,46
38,116,46
38,117,49
38,118,52
38,119,55
38,120,54
38,121,52
38,122,50
38,123,48
38,124,49
38,125,53
38,126,57
38,127,60
38,128,74
38,129,72
38,130,75
38,131,84
38,132,91
38,133,85
38,134,67
38,135,50
38,136,52
38,137,60
38,138,66
38,139,61
38,140,49
38,141,39
38,142,37
38,143,40
38,144,40
38,145,41
38,146,43
38,147,46
38,148,49
38,149,51
39,0,183
39,1,183
39,2,183
39,3,183
39,4,183
39,5,183
39,6,183
39,7,183
39,8,175
39,9,153
39,10,135
39,11,143
39,12,170
39,13,190
39,14,189
39,15,178
39,16,193
39,17,192
39,18,191
39,19,189
39,20,188
39,21,186
39,22,185
39,23,184
39,24,180
39,25,191
39,26,198
39,27,187
39,28,160
39,29,133
39,30,117
39,31,111
39,32,113
39,33,125
39,34,141
39,35,153
39,36,157
39,37,154
39,38,148
39,39,144
39,40,147
39,41,147
39,42,148
39,43,153
39,44,162
39,45,173
39,46,183
39,47,190
39,48,173
39,49,181
39,50,179
39,51,169
39,52,164
39,53,152
39,54,112
39,55,68
39,56,66
39,57,61
39,58,59
39,59,66
39,60,75
39,61,76
39,62,66
39,63,55
39,64,46
39,65,51
39,66,52
39,67,42
39,68,31
39,69,31
39,70,45
39,71,59
39,72,57
39,73,39
39,74,31
39,75,41
39,76,46
39,77,46
39,78,61
39,79,84
39,80,84
39,81,96
39,82,109
39,83,114
39,84,113
39,85,115
39,86,123
39,87,131
39,88,138
39,89,129
39,90,128
39,91,125
39,92,94
39,93,51
39,94,32
39,95,38
39,96,30
39,97,32
39,98,35
39,99,38
39,100,43
39,101,46
39,102,49
39,103,51
39,104,44
39,105,48
39,106,54
39,107,60
39,108,63
39,109,63
39,110,60
39,111,58
39,112,55
39,113,52
39,114,49
39,115,46
39,116,46
39,117,49
39,118,52
39,119,55
39,120,55
39,121,53
39,122,50
39,123,49
39,124,50
39,125,53
39,126,58
39,127,61
39,128,77
39,129,74
39,130,77
39,131,88
39,132,96
39,133,91
39,134,70
39,135,52
39,136,55
39,137,63
39,138,69
39,139,63
39,140,49
39,141,37
39,142,34
39,143,35
39,144,42
39,145,43
39,146,45
39,147,48
39,148,52
39,149,55
40,0,191
40,1,183
40,2,177
40,3,182
40,4,190
40,5,190
40,6,178
40,7,165
40,8,154
40,9,147
40,10,145
40,11,157
40,12,176
40,13,191
40,14,193
40,15,189
40,16,194
40,17,192
40,18,190
40,19,187
40,20,185
40,21,183
40,22,183
40,23,182
40,24,203
40,25,193
40,26,177
40,27,160
40,28,149
40,29,144
40,30,144
40,31,145
40,32,138
40,33,140
40,34,144
40,35,149
40,36,153
40,37,157
40,38,159
40,39,160
40,40,166
40,41,154
40,42,145
40,43,148
40,44,163
40,45,175
40,46,177
40,47,174
40,48,182
40,49,195
40,50,203
40,51,189
40,52,154
40,53,114
40,54,86
40,55,74
40,56,81
40,57,70
40,58,74
40,59,79
40,60,86
40,61,110
40,62,105
40,63,62
40,64,32
40,65,33
40,66,36
40,67,38
40,68,40
40,69,41
40,70,41
40,71,41
40,72,42
40,73,41
40,74,42
40,75,46
40,76,54
40,77,66
40,78,78
40,79,85
40,80,101
40,81,100
40,82,99
40,83,102
40,84,111
40,85,124
40,86,137
40,87,145
40,88,138
40,89,132
40,90,125
40,91,120
40,92,109
40,93,85
40,94,53
40,95,29
40,96,31
40,97,29
40,98,31
40,99,42
40,100,54
40,101,59
40,102,52
40,103,43
40,104,51
40,105,50
40,106,50
40,107,49
40,108,47
40,109,46
40,110,46
40,111,45
40,112,46
40,113,46
40,114,46
40,115,46
40,116,46
40,117,46
40,118,46
40,119,46
40,120,57
40,121,54
40,122,50
40,123,48
40,124,47
40,125,49
40,126,53
40,127,55
40,128,57
40,129,63
40,130,77
40,131,95
40,132,104
40,133,96
40,134,73
40,135,53
40,136,51
40,137,83
40,138,98
40,139,78
40,140,56
40,141,52
40,142,50
40,143,43
40,144,45
40,145,45
40,146,44
40,147,44
40,148,43
40,149,43
41,0,190
41,1,184
41,2,180
41,3,184
41,4,190
41,5,186
41,6,172
41,7,159
41,8,149
41,9,150
41,10,155
41,11,165
41,12,178
41,13,188
41,14,190
41,15,189
41,16,190
41,17,189
41,18,187
41,19,186
41,20,184
41,21,183
41,22,182
41,23,182
41,24,191
41,25,182
41,26,168
41,27,155
41,28,146
41,29,142
41,30,143
41,31,145
41,32,142
41,33,143
41,34,146
41,35,149
41,36,152
41,37,155
41,38,157
41,39,158
41,40,157
41,41,156
41,42,158
41,43,164
41,44,172
41,45,176
41,46,175
41,47,172
41,48,186
41,49,191
41,50,189
41,51,170
41,52,137
41,53,104
41,54,84
41,55,77
41,56,84
41,57,69
41,58,71
41,59,79
41,60,90
41,61,118
41,62,113
41,63,67
41,64,34
41,65,35
41,66,36
41,67,38
41,68,39
41,69,40
41,70,41
41,71,41
41,72,44
41,73,45
41,74,48
41,75,52
41,76,59
41,77,68
41,78,75
41,79,79
41,80,102
41,81,99
41,82,98
41,83,100
41,84,108
41,85,120
41,86,132
41,87,140
41,88,134
41,89,131
41,90,127
41,91,124
41,92,114
41,93,89
41,94,55
41,95,29
41,96,30
41,97,28
41,98,30
41,99,41
41,100,54
41,101,60
41,102,54
41,103,46
41,104,51
41,105,50
41,106,50
41,107,49
41,108,47
41,109,46
41,110,46
41,111,45
41,112,46
41,113,46
41,114,46
41,115,46
41,116,46
41,117,46
41,118,46
41,119,46
41,120,53
41,121,51
41,122,49
41,123,48
41,124,50
41,125,54
41,126,59
41,127,62
41,128,60
41,129,66
41,130,79
41,131,95
41,132,104
41,133,95
41,134,72
41,135,53
41,136,46
41,137,79
41,138,98
41,139,82
41,140,60
41,141,52
41,142,47
41,143,40
41,144,45
41,145,45
41,146,44
41,147,43
41,148,43
41,149,42
42,0,188
42,1,186
42,2,185
42,3,187
42,4,187
42,5,179
42,6,163
42,7,150
42,8,144
42,9,155
42,10,169
42,11,178
42,12,182
42,13,183
42,14,186
42,15,188
42,16,184
42,17,184
42,18,184
42,19,185
42,20,184
42,21,183
42,22,181
42,23,180
42,24,172
42,25,166
42,26,156
42,27,147
42,28,141
42,29,141
42,30,143
42,31,145
42,32,149
42,33,149
42,34,149
42,35,149
42,36,151
42,37,153
42,38,155
42,39,156
42,40,152
42,41,162
42,42,174
42,43,180
42,44,180
42,45,176
42,46,174
42,47,174
42,48,188
42,49,182
42,50,166
42,51,139
42,52,110
42,53,89
42,54,81
42,55,81
42,56,88
42,57,68
42,58,67
42,59,78
42,60,97
42,61,130
42,62,123
42,63,74
42,64,38
42,65,37
42,66,37
42,67,37
42,68,38
42,69,40
42,70,41
42,71,42
42,72,47
42,73,50
42,74,56
42,75,62
42,76,67
42,77,69
42,78,70
42,79,71
42,80,101
42,81,99
42,82,96
42,83,97
42,84,103
42,85,114
42,86,126
42,87,133
42,88,130
42,89,129
42,90,130
42,91,131
42,92,122
42,93,96
42,94,60
42,95,32
42,96,31
42,97,28
42,98,29
42,99,40
42,100,54
42,101,61
42,102,58
42,103,51
42,104,51
42,105,50
42,106,50
42,107,49
42,108,47
42,109,46
42,110,46
42,111,45
42,112,46
42,113,46
42,114,46
42,115,46
42,116,46
42,117,46
42,118,46
42,119,46
42,120,47
42,121,47
42,122,47
42,123,49
42,124,54
42,125,61
42,126,68
42,127,72
42,128,67
42,129,71
42,130,82
42,131,96
42,132,103
42,133,94
42,134,72
42,135,52
42,136,40
42,137,72
42,138,96
42,139,88
42,140,66
42,141,51
42,142,42
42,143,35
42,144,46
42,145,45
42,146,44
42,147,43
42,148,41
42,149,40
43,0,187
43,1,187
43,2,188
43,3,187
43,4,181
43,5,169
43,6,155
43,7,145
43,8,143
43,9,161
43,10,181
43,11,189
43,12,185
43,13,180
43,14,182
43,15,187
43,16,178
43,17,180
43,18,182
43,19,183
43,20,183
43,21,180
43,22,177
43,23,175
43,24,154
43,25,151
43,26,145
43,27,141
43,28,139
43,29,141
43,30,144
43,31,147
43,32,155
43,33,153
43,34,151
43,35,149
43,36,149
43,37,151
43,38,154
43,39,156
43,40,159
43,41,172
43,42,184
43,43,185
43,44,177
43,45,172
43,46,176
43,47,183
43,48,184
43,49,167
43,50,139
43,51,108
43,52,85
43,53,76
43,54,79
43,55,84
43,56,90
43,57,68
43,58,65
43,59,77
43,60,100
43,61,137
43,62,132
43,63,83
43,64,42
43,65,40
43,66,38
43,67,37
43,68,37
43,69,39
43,70,42
43,71,44
43,72,49
43,73,54
43,74,62
43,75,68
43,76,71
43,77,70
43,78,66
43,79,63
43,80,100
43,81,98
43,82,95
43,83,95
43,84,101
43,85,111
43,86,122
43,87,129
43,88,127
43,89,129
43,90,133
43,91,137
43,92,130
43,93,104
43,94,67
43,95,39
43,96,34
43,97,29
43,98,29
43,99,39
43,100,53
43,101,62
43,102,59
43,103,54
43,104,51
43,105,50
43,106,50
43,107,49
43,108,47
43,109,46
43,110,46
43,111,45
43,112,46
43,113,46
43,114,46
43,115,46
43,116,46
43,117,46
43,118,46
43,119,46
43,120,42
43,121,43
43,122,45
43,123,50
43,124,59
43,125,69
43,126,78
43,127,84
43,128,76
43,129,78
43,130,86
43,131,97
43,132,103
43,133,93
43,134,70
43,135,51
43,136,35
43,137,64
43,138,92
43,139,92
43,140,71
43,141,49
43,142,37
43,143,33
43,144,46
43,145,45
43,146,44
43,147,42
43,148,40
43,149,38
44,0,186
44,1,188
44,2,187
44,3,181
44,4,171
44,5,159
44,6,151
44,7,147
44,8,152
44,9,169
44,10,188
44,11,194
44,12,188
44,13,181
44,14,181
44,15,185
44,16,176
44,17,178
44,18,181
44,19,183
44,20,181
44,21,176
44,22,170
44,23,166
44,24,144
44,25,143
44,26,141
44,27,140
44,28,141
44,29,144
44,30,148
44,31,150
44,32,158
44,33,155
44,34,151
44,35,148
44,36,148
44,37,152
44,38,156
44,39,159
44,40,175
44,41,181
44,42,184
44,43,178
44,44,169
44,45,168
44,46,180
44,47,192
44,48,171
44,49,148
44,50,113
44,51,84
44,52,70
44,53,70
44,54,78
44,55,85
44,56,88
44,57,70
44,58,68
44,59,78
44,60,98
44,61,134
44,62,135
44,63,92
44,64,47
44,65,44
44,66,39
44,67,36
44,68,36
44,69,38
44,70,43
44,71,46
44,72,49
44,73,54
44,74,61
44,75,67
44,76,70
44,77,68
44,78,63
44,79,60
44,80,99
44,81,96
44,82,94
44,83,95
44,84,101
44,85,112
44,86,123
44,87,131
44,88,129
44,89,130
44,90,134
44,91,138
44,92,133
44,93,111
44,94,77
44,95,51
44,96,41
44,97,34
44,98,31
44,99,39
44,100,52
44,101,60
44,102,59
44,103,54
44,104,51
44,105,50
44,106,50
44,107,49
44,108,47
44,109,46
44,110,46
44,111,45
44,112,46
44,113,46
44,114,46
44,115,46
44,116,46
44,117,46
44,118,46
44,119,46
44,120,41
44,121,42
44,122,46
44,123,53
44,124,63
44,125,75
44,126,86
44,127,92
44,128,86
44,129,86
44,130,90
44,131,98
44,132,102
44,133,91
44,134,69
44,135,51
44,136,33
44,137,58
44,138,86
44,139,92
44,140,72
44,141,45
44,142,33
44,143,36
44,144,47
44,145,46
44,146,44
44,147,41
44,148,39
44,149,36
45,0,186
45,1,187
45,2,183
45,3,172
45,4,158
45,5,150
45,6,152
45,7,156
45,8,169
45,9,177
45,10,187
45,11,191
45,12,189
45,13,185
45,14,183
45,15,183
45,16,177
45,17,180
45,18,183
45,19,183
45,20,178
45,21,170
45,22,160
45,23,154
45,24,143
45,25,143
45,26,144
45,27,145
45,28,148
45,29,151
45,30,154
45,31,155
45,32,158
45,33,155
45,34,150
45,35,147
45,36,148
45,37,154
45,38,161
45,39,166
45,40,186
45,41,184
45,42,179
45,43,172
45,44,167
45,45,170
45,46,179
45,47,188
45,48,150
45,49,126
45,50,94
45,51,72
45,52,67
45,53,72
45,54,79
45,55,83
45,56,83
45,57,72
45,58,75
45,59,80
45,60,89
45,61,123
45,62,131
45,63,98
45,64,52
45,65,47
45,66,41
45,67,35
45,68,34
45,69,38
45,70,43
45,71,47
45,72,48
45,73,51
45,74,55
45,75,60
45,76,62
45,77,63
45,78,63
45,79,62
45,80,96
45,81,95
45,82,93
45,83,96
45,84,104
45,85,117
45,86,130
45,87,138
45,88,134
45,89,133
45,90,133
45,91,135
45,92,132
45,93,115
45,94,88
45,95,66
45,96,50
45,97,42
45,98,35
45,99,39
45,100,49
45,101,57
45,102,55
45,103,50
45,104,51
45,105,50
45,106,50
45,107,49
45,108,47
45,109,46
45,110,46
45,111,45
45,112,46
45,113,46
45,114,46
45,115,46
45,116,46
45,117,46
45,118,46
45,119,46
45,120,42
45,121,44
45,122,48
45,123,56
45,124,67
45,125,79
45,126,90
45,127,97
45,128,95
45,129,93
45,130,94
45,131,99
45,132,101
45,133,90
45,134,68
45,135,50
45,136,36
45,137,53
45,138,78
45,139,88
45,140,68
45,141,39
45,142,32
45,143,42
45,144,47
45,145,46
45,146,44
45,147,41
45,148,37
45,149,34
46,0,187
46,1,186
46,2,178
46,3,161
46,4,146
46,5,143
46,6,155
46,7,168
46,8,186
46,9,184
46,10,182
46,11,185
46,12,189
46,13,190
46,14,186
46,15,182
46,16,180
46,17,182
46,18,185
46,19,183
46,20,176
46,21,164
46,22,151
46,23,143
46,24,147
46,25,148
46,26,150
46,27,153
46,28,156
46,29,158
46,30,159
46,31,160
46,32,156
46,33,152
46,34,147
46,35,145
46,36,148
46,37,156
46,38,166
46,39,173
46,40,185
46,41,180
46,42,174
46,43,173
46,44,176
46,45,177
46,46,174
46,47,171
46,48,128
46,49,107
46,50,82
46,51,70
46,52,72
46,53,79
46,54,81
46,55,80
46,56,77
46,57,75
46,58,84
46,59,82
46,60,79
46,61,108
46,62,124
46,63,102
46,64,56
46,65,50
46,66,41
46,67,35
46,68,33
46,69,37
46,70,44
46,71,48
46,72,46
46,73,46
46,74,47
46,75,49
46,76,53
46,77,58
46,78,64
46,79,67
46,80,94
46,81,93
46,82,94
46,83,98
46,84,109
46,85,124
46,86,138
46,87,147
46,88,141
46,89,136
46,90,131
46,91,131
46,92,129
46,93,118
46,94,97
46,95,81
46,96,59
46,97,49
46,98,39
46,99,40
46,100,47
46,101,53
46,102,51
46,103,46
46,104,51
46,105,50
46,106,50
46,107,49
46,108,47
46,109,46
46,110,46
46,111,45
46,112,46
46,113,46
46,114,46
46,115,46
46,116,46
46,117,46
46,118,46
46,119,46
46,120,46
46,121,47
46,122,51
46,123,58
46,124,69
46,125,81
46,126,92
46,127,99
46,128,102
46,129,98
46,130,97
46,131,100
46,132,100
46,133,89
46,134,67
46,135,50
46,136,41
46,137,51
46,138,72
46,139,83
46,140,63
46,141,34
46,142,32
46,143,49
46,144,48
46,145,46
46,146,43
46,147,40
46,148,36
46,149,33
47,0,188
47,1,185
47,2,174
47,3,154
47,4,138
47,5,140
47,6,158
47,7,176
47,8,198
47,9,187
47,10,178
47,11,180
47,12,189
47,13,194
47,14,189
47,15,181
47,16,182
47,17,185
47,18,186
47,19,183
47,20,174
47,21,160
47,22,146
47,23,137
47,24,151
47,25,153
47,26,156
47,27,159
47,28,161
47,29,162
47,30,163
47,31,163
47,32,154
47,33,150
47,34,146
47,35,144
47,36,149
47,37,158
47,38,170
47,39,177
47,40,180
47,41,175
47,42,172
47,43,178
47,44,186
47,45,183
47,46,168
47,47,154
47,48,114
47,49,96
47,50,76
47,51,70
47,52,77
47,53,84
47,54,83
47,55,78
47,56,73
47,57,76
47,58,89
47,59,83
47,60,72
47,61,97
47,62,119
47,63,103
47,64,57
47,65,51
47,66,42
47,67,35
47,68,33
47,69,37
47,70,44
47,71,49
47,72,45
47,73,43
47,74,41
47,75,41
47,76,47
47,77,55
47,78,65
47,79,71
47,80,93
47,81,93
47,82,94
47,83,100
47,84,112
47,85,128
47,86,144
47,87,154
47,88,146
47,89,138
47,90,130
47,91,127
47,92,127
47,93,119
47,94,103
47,95,89
47,96,65
47,97,54
47,98,42
47,99,40
47,100,46
47,101,50
47,102,48
47,103,43
47,104,51
47,105,50
47,106,50
47,107,49
47,108,47
47,109,46
47,110,46
47,111,45
47,112,46
47,113,46
47,114,46
47,115,46
47,116,46
47,117,46
47,118,46
47,119,46
47,120,48
47,121,50
47,122,53
47,123,60
47,124,70
47,125,82
47,126,92
47,127,99
47,128,105
47,129,101
47,130,99
47,131,101
47,132,100
47,133,88
47,134,67
47,135,49
47,136,44
47,137,50
47,138,68
47,139,79
47,140,60
47,141,31
47,142,32
47,143,53
47,144,48
47,145,46
47,146,43
47,147,40
47,148,36
47,149,32
48,0,187
48,1,164
48,2,139
48,3,131
48,4,144
48,5,164
48,6,177
48,7,182
48,8,182
48,9,181
48,10,180
48,11,178
48,12,178
48,13,178
48,14,178
48,15,179
48,16,194
48,17,185
48,18,170
48,19,156
48,20,147
48,21,144
48,22,145
48,23,147
48,24,142
48,25,146
48,26,151
48,27,156
48,28,159
48,29,159
48,30,158
48,31,156
48,32,158
48,33,154
48,34,148
48,35,146
48,36,151
48,37,162
48,38,174
48,39,183
48,40,182
48,41,176
48,42,172
48,43,178
48,44,184
48,45,180
48,46,163
48,47,147
48,48,112
48,49,102
48,50,87
48,51,74
48,52,69
48,53,73
48,54,81
48,55,87
48,56,85
48,57,81
48,58,77
48,59,78
48,60,86
48,61,102
48,62,119
48,63,130
48,64,111
48,65,56
48,66,24
48,67,39
48,68,48
48,69,32
48,70,30
48,71,50
48,72,42
48,73,44
48,74,47
48,75,51
48,76,54
48,77,56
48,78,57
48,79,57
48,80,79
48,81,100
48,82,108
48,83,98
48,84,99
48,85,119
48,86,134
48,87,135
48,88,133
48,89,141
48,90,144
48,91,134
48,92,116
48,93,102
48,94,101
48,95,105
48,96,81
48,97,66
48,98,48
48,99,41
48,100,45
48,101,52
48,102,53
48,103,51
48,104,47
48,105,47
48,106,47
48,107,47
48,108,47
48,109,47
48,110,47
48,111,47
48,112,47
48,113,45
48,114,43
48,115,42
48,116,46
48,117,52
48,118,59
48,119,64
48,120,58
48,121,63
48,122,68
48,123,66
48,124,63
48,125,69
48,126,84
48,127,98
48,128,117
48,129,109
48,130,102
48,131,99
48,132,95
48,133,78
48,134,51
48,135,29
48,136,46
48,137,44
48,138,41
48,139,38
48,140,34
48,141,30
48,142,28
48,143,26
48,144,41
48,145,40
48,146,38
48,147,35
48,148,32
48,149,29
49,0,171
49,1,155
49,2,138
49,3,136
49,4,150
49,5,168
49,6,179
49,7,182
49,8,184
49,9,183
49,10,182
49,11,181
49,12,180
49,13,180
49,14,180
49,15,179
49,16,188
49,17,180
49,18,166
49,19,153
49,20,144
49,21,141
49,22,142
49,23,144
49,24,142
49,25,146
49,26,151
49,27,156
49,28,159
49,29,159
49,30,157
49,31,155
49,32,154
49,33,151
49,34,148
49,35,148
49,36,154
49,37,165
49,38,177
49,39,185
49,40,181
49,41,176
49,42,175
49,43,179
49,44,183
49,45,175
49,46,156
49,47,139
49,48,119
49,49,109
49,50,93
49,51,79
49,52,72
49,53,74
49,54,80
49,55,85
49,56,84
49,57,80
49,58,76
49,59,76
49,60,85
49,61,100
49,62,116
49,63,127
49,64,110
49,65,58
49,66,28
49,67,42
49,68,48
49,69,30
49,70,24
49,71,39
49,72,44
49,73,45
49,74,47
49,75,50
49,76,52
49,77,54
49,78,56
49,79,57
49,80,77
49,81,98
49,82,107
49,83,97
49,84,98
49,85,118
49,86,134
49,87,135
49,88,132
49,89,136
49,90,139
49,91,135
49,92,124
49,93,112
49,94,105
49,95,102
49,96,81
49,97,65
49,98,46
49,99,38
49,100,42
49,101,48
49,102,50
49,103,48
49,104,49
49,105,49
49,106,49
49,107,49
49,108,49
49,109,49
49,110,49
49,111,49
49,112,44
49,113,44
49,114,43
49,115,44
49,116,46
49,117,49
49,118,53
49,119,55
49,120,51
49,121,59
49,122,66
49,123,67
49,124,67
49,125,74
49,126,90
49,127,103
49,128,109
49,129,106
49,130,101
49,131,95
49,132,84
49,133,67
49,134,46
49,135,31
49,136,41
49,137,41
49,138,39
49,139,37
49,140,34
49,141,32
49,142,30
49,143,30
49,144,40
49,145,39
49,146,37
49,147,34
49,148,32
49,149,29
50,0,147
50,1,141
50,2,138
50,3,145
50,4,160
50,5,174
50,6,182
50,7,183
50,8,186
50,9,186
50,10,186
50,11,186
50,12,184
50,13,182
50,14,181
50,15,179
50,16,178
50,17,171
50,18,159
50,19,148
50,20,140
50,21,137
50,22,138
50,23,139
50,24,142
50,25,146
50,26,151
50,27,155
50,28,157
50,29,157
50,30,155
50,31,153
50,32,148
50,33,148
50,34,148
50,35,152
50,36,160
50,37,171
50,38,182
50,39,188
50,40,179
50,41,178
50,42,178
50,43,181
50,44,178
50,45,165
50,46,144
50,47,128
50,48,129
50,49,118
50,50,102
50,51,86
50,52,77
50,53,75
50,54,78
50,55,81
50,56,82
50,57,78
50,58,73
50,59,73
50,60,81
50,61,96
50,62,112
50,63,123
50,64,120
50,65,76
50,66,51
50,67,62
50,68,67
50,69,45
50,70,31
50,71,36
50,72,45
50,73,46
50,74,46
50,75,47
50,76,50
50,77,52
50,78,55
50,79,56
50,80,74
50,81,95
50,82,104
50,83,95
50,84,96
50,85,117
50,86,133
50,87,134
50,88,130
50,89,130
50,90,132
50,91,135
50,92,134
50,93,126
50,94,111
50,95,99
50,96,81
50,97,64
50,98,43
50,99,33
50,100,36
50,101,43
50,102,45
50,103,44
50,104,51
50,105,51
50,106,51
50,107,51
50,108,51
50,109,51
50,110,51
50,111,51
50,112,41
50,113,42
50,114,44
50,115,45
50,116,46
50,117,45
50,118,44
50,119,43
50,120,44
50,121,54
50,122,66
50,123,72
50,124,75
50,125,83
50,126,98
50,127,111
50,128,98
50,129,99
50,130,97
50,131,85
50,132,67
50,133,50
50,134,39
50,135,34
50,136,35
50,137,35
50,138,35
50,139,35
50,140,35
50,141,35
50,142,34
50,143,34
50,144,38
50,145,37
50,146,35
50,147,33
50,148,31
50,149,29
51,0,127
51,1,132
51,2,142
51,3,156
51,4,170
51,5,180
51,6,184
51,7,185
51,8,187
51,9,188
51,10,190
51,11,190
51,12,188
51,13,184
51,14,180
51,15,177
51,16,167
51,17,162
51,18,153
51,19,143
51,20,137
51,21,134
51,22,134
51,23,134
51,24,143
51,25,146
51,26,151
51,27,155
51,28,156
51,29,155
51,30,153
51,31,151
51,32,143
51,33,146
51,34,150
51,35,158
51,36,167
51,37,177
51,38,185
51,39,190
51,40,177
51,41,178
51,42,180
51,43,179
51,44,170
51,45,153
51,46,133
51,47,119
51,48,136
51,49,126
51,50,110
51,51,93
51,52,81
51,53,76
51,54,75
51,55,76
51,56,80
51,57,75
51,58,70
51,59,69
51,60,76
51,61,91
51,62,106
51,63,117
51,64,133
51,65,100
51,66,82
51,67,93
51,68,96
51,69,72
51,70,49
51,71,43
51,72,48
51,73,47
51,74,45
51,75,45
51,76,46
51,77,49
51,78,53
51,79,56
51,80,70
51,81,92
51,82,101
51,83,92
51,84,95
51,85,116
51,86,133
51,87,134
51,88,129
51,89,126
51,90,127
51,91,136
51,92,142
51,93,136
51,94,117
51,95,100
51,96,84
51,97,65
51,98,42
51,99,29
51,100,31
51,101,38
51,102,41
51,103,40
51,104,53
51,105,53
51,106,53
51,107,53
51,108,53
51,109,53
51,110,53
51,111,53
51,112,40
51,113,42
51,114,44
51,115,45
51,116,44
51,117,41
51,118,38
51,119,35
51,120,41
51,121,55
51,122,71
51,123,81
51,124,86
51,125,94
51,126,107
51,127,118
51,128,89
51,129,93
51,130,89
51,131,73
51,132,50
51,133,34
51,134,33
51,135,37
51,136,29
51,137,30
51,138,31
51,139,33
51,140,35
51,141,36
51,142,37
51,143,38
51,144,35
51,145,34
51,146,33
51,147,32
51,148,30
51,149,29
52,0,119
52,1,132
52,2,151
52,3,168
52,4,178
52,5,184
52,6,186
52,7,187
52,8,186
52,9,188
52,10,190
52,11,191
52,12,188
52,13,183
52,14,176
52,15,172
52,16,158
52,17,154
52,18,148
52,19,141
52,20,136
52,21,133
52,22,132
52,23,132
52,24,144
52,25,146
52,26,150
52,27,154
52,28,155
52,29,153
52,30,150
52,31,148
52,32,141
52,33,146
52,34,154
52,35,164
52,36,173
52,37,181
52,38,185
52,39,188
52,40,175
52,41,178
52,42,178
52,43,171
52,44,157
52,45,139
52,46,125
52,47,117
52,48,139
52,49,129
52,50,114
52,51,97
52,52,84
52,53,76
52,54,72
52,55,72
52,56,77
52,57,72
52,58,66
52,59,65
52,60,71
52,61,85
52,62,100
52,63,110
52,64,125
52,65,103
52,66,95
52,67,109
52,68,113
52,69,90
52,70,59
52,71,41
52,72,51
52,73,48
52,74,44
52,75,42
52,76,43
52,77,46
52,78,51
52,79,55
52,80,66
52,81,88
52,82,98
52,83,90
52,84,93
52,85,115
52,86,132
52,87,133
52,88,132
52,89,128
52,90,128
52,91,135
52,92,143
52,93,139
52,94,122
52,95,106
52,96,90
52,97,69
52,98,43
52,99,28
52,100,28
52,101,35
52,102,39
52,103,39
52,104,52
52,105,52
52,106,52
52,107,52
52,108,52
52,109,52
52,110,52
52,111,52
52,112,42
52,113,43
52,114,43
52,115,43
52,116,42
52,117,40
52,118,39
52,119,37
52,120,48
52,121,64
52,122,83
52,123,95
52,124,99
52,125,104
52,126,113
52,127,121
52,128,87
52,129,87
52,130,79
52,131,59
52,132,37
52,133,26
52,134,30
52,135,38
52,136,26
52,137,27
52,138,29
52,139,31
52,140,34
52,141,36
52,142,38
52,143,39
52,144,32
52,145,32
52,146,31
52,147,30
52,148,29
52,149,29
53,0,125
53,1,141
53,2,163
53,3,178
53,4,183
53,5,184
53,6,186
53,7,189
53,8,182
53,9,185
53,10,188
53,11,190
53,12,186
53,13,179
53,14,170
53,15,165
53,16,152
53,17,150
53,18,146
53,19,142
53,20,138
53,21,135
53,22,133
53,23,133
53,24,144
53,25,147
53,26,150
53,27,153
53,28,153
53,29,151
53,30,147
53,31,145
53,32,143
53,33,149
53,34,160
53,35,171
53,36,179
53,37,183
53,38,183
53,39,183
53,40,175
53,41,176
53,42,173
53,43,160
53,44,141
53,45,127
53,46,122
53,47,123
53,48,136
53,49,127
53,50,113
53,51,98
53,52,84
53,53,75
53,54,70
53,55,68
53,56,74
53,57,69
53,58,62
53,59,61
53,60,67
53,61,80
53,62,94
53,63,104
53,64,104
53,65,96
53,66,98
53,67,116
53,68,124
53,69,104
53,70,67
53,71,40
53,72,53
53,73,49
53,74,43
53,75,39
53,76,39
53,77,44
53,78,50
53,79,54
53,80,63
53,81,85
53,82,95
53,83,87
53,84,91
53,85,114
53,86,131
53,87,133
53,88,137
53,89,135
53,90,133
53,91,135
53,92,136
53,93,133
53,94,124
53,95,117
53,96,97
53,97,75
53,98,46
53,99,29
53,100,28
53,101,35
53,102,39
53,103,40
53,104,48
53,105,48
53,106,48
53,107,48
53,108,48
53,109,48
53,110,48
53,111,48
53,112,48
53,113,45
53,114,41
53,115,39
53,116,39
53,117,42
53,118,46
53,119,49
53,120,63
53,121,80
53,122,101
53,123,112
53,124,113
53,125,112
53,126,116
53,127,120
53,128,92
53,129,83
53,130,66
53,131,46
53,132,30
53,133,25
53,134,31
53,135,38
53,136,27
53,137,27
53,138,29
53,139,30
53,140,32
53,141,34
53,142,35
53,143,36
53,144,29
53,145,29
53,146,29
53,147,29
53,148,29
53,149,29
54,0,137
54,1,155
54,2,176
54,3,186
54,4,185
54,5,183
54,6,185
54,7,190
54,8,177
54,9,181
54,10,185
54,11,187
54,12,183
54,13,174
54,14,164
54,15,158
54,16,149
54,17,148
54,18,147
54,19,144
54,20,141
54,21,138
54,22,136
54,23,134
54,24,144
54,25,147
54,26,150
54,27,152
54,28,152
54,29,149
54,30,146
54,31,143
54,32,146
54,33,154
54,34,166
54,35,177
54,36,183
54,37,183
54,38,180
54,39,177
54,40,175
54,41,175
54,42,166
54,43,148
54,44,128
54,45,118
54,46,123
54,47,131
54,48,129
54,49,122
54,50,110
54,51,96
54,52,84
54,53,74
54,54,69
54,55,66
54,56,72
54,57,66
54,58,60
54,59,57
54,60,63
54,61,76
54,62,90
54,63,100
54,64,104
54,65,106
54,66,118
54,67,140
54,68,153
54,69,136
54,70,96
54,71,63
54,72,55
54,73,50
54,74,42
54,75,37
54,76,36
54,77,41
54,78,49
54,79,54
54,80,60
54,81,82
54,82,93
54,83,85
54,84,89
54,85,113
54,86,130
54,87,132
54,88,144
54,89,144
54,90,141
54,91,134
54,92,126
54,93,122
54,94,125
54,95,129
54,96,105
54,97,81
54,98,50
54,99,32
54,100,30
54,101,36
54,102,41
54,103,43
54,104,44
54,105,44
54,106,44
54,107,44
54,108,44
54,109,44
54,110,44
54,111,44
54,112,54
54,113,48
54,114,39
54,115,35
54,116,37
54,117,45
54,118,56
54,119,64
54,120,80
54,121,98
54,122,118
54,123,127
54,124,124
54,125,118
54,126,116
54,127,117
54,128,100
54,129,81
54,130,55
54,131,35
54,132,28
54,133,30
54,134,34
54,135,36
54,136,29
54,137,29
54,138,30
54,139,30
54,140,31
54,141,31
54,142,32
54,143,32
54,144,27
54,145,27
54,146,28
54,147,28
54,148,28
54,149,28
55,0,147
55,1,165
55,2,184
55,3,191
55,4,186
55,5,181
55,6,185
55,7,191
55,8,174
55,9,178
55,10,183
55,11,185
55,12,181
55,13,172
55,14,161
55,15,153
55,16,148
55,17,148
55,18,147
55,19,146
55,20,143
55,21,140
55,22,138
55,23,136
55,24,145
55,25,147
55,26,150
55,27,152
55,28,152
55,29,149
55,30,145
55,31,142
55,32,148
55,33,157
55,34,169
55,35,180
55,36,185
55,37,183
55,38,177
55,39,173
55,40,176
55,41,173
55,42,162
55,43,140
55,44,119
55,45,113
55,46,124
55,47,138
55,48,124
55,49,118
55,50,107
55,51,95
55,52,83
55,53,74
55,54,68
55,55,65
55,56,71
55,57,65
55,58,58
55,59,56
55,60,61
55,61,74
55,62,88
55,63,97
55,64,120
55,65,127
55,66,145
55,67,171
55,68,186
55,69,172
55,70,131
55,71,94
55,72,56
55,73,50
55,74,42
55,75,36
55,76,35
55,77,40
55,78,48
55,79,53
55,80,58
55,81,80
55,82,91
55,83,84
55,84,89
55,85,112
55,86,130
55,87,132
55,88,148
55,89,150
55,90,147
55,91,133
55,92,118
55,93,115
55,94,125
55,95,136
55,96,110
55,97,85
55,98,53
55,99,34
55,100,31
55,101,38
55,102,43
55,103,45
55,104,41
55,105,41
55,106,41
55,107,41
55,108,41
55,109,41
55,110,41
55,111,41
55,112,58
55,113,49
55,114,38
55,115,32
55,116,35
55,117,48
55,118,64
55,119,75
55,120,92
55,121,109
55,122,129
55,123,136
55,124,130
55,125,121
55,126,115
55,127,115
55,128,106
55,129,80
55,130,48
55,131,30
55,132,28
55,133,34
55,134,36
55,135,35
55,136,31
55,137,31
55,138,31
55,139,30
55,140,30
55,141,29
55,142,29
55,143,29
55,144,26
55,145,26
55,146,27
55,147,27
55,148,28
55,149,28
56,0,176
56,1,179
56,2,184
56,3,188
56,4,190
56,5,189
56,6,187
56,7,185
56,8,182
56,9,182
56,10,181
56,11,177
56,12,167
56,13,155
56,14,143
56,15,135
56,16,149
56,17,148
56,18,147
56,19,145
56,20,142
56,21,140
56,22,139
56,23,138
56,24,147
56,25,156
56,26,164
56,27,161
56,28,150
56,29,141
56,30,139
56,31,142
56,32,151
56,33,160
56,34,171
56,35,179
56,36,181
56,37,178
56,38,176
56,39,175
56,40,180
56,41,170
56,42,136
56,43,99
56,44,100
56,45,129
56,46,139
56,47,126
56,48,141
56,49,130
56,50,117
56,51,108
56,52,102
56,53,90
56,54,71
56,55,56
56,56,62
56,57,58
56,58,54
56,59,53
56,60,58
56,61,69
56,62,81
56,63,88
56,64,124
56,65,151
56,66,169
56,67,170
56,68,171
56,69,171
56,70,152
56,71,127
56,72,75
56,73,55
56,74,36
56,75,35
56,76,47
56,77,54
56,78,45
56,79,32
56,80,53
56,81,71
56,82,87
56,83,89
56,84,84
56,85,95
56,86,124
56,87,152
56,88,148
56,89,142
56,90,135
56,91,130
56,92,132
56,93,138
56,94,147
56,95,153
56,96,133
56,97,111
56,98,78
56,99,47
56,100,31
56,101,31
56,102,42
56,103,51
56,104,52
56,105,50
56,106,46
56,107,44
56,108,44
56,109,46
56,110,50
56,111,52
56,112,48
56,113,46
56,114,45
56,115,48
56,116,58
56,117,73
56,118,88
56,119,97
56,120,126
56,121,121
56,122,115
56,123,111
56,124,110
56,125,108
56,126,104
56,127,101
56,128,104
56,129,87
56,130,64
56,131,43
56,132,32
56,133,30
56,134,31
56,135,32
56,136,32
56,137,35
56,138,39
56,139,40
56,140,38
56,141,32
56,142,25
56,143,20
56,144,33
56,145,33
56,146,33
56,147,33
56,148,33
56,149,33
57,0,176
57,1,180
57,2,185
57,3,189
57,4,192
57,5,191
57,6,189
57,7,188
57,8,182
57,9,181
57,10,177
57,11,170
57,12,161
57,13,152
57,14,143
57,15,138
57,16,145
57,17,145
57,18,144
57,19,143
57,20,143
57,21,142
57,22,141
57,23,141
57,24,144
57,25,153
57,26,162
57,27,160
57,28,150
57,29,143
57,30,144
57,31,148
57,32,159
57,33,165
57,34,173
57,35,180
57,36,182
57,37,181
57,38,179
57,39,178
57,40,170
57,41,148
57,42,114
57,43,93
57,44,103
57,45,129
57,46,140
57,47,136
57,48,134
57,49,124
57,50,113
57,51,106
57,52,101
57,53,90
57,54,72
57,55,57
57,56,62
57,57,59
57,58,55
57,59,54
57,60,59
57,61,69
57,62,80
57,63,87
57,64,116
57,65,143
57,66,163
57,67,166
57,68,170
57,69,173
57,70,158
57,71,134
57,72,87
57,73,65
57,74,43
57,75,39
57,76,48
57,77,53
57,78,44
57,79,31
57,80,48
57,81,67
57,82,87
57,83,91
57,84,88
57,85,97
57,86,121
57,87,144
57,88,145
57,89,140
57,90,134
57,91,129
57,92,129
57,93,135
57,94,143
57,95,148
57,96,131
57,97,110
57,98,77
57,99,48
57,100,32
57,101,32
57,102,43
57,103,52
57,104,52
57,105,50
57,106,46
57,107,44
57,108,44
57,109,46
57,110,50
57,111,52
57,112,53
57,113,51
57,114,50
57,115,54
57,116,63
57,117,76
57,118,90
57,119,99
57,120,116
57,121,115
57,122,113
57,123,111
57,124,108
57,125,104
57,126,99
57,127,96
57,128,100
57,129,87
57,130,66
57,131,47
57,132,36
57,133,32
57,134,34
57,135,36
57,136,33
57,137,35
57,138,37
57,139,38
57,140,36
57,141,31
57,142,26
57,143,22
57,144,33
57,145,33
57,146,33
57,147,33
57,148,33
57,149,33
58,0,176
58,1,180
58,2,185
58,3,190
58,4,193
58,5,193
58,6,191
58,7,190
58,8,181
58,9,177
58,10,169
58,11,160
58,12,152
58,13,147
58,14,143
58,15,142
58,16,140
58,17,140
58,18,141
58,19,142
58,20,143
58,21,143
58,22,144
58,23,144
58,24,139
58,25,149
58,26,158
58,27,158
58,28,151
58,29,147
58,30,151
58,31,158
58,32,171
58,33,172
58,34,175
58,35,180
58,36,184
58,37,184
58,38,181
58,39,178
58,40,147
58,41,112
58,42,85
58,43,91
58,44,114
58,45,131
58,46,139
58,47,144
58,48,124
58,49,116
58,50,107
58,51,104
58,52,101
58,53,91
58,54,74
58,55,59
58,56,61
58,57,59
58,58,56
58,59,56
58,60,60
58,61,69
58,62,78
58,63,84
58,64,104
58,65,131
58,66,154
58,67,160
58,68,168
58,69,177
58,70,166
58,71,144
58,72,105
58,73,80
58,74,53
58,75,43
58,76,50
58,77,53
58,78,43
58,79,31
58,80,41
58,81,61
58,82,85
58,83,95
58,84,94
58,85,100
58,86,116
58,87,132
58,88,141
58,89,137
58,90,131
58,91,126
58,92,126
58,93,129
58,94,135
58,95,139
58,96,127
58,97,107
58,98,77
58,99,49
58,100,34
58,101,34
58,102,44
58,103,52
58,104,52
58,105,50
58,106,46
58,107,44
58,108,44
58,109,46
58,110,50
58,111,52
58,112,60
58,113,59
58,114,58
58,115,61
58,116,69
58,117,80
58,118,92
58,119,99
58,120,101
58,121,106
58,122,109
58,123,109
58,124,104
58,125,96
58,126,91
58,127,88
58,128,102
58,129,93
58,130,76
58,131,57
58,132,41
58,133,34
58,134,35
58,135,38
58,136,37
58,137,37
58,138,37
58,139,36
58,140,34
58,141,31
58,142,27
58,143,25
58,144,33
58,145,33
58,146,33
58,147,33
58,148,33
58,149,33
59,0,177
59,1,180
59,2,185
59,3,190
59,4,192
59,5,191
59,6,189
59,7,187
59,8,177
59,9,170
59,10,160
59,11,150
59,12,143
59,13,141
59,14,142
59,15,144
59,16,136
59,17,137
59,18,138
59,19,140
59,20,142
59,21,144
59,22,146
59,23,147
59,24,136
59,25,145
59,26,155
59,27,156
59,28,151
59,29,151
59,30,159
59,31,167
59,32,183
59,33,179
59,34,177
59,35,180
59,36,185
59,37,184
59,38,176
59,39,167
59,40,111
59,41,77
59,42,69
59,43,103
59,44,134
59,45,137
59,46,134
59,47,140
59,48,116
59,49,110
59,50,104
59,51,103
59,52,103
59,53,93
59,54,75
59,55,60
59,56,61
59,57,59
59,58,58
59,59,58
59,60,62
59,61,69
59,62,76
59,63,81
59,64,93
59,65,121
59,66,144
59,67,153
59,68,165
59,69,178
59,70,171
59,71,153
59,72,124
59,73,95
59,74,62
59,75,47
59,76,49
59,77,52
59,78,43
59,79,31
59,80,34
59,81,55
59,82,80
59,83,95
59,84,99
59,85,102
59,86,111
59,87,120
59,88,136
59,89,132
59,90,127
59,91,122
59,92,120
59,93,122
59,94,125
59,95,128
59,96,122
59,97,104
59,98,76
59,99,50
59,100,36
59,101,37
59,102,46
59,103,54
59,104,52
59,105,50
59,106,46
59,107,44
59,108,44
59,109,46
59,110,50
59,111,52
59,112,66
59,113,65
59,114,65
59,115,67
59,116,73
59,117,81
59,118,90
59,119,95
59,120,85
59,121,94
59,122,103
59,123,103
59,124,94
59,125,85
59,126,81
59,127,81
59,128,116
59,129,111
59,130,97
59,131,74
59,132,49
59,133,34
59,134,31
59,135,33
59,136,47
59,137,44
59,138,40
59,139,35
59,140,32
59,141,30
59,142,29
59,143,29
59,144,33
59,145,33
59,146,33
59,147,33
59,148,33
59,149,33
60,0,179
60,1,181
60,2,185
60,3,187
60,4,187
60,5,185
60,6,181
60,7,179
60,8,167
60,9,161
60,10,152
60,11,143
60,12,138
60,13,137
60,14,139
60,15,141
60,16,134
60,17,135
60,18,137
60,19,139
60,20,141
60,21,143
60,22,144
60,23,145
60,24,136
60,25,144
60,26,153
60,27,154
60,28,151
60,29,153
60,30,164
60,31,174
60,32,189
60,33,182
60,34,177
60,35,180
60,36,184
60,37,178
60,38,160
60,39,143
60,40,76
60,41,60
60,42,74
60,43,121
60,44,152
60,45,145
60,46,130
60,47,129
60,48,114
60,49,109
60,50,105
60,51,106
60,52,106
60,53,96
60,54,77
60,55,61
60,56,61
60,57,60
60,58,60
60,59,61
60,60,64
60,61,69
60,62,74
60,63,77
60,64,88
60,65,115
60,66,138
60,67,147
60,68,160
60,69,176
60,70,172
60,71,155
60,72,139
60,73,107
60,74,68
60,75,48
60,76,47
60,77,49
60,78,42
60,79,32
60,80,32
60,81,50
60,82,74
60,83,92
60,84,100
60,85,104
60,86,108
60,87,111
60,88,130
60,89,127
60,90,122
60,91,118
60,92,115
60,93,114
60,94,114
60,95,115
60,96,116
60,97,100
60,98,75
60,99,51
60,100,39
60,101,40
60,102,48
60,103,55
60,104,52
60,105,50
60,106,46
60,107,44
60,108,44
60,109,46
60,110,50
60,111,52
60,112,67
60,113,66
60,114,66
60,115,68
60,116,71
60,117,77
60,118,82
60,119,85
60,120,72
60,121,84
60,122,94
60,123,92
60,124,80
60,125,71
60,126,72
60,127,77
60,128,132
60,129,132
60,130,121
60,131,94
60,132,61
60,133,37
60,134,29
60,135,31
60,136,64
60,137,58
60,138,48
60,139,38
60,140,32
60,141,30
60,142,31
60,143,32
60,144,33
60,145,33
60,146,33
60,147,33
60,148,33
60,149,33
61,0,181
61,1,182
61,2,184
61,3,183
61,4,180
61,5,174
61,6,169
61,7,165
61,8,155
61,9,152
61,10,147
61,11,141
61,12,137
61,13,135
61,14,135
61,15,135
61,16,137
61,17,137
61,18,138
61,19,138
61,20,139
61,21,140
61,22,141
61,23,141
61,24,139
61,25,146
61,26,153
61,27,153
61,28,150
61,29,154
61,30,166
61,31,177
61,32,189
61,33,181
61,34,176
61,35,180
61,36,182
61,37,167
61,38,136
61,39,109
61,40,58
61,41,67
61,42,95
61,43,134
61,44,154
61,45,147
61,46,131
61,47,123
61,48,117
61,49,113
61,50,110
61,51,112
61,52,112
61,53,100
61,54,79
61,55,61
61,56,60
61,57,61
61,58,61
61,59,63
61,60,66
61,61,69
61,62,71
61,63,73
61,64,90
61,65,116
61,66,136
61,67,142
61,68,154
61,69,170
61,70,167
61,71,150
61,72,147
61,73,112
61,74,69
61,75,45
61,76,43
61,77,47
61,78,42
61,79,34
61,80,33
61,81,47
61,82,66
61,83,85
61,84,97
61,85,103
61,86,106
61,87,107
61,88,125
61,89,123
61,90,119
61,91,114
61,92,110
61,93,106
61,94,104
61,95,103
61,96,111
61,97,96
61,98,74
61,99,53
61,100,42
61,101,42
61,102,50
61,103,56
61,104,52
61,105,50
61,106,46
61,107,44
61,108,44
61,109,46
61,110,50
61,111,52
61,112,62
61,113,62
61,114,63
61,115,64
61,116,65
61,117,68
61,118,70
61,119,71
61,120,64
61,121,76
61,122,85
61,123,78
61,124,62
61,125,56
61,126,65
61,127,78
61,128,138
61,129,143
61,130,139
61,131,113
61,132,76
61,133,49
61,134,41
61,135,44
61,136,85
61,137,75
61,138,60
61,139,44
61,140,34
61,141,31
61,142,33
61,143,35
61,144,33
61,145,33
61,146,33
61,147,33
61,148,33
61,149,33
62,0,183
62,1,183
62,2,182
62,3,179
62,4,172
62,5,164
62,6,156
62,7,151
62,8,143
62,9,143
62,10,143
62,11,142
62,12,139
62,13,135
62,14,131
62,15,128
62,16,140
62,17,140
62,18,139
62,19,138
62,20,138
62,21,137
62,22,136
62,23,136
62,24,143
62,25,150
62,26,154
62,27,153
62,28,149
62,29,153
62,30,165
62,31,177
62,32,185
62,33,177
62,34,174
62,35,179
62,36,179
62,37,156
62,38,111
62,39,74
62,40,60
62,41,90
62,42,120
62,43,134
62,44,141
62,45,144
62,46,138
62,47,126
62,48,123
62,49,119
62,50,117
62,51,119
62,52,117
62,53,103
62,54,79
62,55,61
62,56,60
62,57,61
62,58,63
62,59,65
62,60,67
62,61,69
62,62,70
62,63,70
62,64,96
62,65,119
62,66,136
62,67,139
62,68,149
62,69,163
62,70,159
62,71,143
62,72,149
62,73,112
62,74,67
62,75,41
62,76,39
62,77,44
62,78,42
62,79,36
62,80,37
62,81,45
62,82,60
62,83,77
62,84,92
62,85,101
62,86,106
62,87,107
62,88,121
62,89,119
62,90,116
62,91,111
62,92,106
62,93,101
62,94,97
62,95,94
62,96,107
62,97,94
62,98,73
62,99,54
62,100,44
62,101,44
62,102,51
62,103,57
62,104,52
62,105,50
62,106,46
62,107,44
62,108,44
62,109,46
62,110,50
62,111,52
62,112,56
62,113,56
62,114,57
62,115,57
62,116,58
62,117,58
62,118,58
62,119,57
62,120,60
62,121,71
62,122,76
62,123,65
62,124,47
62,125,44
62,126,61
62,127,81
62,128,129
62,129,142
62,130,146
62,131,127
62,132,93
62,133,68
62,134,64
62,135,70
62,136,105
62,137,92
62,138,71
62,139,51
62,140,37
62,141,32
62,142,33
62,143,36
62,144,33
62,145,33
62,146,33
62,147,33
62,148,33
62,149,33
63,0,185
63,1,184
63,2,181
63,3,176
63,4,167
63,5,157
63,6,148
63,7,142
63,8,135
63,9,138
63,10,142
63,11,144
63,12,141
63,13,135
63,14,128
63,15,123
63,16,143
63,17,142
63,18,141
63,19,139
63,20,136
63,21,134
63,22,133
63,23,132
63,24,146
63,25,152
63,26,156
63,27,153
63,28,148
63,29,152
63,30,164
63,31,176
63,32,182
63,33,175
63,34,172
63,35,179
63,36,177
63,37,148
63,38,96
63,39,53
63,40,69
63,41,109
63,42,135
63,43,129
63,44,126
63,45,139
63,46,144
63,47,133
63,48,127
63,49,124
63,50,122
63,51,123
63,52,120
63,53,105
63,54,80
63,55,60
63,56,60
63,57,61
63,58,63
63,59,66
63,60,68
63,61,69
63,62,69
63,63,69
63,64,100
63,65,123
63,66,137
63,67,138
63,68,145
63,69,158
63,70,154
63,71,137
63,72,149
63,73,111
63,74,64
63,75,38
63,76,36
63,77,43
63,78,42
63,79,37
63,80,40
63,81,45
63,82,56
63,83,71
63,84,88
63,85,100
63,86,106
63,87,107
63,88,119
63,89,117
63,90,114
63,91,109
63,92,104
63,93,98
63,94,92
63,95,90
63,96,105
63,97,92
63,98,72
63,99,54
63,100,45
63,101,45
63,102,52
63,103,58
63,104,52
63,105,50
63,106,46
63,107,44
63,108,44
63,109,46
63,110,50
63,111,52
63,112,51
63,113,52
63,114,52
63,115,53
63,116,52
63,117,51
63,118,50
63,119,49
63,120,59
63,121,69
63,122,71
63,123,56
63,124,37
63,125,37
63,126,59
63,127,84
63,128,118
63,129,135
63,130,146
63,131,133
63,132,104
63,133,83
63,134,83
63,135,92
63,136,118
63,137,103
63,138,79
63,139,55
63,140,39
63,141,33
63,142,34
63,143,37
63,144,33
63,145,33
63,146,33
63,147,33
63,148,33
63,149,33
64,0,186
64,1,175
64,2,157
64,3,141
64,4,133
64,5,133
64,6,139
64,7,144
64,8,139
64,9,140
64,10,140
64,11,139
64,12,138
64,13,136
64,14,135
64,15,133
64,16,140
64,17,138
64,18,135
64,19,133
64,20,134
64,21,137
64,22,141
64,23,144
64,24,154
64,25,145
64,26,138
64,27,143
64,28,157
64,29,169
64,30,173
64,31,171
64,32,172
64,33,158
64,34,153
64,35,152
64,36,129
64,37,87
64,38,59
64,39,55
64,40,75
64,41,95
64,42,119
64,43,131
64,44,129
64,45,127
64,46,130
64,47,136
64,48,130
64,49,139
64,50,145
64,51,135
64,52,110
64,53,84
64,54,66
64,55,59
64,56,56
64,57,60
64,58,67
64,59,74
64,60,78
64,61,77
64,62,70
64,63,65
64,64,94
64,65,124
64,66,143
64,67,138
64,68,135
64,69,146
64,70,153
64,71,148
64,72,138
64,73,91
64,74,51
64,75,45
64,76,48
64,77,40
64,78,32
64,79,33
64,80,48
64,81,41
64,82,40
64,83,55
64,84,84
64,85,108
64,86,119
64,87,120
64,88,109
64,89,109
64,90,109
64,91,108
64,92,106
64,93,103
64,94,101
64,95,100
64,96,111
64,97,93
64,98,70
64,99,58
64,100,57
64,101,59
64,102,57
64,103,54
64,104,43
64,105,44
64,106,46
64,107,48
64,108,50
64,109,52
64,110,54
64,111,55
64,112,45
64,113,44
64,114,42
64,115,43
64,116,47
64,117,54
64,118,61
64,119,66
64,120,72
64,121,63
64,122,49
64,123,40
64,124,39
64,125,47
64,126,59
64,127,67
64,128,118
64,129,142
64,130,156
64,131,153
64,132,153
64,133,153
64,134,132
64,135,103
64,136,124
64,137,152
64,138,146
64,139,97
64,140,65
64,141,66
64,142,56
64,143,28
64,144,35
64,145,33
64,146,30
64,147,27
64,148,26
64,149,28
65,0,177
65,1,166
65,2,151
65,3,137
65,4,131
65,5,133
65,6,139
65,7,144
65,8,141
65,9,140
65,10,140
65,11,139
65,12,138
65,13,136
65,14,135
65,15,135
65,16,138
65,17,136
65,18,134
65,19,133
65,20,135
65,21,139
65,22,143
65,23,147
65,24,165
65,25,155
65,26,147
65,27,150
65,28,162
65,29,173
65,30,176
65,31,174
65,32,184
65,33,157
65,34,133
65,35,120
65,36,97
65,37,69
65,38,61
65,39,70
65,40,89
65,41,104
65,42,122
65,43,130
65,44,128
65,45,127
65,46,132
65,47,139
65,48,130
65,49,139
65,50,144
65,51,133
65,52,109
65,53,83
65,54,66
65,55,60
65,56,56
65,57,62
65,58,69
65,59,71
65,60,69
65,61,68
65,62,70
65,63,72
65,64,98
65,65,126
65,66,142
65,67,137
65,68,135
65,69,148
65,70,155
65,71,150
65,72,127
65,73,83
65,74,48
65,75,45
65,76,49
65,77,41
65,78,35
65,79,37
65,80,48
65,81,41
65,82,40
65,83,54
65,84,80
65,85,104
65,86,117
65,87,120
65,88,110
65,89,110
65,90,109
65,91,107
65,92,105
65,93,103
65,94,101
65,95,100
65,96,117
65,97,98
65,98,73
65,99,57
65,100,53
65,101,53
65,102,49
65,103,44
65,104,47
65,105,48
65,106,49
65,107,50
65,108,52
65,109,54
65,110,55
65,111,56
65,112,46
65,113,45
65,114,44
65,115,45
65,116,49
65,117,55
65,118,61
65,119,65
65,120,66
65,121,58
65,122,47
65,123,39
65,124,40
65,125,48
65,126,59
65,127,67
65,128,109
65,129,137
65,130,158
65,131,159
65,132,156
65,133,155
65,134,141
65,135,121
65,136,134
65,137,161
65,138,159
65,139,122
65,140,98
65,141,98
65,142,78
65,143,44
65,144,28
65,145,29
65,146,30
65,147,30
65,148,31
65,149,31
66,0,161
66,1,153
66,2,141
66,3,131
66,4,128
66,5,132
66,6,139
66,7,145
66,8,143
66,9,142
66,10,140
66,11,138
66,12,137
66,13,137
66,14,137
66,15,137
66,16,135
66,17,133
66,18,132
66,19,132
66,20,135
66,21,141
66,22,146
66,23,150
66,24,175
66,25,165
66,26,157
66,27,159
66,28,171
66,29,181
66,30,184
66,31,181
66,32,185
66,33,144
66,34,101
66,35,76
66,36,58
66,37,50
66,38,67
66,39,94
66,40,110
66,41,118
66,42,125
66,43,127
66,44,126
66,45,128
66,46,135
66,47,142
66,48,131
66,49,139
66,50,142
66,51,131
66,52,106
66,53,81
66,54,66
66,55,60
66,56,56
66,57,65
66,58,72
66,59,67
66,60,57
66,61,57
66,62,71
66,63,85
66,64,104
66,65,128
66,66,141
66,67,135
66,68,136
66,69,150
66,70,155
66,71,148
66,72,108
66,73,70
66,74,42
66,75,44
66,76,49
66,77,42
66,78,38
66,79,43
66,80,47
66,81,42
66,82,41
66,83,52
66,84,74
66,85,97
66,86,112
66,87,118
66,88,113
66,89,111
66,90,109
66,91,106
66,92,103
66,93,101
66,94,101
66,95,100
66,96,118
66,97,98
66,98,72
66,99,55
66,100,49
66,101,47
66,102,42
66,103,37
66,104,52
66,105,52
66,106,53
66,107,54
66,108,54
66,109,55
66,110,56
66,111,56
66,112,47
66,113,46
66,114,46
66,115,48
66,116,51
66,117,56
66,118,61
66,119,64
66,120,56
66,121,50
66,122,43
66,123,39
66,124,41
66,125,49
66,126,59
66,127,66
66,128,93
66,129,127
66,130,159
66,131,165
66,132,161
66,133,158
66,134,154
66,135,148
66,136,150
66,137,171
66,138,171
66,139,148
66,140,137
66,141,137
66,142,111
66,143,72
66,144,35
66,145,35
66,146,35
66,147,35
66,148,34
66,149,34
67,0,145
67,1,140
67,2,132
67,3,126
67,4,126
67,5,131
67,6,139
67,7,145
67,8,146
67,9,144
67,10,140
67,11,137
67,12,136
67,13,137
67,14,139
67,15,140
67,16,133
67,17,132
67,18,131
67,19,132
67,20,136
67,21,141
67,22,148
67,23,151
67,24,172
67,25,165
67,26,161
67,27,168
67,28,181
67,29,190
67,30,191
67,31,187
67,32,156
67,33,112
67,34,67
67,35,44
67,36,36
67,37,45
67,38,80
67,39,118
67,40,130
67,41,129
67,42,128
67,43,125
67,44,125
67,45,130
67,46,137
67,47,144
67,48,132
67,49,139
67,50,141
67,51,128
67,52,103
67,53,80
67,54,66
67,55,61
67,56,55
67,57,67
67,58,74
67,59,64
67,60,50
67,61,52
67,62,75
67,63,99
67,64,109
67,65,130
67,66,140
67,67,136
67,68,138
67,69,151
67,70,150
67,71,138
67,72,86
67,73,56
67,74,37
67,75,43
67,76,49
67,77,42
67,78,41
67,79,49
67,80,46
67,81,43
67,82,42
67,83,50
67,84,67
67,85,88
67,86,106
67,87,117
67,88,117
67,89,114
67,90,109
67,91,104
67,92,101
67,93,100
67,94,100
67,95,101
67,96,105
67,97,86
67,98,62
67,99,49
67,100,47
67,101,48
67,102,45
67,103,41
67,104,57
67,105,56
67,106,56
67,107,56
67,108,55
67,109,55
67,110,54
67,111,54
67,112,46
67,113,46
67,114,47
67,115,49
67,116,52
67,117,55
67,118,58
67,119,59
67,120,45
67,121,43
67,122,40
67,123,39
67,124,43
67,125,49
67,126,57
67,127,62
67,128,74
67,129,112
67,130,152
67,131,168
67,132,164
67,133,161
67,134,166
67,135,173
67,136,166
67,137,175
67,138,170
67,139,156
67,140,156
67,141,161
67,142,139
67,143,105
67,144,71
67,145,63
67,146,52
67,147,41
67,148,36
67,149,37
68,0,134
68,1,131
68,2,126
68,3,124
68,4,126
68,5,132
68,6,139
68,7,145
68,8,149
68,9,146
68,10,141
68,11,136
68,12,135
68,13,137
68,14,141
68,15,143
68,16,135
68,17,133
68,18,132
68,19,132
68,20,135
68,21,141
68,22,146
68,23,150
68,24,161
68,25,159
68,26,162
68,27,174
68,28,187
68,29,192
68,30,185
68,31,176
68,32,109
68,33,73
68,34,41
68,35,32
68,36,37
68,37,54
68,38,94
68,39,134
68,40,141
68,41,135
68,42,127
68,43,124
68,44,127
68,45,133
68,46,138
68,47,141
68,48,133
68,49,138
68,50,138
68,51,125
68,52,100
68,53,77
68,54,65
68,55,62
68,56,54
68,57,65
68,58,72
68,59,64
68,60,53
68,61,59
68,62,86
68,63,112
68,64,111
68,65,130
68,66,141
68,67,138
68,68,142
68,69,149
68,70,138
68,71,116
68,72,65
68,73,43
68,74,33
68,75,43
68,76,48
68,77,41
68,78,41
68,79,52
68,80,45
68,81,44
68,82,43
68,83,47
68,84,58
68,85,78
68,86,100
68,87,115
68,88,121
68,89,116
68,90,109
68,91,102
68,92,98
68,93,98
68,94,99
68,95,101
68,96,84
68,97,68
68,98,49
68,99,41
68,100,45
68,101,52
68,102,54
68,103,53
68,104,59
68,105,58
68,106,57
68,107,55
68,108,53
68,109,52
68,110,50
68,111,49
68,112,42
68,113,43
68,114,46
68,115,48
68,116,50
68,117,51
68,118,52
68,119,52
68,120,37
68,121,38
68,122,38
68,123,40
68,124,43
68,125,48
68,126,52
68,127,54
68,128,57
68,129,91
68,130,136
68,131,163
68,132,166
68,133,163
68,134,172
68,135,187
68,136,175
68,137,173
68,138,161
68,139,149
68,140,154
68,141,164
68,142,155
68,143,135
68,144,121
68,145,105
68,146,80
68,147,58
68,148,47
68,149,50
69,0,130
69,1,128
69,2,125
69,3,124
69,4,127
69,5,133
69,6,139
69,7,143
69,8,152
69,9,148
69,10,141
69,11,135
69,12,134
69,13,137
69,14,143
69,15,147
69,16,140
69,17,137
69,18,135
69,19,133
69,20,134
69,21,138
69,22,142
69,23,145
69,24,155
69,25,157
69,26,166
69,27,179
69,28,187
69,29,179
69,30,158
69,31,139
69,32,73
69,33,46
69,34,29
69,35,35
69,36,48
69,37,66
69,38,101
69,39,137
69,40,142
69,41,133
69,42,124
69,43,124
69,44,131
69,45,137
69,46,138
69,47,136
69,48,134
69,49,138
69,50,137
69,51,122
69,52,97
69,53,76
69,54,65
69,55,63
69,56,52
69,57,61
69,58,68
69,59,67
69,60,65
69,61,76
69,62,100
69,63,121
69,64,109
69,65,129
69,66,142
69,67,143
69,68,146
69,69,145
69,70,119
69,71,86
69,72,49
69,73,33
69,74,31
69,75,44
69,76,47
69,77,37
69,78,39
69,79,51
69,80,44
69,81,45
69,82,45
69,83,44
69,84,50
69,85,68
69,86,94
69,87,114
69,88,124
69,89,118
69,90,109
69,91,100
69,92,96
69,93,96
69,94,99
69,95,101
69,96,71
69,97,56
69,98,39
69,99,35
69,100,42
69,101,53
69,102,57
69,103,57
69,104,58
69,105,57
69,106,55
69,107,52
69,108,49
69,109,46
69,110,44
69,111,43
69,112,36
69,113,38
69,114,42
69,115,45
69,116,46
69,117,45
69,118,44
69,119,43
69,120,33
69,121,35
69,122,38
69,123,41
69,124,43
69,125,44
69,126,44
69,127,44
69,128,43
69,129,69
69,130,112
69,131,151
69,132,164
69,133,162
69,134,171
69,135,187
69,136,174
69,137,170
69,138,159
69,139,149
69,140,150
69,141,159
69,142,160
69,143,155
69,144,156
69,145,139
69,146,112
69,147,90
69,148,80
69,149,84
70,0,130
70,1,129
70,2,127
70,3,127
70,4,130
70,5,134
70,6,139
70,7,142
70,8,155
70,9,149
70,10,141
70,11,135
70,12,134
70,13,138
70,14,144
70,15,149
70,16,145
70,17,142
70,18,138
70,19,134
70,20,133
70,21,135
70,22,137
70,23,139
70,24,159
70,25,164
70,26,175
70,27,184
70,28,181
70,29,155
70,30,116
70,31,87
70,32,63
70,33,41
70,34,30
70,35,41
70,36,55
70,37,70
70,38,100
70,39,132
70,40,136
70,41,127
70,42,120
70,43,124
70,44,135
70,45,141
70,46,137
70,47,130
70,48,134
70,49,138
70,50,135
70,51,119
70,52,95
70,53,74
70,54,65
70,55,64
70,56,51
70,57,56
70,58,64
70,59,71
70,60,81
70,61,96
70,62,113
70,63,126
70,64,106
70,65,127
70,66,144
70,67,148
70,68,150
70,69,139
70,70,100
70,71,57
70,72,39
70,73,28
70,74,30
70,75,45
70,76,45
70,77,34
70,78,35
70,79,49
70,80,43
70,81,45
70,82,45
70,83,42
70,84,44
70,85,61
70,86,90
70,87,113
70,88,127
70,89,120
70,90,109
70,91,99
70,92,94
70,93,95
70,94,99
70,95,102
70,96,72
70,97,56
70,98,38
70,99,32
70,100,38
70,101,47
70,102,51
70,103,50
70,104,57
70,105,55
70,106,52
70,107,48
70,108,44
70,109,40
70,110,38
70,111,36
70,112,29
70,113,32
70,114,37
70,115,40
70,116,41
70,117,39
70,118,36
70,119,34
70,120,32
70,121,35
70,122,40
70,123,43
70,124,43
70,125,40
70,126,37
70,127,34
70,128,35
70,129,49
70,130,89
70,131,137
70,132,161
70,133,161
70,134,165
70,135,179
70,136,166
70,137,169
70,138,169
70,139,164
70,140,158
70,141,158
70,142,161
70,143,165
70,144,162
70,145,153
70,146,141
70,147,130
70,148,126
70,149,129
71,0,132
71,1,131
71,2,130
71,3,129
71,4,131
71,5,135
71,6,139
71,7,141
71,8,156
71,9,150
71,10,141
71,11,134
71,12,133
71,13,138
71,14,145
71,15,150
71,16,149
71,17,146
71,18,140
71,19,135
71,20,132
71,21,132
71,22,134
71,23,135
71,24,167
71,25,173
71,26,183
71,27,188
71,28,175
71,29,137
71,30,85
71,31,48
71,32,67
71,33,45
71,34,35
71,35,45
71,36,57
71,37,68
71,38,96
71,39,127
71,40,131
71,41,122
71,42,118
71,43,125
71,44,137
71,45,143
71,46,136
71,47,126
71,48,135
71,49,138
71,50,134
71,51,118
71,52,93
71,53,73
71,54,65
71,55,64
71,56,50
71,57,53
71,58,60
71,59,74
71,60,92
71,61,109
71,62,122
71,63,128
71,64,103
71,65,126
71,66,145
71,67,151
71,68,152
71,69,136
71,70,89
71,71,39
71,72,34
71,73,26
71,74,31
71,75,45
71,76,45
71,77,31
71,78,32
71,79,47
71,80,43
71,81,46
71,82,46
71,83,41
71,84,41
71,85,57
71,86,87
71,87,112
71,88,128
71,89,121
71,90,109
71,91,98
71,92,93
71,93,94
71,94,98
71,95,102
71,96,78
71,97,61
71,98,41
71,99,32
71,100,35
71,101,41
71,102,42
71,103,40
71,104,55
71,105,53
71,106,50
71,107,46
71,108,41
71,109,37
71,110,33
71,111,32
71,112,25
71,113,29
71,114,34
71,115,38
71,116,38
71,117,36
71,118,31
71,119,29
71,120,33
71,121,36
71,122,41
71,123,44
71,124,43
71,125,38
71,126,32
71,127,28
71,128,30
71,129,38
71,130,75
71,131,128
71,132,159
71,133,159
71,134,161
71,135,171
71,136,159
71,137,170
71,138,181
71,139,181
71,140,170
71,141,160
71,142,161
71,143,167
71,144,154
71,145,155
71,146,157
71,147,159
71,148,161
71,149,163
72,0,144
72,1,144
72,2,143
72,3,141
72,4,139
72,5,138
72,6,136
72,7,136
72,8,139
72,9,139
72,10,141
72,11,142
72,12,144
72,13,145
72,14,147
72,15,147
72,16,136
72,17,130
72,18,136
72,19,145
72,20,136
72,21,122
72,22,134
72,23,161
72,24,170
72,25,177
72,26,183
72,27,178
72,28,153
72,29,109
72,30,61
72,31,30
72,32,49
72,33,46
72,34,43
72,35,48
72,36,63
72,37,87
72,38,111
72,39,127
72,40,126
72,41,119
72,42,113
72,43,118
72,44,128
72,45,133
72,46,130
72,47,124
72,48,123
72,49,133
72,50,133
72,51,110
72,52,74
72,53,53
72,54,56
72,55,68
72,56,62
72,57,69
72,58,83
72,59,99
72,60,112
72,61,118
72,62,117
72,63,115
72,64,119
72,65,133
72,66,151
72,67,159
72,68,147
72,69,114
72,70,74
72,71,47
72,72,40
72,73,37
72,74,34
72,75,31
72,76,31
72,77,34
72,78,37
72,79,40
72,80,39
72,81,41
72,82,42
72,83,41
72,84,45
72,85,64
72,86,93
72,87,115
72,88,137
72,89,154
72,90,152
72,91,124
72,92,104
72,93,106
72,94,110
72,95,106
72,96,58
72,97,52
72,98,43
72,99,36
72,100,34
72,101,38
72,102,45
72,103,50
72,104,47
72,105,47
72,106,45
72,107,44
72,108,42
72,109,40
72,110,39
72,111,38
72,112,25
72,113,28
72,114,33
72,115,36
72,116,37
72,117,36
72,118,33
72,119,31
72,120,43
72,121,42
72,122,41
72,123,40
72,124,39
72,125,38
72,126,37
72,127,37
72,128,38
72,129,41
72,130,57
72,131,90
72,132,128
72,133,155
72,134,163
72,135,161
72,136,163
72,137,163
72,138,162
72,139,161
72,140,160
72,141,159
72,142,158
72,143,158
72,144,160
72,145,161
72,146,161
72,147,162
72,148,164
72,149,165
73,0,144
73,1,144
73,2,143
73,3,141
73,4,140
73,5,138
73,6,137
73,7,137
73,8,139
73,9,140
73,10,141
73,11,142
73,12,144
73,13,145
73,14,146
73,15,147
73,16,147
73,17,139
73,18,141
73,19,145
73,20,136
73,21,125
73,22,137
73,23,161
73,24,171
73,25,182
73,26,185
73,27,164
73,28,123
73,29,81
73,30,54
73,31,44
73,32,44
73,33,47
73,34,53
73,35,65
73,36,81
73,37,101
73,38,118
73,39,128
73,40,125
73,41,119
73,42,115
73,43,120
73,44,131
73,45,137
73,46,134
73,47,128
73,48,127
73,49,134
73,50,131
73,51,107
73,52,72
73,53,52
73,54,55
73,55,66
73,56,60
73,57,72
73,58,87
73,59,99
73,60,106
73,61,111
73,62,116
73,63,120
73,64,123
73,65,136
73,66,148
73,67,146
73,68,125
73,69,92
73,70,61
73,71,42
73,72,40
73,73,37
73,74,34
73,75,31
73,76,31
73,77,34
73,78,37
73,79,40
73,80,41
73,81,43
73,82,44
73,83,42
73,84,46
73,85,65
73,86,93
73,87,115
73,88,136
73,89,153
73,90,152
73,91,127
73,92,109
73,93,111
73,94,112
73,95,105
73,96,56
73,97,50
73,98,43
73,99,37
73,100,36
73,101,41
73,102,48
73,103,53
73,104,50
73,105,49
73,106,47
73,107,44
73,108,42
73,109,39
73,110,37
73,111,36
73,112,26
73,113,29
73,114,33
73,115,37
73,116,38
73,117,36
73,118,34
73,119,32
73,120,40
73,121,40
73,122,39
73,123,38
73,124,37
73,125,36
73,126,35
73,127,34
73,128,37
73,129,39
73,130,52
73,131,81
73,132,118
73,133,148
73,134,162
73,135,165
73,136,163
73,137,163
73,138,162
73,139,161
73,140,160
73,141,159
73,142,158
73,143,158
73,144,160
73,145,161
73,146,161
73,147,162
73,148,164
73,149,165
74,0,144
74,1,143
74,2,143
74,3,142
74,4,141
74,5,140
74,6,139
74,7,139
74,8,141
74,9,141
74,10,142
74,11,143
74,12,143
74,13,144
74,14,145
74,15,145
74,16,155
74,17,148
74,18,145
74,19,145
74,20,139
74,21,135
74,22,146
74,23,165
74,24,177
74,25,182
74,26,172
74,27,134
74,28,83
74,29,49
74,30,45
74,31,55
74,32,37
74,33,49
74,34,68
74,35,90
74,36,109
74,37,121
74,38,128
74,39,130
74,40,124
74,41,119
74,42,117
74,43,125
74,44,137
74,45,143
74,46,140
74,47,133
74,48,133
74,49,135
74,50,127
74,51,101
74,52,69
74,53,50
74,54,53
74,55,63
74,56,59
74,57,76
74,58,95
74,59,102
74,60,101
74,61,103
74,62,116
74,63,129
74,64,129
74,65,143
74,66,151
74,67,137
74,68,103
74,69,66
74,70,43
74,71,35
74,72,40
74,73,37
74,74,34
74,75,31
74,76,31
74,77,34
74,78,37
74,79,40
74,80,45
74,81,47
74,82,46
74,83,44
74,84,47
74,85,64
74,86,92
74,87,114
74,88,133
74,89,151
74,90,152
74,91,132
74,92,118
74,93,119
74,94,115
74,95,103
74,96,53
74,97,49
74,98,43
74,99,39
74,100,40
74,101,45
74,102,52
74,103,56
74,104,54
74,105,53
74,106,50
74,107,46
74,108,42
74,109,38
74,110,35
74,111,33
74,112,27
74,113,30
74,114,34
74,115,38
74,116,39
74,117,37
74,118,35
74,119,33
74,120,37
74,121,36
74,122,35
74,123,34
74,124,33
74,125,32
74,126,31
74,127,31
74,128,36
74,129,36
74,130,44
74,131,67
74,132,102
74,133,136
74,134,159
74,135,170
74,136,163
74,137,163
74,138,162
74,139,161
74,140,160
74,141,159
74,142,158
74,143,158
74,144,160
74,145,161
74,146,161
74,147,162
74,148,164
74,149,165
75,0,143
75,1,143
75,2,143
75,3,143
75,4,142
75,5,142
75,6,142
75,7,142
75,8,142
75,9,142
75,10,143
75,11,143
75,12,143
75,13,143
75,14,144
75,15,144
75,16,152
75,17,148
75,18,144
75,19,145
75,20,146
75,21,151
75,22,163
75,23,174
75,24,182
75,25,168
75,26,137
75,27,93
75,28,54
75,29,35
75,30,40
75,31,51
75,32,33
75,33,53
75,34,83
75,35,113
75,36,133
75,37,139
75,38,137
75,39,133
75,40,123
75,41,119
75,42,120
75,43,129
75,44,142
75,45,148
75,46,143
75,47,135
75,48,138
75,49,134
75,50,120
75,51,93
75,52,64
75,53,50
75,54,53
75,55,62
75,56,62
75,57,85
75,58,107
75,59,111
75,60,103
75,61,103
75,62,120
75,63,138
75,64,136
75,65,153
75,66,162
75,67,142
75,68,97
75,69,55
75,70,33
75,71,28
75,72,40
75,73,37
75,74,34
75,75,31
75,76,31
75,77,34
75,78,37
75,79,40
75,80,47
75,81,48
75,82,47
75,83,44
75,84,46
75,85,62
75,86,89
75,87,110
75,88,130
75,89,148
75,90,153
75,91,139
75,92,130
75,93,130
75,94,119
75,95,100
75,96,51
75,97,49
75,98,45
75,99,43
75,100,45
75,101,49
75,102,54
75,103,58
75,104,57
75,105,55
75,106,52
75,107,47
75,108,42
75,109,38
75,110,35
75,111,33
75,112,28
75,113,31
75,114,35
75,115,39
75,116,40
75,117,38
75,118,36
75,119,34
75,120,34
75,121,34
75,122,33
75,123,32
75,124,31
75,125,30
75,126,29
75,127,28
75,128,34
75,129,33
75,130,37
75,131,53
75,132,83
75,133,119
75,134,152
75,135,171
75,136,163
75,137,163
75,138,162
75,139,161
75,140,160
75,141,159
75,142,158
75,143,158
75,144,160
75,145,161
75,146,161
75,147,162
75,148,164
75,149,165
76,0,143
76,1,143
76,2,143
76,3,143
76,4,144
76,5,144
76,6,144
76,7,144
76,8,144
76,9,144
76,10,143
76,11,143
76,12,143
76,13,143
76,14,142
76,15,142
76,16,143
76,17,144
76,18,144
76,19,146
76,20,155
76,21,168
76,22,176
76,23,176
76,24,171
76,25,136
76,26,89
76,27,55
76,28,42
76,29,40
76,30,39
76,31,37
76,32,36
76,33,58
76,34,92
76,35,124
76,36,144
76,37,148
76,38,142
76,39,135
76,40,122
76,41,120
76,42,121
76,43,131
76,44,144
76,45,147
76,46,140
76,47,131
76,48,139
76,49,130
76,50,110
76,51,83
76,52,61
76,53,52
76,54,56
76,55,64
76,56,71
76,57,96
76,58,122
76,59,128
76,60,119
76,61,116
76,62,128
76,63,143
76,64,144
76,65,161
76,66,170
76,67,149
76,68,102
76,69,57
76,70,32
76,71,26
76,72,40
76,73,37
76,74,34
76,75,31
76,76,31
76,77,34
76,78,37
76,79,40
76,80,47
76,81,48
76,82,46
76,83,41
76,84,41
76,85,56
76,86,82
76,87,103
76,88,127
76,89,145
76,90,153
76,91,146
76,92,143
76,93,142
76,94,124
76,95,98
76,96,53
76,97,52
76,98,49
76,99,48
76,100,49
76,101,51
76,102,54
76,103,57
76,104,57
76,105,55
76,106,52
76,107,48
76,108,44
76,109,40
76,110,37
76,111,36
76,112,29
76,113,32
76,114,36
76,115,40
76,116,41
76,117,40
76,118,37
76,119,35
76,120,34
76,121,34
76,122,33
76,123,32
76,124,31
76,125,30
76,126,29
76,127,28
76,128,31
76,129,30
76,130,32
76,131,42
76,132,66
76,133,102
76,134,139
76,135,164
76,136,163
76,137,163
76,138,162
76,139,161
76,140,160
76,141,159
76,142,158
76,143,158
76,144,160
76,145,161
76,146,161
76,147,162
76,148,164
76,149,165
77,0,142
77,1,143
77,2,143
77,3,144
77,4,145
77,5,146
77,6,147
77,7,147
77,8,145
77,9,145
77,10,144
77,11,143
77,12,143
77,13,142
77,14,141
77,15,141
77,16,140
77,17,147
77,18,149
77,19,151
77,20,163
77,21,176
77,22,173
77,23,160
77,24,133
77,25,96
77,26,52
77,27,34
77,28,40
77,29,47
77,30,40
77,31,28
77,32,45
77,33,64
77,34,94
77,35,123
77,36,141
77,37,146
77,38,143
77,39,138
77,40,123
77,41,120
77,42,122
77,43,132
77,44,142
77,45,143
77,46,133
77,47,122
77,48,138
77,49,123
77,50,99
77,51,74
77,52,58
77,53,55
77,54,62
77,55,69
77,56,85
77,57,109
77,58,137
77,59,149
77,60,145
77,61,139
77,62,140
77,63,145
77,64,155
77,65,162
77,66,161
77,67,137
77,68,97
77,69,59
77,70,38
77,71,31
77,72,40
77,73,37
77,74,34
77,75,31
77,76,31
77,77,34
77,78,37
77,79,40
77,80,45
77,81,45
77,82,42
77,83,36
77,84,35
77,85,49
77,86,74
77,87,94
77,88,124
77,89,143
77,90,154
77,91,153
77,92,155
77,93,153
77,94,128
77,95,95
77,96,58
77,97,57
77,98,55
77,99,53
77,100,52
77,101,52
77,102,52
77,103,52
77,104,53
77,105,52
77,106,50
77,107,48
77,108,46
77,109,44
77,110,42
77,111,41
77,112,30
77,113,33
77,114,37
77,115,41
77,116,42
77,117,41
77,118,38
77,119,36
77,120,37
77,121,36
77,122,35
77,123,34
77,124,33
77,125,32
77,126,31
77,127,31
77,128,28
77,129,29
77,130,31
77,131,37
77,132,54
77,133,85
77,134,123
77,135,150
77,136,163
77,137,163
77,138,162
77,139,161
77,140,160
77,141,159
77,142,158
77,143,158
77,144,160
77,145,161
77,146,161
77,147,162
77,148,164
77,149,165
78,0,142
78,1,142
78,2,143
78,3,145
78,4,146
78,5,148
78,6,149
78,7,149
78,8,147
78,9,146
78,10,145
78,11,144
78,12,142
78,13,141
78,14,140
78,15,139
78,16,148
78,17,158
78,18,161
78,19,159
78,20,166
78,21,173
78,22,156
78,23,128
78,24,78
78,25,59
78,26,39
78,27,33
78,28,39
78,29,44
78,30,40
78,31,32
78,32,55
78,33,69
78,34,91
78,35,113
78,36,130
78,37,138
78,38,140
78,39,139
78,40,123
78,41,121
78,42,123
78,43,131
78,44,139
78,45,137
78,46,124
78,47,111
78,48,134
78,49,116
78,50,89
78,51,66
78,52,56
78,53,58
78,54,68
78,55,76
78,56,99
78,57,120
78,58,149
78,59,169
78,60,173
78,61,164
78,62,152
78,63,145
78,64,166
78,65,156
78,66,135
78,67,105
78,68,75
78,69,53
78,70,44
78,71,41
78,72,40
78,73,37
78,74,34
78,75,31
78,76,31
78,77,34
78,78,37
78,79,40
78,80,41
78,81,41
78,82,37
78,83,30
78,84,28
78,85,41
78,86,66
78,87,86
78,88,122
78,89,141
78,90,154
78,91,158
78,92,164
78,93,162
78,94,131
78,95,93
78,96,64
78,97,63
78,98,61
78,99,58
78,100,54
78,101,51
78,102,48
78,103,46
78,104,48
78,105,48
78,106,48
78,107,48
78,108,48
78,109,48
78,110,48
78,111,48
78,112,31
78,113,34
78,114,38
78,115,42
78,116,43
78,117,41
78,118,39
78,119,37
78,120,40
78,121,40
78,122,39
78,123,38
78,124,37
78,125,36
78,126,35
78,127,34
78,128,24
78,129,29
78,130,33
78,131,36
78,132,47
78,133,72
78,134,108
78,135,135
78,136,163
78,137,163
78,138,162
78,139,161
78,140,160
78,141,159
78,142,158
78,143,158
78,144,160
78,145,161
78,146,161
78,147,162
78,148,164
78,149,165
79,0,142
79,1,142
79,2,143
79,3,145
79,4,147
79,5,148
79,6,150
79,7,150
79,8,147
79,9,147
79,10,145
79,11,144
79,12,142
79,13,141
79,14,139
79,15,139
79,16,159
79,17,170
79,18,171
79,19,165
79,20,167
79,21,167
79,22,139
79,23,102
79,24,36
79,25,38
79,26,39
79,27,39
79,28,37
79,29,37
79,30,39
79,31,41
79,32,63
79,33,72
79,34,88
79,35,105
79,36,121
79,37,132
79,38,138
79,39,140
79,40,124
79,41,122
79,42,123
79,43,130
79,44,137
79,45,133
79,46,118
79,47,104
79,48,132
79,49,112
79,50,84
79,51,62
79,52,55
79,53,61
79,54,72
79,55,80
79,56,108
79,57,127
79,58,156
79,59,182
79,60,191
79,61,181
79,62,160
79,63,143
79,64,174
79,65,149
79,66,112
79,67,76
79,68,54
79,69,45
79,70,46
79,71,49
79,72,40
79,73,37
79,74,34
79,75,31
79,76,31
79,77,34
79,78,37
79,79,40
79,80,38
79,81,38
79,82,34
79,83,26
79,84,24
79,85,37
79,86,61
79,87,80
79,88,120
79,89,139
79,90,154
79,91,160
79,92,169
79,93,166
79,94,133
79,95,92
79,96,68
79,97,67
79,98,64
79,99,60
79,100,55
79,101,50
79,102,45
79,103,43
79,104,45
79,105,45
79,106,46
79,107,48
79,108,49
79,109,51
79,110,52
79,111,52
79,112,31
79,113,34
79,114,39
79,115,42
79,116,43
79,117,42
79,118,39
79,119,37
79,120,43
79,121,42
79,122,41
79,123,40
79,124,39
79,125,38
79,126,37
79,127,37
79,128,22
79,129,29
79,130,35
79,131,37
79,132,43
79,133,65
79,134,99
79,135,125
79,136,163
79,137,163
79,138,162
79,139,161
79,140,160
79,141,159
79,142,158
79,143,158
79,144,160
79,145,161
79,146,161
79,147,162
79,148,164
79,149,165
80,0,142
80,1,140
80,2,137
80,3,137
80,4,139
80,5,145
80,6,152
80,7,156
80,8,155
80,9,154
80,10,152
80,11,150
80,12,148
80,13,146
80,14,144
80,15,143
80,16,164
80,17,156
80,18,162
80,19,172
80,20,151
80,21,102
80,22,62
80,23,50
80,24,40
80,25,38
80,26,34
80,27,32
80,28,32
80,29,34
80,30,38
80,31,40
80,32,36
80,33,74
80,34,106
80,35,115
80,36,122
80,37,136
80,38,138
80,39,126
80,40,112
80,41,116
80,42,122
80,43,129
80,44,133
80,45,134
80,46,133
80,47,132
80,48,138
80,49,99
80,50,66
80,51,61
80,52,64
80,53,68
80,54,83
80,55,104
80,56,132
80,57,139
80,58,147
80,59,153
80,60,155
80,61,157
80,62,160
80,63,163
80,64,161
80,65,122
80,66,74
80,67,48
80,68,45
80,69,47
80,70,38
80,71,26
80,72,36
80,73,36
80,74,36
80,75,36
80,76,36
80,77,36
80,78,36
80,79,36
80,80,36
80,81,38
80,82,38
80,83,34
80,84,35
80,85,47
80,86,70
80,87,89
80,88,142
80,89,162
80,90,162
80,91,162
80,92,169
80,93,141
80,94,104
80,95,97
80,96,67
80,97,65
80,98,62
80,99,58
80,100,54
80,101,51
80,102,48
80,103,46
80,104,43
80,105,43
80,106,43
80,107,44
80,108,44
80,109,45
80,110,45
80,111,45
80,112,43
80,113,42
80,114,40
80,115,37
80,116,36
80,117,35
80,118,34
80,119,34
80,120,36
80,121,38
80,122,42
80,123,44
80,124,43
80,125,39
80,126,33
80,127,30
80,128,30
80,129,25
80,130,30
80,131,38
80,132,36
80,133,41
80,134,79
80,135,124
80,136,158
80,137,158
80,138,157
80,139,156
80,140,155
80,141,154
80,142,153
80,143,153
80,144,162
80,145,162
80,146,163
80,147,165
80,148,167
80,149,168
81,0,141
81,1,139
81,2,137
81,3,137
81,4,140
81,5,145
81,6,151
81,7,154
81,8,152
81,9,152
81,10,150
81,11,149
81,12,147
81,13,146
81,14,144
81,15,144
81,16,171
81,17,166
81,18,169
81,19,167
81,20,136
81,21,85
81,22,49
81,23,41
81,24,40
81,25,37
81,26,34
81,27,31
81,28,31
81,29,34
81,30,37
81,31,40
81,32,44
81,33,81
81,34,114
81,35,124
81,36,127
81,37,134
81,38,129
81,39,116
81,40,113
81,41,117
81,42,123
81,43,128
81,44,131
81,45,132
81,46,131
81,47,129
81,48,136
81,49,96
81,50,62
81,51,58
81,52,64
81,53,71
81,54,90
81,55,113
81,56,139
81,57,143
81,58,149
81,59,154
81,60,158
81,61,161
81,62,164
81,63,166
81,64,150
81,65,114
81,66,71
81,67,47
81,68,45
81,69,47
81,70,40
81,71,30
81,72,36
81,73,36
81,74,36
81,75,36
81,76,36
81,77,36
81,78,36
81,79,36
81,80,36
81,81,39
81,82,39
81,83,35
81,84,35
81,85,46
81,86,68
81,87,86
81,88,138
81,89,160
81,90,163
81,91,163
81,92,167
81,93,139
81,94,100
81,95,94
81,96,65
81,97,64
81,98,61
81,99,57
81,100,54
81,101,50
81,102,47
81,103,46
81,104,42
81,105,42
81,106,43
81,107,43
81,108,43
81,109,43
81,110,44
81,111,44
81,112,42
81,113,41
81,114,40
81,115,38
81,116,37
81,117,36
81,118,35
81,119,35
81,120,36
81,121,39
81,122,42
81,123,43
81,124,42
81,125,38
81,126,34
81,127,30
81,128,32
81,129,27
81,130,30
81,131,37
81,132,34
81,133,39
81,134,77
81,135,122
81,136,158
81,137,158
81,138,157
81,139,156
81,140,155
81,141,154
81,142,153
81,143,153
81,144,162
81,145,162
81,146,163
81,147,165
81,148,166
81,149,168
82,0,140
82,1,139
82,2,138
82,3,138
82,4,140
82,5,144
82,6,148
82,7,151
82,8,148
82,9,148
82,10,147
82,11,147
82,12,146
82,13,145
82,14,145
82,15,144
82,16,173
82,17,173
82,18,173
82,19,156
82,20,112
82,21,62
82,22,35
82,23,33
82,24,39
82,25,36
82,26,33
82,27,30
82,28,30
82,29,33
82,30,36
82,31,39
82,32,50
82,33,85
82,34,121
82,35,135
82,36,136
82,37,133
82,38,122
82,39,109
82,40,115
82,41,118
82,42,123
82,43,127
82,44,129
82,45,128
82,46,126
82,47,124
82,48,129
82,49,89
82,50,56
82,51,53
82,52,63
82,53,75
82,54,99
82,55,125
82,56,149
82,57,149
82,58,151
82,59,156
82,60,163
82,61,167
82,62,169
82,63,168
82,64,130
82,65,100
82,66,64
82,67,45
82,68,45
82,69,48
82,70,43
82,71,36
82,72,36
82,73,36
82,74,36
82,75,36
82,76,36
82,77,36
82,78,36
82,79,36
82,80,36
82,81,39
82,82,40
82,83,36
82,84,35
82,85,45
82,86,65
82,87,81
82,88,130
82,89,157
82,90,164
82,91,164
82,92,166
82,93,133
82,94,94
82,95,89
82,96,62
82,97,61
82,98,59
82,99,56
82,100,52
82,101,49
82,102,47
82,103,45
82,104,42
82,105,42
82,106,42
82,107,41
82,108,41
82,109,41
82,110,41
82,111,41
82,112,40
82,113,40
82,114,41
82,115,41
82,116,40
82,117,38
82,118,36
82,119,35
82,120,38
82,121,39
82,122,41
82,123,42
82,124,40
82,125,38
82,126,34
82,127,32
82,128,35
82,129,29
82,130,30
82,131,35
82,132,32
82,133,37
82,134,76
82,135,122
82,136,158
82,137,158
82,138,157
82,139,156
82,140,155
82,141,154
82,142,153
82,143,153
82,144,162
82,145,163
82,146,163
82,147,164
82,148,165
82,149,166
83,0,138
83,1,138
83,2,138
83,3,139
83,4,141
83,5,143
83,6,145
83,7,146
83,8,143
83,9,143
83,10,143
83,11,144
83,12,144
83,13,145
83,14,145
83,15,145
83,16,163
83,17,168
83,18,164
83,19,135
83,20,87
83,21,46
83,22,32
83,23,37
83,24,38
83,25,35
83,26,32
83,27,29
83,28,29
83,29,32
83,30,35
83,31,38
83,32,44
83,33,77
83,34,118
83,35,142
83,36,146
83,37,137
83,38,124
83,39,114
83,40,118
83,41,120
83,42,124
83,43,126
83,44,126
83,45,123
83,46,120
83,47,117
83,48,118
83,49,79
83,50,49
83,51,50
83,52,63
83,53,79
83,54,106
83,55,133
83,56,153
83,57,150
83,58,151
83,59,159
83,60,168
83,61,173
83,62,169
83,63,163
83,64,106
83,65,84
83,66,58
83,67,44
83,68,44
83,69,47
83,70,45
83,71,40
83,72,36
83,73,36
83,74,36
83,75,36
83,76,36
83,77,36
83,78,36
83,79,36
83,80,36
83,81,40
83,82,42
83,83,38
83,84,35
83,85,43
83,86,60
83,87,75
83,88,121
83,89,153
83,90,166
83,91,166
83,92,163
83,93,126
83,94,86
83,95,81
83,96,58
83,97,57
83,98,56
83,99,53
83,100,50
83,101,48
83,102,46
83,103,45
83,104,41
83,105,41
83,106,40
83,107,40
83,108,39
83,109,38
83,110,37
83,111,37
83,112,38
83,113,39
83,114,42
83,115,43
83,116,43
83,117,41
83,118,38
83,119,36
83,120,40
83,121,40
83,122,40
83,123,40
83,124,38
83,125,37
83,126,35
83,127,34
83,128,39
83,129,32
83,130,31
83,131,35
83,132,32
83,133,38
83,134,79
83,135,125
83,136,158
83,137,158
83,138,157
83,139,156
83,140,155
83,141,154
83,142,153
83,143,153
83,144,163
83,145,163
83,146,163
83,147,163
83,148,164
83,149,164
84,0,137
84,1,138
84,2,139
84,3,141
84,4,141
84,5,142
84,6,141
84,7,141
84,8,137
84,9,138
84,10,139
84,11,141
84,12,143
84,13,144
84,14,146
84,15,146
84,16,147
84,17,153
84,18,143
84,19,107
84,20,64
84,21,39
84,22,38
84,23,45
84,24,37
84,25,34
84,26,31
84,27,28
84,28,28
84,29,31
84,30,34
84,31,37
84,32,33
84,33,63
84,34,107
84,35,141
84,36,150
84,37,140
84,38,131
84,39,128
84,40,121
84,41,122
84,42,124
84,43,125
84,44,122
84,45,118
84,46,113
84,47,110
84,48,102
84,49,67
84,50,42
84,51,48
84,52,64
84,53,80
84,54,105
84,55,131
84,56,148
84,57,145
84,58,148
84,59,160
84,60,173
84,61,174
84,62,162
84,63,148
84,64,84
84,65,70
84,66,52
84,67,42
84,68,42
84,69,44
84,70,44
84,71,42
84,72,36
84,73,36
84,74,36
84,75,36
84,76,36
84,77,36
84,78,36
84,79,36
84,80,36
84,81,41
84,82,43
84,83,40
84,84,35
84,85,40
84,86,55
84,87,68
84,88,110
84,89,149
84,90,168
84,91,168
84,92,160
84,93,119
84,94,78
84,95,74
84,96,54
84,97,54
84,98,52
84,99,50
84,100,48
84,101,46
84,102,45
84,103,44
84,104,41
84,105,40
84,106,39
84,107,38
84,108,36
84,109,35
84,110,34
84,111,33
84,112,35
84,113,38
84,114,43
84,115,46
84,116,47
84,117,44
84,118,40
84,119,37
84,120,42
84,121,41
84,122,39
84,123,38
84,124,36
84,125,36
84,126,36
84,127,36
84,128,42
84,129,34
84,130,33
84,131,37
84,132,35
84,133,44
84,134,87
84,135,136
84,136,158
84,137,158
84,138,157
84,139,156
84,140,155
84,141,154
84,142,153
84,143,153
84,144,163
84,145,163
84,146,163
84,147,163
84,148,162
84,149,162
85,0,135
85,1,137
85,2,140
85,3,142
85,4,142
85,5,140
85,6,138
85,7,136
85,8,132
85,9,133
85,10,135
85,11,138
85,12,141
85,13,144
85,14,146
85,15,148
85,16,139
85,17,141
85,18,121
85,19,79
85,20,45
85,21,37
85,22,43
85,23,47
85,24,36
85,25,33
85,26,30
85,27,27
85,28,27
85,29,30
85,30,33
85,31,36
85,32,31
85,33,54
85,34,96
85,35,135
85,36,146
85,37,136
85,38,131
85,39,137
85,40,123
85,41,124
85,42,125
85,43,123
85,44,119
85,45,113
85,46,107
85,47,103
85,48,84
85,49,54
85,50,37
85,51,49
85,52,66
85,53,78
85,54,98
85,55,119
85,56,134
85,57,133
85,58,141
85,59,160
85,60,176
85,61,173
85,62,149
85,63,126
85,64,67
85,65,60
85,66,49
85,67,42
85,68,39
85,69,39
85,70,40
85,71,40
85,72,36
85,73,36
85,74,36
85,75,36
85,76,36
85,77,36
85,78,36
85,79,36
85,80,36
85,81,42
85,82,45
85,83,41
85,84,36
85,85,38
85,86,51
85,87,62
85,88,100
85,89,145
85,90,169
85,91,170
85,92,157
85,93,112
85,94,69
85,95,67
85,96,51
85,97,50
85,98,49
85,99,48
85,100,46
85,101,45
85,102,44
85,103,44
85,104,40
85,105,39
85,106,38
85,107,36
85,108,34
85,109,32
85,110,30
85,111,29
85,112,32
85,113,37
85,114,44
85,115,49
85,116,50
85,117,47
85,118,41
85,119,37
85,120,44
85,121,42
85,122,38
85,123,36
85,124,34
85,125,35
85,126,37
85,127,38
85,128,45
85,129,36
85,130,36
85,131,41
85,132,41
85,133,54
85,134,100
85,135,151
85,136,158
85,137,158
85,138,157
85,139,156
85,140,155
85,141,154
85,142,153
85,143,153
85,144,164
85,145,163
85,146,163
85,147,162
85,148,161
85,149,160
86,0,134
86,1,137
86,2,140
86,3,143
86,4,142
86,5,139
86,6,135
86,7,133
86,8,128
86,9,129
86,10,132
86,11,136
86,12,140
86,13,144
86,14,147
86,15,148
86,16,144
86,17,137
86,18,105
86,19,57
86,20,31
86,21,33
86,22,39
86,23,36
86,24,35
86,25,32
86,26,29
86,27,26
86,28,26
86,29,29
86,30,32
86,31,35
86,32,40
86,33,55
86,34,91
86,35,128
86,36,136
86,37,123
86,38,122
86,39,134
86,40,125
86,41,126
86,42,125
86,43,123
86,44,117
86,45,109
86,46,102
86,47,97
86,48,68
86,49,43
86,50,33
86,51,50
86,52,68
86,53,75
86,54,87
86,55,104
86,56,118
86,57,120
86,58,134
86,59,159
86,60,178
86,61,170
86,62,135
86,63,103
86,64,56
86,65,53
86,66,48
86,67,42
86,68,37
86,69,35
86,70,35
86,71,37
86,72,36
86,73,36
86,74,36
86,75,36
86,76,36
86,77,36
86,78,36
86,79,36
86,80,36
86,81,42
86,82,46
86,83,42
86,84,36
86,85,37
86,86,47
86,87,57
86,88,93
86,89,142
86,90,171
86,91,172
86,92,155
86,93,106
86,94,63
86,95,62
86,96,48
86,97,47
86,98,47
86,99,46
86,100,45
86,101,44
86,102,44
86,103,43
86,104,40
86,105,39
86,106,37
86,107,34
86,108,32
86,109,29
86,110,27
86,111,26
86,112,30
86,113,36
86,114,45
86,115,51
86,116,53
86,117,49
86,118,42
86,119,38
86,120,46
86,121,42
86,122,38
86,123,34
86,124,33
86,125,34
86,126,37
86,127,40
86,128,46
86,129,38
86,130,38
86,131,45
86,132,48
86,133,64
86,134,114
86,135,166
86,136,158
86,137,158
86,138,157
86,139,156
86,140,155
86,141,154
86,142,153
86,143,153
86,144,164
86,145,164
86,146,163
86,147,161
86,148,160
86,149,158
87,0,134
87,1,136
87,2,141
87,3,143
87,4,143
87,5,139
87,6,134
87,7,131
87,8,125
87,9,127
87,10,131
87,11,135
87,12,139
87,13,144
87,14,147
87,15,149
87,16,153
87,17,140
87,18,98
87,19,46
87,20,23
87,21,30
87,22,34
87,23,24
87,24,34
87,25,32
87,26,28
87,27,26
87,28,26
87,29,28
87,30,32
87,31,34
87,32,51
87,33,61
87,34,91
87,35,124
87,36,129
87,37,112
87,38,112
87,39,127
87,40,126
87,41,126
87,42,125
87,43,122
87,44,116
87,45,107
87,46,99
87,47,94
87,48,58
87,49,37
87,50,32
87,51,52
87,52,69
87,53,73
87,54,80
87,55,94
87,56,107
87,57,111
87,58,129
87,59,159
87,60,179
87,61,167
87,62,125
87,63,88
87,64,51
87,65,51
87,66,48
87,67,42
87,68,36
87,69,32
87,70,32
87,71,34
87,72,36
87,73,36
87,74,36
87,75,36
87,76,36
87,77,36
87,78,36
87,79,36
87,80,36
87,81,43
87,82,47
87,83,43
87,84,36
87,85,36
87,86,45
87,87,55
87,88,89
87,89,140
87,90,171
87,91,173
87,92,154
87,93,103
87,94,60
87,95,59
87,96,46
87,97,46
87,98,45
87,99,45
87,100,44
87,101,44
87,102,43
87,103,43
87,104,39
87,105,38
87,106,36
87,107,34
87,108,31
87,109,28
87,110,26
87,111,25
87,112,29
87,113,36
87,114,45
87,115,52
87,116,54
87,117,50
87,118,43
87,119,38
87,120,46
87,121,43
87,122,37
87,123,33
87,124,32
87,125,34
87,126,38
87,127,40
87,128,47
87,129,39
87,130,39
87,131,47
87,132,52
87,133,70
87,134,122
87,135,176
87,136,158
87,137,158
87,138,157
87,139,156
87,140,155
87,141,154
87,142,153
87,143,153
87,144,164
87,145,164
87,146,163
87,147,161
87,148,159
87,149,158
88,0,135
88,1,133
88,2,130
88,3,127
88,4,124
88,5,123
88,6,122
88,7,122
88,8,126
88,9,124
88,10,123
88,11,123
88,12,126
88,13,131
88,14,137
88,15,140
88,16,132
88,17,130
88,18,101
88,19,52
88,20,22
88,21,26
88,22,36
88,23,36
88,24,22
88,25,29
88,26,36
88,27,34
88,28,29
88,29,29
88,30,39
88,31,48
88,32,43
88,33,77
88,34,116
88,35,134
88,36,130
88,37,125
88,38,133
88,39,144
88,40,131
88,41,140
88,42,136
88,43,122
88,44,119
88,45,118
88,46,95
88,47,63
88,48,45
88,49,45
88,50,47
88,51,52
88,52,61
88,53,73
88,54,84
88,55,91
88,56,112
88,57,114
88,58,128
88,59,155
88,60,175
88,61,161
88,62,117
88,63,78
88,64,67
88,65,60
88,66,48
88,67,38
88,68,33
88,69,34
88,70,38
88,71,42
88,72,37
88,73,37
88,74,37
88,75,37
88,76,37
88,77,37
88,78,37
88,79,37
88,80,34
88,81,41
88,82,45
88,83,41
88,84,35
88,85,39
88,86,55
88,87,71
88,88,96
88,89,128
88,90,159
88,91,158
88,92,124
88,93,83
88,94,58
88,95,49
88,96,40
88,97,40
88,98,40
88,99,40
88,100,40
88,101,40
88,102,40
88,103,40
88,104,35
88,105,34
88,106,34
88,107,33
88,108,32
88,109,31
88,110,30
88,111,29
88,112,30
88,113,38
88,114,52
88,115,64
88,116,70
88,117,68
88,118,63
88,119,59
88,120,50
88,121,44
88,122,35
88,123,28
88,124,27
88,125,32
88,126,39
88,127,44
88,128,46
88,129,35
88,130,36
88,131,52
88,132,66
88,133,84
88,134,125
88,135,167
88,136,160
88,137,157
88,138,152
88,139,149
88,140,148
88,141,149
88,142,152
88,143,154
88,144,168
88,145,167
88,146,165
88,147,162
88,148,159
88,149,156
89,0,124
89,1,125
89,2,126
89,3,127
89,4,127
89,5,126
89,6,125
89,7,124
89,8,125
89,9,123
89,10,122
89,11,122
89,12,124
89,13,129
89,14,135
89,15,138
89,16,131
89,17,131
89,18,105
89,19,58
89,20,31
89,21,35
89,22,46
89,23,46
89,24,30
89,25,36
89,26,40
89,27,36
89,28,28
89,29,28
89,30,38
89,31,48
89,32,63
89,33,93
89,34,127
89,35,141
89,36,134
89,37,126
89,38,131
89,39,140
89,40,134
89,41,140
89,42,137
89,43,124
89,44,120
89,45,116
89,46,92
89,47,61
89,48,50
89,49,50
89,50,51
89,51,55
89,52,63
89,53,72
89,54,81
89,55,87
89,56,105
89,57,113
89,58,132
89,59,157
89,60,167
89,61,149
89,62,108
89,63,73
89,64,63
89,65,57
89,66,47
89,67,38
89,68,35
89,69,37
89,70,42
89,71,45
89,72,38
89,73,38
89,74,38
89,75,38
89,76,38
89,77,38
89,78,38
89,79,38
89,80,36
89,81,40
89,82,42
89,83,37
89,84,33
89,85,41
89,86,59
89,87,76
89,88,104
89,89,127
89,90,146
89,91,137
89,92,103
89,93,66
89,94,47
89,95,42
89,96,37
89,97,37
89,98,37
89,99,37
89,100,37
89,101,37
89,102,37
89,103,37
89,104,34
89,105,34
89,106,34
89,107,33
89,108,33
89,109,32
89,110,32
89,111,32
89,112,33
89,113,40
89,114,50
89,115,60
89,116,66
89,117,67
89,118,66
89,119,64
89,120,50
89,121,44
89,122,36
89,123,30
89,124,29
89,125,33
89,126,39
89,127,44
89,128,42
89,129,33
89,130,38
89,131,55
89,132,69
89,133,84
89,134,122
89,135,161
89,136,160
89,137,157
89,138,153
89,139,149
89,140,148
89,141,150
89,142,152
89,143,154
89,144,167
89,145,166
89,146,164
89,147,162
89,148,159
89,149,157
90,0,106
90,1,112
90,2,119
90,3,127
90,4,131
90,5,131
90,6,130
90,7,128
90,8,124
90,9,123
90,10,121
90,11,120
90,12,122
90,13,127
90,14,132
90,15,135
90,16,131
90,17,133
90,18,110
90,19,66
90,20,40
90,21,43
90,22,51
90,23,50
90,24,37
90,25,41
90,26,42
90,27,36
90,28,30
90,29,32
90,30,44
90,31,55
90,32,95
90,33,118
90,34,143
90,35,150
90,36,139
90,37,129
90,38,130
90,39,136
90,40,138
90,41,141
90,42,137
90,43,128
90,44,123
90,45,113
90,46,86
90,47,58
90,48,57
90,49,57
90,50,58
90,51,60
90,52,65
90,53,71
90,54,77
90,55,80
90,56,93
90,57,111
90,58,138
90,59,156
90,60,153
90,61,128
90,62,92
90,63,67
90,64,57
90,65,52
90,66,45
90,67,40
90,68,38
90,69,42
90,70,47
90,71,50
90,72,41
90,73,41
90,74,41
90,75,41
90,76,41
90,77,41
90,78,41
90,79,41
90,80,40
90,81,39
90,82,36
90,83,32
90,84,32
90,85,44
90,86,65
90,87,82
90,88,106
90,89,117
90,90,121
90,91,103
90,92,71
90,93,45
90,94,35
90,95,37
90,96,33
90,97,33
90,98,33
90,99,33
90,100,33
90,101,33
90,102,33
90,103,33
90,104,34
90,105,34
90,106,34
90,107,34
90,108,35
90,109,35
90,110,36
90,111,36
90,112,39
90,113,42
90,114,48
90,115,54
90,116,60
90,117,65
90,118,68
90,119,69
90,120,49
90,121,44
90,122,37
90,123,32
90,124,31
90,125,34
90,126,39
90,127,43
90,128,36
90,129,30
90,130,39
90,131,60
90,132,72
90,133,84
90,134,116
90,135,153
90,136,161
90,137,158
90,138,154
90,139,150
90,140,149
90,141,150
90,142,153
90,143,155
90,144,166
90,145,165
90,146,164
90,147,162
90,148,159
90,149,157
91,0,90
91,1,98
91,2,111
91,3,123
91,4,132
91,5,135
91,6,135
91,7,134
91,8,126
91,9,124
91,10,121
91,11,120
91,12,122
91,13,125
91,14,130
91,15,133
91,16,134
91,17,137
91,18,116
91,19,72
91,20,43
91,21,42
91,22,46
91,23,41
91,24,34
91,25,38
91,26,39
91,27,35
91,28,33
91,29,42
91,30,61
91,31,77
91,32,124
91,33,139
91,34,154
91,35,155
91,36,144
91,37,133
91,38,131
91,39,133
91,40,143
91,41,142
91,42,138
91,43,134
91,44,126
91,45,109
91,46,79
91,47,54
91,48,62
91,49,62
91,50,63
91,51,64
91,52,66
91,53,68
91,54,71
91,55,72
91,56,81
91,57,107
91,58,137
91,59,149
91,60,135
91,61,105
91,62,76
91,63,60
91,64,51
91,65,48
91,66,44
91,67,42
91,68,42
91,69,46
91,70,51
91,71,54
91,72,44
91,73,44
91,74,44
91,75,44
91,76,44
91,77,44
91,78,44
91,79,44
91,80,44
91,81,39
91,82,32
91,83,28
91,84,34
91,85,49
91,86,69
91,87,83
91,88,93
91,89,94
91,90,87
91,91,67
91,92,44
91,93,31
91,94,34
91,95,42
91,96,29
91,97,29
91,98,29
91,99,29
91,100,29
91,101,29
91,102,29
91,103,29
91,104,33
91,105,33
91,106,34
91,107,36
91,108,38
91,109,39
91,110,40
91,111,41
91,112,46
91,113,47
91,114,48
91,115,51
91,116,55
91,117,61
91,118,67
91,119,70
91,120,48
91,121,45
91,122,39
91,123,35
91,124,34
91,125,36
91,126,40
91,127,42
91,128,31
91,129,28
91,130,39
91,131,62
91,132,74
91,133,83
91,134,111
91,135,145
91,136,162
91,137,159
91,138,155
91,139,151
91,140,150
91,141,151
91,142,154
91,143,156
91,144,164
91,145,164
91,146,163
91,147,161
91,148,160
91,149,158
92,0,80
92,1,88
92,2,101
92,3,116
92,4,128
92,5,136
92,6,140
92,7,141
92,8,130
92,9,127
92,10,125
92,11,123
92,12,124
92,13,127
92,14,131
92,15,134
92,16,136
92,17,141
92,18,122
92,19,79
92,20,48
92,21,42
92,22,40
92,23,33
92,24,29
92,25,32
92,26,34
92,27,34
92,28,38
92,29,55
92,30,82
92,31,103
92,32,139
92,33,148
92,34,155
92,35,154
92,36,146
92,37,138
92,38,135
92,39,136
92,40,149
92,41,142
92,42,139
92,43,140
92,44,130
92,45,104
92,46,71
92,47,49
92,48,61
92,49,62
92,50,63
92,51,64
92,52,65
92,53,65
92,54,65
92,55,64
92,56,75
92,57,100
92,58,127
92,59,133
92,60,114
92,61,86
92,62,65
92,63,56
92,64,48
92,65,47
92,66,45
92,67,45
92,68,46
92,69,49
92,70,53
92,71,55
92,72,47
92,73,47
92,74,47
92,75,47
92,76,47
92,77,47
92,78,47
92,79,47
92,80,48
92,81,40
92,82,32
92,83,30
92,84,39
92,85,54
92,86,69
92,87,78
92,88,70
92,89,66
92,90,55
92,91,41
92,92,29
92,93,29
92,94,40
92,95,51
92,96,28
92,97,28
92,98,28
92,99,28
92,100,28
92,101,28
92,102,28
92,103,28
92,104,32
92,105,33
92,106,35
92,107,38
92,108,41
92,109,44
92,110,46
92,111,47
92,112,53
92,113,52
92,114,52
92,115,52
92,116,54
92,117,57
92,118,61
92,119,63
92,120,47
92,121,45
92,122,41
92,123,38
92,124,37
92,125,38
92,126,40
92,127,41
92,128,31
92,129,27
92,130,38
92,131,60
92,132,71
92,133,80
92,134,107
92,135,141
92,136,163
92,137,160
92,138,156
92,139,152
92,140,151
92,141,153
92,142,155
92,143,157
92,144,163
92,145,162
92,146,162
92,147,161
92,148,160
92,149,159
93,0,78
93,1,83
93,2,93
93,3,106
93,4,120
93,5,133
93,6,143
93,7,148
93,8,136
93,9,133
93,10,130
93,11,128
93,12,128
93,13,131
93,14,134
93,15,137
93,16,136
93,17,144
93,18,130
93,19,92
93,20,64
93,21,59
93,22,55
93,23,46
93,24,33
93,25,34
93,26,35
93,27,34
93,28,41
93,29,62
93,30,94
93,31,118
93,32,139
93,33,142
93,34,146
93,35,146
93,36,145
93,37,142
93,38,142
93,39,142
93,40,154
93,41,143
93,42,140
93,43,145
93,44,134
93,45,99
93,46,63
93,47,45
93,48,54
93,49,56
93,50,59
93,51,62
93,52,62
93,53,61
93,54,59
93,55,58
93,56,74
93,57,92
93,58,110
93,59,111
93,60,95
93,61,73
93,62,60
93,63,56
93,64,49
93,65,49
93,66,48
93,67,48
93,68,49
93,69,50
93,70,52
93,71,53
93,72,51
93,73,51
93,74,51
93,75,51
93,76,51
93,77,51
93,78,51
93,79,51
93,80,51
93,81,42
93,82,34
93,83,36
93,84,47
93,85,58
93,86,64
93,87,65
93,88,51
93,89,46
93,90,38
93,91,30
93,92,27
93,93,32
93,94,42
93,95,50
93,96,30
93,97,30
93,98,30
93,99,30
93,100,30
93,101,30
93,102,30
93,103,30
93,104,31
93,105,32
93,106,35
93,107,39
93,108,43
93,109,47
93,110,50
93,111,52
93,112,59
93,113,59
93,114,59
93,115,58
93,116,56
93,117,53
93,118,51
93,119,49
93,120,46
93,121,45
93,122,43
93,123,42
93,124,40
93,125,40
93,126,40
93,127,40
93,128,34
93,129,28
93,130,35
93,131,54
93,132,65
93,133,75
93,134,106
93,135,141
93,136,164
93,137,161
93,138,157
93,139,153
93,140,152
93,141,154
93,142,156
93,143,158
93,144,161
93,145,161
93,146,161
93,147,161
93,148,160
93,149,160
94,0,81
94,1,82
94,2,87
94,3,96
94,4,110
94,5,128
94,6,145
94,7,155
94,8,142
94,9,140
94,10,136
94,11,133
94,12,133
94,13,135
94,14,138
94,15,141
94,16,132
94,17,145
94,18,139
94,19,110
94,20,90
94,21,91
94,22,91
94,23,83
94,24,48
94,25,47
94,26,42
94,27,37
94,28,40
94,29,60
94,30,92
94,31,117
94,32,130
94,33,130
94,34,132
94,35,136
94,36,141
94,37,146
94,38,149
94,39,151
94,40,158
94,41,144
94,42,141
94,43,149
94,44,137
94,45,96
94,46,58
94,47,41
94,48,45
94,49,49
94,50,54
94,51,58
94,52,59
94,53,58
94,54,55
94,55,53
94,56,76
94,57,84
94,58,91
94,59,89
94,60,79
94,61,67
94,62,60
94,63,57
94,64,52
94,65,52
94,66,52
94,67,51
94,68,51
94,69,50
94,70,49
94,71,49
94,72,53
94,73,53
94,74,53
94,75,53
94,76,53
94,77,53
94,78,53
94,79,53
94,80,52
94,81,44
94,82,39
94,83,44
94,84,55
94,85,61
94,86,57
94,87,51
94,88,45
94,89,41
94,90,36
94,91,33
94,92,32
94,93,34
94,94,35
94,95,36
94,96,32
94,97,32
94,98,32
94,99,32
94,100,32
94,101,32
94,102,32
94,103,32
94,104,30
94,105,32
94,106,36
94,107,40
94,108,46
94,109,50
94,110,54
94,111,56
94,112,62
94,113,64
94,114,66
94,115,65
94,116,60
94,117,50
94,118,41
94,119,34
94,120,46
94,121,45
94,122,45
94,123,44
94,124,43
94,125,41
94,126,40
94,127,40
94,128,39
94,129,29
94,130,32
94,131,47
94,132,57
94,133,70
94,134,105
94,135,144
94,136,165
94,137,162
94,138,158
94,139,154
94,140,153
94,141,155
94,142,157
94,143,159
94,144,160
94,145,160
94,146,160
94,147,160
94,148,161
94,149,161
95,0,85
95,1,83
95,2,83
95,3,90
95,4,104
95,5,125
95,6,145
95,7,158
95,8,146
95,9,144
95,10,140
95,11,137
95,12,136
95,13,138
95,14,141
95,15,144
95,16,128
95,17,145
95,18,146
95,19,124
95,20,111
95,21,118
95,22,121
95,23,115
95,24,63
95,25,59
95,26,50
95,27,40
95,28,39
95,29,56
95,30,86
95,31,110
95,32,121
95,33,120
95,34,122
95,35,129
95,36,139
95,37,149
95,38,154
95,39,156
95,40,160
95,41,144
95,42,141
95,43,152
95,44,138
95,45,94
95,46,55
95,47,40
95,48,39
95,49,43
95,50,49
95,51,55
95,52,57
95,53,56
95,54,53
95,55,51
95,56,79
95,57,79
95,58,79
95,59,76
95,60,71
95,61,65
95,62,61
95,63,59
95,64,54
95,65,54
95,66,54
95,67,53
95,68,51
95,69,49
95,70,47
95,71,46
95,72,54
95,73,54
95,74,54
95,75,54
95,76,54
95,77,54
95,78,54
95,79,54
95,80,53
95,81,46
95,82,42
95,83,49
95,84,60
95,85,63
95,86,53
95,87,41
95,88,46
95,89,43
95,90,40
95,91,38
95,92,37
95,93,33
95,94,28
95,95,23
95,96,34
95,97,34
95,98,34
95,99,34
95,100,34
95,101,34
95,102,34
95,103,34
95,104,29
95,105,32
95,106,36
95,107,41
95,108,47
95,109,52
95,110,56
95,111,58
95,112,64
95,113,68
95,114,71
95,115,71
95,116,63
95,117,49
95,118,34
95,119,25
95,120,45
95,121,45
95,122,46
95,123,45
95,124,44
95,125,42
95,126,40
95,127,39
95,128,43
95,129,31
95,130,30
95,131,42
95,132,52
95,133,67
95,134,105
95,135,147
95,136,166
95,137,163
95,138,158
95,139,155
95,140,154
95,141,155
95,142,158
95,143,160
95,144,159
95,145,159
95,146,160
95,147,160
95,148,161
95,149,161
96,0,87
96,1,81
96,2,77
96,3,81
96,4,98
96,5,125
96,6,152
96,7,168
96,8,137
96,9,138
96,10,140
96,11,142
96,12,143
96,13,143
96,14,143
96,15,142
96,16,134
96,17,131
96,18,126
96,19,123
96,20,123
96,21,126
96,22,131
96,23,134
96,24,90
96,25,88
96,26,78
96,27,62
96,28,52
96,29,62
96,30,89
96,31,112
96,32,128
96,33,130
96,34,134
96,35,138
96,36,143
96,37,146
96,38,147
96,39,148
96,40,145
96,41,139
96,42,146
96,43,156
96,44,135
96,45,90
96,46,59
96,47,54
96,48,44
96,49,45
96,50,47
96,51,49
96,52,52
96,53,54
96,54,55
96,55,56
96,56,85
96,57,80
96,58,72
96,59,64
96,60,58
96,61,55
96,62,54
96,63,54
96,64,52
96,65,53
96,66,54
96,67,56
96,68,59
96,69,61
96,70,62
96,71,63
96,72,70
96,73,70
96,74,68
96,75,67
96,76,65
96,77,63
96,78,62
96,79,62
96,80,58
96,81,56
96,82,53
96,83,51
96,84,51
96,85,51
96,86,53
96,87,54
96,88,47
96,89,46
96,90,44
96,91,42
96,92,39
96,93,36
96,94,34
96,95,33
96,96,38
96,97,36
96,98,31
96,99,29
96,100,29
96,101,33
96,102,38
96,103,42
96,104,38
96,105,38
96,106,39
96,107,40
96,108,41
96,109,42
96,110,43
96,111,44
96,112,55
96,113,57
96,114,58
96,115,58
96,116,54
96,117,47
96,118,39
96,119,35
96,120,36
96,121,38
96,122,39
96,123,40
96,124,39
96,125,36
96,126,33
96,127,30
96,128,37
96,129,33
96,130,38
96,131,48
96,132,49
96,133,61
96,134,109
96,135,162
96,136,162
96,137,162
96,138,161
96,139,161
96,140,160
96,141,160
96,142,159
96,143,159
96,144,163
96,145,163
96,146,162
96,147,161
96,148,160
96,149,159
97,0,85
97,1,79
97,2,77
97,3,87
97,4,109
97,5,133
97,6,152
97,7,161
97,8,141
97,9,141
97,10,141
97,11,141
97,12,141
97,13,140
97,14,140
97,15,139
97,16,135
97,17,132
97,18,129
97,19,126
97,20,126
97,21,129
97,22,132
97,23,135
97,24,98
97,25,97
97,26,90
97,27,78
97,28,69
97,29,75
97,30,95
97,31,113
97,32,127
97,33,129
97,34,132
97,35,136
97,36,140
97,37,143
97,38,145
97,39,146
97,40,156
97,41,143
97,42,145
97,43,161
97,44,154
97,45,112
97,46,67
97,47,44
97,48,48
97,49,49
97,50,50
97,51,53
97,52,55
97,53,57
97,54,59
97,55,60
97,56,80
97,57,76
97,58,70
97,59,63
97,60,59
97,61,58
97,62,59
97,63,59
97,64,57
97,65,58
97,66,59
97,67,60
97,68,62
97,69,64
97,70,65
97,71,66
97,72,69
97,73,69
97,74,68
97,75,66
97,76,65
97,77,63
97,78,62
97,79,62
97,80,54
97,81,54
97,82,55
97,83,55
97,84,54
97,85,52
97,86,51
97,87,49
97,88,44
97,89,43
97,90,41
97,91,39
97,92,36
97,93,33
97,94,32
97,95,31
97,96,38
97,97,36
97,98,32
97,99,30
97,100,31
97,101,35
97,102,39
97,103,42
97,104,41
97,105,41
97,106,42
97,107,43
97,108,44
97,109,45
97,110,46
97,111,47
97,112,52
97,113,53
97,114,55
97,115,54
97,116,50
97,117,44
97,118,37
97,119,33
97,120,36
97,121,39
97,122,43
97,123,45
97,124,44
97,125,40
97,126,34
97,127,30
97,128,37
97,129,34
97,130,39
97,131,47
97,132,50
97,133,65
97,134,112
97,135,161
97,136,161
97,137,161
97,138,161
97,139,161
97,140,160
97,141,160
97,142,160
97,143,160
97,144,163
97,145,163
97,146,162
97,147,161
97,148,160
97,149,159
98,0,82
98,1,78
98,2,81
98,3,98
98,4,125
98,5,145
98,6,152
98,7,150
98,8,146
98,9,145
98,10,142
98,11,140
98,12,137
98,13,136
98,14,136
98,15,136
98,16,137
98,17,135
98,18,133
98,19,131
98,20,131
98,21,133
98,22,135
98,23,137
98,24,111
98,25,112
98,26,109
98,27,102
98,28,96
98,29,97
98,30,107
98,31,117
98,32,127
98,33,128
98,34,129
98,35,132
98,36,135
98,37,139
98,38,142
98,39,144
98,40,164
98,41,147
98,42,144
98,43,159
98,44,161
98,45,127
98,46,74
98,47,39
98,48,53
98,49,54
98,50,56
98,51,58
98,52,60
98,53,62
98,54,64
98,55,65
98,56,73
98,57,70
98,58,66
98,59,63
98,60,62
98,61,63
98,62,66
98,63,68
98,64,65
98,65,66
98,66,66
98,67,67
98,68,68
98,69,68
98,70,69
98,71,69
98,72,67
98,73,67
98,74,66
98,75,65
98,76,64
98,77,63
98,78,63
98,79,62
98,80,49
98,81,52
98,82,57
98,83,60
98,84,59
98,85,53
98,86,46
98,87,42
98,88,38
98,89,37
98,90,36
98,91,34
98,92,32
98,93,30
98,94,28
98,95,27
98,96,37
98,97,36
98,98,34
98,99,33
98,100,35
98,101,38
98,102,41
98,103,44
98,104,45
98,105,46
98,106,46
98,107,48
98,108,49
98,109,50
98,110,51
98,111,51
98,112,48
98,113,49
98,114,49
98,115,48
98,116,44
98,117,39
98,118,35
98,119,31
98,120,35
98,121,41
98,122,48
98,123,53
98,124,52
98,125,45
98,126,36
98,127,29
98,128,38
98,129,36
98,130,39
98,131,45
98,132,51
98,133,71
98,134,117
98,135,160
98,136,160
98,137,160
98,138,160
98,139,160
98,140,161
98,141,161
98,142,161
98,143,161
98,144,163
98,145,163
98,146,162
98,147,161
98,148,160
98,149,159
99,0,81
99,1,80
99,2,89
99,3,112
99,4,140
99,5,154
99,6,150
99,7,140
99,8,150
99,9,147
99,10,142
99,11,137
99,12,134
99,13,133
99,14,133
99,15,133
99,16,139
99,17,139
99,18,138
99,19,137
99,20,137
99,21,138
99,22,139
99,23,139
99,24,124
99,25,126
99,26,127
99,27,126
99,28,124
99,29,122
99,30,123
99,31,124
99,32,130
99,33,129
99,34,128
99,35,129
99,36,131
99,37,136
99,38,140
99,39,143
99,40,158
99,41,149
99,42,143
99,43,143
99,44,135
99,45,108
99,46,73
99,47,48
99,48,58
99,49,59
99,50,60
99,51,62
99,52,65
99,53,67
99,54,69
99,55,69
99,56,66
99,57,64
99,58,62
99,59,62
99,60,64
99,61,69
99,62,74
99,63,77
99,64,74
99,65,74
99,66,74
99,67,73
99,68,73
99,69,72
99,70,72
99,71,72
99,72,64
99,73,64
99,74,64
99,75,64
99,76,63
99,77,63
99,78,63
99,79,63
99,80,45
99,81,51
99,82,59
99,83,63
99,84,61
99,85,53
99,86,42
99,87,35
99,88,33
99,89,33
99,90,32
99,91,30
99,92,29
99,93,27
99,94,26
99,95,26
99,96,35
99,97,35
99,98,36
99,99,37
99,100,39
99,101,42
99,102,44
99,103,45
99,104,49
99,105,49
99,106,50
99,107,51
99,108,52
99,109,53
99,110,54
99,111,55
99,112,45
99,113,45
99,114,44
99,115,42
99,116,39
99,117,36
99,118,33
99,119,32
99,120,36
99,121,42
99,122,51
99,123,58
99,124,56
99,125,48
99,126,37
99,127,30
99,128,39
99,129,39
99,130,39
99,131,42
99,132,53
99,133,80
99,134,123
99,135,158
99,136,158
99,137,159
99,138,159
99,139,160
99,140,161
99,141,162
99,142,162
99,143,163
99,144,163
99,145,163
99,146,162
99,147,161
99,148,160
99,149,159
100,0,83
100,1,89
100,2,104
100,3,127
100,4,147
100,5,153
100,6,145
100,7,134
100,8,151
100,9,147
100,10,140
100,11,134
100,12,130
100,13,130
100,14,133
100,15,134
100,16,142
100,17,142
100,18,143
100,19,144
100,20,144
100,21,143
100,22,142
100,23,142
100,24,133
100,25,134
100,26,137
100,27,142
100,28,145
100,29,144
100,30,139
100,31,134
100,32,135
100,33,132
100,34,129
100,35,128
100,36,130
100,37,135
100,38,141
100,39,145
100,40,143
100,41,148
100,42,142
100,43,117
100,44,88
100,45,70
100,46,65
100,47,65
100,48,60
100,49,61
100,50,63
100,51,65
100,52,67
100,53,69
100,54,71
100,55,72
100,56,62
100,57,61
100,58,61
100,59,62
100,60,67
100,61,73
100,62,80
100,63,84
100,64,81
100,65,80
100,66,79
100,67,77
100,68,76
100,69,74
100,70,73
100,71,72
100,72,62
100,73,62
100,74,62
100,75,62
100,76,63
100,77,63
100,78,63
100,79,63
100,80,46
100,81,51
100,82,58
100,83,62
100,84,60
100,85,51
100,86,40
100,87,32
100,88,30
100,89,30
100,90,29
100,91,29
100,92,28
100,93,27
100,94,26
100,95,26
100,96,34
100,97,36
100,98,38
100,99,41
100,100,44
100,101,46
100,102,47
100,103,47
100,104,50
100,105,50
100,106,51
100,107,52
100,108,53
100,109,55
100,110,55
100,111,56
100,112,44
100,113,43
100,114,41
100,115,38
100,116,36
100,117,35
100,118,34
100,119,34
100,120,38
100,121,43
100,122,51
100,123,55
100,124,54
100,125,47
100,126,38
100,127,32
100,128,40
100,129,41
100,130,40
100,131,40
100,132,55
100,133,90
100,134,131
100,135,157
100,136,157
100,137,157
100,138,158
100,139,160
100,140,161
100,141,163
100,142,164
100,143,164
100,144,163
100,145,163
100,146,162
100,147,161
100,148,160
100,149,159
101,0,87
101,1,102
101,2,123
101,3,140
101,4,147
101,5,145
101,6,139
101,7,134
101,8,149
101,9,144
101,10,136
101,11,130
101,12,128
101,13,130
101,14,135
101,15,138
101,16,144
101,17,146
101,18,148
101,19,150
101,20,150
101,21,148
101,22,146
101,23,144
101,24,138
101,25,136
101,26,138
101,27,147
101,28,156
101,29,159
101,30,153
101,31,146
101,32,142
101,33,138
101,34,133
101,35,130
101,36,131
101,37,137
101,38,144
101,39,149
101,40,133
101,41,145
101,42,136
101,43,96
101,44,56
101,45,46
101,46,58
101,47,69
101,48,60
101,49,61
101,50,62
101,51,64
101,52,67
101,53,69
101,54,71
101,55,71
101,56,61
101,57,61
101,58,61
101,59,63
101,60,68
101,61,75
101,62,82
101,63,86
101,64,85
101,65,84
101,66,82
101,67,79
101,68,76
101,69,73
101,70,71
101,71,69
101,72,59
101,73,59
101,74,60
101,75,61
101,76,62
101,77,63
101,78,63
101,79,64
101,80,50
101,81,53
101,82,57
101,83,58
101,84,54
101,85,47
101,86,39
101,87,33
101,88,30
101,89,30
101,90,30
101,91,30
101,92,29
101,93,29
101,94,29
101,95,29
101,96,32
101,97,35
101,98,40
101,99,45
101,100,49
101,101,50
101,102,50
101,103,49
101,104,48
101,105,49
101,106,50
101,107,51
101,108,52
101,109,53
101,110,54
101,111,54
101,112,46
101,113,44
101,114,40
101,115,37
101,116,36
101,117,36
101,118,38
101,119,39
101,120,41
101,121,43
101,122,46
101,123,47
101,124,46
101,125,42
101,126,38
101,127,35
101,128,41
101,129,44
101,130,40
101,131,37
101,132,57
101,133,99
101,134,138
101,135,155
101,136,155
101,137,156
101,138,157
101,139,159
101,140,162
101,141,164
101,142,165
101,143,166
101,144,163
101,145,163
101,146,162
101,147,161
101,148,160
101,149,159
102,0,93
102,1,116
102,2,141
102,3,150
102,4,142
102,5,132
102,6,133
102,7,138
102,8,145
102,9,140
102,10,132
102,11,127
102,12,127
102,13,131
102,14,139
102,15,144
102,16,146
102,17,149
102,18,152
102,19,155
102,20,155
102,21,152
102,22,149
102,23,146
102,24,139
102,25,134
102,26,134
102,27,144
102,28,159
102,29,167
102,30,163
102,31,156
102,32,149
102,33,144
102,34,137
102,35,133
102,36,134
102,37,140
102,38,148
102,39,153
102,40,134
102,41,143
102,42,128
102,43,88
102,44,57
102,45,54
102,46,58
102,47,57
102,48,58
102,49,59
102,50,60
102,51,63
102,52,65
102,53,67
102,54,69
102,55,70
102,56,63
102,57,62
102,58,62
102,59,64
102,60,69
102,61,75
102,62,82
102,63,86
102,64,87
102,65,85
102,66,82
102,67,78
102,68,74
102,69,70
102,70,68
102,71,66
102,72,57
102,73,57
102,74,58
102,75,60
102,76,61
102,77,63
102,78,64
102,79,64
102,80,56
102,81,56
102,82,54
102,83,51
102,84,48
102,85,43
102,86,39
102,87,37
102,88,32
102,89,32
102,90,32
102,91,32
102,92,32
102,93,33
102,94,33
102,95,33
102,96,31
102,97,35
102,98,42
102,99,48
102,100,52
102,101,53
102,102,52
102,103,50
102,104,46
102,105,46
102,106,47
102,107,48
102,108,49
102,109,50
102,110,51
102,111,52
102,112,49
102,113,46
102,114,42
102,115,38
102,116,37
102,117,39
102,118,42
102,119,45
102,120,45
102,121,43
102,122,39
102,123,36
102,124,35
102,125,36
102,126,38
102,127,39
102,128,42
102,129,46
102,130,40
102,131,35
102,132,58
102,133,106
102,134,143
102,135,154
102,136,154
102,137,155
102,138,157
102,139,159
102,140,162
102,141,164
102,142,166
102,143,167
102,144,163
102,145,163
102,146,162
102,147,161
102,148,160
102,149,159
103,0,97
103,1,124
103,2,152
103,3,155
103,4,137
103,5,124
103,6,129
103,7,141
103,8,142
103,9,137
103,10,130
103,11,125
103,12,126
103,13,132
103,14,141
103,15,147
103,16,147
103,17,150
103,18,155
103,19,158
103,20,158
103,21,155
103,22,150
103,23,147
103,24,138
103,25,131
103,26,129
103,27,140
103,28,159
103,29,170
103,30,169
103,31,162
103,32,153
103,33,148
103,34,140
103,35,135
103,36,136
103,37,142
103,38,151
103,39,156
103,40,140
103,41,141
103,42,122
103,43,88
103,44,71
103,45,71
103,46,62
103,47,43
103,48,56
103,49,57
103,50,59
103,51,61
103,52,63
103,53,65
103,54,67
103,55,68
103,56,65
103,57,64
103,58,63
103,59,65
103,60,69
103,61,75
103,62,82
103,63,86
103,64,87
103,65,85
103,66,82
103,67,77
103,68,73
103,69,69
103,70,65
103,71,63
103,72,56
103,73,56
103,74,58
103,75,59
103,76,61
103,77,63
103,78,64
103,79,64
103,80,60
103,81,57
103,82,52
103,83,47
103,84,43
103,85,41
103,86,40
103,87,40
103,88,33
103,89,33
103,90,34
103,91,34
103,92,35
103,93,35
103,94,35
103,95,36
103,96,31
103,97,35
103,98,43
103,99,50
103,100,54
103,101,54
103,102,53
103,103,51
103,104,44
103,105,44
103,106,45
103,107,46
103,108,47
103,109,48
103,110,49
103,111,50
103,112,51
103,113,48
103,114,43
103,115,39
103,116,39
103,117,41
103,118,45
103,119,48
103,120,47
103,121,42
103,122,35
103,123,29
103,124,28
103,125,31
103,126,37
103,127,41
103,128,42
103,129,47
103,130,41
103,131,34
103,132,59
103,133,110
103,134,145
103,135,153
103,136,153
103,137,154
103,138,156
103,139,159
103,140,162
103,141,165
103,142,167
103,143,168
103,144,163
103,145,163
103,146,162
103,147,161
103,148,160
103,149,159
104,0,126
104,1,149
104,2,156
104,3,136
104,4,123
104,5,130
104,6,135
104,7,130
104,8,145
104,9,143
104,10,140
104,11,137
104,12,132
104,13,129
104,14,126
104,15,124
104,16,116
104,17,131
104,18,147
104,19,154
104,20,150
104,21,145
104,22,145
104,23,149
104,24,135
104,25,138
104,26,143
104,27,150
104,28,158
104,29,165
104,30,170
104,31,173
104,32,165
104,33,150
104,34,134
104,35,128
104,36,134
104,37,141
104,38,143
104,39,141
104,40,156
104,41,137
104,42,106
104,43,75
104,44,56
104,45,53
104,46,61
104,47,70
104,48,63
104,49,66
104,50,69
104,51,72
104,52,72
104,53,69
104,54,66
104,55,63
104,56,65
104,57,65
104,58,66
104,59,67
104,60,68
104,61,69
104,62,70
104,63,71
104,64,82
104,65,82
104,66,82
104,67,80
104,68,75
104,69,68
104,70,61
104,71,56
104,72,70
104,73,69
104,74,69
104,75,69
104,76,68
104,77,67
104,78,67
104,79,67
104,80,72
104,81,67
104,82,57
104,83,47
104,84,39
104,85,34
104,86,32
104,87,31
104,88,51
104,89,38
104,90,26
104,91,25
104,92,33
104,93,40
104,94,41
104,95,39
104,96,29
104,97,38
104,98,52
104,99,64
104,100,69
104,101,66
104,102,59
104,103,54
104,104,54
104,105,53
104,106,53
104,107,52
104,108,50
104,109,49
104,110,48
104,111,48
104,112,53
104,113,52
104,114,51
104,115,50
104,116,49
104,117,48
104,118,47
104,119,47
104,120,30
104,121,31
104,122,32
104,123,33
104,124,33
104,125,33
104,126,32
104,127,32
104,128,34
104,129,33
104,130,35
104,131,48
104,132,74
104,133,109
104,134,143
104,135,165
104,136,153
104,137,149
104,138,146
104,139,147
104,140,152
104,141,158
104,142,161
104,143,163
104,144,171
104,145,170
104,146,168
104,147,165
104,148,160
104,149,155
105,0,124
105,1,143
105,2,148
105,3,131
105,4,119
105,5,125
105,6,130
105,7,125
105,8,137
105,9,135
105,10,133
105,11,129
105,12,125
105,13,122
105,14,119
105,15,118
105,16,122
105,17,136
105,18,152
105,19,157
105,20,153
105,21,148
105,22,149
105,23,153
105,24,139
105,25,141
105,26,146
105,27,152
105,28,159
105,29,165
105,30,170
105,31,172
105,32,166
105,33,153
105,34,138
105,35,134
105,36,141
105,37,148
105,38,149
105,39,146
105,40,155
105,41,132
105,42,98
105,43,70
105,44,57
105,45,55
105,46,57
105,47,60
105,48,58
105,49,60
105,50,64
105,51,66
105,52,66
105,53,64
105,54,60
105,55,58
105,56,76
105,57,77
105,58,78
105,59,79
105,60,80
105,61,81
105,62,82
105,63,82
105,64,89
105,65,90
105,66,91
105,67,90
105,68,87
105,69,81
105,70,75
105,71,71
105,72,74
105,73,73
105,74,73
105,75,73
105,76,73
105,77,72
105,78,72
105,79,72
105,80,64
105,81,58
105,82,49
105,83,39
105,84,32
105,85,27
105,86,25
105,87,25
105,88,45
105,89,35
105,90,27
105,91,29
105,92,37
105,93,42
105,94,39
105,95,34
105,96,40
105,97,45
105,98,53
105,99,59
105,100,61
105,101,59
105,102,54
105,103,51
105,104,53
105,105,53
105,106,52
105,107,51
105,108,50
105,109,49
105,110,48
105,111,48
105,112,50
105,113,50
105,114,49
105,115,48
105,116,47
105,117,46
105,118,45
105,119,44
105,120,32
105,121,31
105,122,31
105,123,30
105,124,29
105,125,27
105,126,26
105,127,25
105,128,23
105,129,23
105,130,27
105,131,41
105,132,68
105,133,103
105,134,137
105,135,157
105,136,151
105,137,150
105,138,149
105,139,151
105,140,156
105,141,163
105,142,169
105,143,173
105,144,160
105,145,160
105,146,160
105,147,159
105,148,158
105,149,157
106,0,141
106,1,153
106,2,155
106,3,142
106,4,133
106,5,137
106,6,141
106,7,138
106,8,145
106,9,144
106,10,141
106,11,138
106,12,135
106,13,132
106,14,130
106,15,128
106,16,131
106,17,144
106,18,158
106,19,163
106,20,158
106,21,154
106,22,156
106,23,160
106,24,145
106,25,147
106,26,150
106,27,155
106,28,161
106,29,166
106,30,169
106,31,171
106,32,168
106,33,157
106,34,145
106,35,144
106,36,152
106,37,158
106,38,157
106,39,152
106,40,151
106,41,122
106,42,86
106,43,63
106,44,57
106,45,56
106,46,51
106,47,44
106,48,50
106,49,52
106,50,56
106,51,58
106,52,58
106,53,56
106,54,52
106,55,50
106,56,68
106,57,69
106,58,70
106,59,71
106,60,72
106,61,73
106,62,74
106,63,74
106,64,74
106,65,76
106,66,79
106,67,80
106,68,79
106,69,75
106,70,71
106,71,68
106,72,60
106,73,60
106,74,60
106,75,60
106,76,60
106,77,60
106,78,60
106,79,61
106,80,49
106,81,47
106,82,44
106,83,43
106,84,45
106,85,49
106,86,53
106,87,56
106,88,49
106,89,44
106,90,41
106,91,47
106,92,55
106,93,56
106,94,47
106,95,37
106,96,56
106,97,55
106,98,54
106,99,53
106,100,51
106,101,49
106,102,47
106,103,46
106,104,53
106,105,52
106,106,51
106,107,50
106,108,49
106,109,48
106,110,47
106,111,47
106,112,47
106,113,46
106,114,45
106,115,44
106,116,43
106,117,42
106,118,41
106,119,41
106,120,33
106,121,34
106,122,36
106,123,40
106,124,45
106,125,50
106,126,54
106,127,57
106,128,53
106,129,51
106,130,53
106,131,62
106,132,81
106,133,108
106,134,134
106,135,150
106,136,149
106,137,148
106,138,146
106,139,141
106,140,138
106,141,139
106,142,143
106,143,147
106,144,149
106,145,149
106,146,148
106,147,149
106,148,150
106,149,151
107,0,173
107,1,175
107,2,172
107,3,165
107,4,160
107,5,162
107,6,164
107,7,164
107,8,166
107,9,165
107,10,163
107,11,161
107,12,158
107,13,156
107,14,154
107,15,153
107,16,142
107,17,153
107,18,165
107,19,168
107,20,163
107,21,159
107,22,162
107,23,167
107,24,153
107,25,154
107,26,156
107,27,160
107,28,163
107,29,166
107,30,168
107,31,170
107,32,169
107,33,160
107,34,152
107,35,153
107,36,161
107,37,164
107,38,160
107,39,153
107,40,140
107,41,108
107,42,72
107,43,55
107,44,56
107,45,56
107,46,44
107,47,30
107,48,41
107,49,43
107,50,47
107,51,49
107,52,49
107,53,47
107,54,43
107,55,41
107,56,39
107,57,39
107,58,40
107,59,41
107,60,42
107,61,44
107,62,44
107,63,45
107,64,39
107,65,42
107,66,46
107,67,49
107,68,50
107,69,48
107,70,45
107,71,42
107,72,33
107,73,33
107,74,34
107,75,34
107,76,35
107,77,36
107,78,37
107,79,37
107,80,34
107,81,38
107,82,46
107,83,58
107,84,74
107,85,91
107,86,106
107,87,114
107,88,107
107,89,105
107,90,107
107,91,115
107,92,122
107,93,118
107,94,103
107,95,89
107,96,68
107,97,63
107,98,54
107,99,46
107,100,41
107,101,39
107,102,41
107,103,42
107,104,52
107,105,51
107,106,50
107,107,49
107,108,48
107,109,47
107,110,46
107,111,46
107,112,44
107,113,44
107,114,43
107,115,42
107,116,41
107,117,40
107,118,39
107,119,38
107,120,32
107,121,37
107,122,45
107,123,58
107,124,74
107,125,91
107,126,104
107,127,112
107,128,117
107,129,113
107,130,108
107,131,108
107,132,114
107,133,126
107,134,139
107,135,148
107,136,147
107,137,145
107,138,138
107,139,122
107,140,105
107,141,94
107,142,94
107,143,97
107,144,81
107,145,78
107,146,74
107,147,71
107,148,69
107,149,69
108,0,188
108,1,179
108,2,172
108,3,170
108,4,170
108,5,169
108,6,170
108,7,173
108,8,173
108,9,172
108,10,171
108,11,169
108,12,167
108,13,165
108,14,163
108,15,163
108,16,150
108,17,160
108,18,170
108,19,171
108,20,165
108,21,162
108,22,166
108,23,172
108,24,161
108,25,162
108,26,163
108,27,164
108,28,165
108,29,167
108,30,168
108,31,168
108,32,168
108,33,161
108,34,156
108,35,158
108,36,164
108,37,164
108,38,155
108,39,146
108,40,119
108,41,91
108,42,60
108,43,48
108,44,52
108,45,53
108,46,39
108,47,24
108,48,34
108,49,36
108,50,40
108,51,42
108,52,42
108,53,40
108,54,36
108,55,34
108,56,21
108,57,22
108,58,23
108,59,24
108,60,25
108,61,26
108,62,27
108,63,27
108,64,19
108,65,22
108,66,26
108,67,30
108,68,31
108,69,30
108,70,27
108,71,25
108,72,23
108,73,23
108,74,24
108,75,26
108,76,27
108,77,29
108,78,30
108,79,30
108,80,28
108,81,33
108,82,45
108,83,62
108,84,84
108,85,106
108,86,124
108,87,135
108,88,120
108,89,118
108,90,120
108,91,127
108,92,131
108,93,123
108,94,105
108,95,89
108,96,69
108,97,63
108,98,52
108,99,42
108,100,36
108,101,35
108,102,38
108,103,40
108,104,50
108,105,50
108,106,49
108,107,48
108,108,47
108,109,46
108,110,45
108,111,44
108,112,44
108,113,44
108,114,43
108,115,42
108,116,41
108,117,40
108,118,39
108,119,38
108,120,32
108,121,36
108,122,45
108,123,60
108,124,79
108,125,100
108,126,118
108,127,129
108,128,147
108,129,144
108,130,139
108,131,136
108,132,137
108,133,141
108,134,147
108,135,151
108,136,141
108,137,142
108,138,136
108,139,116
108,140,92
108,141,77
108,142,78
108,143,84
108,144,66
108,145,60
108,146,50
108,147,40
108,148,32
108,149,29
109,0,184
109,1,166
109,2,154
109,3,157
109,4,161
109,5,158
109,6,158
109,7,163
109,8,163
109,9,163
109,10,162
109,11,161
109,12,159
109,13,158
109,14,157
109,15,157
109,16,156
109,17,164
109,18,172
109,19,171
109,20,164
109,21,162
109,22,167
109,23,175
109,24,169
109,25,169
109,26,169
109,27,168
109,28,168
109,29,167
109,30,167
109,31,167
109,32,165
109,33,160
109,34,156
109,35,158
109,36,162
109,37,157
109,38,143
109,39,130
109,40,93
109,41,74
109,42,53
109,43,44
109,44,47
109,45,46
109,46,36
109,47,25
109,48,29
109,49,32
109,50,35
109,51,38
109,52,38
109,53,35
109,54,32
109,55,29
109,56,27
109,57,28
109,58,29
109,59,30
109,60,31
109,61,32
109,62,33
109,63,33
109,64,25
109,65,28
109,66,32
109,67,35
109,68,36
109,69,34
109,70,31
109,71,29
109,72,31
109,73,32
109,74,34
109,75,36
109,76,38
109,77,40
109,78,41
109,79,42
109,80,30
109,81,34
109,82,42
109,83,56
109,84,73
109,85,91
109,86,107
109,87,116
109,88,113
109,89,109
109,90,106
109,91,108
109,92,109
109,93,99
109,94,79
109,95,63
109,96,60
109,97,55
109,98,48
109,99,41
109,100,37
109,101,37
109,102,39
109,103,41
109,104,49
109,105,49
109,106,48
109,107,47
109,108,46
109,109,45
109,110,44
109,111,43
109,112,47
109,113,46
109,114,45
109,115,44
109,116,43
109,117,42
109,118,41
109,119,41
109,120,31
109,121,32
109,122,37
109,123,46
109,124,60
109,125,78
109,126,94
109,127,104
109,128,130
109,129,130
109,130,131
109,131,133
109,132,137
109,133,142
109,134,146
109,135,149
109,136,133
109,137,140
109,138,141
109,139,125
109,140,102
109,141,91
109,142,98
109,143,110
109,144,103
109,145,94
109,146,81
109,147,67
109,148,57
109,149,51
110,0,188
110,1,162
110,2,146
110,3,154
110,4,161
110,5,156
110,6,155
110,7,163
110,8,165
110,9,164
110,10,164
110,11,163
110,12,162
110,13,161
110,14,160
110,15,160
110,16,158
110,17,166
110,18,172
110,19,169
110,20,162
110,21,160
110,22,167
110,23,175
110,24,176
110,25,175
110,26,173
110,27,172
110,28,169
110,29,168
110,30,166
110,31,165
110,32,162
110,33,157
110,34,154
110,35,156
110,36,157
110,37,147
110,38,129
110,39,113
110,40,67
110,41,59
110,42,49
110,43,43
110,44,41
110,45,39
110,46,35
110,47,31
110,48,28
110,49,31
110,50,34
110,51,37
110,52,37
110,53,34
110,54,31
110,55,28
110,56,34
110,57,34
110,58,35
110,59,36
110,60,37
110,61,38
110,62,39
110,63,39
110,64,34
110,65,36
110,66,39
110,67,41
110,68,40
110,69,37
110,70,33
110,71,31
110,72,31
110,73,32
110,74,34
110,75,37
110,76,39
110,77,42
110,78,44
110,79,45
110,80,35
110,81,38
110,82,46
110,83,58
110,84,73
110,85,90
110,86,105
110,87,113
110,88,144
110,89,136
110,90,127
110,91,123
110,92,120
110,93,108
110,94,90
110,95,74
110,96,47
110,97,46
110,98,43
110,99,42
110,100,41
110,101,41
110,102,42
110,103,43
110,104,48
110,105,48
110,106,47
110,107,46
110,108,45
110,109,44
110,110,43
110,111,43
110,112,50
110,113,50
110,114,49
110,115,48
110,116,47
110,117,46
110,118,45
110,119,44
110,120,29
110,121,29
110,122,31
110,123,38
110,124,52
110,125,69
110,126,86
110,127,96
110,128,121
110,129,123
110,130,126
110,131,129
110,132,133
110,133,135
110,134,137
110,135,138
110,136,127
110,137,138
110,138,141
110,139,126
110,140,102
110,141,91
110,142,101
110,143,117
110,144,85
110,145,77
110,146,64
110,147,51
110,148,42
110,149,40
111,0,202
111,1,171
111,2,154
111,3,164
111,4,172
111,5,166
111,6,165
111,7,174
111,8,177
111,9,177
111,10,177
111,11,176
111,12,175
111,13,175
111,14,174
111,15,174
111,16,159
111,17,166
111,18,171
111,19,168
111,20,161
111,21,159
111,22,166
111,23,174
111,24,179
111,25,178
111,26,176
111,27,173
111,28,170
111,29,168
111,30,166
111,31,165
111,32,160
111,33,156
111,34,152
111,35,153
111,36,152
111,37,141
111,38,119
111,39,102
111,40,52
111,41,51
111,42,48
111,43,43
111,44,37
111,45,34
111,46,34
111,47,35
111,48,28
111,49,30
111,50,34
111,51,36
111,52,36
111,53,34
111,54,30
111,55,28
111,56,30
111,57,30
111,58,31
111,59,32
111,60,33
111,61,34
111,62,35
111,63,36
111,64,32
111,65,34
111,66,36
111,67,37
111,68,36
111,69,32
111,70,27
111,71,24
111,72,20
111,73,21
111,74,23
111,75,26
111,76,28
111,77,31
111,78,33
111,79,34
111,80,38
111,81,43
111,82,53
111,83,69
111,84,88
111,85,109
111,86,126
111,87,136
111,88,124
111,89,113
111,90,100
111,91,92
111,92,86
111,93,75
111,94,57
111,95,43
111,96,37
111,97,38
111,98,41
111,99,43
111,100,44
111,101,45
111,102,45
111,103,44
111,104,48
111,105,48
111,106,47
111,107,46
111,108,44
111,109,43
111,110,43
111,111,42
111,112,53
111,113,52
111,114,51
111,115,50
111,116,49
111,117,48
111,118,47
111,119,47
111,120,27
111,121,28
111,122,32
111,123,43
111,124,60
111,125,82
111,126,103
111,127,115
111,128,135
111,129,136
111,130,136
111,131,136
111,132,135
111,133,132
111,134,129
111,135,127
111,136,125
111,137,135
111,138,137
111,139,117
111,140,87
111,141,72
111,142,81
111,143,97
111,144,77
111,145,70
111,146,58
111,147,48
111,148,43
111,149,44
112,0,185
112,1,165
112,2,158
112,3,173
112,4,178
112,5,166
112,6,158
112,7,161
112,8,168
112,9,168
112,10,168
112,11,168
112,12,168
112,13,168
112,14,168
112,15,168
112,16,172
112,17,172
112,18,170
112,19,169
112,20,167
112,21,166
112,22,164
112,23,164
112,24,174
112,25,175
112,26,177
112,27,177
112,28,174
112,29,169
112,30,163
112,31,160
112,32,166
112,33,163
112,34,159
112,35,156
112,36,146
112,37,122
112,38,91
112,39,68
112,40,48
112,41,47
112,42,45
112,43,42
112,44,39
112,45,36
112,46,34
112,47,33
112,48,27
112,49,27
112,50,27
112,51,27
112,52,27
112,53,27
112,54,27
112,55,27
112,56,31
112,57,31
112,58,31
112,59,30
112,60,30
112,61,29
112,62,29
112,63,29
112,64,36
112,65,32
112,66,27
112,67,27
112,68,30
112,69,33
112,70,34
112,71,34
112,72,33
112,73,30
112,74,28
112,75,27
112,76,29
112,77,31
112,78,32
112,79,31
112,80,36
112,81,64
112,82,94
112,83,100
112,84,90
112,85,85
112,86,98
112,87,115
112,88,100
112,89,97
112,90,90
112,91,82
112,92,71
112,93,61
112,94,53
112,95,48
112,96,43
112,97,43
112,98,44
112,99,45
112,100,46
112,101,46
112,102,47
112,103,48
112,104,41
112,105,42
112,106,43
112,107,45
112,108,46
112,109,48
112,110,49
112,111,50
112,112,52
112,113,52
112,114,50
112,115,49
112,116,47
112,117,46
112,118,44
112,119,44
112,120,33
112,121,31
112,122,32
112,123,39
112,124,55
112,125,77
112,126,98
112,127,112
112,128,128
112,129,130
112,130,133
112,131,135
112,132,135
112,133,132
112,134,128
112,135,126
112,136,128
112,137,133
112,138,133
112,139,123
112,140,107
112,141,97
112,142,97
112,143,102
112,144,94
112,145,86
112,146,72
112,147,58
112,148,49
112,149,45
113,0,186
113,1,165
113,2,158
113,3,172
113,4,178
113,5,166
113,6,158
113,7,162
113,8,168
113,9,168
113,10,168
113,11,168
113,12,168
113,13,168
113,14,168
113,15,168
113,16,172
113,17,171
113,18,170
113,19,169
113,20,167
113,21,166
113,22,165
113,23,164
113,24,171
113,25,173
113,26,175
113,27,176
113,28,174
113,29,170
113,30,165
113,31,162
113,32,157
113,33,157
113,34,156
113,35,149
113,36,132
113,37,103
113,38,71
113,39,49
113,40,47
113,41,46
113,42,44
113,43,42
113,44,39
113,45,37
113,46,35
113,47,34
113,48,28
113,49,28
113,50,28
113,51,28
113,52,28
113,53,28
113,54,28
113,55,28
113,56,31
113,57,31
113,58,31
113,59,31
113,60,30
113,61,30
113,62,30
113,63,30
113,64,39
113,65,36
113,66,31
113,67,29
113,68,29
113,69,31
113,70,34
113,71,35
113,72,30
113,73,32
113,74,33
113,75,31
113,76,28
113,77,30
113,78,37
113,79,43
113,80,51
113,81,71
113,82,93
113,83,100
113,84,95
113,85,92
113,86,99
113,87,109
113,88,95
113,89,92
113,90,85
113,91,77
113,92,68
113,93,59
113,94,53
113,95,49
113,96,46
113,97,46
113,98,46
113,99,46
113,100,45
113,101,45
113,102,45
113,103,45
113,104,42
113,105,42
113,106,43
113,107,45
113,108,46
113,109,48
113,110,49
113,111,49
113,112,52
113,113,51
113,114,50
113,115,49
113,116,47
113,117,46
113,118,45
113,119,44
113,120,36
113,121,35
113,122,35
113,123,41
113,124,56
113,125,77
113,126,98
113,127,112
113,128,123
113,129,126
113,130,131
113,131,134
113,132,135
113,133,134
113,134,131
113,135,129
113,136,129
113,137,134
113,138,134
113,139,123
113,140,108
113,141,97
113,142,97
113,143,102
113,144,95
113,145,87
113,146,73
113,147,59
113,148,50
113,149,46
114,0,187
114,1,166
114,2,157
114,3,170
114,4,176
114,5,165
114,6,159
114,7,164
114,8,168
114,9,168
114,10,168
114,11,168
114,12,168
114,13,168
114,14,168
114,15,168
114,16,170
114,17,170
114,18,169
114,19,168
114,20,168
114,21,167
114,22,166
114,23,166
114,24,167
114,25,169
114,26,172
114,27,174
114,28,174
114,29,171
114,30,167
114,31,164
114,32,153
114,33,153
114,34,149
114,35,134
114,36,107
114,37,76
114,38,49
114,39,33
114,40,46
114,41,45
114,42,44
114,43,42
114,44,39
114,45,37
114,46,36
114,47,35
114,48,30
114,49,30
114,50,30
114,51,30
114,52,30
114,53,30
114,54,30
114,55,30
114,56,31
114,57,31
114,58,31
114,59,31
114,60,31
114,61,32
114,62,32
114,63,32
114,64,44
114,65,42
114,66,38
114,67,32
114,68,28
114,69,29
114,70,33
114,71,38
114,72,27
114,73,36
114,74,41
114,75,36
114,76,27
114,77,29
114,78,45
114,79,62
114,80,74
114,81,82
114,82,92
114,83,100
114,84,102
114,85,101
114,86,100
114,87,99
114,88,87
114,89,84
114,90,78
114,91,70
114,92,63
114,93,57
114,94,53
114,95,51
114,96,52
114,97,51
114,98,49
114,99,47
114,100,45
114,101,43
114,102,42
114,103,41
114,104,43
114,105,43
114,106,44
114,107,45
114,108,46
114,109,47
114,110,48
114,111,48
114,112,50
114,113,50
114,114,49
114,115,48
114,116,48
114,117,47
114,118,46
114,119,46
114,120,42
114,121,40
114,122,39
114,123,44
114,124,57
114,125,77
114,126,97
114,127,110
114,128,117
114,129,121
114,130,127
114,131,132
114,132,136
114,133,136
114,134,135
114,135,134
114,136,131
114,137,136
114,138,135
114,139,125
114,140,108
114,141,97
114,142,97
114,143,101
114,144,97
114,145,88
114,146,74
114,147,61
114,148,51
114,149,48
115,0,189
115,1,167
115,2,157
115,3,168
115,4,174
115,5,164
115,6,159
115,7,166
115,8,168
115,9,168
115,10,168
115,11,168
115,12,168
115,13,168
115,14,168
115,15,168
115,16,169
115,17,169
115,18,168
115,19,168
115,20,168
115,21,168
115,22,167
115,23,167
115,24,164
115,25,167
115,26,170
115,27,173
115,28,173
115,29,171
115,30,167
115,31,165
115,32,163
115,33,155
115,34,138
115,35,111
115,36,81
115,37,56
115,38,42
115,39,37
115,40,44
115,41,44
115,42,43
115,43,41
115,44,40
115,45,38
115,46,37
115,47,37
115,48,32
115,49,32
115,50,32
115,51,32
115,52,32
115,53,32
115,54,32
115,55,32
115,56,30
115,57,31
115,58,31
115,59,32
115,60,33
115,61,34
115,62,34
115,63,34
115,64,48
115,65,48
115,66,44
115,67,36
115,68,27
115,69,27
115,70,35
115,71,44
115,72,30
115,73,42
115,74,49
115,75,41
115,76,27
115,77,31
115,78,55
115,79,80
115,80,96
115,81,92
115,82,92
115,83,99
115,84,108
115,85,109
115,86,100
115,87,91
115,88,83
115,89,79
115,90,72
115,91,64
115,92,58
115,93,54
115,94,53
115,95,52
115,96,56
115,97,54
115,98,52
115,99,49
115,100,46
115,101,43
115,102,40
115,103,39
115,104,45
115,105,45
115,106,45
115,107,45
115,108,46
115,109,46
115,110,46
115,111,46
115,112,49
115,113,49
115,114,48
115,115,48
115,116,48
115,117,48
115,118,47
115,119,47
115,120,47
115,121,44
115,122,42
115,123,45
115,124,56
115,125,75
115,126,93
115,127,105
115,128,111
115,129,115
115,130,123
115,131,130
115,132,136
115,133,138
115,134,138
115,135,138
115,136,134
115,137,138
115,138,137
115,139,126
115,140,109
115,141,97
115,142,97
115,143,101
115,144,99
115,145,90
115,146,77
115,147,63
115,148,54
115,149,50
116,0,192
116,1,167
116,2,156
116,3,166
116,4,172
116,5,163
116,6,160
116,7,168
116,8,168
116,9,168
116,10,168
116,11,168
116,12,168
116,13,168
116,14,168
116,15,168
116,16,167
116,17,167
116,18,168
116,19,168
116,20,168
116,21,168
116,22,169
116,23,169
116,24,164
116,25,167
116,26,170
116,27,172
116,28,171
116,29,168
116,30,165
116,31,162
116,32,175
116,33,153
116,34,119
116,35,85
116,36,61
116,37,51
116,38,50
116,39,52
116,40,43
116,41,42
116,42,42
116,43,41
116,44,40
116,45,39
116,46,39
116,47,38
116,48,34
116,49,34
116,50,34
116,51,34
116,52,34
116,53,34
116,54,34
116,55,34
116,56,30
116,57,30
116,58,31
116,59,33
116,60,34
116,61,36
116,62,37
116,63,37
116,64,49
116,65,52
116,66,50
116,67,39
116,68,27
116,69,27
116,70,41
116,71,55
116,72,42
116,73,51
116,74,55
116,75,43
116,76,30
116,77,36
116,78,64
116,79,91
116,80,109
116,81,99
116,82,93
116,83,99
116,84,110
116,85,112
116,86,100
116,87,87
116,88,84
116,89,78
116,90,70
116,91,61
116,92,55
116,93,52
116,94,52
116,95,53
116,96,57
116,97,56
116,98,53
116,99,50
116,100,47
116,101,44
116,102,42
116,103,40
116,104,46
116,105,46
116,106,46
116,107,46
116,108,45
116,109,45
116,110,45
116,111,45
116,112,47
116,113,47
116,114,48
116,115,48
116,116,48
116,117,48
116,118,49
116,119,49
116,120,50
116,121,46
116,122,42
116,123,44
116,124,53
116,125,69
116,126,87
116,127,98
116,128,108
116,129,113
116,130,121
116,131,129
116,132,135
116,133,138
116,134,138
116,135,138
116,136,137
116,137,141
116,138,140
116,139,127
116,140,110
116,141,98
116,142,96
116,143,100
116,144,101
116,145,93
116,146,79
116,147,65
116,148,56
116,149,52
117,0,194
117,1,168
117,2,155
117,3,164
117,4,170
117,5,162
117,6,161
117,7,170
117,8,168
117,9,168
117,10,168
117,11,168
117,12,168
117,13,168
117,14,168
117,15,168
117,16,166
117,17,166
117,18,167
117,19,168
117,20,168
117,21,169
117,22,170
117,23,170
117,24,168
117,25,170
117,26,172
117,27,172
117,28,169
117,29,165
117,30,159
117,31,156
117,32,166
117,33,134
117,34,90
117,35,60
117,36,52
117,37,55
117,38,58
117,39,58
117,40,41
117,41,41
117,42,41
117,43,41
117,44,40
117,45,40
117,46,40
117,47,40
117,48,36
117,49,36
117,50,36
117,51,36
117,52,36
117,53,36
117,54,36
117,55,36
117,56,29
117,57,30
117,58,32
117,59,34
117,60,36
117,61,38
117,62,39
117,63,40
117,64,46
117,65,53
117,66,53
117,67,41
117,68,27
117,69,28
117,70,48
117,71,68
117,72,60
117,73,61
117,74,56
117,75,44
117,76,35
117,77,44
117,78,71
117,79,94
117,80,111
117,81,101
117,82,94
117,83,97
117,84,106
117,85,108
117,86,99
117,87,88
117,88,90
117,89,83
117,90,72
117,91,61
117,92,54
117,93,51
117,94,52
117,95,53
117,96,55
117,97,54
117,98,53
117,99,51
117,100,49
117,101,47
117,102,45
117,103,44
117,104,48
117,105,48
117,106,47
117,107,46
117,108,45
117,109,44
117,110,43
117,111,43
117,112,46
117,113,46
117,114,47
117,115,48
117,116,48
117,117,49
117,118,50
117,119,50
117,120,50
117,121,45
117,122,40
117,123,40
117,124,47
117,125,62
117,126,78
117,127,88
117,128,109
117,129,113
117,130,120
117,131,128
117,132,133
117,133,136
117,134,136
117,135,136
117,136,140
117,137,143
117,138,142
117,139,129
117,140,110
117,141,98
117,142,96
117,143,100
117,144,103
117,145,95
117,146,81
117,147,68
117,148,58
117,149,54
118,0,195
118,1,169
118,2,154
118,3,163
118,4,168
118,5,162
118,6,162
118,7,171
118,8,168
118,9,168
118,10,168
118,11,168
118,12,168
118,13,168
118,14,168
118,15,168
118,16,164
118,17,165
118,18,166
118,19,167
118,20,169
118,21,170
118,22,171
118,23,172
118,24,173
118,25,174
118,26,174
118,27,172
118,28,167
118,29,161
118,30,154
118,31,149
118,32,136
118,33,100
118,34,59
118,35,43
118,36,53
118,37,62
118,38,57
118,39,46
118,40,40
118,41,40
118,42,40
118,43,40
118,44,41
118,45,41
118,46,41
118,47,41
118,48,38
118,49,38
118,50,38
118,51,38
118,52,38
118,53,38
118,54,38
118,55,38
118,56,29
118,57,30
118,58,32
118,59,34
118,60,37
118,61,39
118,62,41
118,63,42
118,64,42
118,65,51
118,66,54
118,67,42
118,68,28
118,69,31
118,70,55
118,71,80
118,72,78
118,73,70
118,74,55
118,75,42
118,76,40
118,77,52
118,78,74
118,79,92
118,80,106
118,81,100
118,82,96
118,83,96
118,84,100
118,85,101
118,86,97
118,87,93
118,88,99
118,89,90
118,90,77
118,91,63
118,92,54
118,93,51
118,94,52
118,95,53
118,96,51
118,97,51
118,98,51
118,99,51
118,100,50
118,101,50
118,102,50
118,103,50
118,104,49
118,105,49
118,106,48
118,107,46
118,108,45
118,109,43
118,110,42
118,111,42
118,112,44
118,113,45
118,114,46
118,115,47
118,116,49
118,117,50
118,118,51
118,119,52
118,120,48
118,121,43
118,122,37
118,123,35
118,124,42
118,125,55
118,126,70
118,127,80
118,128,111
118,129,115
118,130,121
118,131,128
118,132,132
118,133,133
118,134,132
118,135,132
118,136,142
118,137,145
118,138,143
118,139,130
118,140,111
118,141,98
118,142,96
118,143,99
118,144,105
118,145,97
118,146,83
118,147,69
118,148,60
118,149,56
119,0,196
119,1,169
119,2,154
119,3,162
119,4,168
119,5,161
119,6,162
119,7,172
119,8,168
119,9,168
119,10,168
119,11,168
119,12,168
119,13,168
119,14,168
119,15,168
119,16,164
119,17,164
119,18,166
119,19,167
119,20,169
119,21,170
119,22,172
119,23,172
119,24,176
119,25,177
119,26,176
119,27,172
119,28,166
119,29,158
119,30,150
119,31,145
119,32,108
119,33,72
119,34,37
119,35,35
119,36,56
119,37,67
119,38,52
119,39,30
119,40,39
119,41,39
119,42,40
119,43,40
119,44,41
119,45,41
119,46,42
119,47,42
119,48,39
119,49,39
119,50,39
119,51,39
119,52,39
119,53,39
119,54,39
119,55,39
119,56,29
119,57,30
119,58,32
119,59,34
119,60,37
119,61,40
119,62,42
119,63,43
119,64,40
119,65,50
119,66,55
119,67,43
119,68,28
119,69,33
119,70,60
119,71,87
119,72,90
119,73,75
119,74,54
119,75,41
119,76,43
119,77,58
119,78,76
119,79,88
119,80,101
119,81,99
119,82,97
119,83,96
119,84,96
119,85,97
119,86,96
119,87,96
119,88,105
119,89,95
119,90,80
119,91,65
119,92,54
119,93,51
119,94,51
119,95,53
119,96,48
119,97,49
119,98,50
119,99,50
119,100,51
119,101,52
119,102,53
119,103,53
119,104,50
119,105,49
119,106,48
119,107,46
119,108,45
119,109,43
119,110,42
119,111,41
119,112,44
119,113,44
119,114,46
119,115,47
119,116,49
119,117,50
119,118,52
119,119,52
119,120,47
119,121,42
119,122,35
119,123,32
119,124,38
119,125,50
119,126,65
119,127,74
119,128,113
119,129,117
119,130,122
119,131,128
119,132,131
119,133,131
119,134,130
119,135,129
119,136,143
119,137,146
119,138,144
119,139,131
119,140,111
119,141,98
119,142,96
119,143,99
119,144,106
119,145,97
119,146,84
119,147,70
119,148,61
119,149,57
120,0,184
120,1,165
120,2,166
120,3,166
120,4,151
120,5,161
120,6,179
120,7,171
120,8,172
120,9,172
120,10,170
120,11,169
120,12,167
120,13,166
120,14,164
120,15,164
120,16,172
120,17,171
120,18,171
120,19,171
120,20,170
120,21,170
120,22,170
120,23,169
120,24,172
120,25,173
120,26,178
120,27,184
120,28,181
120,29,163
120,30,132
120,31,108
120,32,53
120,33,52
120,34,49
120,35,45
120,36,41
120,37,38
120,38,35
120,39,34
120,40,36
120,41,37
120,42,38
120,43,40
120,44,41
120,45,43
120,46,44
120,47,45
120,48,44
120,49,43
120,50,41
120,51,39
120,52,37
120,53,35
120,54,33
120,55,32
120,56,34
120,57,32
120,58,29
120,59,28
120,60,30
120,61,36
120,62,42
120,63,46
120,64,47
120,65,46
120,66,42
120,67,36
120,68,35
120,69,50
120,70,76
120,71,97
120,72,77
120,73,68
120,74,56
120,75,48
120,76,48
120,77,56
120,78,68
120,79,77
120,80,100
120,81,97
120,82,93
120,83,91
120,84,90
120,85,93
120,86,96
120,87,98
120,88,96
120,89,87
120,90,72
120,91,58
120,92,49
120,93,46
120,94,48
120,95,50
120,96,41
120,97,42
120,98,43
120,99,45
120,100,46
120,101,48
120,102,49
120,103,50
120,104,46
120,105,46
120,106,46
120,107,45
120,108,45
120,109,44
120,110,44
120,111,44
120,112,54
120,113,52
120,114,50
120,115,48
120,116,49
120,117,53
120,118,57
120,119,60
120,120,51
120,121,46
120,122,39
120,123,35
120,124,35
120,125,40
120,126,48
120,127,53
120,128,71
120,129,92
120,130,119
120,131,134
120,132,136
120,133,131
120,134,130
120,135,131
120,136,139
120,137,135
120,138,128
120,139,119
120,140,109
120,141,100
120,142,93
120,143,89
120,144,104
120,145,98
120,146,87
120,147,75
120,148,64
120,149,57
121,0,184
121,1,165
121,2,167
121,3,166
121,4,152
121,5,161
121,6,178
121,7,170
121,8,172
121,9,171
121,10,170
121,11,169
121,12,167
121,13,166
121,14,165
121,15,164
121,16,169
121,17,169
121,18,170
121,19,170
121,20,171
121,21,171
121,22,172
121,23,172
121,24,167
121,25,168
121,26,171
121,27,175
121,28,171
121,29,150
121,30,118
121,31,93
121,32,49
121,33,48
121,34,46
121,35,44
121,36,42
121,37,40
121,38,38
121,39,37
121,40,37
121,41,37
121,42,38
121,43,40
121,44,41
121,45,43
121,46,44
121,47,44
121,48,44
121,49,43
121,50,41
121,51,39
121,52,37
121,53,35
121,54,33
121,55,32
121,56,34
121,57,32
121,58,30
121,59,30
121,60,32
121,61,37
121,62,42
121,63,46
121,64,46
121,65,46
121,66,42
121,67,36
121,68,35
121,69,49
121,70,74
121,71,95
121,72,81
121,73,71
121,74,55
121,75,45
121,76,45
121,77,55
121,78,71
121,79,81
121,80,102
121,81,99
121,82,94
121,83,90
121,84,88
121,85,88
121,86,90
121,87,92
121,88,87
121,89,79
121,90,67
121,91,55
121,92,47
121,93,46
121,94,48
121,95,50
121,96,42
121,97,42
121,98,43
121,99,45
121,100,46
121,101,48
121,102,49
121,103,49
121,104,46
121,105,46
121,106,46
121,107,46
121,108,45
121,109,45
121,110,45
121,111,45
121,112,54
121,113,52
121,114,50
121,115,48
121,116,49
121,117,53
121,118,57
121,119,60
121,120,54
121,121,49
121,122,41
121,123,35
121,124,34
121,125,38
121,126,44
121,127,49
121,128,71
121,129,92
121,130,119
121,131,135
121,132,137
121,133,133
121,134,132
121,135,133
121,136,137
121,137,133
121,138,126
121,139,117
121,140,107
121,141,98
121,142,92
121,143,88
121,144,103
121,145,97
121,146,87
121,147,77
121,148,67
121,149,62
122,0,183
122,1,166
122,2,169
122,3,168
122,4,153
122,5,161
122,6,176
122,7,167
122,8,170
122,9,170
122,10,169
122,11,168
122,12,168
122,13,167
122,14,166
122,15,166
122,16,166
122,17,166
122,18,168
122,19,170
122,20,171
122,21,173
122,22,175
122,23,175
122,24,166
122,25,165
122,26,166
122,27,167
122,28,159
122,29,136
122,30,101
122,31,75
122,32,42
122,33,42
122,34,42
122,35,42
122,36,42
122,37,42
122,38,42
122,39,42
122,40,38
122,41,38
122,42,39
122,43,40
122,44,41
122,45,42
122,46,43
122,47,43
122,48,44
122,49,43
122,50,41
122,51,39
122,52,37
122,53,35
122,54,33
122,55,32
122,56,34
122,57,33
122,58,33
122,59,33
122,60,35
122,61,39
122,62,43
122,63,46
122,64,45
122,65,46
122,66,43
122,67,37
122,68,36
122,69,48
122,70,72
122,71,91
122,72,89
122,73,75
122,74,55
122,75,41
122,76,41
122,77,55
122,78,75
122,79,89
122,80,106
122,81,102
122,82,95
122,83,88
122,84,83
122,85,81
122,86,81
122,87,82
122,88,73
122,89,67
122,90,58
122,91,50
122,92,45
122,93,45
122,94,48
122,95,50
122,96,43
122,97,43
122,98,44
122,99,45
122,100,46
122,101,47
122,102,48
122,103,48
122,104,46
122,105,46
122,106,46
122,107,46
122,108,46
122,109,47
122,110,47
122,111,47
122,112,54
122,113,52
122,114,50
122,115,48
122,116,49
122,117,53
122,118,57
122,119,60
122,120,59
122,121,53
122,122,44
122,123,35
122,124,32
122,125,34
122,126,38
122,127,42
122,128,68
122,129,90
122,130,117
122,131,134
122,132,137
122,133,134
122,134,134
122,135,136
122,136,134
122,137,130
122,138,123
122,139,115
122,140,106
122,141,97
122,142,91
122,143,87
122,144,102
122,145,97
122,146,88
122,147,79
122,148,72
122,149,68
123,0,183
123,1,166
123,2,170
123,3,171
123,4,155
123,5,161
123,6,174
123,7,164
123,8,169
123,9,169
123,10,168
123,11,168
123,12,168
123,13,168
123,14,167
123,15,167
123,16,164
123,17,165
123,18,167
123,19,169
123,20,172
123,21,174
123,22,176
123,23,177
123,24,171
123,25,169
123,26,168
123,27,166
123,28,155
123,29,129
123,30,92
123,31,65
123,32,36
123,33,37
123,34,38
123,35,40
123,36,42
123,37,44
123,38,45
123,39,46
123,40,40
123,41,40
123,42,40
123,43,40
123,44,41
123,45,41
123,46,41
123,47,41
123,48,44
123,49,43
123,50,41
123,51,39
123,52,37
123,53,35
123,54,33
123,55,32
123,56,34
123,57,35
123,58,36
123,59,37
123,60,39
123,61,42
123,62,45
123,63,46
123,64,43
123,65,45
123,66,44
123,67,38
123,68,36
123,69,47
123,70,69
123,71,87
123,72,95
123,73,78
123,74,55
123,75,39
123,76,39
123,77,55
123,78,78
123,79,95
123,80,108
123,81,103
123,82,94
123,83,85
123,84,77
123,85,73
123,86,71
123,87,71
123,88,60
123,89,56
123,90,51
123,91,46
123,92,44
123,93,45
123,94,48
123,95,50
123,96,45
123,97,45
123,98,45
123,99,45
123,100,46
123,101,46
123,102,46
123,103,46
123,104,45
123,105,46
123,106,46
123,107,47
123,108,48
123,109,49
123,110,49
123,111,49
123,112,54
123,113,52
123,114,50
123,115,48
123,116,49
123,117,53
123,118,57
123,119,60
123,120,63
123,121,56
123,122,45
123,123,35
123,124,30
123,125,30
123,126,33
123,127,36
123,128,63
123,129,85
123,130,114
123,131,132
123,132,136
123,133,134
123,134,135
123,135,137
123,136,132
123,137,128
123,138,122
123,139,114
123,140,106
123,141,98
123,142,92
123,143,89
123,144,102
123,145,97
123,146,89
123,147,81
123,148,75
123,149,72
124,0,183
124,1,167
124,2,172
124,3,173
124,4,157
124,5,161
124,6,172
124,7,160
124,8,167
124,9,167
124,10,168
124,11,168
124,12,168
124,13,168
124,14,169
124,15,169
124,16,166
124,17,167
124,18,168
124,19,170
124,20,171
124,21,173
124,22,174
124,23,175
124,24,179
124,25,176
124,26,173
124,27,169
124,28,156
124,29,128
124,30,90
124,31,62
124,32,34
124,33,35
124,34,36
124,35,39
124,36,41
124,37,43
124,38,45
124,39,46
124,40,41
124,41,41
124,42,41
124,43,41
124,44,40
124,45,40
124,46,40
124,47,40
124,48,44
124,49,43
124,50,41
124,51,39
124,52,37
124,53,35
124,54,33
124,55,32
124,56,35
124,57,36
124,58,39
124,59,42
124,60,44
124,61,45
124,62,46
124,63,47
124,64,42
124,65,44
124,66,44
124,67,39
124,68,37
124,69,46
124,70,65
124,71,81
124,72,97
124,73,81
124,74,58
124,75,41
124,76,41
124,77,58
124,78,81
124,79,97
124,80,107
124,81,101
124,82,91
124,83,81
124,84,72
124,85,66
124,86,64
124,87,63
124,88,52
124,89,50
124,90,47
124,91,45
124,92,44
124,93,45
124,94,47
124,95,49
124,96,46
124,97,46
124,98,46
124,99,46
124,100,45
124,101,45
124,102,45
124,103,45
124,104,45
124,105,45
124,106,46
124,107,48
124,108,49
124,109,51
124,110,52
124,111,52
124,112,54
124,113,52
124,114,50
124,115,48
124,116,49
124,117,53
124,118,57
124,119,60
124,120,64
124,121,56
124,122,45
124,123,34
124,124,28
124,125,28
124,126,31
124,127,33
124,128,55
124,129,78
124,130,107
124,131,127
124,132,132
124,133,132
124,134,133
124,135,136
124,136,132
124,137,129
124,138,124
124,139,116
124,140,109
124,141,101
124,142,96
124,143,93
124,144,102
124,145,97
124,146,89
124,147,81
124,148,75
124,149,72
125,0,182
125,1,167
125,2,174
125,3,175
125,4,158
125,5,161
125,6,170
125,7,156
125,8,166
125,9,166
125,10,167
125,11,168
125,12,168
125,13,169
125,14,170
125,15,170
125,16,171
125,17,171
125,18,171
125,19,171
125,20,170
125,21,170
125,22,170
125,23,170
125,24,178
125,25,175
125,26,171
125,27,167
125,28,154
125,29,125
125,30,86
125,31,58
125,32,34
125,33,35
125,34,36
125,35,38
125,36,40
125,37,42
125,38,43
125,39,44
125,40,43
125,41,43
125,42,42
125,43,41
125,44,40
125,45,39
125,46,38
125,47,38
125,48,44
125,49,43
125,50,41
125,51,39
125,52,37
125,53,35
125,54,33
125,55,32
125,56,35
125,57,38
125,58,42
125,59,46
125,60,48
125,61,48
125,62,48
125,63,47
125,64,40
125,65,44
125,66,45
125,67,41
125,68,38
125,69,45
125,70,62
125,71,77
125,72,95
125,73,81
125,74,61
125,75,47
125,76,47
125,77,61
125,78,81
125,79,95
125,80,102
125,81,97
125,82,87
125,83,76
125,84,68
125,85,62
125,86,60
125,87,59
125,88,51
125,89,50
125,90,48
125,91,47
125,92,46
125,93,46
125,94,47
125,95,47
125,96,48
125,97,48
125,98,47
125,99,46
125,100,45
125,101,44
125,102,43
125,103,43
125,104,44
125,105,45
125,106,47
125,107,49
125,108,51
125,109,53
125,110,54
125,111,55
125,112,54
125,113,52
125,114,50
125,115,48
125,116,49
125,117,53
125,118,57
125,119,60
125,120,61
125,121,54
125,122,43
125,123,33
125,124,28
125,125,28
125,126,31
125,127,34
125,128,45
125,129,68
125,130,99
125,131,119
125,132,126
125,133,127
125,134,129
125,135,132
125,136,135
125,137,132
125,138,127
125,139,121
125,140,113
125,141,107
125,142,102
125,143,99
125,144,102
125,145,97
125,146,88
125,147,79
125,148,72
125,149,68
126,0,182
126,1,168
126,2,175
126,3,177
126,4,160
126,5,161
126,6,168
126,7,153
126,8,164
126,9,165
126,10,166
126,11,167
126,12,169
126,13,170
126,14,171
126,15,172
126,16,176
126,17,176
126,18,174
126,19,172
126,20,169
126,21,167
126,22,165
126,23,165
126,24,167
126,25,164
126,26,161
126,27,157
126,28,144
126,29,115
126,30,77
126,31,49
126,32,37
126,33,37
126,34,37
126,35,38
126,36,38
126,37,39
126,38,39
126,39,39
126,40,44
126,41,44
126,42,43
126,43,41
126,44,40
126,45,38
126,46,37
126,47,37
126,48,44
126,49,43
126,50,41
126,51,39
126,52,37
126,53,35
126,54,33
126,55,32
126,56,35
126,57,39
126,58,44
126,59,49
126,60,51
126,61,51
126,62,49
126,63,47
126,64,39
126,65,43
126,66,45
126,67,42
126,68,38
126,69,44
126,70,59
126,71,73
126,72,91
126,73,81
126,74,65
126,75,55
126,76,55
126,77,65
126,78,81
126,79,91
126,80,97
126,81,92
126,82,82
126,83,73
126,84,65
126,85,60
126,86,58
126,87,57
126,88,53
126,89,53
126,90,52
126,91,51
126,92,49
126,93,48
126,94,46
126,95,46
126,96,49
126,97,49
126,98,48
126,99,46
126,100,45
126,101,43
126,102,42
126,103,42
126,104,44
126,105,45
126,106,47
126,107,49
126,108,52
126,109,54
126,110,56
126,111,57
126,112,54
126,113,52
126,114,50
126,115,48
126,116,49
126,117,53
126,118,57
126,119,60
126,120,57
126,121,50
126,122,40
126,123,32
126,124,27
126,125,29
126,126,33
126,127,36
126,128,36
126,129,59
126,130,90
126,131,112
126,132,120
126,133,121
126,134,124
126,135,128
126,136,139
126,137,137
126,138,132
126,139,126
126,140,119
126,141,113
126,142,108
126,143,105
126,144,103
126,145,97
126,146,87
126,147,77
126,148,67
126,149,62
127,0,182
127,1,168
127,2,176
127,3,178
127,4,160
127,5,161
127,6,167
127,7,152
127,8,164
127,9,164
127,10,166
127,11,167
127,12,169
127,13,170
127,14,172
127,15,172
127,16,180
127,17,179
127,18,176
127,19,172
127,20,169
127,21,165
127,22,162
127,23,161
127,24,156
127,25,153
127,26,151
127,27,147
127,28,135
127,29,106
127,30,68
127,31,41
127,32,39
127,33,39
127,34,38
127,35,38
127,36,37
127,37,37
127,38,37
127,39,36
127,40,45
127,41,44
127,42,43
127,43,41
127,44,40
127,45,38
127,46,37
127,47,36
127,48,44
127,49,43
127,50,41
127,51,39
127,52,37
127,53,35
127,54,33
127,55,32
127,56,35
127,57,39
127,58,45
127,59,51
127,60,53
127,61,52
127,62,49
127,63,47
127,64,38
127,65,43
127,66,46
127,67,42
127,68,38
127,69,43
127,70,58
127,71,71
127,72,88
127,73,80
127,74,68
127,75,59
127,76,59
127,77,68
127,78,80
127,79,88
127,80,93
127,81,88
127,82,80
127,83,71
127,84,63
127,85,59
127,86,58
127,87,58
127,88,56
127,89,56
127,90,55
127,91,54
127,92,51
127,93,49
127,94,46
127,95,45
127,96,50
127,97,49
127,98,48
127,99,46
127,100,45
127,101,43
127,102,42
127,103,41
127,104,44
127,105,45
127,106,47
127,107,49
127,108,52
127,109,55
127,110,57
127,111,58
127,112,54
127,113,52
127,114,50
127,115,48
127,116,49
127,117,53
127,118,57
127,119,60
127,120,54
127,121,48
127,122,38
127,123,31
127,124,28
127,125,30
127,126,35
127,127,38
127,128,30
127,129,54
127,130,85
127,131,107
127,132,116
127,133,118
127,134,121
127,135,125
127,136,142
127,137,139
127,138,135
127,139,129
127,140,122
127,141,116
127,142,112
127,143,109
127,144,104
127,145,98
127,146,87
127,147,75
127,148,64
127,149,57
128,0,189
128,1,165
128,2,164
128,3,168
128,4,160
128,5,168
128,6,174
128,7,156
128,8,173
128,9,169
128,10,164
128,11,161
128,12,163
128,13,170
128,14,178
128,15,184
128,16,176
128,17,175
128,18,172
128,19,166
128,20,157
128,21,147
128,22,138
128,23,133
128,24,127
128,25,140
128,26,154
128,27,155
128,28,135
128,29,98
128,30,58
128,31,32
128,32,39
128,33,39
128,34,39
128,35,39
128,36,38
128,37,38
128,38,38
128,39,38
128,40,37
128,41,39
128,42,42
128,43,43
128,44,42
128,45,39
128,46,34
128,47,31
128,48,31
128,49,31
128,50,31
128,51,31
128,52,31
128,53,31
128,54,31
128,55,31
128,56,38
128,57,41
128,58,45
128,59,48
128,60,48
128,61,47
128,62,43
128,63,41
128,64,33
128,65,38
128,66,40
128,67,36
128,68,30
128,69,32
128,70,43
128,71,55
128,72,71
128,73,66
128,74,60
128,75,57
128,76,60
128,77,68
128,78,78
128,79,85
128,80,82
128,81,83
128,82,83
128,83,80
128,84,75
128,85,68
128,86,61
128,87,56
128,88,58
128,89,55
128,90,52
128,91,49
128,92,49
128,93,52
128,94,55
128,95,58
128,96,49
128,97,50
128,98,51
128,99,53
128,100,54
128,101,56
128,102,57
128,103,58
128,104,58
128,105,58
128,106,58
128,107,59
128,108,61
128,109,63
128,110,65
128,111,66
128,112,55
128,113,52
128,114,48
128,115,45
128,116,44
128,117,46
128,118,49
128,119,52
128,120,50
128,121,47
128,122,41
128,123,37
128,124,34
128,125,35
128,126,37
128,127,38
128,128,29
128,129,39
128,130,60
128,131,92
128,132,121
128,133,135
128,134,132
128,135,123
128,136,134
128,137,131
128,138,125
128,139,119
128,140,115
128,141,112
128,142,111
128,143,110
128,144,95
128,145,89
128,146,81
128,147,71
128,148,62
128,149,55
129,0,189
129,1,165
129,2,164
129,3,168
129,4,160
129,5,168
129,6,174
129,7,156
129,8,166
129,9,167
129,10,167
129,11,167
129,12,166
129,13,164
129,14,162
129,15,161
129,16,169
129,17,171
129,18,171
129,19,167
129,20,155
129,21,137
129,22,120
129,23,109
129,24,116
129,25,135
129,26,155
129,27,158
129,28,135
129,29,96
129,30,57
129,31,34
129,32,42
129,33,41
129,34,40
129,35,39
129,36,37
129,37,36
129,38,35
129,39,34
129,40,37
129,41,39
129,42,41
129,43,43
129,44,42
129,45,38
129,46,34
129,47,31
129,48,31
129,49,31
129,50,31
129,51,31
129,52,31
129,53,31
129,54,31
129,55,31
129,56,37
129,57,39
129,58,44
129,59,47
129,60,48
129,61,46
129,62,43
129,63,41
129,64,33
129,65,38
129,66,42
129,67,39
129,68,34
129,69,36
129,70,48
129,71,59
129,72,67
129,73,63
129,74,57
129,75,55
129,76,57
129,77,65
129,78,74
129,79,80
129,80,81
129,81,82
129,82,82
129,83,80
129,84,75
129,85,68
129,86,61
129,87,56
129,88,57
129,89,55
129,90,51
129,91,49
129,92,49
129,93,51
129,94,55
129,95,57
129,96,49
129,97,50
129,98,51
129,99,52
129,100,54
129,101,55
129,102,56
129,103,57
129,104,57
129,105,58
129,106,58
129,107,59
129,108,61
129,109,62
129,110,64
129,111,65
129,112,53
129,113,50
129,114,47
129,115,44
129,116,44
129,117,46
129,118,49
129,119,52
129,120,47
129,121,44
129,122,39
129,123,34
129,124,32
129,125,32
129,126,34
129,127,36
129,128,30
129,129,39
129,130,59
129,131,89
129,132,119
129,133,133
129,134,131
129,135,124
129,136,132
129,137,131
129,138,129
129,139,125
129,140,120
129,141,115
129,142,111
129,143,108
129,144,95
129,145,90
129,146,80
129,147,69
129,148,59
129,149,53
130,0,189
130,1,165
130,2,164
130,3,168
130,4,160
130,5,168
130,6,174
130,7,156
130,8,160
130,9,165
130,10,170
130,11,173
130,12,170
130,13,161
130,14,151
130,15,144
130,16,162
130,17,164
130,18,165
130,19,158
130,20,142
130,21,118
130,22,94
130,23,80
130,24,99
130,25,125
130,26,155
130,27,160
130,28,134
130,29,93
130,30,56
130,31,36
130,32,45
130,33,44
130,34,42
130,35,39
130,36,36
130,37,33
130,38,30
130,39,29
130,40,36
130,41,38
130,42,41
130,43,42
130,44,41
130,45,37
130,46,33
130,47,30
130,48,31
130,49,31
130,50,31
130,51,31
130,52,31
130,53,31
130,54,31
130,55,31
130,56,34
130,57,37
130,58,41
130,59,45
130,60,46
130,61,45
130,62,42
130,63,41
130,64,32
130,65,39
130,66,45
130,67,44
130,68,41
130,69,43
130,70,54
130,71,65
130,72,61
130,73,58
130,74,53
130,75,51
130,76,53
130,77,60
130,78,67
130,79,72
130,80,79
130,81,80
130,82,80
130,83,79
130,84,74
130,85,68
130,86,61
130,87,57
130,88,56
130,89,54
130,90,50
130,91,48
130,92,48
130,93,50
130,94,54
130,95,56
130,96,50
130,97,50
130,98,51
130,99,52
130,100,53
130,101,54
130,102,54
130,103,55
130,104,56
130,105,57
130,106,59
130,107,60
130,108,61
130,109,62
130,110,61
130,111,61
130,112,50
130,113,48
130,114,44
130,115,42
130,116,42
130,117,45
130,118,49
130,119,51
130,120,44
130,121,41
130,122,35
130,123,31
130,124,28
130,125,29
130,126,31
130,127,32
130,128,31
130,129,38
130,130,56
130,131,85
130,132,114
130,133,130
130,134,131
130,135,125
130,136,128
130,137,130
130,138,133
130,139,133
130,140,128
130,141,119
130,142,110
130,143,104
130,144,95
130,145,88
130,146,77
130,147,65
130,148,55
130,149,49
131,0,189
131,1,165
131,2,164
131,3,168
131,4,160
131,5,168
131,6,174
131,7,156
131,8,162
131,9,166
131,10,172
131,11,175
131,12,174
131,13,167
131,14,160
131,15,154
131,16,159
131,17,156
131,18,149
131,19,135
131,20,116
131,21,95
131,22,76
131,23,64
131,24,83
131,25,114
131,26,148
131,27,157
131,28,133
131,29,92
131,30,57
131,31,39
131,32,47
131,33,46
131,34,43
131,35,38
131,36,34
131,37,30
131,38,27
131,39,25
131,40,35
131,41,37
131,42,40
131,43,41
131,44,40
131,45,36
131,46,32
131,47,29
131,48,31
131,49,31
131,50,31
131,51,31
131,52,31
131,53,31
131,54,31
131,55,31
131,56,30
131,57,33
131,58,38
131,59,42
131,60,44
131,61,44
131,62,42
131,63,40
131,64,32
131,65,41
131,66,49
131,67,50
131,68,46
131,69,49
131,70,59
131,71,68
131,72,56
131,73,54
131,74,51
131,75,49
131,76,50
131,77,55
131,78,60
131,79,64
131,80,77
131,81,78
131,82,78
131,83,77
131,84,73
131,85,67
131,86,61
131,87,57
131,88,55
131,89,53
131,90,49
131,91,47
131,92,47
131,93,49
131,94,53
131,95,55
131,96,50
131,97,50
131,98,51
131,99,51
131,100,51
131,101,52
131,102,52
131,103,52
131,104,55
131,105,57
131,106,59
131,107,62
131,108,62
131,109,60
131,110,58
131,111,56
131,112,46
131,113,44
131,114,41
131,115,40
131,116,40
131,117,44
131,118,48
131,119,51
131,120,41
131,121,38
131,122,33
131,123,28
131,124,26
131,125,26
131,126,28
131,127,30
131,128,33
131,129,38
131,130,52
131,131,79
131,132,108
131,133,127
131,134,130
131,135,127
131,136,124
131,137,129
131,138,135
131,139,137
131,140,132
131,141,121
131,142,109
131,143,101
131,144,92
131,145,85
131,146,72
131,147,59
131,148,50
131,149,46
132,0,189
132,1,165
132,2,164
132,3,168
132,4,160
132,5,168
132,6,174
132,7,156
132,8,170
132,9,170
132,10,172
132,11,173
132,12,174
132,13,175
132,14,176
132,15,176
132,16,155
132,17,144
132,18,126
132,19,105
132,20,88
132,21,76
132,22,69
132,23,67
132,24,75
132,25,102
132,26,134
132,27,146
132,28,130
132,29,95
132,30,62
132,31,42
132,32,46
132,33,44
132,34,41
132,35,37
132,36,33
132,37,28
132,38,25
132,39,24
132,40,34
132,41,36
132,42,38
132,43,40
132,44,39
132,45,35
132,46,31
132,47,28
132,48,31
132,49,31
132,50,31
132,51,31
132,52,31
132,53,31
132,54,31
132,55,31
132,56,26
132,57,29
132,58,35
132,59,40
132,60,42
132,61,42
132,62,41
132,63,39
132,64,33
132,65,42
132,66,52
132,67,53
132,68,49
132,69,50
132,70,57
132,71,66
132,72,54
132,73,52
132,74,50
132,75,49
132,76,50
132,77,52
132,78,56
132,79,58
132,80,74
132,81,75
132,82,76
132,83,76
132,84,73
132,85,67
132,86,61
132,87,58
132,88,54
132,89,52
132,90,48
132,91,46
132,92,46
132,93,48
132,94,52
132,95,54
132,96,51
132,97,51
132,98,50
132,99,50
132,100,50
132,101,49
132,102,49
132,103,49
132,104,53
132,105,56
132,106,60
132,107,63
132,108,63
132,109,59
132,110,54
132,111,51
132,112,42
132,113,40
132,114,38
132,115,37
132,116,38
132,117,42
132,118,47
132,119,50
132,120,41
132,121,38
132,122,33
132,123,28
132,124,26
132,125,26
132,126,28
132,127,30
132,128,35
132,129,37
132,130,48
132,131,72
132,132,101
132,133,122
132,134,130
132,135,129
132,136,122
132,137,126
132,138,132
132,139,134
132,140,130
132,141,119
132,142,106
132,143,98
132,144,86
132,145,78
132,146,65
132,147,53
132,148,46
132,149,45
133,0,189
133,1,165
133,2,164
133,3,168
133,4,160
133,5,168
133,6,174
133,7,156
133,8,173
133,9,173
133,10,172
133,11,171
133,12,172
133,13,173
133,14,174
133,15,175
133,16,138
133,17,125
133,18,104
133,19,83
133,20,71
133,21,68
133,22,72
133,23,75
133,24,76
133,25,92
133,26,114
133,27,129
133,28,126
133,29,101
133,30,68
133,31,44
133,32,42
133,33,41
133,34,38
133,35,35
133,36,32
133,37,29
133,38,27
133,39,26
133,40,33
133,41,35
133,42,37
133,43,39
133,44,38
133,45,34
133,46,30
133,47,27
133,48,31
133,49,31
133,50,31
133,51,31
133,52,31
133,53,31
133,54,31
133,55,31
133,56,22
133,57,26
133,58,32
133,59,37
133,60,41
133,61,41
133,62,40
133,63,39
133,64,34
133,65,44
133,66,54
133,67,55
133,68,49
133,69,46
133,70,51
133,71,58
133,72,54
133,73,53
133,74,52
133,75,52
133,76,52
133,77,53
133,78,54
133,79,55
133,80,71
133,81,72
133,82,74
133,83,74
133,84,72
133,85,67
133,86,62
133,87,58
133,88,53
133,89,51
133,90,47
133,91,45
133,92,45
133,93,47
133,94,51
133,95,53
133,96,51
133,97,51
133,98,50
133,99,49
133,100,48
133,101,47
133,102,47
133,103,46
133,104,52
133,105,55
133,106,61
133,107,64
133,108,63
133,109,58
133,110,51
133,111,47
133,112,38
133,113,37
133,114,35
133,115,34
133,116,36
133,117,41
133,118,46
133,119,49
133,120,44
133,121,41
133,122,35
133,123,31
133,124,28
133,125,29
133,126,31
133,127,32
133,128,37
133,129,37
133,130,44
133,131,66
133,132,95
133,133,119
133,134,129
133,135,131
133,136,121
133,137,123
133,138,126
133,139,126
133,140,121
133,141,113
133,142,103
133,143,98
133,144,77
133,145,68
133,146,56
133,147,46
133,148,42
133,149,45
134,0,189
134,1,165
134,2,164
134,3,168
134,4,160
134,5,168
134,6,174
134,7,156
134,8,169
134,9,171
134,10,173
134,11,173
134,12,167
134,13,158
134,14,148
134,15,142
134,16,111
134,17,102
134,18,89
134,19,77
134,20,71
134,21,72
134,22,76
134,23,80
134,24,82
134,25,84
134,26,95
134,27,112
134,28,122
134,29,108
134,30,75
134,31,46
134,32,37
134,33,36
134,34,35
134,35,34
134,36,32
134,37,31
134,38,30
134,39,29
134,40,32
134,41,34
134,42,36
134,43,38
134,44,37
134,45,33
134,46,29
134,47,26
134,48,31
134,49,31
134,50,31
134,51,31
134,52,31
134,53,31
134,54,31
134,55,31
134,56,19
134,57,23
134,58,29
134,59,35
134,60,39
134,61,40
134,62,39
134,63,38
134,64,36
134,65,46
134,66,55
134,67,55
134,68,47
134,69,41
134,70,43
134,71,48
134,72,55
134,73,55
134,74,55
134,75,55
134,76,55
134,77,54
134,78,54
134,79,54
134,80,69
134,81,71
134,82,73
134,83,73
134,84,71
134,85,67
134,86,62
134,87,59
134,88,52
134,89,50
134,90,46
134,91,44
134,92,44
134,93,46
134,94,50
134,95,52
134,96,52
134,97,51
134,98,50
134,99,49
134,100,47
134,101,46
134,102,45
134,103,44
134,104,50
134,105,55
134,106,61
134,107,65
134,108,64
134,109,57
134,110,49
134,111,43
134,112,36
134,113,34
134,114,32
134,115,32
134,116,35
134,117,40
134,118,45
134,119,49
134,120,47
134,121,44
134,122,39
134,123,34
134,124,32
134,125,32
134,126,34
134,127,36
134,128,38
134,129,36
134,130,41
134,131,61
134,132,90
134,133,116
134,134,129
134,135,133
134,136,122
134,137,121
134,138,119
134,139,115
134,140,110
134,141,105
134,142,101
134,143,98
134,144,68
134,145,60
134,146,48
134,147,40
134,148,40
134,149,47
135,0,189
135,1,165
135,2,164
135,3,168
135,4,160
135,5,168
135,6,174
135,7,156
135,8,163
135,9,169
135,10,175
135,11,175
135,12,164
135,13,143
135,14,122
135,15,107
135,16,90
135,17,87
135,18,83
135,19,79
135,20,77
135,21,77
135,22,79
135,23,81
135,24,87
135,25,80
135,26,83
135,27,101
135,28,120
135,29,113
135,30,79
135,31,47
135,32,33
135,33,33
135,34,33
135,35,33
135,36,32
135,37,32
135,38,32
135,39,32
135,40,31
135,41,33
135,42,36
135,43,37
135,44,36
135,45,33
135,46,28
135,47,25
135,48,31
135,49,31
135,50,31
135,51,31
135,52,31
135,53,31
135,54,31
135,55,31
135,56,18
135,57,22
135,58,28
135,59,34
135,60,38
135,61,40
135,62,39
135,63,38
135,64,37
135,65,47
135,66,56
135,67,54
135,68,45
135,69,37
135,70,37
135,71,41
135,72,57
135,73,57
135,74,58
135,75,58
135,76,57
135,77,56
135,78,55
135,79,54
135,80,68
135,81,70
135,82,72
135,83,73
135,84,71
135,85,67
135,86,62
135,87,59
135,88,52
135,89,49
135,90,46
135,91,43
135,92,43
135,93,46
135,94,49
135,95,52
135,96,52
135,97,51
135,98,50
135,99,48
135,100,47
135,101,45
135,102,44
135,103,43
135,104,50
135,105,55
135,106,62
135,107,66
135,108,64
135,109,57
135,110,47
135,111,41
135,112,34
135,113,33
135,114,31
135,115,31
135,116,34
135,117,39
135,118,45
135,119,49
135,120,50
135,121,47
135,122,41
135,123,37
135,124,34
135,125,35
135,126,37
135,127,38
135,128,39
135,129,36
135,130,40
135,131,58
135,132,88
135,133,114
135,134,129
135,135,133
135,136,122
135,137,119
135,138,113
135,139,108
135,140,103
135,141,100
135,142,99
135,143,99
135,144,62
135,145,54
135,146,44
135,147,37
135,148,38
135,149,48
136,0,185
136,1,163
136,2,163
136,3,169
136,4,163
136,5,174
136,6,181
136,7,163
136,8,156
136,9,171
136,10,183
136,11,176
136,12,148
136,13,117
136,14,95
136,15,87
136,16,63
136,17,65
136,18,67
136,19,69
136,20,68
136,21,64
136,22,60
136,23,57
136,24,81
136,25,79
136,26,74
136,27,84
136,28,116
136,29,135
136,30,107
136,31,64
136,32,54
136,33,43
136,34,32
136,35,30
136,36,35
136,37,38
136,38,34
136,39,28
136,40,43
136,41,42
136,42,41
136,43,39
136,44,38
136,45,36
136,46,35
136,47,34
136,48,26
136,49,26
136,50,27
136,51,27
136,52,28
136,53,28
136,54,29
136,55,29
136,56,35
136,57,36
136,58,37
136,59,39
136,60,42
136,61,44
136,62,45
136,63,46
136,64,49
136,65,47
136,66,43
136,67,42
136,68,43
136,69,48
136,70,54
136,71,58
136,72,56
136,73,56
136,74,56
136,75,56
136,76,56
136,77,56
136,78,56
136,79,56
136,80,59
136,81,68
136,82,80
136,83,87
136,84,85
136,85,73
136,86,58
136,87,48
136,88,45
136,89,45
136,90,45
136,91,45
136,92,45
136,93,45
136,94,45
136,95,45
136,96,47
136,97,47
136,98,47
136,99,47
136,100,47
136,101,47
136,102,47
136,103,47
136,104,45
136,105,54
136,106,66
136,107,73
136,108,69
136,109,55
136,110,37
136,111,24
136,112,34
136,113,32
136,114,29
136,115,28
136,116,29
136,117,32
136,118,37
136,119,40
136,120,37
136,121,40
136,122,44
136,123,47
136,124,46
136,125,42
136,126,37
136,127,34
136,128,38
136,129,37
136,130,42
136,131,55
136,132,76
136,133,99
136,134,118
136,135,127
136,136,122
136,137,120
136,138,116
136,139,113
136,140,108
136,141,100
136,142,89
136,143,82
136,144,59
136,145,45
136,146,32
136,147,36
136,148,53
136,149,70
137,0,195
137,1,170
137,2,167
137,3,169
137,4,161
137,5,170
137,6,178
137,7,161
137,8,163
137,9,169
137,10,169
137,11,152
137,12,121
137,13,91
137,14,73
137,15,67
137,16,62
137,17,64
137,18,66
137,19,68
137,20,67
137,21,63
137,22,59
137,23,56
137,24,73
137,25,68
137,26,58
137,27,64
137,28,97
137,29,125
137,30,110
137,31,76
137,32,54
137,33,43
137,34,33
137,35,31
137,36,37
137,37,40
137,38,36
137,39,30
137,40,42
137,41,41
137,42,40
137,43,39
137,44,37
137,45,36
137,46,35
137,47,34
137,48,27
137,49,27
137,50,28
137,51,28
137,52,28
137,53,28
137,54,29
137,55,29
137,56,35
137,57,36
137,58,37
137,59,39
137,60,42
137,61,44
137,62,45
137,63,46
137,64,49
137,65,47
137,66,44
137,67,43
137,68,44
137,69,48
137,70,53
137,71,56
137,72,56
137,73,56
137,74,56
137,75,56
137,76,56
137,77,56
137,78,56
137,79,56
137,80,61
137,81,67
137,82,75
137,83,81
137,84,79
137,85,70
137,86,59
137,87,52
137,88,46
137,89,46
137,90,46
137,91,46
137,92,46
137,93,46
137,94,46
137,95,46
137,96,48
137,97,48
137,98,48
137,99,48
137,100,48
137,101,48
137,102,48
137,103,48
137,104,47
137,105,54
137,106,64
137,107,69
137,108,66
137,109,53
137,110,38
137,111,27
137,112,34
137,113,32
137,114,30
137,115,28
137,116,29
137,117,33
137,118,37
137,119,40
137,120,40
137,121,42
137,122,44
137,123,45
137,124,43
137,125,39
137,126,34
137,127,31
137,128,34
137,129,35
137,130,40
137,131,51
137,132,70
137,133,91
137,134,110
137,135,121
137,136,119
137,137,119
137,138,117
137,139,113
137,140,105
137,141,93
137,142,80
137,143,72
137,144,56
137,145,45
137,146,36
137,147,41
137,148,57
137,149,73
138,0,202
138,1,175
138,2,169
138,3,168
138,4,158
138,5,168
138,6,177
138,7,161
138,8,169
138,9,163
138,10,146
138,11,118
138,12,86
138,13,63
138,14,52
138,15,50
138,16,60
138,17,62
138,18,65
138,19,66
138,20,65
138,21,61
138,22,57
138,23,54
138,24,61
138,25,54
138,26,42
138,27,46
138,28,81
138,29,118
138,30,117
138,31,93
138,32,56
138,33,45
138,34,35
138,35,33
138,36,39
138,37,43
138,38,39
138,39,34
138,40,40
138,41,39
138,42,39
138,43,38
138,44,37
138,45,36
138,46,35
138,47,35
138,48,29
138,49,29
138,50,29
138,51,29
138,52,29
138,53,29
138,54,28
138,55,28
138,56,35
138,57,36
138,58,37
138,59,39
138,60,42
138,61,44
138,62,45
138,63,46
138,64,49
138,65,47
138,66,45
138,67,44
138,68,45
138,69,48
138,70,51
138,71,54
138,72,54
138,73,54
138,74,54
138,75,54
138,76,54
138,77,54
138,78,54
138,79,54
138,80,62
138,81,64
138,82,68
138,83,70
138,84,69
138,85,65
138,86,61
138,87,58
138,88,47
138,89,47
138,90,47
138,91,47
138,92,47
138,93,47
138,94,47
138,95,47
138,96,50
138,97,50
138,98,50
138,99,50
138,100,50
138,101,50
138,102,50
138,103,50
138,104,49
138,105,55
138,106,61
138,107,65
138,108,61
138,109,52
138,110,40
138,111,33
138,112,35
138,113,33
138,114,30
138,115,29
138,116,30
138,117,34
138,118,38
138,119,41
138,120,43
138,121,44
138,122,44
138,123,43
138,124,40
138,125,36
138,126,31
138,127,28
138,128,30
138,129,33
138,130,38
138,131,47
138,132,60
138,133,79
138,134,98
138,135,111
138,136,116
138,137,118
138,138,119
138,139,112
138,140,98
138,141,81
138,142,67
138,143,59
138,144,46
138,145,42
138,146,42
138,147,52
138,148,69
138,149,84
139,0,197
139,1,171
139,2,166
139,3,167
139,4,158
139,5,170
139,6,180
139,7,164
139,8,163
139,9,147
139,10,120
139,11,89
139,12,64
139,13,52
139,14,50
139,15,53
139,16,58
139,17,60
139,18,63
139,19,64
139,20,63
139,21,59
139,22,55
139,23,52
139,24,48
139,25,47
139,26,40
139,27,47
139,28,82
139,29,122
139,30,127
139,31,108
139,32,61
139,33,50
139,34,39
139,35,37
139,36,42
139,37,45
139,38,41
139,39,35
139,40,37
139,41,37
139,42,37
139,43,36
139,44,36
139,45,36
139,46,35
139,47,35
139,48,32
139,49,32
139,50,31
139,51,30
139,52,29
139,53,29
139,54,28
139,55,28
139,56,35
139,57,36
139,58,37
139,59,39
139,60,42
139,61,44
139,62,45
139,63,46
139,64,48
139,65,48
139,66,47
139,67,47
139,68,47
139,69,48
139,70,49
139,71,50
139,72,52
139,73,52
139,74,52
139,75,52
139,76,52
139,77,52
139,78,52
139,79,52
139,80,61
139,81,60
139,82,59
139,83,59
139,84,59
139,85,60
139,86,62
139,87,63
139,88,49
139,89,49
139,90,49
139,91,49
139,92,49
139,93,49
139,94,49
139,95,49
139,96,52
139,97,52
139,98,52
139,99,52
139,100,52
139,101,52
139,102,52
139,103,52
139,104,52
139,105,56
139,106,61
139,107,64
139,108,62
139,109,54
139,110,44
139,111,38
139,112,36
139,113,34
139,114,31
139,115,30
139,116,31
139,117,35
139,118,39
139,119,42
139,120,48
139,121,47
139,122,45
139,123,42
139,124,39
139,125,35
139,126,31
139,127,29
139,128,28
139,129,34
139,130,40
139,131,45
139,132,52
139,133,67
139,134,87
139,135,103
139,136,113
139,137,118
139,138,120
139,139,110
139,140,89
139,141,68
139,142,55
139,143,50
139,144,34
139,145,40
139,146,53
139,147,71
139,148,92
139,149,109
140,0,185
140,1,162
140,2,162
140,3,167
140,4,160
140,5,170
140,6,178
140,7,160
140,8,143
140,9,123
140,10,95
140,11,71
140,12,59
140,13,58
140,14,64
140,15,68
140,16,56
140,17,58
140,18,60
140,19,62
140,20,60
140,21,57
140,22,53
140,23,50
140,24,40
140,25,47
140,26,49
140,27,59
140,28,92
140,29,129
140,30,134
140,31,117
140,32,69
140,33,58
140,34,45
140,35,41
140,36,45
140,37,46
140,38,40
140,39,34
140,40,34
140,41,34
140,42,34
140,43,35
140,44,35
140,45,35
140,46,36
140,47,36
140,48,35
140,49,34
140,50,33
140,51,32
140,52,30
140,53,29
140,54,28
140,55,27
140,56,35
140,57,36
140,58,37
140,59,39
140,60,42
140,61,44
140,62,45
140,63,46
140,64,48
140,65,48
140,66,49
140,67,49
140,68,49
140,69,48
140,70,47
140,71,46
140,72,49
140,73,49
140,74,49
140,75,49
140,76,49
140,77,49
140,78,49
140,79,49
140,80,55
140,81,53
140,82,51
140,83,51
140,84,53
140,85,57
140,86,61
140,87,64
140,88,52
140,89,52
140,90,52
140,91,52
140,92,52
140,93,52
140,94,52
140,95,52
140,96,54
140,97,54
140,98,54
140,99,54
140,100,54
140,101,54
140,102,54
140,103,54
140,104,52
140,105,58
140,106,66
140,107,71
140,108,69
140,109,60
140,110,50
140,111,42
140,112,37
140,113,35
140,114,33
140,115,31
140,116,32
140,117,36
140,118,40
140,119,43
140,120,52
140,121,50
140,122,47
140,123,43
140,124,40
140,125,38
140,126,37
140,127,37
140,128,32
140,129,40
140,130,48
140,131,48
140,132,49
140,133,59
140,134,81
140,135,99
140,136,114
140,137,120
140,138,120
140,139,105
140,140,79
140,141,58
140,142,50
140,143,50
140,144,34
140,145,49
140,146,75
140,147,101
140,148,124
140,149,142
141,0,180
141,1,160
141,2,164
141,3,171
141,4,161
141,5,163
141,6,161
141,7,138
141,8,113
141,9,96
141,10,74
141,11,61
141,12,60
141,13,66
141,14,71
141,15,72
141,16,53
141,17,55
141,18,58
141,19,59
141,20,58
141,21,55
141,22,50
141,23,47
141,24,40
141,25,50
141,26,54
141,27,62
141,28,91
141,29,126
141,30,133
141,31,119
141,32,81
141,33,68
141,34,53
141,35,46
141,36,46
141,37,45
141,38,37
141,39,29
141,40,31
141,41,32
141,42,32
141,43,33
141,44,34
141,45,35
141,46,36
141,47,36
141,48,38
141,49,37
141,50,35
141,51,33
141,52,31
141,53,29
141,54,28
141,55,27
141,56,35
141,57,36
141,58,37
141,59,39
141,60,42
141,61,44
141,62,45
141,63,46
141,64,47
141,65,49
141,66,51
141,67,52
141,68,51
141,69,48
141,70,45
141,71,42
141,72,47
141,73,47
141,74,47
141,75,47
141,76,47
141,77,47
141,78,47
141,79,47
141,80,45
141,81,45
141,82,46
141,83,48
141,84,51
141,85,55
141,86,59
141,87,61
141,88,54
141,89,54
141,90,54
141,91,54
141,92,54
141,93,54
141,94,54
141,95,54
141,96,56
141,97,56
141,98,56
141,99,56
141,100,56
141,101,56
141,102,56
141,103,56
141,104,52
141,105,61
141,106,74
141,107,83
141,108,82
141,109,71
141,110,55
141,111,45
141,112,38
141,113,36
141,114,34
141,115,32
141,116,33
141,117,37
141,118,41
141,119,44
141,120,55
141,121,52
141,122,49
141,123,46
141,124,45
141,125,46
141,126,48
141,127,49
141,128,40
141,129,51
141,130,60
141,131,57
141,132,50
141,133,57
141,134,80
141,135,101
141,136,119
141,137,124
141,138,120
141,139,98
141,140,68
141,141,50
141,142,52
141,143,61
141,144,55
141,145,78
141,146,111
141,147,139
141,148,158
141,149,171
142,0,187
142,1,169
142,2,174
142,3,178
142,4,159
142,5,149
142,6,134
142,7,101
142,8,85
142,9,71
142,10,56
142,11,53
142,12,59
142,13,64
142,14,63
142,15,58
142,16,52
142,17,54
142,18,56
142,19,58
142,20,57
142,21,53
142,22,49
142,23,46
142,24,46
142,25,51
142,26,48
142,27,47
142,28,71
142,29,108
142,30,125
142,31,119
142,32,91
142,33,77
142,34,60
142,35,50
142,36,47
142,37,42
142,38,32
142,39,23
142,40,29
142,41,30
142,42,31
142,43,32
142,44,34
142,45,35
142,46,36
142,47,37
142,48,40
142,49,39
142,50,37
142,51,34
142,52,32
142,53,29
142,54,27
142,55,26
142,56,35
142,57,36
142,58,37
142,59,39
142,60,42
142,61,44
142,62,45
142,63,46
142,64,47
142,65,49
142,66,52
142,67,53
142,68,52
142,69,48
142,70,43
142,71,40
142,72,46
142,73,46
142,74,46
142,75,46
142,76,46
142,77,46
142,78,46
142,79,46
142,80,35
142,81,38
142,82,43
142,83,48
142,84,52
142,85,55
142,86,56
142,87,56
142,88,56
142,89,56
142,90,56
142,91,56
142,92,56
142,93,56
142,94,56
142,95,56
142,96,58
142,97,58
142,98,58
142,99,58
142,100,58
142,101,58
142,102,58
142,103,58
142,104,50
142,105,64
142,106,84
142,107,97
142,108,96
142,109,81
142,110,60
142,111,46
142,112,39
142,113,37
142,114,35
142,115,33
142,116,34
142,117,38
142,118,42
142,119,45
142,120,56
142,121,54
142,122,51
142,123,50
142,124,51
142,125,55
142,126,59
142,127,62
142,128,50
142,129,63
142,130,72
142,131,66
142,132,55
142,133,59
142,134,82
142,135,105
142,136,124
142,137,127
142,138,119
142,139,91
142,140,59
142,141,46
142,142,57
142,143,75
142,144,94
142,145,120
142,146,154
142,147,177
142,148,186
142,149,188
143,0,196
143,1,179
143,2,183
143,3,183
143,4,157
143,5,136
143,6,111
143,7,73
143,8,69
143,9,57
143,10,47
143,11,47
143,12,55
143,13,58
143,14,50
143,15,40
143,16,51
143,17,53
143,18,56
143,19,57
143,20,56
143,21,52
143,22,48
143,23,45
143,24,51
143,25,52
143,26,40
143,27,30
143,28,50
143,29,92
143,30,117
143,31,118
143,32,98
143,33,83
143,34,64
143,35,53
143,36,48
143,37,41
143,38,29
143,39,19
143,40,28
143,41,29
143,42,30
143,43,32
143,44,33
143,45,35
143,46,36
143,47,37
143,48,41
143,49,40
143,50,38
143,51,35
143,52,32
143,53,29
143,54,27
143,55,26
143,56,35
143,57,36
143,58,37
143,59,39
143,60,42
143,61,44
143,62,45
143,63,46
143,64,47
143,65,49
143,66,53
143,67,54
143,68,53
143,69,48
143,70,42
143,71,38
143,72,45
143,73,45
143,74,45
143,75,45
143,76,45
143,77,45
143,78,45
143,79,45
143,80,29
143,81,34
143,82,42
143,83,50
143,84,54
143,85,55
143,86,54
143,87,52
143,88,56
143,89,56
143,90,56
143,91,56
143,92,56
143,93,56
143,94,56
143,95,56
143,96,59
143,97,59
143,98,59
143,99,59
143,100,59
143,101,59
143,102,59
143,103,59
143,104,49
143,105,66
143,106,90
143,107,106
143,108,105
143,109,88
143,110,63
143,111,46
143,112,40
143,113,38
143,114,35
143,115,34
143,116,35
143,117,38
143,118,43
143,119,46
143,120,57
143,121,55
143,122,52
143,123,52
143,124,55
143,125,60
143,126,67
143,127,71
143,128,56
143,129,70
143,130,80
143,131,72
143,132,59
143,133,61
143,134,85
143,135,109
143,136,128
143,137,129
143,138,118
143,139,87
143,140,54
143,141,44
143,142,62
143,143,84
143,144,125
143,145,151
143,146,183
143,147,201
143,148,201
143,149,195
144,0,187
144,1,168
144,2,163
144,3,127
144,4,119
144,5,115
144,6,70
144,7,78
144,8,56
144,9,57
144,10,56
144,11,55
144,12,51
144,13,47
144,14,42
144,15,40
144,16,39
144,17,43
144,18,50
144,19,56
144,20,60
144,21,61
144,22,60
144,23,59
144,24,50
144,25,41
144,26,41
144,27,50
144,28,50
144,29,48
144,30,70
144,31,101
144,32,96
144,33,78
144,34,58
144,35,47
144,36,46
144,37,44
144,38,35
144,39,26
144,40,27
144,41,28
144,42,29
144,43,30
144,44,31
144,45,31
144,46,30
144,47,30
144,48,42
144,49,44
144,50,46
144,51,46
144,52,42
144,53,36
144,54,29
144,55,24
144,56,27
144,57,29
144,58,32
144,59,36
144,60,41
144,61,45
144,62,49
144,63,51
144,64,58
144,65,57
144,66,55
144,67,52
144,68,49
144,69,47
144,70,45
144,71,44
144,72,42
144,73,42
144,74,42
144,75,42
144,76,42
144,77,42
144,78,42
144,79,42
144,80,37
144,81,37
144,82,39
144,83,44
144,84,51
144,85,56
144,86,57
144,87,57
144,88,62
144,89,61
144,90,61
144,91,59
144,92,58
144,93,57
144,94,56
144,95,56
144,96,59
144,97,59
144,98,59
144,99,59
144,100,59
144,101,59
144,102,59
144,103,59
144,104,50
144,105,66
144,106,90
144,107,109
144,108,111
144,109,92
144,110,64
144,111,42
144,112,42
144,113,40
144,114,37
144,115,36
144,116,40
144,117,47
144,118,56
144,119,61
144,120,70
144,121,67
144,122,63
144,123,61
144,124,62
144,125,67
144,126,72
144,127,76
144,128,75
144,129,70
144,130,64
144,131,60
144,132,63
144,133,71
144,134,81
144,135,87
144,136,117
144,137,115
144,138,100
144,139,71
144,140,50
144,141,61
144,142,104
144,143,142
144,144,180
144,145,181
144,146,183
144,147,186
144,148,189
144,149,191
145,0,185
145,1,156
145,2,149
145,3,114
145,4,106
145,5,104
145,6,65
145,7,73
145,8,57
145,9,56
145,10,53
145,11,50
145,12,48
145,13,47
145,14,47
145,15,47
145,16,43
145,17,46
145,18,51
145,19,56
145,20,58
145,21,58
145,22,56
145,23,55
145,24,50
145,25,40
145,26,41
145,27,49
145,28,49
145,29,47
145,30,69
145,31,99
145,32,101
145,33,88
145,34,68
145,35,53
145,36,43
145,37,37
145,38,32
145,39,28
145,40,28
145,41,28
145,42,29
145,43,30
145,44,31
145,45,32
145,46,32
145,47,32
145,48,42
145,49,44
145,50,45
145,51,44
145,52,41
145,53,35
145,54,29
145,55,25
145,56,29
145,57,31
145,58,35
145,59,39
145,60,44
145,61,48
145,62,51
145,63,53
145,64,57
145,65,56
145,66,54
145,67,52
145,68,49
145,69,47
145,70,45
145,71,44
145,72,40
145,73,40
145,74,40
145,75,40
145,76,40
145,77,40
145,78,40
145,79,40
145,80,36
145,81,40
145,82,47
145,83,54
145,84,59
145,85,60
145,86,58
145,87,56
145,88,60
145,89,60
145,90,59
145,91,58
145,92,57
145,93,56
145,94,55
145,95,54
145,96,57
145,97,57
145,98,57
145,99,57
145,100,57
145,101,57
145,102,57
145,103,57
145,104,52
145,105,68
145,106,92
145,107,108
145,108,107
145,109,88
145,110,61
145,111,42
145,112,38
145,113,39
145,114,41
145,115,46
145,116,52
145,117,60
145,118,67
145,119,71
145,120,66
145,121,64
145,122,61
145,123,60
145,124,61
145,125,65
145,126,69
145,127,72
145,128,69
145,129,65
145,130,61
145,131,59
145,132,63
145,133,71
145,134,82
145,135,88
145,136,117
145,137,113
145,138,100
145,139,81
145,140,72
145,141,90
145,142,128
145,143,160
145,144,184
145,145,184
145,146,186
145,147,188
145,148,190
145,149,192
146,0,180
146,1,135
146,2,126
146,3,95
146,4,84
146,5,87
146,6,57
146,7,66
146,8,58
146,9,54
146,10,48
146,11,44
146,12,43
146,13,47
146,14,53
146,15,57
146,16,48
146,17,50
146,18,54
146,19,56
146,20,56
146,21,54
146,22,51
146,23,48
146,24,50
146,25,40
146,26,40
146,27,48
146,28,47
146,29,45
146,30,66
146,31,96
146,32,109
146,33,101
146,34,84
146,35,61
146,36,40
146,37,28
146,38,27
146,39,30
146,40,30
146,41,30
146,42,30
146,43,30
146,44,32
146,45,34
146,46,36
146,47,37
146,48,43
146,49,43
146,50,43
146,51,42
146,52,38
146,53,33
146,54,28
146,55,25
146,56,33
146,57,35
146,58,38
146,59,42
146,60,47
146,61,51
146,62,55
146,63,57
146,64,55
146,65,54
146,66,53
146,67,51
146,68,49
146,69,47
146,70,45
146,71,44
146,72,36
146,73,36
146,74,36
146,75,36
146,76,36
146,77,36
146,78,36
146,79,36
146,80,35
146,81,46
146,82,60
146,83,69
146,84,70
146,85,65
146,86,58
146,87,54
146,88,58
146,89,58
146,90,57
146,91,56
146,92,55
146,93,54
146,94,53
146,95,52
146,96,55
146,97,55
146,98,55
146,99,55
146,100,55
146,101,55
146,102,55
146,103,55
146,104,56
146,105,73
146,106,95
146,107,107
146,108,102
146,109,82
146,110,59
146,111,44
146,112,41
146,113,46
146,114,53
146,115,62
146,116,70
146,117,75
146,118,78
146,119,80
146,120,61
146,121,60
146,122,58
146,123,58
146,124,59
146,125,62
146,126,65
146,127,67
146,128,61
146,129,59
146,130,57
146,131,58
146,132,63
146,133,73
146,134,83
146,135,89
146,136,112
146,137,104
146,138,94
146,139,91
146,140,103
146,141,129
146,142,161
146,143,182
146,144,189
146,145,189
146,146,190
146,147,190
146,148,191
146,149,191
147,0,172
147,1,109
147,2,99
147,3,76
147,4,64
147,5,72
147,6,52
147,7,59
147,8,59
147,9,53
147,10,45
147,11,39
147,12,40
147,13,47
147,14,57
147,15,64
147,16,51
147,17,53
147,18,55
147,19,56
147,20,54
147,21,50
147,22,45
147,23,42
147,24,49
147,25,39
147,26,38
147,27,46
147,28,44
147,29,42
147,30,62
147,31,92
147,32,116
147,33,111
147,34,94
147,35,65
147,36,36
147,37,21
147,38,24
147,39,32
147,40,32
147,41,31
147,42,30
147,43,30
147,44,32
147,45,36
147,46,40
147,47,43
147,48,44
147,49,43
147,50,42
147,51,39
147,52,35
147,53,32
147,54,28
147,55,26
147,56,35
147,57,37
147,58,41
147,59,45
147,60,50
147,61,54
147,62,57
147,63,59
147,64,52
147,65,52
147,66,51
147,67,49
147,68,48
147,69,46
147,70,45
147,71,45
147,72,34
147,73,34
147,74,34
147,75,34
147,76,34
147,77,34
147,78,34
147,79,34
147,80,35
147,81,52
147,82,73
147,83,84
147,84,79
147,85,68
147,86,58
147,87,54
147,88,58
147,89,58
147,90,57
147,91,56
147,92,55
147,93,53
147,94,53
147,95,52
147,96,53
147,97,53
147,98,53
147,99,53
147,100,53
147,101,53
147,102,53
147,103,53
147,104,60
147,105,78
147,106,99
147,107,107
147,108,97
147,109,78
147,110,60
147,111,51
147,112,58
147,113,63
147,114,71
147,115,79
147,116,82
147,117,81
147,118,78
147,119,76
147,120,57
147,121,57
147,122,57
147,123,57
147,124,58
147,125,60
147,126,62
147,127,63
147,128,56
147,129,55
147,130,56
147,131,59
147,132,66
147,133,75
147,134,84
147,135,90
147,136,96
147,137,87
147,138,83
147,139,96
147,140,125
147,141,158
147,142,182
147,143,194
147,144,194
147,145,194
147,146,193
147,147,192
147,148,190
147,149,189
148,0,161
148,1,80
148,2,75
148,3,65
148,4,52
148,5,66
148,6,53
148,7,56
148,8,59
148,9,53
148,10,45
148,11,39
148,12,40
148,13,47
148,14,57
148,15,64
148,16,52
148,17,53
148,18,55
148,19,55
148,20,53
148,21,48
148,22,43
148,23,39
148,24,49
148,25,38
148,26,37
148,27,44
148,28,42
148,29,38
148,30,59
148,31,88
148,32,118
148,33,111
148,34,93
148,35,63
148,36,34
148,37,20
148,38,25
148,39,34
148,40,35
148,41,33
148,42,31
148,43,30
148,44,33
148,45,38
148,46,45
148,47,49
148,48,45
148,49,43
148,50,39
148,51,36
148,52,32
148,53,29
148,54,28
148,55,27
148,56,35
148,57,37
148,58,41
148,59,45
148,60,50
148,61,54
148,62,57
148,63,59
148,64,49
148,65,49
148,66,49
148,67,48
148,68,47
148,69,46
148,70,46
148,71,45
148,72,34
148,73,34
148,74,34
148,75,34
148,76,34
148,77,34
148,78,34
148,79,34
148,80,37
148,81,59
148,82,83
148,83,92
148,84,82
148,85,67
148,86,57
148,87,55
148,88,60
148,89,60
148,90,59
148,91,58
148,92,57
148,93,56
148,94,55
148,95,54
148,96,54
148,97,54
148,98,54
148,99,54
148,100,54
148,101,54
148,102,54
148,103,54
148,104,64
148,105,84
148,106,105
148,107,109
148,108,96
148,109,78
148,110,68
148,111,65
148,112,81
148,113,84
148,114,87
148,115,88
148,116,85
148,117,77
148,118,69
148,119,64
148,120,55
148,121,56
148,122,58
148,123,59
148,124,60
148,125,61
148,126,61
148,127,61
148,128,56
148,129,57
148,130,59
148,131,63
148,132,70
148,133,78
148,134,86
148,135,90
148,136,78
148,137,72
148,138,75
148,139,99
148,140,138
148,141,171
148,142,189
148,143,193
148,144,197
148,145,196
148,146,193
148,147,190
148,148,187
148,149,184
149,0,149
149,1,55
149,2,57
149,3,64
149,4,52
149,5,68
149,6,60
149,7,58
149,8,58
149,9,54
149,10,48
149,11,44
149,12,43
149,13,47
149,14,53
149,15,57
149,16,49
149,17,51
149,18,53
149,19,54
149,20,52
149,21,48
149,22,43
149,23,40
149,24,48
149,25,37
149,26,36
149,27,42
149,28,39
149,29,35
149,30,55
149,31,85
149,32,115
149,33,103
149,34,81
149,35,54
149,36,33
149,37,25
149,38,29
149,39,36
149,40,38
149,41,35
149,42,31
149,43,30
149,44,33
149,45,41
149,46,49
149,47,55
149,48,46
149,49,43
149,50,38
149,51,33
149,52,29
149,53,28
149,54,28
149,55,28
149,56,33
149,57,35
149,58,38
149,59,42
149,60,47
149,61,51
149,62,55
149,63,57
149,64,47
149,65,47
149,66,47
149,67,46
149,68,46
149,69,46
149,70,46
149,71,46
149,72,36
149,73,36
149,74,36
149,75,36
149,76,36
149,77,36
149,78,36
149,79,36
149,80,40
149,81,64
149,82,89
149,83,93
149,84,79
149,85,61
149,86,55
149,87,57
149,88,65
149,89,65
149,90,64
149,91,63
149,92,62
149,93,60
149,94,60
149,95,59
149,96,58
149,97,58
149,98,58
149,99,58
149,100,58
149,101,58
149,102,58
149,103,58
149,104,68
149,105,89
149,106,111
149,107,113
149,108,98
149,109,83
149,110,79
149,111,83
149,112,96
149,113,95
149,114,92
149,115,87
149,116,79
149,117,70
149,118,62
149,119,58
149,120,55
149,121,57
149,122,61
149,123,64
149,124,65
149,125,64
149,126,62
149,127,61
149,128,62
149,129,63
149,130,66
149,131,71
149,132,76
149,133,82
149,134,87
149,135,90
149,136,67
149,137,68
149,138,80
149,139,109
149,140,146
149,141,175
149,142,187
149,143,189
149,144,197
149,145,195
149,146,191
149,147,187
149,148,181
149,149,176
150,0,138
150,1,36
150,2,47
150,3,68
150,4,57
150,5,75
150,6,69
150,7,62
150,8,57
150,9,56
150,10,53
150,11,50
150,12,48
150,13,47
150,14,47
150,15,47
150,16,45
150,17,47
150,18,51
150,19,53
150,20,52
150,21,49
150,22,45
150,23,42
150,24,48
150,25,36
150,26,35
150,27,41
150,28,37
150,29,33
150,30,52
150,31,82
150,32,110
150,33,91
150,34,65
150,35,44
150,36,34
150,37,33
150,38,35
150,39,37
150,40,40
150,41,36
150,42,31
150,43,30
150,44,34
150,45,42
150,46,52
150,47,59
150,48,46
150,49,42
150,50,36
150,51,30
150,52,27
150,53,26
150,54,27
150,55,29
150,56,29
150,57,31
150,58,35
150,59,39
150,60,44
150,61,48
150,62,51
150,63,53
150,64,45
150,65,45
150,66,45
150,67,45
150,68,46
150,69,46
150,70,46
150,71,46
150,72,40
150,73,40
150,74,40
150,75,40
150,76,40
150,77,40
150,78,40
150,79,40
150,80,43
150,81,67
150,82,90
150,83,90
150,84,71
150,85,55
150,86,54
150,87,60
150,88,70
150,89,70
150,90,69
150,91,68
150,92,67
150,93,66
150,94,65
150,95,64
150,96,62
150,97,62
150,98,62
150,99,62
150,100,62
150,101,62
150,102,62
150,103,62
150,104,70
150,105,93
150,106,116
150,107,117
150,108,101
150,109,89
150,110,92
150,111,101
150,112,96
150,113,92
150,114,85
150,115,77
150,116,71
150,117,66
150,118,64
150,119,63
150,120,57
150,121,60
150,122,65
150,123,69
150,124,70
150,125,68
150,126,65
150,127,63
150,128,70
150,129,72
150,130,75
150,131,78
150,132,82
150,133,85
150,134,88
150,135,89
150,136,70
150,137,78
150,138,97
150,139,125
150,140,156
150,141,177
150,142,187
150,143,189
150,144,196
150,145,193
150,146,188
150,147,182
150,148,175
150,149,169
151,0,131
151,1,26
151,2,43
151,3,72
151,4,62
151,5,81
151,6,76
151,7,65
151,8,56
151,9,57
151,10,56
151,11,55
151,12,51
151,13,47
151,14,42
151,15,40
151,16,42
151,17,45
151,18,49
151,19,52
151,20,52
151,21,50
151,22,47
151,23,44
151,24,47
151,25,36
151,26,34
151,27,40
151,28,36
151,29,32
151,30,51
151,31,80
151,32,107
151,33,83
151,34,53
151,35,36
151,36,35
151,37,39
151,38,40
151,39,37
151,40,41
151,41,37
151,42,32
151,43,30
151,44,34
151,45,43
151,46,54
151,47,61
151,48,47
151,49,42
151,50,35
151,51,29
151,52,25
151,53,25
151,54,27
151,55,29
151,56,27
151,57,29
151,58,32
151,59,36
151,60,41
151,61,45
151,62,49
151,63,51
151,64,44
151,65,44
151,66,44
151,67,45
151,68,45
151,69,46
151,70,46
151,71,46
151,72,42
151,73,42
151,74,42
151,75,42
151,76,42
151,77,42
151,78,42
151,79,42
151,80,46
151,81,69
151,82,90
151,83,87
151,84,66
151,85,50
151,86,52
151,87,62
151,88,74
151,89,73
151,90,72
151,91,71
151,92,70
151,93,69
151,94,68
151,95,68
151,96,65
151,97,65
151,98,65
151,99,65
151,100,65
151,101,65
151,102,65
151,103,65
151,104,70
151,105,95
151,106,118
151,107,120
151,108,104
151,109,93
151,110,100
151,111,112
151,112,90
151,113,85
151,114,77
151,115,69
151,116,66
151,117,66
151,118,69
151,119,72
151,120,59
151,121,63
151,122,68
151,123,72
151,124,73
151,125,71
151,126,67
151,127,65
151,128,76
151,129,77
151,130,80
151,131,83
151,132,86
151,133,87
151,134,88
151,135,88
151,136,76
151,137,89
151,138,112
151,139,139
151,140,164
151,141,180
151,142,188
151,143,191
151,144,194
151,145,191
151,146,186
151,147,179
151,148,172
151,149,165
152,0,134
152,1,10
152,2,77
152,3,64
152,4,59
152,5,64
152,6,62
152,7,57
152,8,47
152,9,44
152,10,41
152,11,38
152,12,38
152,13,41
152,14,44
152,15,47
152,16,43
152,17,45
152,18,47
152,19,48
152,20,46
152,21,42
152,22,37
152,23,34
152,24,38
152,25,37
152,26,35
152,27,36
152,28,40
152,29,47
152,30,54
152,31,59
152,32,87
152,33,74
152,34,53
152,35,35
152,36,25
152,37,26
152,38,33
152,39,39
152,40,34
152,41,34
152,42,36
152,43,39
152,44,42
152,45,46
152,46,50
152,47,52
152,48,43
152,49,31
152,50,22
152,51,25
152,52,37
152,53,44
152,54,39
152,55,32
152,56,30
152,57,32
152,58,35
152,59,39
152,60,41
152,61,43
152,62,45
152,63,45
152,64,46
152,65,47
152,66,48
152,67,49
152,68,49
152,69,48
152,70,47
152,71,46
152,72,51
152,73,48
152,74,43
152,75,38
152,76,36
152,77,36
152,78,38
152,79,39
152,80,47
152,81,55
152,82,67
152,83,75
152,84,75
152,85,67
152,86,56
152,87,48
152,88,75
152,89,64
152,90,55
152,91,58
152,92,68
152,93,73
152,94,66
152,95,56
152,96,77
152,97,63
152,98,49
152,99,48
152,100,60
152,101,69
152,102,69
152,103,65
152,104,88
152,105,95
152,106,106
152,107,115
152,108,118
152,109,116
152,110,111
152,111,106
152,112,86
152,113,70
152,114,65
152,115,74
152,116,71
152,117,56
152,118,57
152,119,71
152,120,56
152,121,56
152,122,57
152,123,59
152,124,60
152,125,62
152,126,63
152,127,64
152,128,64
152,129,76
152,130,89
152,131,93
152,132,88
152,133,84
152,134,86
152,135,91
152,136,99
152,137,108
152,138,130
152,139,162
152,140,191
152,141,202
152,142,193
152,143,181
152,144,182
152,145,186
152,146,189
152,147,186
152,148,175
152,149,158
153,0,131
153,1,8
153,2,75
153,3,63
153,4,59
153,5,65
153,6,64
153,7,60
153,8,47
153,9,45
153,10,41
153,11,39
153,12,39
153,13,41
153,14,45
153,15,47
153,16,44
153,17,46
153,18,48
153,19,48
153,20,46
153,21,42
153,22,37
153,23,34
153,24,38
153,25,37
153,26,36
153,27,36
153,28,40
153,29,47
153,30,53
153,31,57
153,32,76
153,33,67
153,34,52
153,35,38
153,36,30
153,37,30
153,38,34
153,39,38
153,40,31
153,41,33
153,42,36
153,43,40
153,44,45
153,45,50
153,46,54
153,47,56
153,48,47
153,49,36
153,50,26
153,51,27
153,52,36
153,53,41
153,54,38
153,55,32
153,56,30
153,57,31
153,58,34
153,59,36
153,60,39
153,61,41
153,62,43
153,63,44
153,64,48
153,65,48
153,66,48
153,67,48
153,68,48
153,69,48
153,70,48
153,71,48
153,72,51
153,73,47
153,74,42
153,75,37
153,76,35
153,77,35
153,78,37
153,79,39
153,80,46
153,81,54
153,82,65
153,83,73
153,84,74
153,85,67
153,86,56
153,87,49
153,88,68
153,89,60
153,90,53
153,91,57
153,92,67
153,93,71
153,94,65
153,95,57
153,96,76
153,97,63
153,98,50
153,99,50
153,100,59
153,101,69
153,102,70
153,103,67
153,104,92
153,105,99
153,106,109
153,107,119
153,108,123
153,109,122
153,110,118
153,111,114
153,112,90
153,113,74
153,114,68
153,115,74
153,116,71
153,117,58
153,118,58
153,119,71
153,120,59
153,121,59
153,122,60
153,123,60
153,124,61
153,125,61
153,126,62
153,127,62
153,128,60
153,129,72
153,130,85
153,131,89
153,132,85
153,133,84
153,134,89
153,135,95
153,136,101
153,137,115
153,138,139
153,139,167
153,140,189
153,141,197
153,142,192
153,143,185
153,144,183
153,145,188
153,146,190
153,147,182
153,148,164
153,149,144
154,0,127
154,1,4
154,2,72
154,3,62
154,4,59
154,5,66
154,6,66
154,7,62
154,8,48
154,9,46
154,10,42
154,11,40
154,12,40
154,13,42
154,14,46
154,15,48
154,16,45
154,17,47
154,18,48
154,19,49
154,20,46
154,21,41
154,22,36
154,23,32
154,24,38
154,25,37
154,26,37
154,27,38
154,28,42
154,29,46
154,30,51
154,31,54
154,32,59
154,33,55
154,34,48
154,35,42
154,36,37
154,37,36
154,38,36
154,39,37
154,40,27
154,41,31
154,42,36
154,43,43
154,44,50
154,45,56
154,46,59
154,47,61
154,48,53
154,49,44
154,50,33
154,51,31
154,52,35
154,53,38
154,54,37
154,55,34
154,56,31
154,57,31
154,58,32
154,59,33
154,60,35
154,61,38
154,62,40
154,63,42
154,64,50
154,65,49
154,66,48
154,67,48
154,68,48
154,69,48
154,70,49
154,71,50
154,72,50
154,73,46
154,74,41
154,75,37
154,76,34
154,77,35
154,78,36
154,79,38
154,80,43
154,81,51
154,82,61
154,83,70
154,84,71
154,85,66
154,86,57
154,87,51
154,88,58
154,89,54
154,90,52
154,91,57
154,92,65
154,93,68
154,94,64
154,95,59
154,96,73
154,97,63
154,98,53
154,99,52
154,100,59
154,101,68
154,102,71
154,103,71
154,104,99
154,105,105
154,106,115
154,107,124
154,108,129
154,109,129
154,110,127
154,111,125
154,112,96
154,113,83
154,114,75
154,115,75
154,116,70
154,117,60
154,118,61
154,119,70
154,120,64
154,121,64
154,122,63
154,123,63
154,124,62
154,125,61
154,126,61
154,127,60
154,128,61
154,129,71
154,130,82
154,131,84
154,132,81
154,133,80
154,134,88
154,135,96
154,136,107
154,137,126
154,138,153
154,139,175
154,140,186
154,141,190
154,142,190
154,143,191
154,144,184
154,145,189
154,146,189
154,147,172
154,148,144
154,149,122
155,0,124
155,1,2
155,2,70
155,3,60
155,4,58
155,5,65
155,6,66
155,7,62
155,8,49
155,9,47
155,10,43
155,11,41
155,12,41
155,13,43
155,14,47
155,15,49
155,16,47
155,17,48
155,18,49
155,19,49
155,20,46
155,21,40
155,22,34
155,23,31
155,24,37
155,25,38
155,26,39
155,27,41
155,28,43
155,29,46
155,30,49
155,31,51
155,32,43
155,33,44
155,34,44
155,35,44
155,36,43
155,37,41
155,38,38
155,39,37
155,40,25
155,41,30
155,42,39
155,43,48
155,44,56
155,45,61
155,46,65
155,47,66
155,48,59
155,49,51
155,50,41
155,51,34
155,52,33
155,53,35
155,54,38
155,55,39
155,56,34
155,57,33
155,58,32
155,59,31
155,60,33
155,61,36
155,62,40
155,63,42
155,64,53
155,65,51
155,66,49
155,67,47
155,68,47
155,69,49
155,70,51
155,71,53
155,72,49
155,73,45
155,74,40
155,75,36
155,76,33
155,77,33
155,78,35
155,79,37
155,80,40
155,81,47
155,82,57
155,83,65
155,84,68
155,85,65
155,86,59
155,87,54
155,88,50
155,89,51
155,90,54
155,91,59
155,92,64
155,93,65
155,94,63
155,95,60
155,96,70
155,97,64
155,98,57
155,99,54
155,100,58
155,101,66
155,102,73
155,103,77
155,104,106
155,105,111
155,106,119
155,107,127
155,108,132
155,109,134
155,110,133
155,111,132
155,112,105
155,113,95
155,114,84
155,115,76
155,116,69
155,117,63
155,118,65
155,119,69
155,120,68
155,121,67
155,122,66
155,123,65
155,124,64
155,125,62
155,126,61
155,127,61
155,128,74
155,129,80
155,130,85
155,131,82
155,132,74
155,133,73
155,134,82
155,135,91
155,136,118
155,137,140
155,138,167
155,139,183
155,140,185
155,141,185
155,142,189
155,143,194
155,144,183
155,145,186
155,146,179
155,147,155
155,148,123
155,149,100
156,0,125
156,1,2
156,2,70
156,3,59
156,4,57
156,5,63
156,6,63
156,7,60
156,8,50
156,9,48
156,10,44
156,11,42
156,12,42
156,13,44
156,14,48
156,15,50
156,16,48
156,17,49
156,18,50
156,19,49
156,20,45
156,21,39
156,22,33
156,23,29
156,24,37
156,25,38
156,26,41
156,27,43
156,28,45
156,29,46
156,30,47
156,31,47
156,32,34
156,33,36
156,34,40
156,35,43
156,36,43
156,37,42
156,38,40
156,39,38
156,40,27
156,41,33
156,42,43
156,43,54
156,44,62
156,45,66
156,46,67
156,47,67
156,48,61
156,49,56
156,50,47
156,51,38
156,52,32
156,53,34
156,54,41
156,55,48
156,56,41
156,57,38
156,58,34
156,59,32
156,60,33
156,61,36
156,62,41
156,63,45
156,64,56
156,65,53
156,66,49
156,67,46
156,68,46
156,69,49
156,70,53
156,71,56
156,72,48
156,73,44
156,74,39
156,75,34
156,76,32
156,77,32
156,78,34
156,79,36
156,80,36
156,81,42
156,82,51
156,83,60
156,84,64
156,85,63
156,86,60
156,87,57
156,88,48
156,89,54
156,90,61
156,91,65
156,92,65
156,93,62
156,94,61
156,95,60
156,96,66
156,97,64
156,98,61
156,99,57
156,100,58
156,101,65
156,102,75
156,103,83
156,104,111
156,105,115
156,106,120
156,107,125
156,108,129
156,109,131
156,110,131
156,111,130
156,112,114
156,113,108
156,114,93
156,115,77
156,116,67
156,117,67
156,118,68
156,119,68
156,120,68
156,121,68
156,122,68
156,123,67
156,124,66
156,125,66
156,126,65
156,127,65
156,128,89
156,129,92
156,130,91
156,131,81
156,132,71
156,133,69
156,134,78
156,135,88
156,136,135
156,137,154
156,138,177
156,139,188
156,140,187
156,141,185
156,142,188
156,143,194
156,144,181
156,145,175
156,146,160
156,147,133
156,148,104
156,149,86
157,0,129
157,1,5
157,2,72
157,3,59
157,4,55
157,5,59
157,6,58
157,7,54
157,8,51
157,9,49
157,10,45
157,11,43
157,12,43
157,13,45
157,14,49
157,15,51
157,16,50
157,17,51
157,18,51
157,19,49
157,20,45
157,21,38
157,22,32
157,23,27
157,24,37
157,25,39
157,26,42
157,27,45
157,28,47
157,29,46
157,30,45
157,31,43
157,32,32
157,33,33
157,34,36
157,35,38
157,36,40
157,37,40
157,38,40
157,39,39
157,40,31
157,41,38
157,42,49
157,43,59
157,44,66
157,45,68
157,46,67
157,47,65
157,48,60
157,49,58
157,50,51
157,51,40
157,52,32
157,53,35
157,54,47
157,55,59
157,56,49
157,57,45
157,58,39
157,59,35
157,60,35
157,61,39
157,62,46
157,63,50
157,64,59
157,65,55
157,66,49
157,67,45
157,68,45
157,69,49
157,70,55
157,71,59
157,72,46
157,73,43
157,74,38
157,75,33
157,76,31
157,77,31
157,78,33
157,79,35
157,80,33
157,81,38
157,82,47
157,83,55
157,84,60
157,85,62
157,86,62
157,87,60
157,88,51
157,89,61
157,90,71
157,91,73
157,92,67
157,93,60
157,94,59
157,95,60
157,96,63
157,97,65
157,98,64
157,99,60
157,100,57
157,101,63
157,102,77
157,103,89
157,104,115
157,105,116
157,106,118
157,107,120
157,108,121
157,109,121
157,110,121
157,111,121
157,112,123
157,113,120
157,114,102
157,115,77
157,116,66
157,117,70
157,118,72
157,119,67
157,120,66
157,121,66
157,122,67
157,123,68
157,124,69
157,125,71
157,126,72
157,127,72
157,128,94
157,129,95
157,130,91
157,131,81
157,132,72
157,133,74
157,134,88
157,135,101
157,136,154
157,137,166
157,138,181
157,139,190
157,140,192
157,141,190
157,142,189
157,143,189
157,144,176
157,145,159
157,146,133
157,147,108
157,148,91
157,149,82
158,0,133
158,1,9
158,2,74
158,3,60
158,4,53
158,5,55
158,6,52
158,7,47
158,8,52
158,9,50
158,10,46
158,11,44
158,12,44
158,13,46
158,14,50
158,15,52
158,16,51
158,17,52
158,18,52
158,19,50
158,20,45
158,21,38
158,22,31
158,23,26
158,24,36
158,25,39
158,26,44
158,27,47
158,28,48
158,29,46
158,30,43
158,31,41
158,32,35
158,33,34
158,34,33
158,35,32
158,36,34
158,37,36
158,38,39
158,39,41
158,40,37
158,41,44
158,42,55
158,43,64
158,44,69
158,45,69
158,46,65
158,47,62
158,48,58
158,49,58
158,50,53
158,51,42
158,52,33
158,53,37
158,54,54
158,55,70
158,56,57
158,57,52
158,58,44
158,59,39
158,60,38
158,61,43
158,62,50
158,63,55
158,64,62
158,65,57
158,66,49
158,67,44
158,68,44
158,69,49
158,70,57
158,71,62
158,72,46
158,73,42
158,74,37
158,75,32
158,76,30
158,77,30
158,78,32
158,79,34
158,80,30
158,81,35
158,82,43
158,83,51
158,84,58
158,85,61
158,86,63
158,87,63
158,88,58
158,89,70
158,90,82
158,91,82
158,92,70
158,93,60
158,94,57
158,95,59
158,96,60
158,97,65
158,98,67
158,99,62
158,100,57
158,101,62
158,102,78
158,103,93
158,104,116
158,105,115
158,106,114
158,107,112
158,108,111
158,109,110
158,110,109
158,111,109
158,112,129
158,113,129
158,114,109
158,115,78
158,116,65
158,117,73
158,118,75
158,119,66
158,120,62
158,121,63
158,122,65
158,123,69
158,124,72
158,125,76
158,126,78
158,127,79
158,128,85
158,129,86
158,130,85
158,131,80
158,132,78
158,133,88
158,134,109
158,135,127
158,136,172
158,137,174
158,138,181
158,139,190
158,140,197
158,141,197
158,142,190
158,143,183
158,144,171
158,145,142
158,146,107
158,147,86
158,148,83
158,149,84
159,0,137
159,1,12
159,2,76
159,3,60
159,4,52
159,5,53
159,6,49
159,7,43
159,8,53
159,9,50
159,10,47
159,11,44
159,12,44
159,13,47
159,14,50
159,15,53
159,16,52
159,17,52
159,18,52
159,19,50
159,20,45
159,21,37
159,22,30
159,23,26
159,24,36
159,25,39
159,26,44
159,27,48
159,28,49
159,29,46
159,30,42
159,31,39
159,32,39
159,33,36
159,34,31
159,35,29
159,36,29
159,37,33
159,38,38
159,39,42
159,40,40
159,41,47
159,42,58
159,43,67
159,44,71
159,45,69
159,46,63
159,47,59
159,48,55
159,49,57
159,50,54
159,51,43
159,52,33
159,53,38
159,54,58
159,55,76
159,56,62
159,57,56
159,58,47
159,59,41
159,60,41
159,61,46
159,62,53
159,63,59
159,64,63
159,65,57
159,66,49
159,67,44
159,68,44
159,69,49
159,70,57
159,71,63
159,72,45
159,73,42
159,74,37
159,75,32
159,76,30
159,77,30
159,78,32
159,79,33
159,80,29
159,81,33
159,82,41
159,83,49
159,84,56
159,85,61
159,86,63
159,87,64
159,88,62
159,89,76
159,90,89
159,91,87
159,92,73
159,93,59
159,94,56
159,95,59
159,96,59
159,97,65
159,98,68
159,99,63
159,100,57
159,101,61
159,102,79
159,103,95
159,104,116
159,105,114
159,106,111
159,107,107
159,108,104
159,109,102
159,110,101
159,111,100
159,112,133
159,113,134
159,114,113
159,115,78
159,116,65
159,117,74
159,118,76
159,119,66
159,120,59
159,121,61
159,122,64
159,123,69
159,124,74
159,125,79
159,126,82
159,127,84
159,128,73
159,129,76
159,130,78
159,131,78
159,132,83
159,133,100
159,134,128
159,135,149
159,136,183
159,137,179
159,138,179
159,139,189
159,140,201
159,141,202
159,142,191
159,143,178
159,144,168
159,145,132
159,146,91
159,147,74
159,148,80
159,149,87
160,0,144
160,1,13
160,2,70
160,3,48
160,4,41
160,5,48
160,6,52
160,7,52
160,8,52
160,9,50
160,10,46
160,11,44
160,12,44
160,13,46
160,14,50
160,15,52
160,16,68
160,17,63
160,18,55
160,19,48
160,20,45
160,21,46
160,22,50
160,23,53
160,24,32
160,25,35
160,26,41
160,27,45
160,28,46
160,29,44
160,30,40
160,31,37
160,32,35
160,33,33
160,34,29
160,35,28
160,36,28
160,37,31
160,38,35
160,39,38
160,40,46
160,41,56
160,42,64
160,43,64
160,44,58
160,45,56
160,46,63
160,47,70
160,48,73
160,49,74
160,50,74
160,51,74
160,52,72
160,53,68
160,54,64
160,55,62
160,56,49
160,57,49
160,58,49
160,59,49
160,60,48
160,61,48
160,62,48
160,63,48
160,64,50
160,65,50
160,66,50
160,67,49
160,68,49
160,69,49
160,70,49
160,71,49
160,72,43
160,73,42
160,74,41
160,75,39
160,76,38
160,77,36
160,78,35
160,79,34
160,80,33
160,81,36
160,82,40
160,83,45
160,84,51
160,85,56
160,86,60
160,87,63
160,88,58
160,89,98
160,90,122
160,91,101
160,92,70
160,93,58
160,94,59
160,95,57
160,96,45
160,97,51
160,98,54
160,99,50
160,100,49
160,101,64
160,102,94
160,103,119
160,104,112
160,105,111
160,106,108
160,107,105
160,108,100
160,109,95
160,110,90
160,111,88
160,112,123
160,113,136
160,114,128
160,115,95
160,116,71
160,117,72
160,118,72
160,119,64
160,120,59
160,121,68
160,122,76
160,123,76
160,124,70
160,125,69
160,126,75
160,127,83
160,128,64
160,129,75
160,130,89
160,131,97
160,132,106
160,133,126
160,134,156
160,135,179
160,136,190
160,137,185
160,138,184
160,139,192
160,140,202
160,141,201
160,142,186
160,143,171
160,144,127
160,145,105
160,146,78
160,147,64
160,148,66
160,149,76
161,0,143
161,1,13
161,2,70
161,3,49
161,4,41
161,5,48
161,6,51
161,7,51
161,8,52
161,9,50
161,10,46
161,11,44
161,12,44
161,13,46
161,14,50
161,15,52
161,16,66
161,17,63
161,18,58
161,19,52
161,20,48
161,21,46
161,22,45
161,23,46
161,24,34
161,25,37
161,26,42
161,27,45
161,28,45
161,29,43
161,30,40
161,31,37
161,32,35
161,33,33
161,34,30
161,35,28
161,36,29
161,37,32
161,38,37
161,39,39
161,40,48
161,41,57
161,42,64
161,43,64
161,44,58
161,45,57
161,46,64
161,47,72
161,48,88
161,49,85
161,50,79
161,51,72
161,52,66
161,53,61
161,54,58
161,55,56
161,56,52
161,57,51
161,58,50
161,59,49
161,60,47
161,61,46
161,62,45
161,63,44
161,64,52
161,65,51
161,66,50
161,67,49
161,68,47
161,69,46
161,70,45
161,71,44
161,72,42
161,73,41
161,74,40
161,75,39
161,76,37
161,77,36
161,78,35
161,79,34
161,80,33
161,81,36
161,82,40
161,83,45
161,84,51
161,85,56
161,86,60
161,87,63
161,88,63
161,89,103
161,90,124
161,91,101
161,92,68
161,93,56
161,94,55
161,95,54
161,96,44
161,97,46
161,98,48
161,99,50
161,100,58
161,101,77
161,102,102
161,103,119
161,104,114
161,105,112
161,106,109
161,107,104
161,108,98
161,109,93
161,110,89
161,111,86
161,112,107
161,113,127
161,114,129
161,115,102
161,116,78
161,117,75
161,118,75
161,119,71
161,120,65
161,121,73
161,122,81
161,123,81
161,124,76
161,125,75
161,126,82
161,127,90
161,128,76
161,129,93
161,130,115
161,131,130
161,132,139
161,133,151
161,134,167
161,135,181
161,136,192
161,137,188
161,138,187
161,139,192
161,140,195
161,141,188
161,142,169
161,143,152
161,144,111
161,145,92
161,146,69
161,147,60
161,148,66
161,149,77
162,0,140
162,1,11
162,2,70
162,3,49
162,4,42
162,5,47
162,6,50
162,7,48
162,8,52
162,9,50
162,10,46
162,11,44
162,12,44
162,13,46
162,14,50
162,15,52
162,16,63
162,17,62
162,18,61
162,19,58
162,20,52
162,21,46
162,22,39
162,23,36
162,24,39
162,25,41
162,26,43
162,27,45
162,28,44
162,29,42
162,30,39
162,31,37
162,32,35
162,33,34
162,34,31
162,35,30
162,36,31
162,37,35
162,38,39
162,39,42
162,40,51
162,41,59
162,42,65
162,43,64
162,44,58
162,45,58
162,46,66
162,47,75
162,48,103
162,49,95
162,50,82
162,51,69
162,52,59
162,53,54
162,54,53
162,55,54
162,56,55
162,57,54
162,58,52
162,59,49
162,60,46
162,61,43
162,62,40
162,63,39
162,64,54
162,65,52
162,66,50
162,67,47
162,68,44
162,69,41
162,70,39
162,71,37
162,72,40
162,73,39
162,74,39
162,75,38
162,76,37
162,77,36
162,78,35
162,79,35
162,80,33
162,81,36
162,82,40
162,83,45
162,84,51
162,85,56
162,86,60
162,87,63
162,88,72
162,89,109
162,90,127
162,91,101
162,92,65
162,93,51
162,94,50
162,95,48
162,96,43
162,97,39
162,98,39
162,99,51
162,100,74
162,101,98
162,102,113
162,103,120
162,104,117
162,105,114
162,106,108
162,107,102
162,108,95
162,109,90
162,110,87
162,111,85
162,112,90
162,113,117
162,114,132
162,115,115
162,116,89
162,117,76
162,118,76
162,119,76
162,120,69
162,121,77
162,122,84
162,123,84
162,124,80
162,125,81
162,126,90
162,127,100
162,128,99
162,129,120
162,130,148
162,131,169
162,132,178
162,133,181
162,134,183
162,135,185
162,136,196
162,137,193
162,138,191
162,139,189
162,140,182
162,141,165
162,142,141
162,143,122
162,144,85
162,145,71
162,146,57
162,147,56
162,148,68
162,149,82
163,0,137
163,1,9
163,2,69
163,3,50
163,4,43
163,5,47
163,6,48
163,7,45
163,8,52
163,9,50
163,10,46
163,11,44
163,12,44
163,13,46
163,14,50
163,15,52
163,16,59
163,17,61
163,18,62
163,19,61
163,20,55
163,21,45
163,22,35
163,23,29
163,24,46
163,25,45
163,26,45
163,27,44
163,28,43
163,29,40
163,30,38
163,31,37
163,32,36
163,33,34
163,34,32
163,35,32
163,36,34
163,37,38
163,38,43
163,39,46
163,40,56
163,41,62
163,42,67
163,43,64
163,44,58
163,45,59
163,46,69
163,47,79
163,48,106
163,49,96
163,50,80
163,51,66
163,52,57
163,53,55
163,54,58
163,55,61
163,56,57
163,57,56
163,58,53
163,59,48
163,60,44
163,61,40
163,62,37
163,63,35
163,64,54
163,65,52
163,66,49
163,67,45
163,68,40
163,69,36
163,70,33
163,71,31
163,72,37
163,73,37
163,74,37
163,75,36
163,76,36
163,77,36
163,78,35
163,79,35
163,80,33
163,81,36
163,82,40
163,83,45
163,84,51
163,85,56
163,86,60
163,87,63
163,88,80
163,89,115
163,90,130
163,91,100
163,92,62
163,93,47
163,94,46
163,95,44
163,96,43
163,97,34
163,98,34
163,99,57
163,100,92
163,101,118
163,102,123
163,103,118
163,104,118
163,105,113
163,106,106
163,107,99
163,108,92
163,109,88
163,110,86
163,111,86
163,112,87
163,113,115
163,114,137
163,115,128
163,116,99
163,117,75
163,118,68
163,119,70
163,120,65
163,121,73
163,122,81
163,123,82
163,124,80
163,125,84
163,126,97
163,127,109
163,128,129
163,129,145
163,130,167
163,131,187
163,132,196
163,133,196
163,134,193
163,135,190
163,136,198
163,137,196
163,138,191
163,139,180
163,140,162
163,141,136
163,142,110
163,143,92
163,144,61
163,145,53
163,146,49
163,147,57
163,148,76
163,149,94
164,0,134
164,1,7
164,2,69
164,3,51
164,4,44
164,5,47
164,6,46
164,7,42
164,8,52
164,9,50
164,10,46
164,11,44
164,12,44
164,13,46
164,14,50
164,15,52
164,16,57
164,17,58
164,18,60
164,19,59
164,20,54
164,21,45
164,22,36
164,23,30
164,24,52
164,25,51
164,26,47
164,27,44
164,28,41
164,29,39
164,30,38
164,31,37
164,32,37
164,33,35
164,34,34
164,35,34
164,36,36
164,37,41
164,38,47
164,39,50
164,40,60
164,41,65
164,42,68
164,43,64
164,44,59
164,45,61
164,46,72
164,47,84
164,48,98
164,49,89
164,50,77
164,51,65
164,52,60
164,53,62
164,54,67
164,55,71
164,56,56
164,57,54
164,58,51
164,59,47
164,60,43
164,61,38
164,62,35
164,63,34
164,64,50
164,65,48
164,66,45
164,67,41
164,68,36
164,69,32
164,70,29
164,71,27
164,72,34
164,73,34
164,74,34
164,75,35
164,76,35
164,77,35
164,78,36
164,79,36
164,80,33
164,81,36
164,82,40
164,83,45
164,84,51
164,85,56
164,86,60
164,87,63
164,88,86
164,89,119
164,90,131
164,91,99
164,92,59
164,93,44
164,94,44
164,95,43
164,96,46
164,97,37
164,98,39
164,99,67
164,100,106
164,101,130
164,102,127
164,103,114
164,104,115
164,105,110
164,106,102
164,107,95
164,108,90
164,109,88
164,110,89
164,111,90
164,112,95
164,113,115
164,114,136
164,115,135
164,116,108
164,117,76
164,118,61
164,119,61
164,120,58
164,121,66
164,122,75
164,123,79
164,124,81
164,125,91
164,126,108
164,127,123
164,128,158
164,129,163
164,130,172
164,131,183
164,132,192
164,133,196
164,134,195
164,135,192
164,136,197
164,137,195
164,138,185
164,139,166
164,140,138
164,141,108
164,142,84
164,143,71
164,144,46
164,145,44
164,146,50
164,147,68
164,148,93
164,149,112
165,0,131
165,1,5
165,2,69
165,3,52
165,4,45
165,5,47
165,6,44
165,7,39
165,8,52
165,9,50
165,10,46
165,11,44
165,12,44
165,13,46
165,14,50
165,15,52
165,16,55
165,17,55
165,18,55
165,19,53
165,20,50
165,21,45
165,22,40
165,23,37
165,24,59
165,25,55
165,26,50
165,27,44
165,28,39
165,29,37
165,30,37
165,31,37
165,32,37
165,33,36
165,34,35
165,35,35
165,36,39
165,37,44
165,38,50
165,39,54
165,40,64
165,41,68
165,42,70
165,43,64
165,44,59
165,45,62
165,46,75
165,47,88
165,48,92
165,49,87
165,50,78
165,51,70
165,52,65
165,53,66
165,54,68
165,55,71
165,56,52
165,57,51
165,58,48
165,59,45
165,60,42
165,61,39
165,62,37
165,63,36
165,64,44
165,65,42
165,66,40
165,67,37
165,68,34
165,69,31
165,70,29
165,71,27
165,72,31
165,73,32
165,74,32
165,75,33
165,76,34
165,77,35
165,78,36
165,79,36
165,80,33
165,81,36
165,82,40
165,83,45
165,84,51
165,85,56
165,86,60
165,87,63
165,88,88
165,89,120
165,90,130
165,91,97
165,92,57
165,93,43
165,94,44
165,95,45
165,96,50
165,97,46
165,98,52
165,99,80
165,100,116
165,101,133
165,102,125
165,103,109
165,104,110
165,105,105
165,106,97
165,107,90
165,108,88
165,109,90
165,110,94
165,111,97
165,112,102
165,113,109
165,114,124
165,115,133
165,116,117
165,117,85
165,118,65
165,119,62
165,120,58
165,121,67
165,122,78
165,123,85
165,124,92
165,125,108
165,126,130
165,127,148
165,128,181
165,129,176
165,130,173
165,131,177
165,132,187
165,133,193
165,134,193
165,135,190
165,136,195
165,137,190
165,138,175
165,139,147
165,140,112
165,141,83
165,142,67
165,143,61
165,144,43
165,145,46
165,146,60
165,147,86
165,148,115
165,149,135
166,0,128
166,1,4
166,2,69
166,3,53
166,4,45
166,5,46
166,6,42
166,7,36
166,8,52
166,9,50
166,10,46
166,11,44
166,12,44
166,13,46
166,14,50
166,15,52
166,16,54
166,17,52
166,18,48
166,19,46
166,20,45
166,21,45
166,22,47
166,23,48
166,24,63
166,25,59
166,26,51
166,27,44
166,28,38
166,29,36
166,30,36
166,31,37
166,32,38
166,33,37
166,34,36
166,35,37
166,36,41
166,37,47
166,38,53
166,39,57
166,40,67
166,41,71
166,42,71
166,43,64
166,44,59
166,45,63
166,46,78
166,47,91
166,48,96
166,49,93
166,50,86
166,51,78
166,52,70
166,53,64
166,54,60
166,55,57
166,56,47
166,57,46
166,58,45
166,59,44
166,60,42
166,61,41
166,62,40
166,63,39
166,64,37
166,65,36
166,66,35
166,67,34
166,68,32
166,69,31
166,70,30
166,71,29
166,72,29
166,73,30
166,74,31
166,75,32
166,76,34
166,77,35
166,78,36
166,79,37
166,80,33
166,81,36
166,82,40
166,83,45
166,84,51
166,85,56
166,86,60
166,87,63
166,88,87
166,89,119
166,90,129
166,91,95
166,92,56
166,93,43
166,94,47
166,95,48
166,96,55
166,97,56
166,98,68
166,99,94
166,100,120
166,101,129
166,102,118
166,103,103
166,104,104
166,105,99
166,106,91
166,107,86
166,108,87
166,109,92
166,110,100
166,111,105
166,112,100
166,113,94
166,114,103
166,115,125
166,116,126
166,117,102
166,118,80
166,119,74
166,120,67
166,121,77
166,122,90
166,123,100
166,124,112
166,125,133
166,126,160
166,127,181
166,128,194
166,129,186
166,130,180
166,131,184
166,132,193
166,133,197
166,134,192
166,135,184
166,136,191
166,137,184
166,138,164
166,139,129
166,140,91
166,141,66
166,142,59
166,143,61
166,144,47
166,145,54
166,146,74
166,147,104
166,148,136
166,149,156
167,0,127
167,1,3
167,2,68
167,3,53
167,4,46
167,5,46
167,6,42
167,7,35
167,8,52
167,9,50
167,10,46
167,11,44
167,12,44
167,13,46
167,14,50
167,15,52
167,16,53
167,17,50
167,18,44
167,19,41
167,20,41
167,21,45
167,22,51
167,23,55
167,24,66
167,25,61
167,26,52
167,27,43
167,28,38
167,29,35
167,30,36
167,31,37
167,32,38
167,33,37
167,34,36
167,35,38
167,36,42
167,37,48
167,38,54
167,39,58
167,40,69
167,41,72
167,42,71
167,43,65
167,44,59
167,45,64
167,46,79
167,47,93
167,48,103
167,49,100
167,50,94
167,51,84
167,52,73
167,53,60
167,54,49
167,55,43
167,56,43
167,57,43
167,58,43
167,59,43
167,60,42
167,61,42
167,62,42
167,63,42
167,64,32
167,65,32
167,66,32
167,67,32
167,68,32
167,69,31
167,70,31
167,71,31
167,72,28
167,73,29
167,74,30
167,75,32
167,76,33
167,77,35
167,78,36
167,79,37
167,80,33
167,81,36
167,82,40
167,83,45
167,84,51
167,85,56
167,86,60
167,87,63
167,88,86
167,89,118
167,90,127
167,91,94
167,92,56
167,93,44
167,94,49
167,95,51
167,96,58
167,97,64
167,98,79
167,99,102
167,100,121
167,101,125
167,102,113
167,103,100
167,104,99
167,105,95
167,106,88
167,107,84
167,108,86
167,109,94
167,110,104
167,111,110
167,112,95
167,113,80
167,114,87
167,115,117
167,116,132
167,117,115
167,118,94
167,119,88
167,120,77
167,121,87
167,122,101
167,123,114
167,124,129
167,125,153
167,126,183
167,127,205
167,128,200
167,129,192
167,130,188
167,131,194
167,132,204
167,133,204
167,134,192
167,135,179
167,136,189
167,137,180
167,138,156
167,139,118
167,140,79
167,141,57
167,142,56
167,143,63
167,144,52
167,145,61
167,146,83
167,147,116
167,148,150
167,149,169
168,0,132
168,1,5
168,2,67
168,3,49
168,4,42
168,5,47
168,6,47
168,7,44
168,8,37
168,9,59
168,10,65
168,11,46
168,12,33
168,13,40
168,14,44
168,15,37
168,16,51
168,17,49
168,18,47
168,19,48
168,20,54
168,21,65
168,22,76
168,23,84
168,24,63
168,25,57
168,26,48
168,27,41
168,28,38
168,29,41
168,30,46
168,31,50
168,32,51
168,33,45
168,34,38
168,35,34
168,36,39
168,37,50
168,38,64
168,39,73
168,40,94
168,41,83
168,42,67
168,43,55
168,44,53
168,45,60
168,46,73
168,47,82
168,48,89
168,49,88
168,50,86
168,51,82
168,52,74
168,53,65
168,54,56
168,55,51
168,56,49
168,57,48
168,58,46
168,59,44
168,60,42
168,61,40
168,62,38
168,63,37
168,64,33
168,65,33
168,66,32
168,67,31
168,68,30
168,69,29
168,70,28
168,71,28
168,72,25
168,73,26
168,74,26
168,75,27
168,76,29
168,77,30
168,78,30
168,79,31
168,80,39
168,81,36
168,82,33
168,83,34
168,84,41
168,85,53
168,86,66
168,87,74
168,88,109
168,89,132
168,90,132
168,91,95
168,92,60
168,93,51
168,94,54
168,95,53
168,96,60
168,97,85
168,98,115
168,99,131
168,100,128
168,101,118
168,102,114
168,103,115
168,104,95
168,105,92
168,106,87
168,107,84
168,108,85
168,109,90
168,110,96
168,111,100
168,112,79
168,113,76
168,114,84
168,115,109
168,116,135
168,117,138
168,118,114
168,119,88
168,120,71
168,121,86
168,122,110
168,123,137
168,124,159
168,125,175
168,126,183
168,127,186
168,128,189
168,129,189
168,130,188
168,131,187
168,132,187
168,133,188
168,134,189
168,135,190
168,136,187
168,137,169
168,138,139
168,139,105
168,140,76
168,141,57
168,142,47
168,143,43
168,144,51
168,145,80
168,146,119
168,147,149
168,148,161
168,149,162
169,0,132
169,1,5
169,2,67
169,3,50
169,4,44
169,5,49
169,6,50
169,7,47
169,8,39
169,9,55
169,10,57
169,11,43
169,12,37
169,13,46
169,14,48
169,15,39
169,16,49
169,17,49
169,18,50
169,19,54
169,20,59
169,21,66
169,22,73
169,23,77
169,24,66
169,25,60
169,26,50
169,27,41
169,28,38
169,29,39
169,30,43
169,31,47
169,32,47
169,33,42
169,34,36
169,35,35
169,36,41
169,37,54
169,38,70
169,39,79
169,40,98
169,41,87
169,42,71
169,43,58
169,44,55
169,45,63
169,46,75
169,47,83
169,48,87
169,49,87
169,50,85
169,51,81
169,52,74
169,53,64
169,54,56
169,55,50
169,56,49
169,57,48
169,58,46
169,59,44
169,60,42
169,61,40
169,62,38
169,63,37
169,64,33
169,65,33
169,66,32
169,67,31
169,68,30
169,69,29
169,70,28
169,71,28
169,72,25
169,73,26
169,74,26
169,75,27
169,76,29
169,77,30
169,78,30
169,79,31
169,80,38
169,81,35
169,82,33
169,83,33
169,84,40
169,85,51
169,86,63
169,87,71
169,88,106
169,89,126
169,90,123
169,91,88
169,92,57
169,93,54
169,94,61
169,95,62
169,96,78
169,97,97
169,98,120
169,99,130
169,100,125
169,101,116
169,102,112
169,103,112
169,104,94
169,105,92
169,106,90
169,107,88
169,108,88
169,109,89
169,110,91
169,111,93
169,112,86
169,113,80
169,114,83
169,115,105
169,116,132
169,117,141
169,118,127
169,119,109
169,120,97
169,121,110
169,122,130
169,123,153
169,124,172
169,125,184
169,126,190
169,127,192
169,128,186
169,129,186
169,130,187
169,131,187
169,132,188
169,133,189
169,134,190
169,135,190
169,136,175
169,137,156
169,138,125
169,139,94
169,140,71
169,141,60
169,142,58
169,143,60
169,144,71
169,145,98
169,146,133
169,147,158
169,148,166
169,149,166
170,0,131
170,1,4
170,2,67
170,3,52
170,4,47
170,5,54
170,6,55
170,7,53
170,8,50
170,9,53
170,10,48
170,11,40
170,12,43
170,13,51
170,14,49
170,15,37
170,16,42
170,17,46
170,18,54
170,19,63
170,20,69
170,21,73
170,22,74
170,23,75
170,24,71
170,25,63
170,26,52
170,27,42
170,28,37
170,29,37
170,30,40
170,31,42
170,32,41
170,33,38
170,34,34
170,35,35
170,36,45
170,37,62
170,38,79
170,39,90
170,40,105
170,41,93
170,42,77
170,43,63
170,44,59
170,45,65
170,46,77
170,47,85
170,48,84
170,49,84
170,50,83
170,51,79
170,52,72
170,53,63
170,54,55
170,55,50
170,56,49
170,57,48
170,58,46
170,59,44
170,60,42
170,61,40
170,62,38
170,63,37
170,64,33
170,65,33
170,66,32
170,67,31
170,68,30
170,69,29
170,70,28
170,71,28
170,72,25
170,73,26
170,74,26
170,75,27
170,76,29
170,77,30
170,78,30
170,79,31
170,80,37
170,81,34
170,82,32
170,83,33
170,84,38
170,85,48
170,86,58
170,87,64
170,88,99
170,89,115
170,90,110
170,91,77
170,92,55
170,93,61
170,94,74
170,95,78
170,96,106
170,97,116
170,98,127
170,99,128
170,100,121
170,101,112
170,102,108
170,103,108
170,104,92
170,105,93
170,106,94
170,107,94
170,108,91
170,109,88
170,110,84
170,111,82
170,112,91
170,113,82
170,114,79
170,115,95
170,116,123
170,117,142
170,118,144
170,119,137
170,120,133
170,121,142
170,122,157
170,123,172
170,124,185
170,125,192
170,126,194
170,127,195
170,128,182
170,129,183
170,130,185
170,131,188
170,132,189
170,133,190
170,134,190
170,135,190
170,136,162
170,137,140
170,138,107
170,139,77
170,140,61
170,141,62
170,142,72
170,143,82
170,144,103
170,145,126
170,146,154
170,147,172
170,148,174
170,149,169
171,0,129
171,1,4
171,2,68
171,3,54
171,4,51
171,5,60
171,6,63
171,7,61
171,8,69
171,9,59
171,10,46
171,11,40
171,12,45
171,13,49
171,14,41
171,15,30
171,16,32
171,17,42
171,18,57
171,19,72
171,20,82
171,21,86
171,22,85
171,23,83
171,24,74
171,25,66
171,26,54
171,27,43
171,28,36
171,29,35
171,30,37
171,31,39
171,32,37
171,33,34
171,34,33
171,35,37
171,36,50
171,37,69
171,38,89
171,39,101
171,40,112
171,41,100
171,42,82
171,43,67
171,44,62
171,45,67
171,46,78
171,47,86
171,48,81
171,49,81
171,50,80
171,51,77
171,52,70
171,53,62
171,54,54
171,55,49
171,56,49
171,57,48
171,58,46
171,59,44
171,60,42
171,61,40
171,62,38
171,63,37
171,64,33
171,65,33
171,66,32
171,67,31
171,68,30
171,69,29
171,70,28
171,71,28
171,72,25
171,73,26
171,74,26
171,75,27
171,76,29
171,77,30
171,78,30
171,79,31
171,80,34
171,81,33
171,82,32
171,83,32
171,84,37
171,85,44
171,86,51
171,87,56
171,88,89
171,89,102
171,90,96
171,91,69
171,92,57
171,93,74
171,94,92
171,95,97
171,96,131
171,97,132
171,98,131
171,99,126
171,100,118
171,101,109
171,102,104
171,103,102
171,104,90
171,105,93
171,106,96
171,107,97
171,108,94
171,109,87
171,110,79
171,111,73
171,112,87
171,113,77
171,114,71
171,115,84
171,116,111
171,117,138
171,118,154
171,119,158
171,120,159
171,121,165
171,122,173
171,123,182
171,124,188
171,125,190
171,126,190
171,127,189
171,128,179
171,129,181
171,130,185
171,131,188
171,132,190
171,133,190
171,134,188
171,135,187
171,136,154
171,137,130
171,138,94
171,139,63
171,140,52
171,141,62
171,142,82
171,143,98
171,144,137
171,145,154
171,146,175
171,147,183
171,148,178
171,149,170
172,0,127
172,1,3
172,2,69
172,3,57
172,4,56
172,5,66
172,6,71
172,7,70
172,8,84
172,9,66
172,10,48
172,11,44
172,12,45
172,13,42
172,14,33
172,15,27
172,16,32
172,17,44
172,18,63
172,19,81
172,20,94
172,21,98
172,22,96
172,23,94
172,24,74
172,25,66
172,26,54
172,27,43
172,28,36
172,29,35
172,30,37
172,31,39
172,32,35
172,33,33
172,34,33
172,35,40
172,36,54
172,37,76
172,38,97
172,39,110
172,40,116
172,41,104
172,42,85
172,43,69
172,44,63
172,45,66
172,46,76
172,47,83
172,48,76
172,49,77
172,50,76
172,51,74
172,52,68
172,53,61
172,54,53
172,55,49
172,56,49
172,57,48
172,58,46
172,59,44
172,60,42
172,61,40
172,62,38
172,63,37
172,64,33
172,65,33
172,66,32
172,67,31
172,68,30
172,69,29
172,70,28
172,71,28
172,72,25
172,73,26
172,74,26
172,75,27
172,76,29
172,77,30
172,78,30
172,79,31
172,80,32
172,81,32
172,82,31
172,83,32
172,84,34
172,85,39
172,86,44
172,87,47
172,88,77
172,89,89
172,90,85
172,91,66
172,92,66
172,93,91
172,94,113
172,95,117
172,96,144
172,97,139
172,98,132
172,99,124
172,100,117
172,101,109
172,102,101
172,103,95
172,104,89
172,105,92
172,106,95
172,107,96
172,108,93
172,109,85
172,110,77
172,111,72
172,112,78
172,113,72
172,114,69
172,115,81
172,116,107
172,117,137
172,118,159
172,119,169
172,120,171
172,121,173
172,122,177
172,123,181
172,124,183
172,125,182
172,126,181
172,127,180
172,128,179
172,129,182
172,130,187
172,131,190
172,132,190
172,133,188
172,134,183
172,135,180
172,136,147
172,137,122
172,138,85
172,139,56
172,140,48
172,141,64
172,142,91
172,143,111
172,144,161
172,145,174
172,146,186
172,147,187
172,148,176
172,149,164
173,0,126
173,1,2
173,2,69
173,3,59
173,4,60
173,5,72
173,6,78
173,7,78
173,8,81
173,9,63
173,10,49
173,11,48
173,12,45
173,13,36
173,14,35
173,15,41
173,16,55
173,17,64
173,18,78
173,19,92
173,20,100
173,21,101
173,22,99
173,23,96
173,24,71
173,25,63
173,26,52
173,27,42
173,28,37
173,29,37
173,30,40
173,31,42
173,32,37
173,33,35
173,34,36
173,35,42
173,36,58
173,37,80
173,38,101
173,39,115
173,40,118
173,41,105
173,42,86
173,43,68
173,44,61
173,45,63
173,46,72
173,47,79
173,48,73
173,49,73
173,50,73
173,51,71
173,52,66
173,53,59
173,54,52
173,55,48
173,56,49
173,57,48
173,58,46
173,59,44
173,60,42
173,61,40
173,62,38
173,63,37
173,64,33
173,65,33
173,66,32
173,67,31
173,68,30
173,69,29
173,70,28
173,71,28
173,72,25
173,73,26
173,74,26
173,75,27
173,76,29
173,77,30
173,78,30
173,79,31
173,80,30
173,81,30
173,82,30
173,83,31
173,84,33
173,85,35
173,86,37
173,87,38
173,88,64
173,89,77
173,90,79
173,91,71
173,92,82
173,93,112
173,94,132
173,95,133
173,96,144
173,97,136
173,98,128
173,99,123
173,100,120
173,101,112
173,102,99
173,103,89
173,104,89
173,105,90
173,106,90
173,107,90
173,108,88
173,109,85
173,110,81
173,111,78
173,112,74
173,113,75
173,114,82
173,115,97
173,116,120
173,117,146
173,118,167
173,119,178
173,120,174
173,121,175
173,122,177
173,123,178
173,124,178
173,125,178
173,126,178
173,127,177
173,128,182
173,129,186
173,130,190
173,131,192
173,132,190
173,133,184
173,134,176
173,135,171
173,136,131
173,137,108
173,138,76
173,139,53
173,140,53
173,141,76
173,142,108
173,143,131
173,144,173
173,145,182
173,146,188
173,147,182
173,148,166
173,149,153
174,0,125
174,1,1
174,2,70
174,3,61
174,4,63
174,5,77
174,6,84
174,7,84
174,8,62
174,9,49
174,10,44
174,11,49
174,12,46
174,13,38
174,14,48
174,15,69
174,16,93
174,17,96
174,18,100
174,19,102
174,20,100
174,21,95
174,22,89
174,23,85
174,24,66
174,25,60
174,26,50
174,27,41
174,28,38
174,29,39
174,30,43
174,31,47
174,32,40
174,33,38
174,34,39
174,35,45
174,36,60
174,37,82
174,38,103
174,39,116
174,40,118
174,41,104
174,42,84
174,43,66
174,44,57
174,45,59
174,46,67
174,47,74
174,48,70
174,49,71
174,50,71
174,51,69
174,52,65
174,53,58
174,54,52
174,55,48
174,56,49
174,57,48
174,58,46
174,59,44
174,60,42
174,61,40
174,62,38
174,63,37
174,64,33
174,65,33
174,66,32
174,67,31
174,68,30
174,69,29
174,70,28
174,71,28
174,72,25
174,73,26
174,74,26
174,75,27
174,76,29
174,77,30
174,78,30
174,79,31
174,80,29
174,81,29
174,82,30
174,83,31
174,84,31
174,85,32
174,86,32
174,87,32
174,88,53
174,89,69
174,90,77
174,91,78
174,92,97
174,93,131
174,94,148
174,95,145
174,96,135
174,97,128
174,98,122
174,99,122
174,100,124
174,101,116
174,102,99
174,103,84
174,104,89
174,105,87
174,106,85
174,107,83
174,108,83
174,109,84
174,110,86
174,111,88
174,112,80
174,113,89
174,114,106
174,115,126
174,116,146
174,117,165
174,118,180
174,119,188
174,120,178
174,121,178
174,122,179
174,123,180
174,124,181
174,125,182
174,126,183
174,127,184
174,128,187
174,129,190
174,130,194
174,131,194
174,132,189
174,133,180
174,134,169
174,135,162
174,136,104
174,137,87
174,138,65
174,139,53
174,140,64
174,141,95
174,142,132
174,143,158
174,144,176
174,145,181
174,146,183
174,147,173
174,148,155
174,149,140
175,0,124
175,1,1
175,2,70
175,3,62
175,4,65
175,5,79
175,6,87
175,7,88
175,8,43
175,9,35
175,10,39
175,11,50
175,12,47
175,13,41
175,14,61
175,15,92
175,16,123
175,17,121
175,18,116
175,19,108
175,20,98
175,21,87
175,22,78
175,23,72
175,24,63
175,25,57
175,26,48
175,27,41
175,28,38
175,29,41
175,30,46
175,31,50
175,32,43
175,33,41
175,34,41
175,35,47
175,36,61
175,37,83
175,38,104
175,39,117
175,40,117
175,41,104
175,42,83
175,43,64
175,44,55
175,45,56
175,46,64
175,47,70
175,48,68
175,49,69
175,50,70
175,51,68
175,52,64
175,53,58
175,54,52
175,55,47
175,56,49
175,57,48
175,58,46
175,59,44
175,60,42
175,61,40
175,62,38
175,63,37
175,64,33
175,65,33
175,66,32
175,67,31
175,68,30
175,69,29
175,70,28
175,71,28
175,72,25
175,73,26
175,74,26
175,75,27
175,76,29
175,77,30
175,78,30
175,79,31
175,80,28
175,81,29
175,82,30
175,83,30
175,84,30
175,85,30
175,86,29
175,87,28
175,88,47
175,89,65
175,90,77
175,91,84
175,92,107
175,93,142
175,94,156
175,95,151
175,96,128
175,97,121
175,98,118
175,99,122
175,100,126
175,101,119
175,102,99
175,103,81
175,104,89
175,105,86
175,106,81
175,107,78
175,108,79
175,109,84
175,110,90
175,111,94
175,112,87
175,113,102
175,114,126
175,115,149
175,116,168
175,117,181
175,118,191
175,119,197
175,120,181
175,121,182
175,122,182
175,123,183
175,124,186
175,125,188
175,126,191
175,127,192
175,128,190
175,129,193
175,130,196
175,131,196
175,132,189
175,133,177
175,134,164
175,135,156
175,136,83
175,137,70
175,138,56
175,139,54
175,140,73
175,141,110
175,142,151
175,143,178
175,144,174
175,145,179
175,146,178
175,147,166
175,148,147
175,149,133
176,0,137
176,1,0
176,2,74
176,3,67
176,4,70
176,5,94
176,6,89
176,7,81
176,8,55
176,9,33
176,10,23
176,11,33
176,12,45
176,13,60
176,14,95
176,15,133
176,16,155
176,17,158
176,18,154
176,19,134
176,20,106
176,21,85
176,22,78
176,23,80
176,24,62
176,25,57
176,26,49
176,27,41
176,28,38
176,29,40
176,30,43
176,31,46
176,32,44
176,33,39
176,34,40
176,35,55
176,36,80
176,37,103
176,38,115
176,39,118
176,40,108
176,41,92
176,42,74
176,43,65
176,44,67
176,45,70
176,46,68
176,47,63
176,48,63
176,49,61
176,50,59
176,51,55
176,52,51
176,53,47
176,54,45
176,55,43
176,56,51
176,57,50
176,58,48
176,59,44
176,60,41
176,61,38
176,62,35
176,63,34
176,64,29
176,65,32
176,66,36
176,67,39
176,68,38
176,69,34
176,70,29
176,71,26
176,72,28
176,73,28
176,74,29
176,75,30
176,76,31
176,77,32
176,78,33
176,79,33
176,80,28
176,81,37
176,82,45
176,83,43
176,84,37
176,85,40
176,86,54
176,87,68
176,88,69
176,89,59
176,90,60
176,91,85
176,92,123
176,93,148
176,94,148
176,95,138
176,96,137
176,97,136
176,98,132
176,99,125
176,100,117
176,101,107
176,102,98
176,103,93
176,104,76
176,105,76
176,106,76
176,107,79
176,108,84
176,109,88
176,110,90
176,111,89
176,112,121
176,113,132
176,114,150
176,115,170
176,116,184
176,117,192
176,118,195
176,119,195
176,120,192
176,121,187
176,122,179
176,123,173
176,124,173
176,125,179
176,126,187
176,127,192
176,128,193
176,129,192
176,130,182
176,131,173
176,132,182
176,133,188
176,134,158
176,135,117
176,136,84
176,137,65
176,138,52
176,139,69
176,140,110
176,141,149
176,142,167
176,143,170
176,144,185
176,145,179
176,146,169
176,147,158
176,148,149
176,149,143
177,0,133
177,1,0
177,2,75
177,3,71
177,4,79
177,5,102
177,6,101
177,7,91
177,8,55
177,9,35
177,10,27
177,11,41
177,12,61
177,13,84
177,14,123
177,15,160
177,16,157
177,17,154
177,18,144
177,19,126
177,20,106
177,21,91
177,22,84
177,23,82
177,24,68
177,25,61
177,26,51
177,27,42
177,28,38
177,29,38
177,30,41
177,31,44
177,32,42
177,33,39
177,34,41
177,35,58
177,36,83
177,37,106
177,38,116
177,39,119
177,40,106
177,41,91
177,42,73
177,43,66
177,44,68
177,45,70
177,46,67
177,47,63
177,48,59
177,49,58
177,50,56
177,51,54
177,52,52
177,53,50
177,54,48
177,55,47
177,56,52
177,57,50
177,58,48
177,59,45
177,60,41
177,61,38
177,62,36
177,63,34
177,64,31
177,65,33
177,66,36
177,67,38
177,68,37
177,69,34
177,70,29
177,71,26
177,72,28
177,73,28
177,74,29
177,75,30
177,76,31
177,77,32
177,78,33
177,79,33
177,80,20
177,81,27
177,82,32
177,83,30
177,84,27
177,85,33
177,86,49
177,87,63
177,88,73
177,89,68
177,90,74
177,91,101
177,92,138
177,93,159
177,94,157
177,95,146
177,96,134
177,97,134
177,98,133
177,99,129
177,100,121
177,101,109
177,102,98
177,103,91
177,104,77
177,105,79
177,106,81
177,107,80
177,108,80
177,109,86
177,110,96
177,111,105
177,112,134
177,113,144
177,114,159
177,115,175
177,116,186
177,117,191
177,118,191
177,119,190
177,120,192
177,121,187
177,122,179
177,123,174
177,124,174
177,125,179
177,126,187
177,127,192
177,128,189
177,129,190
177,130,182
177,131,176
177,132,182
177,133,182
177,134,151
177,135,111
177,136,78
177,137,64
177,138,59
177,139,80
177,140,121
177,141,157
177,142,172
177,143,173
177,144,181
177,145,175
177,146,167
177,147,157
177,148,150
177,149,146
178,0,135
178,1,17
178,2,81
178,3,78
178,4,93
178,5,111
178,6,112
178,7,97
178,8,56
178,9,40
178,10,34
178,11,51
178,12,79
178,13,112
178,14,152
178,15,185
178,16,157
178,17,145
178,18,128
178,19,115
178,20,106
178,21,99
178,22,92
178,23,87
178,24,77
178,25,68
178,26,56
178,27,43
178,28,37
178,29,36
178,30,39
178,31,42
178,32,41
178,33,39
178,34,45
178,35,63
178,36,89
178,37,110
178,38,118
178,39,119
178,40,102
178,41,88
178,42,73
178,43,66
178,44,69
178,45,71
178,46,67
178,47,62
178,48,53
178,49,53
178,50,53
178,51,53
178,52,53
178,53,53
178,54,53
178,55,53
178,56,53
178,57,51
178,58,49
178,59,46
178,60,42
178,61,39
178,62,36
178,63,35
178,64,33
178,65,35
178,66,36
178,67,37
178,68,35
178,69,32
178,70,29
178,71,27
178,72,28
178,73,28
178,74,29
178,75,30
178,76,31
178,77,32
178,78,33
178,79,33
178,80,23
178,81,26
178,82,29
178,83,28
178,84,30
178,85,40
178,86,58
178,87,71
178,88,77
178,89,78
178,90,92
178,91,122
178,92,155
178,93,170
178,94,163
178,95,150
178,96,129
178,97,132
178,98,135
178,99,133
178,100,125
178,101,112
178,102,98
178,103,89
178,104,78
178,105,84
178,106,87
178,107,81
178,108,76
178,109,85
178,110,109
178,111,130
178,112,156
178,113,162
178,114,172
178,115,182
178,116,187
178,117,188
178,118,186
178,119,184
178,120,191
178,121,187
178,122,181
178,123,177
178,124,177
178,125,181
178,126,187
178,127,191
178,128,185
178,129,186
178,130,183
178,131,179
178,132,181
178,133,172
178,134,138
178,135,101
178,136,70
178,137,66
178,138,72
178,139,100
178,140,140
178,141,170
178,142,180
178,143,178
178,144,175
178,145,170
178,146,164
178,147,157
178,148,152
178,149,151
179,0,149
179,1,50
179,2,96
179,3,89
179,4,106
179,5,112
179,6,113
179,7,90
179,8,58
179,9,46
179,10,40
179,11,55
179,12,87
179,13,125
179,14,158
179,15,180
179,16,150
179,17,133
179,18,114
179,19,106
179,20,107
179,21,108
179,22,102
179,23,94
179,24,86
179,25,76
179,26,60
179,27,45
179,28,36
179,29,34
179,30,38
179,31,41
179,32,42
179,33,42
179,34,50
179,35,71
179,36,96
179,37,114
179,38,119
179,39,117
179,40,98
179,41,85
179,42,71
179,43,67
179,44,70
179,45,71
179,46,66
179,47,60
179,48,48
179,49,49
179,50,50
179,51,52
179,52,54
179,53,56
179,54,57
179,55,58
179,56,54
179,57,52
179,58,50
179,59,47
179,60,43
179,61,40
179,62,37
179,63,36
179,64,37
179,65,37
179,66,36
179,67,35
179,68,33
179,69,31
179,70,28
179,71,27
179,72,28
179,73,28
179,74,29
179,75,30
179,76,31
179,77,32
179,78,33
179,79,33
179,80,35
179,81,35
179,82,37
179,83,40
179,84,48
179,85,62
179,86,79
179,87,90
179,88,80
179,89,88
179,90,107
179,91,136
179,92,162
179,93,169
179,94,158
179,95,144
179,96,123
179,97,128
179,98,133
179,99,133
179,100,126
179,101,112
179,102,96
179,103,86
179,104,79
179,105,88
179,106,93
179,107,84
179,108,77
179,109,90
179,110,125
179,111,156
179,112,176
179,113,180
179,114,184
179,115,188
179,116,189
179,117,186
179,118,182
179,119,179
179,120,190
179,121,187
179,122,183
179,123,180
179,124,180
179,125,183
179,126,187
179,127,190
179,128,182
179,129,182
179,130,181
179,131,181
179,132,176
179,133,156
179,134,122
179,135,92
179,136,69
179,137,74
179,138,92
179,139,124
179,140,160
179,141,183
179,142,187
179,143,183
179,144,169
179,145,166
179,146,161
179,147,157
179,148,155
179,149,155
180,0,168
180,1,89
180,2,113
180,3,99
180,4,117
180,5,107
180,6,106
180,7,72
180,8,60
180,9,52
180,10,46
180,11,57
180,12,88
180,13,122
180,14,142
180,15,146
180,16,134
180,17,120
180,18,106
180,19,103
180,20,109
180,21,113
180,22,109
180,23,102
180,24,92
180,25,80
180,26,62
180,27,45
180,28,36
180,29,35
180,30,40
180,31,44
180,32,46
180,33,48
180,34,59
180,35,80
180,36,103
180,37,116
180,38,116
180,39,111
180,40,93
180,41,82
180,42,70
180,43,67
180,44,71
180,45,72
180,46,66
180,47,59
180,48,47
180,49,48
180,50,49
180,51,52
180,52,54
180,53,57
180,54,58
180,55,59
180,56,55
180,57,54
180,58,51
180,59,48
180,60,44
180,61,41
180,62,39
180,63,37
180,64,41
180,65,39
180,66,36
180,67,33
180,68,31
180,69,29
180,70,28
180,71,27
180,72,28
180,73,28
180,74,29
180,75,30
180,76,31
180,77,32
180,78,33
180,79,33
180,80,35
180,81,35
180,82,39
180,83,49
180,84,65
180,85,80
180,86,92
180,87,98
180,88,91
180,89,101
180,90,120
180,91,144
180,92,159
180,93,158
180,94,143
180,95,129
180,96,119
180,97,123
180,98,126
180,99,126
180,100,119
180,101,107
180,102,94
180,103,86
180,104,81
180,105,90
180,106,95
180,107,89
180,108,84
180,109,102
180,110,141
180,111,175
180,112,189
180,113,190
180,114,191
180,115,191
180,116,189
180,117,185
180,118,181
180,119,178
180,120,189
180,121,187
180,122,185
180,123,183
180,124,183
180,125,185
180,126,187
180,127,189
180,128,184
180,129,180
180,130,178
180,131,178
180,132,166
180,133,138
180,134,106
180,135,86
180,136,80
180,137,91
180,138,115
180,139,147
180,140,176
180,141,191
180,142,191
180,143,186
180,144,167
180,145,164
180,146,160
180,147,157
180,148,157
180,149,158
181,0,177
181,1,118
181,2,122
181,3,104
181,4,125
181,5,103
181,6,103
181,7,60
181,8,57
181,9,56
181,10,53
181,11,63
181,12,92
181,13,121
181,14,124
181,15,111
181,16,110
181,17,107
181,18,105
181,19,107
181,20,112
181,21,115
181,22,112
181,23,109
181,24,95
181,25,82
181,26,62
181,27,45
181,28,36
181,29,37
181,30,44
181,31,50
181,32,53
181,33,57
181,34,68
181,35,88
181,36,108
181,37,117
181,38,111
181,39,102
181,40,88
181,41,78
181,42,69
181,43,68
181,44,72
181,45,73
181,46,65
181,47,57
181,48,48
181,49,49
181,50,50
181,51,52
181,52,54
181,53,56
181,54,57
181,55,58
181,56,56
181,57,55
181,58,52
181,59,49
181,60,45
181,61,42
181,62,40
181,63,38
181,64,44
181,65,41
181,66,36
181,67,32
181,68,28
181,69,27
181,70,27
181,71,28
181,72,28
181,73,28
181,74,29
181,75,30
181,76,31
181,77,32
181,78,33
181,79,33
181,80,33
181,81,35
181,82,45
181,83,63
181,84,85
181,85,100
181,86,104
181,87,102
181,88,115
181,89,124
181,90,139
181,91,152
181,92,155
181,93,146
181,94,130
181,95,118
181,96,117
181,97,117
181,98,116
181,99,113
181,100,107
181,101,99
181,102,91
181,103,86
181,104,83
181,105,89
181,106,94
181,107,94
181,108,98
181,109,120
181,110,156
181,111,184
181,112,192
181,113,191
181,114,191
181,115,190
181,116,187
181,117,185
181,118,182
181,119,181
181,120,188
181,121,188
181,122,187
181,123,186
181,124,186
181,125,187
181,126,188
181,127,188
181,128,189
181,129,179
181,130,174
181,131,171
181,132,153
181,133,120
181,134,93
181,135,84
181,136,99
181,137,114
181,138,138
181,139,165
181,140,185
181,141,193
181,142,190
181,143,186
181,144,168
181,145,165
181,146,161
181,147,158
181,148,158
181,149,159
182,0,172
182,1,129
182,2,122
182,3,105
182,4,132
182,5,105
182,6,107
182,7,59
182,8,50
182,9,57
182,10,61
182,11,73
182,12,103
182,13,129
182,14,119
182,15,92
182,16,87
182,17,96
182,18,108
182,19,115
182,20,116
182,21,114
182,22,114
182,23,115
182,24,94
182,25,81
182,26,62
182,27,44
182,28,37
182,29,40
182,30,49
182,31,56
182,32,61
182,33,65
182,34,76
182,35,96
182,36,112
182,37,116
182,38,105
182,39,93
182,40,84
182,41,76
182,42,68
182,43,68
182,44,73
182,45,73
182,46,65
182,47,56
182,48,52
182,49,52
182,50,52
182,51,53
182,52,53
182,53,54
182,54,54
182,55,54
182,56,57
182,57,55
182,58,53
182,59,50
182,60,46
182,61,43
182,62,41
182,63,39
182,64,47
182,65,43
182,66,37
182,67,30
182,68,26
182,69,26
182,70,27
182,71,28
182,72,28
182,73,28
182,74,29
182,75,30
182,76,31
182,77,32
182,78,33
182,79,33
182,80,53
182,81,58
182,82,74
182,83,101
182,84,128
182,85,140
182,86,136
182,87,128
182,88,148
182,89,155
182,90,163
182,91,165
182,92,157
182,93,142
182,94,126
182,95,116
182,96,116
182,97,112
182,98,105
182,99,98
182,100,93
182,101,89
182,102,88
182,103,88
182,104,84
182,105,87
182,106,91
182,107,98
182,108,113
182,109,138
182,110,166
182,111,186
182,112,188
182,113,188
182,114,187
182,115,186
182,116,186
182,117,185
182,118,185
182,119,185
182,120,188
182,121,188
182,122,188
182,123,188
182,124,188
182,125,188
182,126,188
182,127,188
182,128,196
182,129,180
182,130,169
182,131,163
182,132,140
182,133,104
182,134,85
182,135,86
182,136,121
182,137,136
182,138,158
182,139,178
182,140,189
182,141,191
182,142,188
182,143,184
182,144,171
182,145,168
182,146,163
182,147,160
182,148,158
182,149,159
183,0,162
183,1,130
183,2,118
183,3,103
183,4,136
183,5,108
183,6,114
183,7,64
183,8,45
183,9,56
183,10,66
183,11,82
183,12,115
183,13,140
183,14,123
183,15,88
183,16,72
183,17,91
183,18,112
183,19,121
183,20,118
183,21,112
183,22,113
183,23,118
183,24,94
183,25,80
183,26,61
183,27,44
183,28,37
183,29,42
183,30,52
183,31,61
183,32,66
183,33,70
183,34,81
183,35,100
183,36,114
183,37,115
183,38,101
183,39,88
183,40,82
183,41,74
183,42,68
183,43,69
183,44,74
183,45,73
183,46,65
183,47,55
183,48,54
183,49,54
183,50,54
183,51,53
183,52,53
183,53,52
183,54,52
183,55,52
183,56,57
183,57,56
183,58,53
183,59,50
183,60,47
183,61,43
183,62,41
183,63,40
183,64,49
183,65,44
183,66,37
183,67,30
183,68,26
183,69,25
183,70,27
183,71,28
183,72,28
183,73,28
183,74,29
183,75,30
183,76,31
183,77,32
183,78,33
183,79,33
183,80,82
183,81,90
183,82,110
183,83,142
183,84,171
183,85,182
183,86,173
183,87,160
183,88,173
183,89,178
183,90,181
183,91,176
183,92,161
183,93,143
183,94,127
183,95,119
183,96,116
183,97,109
183,98,99
183,99,89
183,100,84
183,101,84
183,102,86
183,103,89
183,104,85
183,105,85
183,106,88
183,107,101
183,108,123
183,109,149
183,110,172
183,111,185
183,112,184
183,113,184
183,114,183
183,115,183
183,116,184
183,117,186
183,118,188
183,119,189
183,120,187
183,121,188
183,122,189
183,123,190
183,124,190
183,125,189
183,126,188
183,127,187
183,128,201
183,129,181
183,130,167
183,131,158
183,132,132
183,133,96
183,134,81
183,135,88
183,136,135
183,137,149
183,138,168
183,139,184
183,140,190
183,141,189
183,142,185
183,143,183
183,144,173
183,145,170
183,146,165
183,147,160
183,148,158
183,149,158
184,0,166
184,1,107
184,2,119
184,3,121
184,4,114
184,5,115
184,6,79
184,7,70
184,8,48
184,9,56
184,10,74
184,11,102
184,12,124
184,13,126
184,14,108
184,15,90
184,16,77
184,17,87
184,18,104
184,19,118
184,20,124
184,21,122
184,22,115
184,23,110
184,24,101
184,25,90
184,26,73
184,27,57
184,28,47
184,29,46
184,30,50
184,31,54
184,32,69
184,33,78
184,34,92
184,35,103
184,36,104
184,37,97
184,38,86
184,39,78
184,40,70
184,41,70
184,42,70
184,43,69
184,44,69
184,45,68
184,46,68
184,47,67
184,48,59
184,49,58
184,50,56
184,51,54
184,52,53
184,53,53
184,54,53
184,55,53
184,56,50
184,57,52
184,58,56
184,59,57
184,60,56
184,61,51
184,62,45
184,63,41
184,64,56
184,65,50
184,66,40
184,67,31
184,68,26
184,69,28
184,70,32
184,71,35
184,72,22
184,73,25
184,74,27
184,75,25
184,76,28
184,77,41
184,78,63
184,79,81
184,80,143
184,81,151
184,82,164
184,83,176
184,84,183
184,85,184
184,86,180
184,87,177
184,88,183
184,89,186
184,90,183
184,91,167
184,92,144
184,93,125
184,94,117
184,95,117
184,96,107
184,97,105
184,98,101
184,99,96
184,100,91
184,101,86
184,102,82
184,103,80
184,104,94
184,105,86
184,106,85
184,107,103
184,108,134
184,109,162
184,110,176
184,111,179
184,112,188
184,113,188
184,114,189
184,115,190
184,116,191
184,117,192
184,118,193
184,119,193
184,120,183
184,121,186
184,122,189
184,123,190
184,124,190
184,125,187
184,126,183
184,127,180
184,128,179
184,129,179
184,130,164
184,131,129
184,132,92
184,133,77
184,134,92
184,135,112
184,136,158
184,137,166
184,138,178
184,139,190
184,140,196
184,141,196
184,142,192
184,143,189
184,144,175
184,145,175
184,146,174
184,147,173
184,148,172
184,149,171
185,0,165
185,1,107
185,2,120
185,3,121
185,4,112
185,5,112
185,6,77
185,7,69
185,8,52
185,9,57
185,10,71
185,11,92
185,12,110
185,13,112
185,14,99
185,15,85
185,16,78
185,17,88
185,18,104
185,19,119
185,20,126
185,21,125
185,22,120
185,23,115
185,24,102
185,25,91
185,26,74
185,27,57
185,28,48
185,29,47
185,30,51
185,31,55
185,32,69
185,33,77
185,34,90
185,35,100
185,36,103
185,37,97
185,38,87
185,39,80
185,40,70
185,41,70
185,42,69
185,43,68
185,44,68
185,45,67
185,46,66
185,47,66
185,48,56
185,49,55
185,50,54
185,51,52
185,52,51
185,53,50
185,54,50
185,55,50
185,56,50
185,57,52
185,58,54
185,59,56
185,60,54
185,61,50
185,62,45
185,63,42
185,64,60
185,65,53
185,66,42
185,67,32
185,68,27
185,69,27
185,70,30
185,71,33
185,72,36
185,73,36
185,74,36
185,75,41
185,76,52
185,77,73
185,78,98
185,79,115
185,80,152
185,81,159
185,82,170
185,83,180
185,84,185
185,85,185
185,86,181
185,87,177
185,88,185
185,89,185
185,90,178
185,91,158
185,92,132
185,93,114
185,94,109
185,95,110
185,96,102
185,97,100
185,98,97
185,99,92
185,100,87
185,101,83
185,102,79
185,103,77
185,104,86
185,105,84
185,106,90
185,107,112
185,108,142
185,109,168
185,110,180
185,111,182
185,112,188
185,113,188
185,114,189
185,115,190
185,116,191
185,117,192
185,118,193
185,119,193
185,120,183
185,121,186
185,122,189
185,123,190
185,124,189
185,125,186
185,126,182
185,127,179
185,128,179
185,129,174
185,130,155
185,131,119
185,132,86
185,133,80
185,134,101
185,135,125
185,136,162
185,137,169
185,138,180
185,139,190
185,140,194
185,141,193
185,142,189
185,143,186
185,144,172
185,145,172
185,146,173
185,147,173
185,148,173
185,149,173
186,0,164
186,1,108
186,2,123
186,3,122
186,4,109
186,5,106
186,6,73
186,7,67
186,8,58
186,9,59
186,10,65
186,11,76
186,12,88
186,13,91
186,14,84
186,15,76
186,16,78
186,17,88
186,18,104
186,19,119
186,20,127
186,21,129
186,22,125
186,23,122
186,24,103
186,25,92
186,26,75
186,27,59
186,28,50
186,29,49
186,30,52
186,31,56
186,32,70
186,33,77
186,34,88
186,35,96
186,36,99
186,37,95
186,38,89
186,39,83
186,40,70
186,41,69
186,42,68
186,43,67
186,44,66
186,45,64
186,46,63
186,47,63
186,48,51
186,49,51
186,50,51
186,51,51
186,52,49
186,53,48
186,54,46
186,55,45
186,56,49
186,57,50
186,58,52
186,59,53
186,60,52
186,61,50
186,62,46
186,63,44
186,64,65
186,65,57
186,66,45
186,67,34
186,68,28
186,69,27
186,70,29
186,71,32
186,72,46
186,73,47
186,74,53
186,75,69
186,76,94
186,77,121
186,78,143
186,79,156
186,80,167
186,81,172
186,82,180
186,83,186
186,84,188
186,85,186
186,86,181
186,87,178
186,88,188
186,89,184
186,90,170
186,91,144
186,92,116
186,93,98
186,94,96
186,95,100
186,96,95
186,97,93
186,98,90
186,99,86
186,100,81
186,101,77
186,102,74
186,103,72
186,104,77
186,105,84
186,106,100
186,107,127
186,108,156
186,109,177
186,110,185
186,111,185
186,112,188
186,113,188
186,114,189
186,115,190
186,116,191
186,117,192
186,118,193
186,119,193
186,120,184
186,121,186
186,122,188
186,123,190
186,124,188
186,125,184
186,126,180
186,127,177
186,128,177
186,129,166
186,130,140
186,131,105
186,132,80
186,133,85
186,134,116
186,135,145
186,136,170
186,137,175
186,138,183
186,139,189
186,140,192
186,141,189
186,142,185
186,143,182
186,144,169
186,145,169
186,146,171
186,147,173
186,148,175
186,149,177
187,0,162
187,1,109
187,2,126
187,3,122
187,4,104
187,5,99
187,6,67
187,7,64
187,8,62
187,9,60
187,10,59
187,11,61
187,12,65
187,13,67
187,14,67
187,15,66
187,16,74
187,17,83
187,18,99
187,19,114
187,20,125
187,21,129
187,22,129
187,23,127
187,24,106
187,25,95
187,26,77
187,27,61
187,28,52
187,29,51
187,30,55
187,31,58
187,32,75
187,33,79
187,34,86
187,35,91
187,36,94
187,37,92
187,38,88
187,39,85
187,40,69
187,41,68
187,42,67
187,43,65
187,44,63
187,45,61
187,46,60
187,47,59
187,48,46
187,49,47
187,50,49
187,51,50
187,52,49
187,53,46
187,54,42
187,55,40
187,56,48
187,57,49
187,58,50
187,59,50
187,60,49
187,61,49
187,62,47
187,63,47
187,64,68
187,65,61
187,66,49
187,67,37
187,68,30
187,69,28
187,70,30
187,71,32
187,72,41
187,73,52
187,74,75
187,75,106
187,76,138
187,77,162
187,78,174
187,79,178
187,80,181
187,81,184
187,82,188
187,83,191
187,84,191
187,85,187
187,86,183
187,87,179
187,88,191
187,89,183
187,90,163
187,91,133
187,92,102
187,93,85
187,94,84
187,95,89
187,96,88
187,97,86
187,98,84
187,99,80
187,100,76
187,101,72
187,102,70
187,103,68
187,104,74
187,105,88
187,106,114
187,107,144
187,108,170
187,109,184
187,110,188
187,111,188
187,112,188
187,113,188
187,114,189
187,115,190
187,116,191
187,117,192
187,118,193
187,119,193
187,120,184
187,121,186
187,122,188
187,123,189
187,124,187
187,125,183
187,126,178
187,127,174
187,128,174
187,129,158
187,130,128
187,131,96
187,132,81
187,133,96
187,134,133
187,135,164
187,136,176
187,137,180
187,138,184
187,139,188
187,140,189
187,141,186
187,142,182
187,143,179
187,144,167
187,145,168
187,146,170
187,147,173
187,148,177
187,149,180
188,0,160
188,1,111
188,2,129
188,3,123
188,4,99
188,5,91
188,6,61
188,7,62
188,8,60
188,9,59
188,10,56
188,11,51
188,12,48
188,13,49
188,14,53
188,15,57
188,16,63
188,17,73
188,18,88
188,19,104
188,20,117
188,21,124
188,22,127
188,23,128
188,24,108
188,25,97
188,26,80
188,27,64
188,28,54
188,29,53
188,30,57
188,31,61
188,32,83
188,33,84
188,34,86
188,35,87
188,36,87
188,37,86
188,38,84
188,39,83
188,40,69
188,41,68
188,42,66
188,43,63
188,44,60
188,45,58
188,46,56
188,47,55
188,48,44
188,49,47
188,50,50
188,51,52
188,52,51
188,53,47
188,54,42
188,55,38
188,56,48
188,57,47
188,58,46
188,59,46
188,60,47
188,61,47
188,62,49
188,63,49
188,64,69
188,65,62
188,66,50
188,67,39
188,68,32
188,69,31
188,70,34
188,71,36
188,72,35
188,73,61
188,74,102
188,75,143
188,76,171
188,77,183
188,78,184
188,79,181
188,80,190
188,81,191
188,82,193
188,83,193
188,84,191
188,85,188
188,86,184
188,87,182
188,88,190
188,89,182
188,90,162
188,91,130
188,92,98
188,93,79
188,94,77
188,95,82
188,96,82
188,97,81
188,98,79
188,99,76
188,100,73
188,101,70
188,102,68
188,103,67
188,104,81
188,105,101
188,106,132
188,107,160
188,108,179
188,109,187
188,110,188
188,111,188
188,112,188
188,113,188
188,114,189
188,115,190
188,116,191
188,117,192
188,118,193
188,119,193
188,120,185
188,121,186
188,122,188
188,123,188
188,124,185
188,125,180
188,126,175
188,127,171
188,128,168
188,129,151
188,130,123
188,131,99
188,132,93
188,133,112
188,134,148
188,135,176
188,136,180
188,137,182
188,138,185
188,139,186
188,140,186
188,141,184
188,142,181
188,143,179
188,144,168
188,145,169
188,146,171
188,147,174
188,148,178
188,149,181
189,0,158
189,1,112
189,2,132
189,3,123
189,4,94
189,5,84
189,6,56
189,7,59
189,8,54
189,9,56
189,10,55
189,11,47
189,12,39
189,13,37
189,14,44
189,15,51
189,16,49
189,17,58
189,18,73
189,19,90
189,20,104
189,21,115
189,22,120
189,23,123
189,24,110
189,25,99
189,26,82
189,27,66
189,28,56
189,29,55
189,30,59
189,31,63
189,32,94
189,33,91
189,34,88
189,35,84
189,36,80
189,37,78
189,38,78
189,39,78
189,40,68
189,41,67
189,42,64
189,43,61
189,44,58
189,45,55
189,46,53
189,47,51
189,48,44
189,49,48
189,50,53
189,51,57
189,52,55
189,53,50
189,54,43
189,55,38
189,56,47
189,57,46
189,58,44
189,59,43
189,60,44
189,61,46
189,62,50
189,63,52
189,64,66
189,65,60
189,66,49
189,67,40
189,68,36
189,69,36
189,70,40
189,71,43
189,72,46
189,73,83
189,74,134
189,75,172
189,76,186
189,77,186
189,78,184
189,79,184
189,80,193
189,81,193
189,82,193
189,83,192
189,84,190
189,85,188
189,86,186
189,87,184
189,88,188
189,89,182
189,90,165
189,91,136
189,92,104
189,93,83
189,94,77
189,95,80
189,96,80
189,97,79
189,98,77
189,99,75
189,100,72
189,101,70
189,102,68
189,103,67
189,104,99
189,105,121
189,106,150
189,107,172
189,108,182
189,109,184
189,110,184
189,111,186
189,112,188
189,113,188
189,114,189
189,115,190
189,116,191
189,117,192
189,118,193
189,119,193
189,120,185
189,121,187
189,122,188
189,123,187
189,124,184
189,125,178
189,126,172
189,127,169
189,128,159
189,129,146
189,130,126
189,131,112
189,132,113
189,133,131
189,134,158
189,135,178
189,136,181
189,137,182
189,138,183
189,139,184
189,140,184
189,141,184
189,142,184
189,143,183
189,144,172
189,145,173
189,146,174
189,147,176
189,148,178
189,149,180
190,0,156
190,1,113
190,2,134
190,3,123
190,4,90
190,5,78
190,6,51
190,7,57
190,8,47
190,9,53
190,10,56
190,11,48
190,12,37
190,13,32
190,14,39
190,15,47
190,16,35
190,17,44
190,18,58
190,19,75
190,20,91
190,21,104
190,22,112
190,23,116
190,24,112
190,25,101
190,26,84
190,27,67
190,28,58
190,29,57
190,30,61
190,31,65
190,32,104
190,33,99
190,34,90
190,35,81
190,36,75
190,37,72
190,38,71
190,39,72
190,40,68
190,41,66
190,42,63
190,43,60
190,44,56
190,45,53
190,46,50
190,47,48
190,48,46
190,49,51
190,50,58
190,51,62
190,52,61
190,53,54
190,54,46
190,55,40
190,56,46
190,57,44
190,58,42
190,59,40
190,60,42
190,61,46
190,62,51
190,63,54
190,64,62
190,65,56
190,66,48
190,67,41
190,68,38
190,69,41
190,70,47
190,71,51
190,72,77
190,73,118
190,74,167
190,75,190
190,76,187
190,77,180
190,78,187
190,79,198
190,80,191
190,81,191
190,82,190
190,83,189
190,84,188
190,85,187
190,86,187
190,87,187
190,88,185
190,89,183
190,90,171
190,91,146
190,92,115
190,93,91
190,94,81
190,95,81
190,96,80
190,97,79
190,98,78
190,99,76
190,100,74
190,101,72
190,102,70
190,103,70
190,104,119
190,105,140
190,106,165
190,107,180
190,108,181
190,109,178
190,110,179
190,111,182
190,112,188
190,113,188
190,114,189
190,115,190
190,116,191
190,117,192
190,118,193
190,119,193
190,120,186
190,121,187
190,122,188
190,123,187
190,124,183
190,125,177
190,126,171
190,127,167
190,128,152
190,129,144
190,130,134
190,131,129
190,132,135
190,133,148
190,134,164
190,135,173
190,136,179
190,137,179
190,138,180
190,139,182
190,140,184
190,141,185
190,142,187
190,143,188
190,144,177
190,145,177
190,146,178
190,147,178
190,148,178
190,149,178
191,0,156
191,1,113
191,2,136
191,3,123
191,4,88
191,5,75
191,6,49
191,7,56
191,8,41
191,9,51
191,10,56
191,11,50
191,12,37
191,13,31
191,14,37
191,15,45
191,16,26
191,17,35
191,18,49
191,19,66
191,20,83
191,21,97
191,22,107
191,23,111
191,24,113
191,25,102
191,26,84
191,27,68
191,28,59
191,29,58
191,30,62
191,31,66
191,32,111
191,33,103
191,34,92
191,35,80
191,36,72
191,37,68
191,38,67
191,39,68
191,40,67
191,41,66
191,42,63
191,43,59
191,44,55
191,45,51
191,46,48
191,47,47
191,48,48
191,49,53
191,50,60
191,51,65
191,52,64
191,53,57
191,54,48
191,55,42
191,56,46
191,57,44
191,58,40
191,59,39
191,60,40
191,61,45
191,62,51
191,63,55
191,64,59
191,65,54
191,66,47
191,67,41
191,68,40
191,69,44
191,70,51
191,71,55
191,72,105
191,73,146
191,74,188
191,75,199
191,76,183
191,77,175
191,78,191
191,79,213
191,80,189
191,81,188
191,82,187
191,83,186
191,84,186
191,85,187
191,86,188
191,87,189
191,88,183
191,89,183
191,90,175
191,91,153
191,92,123
191,93,97
191,94,85
191,95,82
191,96,80
191,97,80
191,98,78
191,99,77
191,100,75
191,101,73
191,102,72
191,103,71
191,104,132
191,105,152
191,106,174
191,107,183
191,108,179
191,109,174
191,110,175
191,111,180
191,112,188
191,113,188
191,114,189
191,115,190
191,116,191
191,117,192
191,118,193
191,119,193
191,120,186
191,121,187
191,122,188
191,123,186
191,124,182
191,125,176
191,126,170
191,127,166
191,128,147
191,129,143
191,130,139
191,131,141
191,132,149
191,133,159
191,134,166
191,135,169
191,136,177
191,137,178
191,138,179
191,139,180
191,140,183
191,141,186
191,142,189
191,143,191
191,144,181
191,145,181
191,146,180
191,147,179
191,148,178
191,149,177
192,0,157
192,1,108
192,2,124
192,3,109
192,4,78
192,5,70
192,6,50
192,7,59
192,8,53
192,9,49
192,10,42
192,11,37
192,12,36
192,13,39
192,14,44
192,15,48
192,16,45
192,17,43
192,18,43
192,19,48
192,20,60
192,21,76
192,22,92
192,23,102
192,24,80
192,25,84
192,26,83
192,27,74
192,28,62
192,29,59
192,30,66
192,31,75
192,32,105
192,33,103
192,34,98
192,35,90
192,36,79
192,37,66
192,38,55
192,39,48
192,40,50
192,41,52
192,42,55
192,43,57
192,44,56
192,45,53
192,46,49
192,47,47
192,48,58
192,49,61
192,50,64
192,51,67
192,52,65
192,53,61
192,54,56
192,55,52
192,56,40
192,57,38
192,58,35
192,59,35
192,60,38
192,61,44
192,62,50
192,63,54
192,64,46
192,65,49
192,66,61
192,67,67
192,68,49
192,69,32
192,70,49
192,71,84
192,72,154
192,73,162
192,74,175
192,75,187
192,76,194
192,77,194
192,78,191
192,79,188
192,80,183
192,81,186
192,82,189
192,83,190
192,84,190
192,85,187
192,86,183
192,87,180
192,88,186
192,89,177
192,90,165
192,91,154
192,92,141
192,93,118
192,94,88
192,95,66
192,96,79
192,97,83
192,98,82
192,99,74
192,100,70
192,101,81
192,102,106
192,103,127
192,104,174
192,105,174
192,106,174
192,107,176
192,108,181
192,109,188
192,110,195
192,111,200
192,112,193
192,113,193
192,114,192
192,115,191
192,116,190
192,117,189
192,118,188
192,119,188
192,120,185
192,121,187
192,122,189
192,123,189
192,124,185
192,125,179
192,126,172
192,127,167
192,128,154
192,129,153
192,130,152
192,131,154
192,132,159
192,133,167
192,134,175
192,135,180
192,136,189
192,137,188
192,138,188
192,139,187
192,140,185
192,141,184
192,142,183
192,143,183
192,144,188
192,145,187
192,146,185
192,147,182
192,148,179
192,149,177
193,0,156
193,1,107
193,2,121
193,3,106
193,4,75
193,5,68
193,6,48
193,7,58
193,8,46
193,9,44
193,10,42
193,11,40
193,12,39
193,13,41
193,14,43
193,15,44
193,16,46
193,17,44
193,18,43
193,19,46
193,20,55
193,21,69
193,22,83
193,23,91
193,24,73
193,25,74
193,26,72
193,27,64
193,28,56
193,29,59
193,30,73
193,31,86
193,32,112
193,33,107
193,34,98
193,35,86
193,36,73
193,37,63
193,38,55
193,39,51
193,40,53
193,41,55
193,42,58
193,43,61
193,44,60
193,45,58
193,46,54
193,47,51
193,48,59
193,49,61
193,50,64
193,51,66
193,52,65
193,53,61
193,54,56
193,55,53
193,56,41
193,57,39
193,58,37
193,59,37
193,60,40
193,61,45
193,62,51
193,63,54
193,64,45
193,65,49
193,66,59
193,67,60
193,68,43
193,69,34
193,70,63
193,71,104
193,72,162
193,73,169
193,74,180
193,75,190
193,76,195
193,77,195
193,78,191
193,79,187
193,80,183
193,81,186
193,82,189
193,83,190
193,84,189
193,85,186
193,86,182
193,87,179
193,88,186
193,89,177
193,90,164
193,91,154
193,92,142
193,93,121
193,94,93
193,95,73
193,96,77
193,97,78
193,98,76
193,99,71
193,100,71
193,101,88
193,102,117
193,103,140
193,104,178
193,105,177
193,106,176
193,107,177
193,108,181
193,109,186
193,110,192
193,111,196
193,112,193
193,113,193
193,114,192
193,115,191
193,116,190
193,117,189
193,118,188
193,119,188
193,120,185
193,121,186
193,122,187
193,123,187
193,124,183
193,125,177
193,126,171
193,127,167
193,128,155
193,129,154
193,130,154
193,131,156
193,132,161
193,133,168
193,134,176
193,135,180
193,136,188
193,137,188
193,138,187
193,139,186
193,140,185
193,141,184
193,142,183
193,143,183
193,144,187
193,145,186
193,146,184
193,147,182
193,148,179
193,149,177
194,0,154
194,1,104
194,2,118
194,3,102
194,4,71
194,5,65
194,6,46
194,7,57
194,8,37
194,9,39
194,10,42
194,11,44
194,12,44
194,13,43
194,14,41
194,15,40
194,16,48
194,17,45
194,18,43
194,19,44
194,20,49
194,21,58
194,22,68
194,23,74
194,24,60
194,25,60
194,26,57
194,27,50
194,28,48
194,29,60
194,30,84
194,31,104
194,32,123
194,33,113
194,34,96
194,35,79
194,36,65
194,37,58
194,38,55
194,39,55
194,40,58
194,41,60
194,42,64
194,43,66
194,44,67
194,45,64
194,46,61
194,47,58
194,48,60
194,49,62
194,50,63
194,51,64
194,52,63
194,53,60
194,54,57
194,55,54
194,56,43
194,57,42
194,58,41
194,59,41
194,60,44
194,61,47
194,62,51
194,63,54
194,64,45
194,65,50
194,66,56
194,67,51
194,68,37
194,69,43
194,70,87
194,71,134
194,72,175
194,73,180
194,74,188
194,75,194
194,76,197
194,77,194
194,78,190
194,79,186
194,80,184
194,81,186
194,82,188
194,83,190
194,84,188
194,85,184
194,86,180
194,87,177
194,88,186
194,89,175
194,90,162
194,91,152
194,92,143
194,93,126
194,94,102
194,95,85
194,96,74
194,97,72
194,98,68
194,99,67
194,100,76
194,101,102
194,102,136
194,103,161
194,104,185
194,105,183
194,106,180
194,107,179
194,108,180
194,109,184
194,110,188
194,111,191
194,112,193
194,113,193
194,114,192
194,115,191
194,116,190
194,117,189
194,118,188
194,119,188
194,120,185
194,121,185
194,122,185
194,123,184
194,124,180
194,125,175
194,126,170
194,127,167
194,128,157
194,129,157
194,130,158
194,131,160
194,132,165
194,133,171
194,134,176
194,135,180
194,136,188
194,137,187
194,138,186
194,139,185
194,140,184
194,141,183
194,142,182
194,143,182
194,144,185
194,145,184
194,146,183
194,147,181
194,148,179
194,149,177
195,0,155
195,1,104
195,2,116
195,3,99
195,4,67
195,5,62
195,6,45
195,7,57
195,8,34
195,9,38
195,10,44
195,11,49
195,12,49
195,13,46
195,14,40
195,15,36
195,16,49
195,17,47
195,18,44
195,19,42
195,20,43
195,21,48
195,22,54
195,23,57
195,24,48
195,25,47
195,26,42
195,27,37
195,28,41
195,29,62
195,30,95
195,31,121
195,32,131
195,33,117
195,34,95
195,35,73
195,36,59
195,37,54
195,38,56
195,39,59
195,40,62
195,41,64
195,42,69
195,43,72
195,44,73
195,45,71
195,46,68
195,47,66
195,48,62
195,49,63
195,50,63
195,51,62
195,52,61
195,53,59
195,54,58
195,55,56
195,56,46
195,57,46
195,58,46
195,59,47
195,60,48
195,61,50
195,62,52
195,63,54
195,64,45
195,65,51
195,66,53
195,67,46
195,68,41
195,69,63
195,70,116
195,71,164
195,72,187
195,73,190
195,74,194
195,75,197
195,76,197
195,77,193
195,78,189
195,79,186
195,80,184
195,81,186
195,82,188
195,83,189
195,84,187
195,85,183
195,86,178
195,87,174
195,88,183
195,89,172
195,90,157
195,91,148
195,92,142
195,93,130
195,94,112
195,95,98
195,96,75
195,97,70
195,98,65
195,99,69
195,100,87
195,101,120
195,102,157
195,103,181
195,104,191
195,105,188
195,106,184
195,107,181
195,108,180
195,109,182
195,110,185
195,111,188
195,112,193
195,113,193
195,114,192
195,115,191
195,116,190
195,117,189
195,118,188
195,119,188
195,120,184
195,121,184
195,122,182
195,123,180
195,124,176
195,125,172
195,126,169
195,127,167
195,128,160
195,129,161
195,130,163
195,131,166
195,132,170
195,133,174
195,134,177
195,135,180
195,136,187
195,137,186
195,138,185
195,139,184
195,140,183
195,141,182
195,142,181
195,143,181
195,144,182
195,145,182
195,146,181
195,147,179
195,148,178
195,149,176
196,0,158
196,1,106
196,2,116
196,3,98
196,4,66
196,5,63
196,6,47
196,7,61
196,8,41
196,9,45
196,10,50
196,11,53
196,12,52
196,13,47
196,14,41
196,15,37
196,16,51
196,17,48
196,18,45
196,19,42
196,20,41
196,21,41
196,22,43
196,23,45
196,24,41
196,25,40
196,26,35
196,27,32
196,28,39
196,29,65
196,30,102
196,31,130
196,32,131
196,33,116
196,34,93
196,35,71
196,36,57
196,37,54
196,38,58
196,39,63
196,40,63
196,41,67
196,42,71
196,43,75
196,44,77
196,45,75
196,46,73
196,47,71
196,48,65
196,49,63
196,50,62
196,51,60
196,52,59
196,53,58
196,54,58
196,55,59
196,56,49
196,57,50
196,58,52
196,59,53
196,60,54
196,61,54
196,62,54
196,63,53
196,64,48
196,65,54
196,66,54
196,67,49
196,68,58
196,69,94
196,70,145
196,71,181
196,72,194
196,73,195
196,74,197
196,75,197
196,76,195
196,77,192
196,78,188
196,79,185
196,80,185
196,81,186
196,82,188
196,83,188
196,84,185
196,85,180
196,86,175
196,87,171
196,88,178
196,89,165
196,90,150
196,91,141
196,92,138
196,93,132
196,94,120
196,95,110
196,96,80
196,97,74
196,98,70
196,99,79
196,100,105
196,101,140
196,102,174
196,103,194
196,104,194
196,105,191
196,106,186
196,107,183
196,108,181
196,109,182
196,110,185
196,111,187
196,112,193
196,113,193
196,114,192
196,115,191
196,116,190
196,117,189
196,118,188
196,119,188
196,120,184
196,121,182
196,122,179
196,123,175
196,124,171
196,125,169
196,126,167
196,127,167
196,128,163
196,129,165
196,130,168
196,131,172
196,132,175
196,133,177
196,134,179
196,135,179
196,136,185
196,137,185
196,138,184
196,139,183
196,140,182
196,141,181
196,142,180
196,143,179
196,144,179
196,145,179
196,146,179
196,147,178
196,148,177
196,149,176
197,0,164
197,1,110
197,2,119
197,3,99
197,4,68
197,5,65
197,6,52
197,7,66
197,8,57
197,9,57
197,10,57
197,11,56
197,12,52
197,13,48
197,14,43
197,15,40
197,16,51
197,17,49
197,18,47
197,19,44
197,20,41
197,21,40
197,22,39
197,23,39
197,24,39
197,25,39
197,26,37
197,27,35
197,28,43
197,29,68
197,30,104
197,31,131
197,32,124
197,33,111
197,34,91
197,35,72
197,36,60
197,37,58
197,38,62
197,39,66
197,40,63
197,41,66
197,42,71
197,43,75
197,44,78
197,45,77
197,46,75
197,47,73
197,48,67
197,49,64
197,50,61
197,51,58
197,52,57
197,53,58
197,54,59
197,55,61
197,56,52
197,57,54
197,58,56
197,59,58
197,60,59
197,61,57
197,62,55
197,63,53
197,64,52
197,65,57
197,66,57
197,67,60
197,68,86
197,69,132
197,70,169
197,71,184
197,72,194
197,73,195
197,74,194
197,75,193
197,76,192
197,77,190
197,78,187
197,79,186
197,80,185
197,81,187
197,82,188
197,83,187
197,84,184
197,85,178
197,86,172
197,87,169
197,88,170
197,89,156
197,90,140
197,91,132
197,92,132
197,93,131
197,94,125
197,95,118
197,96,91
197,97,84
197,98,83
197,99,97
197,100,126
197,101,159
197,102,186
197,103,199
197,104,193
197,105,190
197,106,186
197,107,183
197,108,183
197,109,184
197,110,187
197,111,190
197,112,193
197,113,193
197,114,192
197,115,191
197,116,190
197,117,189
197,118,188
197,119,188
197,120,184
197,121,181
197,122,176
197,123,171
197,124,167
197,125,166
197,126,166
197,127,166
197,128,166
197,129,169
197,130,173
197,131,177
197,132,180
197,133,180
197,134,180
197,135,179
197,136,184
197,137,184
197,138,183
197,139,182
197,140,181
197,141,180
197,142,179
197,143,178
197,144,177
197,145,177
197,146,177
197,147,176
197,148,176
197,149,176
198,0,170
198,1,115
198,2,122
198,3,102
198,4,71
198,5,69
198,6,57
198,7,72
198,8,76
198,9,72
198,10,65
198,11,58
198,12,51
198,13,47
198,14,45
198,15,45
198,16,51
198,17,50
198,18,49
198,19,46
198,20,44
198,21,41
198,22,39
198,23,38
198,24,40
198,25,42
198,26,43
198,27,43
198,28,49
198,29,71
198,30,103
198,31,127
198,32,114
198,33,105
198,34,90
198,35,75
198,36,66
198,37,63
198,38,65
198,39,67
198,40,60
198,41,64
198,42,69
198,43,74
198,44,77
198,45,77
198,46,75
198,47,74
198,48,68
198,49,65
198,50,60
198,51,56
198,52,55
198,53,57
198,54,60
198,55,62
198,56,54
198,57,57
198,58,60
198,59,63
198,60,62
198,61,59
198,62,55
198,63,53
198,64,57
198,65,60
198,66,61
198,67,74
198,68,116
198,69,166
198,70,186
198,71,179
198,72,191
198,73,191
198,74,190
198,75,189
198,76,188
198,77,187
198,78,187
198,79,187
198,80,186
198,81,187
198,82,188
198,83,187
198,84,183
198,85,177
198,86,171
198,87,167
198,88,163
198,89,148
198,90,131
198,91,123
198,92,126
198,93,129
198,94,127
198,95,123
198,96,102
198,97,96
198,98,97
198,99,115
198,100,146
198,101,175
198,102,191
198,103,197
198,104,191
198,105,188
198,106,185
198,107,183
198,108,184
198,109,187
198,110,191
198,111,194
198,112,193
198,113,193
198,114,192
198,115,191
198,116,190
198,117,189
198,118,188
198,119,188
198,120,184
198,121,180
198,122,174
198,123,168
198,124,164
198,125,164
198,126,165
198,127,166
198,128,168
198,129,172
198,130,177
198,131,182
198,132,184
198,133,183
198,134,180
198,135,179
198,136,183
198,137,183
198,138,182
198,139,181
198,140,180
198,141,179
198,142,178
198,143,178
198,144,175
198,145,175
198,146,175
198,147,175
198,148,176
198,149,176
199,0,174
199,1,119
199,2,125
199,3,104
199,4,73
199,5,72
199,6,60
199,7,76
199,8,88
199,9,81
199,10,70
199,11,58
199,12,50
199,13,47
199,14,47
199,15,48
199,16,51
199,17,50
199,18,50
199,19,48
199,20,46
199,21,43
199,22,40
199,23,39
199,24,42
199,25,46
199,26,48
199,27,48
199,28,54
199,29,73
199,30,101
199,31,123
199,32,107
199,33,100
199,34,89
199,35,77
199,36,69
199,37,66
199,38,67
199,39,68
199,40,59
199,41,62
199,42,68
199,43,73
199,44,76
199,45,76
199,46,75
199,47,73
199,48,69
199,49,65
199,50,60
199,51,56
199,52,54
199,53,57
199,54,60
199,55,63
199,56,55
199,57,58
199,58,62
199,59,65
199,60,64
199,61,61
199,62,56
199,63,53
199,64,60
199,65,62
199,66,63
199,67,83
199,68,135
199,69,187
199,70,194
199,71,172
199,72,188
199,73,187
199,74,186
199,75,186
199,76,185
199,77,186
199,78,187
199,79,188
199,80,186
199,81,187
199,82,188
199,83,186
199,84,182
199,85,176
199,86,170
199,87,166
199,88,158
199,89,143
199,90,125
199,91,118
199,92,122
199,93,127
199,94,128
199,95,125
199,96,109
199,97,104
199,98,107
199,99,127
199,100,157
199,101,183
199,102,193
199,103,194
199,104,189
199,105,187
199,106,184
199,107,183
199,108,185
199,109,189
199,110,194
199,111,197
199,112,193
199,113,193
199,114,192
199,115,191
199,116,190
199,117,189
199,118,188
199,119,188
199,120,184
199,121,179
199,122,172
199,123,166
199,124,162
199,125,162
199,126,164
199,127,166
199,128,169
199,129,173
199,130,179
199,131,184
199,132,186
199,133,184
199,134,181
199,135,178
199,136,183
199,137,183
199,138,182
199,139,181
199,140,179
199,141,178
199,142,178
199,143,177
199,144,174
199,145,174
199,146,174
199,147,175
199,148,175
199,149,176
200,0,166
200,1,113
200,2,123
200,3,107
200,4,81
200,5,85
200,6,77
200,7,95
200,8,103
200,9,117
200,10,121
200,11,100
200,12,63
200,13,40
200,14,41
200,15,53
200,16,42
200,17,42
200,18,43
200,19,44
200,20,44
200,21,43
200,22,42
200,23,41
200,24,58
200,25,48
200,26,41
200,27,48
200,28,68
200,29,90
200,30,103
200,31,108
200,32,95
200,33,90
200,34,81
200,35,72
200,36,66
200,37,63
200,38,63
200,39,64
200,40,57
200,41,59
200,42,61
200,43,64
200,44,67
200,45,70
200,46,72
200,47,74
200,48,64
200,49,61
200,50,58
200,51,57
200,52,58
200,53,63
200,54,69
200,55,73
200,56,72
200,57,72
200,58,71
200,59,71
200,60,70
200,61,70
200,62,69
200,63,69
200,64,62
200,65,66
200,66,84
200,67,117
200,68,156
200,69,182
200,70,189
200,71,187
200,72,191
200,73,190
200,74,190
200,75,189
200,76,187
200,77,186
200,78,186
200,79,185
200,80,187
200,81,187
200,82,186
200,83,183
200,84,176
200,85,168
200,86,160
200,87,155
200,88,156
200,89,149
200,90,138
200,91,128
200,92,124
200,93,125
200,94,130
200,95,134
200,96,127
200,97,119
200,98,116
200,99,128
200,100,153
200,101,177
200,102,192
200,103,197
200,104,186
200,105,184
200,106,182
200,107,181
200,108,184
200,109,190
200,110,196
200,111,201
200,112,194
200,113,190
200,114,184
200,115,179
200,116,178
200,117,182
200,118,187
200,119,191
200,120,189
200,121,185
200,122,178
200,123,170
200,124,165
200,125,163
200,126,163
200,127,163
200,128,171
200,129,174
200,130,179
200,131,184
200,132,186
200,133,185
200,134,184
200,135,182
200,136,177
200,137,177
200,138,179
200,139,182
200,140,185
200,141,183
200,142,178
200,143,173
200,144,170
200,145,174
200,146,178
200,147,182
200,148,184
200,149,183
201,0,166
201,1,115
201,2,129
201,3,118
201,4,96
201,5,103
201,6,98
201,7,117
201,8,130
201,9,138
201,10,139
201,11,119
201,12,87
201,13,61
201,14,52
201,15,53
201,16,44
201,17,44
201,18,44
201,19,44
201,20,43
201,21,42
201,22,42
201,23,41
201,24,52
201,25,45
201,26,42
201,27,53
201,28,73
201,29,92
201,30,102
201,31,104
201,32,92
201,33,87
201,34,80
201,35,73
201,36,69
201,37,67
201,38,67
201,39,68
201,40,62
201,41,62
201,42,63
201,43,65
201,44,66
201,45,68
201,46,69
201,47,69
201,48,62
201,49,61
201,50,58
201,51,57
201,52,59
201,53,64
201,54,69
201,55,73
201,56,71
201,57,71
201,58,71
201,59,71
201,60,70
201,61,70
201,62,70
201,63,70
201,64,64
201,65,71
201,66,90
201,67,123
201,68,159
201,69,183
201,70,189
201,71,186
201,72,191
201,73,190
201,74,190
201,75,189
201,76,187
201,77,186
201,78,186
201,79,185
201,80,189
201,81,189
201,82,188
201,83,184
201,84,177
201,85,168
201,86,160
201,87,155
201,88,151
201,89,145
201,90,136
201,91,128
201,92,125
201,93,128
201,94,134
201,95,138
201,96,129
201,97,122
201,98,120
201,99,132
201,100,156
201,101,179
201,102,192
201,103,196
201,104,186
201,105,184
201,106,182
201,107,182
201,108,185
201,109,190
201,110,196
201,111,199
201,112,191
201,113,189
201,114,186
201,115,184
201,116,183
201,117,184
201,118,186
201,119,187
201,120,189
201,121,185
201,122,178
201,123,172
201,124,167
201,125,166
201,126,166
201,127,167
201,128,172
201,129,175
201,130,180
201,131,184
201,132,186
201,133,185
201,134,182
201,135,181
201,136,174
201,137,176
201,138,181
201,139,184
201,140,185
201,141,181
201,142,174
201,143,169
201,144,172
201,145,174
201,146,179
201,147,182
201,148,183
201,149,181
202,0,167
202,1,119
202,2,139
202,3,134
202,4,119
202,5,131
202,6,129
202,7,149
202,8,163
202,9,163
202,10,159
202,11,146
202,12,123
202,13,97
202,14,74
202,15,62
202,16,49
202,17,48
202,18,46
202,19,43
202,20,42
202,21,41
202,22,41
202,23,41
202,24,44
202,25,41
202,26,45
202,27,60
202,28,81
202,29,96
202,30,100
202,31,98
202,32,87
202,33,84
202,34,80
202,35,76
202,36,74
202,37,73
202,38,74
202,39,75
202,40,69
202,41,68
202,42,67
202,43,66
202,44,65
202,45,64
202,46,63
202,47,62
202,48,60
202,49,59
202,50,58
202,51,59
202,52,61
202,53,65
202,54,70
202,55,72
202,56,70
202,57,70
202,58,70
202,59,70
202,60,71
202,61,71
202,62,71
202,63,71
202,64,69
202,65,79
202,66,102
202,67,133
202,68,164
202,69,183
202,70,188
202,71,185
202,72,191
202,73,190
202,74,190
202,75,189
202,76,187
202,77,186
202,78,186
202,79,185
202,80,191
202,81,191
202,82,189
202,83,185
202,84,178
202,85,169
202,86,160
202,87,155
202,88,143
202,89,138
202,90,132
202,91,128
202,92,128
202,93,133
202,94,139
202,95,143
202,96,131
202,97,126
202,98,126
202,99,139
202,100,162
202,101,182
202,102,192
202,103,194
202,104,186
202,105,185
202,106,184
202,107,184
202,108,186
202,109,190
202,110,194
202,111,196
202,112,187
202,113,188
202,114,190
202,115,190
202,116,189
202,117,186
202,118,182
202,119,180
202,120,187
202,121,184
202,122,178
202,123,173
202,124,170
202,125,170
202,126,171
202,127,172
202,128,174
202,129,177
202,130,181
202,131,184
202,132,185
202,133,183
202,134,180
202,135,178
202,136,169
202,137,175
202,138,183
202,139,186
202,140,183
202,141,175
202,142,168
202,143,164
202,144,174
202,145,176
202,146,179
202,147,181
202,148,180
202,149,177
203,0,169
203,1,125
203,2,150
203,3,151
203,4,140
203,5,156
203,6,156
203,7,177
203,8,179
203,9,174
203,10,169
203,11,165
203,12,156
203,13,134
203,14,103
203,15,81
203,16,55
203,17,52
203,18,48
203,19,43
203,20,40
203,21,40
203,22,40
203,23,41
203,24,36
203,25,37
203,26,46
203,27,65
203,28,87
203,29,100
203,30,99
203,31,93
203,32,84
203,33,83
203,34,82
203,35,80
203,36,80
203,37,80
203,38,81
203,39,81
203,40,75
203,41,74
203,42,71
203,43,67
203,44,64
203,45,60
203,46,57
203,47,56
203,48,56
203,49,57
203,50,58
203,51,60
203,52,64
203,53,67
203,54,70
203,55,72
203,56,68
203,57,69
203,58,69
203,59,70
203,60,71
203,61,72
203,62,72
203,63,73
203,64,75
203,65,90
203,66,117
203,67,147
203,68,172
203,69,184
203,70,187
203,71,185
203,72,191
203,73,190
203,74,190
203,75,189
203,76,187
203,77,186
203,78,186
203,79,185
203,80,192
203,81,191
203,82,189
203,83,185
203,84,177
203,85,167
203,86,158
203,87,152
203,88,134
203,89,132
203,90,130
203,91,129
203,92,132
203,93,137
203,94,143
203,95,147
203,96,135
203,97,131
203,98,133
203,99,148
203,100,169
203,101,186
203,102,192
203,103,191
203,104,185
203,105,185
203,106,185
203,107,186
203,108,188
203,109,190
203,110,192
203,111,193
203,112,183
203,113,186
203,114,190
203,115,192
203,116,190
203,117,185
203,118,178
203,119,173
203,120,183
203,121,180
203,122,176
203,123,172
203,124,171
203,125,173
203,126,175
203,127,178
203,128,177
203,129,180
203,130,183
203,131,185
203,132,185
203,133,182
203,134,178
203,135,175
203,136,166
203,137,176
203,138,185
203,139,186
203,140,177
203,141,167
203,142,161
203,143,161
203,144,176
203,145,178
203,146,179
203,147,180
203,148,177
203,149,172
204,0,174
204,1,131
204,2,159
204,3,163
204,4,154
204,5,170
204,6,168
204,7,189
204,8,173
204,9,167
204,10,163
204,11,167
204,12,168
204,13,153
204,14,124
204,15,100
204,16,62
204,17,57
204,18,50
204,19,43
204,20,39
204,21,38
204,22,39
204,23,41
204,24,32
204,25,35
204,26,46
204,27,67
204,28,90
204,29,101
204,30,99
204,31,93
204,32,83
204,33,84
204,34,85
204,35,86
204,36,86
204,37,85
204,38,85
204,39,84
204,40,79
204,41,77
204,42,73
204,43,68
204,44,63
204,45,58
204,46,54
204,47,52
204,48,52
204,49,54
204,50,58
204,51,62
204,52,66
204,53,69
204,54,71
204,55,72
204,56,67
204,57,67
204,58,68
204,59,70
204,60,71
204,61,73
204,62,74
204,63,74
204,64,81
204,65,102
204,66,133
204,67,162
204,68,179
204,69,186
204,70,185
204,71,184
204,72,191
204,73,190
204,74,190
204,75,189
204,76,187
204,77,186
204,78,186
204,79,185
204,80,190
204,81,189
204,82,187
204,83,182
204,84,173
204,85,163
204,86,153
204,87,147
204,88,129
204,89,128
204,90,128
204,91,130
204,92,134
204,93,140
204,94,145
204,95,149
204,96,139
204,97,137
204,98,142
204,99,157
204,100,178
204,101,191
204,102,192
204,103,188
204,104,185
204,105,186
204,106,187
204,107,189
204,108,189
204,109,190
204,110,189
204,111,189
204,112,180
204,113,183
204,114,187
204,115,188
204,116,185
204,117,179
204,118,171
204,119,166
204,120,175
204,121,173
204,122,170
204,123,169
204,124,170
204,125,173
204,126,178
204,127,180
204,128,181
204,129,183
204,130,185
204,131,186
204,132,184
204,133,180
204,134,175
204,135,172
204,136,167
204,137,178
204,138,186
204,139,181
204,140,166
204,141,156
204,142,156
204,143,161
204,144,179
204,145,180
204,146,180
204,147,178
204,148,174
204,149,167
205,0,181
205,1,138
205,2,166
205,3,168
205,4,157
205,5,169
205,6,164
205,7,183
205,8,158
205,9,153
205,10,150
205,11,154
205,12,156
205,13,147
205,14,125
205,15,106
205,16,68
205,17,62
205,18,52
205,19,43
205,20,37
205,21,36
205,22,39
205,23,41
205,24,33
205,25,35
205,26,44
205,27,65
205,28,88
205,29,101
205,30,102
205,31,96
205,32,86
205,33,88
205,34,90
205,35,91
205,36,91
205,37,89
205,38,86
205,39,84
205,40,79
205,41,77
205,42,73
205,43,68
205,44,63
205,45,58
205,46,54
205,47,52
205,48,49
205,49,52
205,50,58
205,51,64
205,52,68
205,53,71
205,54,71
205,55,71
205,56,65
205,57,66
205,58,67
205,59,69
205,60,72
205,61,74
205,62,75
205,63,76
205,64,87
205,65,113
205,66,148
205,67,176
205,68,187
205,69,187
205,70,184
205,71,183
205,72,191
205,73,190
205,74,190
205,75,189
205,76,187
205,77,186
205,78,186
205,79,185
205,80,186
205,81,185
205,82,182
205,83,176
205,84,167
205,85,156
205,86,146
205,87,140
205,88,127
205,89,127
205,90,129
205,91,132
205,92,136
205,93,141
205,94,145
205,95,147
205,96,142
205,97,142
205,98,150
205,99,166
205,100,185
205,101,195
205,102,192
205,103,185
205,104,184
205,105,186
205,106,189
205,107,191
205,108,191
205,109,190
205,110,187
205,111,185
205,112,179
205,113,179
205,114,179
205,115,178
205,116,174
205,117,170
205,118,165
205,119,162
205,120,166
205,121,164
205,122,163
205,123,163
205,124,166
205,125,171
205,126,177
205,127,181
205,128,184
205,129,185
205,130,187
205,131,186
205,132,183
205,133,178
205,134,172
205,135,168
205,136,172
205,137,181
205,138,184
205,139,172
205,140,152
205,141,144
205,142,153
205,143,166
205,144,182
205,145,182
205,146,181
205,147,177
205,148,171
205,149,162
206,0,187
206,1,144
206,2,170
206,3,169
206,4,153
206,5,160
206,6,151
206,7,167
206,8,148
206,9,143
206,10,138
206,11,135
206,12,131
206,13,121
206,14,107
206,15,96
206,16,73
206,17,65
206,18,53
206,19,42
206,20,36
206,21,35
206,22,38
206,23,41
206,24,36
206,25,35
206,26,42
206,27,61
206,28,84
206,29,100
206,30,104
206,31,102
206,32,90
206,33,92
206,34,95
206,35,96
206,36,94
206,37,90
206,38,85
206,39,81
206,40,76
206,41,75
206,42,72
206,43,68
206,44,63
206,45,59
206,46,56
206,47,55
206,48,46
206,49,50
206,50,58
206,51,65
206,52,70
206,53,72
206,54,72
206,55,71
206,56,64
206,57,65
206,58,67
206,59,69
206,60,72
206,61,74
206,62,76
206,63,77
206,64,92
206,65,121
206,66,160
206,67,186
206,68,192
206,69,188
206,70,183
206,71,182
206,72,191
206,73,190
206,74,190
206,75,189
206,76,187
206,77,186
206,78,186
206,79,185
206,80,181
206,81,180
206,82,177
206,83,170
206,84,161
206,85,149
206,86,139
206,87,133
206,88,127
206,89,129
206,90,131
206,91,134
206,92,137
206,93,140
206,94,142
206,95,143
206,96,145
206,97,146
206,98,155
206,99,173
206,100,191
206,101,198
206,102,192
206,103,183
206,104,184
206,105,187
206,106,190
206,107,193
206,108,192
206,109,189
206,110,185
206,111,183
206,112,179
206,113,176
206,114,171
206,115,165
206,116,162
206,117,160
206,118,159
206,119,159
206,120,157
206,121,156
206,122,156
206,123,157
206,124,162
206,125,168
206,126,175
206,127,179
206,128,187
206,129,187
206,130,188
206,131,187
206,132,183
206,133,176
206,134,170
206,135,166
206,136,178
206,137,185
206,138,182
206,139,163
206,140,139
206,141,134
206,142,151
206,143,172
206,144,184
206,145,183
206,146,181
206,147,176
206,148,168
206,149,159
207,0,191
207,1,147
207,2,171
207,3,168
207,4,149
207,5,153
207,6,141
207,7,155
207,8,145
207,9,140
207,10,132
207,11,122
207,12,111
207,13,100
207,14,89
207,15,83
207,16,76
207,17,67
207,18,54
207,19,42
207,20,35
207,21,35
207,22,38
207,23,41
207,24,38
207,25,36
207,26,40
207,27,57
207,28,81
207,29,100
207,30,106
207,31,106
207,32,93
207,33,96
207,34,98
207,35,99
207,36,96
207,37,90
207,38,84
207,39,79
207,40,75
207,41,73
207,42,71
207,43,67
207,44,64
207,45,60
207,46,58
207,47,56
207,48,44
207,49,50
207,50,58
207,51,66
207,52,71
207,53,73
207,54,72
207,55,71
207,56,63
207,57,64
207,58,66
207,59,69
207,60,72
207,61,75
207,62,77
207,63,78
207,64,94
207,65,126
207,66,166
207,67,192
207,68,195
207,69,188
207,70,183
207,71,182
207,72,191
207,73,190
207,74,190
207,75,189
207,76,187
207,77,186
207,78,186
207,79,185
207,80,178
207,81,177
207,82,173
207,83,167
207,84,157
207,85,145
207,86,134
207,87,128
207,88,128
207,89,130
207,90,133
207,91,135
207,92,138
207,93,139
207,94,140
207,95,140
207,96,146
207,97,149
207,98,159
207,99,177
207,100,194
207,101,200
207,102,192
207,103,182
207,104,184
207,105,187
207,106,191
207,107,194
207,108,193
207,109,189
207,110,185
207,111,181
207,112,179
207,113,173
207,114,165
207,115,157
207,116,153
207,117,153
207,118,156
207,119,159
207,120,152
207,121,151
207,122,151
207,123,154
207,124,159
207,125,166
207,126,173
207,127,178
207,128,188
207,129,189
207,130,189
207,131,187
207,132,182
207,133,176
207,134,169
207,135,165
207,136,183
207,137,187
207,138,181
207,139,157
207,140,131
207,141,128
207,142,151
207,143,176
207,144,185
207,145,184
207,146,181
207,147,176
207,148,167
207,149,156
208,0,201
208,1,154
208,2,143
208,3,157
208,4,151
208,5,146
208,6,144
208,7,130
208,8,134
208,9,124
208,10,108
208,11,90
208,12,77
208,13,69
208,14,67
208,15,67
208,16,66
208,17,60
208,18,52
208,19,44
208,20,40
208,21,40
208,22,43
208,23,45
208,24,45
208,25,40
208,26,40
208,27,52
208,28,73
208,29,90
208,30,97
208,31,97
208,32,88
208,33,95
208,34,105
208,35,111
208,36,109
208,37,98
208,38,85
208,39,76
208,40,72
208,41,71
208,42,70
208,43,68
208,44,67
208,45,65
208,46,64
208,47,63
208,48,49
208,49,50
208,50,53
208,51,56
208,52,60
208,53,63
208,54,65
208,55,67
208,56,48
208,57,65
208,58,79
208,59,73
208,60,57
208,61,53
208,62,70
208,63,89
208,64,108
208,65,145
208,66,186
208,67,204
208,68,195
208,69,181
208,70,179
208,71,185
208,72,186
208,73,186
208,74,186
208,75,186
208,76,186
208,77,186
208,78,186
208,79,186
208,80,184
208,81,178
208,82,169
208,83,159
208,84,150
208,85,143
208,86,139
208,87,137
208,88,132
208,89,133
208,90,134
208,91,135
208,92,137
208,93,138
208,94,139
208,95,140
208,96,138
208,97,153
208,98,172
208,99,180
208,100,180
208,101,179
208,102,183
208,103,188
208,104,193
208,105,182
208,106,172
208,107,170
208,108,175
208,109,176
208,110,171
208,111,163
208,112,174
208,113,166
208,114,154
208,115,145
208,116,141
208,117,145
208,118,152
208,119,158
208,120,151
208,121,147
208,122,144
208,123,145
208,124,154
208,125,168
208,126,182
208,127,192
208,128,189
208,129,185
208,130,180
208,131,176
208,132,174
208,133,177
208,134,180
208,135,183
208,136,194
208,137,184
208,138,169
208,139,157
208,140,154
208,141,160
208,142,170
208,143,177
208,144,173
208,145,178
208,146,178
208,147,166
208,148,149
208,149,141
209,0,187
209,1,143
209,2,135
209,3,153
209,4,149
209,5,144
209,6,141
209,7,125
209,8,112
209,9,104
209,10,90
209,11,76
209,12,67
209,13,63
209,14,64
209,15,65
209,16,65
209,17,60
209,18,53
209,19,46
209,20,42
209,21,41
209,22,42
209,23,43
209,24,44
209,25,39
209,26,38
209,27,50
209,28,71
209,29,88
209,30,94
209,31,94
209,32,88
209,33,95
209,34,104
209,35,110
209,36,107
209,37,98
209,38,85
209,39,76
209,40,72
209,41,71
209,42,70
209,43,69
209,44,67
209,45,66
209,46,65
209,47,64
209,48,54
209,49,55
209,50,57
209,51,60
209,52,63
209,53,65
209,54,67
209,55,69
209,56,58
209,57,70
209,58,79
209,59,72
209,60,59
209,61,61
209,62,82
209,63,104
209,64,124
209,65,154
209,66,189
209,67,201
209,68,192
209,69,181
209,70,181
209,71,188
209,72,186
209,73,186
209,74,186
209,75,186
209,76,186
209,77,186
209,78,186
209,79,186
209,80,181
209,81,176
209,82,166
209,83,156
209,84,147
209,85,141
209,86,138
209,87,137
209,88,135
209,89,135
209,90,135
209,91,135
209,92,136
209,93,136
209,94,136
209,95,136
209,96,141
209,97,156
209,98,174
209,99,183
209,100,182
209,101,181
209,102,184
209,103,190
209,104,192
209,105,180
209,106,167
209,107,164
209,108,170
209,109,174
209,110,171
209,111,166
209,112,168
209,113,159
209,114,146
209,115,136
209,116,134
209,117,142
209,118,153
209,119,161
209,120,152
209,121,150
209,122,148
209,123,150
209,124,159
209,125,172
209,126,185
209,127,194
209,128,188
209,129,185
209,130,180
209,131,176
209,132,175
209,133,177
209,134,180
209,135,182
209,136,188
209,137,179
209,138,167
209,139,158
209,140,156
209,141,163
209,142,173
209,143,180
209,144,176
209,145,174
209,146,169
209,147,159
209,148,150
209,149,147
210,0,173
210,1,132
210,2,127
210,3,147
210,4,143
210,5,136
210,6,128
210,7,110
210,8,84
210,9,78
210,10,69
210,11,61
210,12,58
210,13,61
210,14,66
210,15,69
210,16,66
210,17,63
210,18,58
210,19,52
210,20,48
210,21,44
210,22,42
210,23,42
210,24,44
210,25,38
210,26,37
210,27,48
210,28,68
210,29,84
210,30,89
210,31,89
210,32,89
210,33,95
210,34,103
210,35,107
210,36,105
210,37,96
210,38,85
210,39,77
210,40,71
210,41,71
210,42,70
210,43,69
210,44,68
210,45,67
210,46,67
210,47,66
210,48,62
210,49,62
210,50,64
210,51,65
210,52,67
210,53,69
210,54,71
210,55,71
210,56,72
210,57,79
210,58,80
210,59,72
210,60,65
210,61,76
210,62,104
210,63,129
210,64,148
210,65,170
210,66,193
210,67,198
210,68,188
210,69,180
210,70,183
210,71,191
210,72,185
210,73,185
210,74,185
210,75,185
210,76,185
210,77,185
210,78,185
210,79,185
210,80,177
210,81,171
210,82,161
210,83,151
210,84,143
210,85,139
210,86,138
210,87,138
210,88,140
210,89,139
210,90,138
210,91,136
210,92,134
210,93,131
210,94,130
210,95,129
210,96,145
210,97,160
210,98,177
210,99,186
210,100,184
210,101,183
210,102,186
210,103,191
210,104,190
210,105,176
210,106,160
210,107,156
210,108,162
210,109,169
210,110,171
210,111,168
210,112,158
210,113,147
210,114,133
210,115,123
210,116,124
210,117,136
210,118,153
210,119,164
210,120,154
210,121,154
210,122,155
210,123,159
210,124,167
210,125,178
210,126,189
210,127,196
210,128,187
210,129,184
210,130,181
210,131,178
210,132,177
210,133,178
210,134,179
210,135,181
210,136,178
210,137,172
210,138,164
210,139,159
210,140,161
210,141,168
210,142,178
210,143,184
210,144,179
210,145,169
210,146,156
210,147,149
210,148,151
210,149,157
211,0,172
211,1,130
211,2,124
211,3,140
211,4,132
211,5,118
211,6,106
211,7,85
211,8,67
211,9,64
211,10,59
211,11,57
211,12,61
211,13,69
211,14,78
211,15,85
211,16,72
211,17,71
211,18,69
211,19,65
211,20,59
211,21,53
211,22,47
211,23,44
211,24,46
211,25,40
211,26,37
211,27,47
211,28,65
211,29,80
211,30,85
211,31,84
211,32,90
211,33,95
211,34,101
211,35,104
211,36,102
211,37,94
211,38,85
211,39,78
211,40,71
211,41,71
211,42,70
211,43,70
211,44,70
211,45,69
211,46,69
211,47,69
211,48,69
211,49,70
211,50,70
211,51,71
211,52,71
211,53,72
211,54,73
211,55,73
211,56,85
211,57,87
211,58,85
211,59,79
211,60,80
211,61,98
211,62,129
211,63,155
211,64,172
211,65,184
211,66,195
211,67,194
211,68,185
211,69,180
211,70,185
211,71,193
211,72,184
211,73,184
211,74,184
211,75,184
211,76,184
211,77,184
211,78,184
211,79,184
211,80,172
211,81,165
211,82,154
211,83,144
211,84,137
211,85,135
211,86,137
211,87,139
211,88,144
211,89,142
211,90,140
211,91,136
211,92,132
211,93,128
211,94,125
211,95,123
211,96,148
211,97,163
211,98,180
211,99,187
211,100,185
211,101,183
211,102,186
211,103,191
211,104,186
211,105,171
211,106,154
211,107,148
211,108,154
211,109,163
211,110,166
211,111,165
211,112,145
211,113,135
211,114,120
211,115,112
211,116,115
211,117,131
211,118,151
211,119,164
211,120,155
211,121,157
211,122,161
211,123,167
211,124,176
211,125,184
211,126,192
211,127,196
211,128,185
211,129,183
211,130,182
211,131,180
211,132,179
211,133,178
211,134,178
211,135,179
211,136,167
211,137,165
211,138,162
211,139,162
211,140,166
211,141,173
211,142,181
211,143,187
211,144,179
211,145,163
211,146,146
211,147,143
211,148,153
211,149,165
212,0,181
212,1,135
212,2,122
212,3,132
212,4,117
212,5,99
212,6,84
212,7,62
212,8,66
212,9,64
212,10,62
212,11,64
212,12,72
212,13,84
212,14,96
212,15,104
212,16,83
212,17,85
212,18,86
212,19,84
212,20,77
212,21,68
212,22,58
212,23,52
212,24,50
212,25,44
212,26,41
212,27,49
212,28,66
212,29,80
212,30,84
212,31,82
212,32,91
212,33,94
212,34,99
212,35,101
212,36,99
212,37,92
212,38,84
212,39,79
212,40,70
212,41,70
212,42,71
212,43,71
212,44,71
212,45,72
212,46,72
212,47,72
212,48,75
212,49,75
212,50,74
212,51,74
212,52,73
212,53,72
212,54,72
212,55,72
212,56,90
212,57,92
212,58,94
212,59,96
212,60,105
212,61,126
212,62,154
212,63,174
212,64,187
212,65,191
212,66,195
212,67,191
212,68,185
212,69,182
212,70,186
212,71,191
212,72,182
212,73,182
212,74,182
212,75,182
212,76,182
212,77,182
212,78,182
212,79,182
212,80,166
212,81,158
212,82,147
212,83,136
212,84,131
212,85,132
212,86,136
212,87,140
212,88,145
212,89,143
212,90,139
212,91,135
212,92,130
212,93,126
212,94,122
212,95,120
212,96,148
212,97,163
212,98,179
212,99,186
212,100,184
212,101,181
212,102,183
212,103,188
212,104,182
212,105,167
212,106,151
212,107,145
212,108,150
212,109,156
212,110,156
212,111,153
212,112,134
212,113,125
212,114,113
212,115,107
212,116,112
212,117,128
212,118,147
212,119,160
212,120,153
212,121,158
212,122,165
212,123,174
212,124,182
212,125,188
212,126,193
212,127,194
212,128,182
212,129,183
212,130,183
212,131,182
212,132,181
212,133,179
212,134,178
212,135,176
212,136,160
212,137,160
212,138,162
212,139,166
212,140,171
212,141,177
212,142,182
212,143,186
212,144,174
212,145,159
212,146,145
212,147,145
212,148,156
212,149,167
213,0,186
213,1,136
213,2,117
213,3,121
213,4,104
213,5,87
213,6,76
213,7,56
213,8,72
213,9,70
213,10,70
213,11,73
213,12,82
213,13,95
213,14,108
213,15,116
213,16,99
213,17,102
213,18,106
213,19,106
213,20,99
213,21,87
213,22,73
213,23,64
213,24,57
213,25,50
213,26,46
213,27,53
213,28,69
213,29,81
213,30,84
213,31,82
213,32,92
213,33,94
213,34,97
213,35,98
213,36,96
213,37,90
213,38,84
213,39,80
213,40,70
213,41,70
213,42,71
213,43,72
213,44,73
213,45,74
213,46,74
213,47,75
213,48,78
213,49,77
213,50,76
213,51,74
213,52,72
213,53,70
213,54,69
213,55,68
213,56,87
213,57,93
213,58,105
213,59,119
213,60,136
213,61,155
213,62,173
213,63,184
213,64,191
213,65,192
213,66,192
213,67,189
213,68,186
213,69,184
213,70,185
213,71,186
213,72,181
213,73,181
213,74,181
213,75,181
213,76,181
213,77,181
213,78,181
213,79,181
213,80,160
213,81,152
213,82,140
213,83,129
213,84,125
213,85,128
213,86,135
213,87,141
213,88,142
213,89,140
213,90,137
213,91,133
213,92,129
213,93,125
213,94,122
213,95,121
213,96,146
213,97,161
213,98,177
213,99,183
213,100,180
213,101,176
213,102,179
213,103,183
213,104,177
213,105,165
213,106,152
213,107,147
213,108,149
213,109,149
213,110,143
213,111,136
213,112,125
213,113,120
213,114,113
213,115,110
213,116,116
213,117,128
213,118,142
213,119,151
213,120,149
213,121,156
213,122,166
213,123,178
213,124,186
213,125,190
213,126,191
213,127,190
213,128,180
213,129,182
213,130,183
213,131,184
213,132,183
213,133,180
213,134,177
213,135,174
213,136,156
213,137,159
213,138,164
213,139,170
213,140,175
213,141,179
213,142,181
213,143,182
213,144,163
213,145,158
213,146,153
213,147,154
213,148,159
213,149,165
214,0,182
214,1,129
214,2,106
214,3,109
214,4,95
214,5,86
214,6,83
214,7,69
214,8,76
214,9,74
214,10,73
214,11,75
214,12,84
214,13,96
214,14,109
214,15,117
214,16,114
214,17,119
214,18,125
214,19,126
214,20,119
214,21,104
214,22,88
214,23,77
214,24,64
214,25,56
214,26,52
214,27,58
214,28,73
214,29,84
214,30,87
214,31,84
214,32,93
214,33,94
214,34,95
214,35,96
214,36,93
214,37,89
214,38,84
214,39,81
214,40,69
214,41,70
214,42,71
214,43,72
214,44,74
214,45,75
214,46,76
214,47,77
214,48,79
214,49,77
214,50,75
214,51,73
214,52,70
214,53,67
214,54,65
214,55,64
214,56,79
214,57,92
214,58,116
214,59,142
214,60,165
214,61,179
214,62,185
214,63,186
214,64,188
214,65,188
214,66,188
214,67,188
214,68,188
214,69,186
214,70,183
214,71,181
214,72,181
214,73,181
214,74,181
214,75,181
214,76,181
214,77,181
214,78,181
214,79,181
214,80,156
214,81,147
214,82,134
214,83,124
214,84,121
214,85,126
214,86,135
214,87,141
214,88,138
214,89,137
214,90,135
214,91,132
214,92,129
214,93,126
214,94,124
214,95,123
214,96,143
214,97,157
214,98,173
214,99,179
214,100,175
214,101,171
214,102,173
214,103,177
214,104,172
214,105,163
214,106,154
214,107,151
214,108,151
214,109,144
214,110,130
214,111,117
214,112,119
214,113,118
214,114,116
214,115,117
214,116,122
214,117,129
214,118,136
214,119,141
214,120,144
214,121,152
214,122,166
214,123,179
214,124,187
214,125,189
214,126,187
214,127,185
214,128,179
214,129,181
214,130,184
214,131,186
214,132,185
214,133,181
214,134,176
214,135,173
214,136,155
214,137,159
214,138,166
214,139,173
214,140,178
214,141,179
214,142,178
214,143,176
214,144,152
214,145,158
214,146,164
214,147,165
214,148,162
214,149,159
215,0,175
215,1,120
215,2,97
215,3,101
215,4,91
215,5,89
215,6,93
215,7,83
215,8,76
215,9,74
215,10,72
215,11,74
215,12,81
215,13,93
215,14,105
215,15,112
215,16,123
215,17,129
215,18,136
215,19,138
215,20,131
215,21,115
215,22,97
215,23,85
215,24,68
215,25,60
215,26,55
215,27,61
215,28,75
215,29,86
215,30,89
215,31,86
215,32,93
215,33,94
215,34,95
215,35,94
215,36,92
215,37,88
215,38,84
215,39,81
215,40,69
215,41,70
215,42,71
215,43,73
215,44,74
215,45,76
215,46,77
215,47,78
215,48,78
215,49,77
215,50,75
215,51,71
215,52,68
215,53,65
215,54,62
215,55,61
215,56,73
215,57,91
215,58,122
215,59,157
215,60,182
215,61,193
215,62,191
215,63,185
215,64,184
215,65,184
215,66,185
215,67,188
215,68,190
215,69,188
215,70,182
215,71,177
215,72,180
215,73,180
215,74,180
215,75,180
215,76,180
215,77,180
215,78,180
215,79,180
215,80,154
215,81,145
215,82,131
215,83,121
215,84,119
215,85,125
215,86,134
215,87,142
215,88,135
215,89,134
215,90,133
215,91,131
215,92,129
215,93,127
215,94,126
215,95,125
215,96,141
215,97,155
215,98,171
215,99,176
215,100,172
215,101,168
215,102,170
215,103,174
215,104,170
215,105,163
215,106,157
215,107,155
215,108,153
215,109,142
215,110,122
215,111,106
215,112,116
215,113,117
215,114,120
215,115,123
215,116,126
215,117,130
215,118,133
215,119,135
215,120,141
215,121,150
215,122,165
215,123,179
215,124,187
215,125,188
215,126,185
215,127,182
215,128,178
215,129,181
215,130,184
215,131,187
215,132,185
215,133,181
215,134,176
215,135,172
215,136,155
215,137,160
215,138,168
215,139,175
215,140,179
215,141,178
215,142,175
215,143,173
215,144,145
215,145,159
215,146,172
215,147,173
215,148,164
215,149,155
216,0,171
216,1,102
216,2,99
216,3,91
216,4,87
216,5,107
216,6,97
216,7,106
216,8,97
216,9,93
216,10,90
216,11,89
216,12,93
216,13,99
216,14,106
216,15,110
216,16,109
216,17,118
216,18,131
216,19,141
216,20,144
216,21,138
216,22,129
216,23,123
216,24,90
216,25,77
216,26,66
216,27,68
216,28,81
216,29,92
216,30,92
216,31,87
216,32,85
216,33,85
216,34,85
216,35,83
216,36,81
216,37,79
216,38,76
216,39,75
216,40,73
216,41,73
216,42,74
216,43,74
216,44,75
216,45,75
216,46,75
216,47,76
216,48,74
216,49,73
216,50,72
216,51,70
216,52,70
216,53,70
216,54,71
216,55,72
216,56,116
216,57,139
216,58,168
216,59,184
216,60,184
216,61,180
216,62,182
216,63,186
216,64,188
216,65,188
216,66,188
216,67,188
216,68,188
216,69,188
216,70,188
216,71,188
216,72,179
216,73,181
216,74,183
216,75,184
216,76,183
216,77,179
216,78,175
216,79,171
216,80,147
216,81,137
216,82,127
216,83,128
216,84,135
216,85,140
216,86,137
216,87,132
216,88,129
216,89,125
216,90,119
216,91,113
216,92,108
216,93,107
216,94,108
216,95,109
216,96,141
216,97,153
216,98,165
216,99,164
216,100,154
216,101,148
216,102,152
216,103,160
216,104,166
216,105,161
216,106,153
216,107,144
216,108,136
216,109,130
216,110,126
216,111,125
216,112,98
216,113,111
216,114,125
216,115,129
216,116,123
216,117,117
216,118,117
216,119,121
216,120,149
216,121,157
216,122,170
216,123,182
216,124,189
216,125,189
216,126,186
216,127,183
216,128,180
216,129,182
216,130,184
216,131,185
216,132,182
216,133,176
216,134,170
216,135,165
216,136,171
216,137,173
216,138,175
216,139,176
216,140,174
216,141,169
216,142,165
216,143,161
216,144,152
216,145,155
216,146,160
216,147,164
216,148,166
216,149,165
217,0,168
217,1,101
217,2,102
217,3,96
217,4,94
217,5,114
217,6,103
217,7,111
217,8,114
217,9,105
217,10,96
217,11,94
217,12,100
217,13,108
217,14,111
217,15,112
217,16,118
217,17,125
217,18,134
217,19,141
217,20,143
217,21,138
217,22,131
217,23,126
217,24,99
217,25,87
217,26,77
217,27,77
217,28,86
217,29,92
217,30,89
217,31,84
217,32,88
217,33,88
217,34,88
217,35,87
217,36,86
217,37,85
217,38,84
217,39,84
217,40,72
217,41,72
217,42,72
217,43,72
217,44,72
217,45,73
217,46,73
217,47,73
217,48,77
217,49,74
217,50,71
217,51,70
217,52,75
217,53,83
217,54,93
217,55,99
217,56,131
217,57,149
217,58,171
217,59,183
217,60,183
217,61,181
217,62,184
217,63,188
217,64,188
217,65,188
217,66,188
217,67,188
217,68,188
217,69,188
217,70,188
217,71,188
217,72,182
217,73,183
217,74,184
217,75,184
217,76,181
217,77,175
217,78,169
217,79,166
217,80,147
217,81,136
217,82,127
217,83,127
217,84,135
217,85,140
217,86,138
217,87,133
217,88,127
217,89,123
217,90,116
217,91,109
217,92,105
217,93,104
217,94,104
217,95,105
217,96,135
217,97,146
217,98,157
217,99,158
217,100,150
217,101,146
217,102,150
217,103,156
217,104,159
217,105,157
217,106,152
217,107,145
217,108,137
217,109,129
217,110,122
217,111,118
217,112,98
217,113,109
217,114,120
217,115,122
217,116,118
217,117,117
217,118,123
217,119,130
217,120,157
217,121,164
217,122,175
217,123,185
217,124,190
217,125,190
217,126,186
217,127,182
217,128,180
217,129,182
217,130,184
217,131,184
217,132,181
217,133,176
217,134,170
217,135,167
217,136,175
217,137,176
217,138,177
217,139,176
217,140,173
217,141,167
217,142,161
217,143,157
217,144,151
217,145,154
217,146,159
217,147,164
217,148,166
217,149,165
218,0,164
218,1,100
218,2,106
218,3,106
218,4,106
218,5,125
218,6,112
218,7,119
218,8,126
218,9,111
218,10,96
218,11,95
218,12,106
218,13,117
218,14,120
218,15,118
218,16,128
218,17,130
218,18,132
218,19,134
218,20,133
218,21,130
218,22,126
218,23,123
218,24,111
218,25,103
218,26,94
218,27,91
218,28,93
218,29,92
218,30,87
218,31,80
218,32,87
218,33,87
218,34,87
218,35,87
218,36,88
218,37,89
218,38,91
218,39,92
218,40,70
218,41,70
218,42,70
218,43,70
218,44,69
218,45,69
218,46,69
218,47,69
218,48,77
218,49,72
218,50,67
218,51,69
218,52,81
218,53,101
218,54,122
218,55,136
218,56,154
218,57,165
218,58,177
218,59,182
218,60,181
218,61,182
218,62,186
218,63,191
218,64,187
218,65,187
218,66,187
218,67,187
218,68,187
218,69,187
218,70,187
218,71,187
218,72,186
218,73,186
218,74,186
218,75,183
218,76,177
218,77,169
218,78,161
218,79,156
218,80,145
218,81,135
218,82,126
218,83,127
218,84,135
218,85,141
218,86,139
218,87,134
218,88,124
218,89,120
218,90,113
218,91,106
218,92,101
218,93,99
218,94,99
218,95,100
218,96,126
218,97,135
218,98,145
218,99,148
218,100,145
218,101,143
218,102,146
218,103,150
218,104,149
218,105,150
218,106,150
218,107,147
218,108,138
218,109,127
218,110,115
218,111,108
218,112,97
218,113,105
218,114,113
218,115,114
218,116,114
218,117,120
218,118,134
218,119,146
218,120,170
218,121,175
218,122,183
218,123,189
218,124,192
218,125,189
218,126,185
218,127,181
218,128,180
218,129,181
218,130,182
218,131,182
218,132,180
218,133,176
218,134,172
218,135,170
218,136,181
218,137,181
218,138,180
218,139,178
218,140,172
218,141,164
218,142,156
218,143,152
218,144,150
218,145,153
218,146,159
218,147,163
218,148,166
218,149,166
219,0,159
219,1,100
219,2,112
219,3,117
219,4,119
219,5,136
219,6,119
219,7,123
219,8,115
219,9,97
219,10,81
219,11,82
219,12,100
219,13,119
219,14,127
219,15,127
219,16,130
219,17,126
219,18,120
219,19,113
219,20,109
219,21,108
219,22,108
219,23,109
219,24,120
219,25,117
219,26,111
219,27,107
219,28,101
219,29,94
219,30,85
219,31,79
219,32,81
219,33,80
219,34,78
219,35,79
219,36,81
219,37,85
219,38,89
219,39,91
219,40,70
219,41,70
219,42,69
219,43,69
219,44,68
219,45,67
219,46,66
219,47,66
219,48,73
219,49,68
219,50,64
219,51,69
219,52,87
219,53,115
219,54,145
219,55,163
219,56,177
219,57,179
219,58,181
219,59,181
219,60,182
219,61,184
219,62,188
219,63,192
219,64,186
219,65,186
219,66,186
219,67,186
219,68,186
219,69,186
219,70,186
219,71,186
219,72,189
219,73,189
219,74,186
219,75,181
219,76,172
219,77,162
219,78,152
219,79,147
219,80,144
219,81,134
219,82,125
219,83,127
219,84,136
219,85,142
219,86,140
219,87,136
219,88,125
219,89,121
219,90,113
219,91,106
219,92,100
219,93,98
219,94,97
219,95,98
219,96,116
219,97,123
219,98,131
219,99,137
219,100,140
219,101,141
219,102,142
219,103,144
219,104,141
219,105,145
219,106,148
219,107,147
219,108,139
219,109,125
219,110,110
219,111,100
219,112,98
219,113,104
219,114,109
219,115,110
219,116,112
219,117,125
219,118,146
219,119,163
219,120,182
219,121,185
219,122,189
219,123,192
219,124,192
219,125,188
219,126,184
219,127,181
219,128,181
219,129,181
219,130,181
219,131,180
219,132,178
219,133,176
219,134,174
219,135,173
219,136,186
219,137,185
219,138,183
219,139,179
219,140,171
219,141,161
219,142,152
219,143,147
219,144,148
219,145,152
219,146,158
219,147,163
219,148,166
219,149,167
220,0,154
220,1,99
220,2,117
220,3,126
220,4,129
220,5,143
220,6,122
220,7,122
220,8,87
220,9,74
220,10,61
220,11,64
220,12,84
220,13,110
220,14,129
220,15,138
220,16,127
220,17,117
220,18,101
220,19,87
220,20,79
220,21,80
220,22,85
220,23,89
220,24,120
220,25,123
220,26,124
220,27,119
220,28,109
220,29,97
220,30,87
220,31,82
220,32,75
220,33,72
220,34,69
220,35,68
220,36,70
220,37,76
220,38,82
220,39,85
220,40,73
220,41,73
220,42,72
220,43,70
220,44,69
220,45,67
220,46,66
220,47,66
220,48,70
220,49,68
220,50,70
220,51,80
220,52,101
220,53,129
220,54,157
220,55,174
220,56,191
220,57,187
220,58,183
220,59,182
220,60,184
220,61,187
220,62,189
220,63,189
220,64,185
220,65,185
220,66,185
220,67,185
220,68,185
220,69,185
220,70,185
220,71,185
220,72,189
220,73,188
220,74,185
220,75,178
220,76,168
220,77,156
220,78,146
220,79,140
220,80,142
220,81,133
220,82,124
220,83,126
220,84,136
220,85,143
220,86,142
220,87,138
220,88,132
220,89,127
220,90,119
220,91,111
220,92,104
220,93,101
220,94,100
220,95,100
220,96,108
220,97,111
220,98,118
220,99,128
220,100,137
220,101,142
220,102,142
220,103,140
220,104,140
220,105,144
220,106,147
220,107,146
220,108,138
220,109,124
220,110,109
220,111,99
220,112,101
220,113,106
220,114,111
220,115,112
220,116,117
220,117,132
220,118,157
220,119,176
220,120,189
220,121,190
220,122,192
220,123,192
220,124,190
220,125,187
220,126,183
220,127,180
220,128,181
220,129,180
220,130,179
220,131,177
220,132,177
220,133,176
220,134,177
220,135,177
220,136,187
220,137,187
220,138,184
220,139,179
220,140,171
220,141,160
220,142,151
220,143,145
220,144,147
220,145,151
220,146,157
220,147,163
220,148,167
220,149,168
221,0,151
221,1,99
221,2,121
221,3,133
221,4,135
221,5,145
221,6,119
221,7,115
221,8,68
221,9,62
221,10,55
221,11,54
221,12,67
221,13,93
221,14,124
221,15,145
221,16,130
221,17,113
221,18,88
221,19,66
221,20,55
221,21,58
221,22,67
221,23,76
221,24,111
221,25,121
221,26,129
221,27,127
221,28,115
221,29,101
221,30,92
221,31,89
221,32,79
221,33,75
221,34,70
221,35,66
221,36,67
221,37,72
221,38,79
221,39,84
221,40,78
221,41,77
221,42,76
221,43,74
221,44,72
221,45,70
221,46,68
221,47,67
221,48,78
221,49,83
221,50,94
221,51,110
221,52,129
221,53,149
221,54,166
221,55,176
221,56,194
221,57,188
221,58,182
221,59,183
221,60,188
221,61,191
221,62,188
221,63,184
221,64,184
221,65,184
221,66,184
221,67,184
221,68,184
221,69,184
221,70,184
221,71,184
221,72,186
221,73,185
221,74,181
221,75,175
221,76,165
221,77,153
221,78,143
221,79,136
221,80,140
221,81,131
221,82,124
221,83,126
221,84,136
221,85,144
221,86,143
221,87,139
221,88,143
221,89,138
221,90,129
221,91,120
221,92,113
221,93,110
221,94,108
221,95,108
221,96,104
221,97,104
221,98,109
221,99,122
221,100,137
221,101,145
221,102,143
221,103,139
221,104,146
221,105,147
221,106,147
221,107,143
221,108,135
221,109,123
221,110,112
221,111,104
221,112,106
221,113,112
221,114,119
221,115,122
221,116,127
221,117,142
221,118,166
221,119,184
221,120,189
221,121,190
221,122,189
221,123,188
221,124,187
221,125,185
221,126,182
221,127,181
221,128,182
221,129,180
221,130,177
221,131,175
221,132,175
221,133,176
221,134,179
221,135,181
221,136,186
221,137,185
221,138,183
221,139,179
221,140,171
221,141,161
221,142,152
221,143,147
221,144,145
221,145,149
221,146,156
221,147,162
221,148,167
221,149,169
222,0,148
222,1,98
222,2,124
222,3,138
222,4,138
222,5,144
222,6,113
222,7,106
222,8,70
222,9,71
222,10,67
222,11,57
222,12,55
222,13,76
222,14,115
222,15,147
222,16,139
222,17,118
222,18,87
222,19,59
222,20,46
222,21,49
222,22,62
222,23,73
222,24,99
222,25,114
222,26,129
222,27,131
222,28,119
222,29,104
222,30,97
222,31,96
222,32,94
222,33,89
222,34,81
222,35,75
222,36,74
222,37,78
222,38,85
222,39,90
222,40,84
222,41,83
222,42,81
222,43,79
222,44,76
222,45,73
222,46,72
222,47,71
222,48,97
222,49,109
222,50,129
222,51,150
222,52,166
222,53,175
222,54,177
222,55,177
222,56,190
222,57,184
222,58,179
222,59,184
222,60,193
222,61,195
222,62,187
222,63,177
222,64,183
222,65,183
222,66,183
222,67,183
222,68,183
222,69,183
222,70,183
222,71,183
222,72,182
222,73,181
222,74,178
222,75,172
222,76,163
222,77,152
222,78,142
222,79,136
222,80,139
222,81,130
222,82,123
222,83,126
222,84,137
222,85,145
222,86,144
222,87,140
222,88,154
222,89,149
222,90,140
222,91,131
222,92,124
222,93,119
222,94,118
222,95,117
222,96,101
222,97,100
222,98,104
222,99,119
222,100,139
222,101,149
222,102,146
222,103,140
222,104,154
222,105,152
222,106,147
222,107,140
222,108,132
222,109,124
222,110,117
222,111,113
222,112,110
222,113,119
222,114,129
222,115,134
222,116,139
222,117,151
222,118,171
222,119,187
222,120,186
222,121,186
222,122,185
222,123,184
222,124,183
222,125,182
222,126,182
222,127,182
222,128,182
222,129,179
222,130,176
222,131,173
222,132,174
222,133,177
222,134,181
222,135,183
222,136,182
222,137,182
222,138,181
222,139,178
222,140,172
222,141,163
222,142,155
222,143,150
222,144,144
222,145,148
222,146,155
222,147,162
222,148,167
222,149,169
223,0,147
223,1,98
223,2,125
223,3,140
223,4,139
223,5,143
223,6,108
223,7,100
223,8,81
223,9,86
223,10,82
223,11,64
223,12,51
223,13,66
223,14,108
223,15,146
223,16,149
223,17,125
223,18,90
223,19,59
223,20,45
223,21,49
223,22,64
223,23,76
223,24,90
223,25,109
223,26,128
223,27,132
223,28,120
223,29,107
223,30,101
223,31,102
223,32,108
223,33,102
223,34,92
223,35,85
223,36,83
223,37,86
223,38,93
223,39,98
223,40,87
223,41,86
223,42,84
223,43,82
223,44,79
223,45,76
223,46,74
223,47,73
223,48,113
223,49,130
223,50,156
223,51,180
223,52,193
223,53,194
223,54,186
223,55,179
223,56,186
223,57,180
223,58,177
223,59,185
223,60,196
223,61,198
223,62,186
223,63,173
223,64,183
223,65,183
223,66,183
223,67,183
223,68,183
223,69,183
223,70,183
223,71,183
223,72,178
223,73,178
223,74,175
223,75,170
223,76,162
223,77,152
223,78,142
223,79,137
223,80,138
223,81,130
223,82,123
223,83,126
223,84,137
223,85,145
223,86,145
223,87,141
223,88,162
223,89,156
223,90,147
223,91,138
223,92,130
223,93,126
223,94,124
223,95,123
223,96,101
223,97,98
223,98,102
223,99,118
223,100,140
223,101,152
223,102,149
223,103,141
223,104,160
223,105,155
223,106,147
223,107,138
223,108,130
223,109,124
223,110,120
223,111,119
223,112,113
223,113,123
223,114,135
223,115,142
223,116,146
223,117,156
223,118,173
223,119,187
223,120,183
223,121,182
223,122,181
223,123,181
223,124,180
223,125,181
223,126,182
223,127,183
223,128,182
223,129,179
223,130,175
223,131,172
223,132,173
223,133,177
223,134,181
223,135,185
223,136,180
223,137,180
223,138,180
223,139,177
223,140,172
223,141,165
223,142,157
223,143,153
223,144,143
223,145,148
223,146,155
223,147,162
223,148,167
223,149,170
224,0,143
224,1,105
224,2,144
224,3,157
224,4,146
224,5,138
224,6,100
224,7,92
224,8,79
224,9,75
224,10,65
224,11,55
224,12,55
224,13,75
224,14,107
224,15,133
224,16,141
224,17,121
224,18,91
224,19,64
224,20,51
224,21,54
224,22,66
224,23,76
224,24,105
224,25,126
224,26,144
224,27,141
224,28,120
224,29,102
224,30,100
224,31,106
224,32,104
224,33,97
224,34,91
224,35,94
224,36,102
224,37,105
224,38,99
224,39,92
224,40,84
224,41,94
224,42,100
224,43,89
224,44,75
224,45,74
224,46,94
224,47,114
224,48,139
224,49,157
224,50,178
224,51,189
224,52,188
224,53,184
224,54,184
224,55,186
224,56,186
224,57,186
224,58,186
224,59,186
224,60,186
224,61,186
224,62,186
224,63,186
224,64,180
224,65,181
224,66,181
224,67,182
224,68,184
224,69,185
224,70,185
224,71,186
224,72,191
224,73,182
224,74,167
224,75,152
224,76,142
224,77,137
224,78,137
224,79,137
224,80,144
224,81,138
224,82,131
224,83,128
224,84,133
224,85,144
224,86,158
224,87,168
224,88,166
224,89,163
224,90,158
224,91,152
224,92,144
224,93,138
224,94,133
224,95,130
224,96,118
224,97,121
224,98,125
224,99,132
224,100,139
224,101,146
224,102,150
224,103,153
224,104,158
224,105,152
224,106,143
224,107,133
224,108,125
224,109,120
224,110,117
224,111,117
224,112,123
224,113,122
224,114,127
224,115,144
224,116,167
224,117,184
224,118,189
224,119,188
224,120,186
224,121,185
224,122,185
224,123,184
224,124,182
224,125,181
224,126,181
224,127,180
224,128,179
224,129,177
224,130,175
224,131,173
224,132,174
224,133,178
224,134,182
224,135,185
224,136,182
224,137,180
224,138,177
224,139,173
224,140,168
224,141,164
224,142,161
224,143,159
224,144,142
224,145,146
224,146,153
224,147,160
224,148,165
224,149,166
